[INFO] [1771003079.143929957] [icp_odometry]: Odometry: frame_id               = leo04/base_footprint
[INFO] [1771003079.148602278] [icp_odometry]: Odometry: odom_frame_id          = odom
[INFO] [1771003079.153162275] [icp_odometry]: Odometry: publish_tf             = true
[INFO] [1771003079.153979967] [icp_odometry]: Odometry: wait_for_transform     = 0.200000
[INFO] [1771003079.154035777] [icp_odometry]: Odometry: log_to_rosout_level    = 4
[INFO] [1771003079.154895806] [icp_odometry]: Odometry: initial_pose           = xyz=0.000000,0.000000,0.000000 rpy=0.000000,-0.000000,0.000000
[INFO] [1771003079.154954464] [icp_odometry]: Odometry: ground_truth_frame_id  = 
[INFO] [1771003079.154981089] [icp_odometry]: Odometry: ground_truth_base_frame_id = leo04/base_footprint
[INFO] [1771003079.155004514] [icp_odometry]: Odometry: config_path            = 
[INFO] [1771003079.155038659] [icp_odometry]: Odometry: publish_null_when_lost = true
[INFO] [1771003079.155119014] [icp_odometry]: Odometry: publish_compressed_sensor_data = false
[INFO] [1771003079.155141511] [icp_odometry]: Odometry: guess_frame_id         = 
[INFO] [1771003079.155158759] [icp_odometry]: Odometry: guess_min_translation  = 0.000000
[INFO] [1771003079.155178856] [icp_odometry]: Odometry: guess_min_rotation     = 0.000000
[INFO] [1771003079.155197641] [icp_odometry]: Odometry: guess_min_time         = 0.000000
[INFO] [1771003079.155217001] [icp_odometry]: Odometry: expected_update_rate   = 15.000000 Hz
[INFO] [1771003079.155239882] [icp_odometry]: Odometry: max_update_rate        = 0.000000 Hz
[INFO] [1771003079.155376271] [icp_odometry]: Odometry: min_update_rate        = 0.000000 Hz
[INFO] [1771003079.155407024] [icp_odometry]: Odometry: wait_imu_to_init       = false
[INFO] [1771003079.155430257] [icp_odometry]: Odometry: always_check_imu_tf    = true
[INFO] [1771003079.155451345] [icp_odometry]: Odometry: sensor_data_compression_format = .jpg
[INFO] [1771003079.155471922] [icp_odometry]: Odometry: sensor_data_parallel_compression = true
[INFO] [1771003079.155501427] [icp_odometry]: Odometry: stereoParams_=0 visParams_=0 icpParams_=1
[INFO] [1771003079.159035212] [icp_odometry]: Setting odometry parameter "Icp/CorrespondenceRatio"="0.01"
[INFO] [1771003079.159214355] [icp_odometry]: Setting odometry parameter "Icp/Epsilon"="0.001"
[INFO] [1771003079.159316374] [icp_odometry]: Setting odometry parameter "Icp/Iterations"="10"
[INFO] [1771003079.159363800] [icp_odometry]: Setting odometry parameter "Icp/MaxCorrespondenceDistance"="1"
[INFO] [1771003079.159443130] [icp_odometry]: Setting odometry parameter "Icp/MaxTranslation"="2"
[INFO] [1771003079.159510685] [icp_odometry]: Setting odometry parameter "Icp/OutlierRatio"="0.7"
[INFO] [1771003079.161480641] [icp_odometry]: Setting odometry parameter "Icp/PointToPlaneK"="20"
[INFO] [1771003079.161876174] [icp_odometry]: Setting odometry parameter "Icp/PointToPlaneRadius"="0"
[INFO] [1771003079.162237179] [icp_odometry]: Setting odometry parameter "Icp/RangeMin"="0.3"
[INFO] [1771003079.162639016] [icp_odometry]: Setting odometry parameter "Icp/VoxelSize"="0.1"
[INFO] [1771003079.163132313] [icp_odometry]: Setting odometry parameter "Odom/ScanKeyFrameThr"="0.4"
[INFO] [1771003079.164456199] [icp_odometry]: Setting odometry parameter "OdomF2M/BundleAdjustment"="false"
[INFO] [1771003079.165155263] [icp_odometry]: Setting odometry parameter "OdomF2M/ScanMaxSize"="15000"
[INFO] [1771003079.165256898] [icp_odometry]: Setting odometry parameter "OdomF2M/ScanSubtractRadius"="0.1"
[WARN] [1771003079.174065585] [icp_odometry]: IcpOdometry: Transferring value 0.3 of "Icp/RangeMin" to ros parameter "scan_range_min" for convenience. "Icp/RangeMin" is set to 0.
[WARN] [1771003079.174167573] [icp_odometry]: IcpOdometry: Transferring value 0.1 of "Icp/VoxelSize" to ros parameter "scan_voxel_size" for convenience. "Icp/VoxelSize" is set to 0.
[WARN] [1771003079.174213558] [icp_odometry]: IcpOdometry: Transferring value 20 of "Icp/PointToPlaneK" to ros parameter "scan_normal_k" for convenience.
[INFO] [1771003079.181598196] [icp_odometry]: IcpOdometry: qos                    = 0
[INFO] [1771003079.181771354] [icp_odometry]: IcpOdometry: scan_cloud_max_points  = 50000
[INFO] [1771003079.182126022] [icp_odometry]: IcpOdometry: scan_cloud_is_2d       = false
[INFO] [1771003079.182162056] [icp_odometry]: IcpOdometry: scan_downsampling_step = 1
[INFO] [1771003079.182186312] [icp_odometry]: IcpOdometry: scan_range_min         = 0.300000 m
[INFO] [1771003079.182219946] [icp_odometry]: IcpOdometry: scan_range_max         = 0.000000 m
[INFO] [1771003079.182237546] [icp_odometry]: IcpOdometry: scan_voxel_size        = 0.100000 m
[INFO] [1771003079.182254219] [icp_odometry]: IcpOdometry: scan_normal_k          = 20
[INFO] [1771003079.182320781] [icp_odometry]: IcpOdometry: scan_normal_radius     = 0.000000 m
[INFO] [1771003079.182404432] [icp_odometry]: IcpOdometry: scan_normal_ground_up  = 0.000000
[INFO] [1771003079.182442993] [icp_odometry]: IcpOdometry: deskewing              = false
[INFO] [1771003079.182512340] [icp_odometry]: IcpOdometry: deskewing_slerp        = false
[INFO] [1771003079.185741635] [icp_odometry]: 
icp_odometry subscribed to /scan and /leo04/livox/lidar (make sure only one of this topic is published, otherwise remap one to a dummy topic name).
[ERROR] [1771003079.258011671] [icp_odometry]: We didn't receive IMU newer than previous image (0.000000) and we just received a new image (1771003079.140367). The previous image is dropped!
[INFO] [1771003079.260291494] [icp_odometry]: Odom: ratio=0.000000, std dev=99.995000m|99.995000rad, update time=0.001967s delay=0.119668s
[INFO] [1771003079.422194372] [icp_odometry]: Odom: ratio=0.247709, std dev=0.018116m|0.005729rad, update time=0.060122s delay=0.181689s
[INFO] [1771003079.494774019] [icp_odometry]: Odom: ratio=0.314716, std dev=0.014958m|0.004730rad, update time=0.037891s delay=0.154325s
[INFO] [1771003079.596216419] [icp_odometry]: Odom: ratio=0.291119, std dev=0.017550m|0.005550rad, update time=0.040967s delay=0.155074s
[INFO] [1771003079.700757933] [icp_odometry]: Odom: ratio=0.309582, std dev=0.016590m|0.005246rad, update time=0.042868s delay=0.159748s
[INFO] [1771003079.806466463] [icp_odometry]: Odom: ratio=0.301242, std dev=0.017704m|0.005598rad, update time=0.045358s delay=0.165388s
[INFO] [1771003079.910452566] [icp_odometry]: Odom: ratio=0.308221, std dev=0.017245m|0.005453rad, update time=0.051483s delay=0.169948s
[INFO] [1771003080.004926566] [icp_odometry]: Odom: ratio=0.300692, std dev=0.017200m|0.005439rad, update time=0.047560s delay=0.164435s
[INFO] [1771003080.103544164] [icp_odometry]: Odom: ratio=0.305610, std dev=0.017622m|0.005573rad, update time=0.048757s delay=0.163094s
[INFO] [1771003080.208949836] [icp_odometry]: Odom: ratio=0.304673, std dev=0.017056m|0.005394rad, update time=0.051633s delay=0.168620s
[INFO] [1771003080.307111355] [icp_odometry]: Odom: ratio=0.303027, std dev=0.017724m|0.005605rad, update time=0.051863s delay=0.166581s
[INFO] [1771003080.397030414] [icp_odometry]: Odom: ratio=0.312230, std dev=0.015558m|0.004920rad, update time=0.043908s delay=0.156588s
[INFO] [1771003080.507972788] [icp_odometry]: Odom: ratio=0.298882, std dev=0.016448m|0.005201rad, update time=0.050873s delay=0.167521s
[INFO] [1771003080.599395195] [icp_odometry]: Odom: ratio=0.311722, std dev=0.017717m|0.005603rad, update time=0.046613s delay=0.158917s
[INFO] [1771003080.711365221] [icp_odometry]: Odom: ratio=0.304994, std dev=0.018073m|0.005715rad, update time=0.052699s delay=0.170329s
[INFO] [1771003080.805828564] [icp_odometry]: Odom: ratio=0.311131, std dev=0.017650m|0.005581rad, update time=0.048132s delay=0.165315s
[INFO] [1771003080.910055476] [icp_odometry]: Odom: ratio=0.314489, std dev=0.018032m|0.005702rad, update time=0.050017s delay=0.169546s
[INFO] [1771003081.002992079] [icp_odometry]: Odom: ratio=0.317654, std dev=0.015773m|0.004988rad, update time=0.044958s delay=0.162472s
[INFO] [1771003081.105769084] [icp_odometry]: Odom: ratio=0.317316, std dev=0.015782m|0.004991rad, update time=0.048957s delay=0.165296s
[INFO] [1771003081.203152784] [icp_odometry]: Odom: ratio=0.314697, std dev=0.017516m|0.005539rad, update time=0.048187s delay=0.162726s
[INFO] [1771003081.309711040] [icp_odometry]: Odom: ratio=0.309061, std dev=0.017719m|0.005603rad, update time=0.050733s delay=0.169335s
[INFO] [1771003081.402819297] [icp_odometry]: Odom: ratio=0.311779, std dev=0.017016m|0.005381rad, update time=0.049229s delay=0.162446s
[INFO] [1771003081.515146838] [icp_odometry]: Odom: ratio=0.303959, std dev=0.016839m|0.005325rad, update time=0.055716s delay=0.174721s
[INFO] [1771003081.610138328] [icp_odometry]: Odom: ratio=0.312392, std dev=0.016939m|0.005357rad, update time=0.051027s delay=0.169702s
[INFO] [1771003081.702840171] [icp_odometry]: Odom: ratio=0.313876, std dev=0.016771m|0.005304rad, update time=0.050634s delay=0.162394s
[INFO] [1771003081.811183448] [icp_odometry]: Odom: ratio=0.308723, std dev=0.017311m|0.005474rad, update time=0.055047s delay=0.170758s
[INFO] [1771003081.908073499] [icp_odometry]: Odom: ratio=0.315328, std dev=0.016960m|0.005363rad, update time=0.053993s delay=0.167585s
[INFO] [1771003082.006100677] [icp_odometry]: Odom: ratio=0.313352, std dev=0.017432m|0.005513rad, update time=0.050064s delay=0.165632s
[INFO] [1771003082.109852948] [icp_odometry]: Odom: ratio=0.311000, std dev=0.016919m|0.005350rad, update time=0.053895s delay=0.169344s
[INFO] [1771003082.205376360] [icp_odometry]: Odom: ratio=0.315223, std dev=0.016617m|0.005255rad, update time=0.051138s delay=0.164287s
[INFO] [1771003082.315756027] [icp_odometry]: Odom: ratio=0.313609, std dev=0.016656m|0.005267rad, update time=0.055231s delay=0.175384s
[INFO] [1771003082.408186533] [icp_odometry]: Odom: ratio=0.314647, std dev=0.017945m|0.005675rad, update time=0.054706s delay=0.167754s
[INFO] [1771003082.505258286] [icp_odometry]: Odom: ratio=0.319919, std dev=0.016889m|0.005341rad, update time=0.051162s delay=0.164863s
[INFO] [1771003082.613081385] [icp_odometry]: Odom: ratio=0.340356, std dev=0.013707m|0.004334rad, update time=0.053969s delay=0.172707s
[INFO] [1771003082.703286822] [icp_odometry]: Odom: ratio=0.318545, std dev=0.016881m|0.005338rad, update time=0.048751s delay=0.162872s
[INFO] [1771003082.802164877] [icp_odometry]: Odom: ratio=0.333293, std dev=0.013822m|0.004371rad, update time=0.048117s delay=0.161799s
[INFO] [1771003082.915784495] [icp_odometry]: Odom: ratio=0.312392, std dev=0.015930m|0.005037rad, update time=0.058865s delay=0.175322s
[INFO] [1771003083.011820277] [icp_odometry]: Odom: ratio=0.325043, std dev=0.015621m|0.004940rad, update time=0.053710s delay=0.171473s
[INFO] [1771003083.105249217] [icp_odometry]: Odom: ratio=0.315836, std dev=0.017008m|0.005379rad, update time=0.050209s delay=0.164781s
[INFO] [1771003083.206333332] [icp_odometry]: Odom: ratio=0.323439, std dev=0.015943m|0.005041rad, update time=0.053826s delay=0.165993s
[INFO] [1771003083.323137764] [icp_odometry]: Odom: ratio=0.315632, std dev=0.016762m|0.005301rad, update time=0.060081s delay=0.182611s
[INFO] [1771003083.414639310] [icp_odometry]: Odom: ratio=0.320956, std dev=0.016819m|0.005319rad, update time=0.056112s delay=0.174227s
[INFO] [1771003083.501517145] [icp_odometry]: Odom: ratio=0.315256, std dev=0.017450m|0.005518rad, update time=0.047990s delay=0.161167s
[INFO] [1771003083.615721231] [icp_odometry]: Odom: ratio=0.310786, std dev=0.016551m|0.005234rad, update time=0.056836s delay=0.175283s
[INFO] [1771003083.715970981] [icp_odometry]: Odom: ratio=0.316241, std dev=0.015507m|0.004904rad, update time=0.054439s delay=0.175526s
[INFO] [1771003083.811794116] [icp_odometry]: Odom: ratio=0.310078, std dev=0.016801m|0.005313rad, update time=0.057680s delay=0.171413s
[INFO] [1771003083.911772497] [icp_odometry]: Odom: ratio=0.318097, std dev=0.016070m|0.005082rad, update time=0.052690s delay=0.171475s
[INFO] [1771003084.008003165] [icp_odometry]: Odom: ratio=0.312857, std dev=0.016702m|0.005282rad, update time=0.052681s delay=0.167480s
[INFO] [1771003084.108150256] [icp_odometry]: Odom: ratio=0.319330, std dev=0.016672m|0.005272rad, update time=0.052759s delay=0.167038s
[INFO] [1771003084.219982005] [icp_odometry]: Odom: ratio=0.316723, std dev=0.017815m|0.005634rad, update time=0.058426s delay=0.179504s
[INFO] [1771003084.313253436] [icp_odometry]: Odom: ratio=0.326402, std dev=0.015111m|0.004779rad, update time=0.054222s delay=0.172715s
[INFO] [1771003084.413456497] [icp_odometry]: Odom: ratio=0.318657, std dev=0.017065m|0.005396rad, update time=0.054378s delay=0.173114s
[INFO] [1771003084.511662977] [icp_odometry]: Odom: ratio=0.323123, std dev=0.017370m|0.005493rad, update time=0.055777s delay=0.171127s
[INFO] [1771003084.619500060] [icp_odometry]: Odom: ratio=0.307919, std dev=0.016419m|0.005192rad, update time=0.056368s delay=0.179101s
[INFO] [1771003084.716244794] [icp_odometry]: Odom: ratio=0.317804, std dev=0.017241m|0.005452rad, update time=0.059709s delay=0.175879s
[INFO] [1771003084.810046835] [icp_odometry]: Odom: ratio=0.310078, std dev=0.016486m|0.005213rad, update time=0.055935s delay=0.168667s
[INFO] [1771003084.919090808] [icp_odometry]: Odom: ratio=0.313012, std dev=0.016235m|0.005134rad, update time=0.062161s delay=0.178729s
[INFO] [1771003085.011845965] [icp_odometry]: Odom: ratio=0.313352, std dev=0.017091m|0.005405rad, update time=0.055394s delay=0.171492s
[INFO] [1771003085.108581579] [icp_odometry]: Odom: ratio=0.309975, std dev=0.016263m|0.005143rad, update time=0.054955s delay=0.168072s
[INFO] [1771003085.210367766] [icp_odometry]: Odom: ratio=0.309854, std dev=0.017562m|0.005553rad, update time=0.055366s delay=0.169908s
[INFO] [1771003085.313438285] [icp_odometry]: Odom: ratio=0.310999, std dev=0.017246m|0.005454rad, update time=0.059097s delay=0.172995s
[INFO] [1771003085.411162765] [icp_odometry]: Odom: ratio=0.309273, std dev=0.016364m|0.005175rad, update time=0.054781s delay=0.170828s
[INFO] [1771003085.519374197] [icp_odometry]: Odom: ratio=0.310934, std dev=0.016373m|0.005178rad, update time=0.061267s delay=0.178899s
[INFO] [1771003085.617740779] [icp_odometry]: Odom: ratio=0.317325, std dev=0.017460m|0.005521rad, update time=0.058463s delay=0.177195s
[INFO] [1771003085.719434483] [icp_odometry]: Odom: ratio=0.317262, std dev=0.016685m|0.005276rad, update time=0.059316s delay=0.179089s
[INFO] [1771003085.812631607] [icp_odometry]: Odom: ratio=0.321144, std dev=0.016843m|0.005326rad, update time=0.056454s delay=0.172295s
[INFO] [1771003085.911031374] [icp_odometry]: Odom: ratio=0.319659, std dev=0.017120m|0.005414rad, update time=0.051266s delay=0.170657s
[INFO] [1771003086.009544809] [icp_odometry]: Odom: ratio=0.332280, std dev=0.013706m|0.004334rad, update time=0.055977s delay=0.169137s
[INFO] [1771003086.111816581] [icp_odometry]: Odom: ratio=0.325096, std dev=0.013883m|0.004390rad, update time=0.053157s delay=0.171451s
[INFO] [1771003086.213071806] [icp_odometry]: Odom: ratio=0.320700, std dev=0.015866m|0.005017rad, update time=0.055129s delay=0.172651s
[INFO] [1771003086.320238659] [icp_odometry]: Odom: ratio=0.311291, std dev=0.017219m|0.005445rad, update time=0.060384s delay=0.179769s
[INFO] [1771003086.407991404] [icp_odometry]: Odom: ratio=0.325137, std dev=0.016777m|0.005305rad, update time=0.054207s delay=0.167531s
[INFO] [1771003086.515706019] [icp_odometry]: Odom: ratio=0.313773, std dev=0.015808m|0.004999rad, update time=0.056405s delay=0.175201s
[INFO] [1771003086.614203005] [icp_odometry]: Odom: ratio=0.319228, std dev=0.016158m|0.005110rad, update time=0.060455s delay=0.173640s
[INFO] [1771003086.711424971] [icp_odometry]: Odom: ratio=0.317994, std dev=0.016138m|0.005103rad, update time=0.056574s delay=0.170921s
[INFO] [1771003086.813850605] [icp_odometry]: Odom: ratio=0.317030, std dev=0.016270m|0.005145rad, update time=0.056171s delay=0.173453s
[INFO] [1771003086.923027286] [icp_odometry]: Odom: ratio=0.316991, std dev=0.016453m|0.005203rad, update time=0.062105s delay=0.182492s
[INFO] [1771003087.013164465] [icp_odometry]: Odom: ratio=0.317508, std dev=0.016673m|0.005272rad, update time=0.057283s delay=0.172708s
[INFO] [1771003087.114072382] [icp_odometry]: Odom: ratio=0.320160, std dev=0.016564m|0.005238rad, update time=0.056998s delay=0.173633s
[INFO] [1771003087.212614426] [icp_odometry]: Odom: ratio=0.316804, std dev=0.015243m|0.004820rad, update time=0.052849s delay=0.171363s
[INFO] [1771003087.307320530] [icp_odometry]: Odom: ratio=0.311255, std dev=0.016324m|0.005162rad, update time=0.053023s delay=0.166740s
[INFO] [1771003087.424062336] [icp_odometry]: Odom: ratio=0.323125, std dev=0.016184m|0.005118rad, update time=0.060949s delay=0.183546s
[INFO] [1771003087.515971991] [icp_odometry]: Odom: ratio=0.320258, std dev=0.017517m|0.005539rad, update time=0.056400s delay=0.175570s
[INFO] [1771003087.611022939] [icp_odometry]: Odom: ratio=0.325817, std dev=0.015805m|0.004998rad, update time=0.054552s delay=0.170526s
[INFO] [1771003087.711246321] [icp_odometry]: Odom: ratio=0.316432, std dev=0.016788m|0.005309rad, update time=0.055235s delay=0.170640s
[INFO] [1771003087.809959890] [icp_odometry]: Odom: ratio=0.333863, std dev=0.013033m|0.004121rad, update time=0.055217s delay=0.169496s
[INFO] [1771003087.913733442] [icp_odometry]: Odom: ratio=0.317184, std dev=0.016568m|0.005239rad, update time=0.057114s delay=0.173389s
[INFO] [1771003088.020143756] [icp_odometry]: Odom: ratio=0.314708, std dev=0.017162m|0.005427rad, update time=0.060544s delay=0.179646s
[INFO] [1771003088.112084197] [icp_odometry]: Odom: ratio=0.312564, std dev=0.016259m|0.005142rad, update time=0.058389s delay=0.171704s
[INFO] [1771003088.216067036] [icp_odometry]: Odom: ratio=0.316259, std dev=0.016708m|0.005283rad, update time=0.060355s delay=0.175625s
[INFO] [1771003088.317395032] [icp_odometry]: Odom: ratio=0.310220, std dev=0.015885m|0.005023rad, update time=0.062661s delay=0.177000s
[INFO] [1771003088.424746531] [icp_odometry]: Odom: ratio=0.314865, std dev=0.015957m|0.005046rad, update time=0.067292s delay=0.183669s
[INFO] [1771003088.513743990] [icp_odometry]: Odom: ratio=0.311792, std dev=0.016656m|0.005267rad, update time=0.058779s delay=0.173291s
[INFO] [1771003088.616271323] [icp_odometry]: Odom: ratio=0.312201, std dev=0.016784m|0.005308rad, update time=0.058476s delay=0.175825s
[INFO] [1771003088.713616046] [icp_odometry]: Odom: ratio=0.315381, std dev=0.016768m|0.005302rad, update time=0.052800s delay=0.173229s
[INFO] [1771003088.816697894] [icp_odometry]: Odom: ratio=0.310764, std dev=0.017413m|0.005507rad, update time=0.057506s delay=0.176167s
[INFO] [1771003088.918780091] [icp_odometry]: Odom: ratio=0.313997, std dev=0.016469m|0.005208rad, update time=0.058158s delay=0.178305s
[INFO] [1771003089.025492624] [icp_odometry]: Odom: ratio=0.316041, std dev=0.015811m|0.005000rad, update time=0.065029s delay=0.185064s
[INFO] [1771003089.118214340] [icp_odometry]: Odom: ratio=0.320790, std dev=0.017050m|0.005392rad, update time=0.063260s delay=0.177721s
[INFO] [1771003089.206474462] [icp_odometry]: Odom: ratio=0.302799, std dev=0.017664m|0.005586rad, update time=0.053691s delay=0.166094s
[INFO] [1771003089.320614098] [icp_odometry]: Odom: ratio=0.316622, std dev=0.015903m|0.005029rad, update time=0.062637s delay=0.180176s
[INFO] [1771003089.414362825] [icp_odometry]: Odom: ratio=0.297016, std dev=0.018862m|0.005965rad, update time=0.057284s delay=0.173794s
[INFO] [1771003089.518421378] [icp_odometry]: Odom: ratio=0.311182, std dev=0.017268m|0.005461rad, update time=0.058731s delay=0.177984s
[INFO] [1771003089.606897380] [icp_odometry]: Odom: ratio=0.289731, std dev=0.019127m|0.006049rad, update time=0.052262s delay=0.166345s
[INFO] [1771003089.712696858] [icp_odometry]: Odom: ratio=0.306627, std dev=0.018544m|0.005864rad, update time=0.056992s delay=0.172273s
[INFO] [1771003089.816342149] [icp_odometry]: Odom: ratio=0.304025, std dev=0.017864m|0.005649rad, update time=0.056250s delay=0.175977s
[INFO] [1771003089.910876503] [icp_odometry]: Odom: ratio=0.308587, std dev=0.017313m|0.005475rad, update time=0.055079s delay=0.170479s
[INFO] [1771003090.016841394] [icp_odometry]: Odom: ratio=0.305955, std dev=0.017943m|0.005674rad, update time=0.058444s delay=0.176443s
[INFO] [1771003090.112649584] [icp_odometry]: Odom: ratio=0.301087, std dev=0.018365m|0.005808rad, update time=0.055326s delay=0.172268s
[INFO] [1771003090.210641337] [icp_odometry]: Odom: ratio=0.292067, std dev=0.019268m|0.006093rad, update time=0.052120s delay=0.170101s
[INFO] [1771003090.313081850] [icp_odometry]: Odom: ratio=0.292773, std dev=0.019008m|0.006011rad, update time=0.059557s delay=0.172639s
[INFO] [1771003090.421990427] [icp_odometry]: Odom: ratio=0.291340, std dev=0.017861m|0.005648rad, update time=0.063397s delay=0.181542s
[INFO] [1771003090.522942089] [icp_odometry]: Odom: ratio=0.297220, std dev=0.018261m|0.005775rad, update time=0.067090s delay=0.182369s
[INFO] [1771003090.617256980] [icp_odometry]: Odom: ratio=0.293080, std dev=0.018174m|0.005747rad, update time=0.058602s delay=0.176801s
[INFO] [1771003090.722936581] [icp_odometry]: Odom: ratio=0.292032, std dev=0.019023m|0.006016rad, update time=0.066068s delay=0.182499s
[INFO] [1771003090.816563768] [icp_odometry]: Odom: ratio=0.283877, std dev=0.018420m|0.005825rad, update time=0.061359s delay=0.176171s
[INFO] [1771003090.917847026] [icp_odometry]: Odom: ratio=0.295339, std dev=0.018780m|0.005939rad, update time=0.059594s delay=0.177415s
[INFO] [1771003091.019682111] [icp_odometry]: Odom: ratio=0.296319, std dev=0.017744m|0.005611rad, update time=0.059576s delay=0.179161s
[INFO] [1771003091.121353030] [icp_odometry]: Odom: ratio=0.297613, std dev=0.017882m|0.005655rad, update time=0.060370s delay=0.180905s
[INFO] [1771003091.224101203] [icp_odometry]: Odom: ratio=0.287310, std dev=0.019413m|0.006139rad, update time=0.066565s delay=0.183515s
[INFO] [1771003091.315621245] [icp_odometry]: Odom: ratio=0.273950, std dev=0.019941m|0.006306rad, update time=0.061352s delay=0.175090s
[INFO] [1771003091.421414770] [icp_odometry]: Odom: ratio=0.278951, std dev=0.020254m|0.006405rad, update time=0.064244s delay=0.180259s
[INFO] [1771003091.518810535] [icp_odometry]: Odom: ratio=0.278299, std dev=0.019660m|0.006217rad, update time=0.062364s delay=0.178138s
[INFO] [1771003091.629632841] [icp_odometry]: Odom: ratio=0.283222, std dev=0.020076m|0.006349rad, update time=0.073045s delay=0.189202s
[INFO] [1771003091.719320340] [icp_odometry]: Odom: ratio=0.280041, std dev=0.020010m|0.006328rad, update time=0.063897s delay=0.178769s
[INFO] [1771003091.822914590] [icp_odometry]: Odom: ratio=0.280167, std dev=0.021912m|0.006929rad, update time=0.067768s delay=0.182472s
[INFO] [1771003091.931574645] [icp_odometry]: Odom: ratio=0.259185, std dev=0.020714m|0.006550rad, update time=0.068925s delay=0.191061s
[INFO] [1771003092.026167081] [icp_odometry]: Odom: ratio=0.280233, std dev=0.021558m|0.006817rad, update time=0.067928s delay=0.185727s
[INFO] [1771003092.121088297] [icp_odometry]: Odom: ratio=0.286609, std dev=0.020646m|0.006529rad, update time=0.066430s delay=0.180535s
[INFO] [1771003092.225624819] [icp_odometry]: Odom: ratio=0.273155, std dev=0.020466m|0.006472rad, update time=0.068254s delay=0.185109s
[INFO] [1771003092.329197211] [icp_odometry]: Odom: ratio=0.270441, std dev=0.020114m|0.006361rad, update time=0.072218s delay=0.188787s
[INFO] [1771003092.426909435] [icp_odometry]: Odom: ratio=0.276946, std dev=0.019673m|0.006221rad, update time=0.072276s delay=0.186417s
[INFO] [1771003092.528652901] [icp_odometry]: Odom: ratio=0.278351, std dev=0.020660m|0.006533rad, update time=0.072995s delay=0.188143s
[INFO] [1771003092.627076412] [icp_odometry]: Odom: ratio=0.279435, std dev=0.020053m|0.006341rad, update time=0.072276s delay=0.186550s
[INFO] [1771003092.735795766] [icp_odometry]: Odom: ratio=0.280154, std dev=0.020090m|0.006353rad, update time=0.075580s delay=0.195205s
[INFO] [1771003092.835830629] [icp_odometry]: Odom: ratio=0.277535, std dev=0.020239m|0.006400rad, update time=0.077039s delay=0.195393s
[INFO] [1771003092.930471931] [icp_odometry]: Odom: ratio=0.286501, std dev=0.019351m|0.006119rad, update time=0.074822s delay=0.190033s
[INFO] [1771003093.037141454] [icp_odometry]: Odom: ratio=0.281686, std dev=0.019147m|0.006055rad, update time=0.078536s delay=0.195937s
[INFO] [1771003093.136876371] [icp_odometry]: Odom: ratio=0.276564, std dev=0.018812m|0.005949rad, update time=0.076665s delay=0.196298s
[INFO] [1771003093.237332785] [icp_odometry]: Odom: ratio=0.285624, std dev=0.019401m|0.006135rad, update time=0.076300s delay=0.196764s
[INFO] [1771003093.332829796] [icp_odometry]: Odom: ratio=0.284504, std dev=0.019065m|0.006029rad, update time=0.075601s delay=0.192297s
[INFO] [1771003093.447793908] [icp_odometry]: Odom: ratio=0.278055, std dev=0.019974m|0.006316rad, update time=0.089067s delay=0.206578s
[INFO] [1771003093.535784549] [icp_odometry]: Odom: ratio=0.285822, std dev=0.019780m|0.006255rad, update time=0.077785s delay=0.195310s
[INFO] [1771003093.642039498] [icp_odometry]: Odom: ratio=0.281952, std dev=0.019620m|0.006204rad, update time=0.082297s delay=0.201489s
[INFO] [1771003093.731824377] [icp_odometry]: Odom: ratio=0.281107, std dev=0.019118m|0.006046rad, update time=0.076863s delay=0.191375s
[INFO] [1771003093.836394148] [icp_odometry]: Odom: ratio=0.281056, std dev=0.019799m|0.006261rad, update time=0.081736s delay=0.195855s
[INFO] [1771003093.950644732] [icp_odometry]: Odom: ratio=0.275965, std dev=0.019567m|0.006187rad, update time=0.088707s delay=0.210100s
[INFO] [1771003094.038146076] [icp_odometry]: Odom: ratio=0.284087, std dev=0.019808m|0.006264rad, update time=0.078999s delay=0.197650s
[INFO] [1771003094.136255881] [icp_odometry]: Odom: ratio=0.279650, std dev=0.019368m|0.006125rad, update time=0.078827s delay=0.195664s
[INFO] [1771003094.238923795] [icp_odometry]: Odom: ratio=0.281606, std dev=0.019432m|0.006145rad, update time=0.082235s delay=0.198418s
[INFO] [1771003094.340870180] [icp_odometry]: Odom: ratio=0.278606, std dev=0.018851m|0.005961rad, update time=0.083104s delay=0.200326s
[INFO] [1771003094.451578594] [icp_odometry]: Odom: ratio=0.284321, std dev=0.019535m|0.006178rad, update time=0.090072s delay=0.210971s
[INFO] [1771003094.542681022] [icp_odometry]: Odom: ratio=0.276865, std dev=0.019109m|0.006043rad, update time=0.079174s delay=0.202052s
[INFO] [1771003094.640218071] [icp_odometry]: Odom: ratio=0.281701, std dev=0.019449m|0.006150rad, update time=0.083613s delay=0.199746s
[INFO] [1771003094.742534357] [icp_odometry]: Odom: ratio=0.280922, std dev=0.019350m|0.006119rad, update time=0.082802s delay=0.201318s
[INFO] [1771003094.844466533] [icp_odometry]: Odom: ratio=0.276598, std dev=0.019235m|0.006083rad, update time=0.084791s delay=0.203985s
[INFO] [1771003094.949394396] [icp_odometry]: Odom: ratio=0.282397, std dev=0.019396m|0.006134rad, update time=0.089471s delay=0.208118s
[INFO] [1771003095.044846158] [icp_odometry]: Odom: ratio=0.276528, std dev=0.019740m|0.006242rad, update time=0.085912s delay=0.203581s
[INFO] [1771003095.145896256] [icp_odometry]: Odom: ratio=0.284258, std dev=0.019403m|0.006136rad, update time=0.084665s delay=0.205487s
[INFO] [1771003095.246405375] [icp_odometry]: Odom: ratio=0.280586, std dev=0.019447m|0.006150rad, update time=0.085187s delay=0.205731s
[INFO] [1771003095.354096278] [icp_odometry]: Odom: ratio=0.280791, std dev=0.019515m|0.006171rad, update time=0.090619s delay=0.213488s
[INFO] [1771003095.450404037] [icp_odometry]: Odom: ratio=0.284475, std dev=0.018873m|0.005968rad, update time=0.092825s delay=0.209943s
[INFO] [1771003095.538975018] [icp_odometry]: Odom: ratio=0.282205, std dev=0.019309m|0.006106rad, update time=0.081751s delay=0.197790s
[INFO] [1771003095.642087779] [icp_odometry]: Odom: ratio=0.282030, std dev=0.019232m|0.006082rad, update time=0.083323s delay=0.201593s
[INFO] [1771003095.744274524] [icp_odometry]: Odom: ratio=0.284111, std dev=0.019555m|0.006184rad, update time=0.084862s delay=0.203652s
[INFO] [1771003095.845838432] [icp_odometry]: Odom: ratio=0.281601, std dev=0.019190m|0.006068rad, update time=0.086604s delay=0.205336s
[INFO] [1771003095.948092379] [icp_odometry]: Odom: ratio=0.281864, std dev=0.019297m|0.006102rad, update time=0.092475s delay=0.207546s
[INFO] [1771003096.048264335] [icp_odometry]: Odom: ratio=0.280633, std dev=0.019017m|0.006014rad, update time=0.089066s delay=0.207846s
[INFO] [1771003096.144531228] [icp_odometry]: Odom: ratio=0.275510, std dev=0.019283m|0.006098rad, update time=0.085669s delay=0.203905s
[INFO] [1771003096.240463935] [icp_odometry]: Odom: ratio=0.276474, std dev=0.018973m|0.006000rad, update time=0.076707s delay=0.199844s
[INFO] [1771003096.353131776] [icp_odometry]: Odom: ratio=0.276262, std dev=0.019237m|0.006083rad, update time=0.094463s delay=0.212644s
[INFO] [1771003096.443147479] [icp_odometry]: Odom: ratio=0.280970, std dev=0.019185m|0.006067rad, update time=0.085736s delay=0.202691s
[INFO] [1771003096.556893693] [icp_odometry]: Odom: ratio=0.276471, std dev=0.019056m|0.006026rad, update time=0.089877s delay=0.216323s
[INFO] [1771003096.647539562] [icp_odometry]: Odom: ratio=0.271759, std dev=0.019145m|0.006054rad, update time=0.086554s delay=0.206979s
[INFO] [1771003096.750531230] [icp_odometry]: Odom: ratio=0.274053, std dev=0.019341m|0.006116rad, update time=0.091262s delay=0.209285s
[INFO] [1771003096.859205431] [icp_odometry]: Odom: ratio=0.276143, std dev=0.018899m|0.005976rad, update time=0.096229s delay=0.218733s
[INFO] [1771003097.051590349] [icp_odometry]: Odom: ratio=0.276505, std dev=0.019189m|0.006068rad, update time=0.091201s delay=0.211022s
[INFO] [1771003097.144872308] [icp_odometry]: Odom: ratio=0.278263, std dev=0.018896m|0.005975rad, update time=0.087654s delay=0.204395s
[INFO] [1771003097.246602781] [icp_odometry]: Odom: ratio=0.276040, std dev=0.019268m|0.006093rad, update time=0.086861s delay=0.206204s
[INFO] [1771003097.352785632] [icp_odometry]: Odom: ratio=0.277009, std dev=0.019154m|0.006057rad, update time=0.086517s delay=0.212279s
[INFO] [1771003097.450846123] [icp_odometry]: Odom: ratio=0.275075, std dev=0.019608m|0.006201rad, update time=0.087231s delay=0.210242s
[INFO] [1771003097.559364606] [icp_odometry]: Odom: ratio=0.275554, std dev=0.019149m|0.006056rad, update time=0.098930s delay=0.218742s
[INFO] [1771003097.759239189] [icp_odometry]: Odom: ratio=0.278201, std dev=0.019559m|0.006185rad, update time=0.097264s delay=0.218690s
[INFO] [1771003097.855503619] [icp_odometry]: Odom: ratio=0.275186, std dev=0.019267m|0.006093rad, update time=0.093389s delay=0.214875s
[INFO] [1771003097.958588699] [icp_odometry]: Odom: ratio=0.279643, std dev=0.019443m|0.006148rad, update time=0.092920s delay=0.218103s
[INFO] [1771003098.058812080] [icp_odometry]: Odom: ratio=0.273185, std dev=0.019514m|0.006171rad, update time=0.094223s delay=0.218328s
[INFO] [1771003098.156040671] [icp_odometry]: Odom: ratio=0.276936, std dev=0.019144m|0.006054rad, update time=0.093569s delay=0.215517s
[INFO] [1771003098.254152204] [icp_odometry]: Odom: ratio=0.277584, std dev=0.019683m|0.006224rad, update time=0.090329s delay=0.213477s
[INFO] [1771003098.358489935] [icp_odometry]: Odom: ratio=0.277665, std dev=0.019063m|0.006028rad, update time=0.097714s delay=0.217891s
[INFO] [1771003098.453936353] [icp_odometry]: Odom: ratio=0.272048, std dev=0.018605m|0.005883rad, update time=0.094226s delay=0.213463s
[INFO] [1771003098.554869199] [icp_odometry]: Odom: ratio=0.276253, std dev=0.019210m|0.006075rad, update time=0.095460s delay=0.214265s
[INFO] [1771003098.662721866] [icp_odometry]: Odom: ratio=0.274182, std dev=0.019308m|0.006106rad, update time=0.102307s delay=0.222190s
[INFO] [1771003098.766116429] [icp_odometry]: Odom: ratio=0.270217, std dev=0.019233m|0.006082rad, update time=0.102203s delay=0.225491s
[INFO] [1771003098.971007729] [icp_odometry]: Odom: ratio=0.277380, std dev=0.019710m|0.006233rad, update time=0.106940s delay=0.230553s
[INFO] [1771003099.158521728] [icp_odometry]: Odom: ratio=0.273518, std dev=0.019135m|0.006051rad, update time=0.098675s delay=0.218027s
[INFO] [1771003099.263741473] [icp_odometry]: Odom: ratio=0.274329, std dev=0.018986m|0.006004rad, update time=0.103701s delay=0.223155s
[INFO] [1771003099.368349294] [icp_odometry]: Odom: ratio=0.273021, std dev=0.019374m|0.006127rad, update time=0.101542s delay=0.227742s
[INFO] [1771003099.563216025] [icp_odometry]: Odom: ratio=0.274539, std dev=0.019488m|0.006163rad, update time=0.099662s delay=0.222739s
[INFO] [1771003099.761430039] [icp_odometry]: Odom: ratio=0.274123, std dev=0.019270m|0.006094rad, update time=0.099628s delay=0.221004s
[INFO] [1771003099.873367488] [icp_odometry]: Odom: ratio=0.272859, std dev=0.019678m|0.006223rad, update time=0.106944s delay=0.232110s
[INFO] [1771003100.056068457] [icp_odometry]: Odom: ratio=0.274789, std dev=0.019715m|0.006235rad, update time=0.095956s delay=0.215446s
[INFO] [1771003100.156341056] [icp_odometry]: Odom: ratio=0.272736, std dev=0.019270m|0.006094rad, update time=0.094520s delay=0.215929s
[INFO] [1771003100.258357236] [icp_odometry]: Odom: ratio=0.273873, std dev=0.019306m|0.006105rad, update time=0.099083s delay=0.217875s
[INFO] [1771003100.360680529] [icp_odometry]: Odom: ratio=0.272420, std dev=0.018960m|0.005996rad, update time=0.098607s delay=0.220100s
[INFO] [1771003100.564361644] [icp_odometry]: Odom: ratio=0.275350, std dev=0.019252m|0.006088rad, update time=0.098370s delay=0.223051s
[INFO] [1771003100.761898227] [icp_odometry]: Odom: ratio=0.273757, std dev=0.019537m|0.006178rad, update time=0.100664s delay=0.221259s
[INFO] [1771003100.956519926] [icp_odometry]: Odom: ratio=0.274472, std dev=0.018943m|0.005990rad, update time=0.096889s delay=0.215930s
[INFO] [1771003101.055583844] [icp_odometry]: Odom: ratio=0.273409, std dev=0.019101m|0.006040rad, update time=0.094514s delay=0.215095s
[INFO] [1771003101.167591470] [icp_odometry]: Odom: ratio=0.274423, std dev=0.018963m|0.005997rad, update time=0.100719s delay=0.227091s
[INFO] [1771003101.363018093] [icp_odometry]: Odom: ratio=0.279657, std dev=0.019561m|0.006186rad, update time=0.100144s delay=0.222527s
[INFO] [1771003101.583768594] [icp_odometry]: Odom: ratio=0.277410, std dev=0.019331m|0.006113rad, update time=0.117638s delay=0.243243s
[INFO] [1771003101.757519816] [icp_odometry]: Odom: ratio=0.269974, std dev=0.019151m|0.006056rad, update time=0.099572s delay=0.216858s
[INFO] [1771003101.868562289] [icp_odometry]: Odom: ratio=0.272505, std dev=0.018976m|0.006001rad, update time=0.104008s delay=0.228044s
[INFO] [1771003102.063258903] [icp_odometry]: Odom: ratio=0.277469, std dev=0.019068m|0.006030rad, update time=0.100357s delay=0.222696s
[INFO] [1771003102.265284185] [icp_odometry]: Odom: ratio=0.271326, std dev=0.018769m|0.005935rad, update time=0.100128s delay=0.224601s
[INFO] [1771003102.362767376] [icp_odometry]: Odom: ratio=0.273712, std dev=0.018984m|0.006003rad, update time=0.097171s delay=0.222178s
[INFO] [1771003102.464691392] [icp_odometry]: Odom: ratio=0.276694, std dev=0.019280m|0.006097rad, update time=0.100782s delay=0.224042s
[INFO] [1771003102.664068423] [icp_odometry]: Odom: ratio=0.273783, std dev=0.019351m|0.006119rad, update time=0.100397s delay=0.223385s
[INFO] [1771003102.869343416] [icp_odometry]: Odom: ratio=0.271049, std dev=0.019137m|0.006052rad, update time=0.104859s delay=0.228881s
[INFO] [1771003103.062778994] [icp_odometry]: Odom: ratio=0.274832, std dev=0.018929m|0.005986rad, update time=0.102177s delay=0.222181s
[INFO] [1771003103.268305356] [icp_odometry]: Odom: ratio=0.272954, std dev=0.019538m|0.006179rad, update time=0.102337s delay=0.227797s
[INFO] [1771003103.469263497] [icp_odometry]: Odom: ratio=0.271194, std dev=0.018897m|0.005976rad, update time=0.102925s delay=0.228620s
[INFO] [1771003103.664381245] [icp_odometry]: Odom: ratio=0.267360, std dev=0.019378m|0.006128rad, update time=0.101359s delay=0.223852s
[INFO] [1771003103.775474984] [icp_odometry]: Odom: ratio=0.269733, std dev=0.019363m|0.006123rad, update time=0.107431s delay=0.234903s
[INFO] [1771003103.968931107] [icp_odometry]: Odom: ratio=0.270712, std dev=0.019429m|0.006144rad, update time=0.102710s delay=0.228398s
[INFO] [1771003104.170478388] [icp_odometry]: Odom: ratio=0.269517, std dev=0.019378m|0.006128rad, update time=0.111327s delay=0.229875s
[INFO] [1771003104.374387606] [icp_odometry]: Odom: ratio=0.272254, std dev=0.019512m|0.006170rad, update time=0.111012s delay=0.233668s
[INFO] [1771003104.571594706] [icp_odometry]: Odom: ratio=0.268691, std dev=0.019185m|0.006067rad, update time=0.107921s delay=0.231050s
[INFO] [1771003104.772362441] [icp_odometry]: Odom: ratio=0.270735, std dev=0.019767m|0.006251rad, update time=0.105912s delay=0.231785s
[INFO] [1771003104.989083267] [icp_odometry]: Odom: ratio=0.272292, std dev=0.019269m|0.006093rad, update time=0.120549s delay=0.248618s
[INFO] [1771003105.164496594] [icp_odometry]: Odom: ratio=0.267770, std dev=0.019326m|0.006111rad, update time=0.106654s delay=0.223840s
[INFO] [1771003105.271528818] [icp_odometry]: Odom: ratio=0.272975, std dev=0.019760m|0.006249rad, update time=0.103707s delay=0.231011s
[INFO] [1771003105.472952222] [icp_odometry]: Odom: ratio=0.272007, std dev=0.019738m|0.006242rad, update time=0.112934s delay=0.232449s
[INFO] [1771003105.678272433] [icp_odometry]: Odom: ratio=0.265781, std dev=0.019649m|0.006214rad, update time=0.109006s delay=0.237710s
[INFO] [1771003105.873855317] [icp_odometry]: Odom: ratio=0.270848, std dev=0.019584m|0.006193rad, update time=0.115630s delay=0.232543s
[INFO] [1771003106.066955684] [icp_odometry]: Odom: ratio=0.270514, std dev=0.019419m|0.006141rad, update time=0.105182s delay=0.226330s
[INFO] [1771003106.269040135] [icp_odometry]: Odom: ratio=0.272221, std dev=0.019742m|0.006243rad, update time=0.105100s delay=0.228502s
[INFO] [1771003106.464302369] [icp_odometry]: Odom: ratio=0.270158, std dev=0.019437m|0.006147rad, update time=0.104954s delay=0.222933s
[INFO] [1771003106.672809601] [icp_odometry]: Odom: ratio=0.267878, std dev=0.019578m|0.006191rad, update time=0.105770s delay=0.231453s
[INFO] [1771003106.869366246] [icp_odometry]: Odom: ratio=0.268063, std dev=0.019401m|0.006135rad, update time=0.104746s delay=0.228778s
[INFO] [1771003107.076141867] [icp_odometry]: Odom: ratio=0.265129, std dev=0.019676m|0.006222rad, update time=0.109306s delay=0.235533s
[INFO] [1771003107.267797448] [icp_odometry]: Odom: ratio=0.266258, std dev=0.019524m|0.006174rad, update time=0.106343s delay=0.227217s
[INFO] [1771003107.463887198] [icp_odometry]: Odom: ratio=0.270239, std dev=0.019814m|0.006266rad, update time=0.106576s delay=0.223227s
[INFO] [1771003107.674820785] [icp_odometry]: Odom: ratio=0.269458, std dev=0.019536m|0.006178rad, update time=0.110280s delay=0.234179s
[INFO] [1771003107.877934584] [icp_odometry]: Odom: ratio=0.270922, std dev=0.019500m|0.006166rad, update time=0.115444s delay=0.237400s
[INFO] [1771003108.084159402] [icp_odometry]: Odom: ratio=0.264338, std dev=0.019765m|0.006250rad, update time=0.120337s delay=0.243515s
[INFO] [1771003108.264894960] [icp_odometry]: Odom: ratio=0.271271, std dev=0.019874m|0.006285rad, update time=0.106044s delay=0.224287s
[INFO] [1771003108.401774770] [icp_odometry]: Odom: ratio=0.269596, std dev=0.020005m|0.006326rad, update time=0.133705s delay=0.261076s
[INFO] [1771003108.568711325] [icp_odometry]: Odom: ratio=0.269181, std dev=0.019845m|0.006276rad, update time=0.111304s delay=0.228116s
[INFO] [1771003108.772424248] [icp_odometry]: Odom: ratio=0.270048, std dev=0.019646m|0.006213rad, update time=0.106526s delay=0.231792s
[INFO] [1771003108.985579289] [icp_odometry]: Odom: ratio=0.269401, std dev=0.019909m|0.006296rad, update time=0.118168s delay=0.244918s
[INFO] [1771003109.173331247] [icp_odometry]: Odom: ratio=0.266133, std dev=0.019576m|0.006190rad, update time=0.110079s delay=0.232750s
[INFO] [1771003109.374214858] [icp_odometry]: Odom: ratio=0.264164, std dev=0.019998m|0.006324rad, update time=0.110395s delay=0.233546s
[INFO] [1771003109.574169732] [icp_odometry]: Odom: ratio=0.265976, std dev=0.019560m|0.006186rad, update time=0.117166s delay=0.233517s
[INFO] [1771003109.773027449] [icp_odometry]: Odom: ratio=0.269688, std dev=0.019847m|0.006276rad, update time=0.111011s delay=0.232336s
[INFO] [1771003109.969774629] [icp_odometry]: Odom: ratio=0.265404, std dev=0.019795m|0.006260rad, update time=0.111059s delay=0.229143s
[INFO] [1771003110.173751177] [icp_odometry]: Odom: ratio=0.265184, std dev=0.019631m|0.006208rad, update time=0.108828s delay=0.233213s
[INFO] [1771003110.376724587] [icp_odometry]: Odom: ratio=0.266337, std dev=0.019647m|0.006213rad, update time=0.117230s delay=0.236100s
[INFO] [1771003110.569591026] [icp_odometry]: Odom: ratio=0.262907, std dev=0.019830m|0.006271rad, update time=0.109173s delay=0.228898s
[INFO] [1771003110.762667552] [icp_odometry]: Odom: ratio=0.266390, std dev=0.019709m|0.006233rad, update time=0.106386s delay=0.222051s
[INFO] [1771003110.985104511] [icp_odometry]: Odom: ratio=0.265122, std dev=0.019637m|0.006210rad, update time=0.118163s delay=0.244218s
[INFO] [1771003111.166526748] [icp_odometry]: Odom: ratio=0.263233, std dev=0.019795m|0.006260rad, update time=0.108965s delay=0.225824s
[INFO] [1771003111.371976244] [icp_odometry]: Odom: ratio=0.263527, std dev=0.019741m|0.006243rad, update time=0.109147s delay=0.231226s
[INFO] [1771003111.579324876] [icp_odometry]: Odom: ratio=0.262991, std dev=0.019716m|0.006235rad, update time=0.115269s delay=0.238683s
[INFO] [1771003111.773367963] [icp_odometry]: Odom: ratio=0.261871, std dev=0.019505m|0.006168rad, update time=0.111754s delay=0.232628s
[INFO] [1771003111.964350625] [icp_odometry]: Odom: ratio=0.265576, std dev=0.019591m|0.006195rad, update time=0.106750s delay=0.223797s
[INFO] [1771003112.166919285] [icp_odometry]: Odom: ratio=0.265177, std dev=0.019746m|0.006244rad, update time=0.109077s delay=0.226200s
[INFO] [1771003112.379574980] [icp_odometry]: Odom: ratio=0.261953, std dev=0.019442m|0.006148rad, update time=0.115037s delay=0.238807s
[INFO] [1771003112.574714521] [icp_odometry]: Odom: ratio=0.263088, std dev=0.019464m|0.006155rad, update time=0.109682s delay=0.234123s
[INFO] [1771003112.780451002] [icp_odometry]: Odom: ratio=0.264060, std dev=0.019682m|0.006224rad, update time=0.117284s delay=0.239681s
[INFO] [1771003112.970596259] [icp_odometry]: Odom: ratio=0.260839, std dev=0.019583m|0.006193rad, update time=0.114197s delay=0.230039s
[INFO] [1771003113.173564165] [icp_odometry]: Odom: ratio=0.270208, std dev=0.020141m|0.006369rad, update time=0.111179s delay=0.232980s
[INFO] [1771003113.374961585] [icp_odometry]: Odom: ratio=0.266272, std dev=0.019848m|0.006276rad, update time=0.109242s delay=0.234313s
[INFO] [1771003113.585543641] [icp_odometry]: Odom: ratio=0.266738, std dev=0.019697m|0.006229rad, update time=0.121360s delay=0.244905s
[INFO] [1771003113.780207485] [icp_odometry]: Odom: ratio=0.263857, std dev=0.019993m|0.006322rad, update time=0.118394s delay=0.239422s
[INFO] [1771003113.966729642] [icp_odometry]: Odom: ratio=0.263349, std dev=0.019408m|0.006137rad, update time=0.104678s delay=0.226033s
[INFO] [1771003114.172244227] [icp_odometry]: Odom: ratio=0.262224, std dev=0.019818m|0.006267rad, update time=0.108137s delay=0.231644s
[INFO] [1771003114.375159459] [icp_odometry]: Odom: ratio=0.260661, std dev=0.019510m|0.006170rad, update time=0.109205s delay=0.234434s
[INFO] [1771003114.580597402] [icp_odometry]: Odom: ratio=0.260842, std dev=0.019953m|0.006310rad, update time=0.113561s delay=0.239971s
[INFO] [1771003114.772954895] [icp_odometry]: Odom: ratio=0.259859, std dev=0.019718m|0.006236rad, update time=0.116820s delay=0.231495s
[INFO] [1771003114.975628967] [icp_odometry]: Odom: ratio=0.264928, std dev=0.020340m|0.006432rad, update time=0.114036s delay=0.234959s
[INFO] [1771003115.182420685] [icp_odometry]: Odom: ratio=0.264221, std dev=0.020237m|0.006399rad, update time=0.118160s delay=0.241772s
[INFO] [1771003115.364573795] [icp_odometry]: Odom: ratio=0.257318, std dev=0.020283m|0.006414rad, update time=0.106537s delay=0.223855s
[INFO] [1771003115.587096357] [icp_odometry]: Odom: ratio=0.262333, std dev=0.020519m|0.006489rad, update time=0.120422s delay=0.246491s
[INFO] [1771003115.777890117] [icp_odometry]: Odom: ratio=0.258675, std dev=0.020293m|0.006417rad, update time=0.114090s delay=0.237104s
[INFO] [1771003115.972030199] [icp_odometry]: Odom: ratio=0.259326, std dev=0.020213m|0.006392rad, update time=0.110740s delay=0.231355s
[INFO] [1771003116.179250091] [icp_odometry]: Odom: ratio=0.259731, std dev=0.020549m|0.006498rad, update time=0.113964s delay=0.238309s
[INFO] [1771003116.369500824] [icp_odometry]: Odom: ratio=0.260594, std dev=0.020851m|0.006594rad, update time=0.113404s delay=0.228766s
[INFO] [1771003116.584767937] [icp_odometry]: Odom: ratio=0.256295, std dev=0.020628m|0.006523rad, update time=0.117317s delay=0.244203s
[INFO] [1771003116.776104275] [icp_odometry]: Odom: ratio=0.256754, std dev=0.020373m|0.006442rad, update time=0.113537s delay=0.235377s
[INFO] [1771003116.979601223] [icp_odometry]: Odom: ratio=0.254988, std dev=0.020539m|0.006495rad, update time=0.115446s delay=0.238945s
[INFO] [1771003117.187495250] [icp_odometry]: Odom: ratio=0.259543, std dev=0.020964m|0.006630rad, update time=0.119663s delay=0.246845s
[INFO] [1771003117.379325493] [icp_odometry]: Odom: ratio=0.256636, std dev=0.020491m|0.006480rad, update time=0.115968s delay=0.238409s
[INFO] [1771003117.569840267] [icp_odometry]: Odom: ratio=0.262231, std dev=0.020383m|0.006446rad, update time=0.111579s delay=0.229119s
[INFO] [1771003117.785362876] [icp_odometry]: Odom: ratio=0.259530, std dev=0.020547m|0.006498rad, update time=0.120134s delay=0.244643s
[INFO] [1771003117.975884370] [icp_odometry]: Odom: ratio=0.259826, std dev=0.020158m|0.006375rad, update time=0.112521s delay=0.235190s
[INFO] [1771003118.179924665] [icp_odometry]: Odom: ratio=0.261728, std dev=0.020490m|0.006479rad, update time=0.116897s delay=0.239241s
[INFO] [1771003118.380387301] [icp_odometry]: Odom: ratio=0.263315, std dev=0.020608m|0.006517rad, update time=0.116791s delay=0.239594s
[INFO] [1771003118.575168813] [icp_odometry]: Odom: ratio=0.263482, std dev=0.020445m|0.006465rad, update time=0.115795s delay=0.234450s
[INFO] [1771003118.785553806] [icp_odometry]: Odom: ratio=0.263945, std dev=0.020681m|0.006540rad, update time=0.128936s delay=0.244879s
[INFO] [1771003118.971779377] [icp_odometry]: Odom: ratio=0.261810, std dev=0.020648m|0.006530rad, update time=0.108714s delay=0.231073s
[INFO] [1771003119.181937226] [icp_odometry]: Odom: ratio=0.265009, std dev=0.020649m|0.006530rad, update time=0.117261s delay=0.241180s
[INFO] [1771003119.376355878] [icp_odometry]: Odom: ratio=0.264761, std dev=0.020311m|0.006423rad, update time=0.113680s delay=0.235605s
[INFO] [1771003119.570699263] [icp_odometry]: Odom: ratio=0.266187, std dev=0.020386m|0.006447rad, update time=0.106846s delay=0.229918s
[INFO] [1771003119.773018859] [icp_odometry]: Odom: ratio=0.263826, std dev=0.020147m|0.006371rad, update time=0.113210s delay=0.232315s
[INFO] [1771003119.974097004] [icp_odometry]: Odom: ratio=0.263735, std dev=0.020520m|0.006489rad, update time=0.108631s delay=0.232689s
[INFO] [1771003120.171940222] [icp_odometry]: Odom: ratio=0.266903, std dev=0.020207m|0.006390rad, update time=0.113359s delay=0.231316s
[INFO] [1771003120.375420209] [icp_odometry]: Odom: ratio=0.267066, std dev=0.020460m|0.006470rad, update time=0.110536s delay=0.234773s
[INFO] [1771003120.565793666] [icp_odometry]: Odom: ratio=0.267257, std dev=0.020596m|0.006513rad, update time=0.105878s delay=0.225150s
[INFO] [1771003120.687258898] [icp_odometry]: Odom: ratio=0.262473, std dev=0.020896m|0.006608rad, update time=0.118034s delay=0.245830s
[INFO] [1771003120.871839932] [icp_odometry]: Odom: ratio=0.262713, std dev=0.020291m|0.006417rad, update time=0.114033s delay=0.231009s
[INFO] [1771003121.080174262] [icp_odometry]: Odom: ratio=0.259843, std dev=0.020787m|0.006573rad, update time=0.117733s delay=0.239286s
[INFO] [1771003121.272592653] [icp_odometry]: Odom: ratio=0.263805, std dev=0.020727m|0.006554rad, update time=0.110336s delay=0.231973s
[INFO] [1771003121.469390427] [icp_odometry]: Odom: ratio=0.262281, std dev=0.020515m|0.006487rad, update time=0.107782s delay=0.228675s
[INFO] [1771003121.693110983] [icp_odometry]: Odom: ratio=0.263076, std dev=0.020557m|0.006501rad, update time=0.129112s delay=0.251708s
[INFO] [1771003121.880799131] [icp_odometry]: Odom: ratio=0.259788, std dev=0.020214m|0.006392rad, update time=0.120632s delay=0.240041s
[INFO] [1771003122.071974056] [icp_odometry]: Odom: ratio=0.260532, std dev=0.020735m|0.006557rad, update time=0.112866s delay=0.231167s
[INFO] [1771003122.286645596] [icp_odometry]: Odom: ratio=0.255457, std dev=0.020501m|0.006483rad, update time=0.122154s delay=0.245933s
[INFO] [1771003122.477906859] [icp_odometry]: Odom: ratio=0.258459, std dev=0.020710m|0.006549rad, update time=0.116424s delay=0.237200s
[INFO] [1771003122.683819923] [icp_odometry]: Odom: ratio=0.259298, std dev=0.020419m|0.006457rad, update time=0.118051s delay=0.243053s
[INFO] [1771003122.885347491] [icp_odometry]: Odom: ratio=0.255836, std dev=0.020332m|0.006430rad, update time=0.120749s delay=0.244647s
[INFO] [1771003123.080137676] [icp_odometry]: Odom: ratio=0.253134, std dev=0.020493m|0.006480rad, update time=0.114774s delay=0.239281s
[INFO] [1771003123.284659043] [icp_odometry]: Odom: ratio=0.260325, std dev=0.020287m|0.006415rad, update time=0.120835s delay=0.243905s
[INFO] [1771003123.476231293] [icp_odometry]: Odom: ratio=0.257658, std dev=0.020332m|0.006430rad, update time=0.119178s delay=0.234824s
[INFO] [1771003123.675975024] [icp_odometry]: Odom: ratio=0.258358, std dev=0.020704m|0.006547rad, update time=0.113898s delay=0.235159s
[INFO] [1771003123.886267534] [icp_odometry]: Odom: ratio=0.255751, std dev=0.020364m|0.006440rad, update time=0.120650s delay=0.245479s
[INFO] [1771003124.079467712] [icp_odometry]: Odom: ratio=0.256607, std dev=0.020234m|0.006399rad, update time=0.121587s delay=0.238798s
[INFO] [1771003124.281898256] [icp_odometry]: Odom: ratio=0.253514, std dev=0.020328m|0.006428rad, update time=0.120063s delay=0.241053s
[INFO] [1771003124.476385006] [icp_odometry]: Odom: ratio=0.260620, std dev=0.020613m|0.006518rad, update time=0.119288s delay=0.235747s
[INFO] [1771003124.675769045] [icp_odometry]: Odom: ratio=0.257838, std dev=0.020205m|0.006389rad, update time=0.114972s delay=0.234972s
[INFO] [1771003124.882412213] [icp_odometry]: Odom: ratio=0.259958, std dev=0.020874m|0.006601rad, update time=0.120866s delay=0.241684s
[INFO] [1771003125.086075375] [icp_odometry]: Odom: ratio=0.252197, std dev=0.020234m|0.006399rad, update time=0.122991s delay=0.245410s
[INFO] [1771003125.289252088] [icp_odometry]: Odom: ratio=0.255017, std dev=0.020524m|0.006490rad, update time=0.123693s delay=0.247787s
[INFO] [1771003125.480562537] [icp_odometry]: Odom: ratio=0.258023, std dev=0.020655m|0.006532rad, update time=0.123782s delay=0.239700s
[INFO] [1771003125.679381468] [icp_odometry]: Odom: ratio=0.251408, std dev=0.019910m|0.006296rad, update time=0.115708s delay=0.238740s
[INFO] [1771003125.883553896] [icp_odometry]: Odom: ratio=0.256597, std dev=0.020360m|0.006438rad, update time=0.123919s delay=0.242692s
[INFO] [1771003126.072713743] [icp_odometry]: Odom: ratio=0.255768, std dev=0.020092m|0.006354rad, update time=0.110692s delay=0.231821s
[INFO] [1771003126.292122854] [icp_odometry]: Odom: ratio=0.258481, std dev=0.020694m|0.006544rad, update time=0.127324s delay=0.251470s
[INFO] [1771003126.478615250] [icp_odometry]: Odom: ratio=0.259941, std dev=0.020230m|0.006397rad, update time=0.115602s delay=0.237818s
[INFO] [1771003126.684945671] [icp_odometry]: Odom: ratio=0.262384, std dev=0.020737m|0.006558rad, update time=0.126850s delay=0.244295s
[INFO] [1771003126.878961621] [icp_odometry]: Odom: ratio=0.257468, std dev=0.020405m|0.006453rad, update time=0.121231s delay=0.238159s
[INFO] [1771003127.083877658] [icp_odometry]: Odom: ratio=0.257431, std dev=0.020510m|0.006486rad, update time=0.120310s delay=0.243044s
[INFO] [1771003127.277920745] [icp_odometry]: Odom: ratio=0.255922, std dev=0.020388m|0.006447rad, update time=0.115811s delay=0.237075s
[INFO] [1771003127.474981408] [icp_odometry]: Odom: ratio=0.254213, std dev=0.020337m|0.006431rad, update time=0.109470s delay=0.234148s
[INFO] [1771003127.681645601] [icp_odometry]: Odom: ratio=0.254547, std dev=0.020552m|0.006499rad, update time=0.121152s delay=0.240759s
[INFO] [1771003127.872614822] [icp_odometry]: Odom: ratio=0.252436, std dev=0.020469m|0.006473rad, update time=0.113994s delay=0.231859s
[INFO] [1771003128.081679034] [icp_odometry]: Odom: ratio=0.255026, std dev=0.020510m|0.006486rad, update time=0.118967s delay=0.240201s
[INFO] [1771003128.294746711] [icp_odometry]: Odom: ratio=0.251450, std dev=0.020565m|0.006503rad, update time=0.132721s delay=0.253850s
[INFO] [1771003128.486219918] [icp_odometry]: Odom: ratio=0.256272, std dev=0.020562m|0.006502rad, update time=0.125068s delay=0.245473s
[INFO] [1771003128.681210974] [icp_odometry]: Odom: ratio=0.250678, std dev=0.020580m|0.006508rad, update time=0.119091s delay=0.240313s
[INFO] [1771003128.890816644] [icp_odometry]: Odom: ratio=0.249736, std dev=0.020493m|0.006480rad, update time=0.126907s delay=0.249330s
[INFO] [1771003129.076861024] [icp_odometry]: Odom: ratio=0.250463, std dev=0.020720m|0.006552rad, update time=0.115769s delay=0.236109s
[INFO] [1771003129.300276993] [icp_odometry]: Odom: ratio=0.253675, std dev=0.020383m|0.006446rad, update time=0.134163s delay=0.259412s
[INFO] [1771003129.478966496] [icp_odometry]: Odom: ratio=0.248300, std dev=0.020723m|0.006553rad, update time=0.119027s delay=0.238263s
[INFO] [1771003129.681924706] [icp_odometry]: Odom: ratio=0.253207, std dev=0.020524m|0.006490rad, update time=0.114941s delay=0.241179s
[INFO] [1771003129.892437383] [icp_odometry]: Odom: ratio=0.255474, std dev=0.020336m|0.006431rad, update time=0.131426s delay=0.251692s
[INFO] [1771003130.085120967] [icp_odometry]: Odom: ratio=0.250045, std dev=0.020471m|0.006474rad, update time=0.122142s delay=0.244374s
[INFO] [1771003130.265726088] [icp_odometry]: Odom: ratio=0.253828, std dev=0.020643m|0.006528rad, update time=0.107963s delay=0.224953s
[INFO] [1771003130.488127110] [icp_odometry]: Odom: ratio=0.253941, std dev=0.020841m|0.006590rad, update time=0.123539s delay=0.247359s
[INFO] [1771003130.677275117] [icp_odometry]: Odom: ratio=0.252348, std dev=0.021089m|0.006669rad, update time=0.118094s delay=0.236424s
[INFO] [1771003130.893145675] [icp_odometry]: Odom: ratio=0.247400, std dev=0.020789m|0.006574rad, update time=0.127571s delay=0.252360s
[INFO] [1771003131.086964146] [icp_odometry]: Odom: ratio=0.247877, std dev=0.021028m|0.006649rad, update time=0.130706s delay=0.246146s
[INFO] [1771003131.281358221] [icp_odometry]: Odom: ratio=0.248224, std dev=0.020437m|0.006463rad, update time=0.120275s delay=0.240509s
[INFO] [1771003131.488286455] [icp_odometry]: Odom: ratio=0.251009, std dev=0.020105m|0.006358rad, update time=0.126351s delay=0.247404s
[INFO] [1771003131.671278698] [icp_odometry]: Odom: ratio=0.251021, std dev=0.020186m|0.006383rad, update time=0.109422s delay=0.230397s
[INFO] [1771003131.877850312] [icp_odometry]: Odom: ratio=0.249499, std dev=0.020363m|0.006439rad, update time=0.117875s delay=0.236948s
[INFO] [1771003132.084388773] [icp_odometry]: Odom: ratio=0.249694, std dev=0.020129m|0.006365rad, update time=0.127434s delay=0.243532s
[INFO] [1771003132.279626717] [icp_odometry]: Odom: ratio=0.246234, std dev=0.019765m|0.006250rad, update time=0.117065s delay=0.238839s
[INFO] [1771003132.478528851] [icp_odometry]: Odom: ratio=0.247734, std dev=0.019621m|0.006205rad, update time=0.120800s delay=0.237718s
[INFO] [1771003132.676611181] [icp_odometry]: Odom: ratio=0.234989, std dev=0.020291m|0.006417rad, update time=0.112863s delay=0.235729s
[INFO] [1771003132.861714089] [icp_odometry]: Odom: ratio=0.235492, std dev=0.020367m|0.006440rad, update time=0.097214s delay=0.220841s
[INFO] [1771003132.983494948] [icp_odometry]: Odom: ratio=0.240910, std dev=0.020232m|0.006398rad, update time=0.117336s delay=0.242664s
[INFO] [1771003133.178586263] [icp_odometry]: Odom: ratio=0.239711, std dev=0.020029m|0.006334rad, update time=0.119696s delay=0.237810s
[INFO] [1771003133.374072344] [icp_odometry]: Odom: ratio=0.241735, std dev=0.019997m|0.006324rad, update time=0.110366s delay=0.233252s
[INFO] [1771003133.575535334] [icp_odometry]: Odom: ratio=0.243708, std dev=0.019733m|0.006240rad, update time=0.116785s delay=0.234723s
[INFO] [1771003133.782901727] [icp_odometry]: Odom: ratio=0.240460, std dev=0.019988m|0.006321rad, update time=0.117027s delay=0.242136s
[INFO] [1771003133.984252361] [icp_odometry]: Odom: ratio=0.242870, std dev=0.020646m|0.006529rad, update time=0.119382s delay=0.242700s
[INFO] [1771003134.180892882] [icp_odometry]: Odom: ratio=0.242229, std dev=0.020583m|0.006509rad, update time=0.119137s delay=0.240015s
[INFO] [1771003134.374733242] [icp_odometry]: Odom: ratio=0.241893, std dev=0.020334m|0.006430rad, update time=0.111330s delay=0.233817s
[INFO] [1771003134.575459663] [icp_odometry]: Odom: ratio=0.238327, std dev=0.020278m|0.006412rad, update time=0.111559s delay=0.234522s
[INFO] [1771003134.782274549] [icp_odometry]: Odom: ratio=0.238282, std dev=0.020358m|0.006438rad, update time=0.118521s delay=0.241432s
[INFO] [1771003134.964060062] [icp_odometry]: Odom: ratio=0.237813, std dev=0.020005m|0.006326rad, update time=0.108320s delay=0.222497s
[INFO] [1771003135.168175528] [icp_odometry]: Odom: ratio=0.241252, std dev=0.019673m|0.006221rad, update time=0.108360s delay=0.227322s
[INFO] [1771003135.373868199] [icp_odometry]: Odom: ratio=0.233178, std dev=0.019908m|0.006295rad, update time=0.111528s delay=0.232913s
[INFO] [1771003135.558492211] [icp_odometry]: Odom: ratio=0.240141, std dev=0.019898m|0.006292rad, update time=0.100506s delay=0.217646s
[INFO] [1771003135.661162652] [icp_odometry]: Odom: ratio=0.235320, std dev=0.020101m|0.006357rad, update time=0.102301s delay=0.220298s
[INFO] [1771003135.768819826] [icp_odometry]: Odom: ratio=0.236969, std dev=0.019701m|0.006230rad, update time=0.106372s delay=0.228034s
[INFO] [1771003135.977318130] [icp_odometry]: Odom: ratio=0.238355, std dev=0.019832m|0.006271rad, update time=0.110486s delay=0.236418s
[INFO] [1771003136.166373429] [icp_odometry]: Odom: ratio=0.242666, std dev=0.020329m|0.006429rad, update time=0.100755s delay=0.225594s
[INFO] [1771003136.375613775] [icp_odometry]: Odom: ratio=0.239588, std dev=0.020344m|0.006433rad, update time=0.115779s delay=0.234753s
[INFO] [1771003136.571170674] [icp_odometry]: Odom: ratio=0.232274, std dev=0.021149m|0.006688rad, update time=0.108432s delay=0.230255s
[INFO] [1771003136.769637753] [icp_odometry]: Odom: ratio=0.238190, std dev=0.021032m|0.006651rad, update time=0.105749s delay=0.228718s
[INFO] [1771003136.969121411] [icp_odometry]: Odom: ratio=0.231595, std dev=0.020649m|0.006530rad, update time=0.108056s delay=0.228178s
[INFO] [1771003137.173546935] [icp_odometry]: Odom: ratio=0.239191, std dev=0.020225m|0.006396rad, update time=0.108399s delay=0.232021s
[INFO] [1771003137.369065401] [icp_odometry]: Odom: ratio=0.238989, std dev=0.019939m|0.006305rad, update time=0.108314s delay=0.228160s
[INFO] [1771003137.569550214] [icp_odometry]: Odom: ratio=0.240431, std dev=0.020668m|0.006536rad, update time=0.108949s delay=0.228795s
[INFO] [1771003137.779717791] [icp_odometry]: Odom: ratio=0.244546, std dev=0.020192m|0.006385rad, update time=0.112452s delay=0.238947s
[INFO] [1771003137.966565879] [icp_odometry]: Odom: ratio=0.244419, std dev=0.020900m|0.006609rad, update time=0.108345s delay=0.225716s
[INFO] [1771003138.184102126] [icp_odometry]: Odom: ratio=0.243740, std dev=0.020799m|0.006577rad, update time=0.119559s delay=0.243255s
[INFO] [1771003138.371815587] [icp_odometry]: Odom: ratio=0.243430, std dev=0.020620m|0.006521rad, update time=0.110699s delay=0.231052s
[INFO] [1771003138.580566124] [icp_odometry]: Odom: ratio=0.245684, std dev=0.020612m|0.006518rad, update time=0.121179s delay=0.239677s
[INFO] [1771003138.789585950] [icp_odometry]: Odom: ratio=0.247820, std dev=0.020639m|0.006527rad, update time=0.127021s delay=0.249033s
[INFO] [1771003138.972756823] [icp_odometry]: Odom: ratio=0.250422, std dev=0.021140m|0.006685rad, update time=0.115024s delay=0.231895s
[INFO] [1771003139.184566537] [icp_odometry]: Odom: ratio=0.243405, std dev=0.021380m|0.006761rad, update time=0.121804s delay=0.243678s
[INFO] [1771003139.378791806] [icp_odometry]: Odom: ratio=0.250699, std dev=0.021048m|0.006656rad, update time=0.115542s delay=0.237886s
[INFO] [1771003139.582335988] [icp_odometry]: Odom: ratio=0.243882, std dev=0.021210m|0.006707rad, update time=0.123144s delay=0.241351s
[INFO] [1771003139.793492624] [icp_odometry]: Odom: ratio=0.242803, std dev=0.020929m|0.006618rad, update time=0.128456s delay=0.252654s
[INFO] [1771003139.984913413] [icp_odometry]: Odom: ratio=0.249884, std dev=0.020461m|0.006470rad, update time=0.123230s delay=0.243978s
[INFO] [1771003140.198445010] [icp_odometry]: Odom: ratio=0.250457, std dev=0.020688m|0.006542rad, update time=0.132699s delay=0.257581s
[INFO] [1771003140.364254518] [icp_odometry]: Odom: ratio=0.248374, std dev=0.020729m|0.006555rad, update time=0.108153s delay=0.223349s
[INFO] [1771003140.578013387] [icp_odometry]: Odom: ratio=0.246866, std dev=0.020756m|0.006564rad, update time=0.114137s delay=0.237198s
[INFO] [1771003140.787909403] [icp_odometry]: Odom: ratio=0.244801, std dev=0.020638m|0.006526rad, update time=0.130083s delay=0.247041s
[INFO] [1771003140.984697895] [icp_odometry]: Odom: ratio=0.248954, std dev=0.020490m|0.006480rad, update time=0.125283s delay=0.243818s
[INFO] [1771003141.177479988] [icp_odometry]: Odom: ratio=0.250070, std dev=0.020928m|0.006618rad, update time=0.116362s delay=0.236561s
[INFO] [1771003141.369789362] [icp_odometry]: Odom: ratio=0.250000, std dev=0.020897m|0.006608rad, update time=0.111793s delay=0.228875s
[INFO] [1771003141.583502540] [icp_odometry]: Odom: ratio=0.244967, std dev=0.020768m|0.006568rad, update time=0.118763s delay=0.242585s
[INFO] [1771003141.783369549] [icp_odometry]: Odom: ratio=0.250000, std dev=0.020707m|0.006548rad, update time=0.121755s delay=0.242533s
[INFO] [1771003141.980101474] [icp_odometry]: Odom: ratio=0.253015, std dev=0.020961m|0.006628rad, update time=0.118945s delay=0.239117s
[INFO] [1771003142.180836480] [icp_odometry]: Odom: ratio=0.248298, std dev=0.020765m|0.006567rad, update time=0.118552s delay=0.239913s
[INFO] [1771003142.381142735] [icp_odometry]: Odom: ratio=0.247106, std dev=0.020904m|0.006610rad, update time=0.117791s delay=0.240145s
[INFO] [1771003142.583833520] [icp_odometry]: Odom: ratio=0.249398, std dev=0.020772m|0.006569rad, update time=0.118547s delay=0.242993s
[INFO] [1771003142.781266813] [icp_odometry]: Odom: ratio=0.254049, std dev=0.020862m|0.006597rad, update time=0.116705s delay=0.240498s
[INFO] [1771003143.004100880] [icp_odometry]: Odom: ratio=0.249660, std dev=0.020300m|0.006419rad, update time=0.146483s delay=0.263124s
[INFO] [1771003143.179000057] [icp_odometry]: Odom: ratio=0.241454, std dev=0.020180m|0.006381rad, update time=0.121758s delay=0.238077s
[INFO] [1771003143.372618531] [icp_odometry]: Odom: ratio=0.248099, std dev=0.020485m|0.006478rad, update time=0.110950s delay=0.231703s
[INFO] [1771003143.586252635] [icp_odometry]: Odom: ratio=0.244667, std dev=0.020409m|0.006454rad, update time=0.118261s delay=0.244643s
[INFO] [1771003143.780421432] [icp_odometry]: Odom: ratio=0.241323, std dev=0.020197m|0.006387rad, update time=0.117046s delay=0.239511s
[INFO] [1771003143.989269324] [icp_odometry]: Odom: ratio=0.243453, std dev=0.020281m|0.006413rad, update time=0.130998s delay=0.248315s
[INFO] [1771003144.188484630] [icp_odometry]: Odom: ratio=0.244268, std dev=0.020573m|0.006506rad, update time=0.127873s delay=0.247530s
[INFO] [1771003144.383378124] [icp_odometry]: Odom: ratio=0.242277, std dev=0.020204m|0.006389rad, update time=0.120381s delay=0.242459s
[INFO] [1771003144.576230492] [icp_odometry]: Odom: ratio=0.237095, std dev=0.019794m|0.006259rad, update time=0.116343s delay=0.235361s
[INFO] [1771003144.780072484] [icp_odometry]: Odom: ratio=0.243293, std dev=0.020295m|0.006418rad, update time=0.116327s delay=0.239103s
[INFO] [1771003144.996980812] [icp_odometry]: Odom: ratio=0.246312, std dev=0.020232m|0.006398rad, update time=0.137285s delay=0.256018s
[INFO] [1771003145.173960124] [icp_odometry]: Odom: ratio=0.245418, std dev=0.020231m|0.006397rad, update time=0.115437s delay=0.233137s
[INFO] [1771003145.383878229] [icp_odometry]: Odom: ratio=0.248472, std dev=0.020620m|0.006521rad, update time=0.123883s delay=0.242937s
[INFO] [1771003145.575459129] [icp_odometry]: Odom: ratio=0.241449, std dev=0.020469m|0.006473rad, update time=0.114890s delay=0.234499s
[INFO] [1771003145.779366180] [icp_odometry]: Odom: ratio=0.237176, std dev=0.020747m|0.006561rad, update time=0.115672s delay=0.237710s
[INFO] [1771003145.979768951] [icp_odometry]: Odom: ratio=0.240965, std dev=0.020613m|0.006518rad, update time=0.119030s delay=0.238835s
[INFO] [1771003146.177497422] [icp_odometry]: Odom: ratio=0.242612, std dev=0.020592m|0.006512rad, update time=0.114362s delay=0.236494s
[INFO] [1771003146.378144905] [icp_odometry]: Odom: ratio=0.242554, std dev=0.020585m|0.006510rad, update time=0.114116s delay=0.237256s
[INFO] [1771003146.574236968] [icp_odometry]: Odom: ratio=0.242193, std dev=0.020798m|0.006577rad, update time=0.115754s delay=0.233372s
[INFO] [1771003146.769128125] [icp_odometry]: Odom: ratio=0.238962, std dev=0.020569m|0.006505rad, update time=0.106139s delay=0.228202s
[INFO] [1771003146.977998738] [icp_odometry]: Odom: ratio=0.241002, std dev=0.020283m|0.006414rad, update time=0.112222s delay=0.237080s
[INFO] [1771003147.178081242] [icp_odometry]: Odom: ratio=0.244116, std dev=0.020529m|0.006492rad, update time=0.120562s delay=0.237086s
[INFO] [1771003147.380490481] [icp_odometry]: Odom: ratio=0.237191, std dev=0.019558m|0.006185rad, update time=0.116073s delay=0.239559s
[INFO] [1771003147.580980039] [icp_odometry]: Odom: ratio=0.241144, std dev=0.020100m|0.006356rad, update time=0.119050s delay=0.240059s
[INFO] [1771003147.769972947] [icp_odometry]: Odom: ratio=0.239852, std dev=0.020048m|0.006340rad, update time=0.110523s delay=0.228999s
[INFO] [1771003147.986743478] [icp_odometry]: Odom: ratio=0.243477, std dev=0.019907m|0.006295rad, update time=0.122045s delay=0.245874s
[INFO] [1771003148.179272443] [icp_odometry]: Odom: ratio=0.244675, std dev=0.020378m|0.006444rad, update time=0.117402s delay=0.237651s
[INFO] [1771003148.372924134] [icp_odometry]: Odom: ratio=0.242798, std dev=0.020295m|0.006418rad, update time=0.117218s delay=0.231948s
[INFO] [1771003148.578062747] [icp_odometry]: Odom: ratio=0.245071, std dev=0.020255m|0.006405rad, update time=0.116064s delay=0.237189s
[INFO] [1771003148.781255693] [icp_odometry]: Odom: ratio=0.243196, std dev=0.020195m|0.006386rad, update time=0.120236s delay=0.240272s
[INFO] [1771003148.981225201] [icp_odometry]: Odom: ratio=0.241553, std dev=0.019981m|0.006319rad, update time=0.119179s delay=0.240324s
[INFO] [1771003149.169458147] [icp_odometry]: Odom: ratio=0.239037, std dev=0.020234m|0.006399rad, update time=0.109624s delay=0.228488s
[INFO] [1771003149.376662462] [icp_odometry]: Odom: ratio=0.237335, std dev=0.019916m|0.006298rad, update time=0.114170s delay=0.235613s
[INFO] [1771003149.571616950] [icp_odometry]: Odom: ratio=0.240607, std dev=0.020207m|0.006390rad, update time=0.113772s delay=0.230751s
[INFO] [1771003149.779604941] [icp_odometry]: Odom: ratio=0.241711, std dev=0.019796m|0.006260rad, update time=0.112818s delay=0.238723s
[INFO] [1771003149.981750395] [icp_odometry]: Odom: ratio=0.241779, std dev=0.020194m|0.006386rad, update time=0.118838s delay=0.240759s
[INFO] [1771003150.173667051] [icp_odometry]: Odom: ratio=0.241315, std dev=0.020203m|0.006389rad, update time=0.115184s delay=0.232719s
[INFO] [1771003150.369157269] [icp_odometry]: Odom: ratio=0.241973, std dev=0.019944m|0.006307rad, update time=0.108002s delay=0.228307s
[INFO] [1771003150.564352438] [icp_odometry]: Odom: ratio=0.240222, std dev=0.020313m|0.006423rad, update time=0.098910s delay=0.223335s
[INFO] [1771003150.779545315] [icp_odometry]: Odom: ratio=0.239225, std dev=0.020335m|0.006431rad, update time=0.113716s delay=0.238646s
[INFO] [1771003150.973881158] [icp_odometry]: Odom: ratio=0.240818, std dev=0.020174m|0.006380rad, update time=0.112531s delay=0.232854s
[INFO] [1771003151.183452659] [icp_odometry]: Odom: ratio=0.237697, std dev=0.020083m|0.006351rad, update time=0.117413s delay=0.242638s
[INFO] [1771003151.369679327] [icp_odometry]: Odom: ratio=0.240799, std dev=0.020274m|0.006411rad, update time=0.109146s delay=0.228687s
[INFO] [1771003151.564071940] [icp_odometry]: Odom: ratio=0.238055, std dev=0.019990m|0.006321rad, update time=0.101689s delay=0.223051s
[INFO] [1771003151.785864020] [icp_odometry]: Odom: ratio=0.238632, std dev=0.020036m|0.006336rad, update time=0.130973s delay=0.244895s
[INFO] [1771003151.962703007] [icp_odometry]: Odom: ratio=0.241149, std dev=0.020107m|0.006358rad, update time=0.102768s delay=0.221748s
[INFO] [1771003152.175440920] [icp_odometry]: Odom: ratio=0.240193, std dev=0.020083m|0.006351rad, update time=0.110029s delay=0.234506s
[INFO] [1771003152.372034088] [icp_odometry]: Odom: ratio=0.235079, std dev=0.020348m|0.006435rad, update time=0.112398s delay=0.231020s
[INFO] [1771003152.570125484] [icp_odometry]: Odom: ratio=0.230551, std dev=0.020148m|0.006371rad, update time=0.108045s delay=0.229101s
[INFO] [1771003152.777007708] [icp_odometry]: Odom: ratio=0.235946, std dev=0.020122m|0.006363rad, update time=0.118799s delay=0.236146s
[INFO] [1771003152.975208164] [icp_odometry]: Odom: ratio=0.234560, std dev=0.020304m|0.006421rad, update time=0.112448s delay=0.234205s
[INFO] [1771003153.182263418] [icp_odometry]: Odom: ratio=0.239754, std dev=0.020327m|0.006428rad, update time=0.117717s delay=0.241448s
[INFO] [1771003153.378601377] [icp_odometry]: Odom: ratio=0.238455, std dev=0.020097m|0.006355rad, update time=0.114785s delay=0.237769s
[INFO] [1771003153.573033671] [icp_odometry]: Odom: ratio=0.237618, std dev=0.019998m|0.006324rad, update time=0.112514s delay=0.231994s
[INFO] [1771003153.777896371] [icp_odometry]: Odom: ratio=0.233590, std dev=0.019925m|0.006301rad, update time=0.122635s delay=0.236778s
[INFO] [1771003153.966526930] [icp_odometry]: Odom: ratio=0.233455, std dev=0.019945m|0.006307rad, update time=0.108148s delay=0.225155s
[INFO] [1771003154.178469392] [icp_odometry]: Odom: ratio=0.230379, std dev=0.020055m|0.006342rad, update time=0.114665s delay=0.237401s
[INFO] [1771003154.379492376] [icp_odometry]: Odom: ratio=0.231927, std dev=0.019486m|0.006162rad, update time=0.114562s delay=0.238513s
[INFO] [1771003154.569611274] [icp_odometry]: Odom: ratio=0.235653, std dev=0.019933m|0.006303rad, update time=0.109535s delay=0.228612s
[INFO] [1771003154.772084100] [icp_odometry]: Odom: ratio=0.232581, std dev=0.019899m|0.006293rad, update time=0.109509s delay=0.231084s
[INFO] [1771003154.966893527] [icp_odometry]: Odom: ratio=0.233905, std dev=0.020170m|0.006378rad, update time=0.113420s delay=0.225847s
[INFO] [1771003155.179549709] [icp_odometry]: Odom: ratio=0.230349, std dev=0.019718m|0.006235rad, update time=0.117184s delay=0.238155s
[INFO] [1771003155.372599460] [icp_odometry]: Odom: ratio=0.232398, std dev=0.019369m|0.006125rad, update time=0.111799s delay=0.231593s
[INFO] [1771003155.584305146] [icp_odometry]: Odom: ratio=0.232944, std dev=0.020026m|0.006333rad, update time=0.118279s delay=0.243378s
[INFO] [1771003155.776904417] [icp_odometry]: Odom: ratio=0.231540, std dev=0.019888m|0.006289rad, update time=0.115575s delay=0.235880s
[INFO] [1771003155.986184868] [icp_odometry]: Odom: ratio=0.229454, std dev=0.019648m|0.006213rad, update time=0.129617s delay=0.245163s
[INFO] [1771003156.177283832] [icp_odometry]: Odom: ratio=0.231724, std dev=0.020552m|0.006499rad, update time=0.117157s delay=0.236366s
[INFO] [1771003156.371530264] [icp_odometry]: Odom: ratio=0.227459, std dev=0.021026m|0.006649rad, update time=0.112525s delay=0.230389s
[INFO] [1771003156.577481192] [icp_odometry]: Odom: ratio=0.224805, std dev=0.021539m|0.006811rad, update time=0.116143s delay=0.236433s
[INFO] [1771003156.775213983] [icp_odometry]: Odom: ratio=0.229297, std dev=0.021646m|0.006845rad, update time=0.114800s delay=0.234349s
[INFO] [1771003156.991696761] [icp_odometry]: Odom: ratio=0.235778, std dev=0.020857m|0.006596rad, update time=0.128273s delay=0.250824s
[INFO] [1771003157.183863665] [icp_odometry]: Odom: ratio=0.231079, std dev=0.020436m|0.006463rad, update time=0.122832s delay=0.242777s
[INFO] [1771003157.374829153] [icp_odometry]: Odom: ratio=0.237340, std dev=0.020196m|0.006387rad, update time=0.119976s delay=0.233930s
[INFO] [1771003157.581739250] [icp_odometry]: Odom: ratio=0.234206, std dev=0.020179m|0.006381rad, update time=0.119580s delay=0.240828s
[INFO] [1771003157.784751422] [icp_odometry]: Odom: ratio=0.236243, std dev=0.020374m|0.006443rad, update time=0.122261s delay=0.243774s
[INFO] [1771003157.974354943] [icp_odometry]: Odom: ratio=0.238225, std dev=0.020394m|0.006449rad, update time=0.115994s delay=0.233314s
[INFO] [1771003158.171438304] [icp_odometry]: Odom: ratio=0.233162, std dev=0.020683m|0.006541rad, update time=0.111266s delay=0.230510s
[INFO] [1771003158.376033154] [icp_odometry]: Odom: ratio=0.231287, std dev=0.020403m|0.006452rad, update time=0.113632s delay=0.234931s
[INFO] [1771003158.585689906] [icp_odometry]: Odom: ratio=0.233316, std dev=0.019797m|0.006260rad, update time=0.126015s delay=0.244659s
[INFO] [1771003158.765117238] [icp_odometry]: Odom: ratio=0.231338, std dev=0.020477m|0.006475rad, update time=0.107978s delay=0.224077s
[INFO] [1771003158.972997737] [icp_odometry]: Odom: ratio=0.235185, std dev=0.020297m|0.006418rad, update time=0.111581s delay=0.231878s
[INFO] [1771003159.178284451] [icp_odometry]: Odom: ratio=0.232866, std dev=0.020167m|0.006377rad, update time=0.113902s delay=0.237389s
[INFO] [1771003159.375779378] [icp_odometry]: Odom: ratio=0.234780, std dev=0.020243m|0.006401rad, update time=0.117393s delay=0.234721s
[INFO] [1771003159.590912989] [icp_odometry]: Odom: ratio=0.239421, std dev=0.020127m|0.006365rad, update time=0.127713s delay=0.250059s
[INFO] [1771003159.781012431] [icp_odometry]: Odom: ratio=0.238359, std dev=0.020348m|0.006434rad, update time=0.123406s delay=0.240003s
[INFO] [1771003159.973502194] [icp_odometry]: Odom: ratio=0.232504, std dev=0.020245m|0.006402rad, update time=0.113246s delay=0.232386s
[INFO] [1771003160.174753922] [icp_odometry]: Odom: ratio=0.224374, std dev=0.020464m|0.006471rad, update time=0.116198s delay=0.233776s
[INFO] [1771003160.379108956] [icp_odometry]: Odom: ratio=0.226061, std dev=0.020635m|0.006525rad, update time=0.120081s delay=0.238113s
[INFO] [1771003160.576541769] [icp_odometry]: Odom: ratio=0.234726, std dev=0.020906m|0.006611rad, update time=0.114485s delay=0.235305s
[INFO] [1771003160.787433539] [icp_odometry]: Odom: ratio=0.232730, std dev=0.021231m|0.006714rad, update time=0.125856s delay=0.246414s
[INFO] [1771003160.971552199] [icp_odometry]: Odom: ratio=0.228774, std dev=0.020610m|0.006517rad, update time=0.117528s delay=0.230535s
[INFO] [1771003161.190948805] [icp_odometry]: Odom: ratio=0.230555, std dev=0.021251m|0.006720rad, update time=0.129040s delay=0.249893s
[INFO] [1771003161.389182189] [icp_odometry]: Odom: ratio=0.220990, std dev=0.021755m|0.006880rad, update time=0.128945s delay=0.248255s
[INFO] [1771003161.572896356] [icp_odometry]: Odom: ratio=0.225542, std dev=0.022006m|0.006959rad, update time=0.117461s delay=0.232545s
[INFO] [1771003161.793645520] [icp_odometry]: Odom: ratio=0.219906, std dev=0.022228m|0.007029rad, update time=0.128765s delay=0.252560s
[INFO] [1771003161.992222788] [icp_odometry]: Odom: ratio=0.227974, std dev=0.022231m|0.007030rad, update time=0.130394s delay=0.251364s
[INFO] [1771003162.188100443] [icp_odometry]: Odom: ratio=0.231412, std dev=0.021217m|0.006709rad, update time=0.130942s delay=0.247055s
[INFO] [1771003162.378007942] [icp_odometry]: Odom: ratio=0.228445, std dev=0.021107m|0.006675rad, update time=0.118882s delay=0.236977s
[INFO] [1771003162.585508780] [icp_odometry]: Odom: ratio=0.228468, std dev=0.020930m|0.006618rad, update time=0.126576s delay=0.244430s
[INFO] [1771003162.778254553] [icp_odometry]: Odom: ratio=0.236899, std dev=0.020572m|0.006506rad, update time=0.120215s delay=0.237101s
[INFO] [1771003162.982813594] [icp_odometry]: Odom: ratio=0.235836, std dev=0.020856m|0.006595rad, update time=0.119705s delay=0.241659s
[INFO] [1771003163.182439666] [icp_odometry]: Odom: ratio=0.237535, std dev=0.021210m|0.006707rad, update time=0.122085s delay=0.241295s
[INFO] [1771003163.392746168] [icp_odometry]: Odom: ratio=0.238403, std dev=0.020405m|0.006453rad, update time=0.129238s delay=0.251782s
[INFO] [1771003163.587552842] [icp_odometry]: Odom: ratio=0.243895, std dev=0.020903m|0.006610rad, update time=0.124082s delay=0.246577s
[INFO] [1771003163.787654579] [icp_odometry]: Odom: ratio=0.237547, std dev=0.020922m|0.006616rad, update time=0.130263s delay=0.246688s
[INFO] [1771003163.972425902] [icp_odometry]: Odom: ratio=0.239888, std dev=0.020452m|0.006467rad, update time=0.118743s delay=0.231442s
[INFO] [1771003164.191960944] [icp_odometry]: Odom: ratio=0.242691, std dev=0.020721m|0.006553rad, update time=0.129488s delay=0.250863s
[INFO] [1771003164.396521361] [icp_odometry]: Odom: ratio=0.244575, std dev=0.020952m|0.006625rad, update time=0.128870s delay=0.255543s
[INFO] [1771003164.581722459] [icp_odometry]: Odom: ratio=0.251810, std dev=0.020380m|0.006445rad, update time=0.121440s delay=0.240795s
[INFO] [1771003164.794044102] [icp_odometry]: Odom: ratio=0.247010, std dev=0.020240m|0.006400rad, update time=0.126277s delay=0.252885s
[INFO] [1771003165.003703318] [icp_odometry]: Odom: ratio=0.249111, std dev=0.020374m|0.006443rad, update time=0.142529s delay=0.262677s
[INFO] [1771003165.179433723] [icp_odometry]: Odom: ratio=0.248757, std dev=0.020496m|0.006481rad, update time=0.121696s delay=0.238388s
[INFO] [1771003165.383634608] [icp_odometry]: Odom: ratio=0.248009, std dev=0.020752m|0.006562rad, update time=0.123282s delay=0.242479s
[INFO] [1771003165.574876872] [icp_odometry]: Odom: ratio=0.249776, std dev=0.020181m|0.006382rad, update time=0.116524s delay=0.233759s
[INFO] [1771003165.787044174] [icp_odometry]: Odom: ratio=0.250951, std dev=0.020445m|0.006465rad, update time=0.123890s delay=0.246059s
[INFO] [1771003165.992884379] [icp_odometry]: Odom: ratio=0.254746, std dev=0.020250m|0.006404rad, update time=0.126061s delay=0.251885s
[INFO] [1771003166.193999654] [icp_odometry]: Odom: ratio=0.253584, std dev=0.020586m|0.006510rad, update time=0.136559s delay=0.253061s
[INFO] [1771003166.378800194] [icp_odometry]: Odom: ratio=0.253925, std dev=0.020392m|0.006449rad, update time=0.121583s delay=0.237701s
[INFO] [1771003166.590808546] [icp_odometry]: Odom: ratio=0.248260, std dev=0.020452m|0.006467rad, update time=0.125664s delay=0.249778s
[INFO] [1771003166.776135440] [icp_odometry]: Odom: ratio=0.249976, std dev=0.020500m|0.006483rad, update time=0.116468s delay=0.235002s
[INFO] [1771003166.989968623] [icp_odometry]: Odom: ratio=0.254301, std dev=0.020187m|0.006384rad, update time=0.126306s delay=0.248942s
[INFO] [1771003167.190090360] [icp_odometry]: Odom: ratio=0.250334, std dev=0.019962m|0.006312rad, update time=0.133567s delay=0.249068s
[INFO] [1771003167.383952651] [icp_odometry]: Odom: ratio=0.251188, std dev=0.020266m|0.006409rad, update time=0.125809s delay=0.242904s
[INFO] [1771003167.598858958] [icp_odometry]: Odom: ratio=0.245509, std dev=0.020175m|0.006380rad, update time=0.140731s delay=0.257817s
[INFO] [1771003167.783681387] [icp_odometry]: Odom: ratio=0.257636, std dev=0.019944m|0.006307rad, update time=0.125482s delay=0.242522s
[INFO] [1771003167.993296697] [icp_odometry]: Odom: ratio=0.254604, std dev=0.020358m|0.006438rad, update time=0.130459s delay=0.252382s
[INFO] [1771003168.193384929] [icp_odometry]: Odom: ratio=0.256850, std dev=0.020273m|0.006411rad, update time=0.128829s delay=0.252091s
[INFO] [1771003168.399256431] [icp_odometry]: Odom: ratio=0.253354, std dev=0.020320m|0.006426rad, update time=0.138115s delay=0.258092s
[INFO] [1771003168.586183956] [icp_odometry]: Odom: ratio=0.256450, std dev=0.020423m|0.006458rad, update time=0.129385s delay=0.245174s
[INFO] [1771003168.787958934] [icp_odometry]: Odom: ratio=0.255890, std dev=0.020192m|0.006385rad, update time=0.127549s delay=0.246939s
[INFO] [1771003168.984535813] [icp_odometry]: Odom: ratio=0.256597, std dev=0.020010m|0.006328rad, update time=0.123673s delay=0.243478s
[INFO] [1771003169.202586997] [icp_odometry]: Odom: ratio=0.261357, std dev=0.019728m|0.006239rad, update time=0.143222s delay=0.261418s
[INFO] [1771003169.383592271] [icp_odometry]: Odom: ratio=0.259112, std dev=0.019947m|0.006308rad, update time=0.125967s delay=0.242475s
[INFO] [1771003169.597561778] [icp_odometry]: Odom: ratio=0.255786, std dev=0.019991m|0.006322rad, update time=0.137929s delay=0.256485s
[INFO] [1771003169.784779937] [icp_odometry]: Odom: ratio=0.260293, std dev=0.019933m|0.006303rad, update time=0.125795s delay=0.243543s
[INFO] [1771003169.988487621] [icp_odometry]: Odom: ratio=0.256415, std dev=0.019852m|0.006278rad, update time=0.125577s delay=0.247380s
[INFO] [1771003170.191199239] [icp_odometry]: Odom: ratio=0.257372, std dev=0.019753m|0.006247rad, update time=0.124558s delay=0.250143s
[INFO] [1771003170.388077441] [icp_odometry]: Odom: ratio=0.255492, std dev=0.020069m|0.006346rad, update time=0.127445s delay=0.246903s
[INFO] [1771003170.604500376] [icp_odometry]: Odom: ratio=0.253397, std dev=0.020227m|0.006396rad, update time=0.142433s delay=0.263291s
[INFO] [1771003170.785712889] [icp_odometry]: Odom: ratio=0.251849, std dev=0.020306m|0.006421rad, update time=0.129897s delay=0.244655s
[INFO] [1771003170.991613608] [icp_odometry]: Odom: ratio=0.248788, std dev=0.019918m|0.006299rad, update time=0.128765s delay=0.250477s
[INFO] [1771003171.186018413] [icp_odometry]: Odom: ratio=0.253302, std dev=0.020000m|0.006325rad, update time=0.128334s delay=0.244991s
[INFO] [1771003171.396639486] [icp_odometry]: Odom: ratio=0.254817, std dev=0.019685m|0.006225rad, update time=0.130537s delay=0.255528s
[INFO] [1771003171.583985809] [icp_odometry]: Odom: ratio=0.257805, std dev=0.020048m|0.006340rad, update time=0.124629s delay=0.243000s
[INFO] [1771003171.784803538] [icp_odometry]: Odom: ratio=0.261103, std dev=0.019701m|0.006230rad, update time=0.128200s delay=0.243694s
[INFO] [1771003171.988644475] [icp_odometry]: Odom: ratio=0.257753, std dev=0.019755m|0.006247rad, update time=0.124519s delay=0.247499s
[INFO] [1771003172.188181808] [icp_odometry]: Odom: ratio=0.262219, std dev=0.019594m|0.006196rad, update time=0.126075s delay=0.246980s
[INFO] [1771003172.387113008] [icp_odometry]: Odom: ratio=0.253917, std dev=0.019540m|0.006179rad, update time=0.125422s delay=0.246096s
[INFO] [1771003172.581158089] [icp_odometry]: Odom: ratio=0.261584, std dev=0.019711m|0.006233rad, update time=0.122844s delay=0.240081s
[INFO] [1771003172.810616831] [icp_odometry]: Odom: ratio=0.261992, std dev=0.019542m|0.006180rad, update time=0.151251s delay=0.269539s
[INFO] [1771003172.984352544] [icp_odometry]: Odom: ratio=0.262420, std dev=0.019419m|0.006141rad, update time=0.124909s delay=0.243332s
[INFO] [1771003173.186160803] [icp_odometry]: Odom: ratio=0.262289, std dev=0.019106m|0.006042rad, update time=0.123278s delay=0.245040s
[INFO] [1771003173.384461261] [icp_odometry]: Odom: ratio=0.260593, std dev=0.019378m|0.006128rad, update time=0.124786s delay=0.243220s
[INFO] [1771003173.593852500] [icp_odometry]: Odom: ratio=0.265215, std dev=0.019778m|0.006254rad, update time=0.131832s delay=0.252854s
[INFO] [1771003173.790637066] [icp_odometry]: Odom: ratio=0.267919, std dev=0.019634m|0.006209rad, update time=0.134013s delay=0.249712s
[INFO] [1771003173.997644735] [icp_odometry]: Odom: ratio=0.264559, std dev=0.019463m|0.006155rad, update time=0.140864s delay=0.256470s
[INFO] [1771003174.194847332] [icp_odometry]: Odom: ratio=0.262756, std dev=0.019161m|0.006059rad, update time=0.137089s delay=0.253687s
[INFO] [1771003174.389984323] [icp_odometry]: Odom: ratio=0.264037, std dev=0.019428m|0.006144rad, update time=0.129049s delay=0.248836s
[INFO] [1771003174.595497028] [icp_odometry]: Odom: ratio=0.264800, std dev=0.019133m|0.006051rad, update time=0.130928s delay=0.254513s
[INFO] [1771003174.791643749] [icp_odometry]: Odom: ratio=0.265227, std dev=0.019251m|0.006088rad, update time=0.131156s delay=0.250587s
[INFO] [1771003175.005962004] [icp_odometry]: Odom: ratio=0.266501, std dev=0.019479m|0.006160rad, update time=0.147462s delay=0.264917s
[INFO] [1771003175.178803319] [icp_odometry]: Odom: ratio=0.267778, std dev=0.019355m|0.006121rad, update time=0.122126s delay=0.237755s
[INFO] [1771003175.382994379] [icp_odometry]: Odom: ratio=0.266252, std dev=0.019402m|0.006136rad, update time=0.124667s delay=0.241818s
[INFO] [1771003175.594569149] [icp_odometry]: Odom: ratio=0.269748, std dev=0.019292m|0.006101rad, update time=0.127749s delay=0.253548s
[INFO] [1771003175.793600288] [icp_odometry]: Odom: ratio=0.269581, std dev=0.019429m|0.006144rad, update time=0.128724s delay=0.252450s
[INFO] [1771003175.987961380] [icp_odometry]: Odom: ratio=0.264472, std dev=0.019470m|0.006157rad, update time=0.128071s delay=0.246769s
[INFO] [1771003176.176539009] [icp_odometry]: Odom: ratio=0.264290, std dev=0.019430m|0.006144rad, update time=0.120644s delay=0.235368s
[INFO] [1771003176.395731064] [icp_odometry]: Odom: ratio=0.268964, std dev=0.019146m|0.006055rad, update time=0.130845s delay=0.254652s
[INFO] [1771003176.581152233] [icp_odometry]: Odom: ratio=0.266167, std dev=0.019174m|0.006063rad, update time=0.125179s delay=0.240039s
[INFO] [1771003176.787903061] [icp_odometry]: Odom: ratio=0.260936, std dev=0.019138m|0.006052rad, update time=0.125332s delay=0.246880s
[INFO] [1771003176.995213044] [icp_odometry]: Odom: ratio=0.264962, std dev=0.019249m|0.006087rad, update time=0.135076s delay=0.254146s
[INFO] [1771003177.200693013] [icp_odometry]: Odom: ratio=0.264212, std dev=0.019373m|0.006126rad, update time=0.139807s delay=0.259506s
[INFO] [1771003177.383391561] [icp_odometry]: Odom: ratio=0.262529, std dev=0.018909m|0.005979rad, update time=0.122790s delay=0.242395s
[INFO] [1771003177.584648025] [icp_odometry]: Odom: ratio=0.265216, std dev=0.019297m|0.006102rad, update time=0.124781s delay=0.243471s
[INFO] [1771003177.793931100] [icp_odometry]: Odom: ratio=0.270851, std dev=0.019029m|0.006018rad, update time=0.131833s delay=0.252951s
[INFO] [1771003177.986002385] [icp_odometry]: Odom: ratio=0.270952, std dev=0.019114m|0.006044rad, update time=0.128450s delay=0.245635s
[INFO] [1771003178.196260629] [icp_odometry]: Odom: ratio=0.265851, std dev=0.019276m|0.006095rad, update time=0.132395s delay=0.255246s
[INFO] [1771003178.408370329] [icp_odometry]: Odom: ratio=0.265923, std dev=0.019026m|0.006017rad, update time=0.146958s delay=0.267316s
[INFO] [1771003178.593746473] [icp_odometry]: Odom: ratio=0.260655, std dev=0.018811m|0.005949rad, update time=0.130894s delay=0.252541s
[INFO] [1771003178.801171436] [icp_odometry]: Odom: ratio=0.270607, std dev=0.018891m|0.005974rad, update time=0.146040s delay=0.260955s
[INFO] [1771003178.998707100] [icp_odometry]: Odom: ratio=0.267482, std dev=0.019057m|0.006026rad, update time=0.142465s delay=0.258402s
[INFO] [1771003179.199360344] [icp_odometry]: Odom: ratio=0.267997, std dev=0.019125m|0.006048rad, update time=0.137713s delay=0.258473s
[INFO] [1771003179.389807381] [icp_odometry]: Odom: ratio=0.266358, std dev=0.019197m|0.006070rad, update time=0.130909s delay=0.248764s
[INFO] [1771003179.595788583] [icp_odometry]: Odom: ratio=0.266813, std dev=0.019076m|0.006032rad, update time=0.136931s delay=0.254738s
[INFO] [1771003179.783977751] [icp_odometry]: Odom: ratio=0.269362, std dev=0.019102m|0.006041rad, update time=0.127157s delay=0.242696s
[INFO] [1771003179.995839282] [icp_odometry]: Odom: ratio=0.272539, std dev=0.019111m|0.006043rad, update time=0.134362s delay=0.254677s
[INFO] [1771003180.188916746] [icp_odometry]: Odom: ratio=0.272194, std dev=0.019331m|0.006113rad, update time=0.127977s delay=0.247666s
[INFO] [1771003180.393204066] [icp_odometry]: Odom: ratio=0.271193, std dev=0.019299m|0.006103rad, update time=0.128687s delay=0.252141s
[INFO] [1771003180.613769287] [icp_odometry]: Odom: ratio=0.262874, std dev=0.018999m|0.006008rad, update time=0.151090s delay=0.272673s
[INFO] [1771003180.781125902] [icp_odometry]: Odom: ratio=0.263605, std dev=0.018875m|0.005969rad, update time=0.119833s delay=0.240090s
[INFO] [1771003180.984123193] [icp_odometry]: Odom: ratio=0.258528, std dev=0.019056m|0.006026rad, update time=0.124941s delay=0.242813s
[INFO] [1771003181.185119552] [icp_odometry]: Odom: ratio=0.260118, std dev=0.019015m|0.006013rad, update time=0.125646s delay=0.243965s
[INFO] [1771003181.388224335] [icp_odometry]: Odom: ratio=0.260541, std dev=0.019553m|0.006183rad, update time=0.124840s delay=0.247020s
[INFO] [1771003181.593606124] [icp_odometry]: Odom: ratio=0.258970, std dev=0.019757m|0.006248rad, update time=0.131889s delay=0.252558s
[INFO] [1771003181.789940660] [icp_odometry]: Odom: ratio=0.252747, std dev=0.019728m|0.006238rad, update time=0.133183s delay=0.248772s
[INFO] [1771003181.979597462] [icp_odometry]: Odom: ratio=0.258492, std dev=0.019701m|0.006230rad, update time=0.119347s delay=0.239235s
[INFO] [1771003182.190000735] [icp_odometry]: Odom: ratio=0.256090, std dev=0.018940m|0.005989rad, update time=0.124049s delay=0.248857s
[INFO] [1771003182.394663268] [icp_odometry]: Odom: ratio=0.260503, std dev=0.019783m|0.006256rad, update time=0.137968s delay=0.254339s
[INFO] [1771003182.584736469] [icp_odometry]: Odom: ratio=0.253249, std dev=0.019208m|0.006074rad, update time=0.125557s delay=0.243701s
[INFO] [1771003182.792097750] [icp_odometry]: Odom: ratio=0.257202, std dev=0.019309m|0.006106rad, update time=0.134131s delay=0.250899s
[INFO] [1771003182.983507348] [icp_odometry]: Odom: ratio=0.256041, std dev=0.019077m|0.006033rad, update time=0.122902s delay=0.242524s
[INFO] [1771003183.179089570] [icp_odometry]: Odom: ratio=0.254839, std dev=0.018833m|0.005956rad, update time=0.121951s delay=0.237803s
[INFO] [1771003183.384758057] [icp_odometry]: Odom: ratio=0.257014, std dev=0.019489m|0.006163rad, update time=0.122387s delay=0.243758s
[INFO] [1771003183.582755881] [icp_odometry]: Odom: ratio=0.258591, std dev=0.019396m|0.006134rad, update time=0.122686s delay=0.241657s
[INFO] [1771003183.785951291] [icp_odometry]: Odom: ratio=0.258559, std dev=0.019644m|0.006212rad, update time=0.127589s delay=0.244789s
[INFO] [1771003183.985498993] [icp_odometry]: Odom: ratio=0.261879, std dev=0.019596m|0.006197rad, update time=0.123983s delay=0.244380s
[INFO] [1771003184.180720594] [icp_odometry]: Odom: ratio=0.260727, std dev=0.019358m|0.006122rad, update time=0.120313s delay=0.239526s
[INFO] [1771003184.382150248] [icp_odometry]: Odom: ratio=0.252622, std dev=0.019348m|0.006118rad, update time=0.124460s delay=0.241044s
[INFO] [1771003184.584491133] [icp_odometry]: Odom: ratio=0.254828, std dev=0.019087m|0.006036rad, update time=0.124921s delay=0.243349s
[INFO] [1771003184.782712452] [icp_odometry]: Odom: ratio=0.257913, std dev=0.019397m|0.006134rad, update time=0.124172s delay=0.241680s
[INFO] [1771003185.000649520] [icp_odometry]: Odom: ratio=0.259385, std dev=0.019507m|0.006169rad, update time=0.132805s delay=0.259397s
[INFO] [1771003185.181471812] [icp_odometry]: Odom: ratio=0.260023, std dev=0.019427m|0.006143rad, update time=0.124172s delay=0.240313s
[INFO] [1771003185.388959753] [icp_odometry]: Odom: ratio=0.260236, std dev=0.019209m|0.006074rad, update time=0.127392s delay=0.247727s
[INFO] [1771003185.595014621] [icp_odometry]: Odom: ratio=0.263316, std dev=0.019397m|0.006134rad, update time=0.131824s delay=0.254061s
[INFO] [1771003185.793843066] [icp_odometry]: Odom: ratio=0.256285, std dev=0.020060m|0.006343rad, update time=0.129036s delay=0.252652s
[INFO] [1771003186.021539220] [icp_odometry]: Odom: ratio=0.256171, std dev=0.020028m|0.006333rad, update time=0.161454s delay=0.279192s
[INFO] [1771003186.187838838] [icp_odometry]: Odom: ratio=0.257777, std dev=0.019762m|0.006249rad, update time=0.128411s delay=0.246609s
[INFO] [1771003186.392645439] [icp_odometry]: Odom: ratio=0.257146, std dev=0.019615m|0.006203rad, update time=0.129521s delay=0.251628s
[INFO] [1771003186.583150751] [icp_odometry]: Odom: ratio=0.257728, std dev=0.019415m|0.006140rad, update time=0.123023s delay=0.241942s
[INFO] [1771003186.786073512] [icp_odometry]: Odom: ratio=0.259048, std dev=0.019460m|0.006154rad, update time=0.125454s delay=0.245686s
[INFO] [1771003186.985243376] [icp_odometry]: Odom: ratio=0.253394, std dev=0.019238m|0.006084rad, update time=0.125183s delay=0.244108s
[INFO] [1771003187.193532593] [icp_odometry]: Odom: ratio=0.257729, std dev=0.019353m|0.006120rad, update time=0.137348s delay=0.252377s
[INFO] [1771003187.373855284] [icp_odometry]: Odom: ratio=0.255340, std dev=0.019518m|0.006172rad, update time=0.121130s delay=0.232574s
[INFO] [1771003187.588836602] [icp_odometry]: Odom: ratio=0.249490, std dev=0.019243m|0.006085rad, update time=0.124970s delay=0.247589s
[INFO] [1771003187.780100179] [icp_odometry]: Odom: ratio=0.256083, std dev=0.019568m|0.006188rad, update time=0.122435s delay=0.238784s
[INFO] [1771003188.002245871] [icp_odometry]: Odom: ratio=0.253879, std dev=0.019618m|0.006204rad, update time=0.140747s delay=0.261804s
[INFO] [1771003188.181674643] [icp_odometry]: Odom: ratio=0.252850, std dev=0.019668m|0.006220rad, update time=0.125788s delay=0.240640s
[INFO] [1771003188.390508743] [icp_odometry]: Odom: ratio=0.250784, std dev=0.019510m|0.006170rad, update time=0.133390s delay=0.249266s
[INFO] [1771003188.579495506] [icp_odometry]: Odom: ratio=0.254229, std dev=0.019217m|0.006077rad, update time=0.122830s delay=0.238304s
[INFO] [1771003188.786064376] [icp_odometry]: Odom: ratio=0.254747, std dev=0.019363m|0.006123rad, update time=0.127467s delay=0.244999s
[INFO] [1771003188.977339218] [icp_odometry]: Odom: ratio=0.255636, std dev=0.019169m|0.006062rad, update time=0.117844s delay=0.236201s
[INFO] [1771003189.194021202] [icp_odometry]: Odom: ratio=0.251930, std dev=0.019276m|0.006096rad, update time=0.131209s delay=0.252869s
[INFO] [1771003189.392387423] [icp_odometry]: Odom: ratio=0.251391, std dev=0.019301m|0.006104rad, update time=0.132537s delay=0.251334s
[INFO] [1771003189.590787469] [icp_odometry]: Odom: ratio=0.249895, std dev=0.019380m|0.006129rad, update time=0.129954s delay=0.249663s
[INFO] [1771003189.778807319] [icp_odometry]: Odom: ratio=0.247962, std dev=0.019538m|0.006178rad, update time=0.123248s delay=0.238341s
[INFO] [1771003189.984381531] [icp_odometry]: Odom: ratio=0.253808, std dev=0.019304m|0.006105rad, update time=0.122484s delay=0.243230s
[INFO] [1771003190.188667763] [icp_odometry]: Odom: ratio=0.249761, std dev=0.019552m|0.006183rad, update time=0.124501s delay=0.247305s
[INFO] [1771003190.385848279] [icp_odometry]: Odom: ratio=0.251425, std dev=0.019207m|0.006074rad, update time=0.126814s delay=0.244646s
[INFO] [1771003190.564201654] [icp_odometry]: Odom: ratio=0.247063, std dev=0.019398m|0.006134rad, update time=0.110019s delay=0.223059s
[INFO] [1771003190.778496453] [icp_odometry]: Odom: ratio=0.250366, std dev=0.019606m|0.006200rad, update time=0.120809s delay=0.237260s
[INFO] [1771003190.975367358] [icp_odometry]: Odom: ratio=0.253028, std dev=0.019723m|0.006237rad, update time=0.114298s delay=0.235024s
[INFO] [1771003191.175440710] [icp_odometry]: Odom: ratio=0.249019, std dev=0.019783m|0.006256rad, update time=0.113796s delay=0.234332s
[INFO] [1771003191.376231398] [icp_odometry]: Odom: ratio=0.248134, std dev=0.019998m|0.006324rad, update time=0.115347s delay=0.235958s
[INFO] [1771003191.579661088] [icp_odometry]: Odom: ratio=0.248974, std dev=0.019680m|0.006223rad, update time=0.124033s delay=0.238389s
[INFO] [1771003191.772581906] [icp_odometry]: Odom: ratio=0.247489, std dev=0.019129m|0.006049rad, update time=0.112518s delay=0.232259s
[INFO] [1771003191.975600479] [icp_odometry]: Odom: ratio=0.242633, std dev=0.019657m|0.006216rad, update time=0.113925s delay=0.234335s
[INFO] [1771003192.182737816] [icp_odometry]: Odom: ratio=0.248195, std dev=0.019636m|0.006209rad, update time=0.120599s delay=0.241591s
[INFO] [1771003192.378515180] [icp_odometry]: Odom: ratio=0.243542, std dev=0.019290m|0.006100rad, update time=0.118648s delay=0.237169s
[INFO] [1771003192.568389046] [icp_odometry]: Odom: ratio=0.240676, std dev=0.019380m|0.006128rad, update time=0.112419s delay=0.227295s
[INFO] [1771003192.776086947] [icp_odometry]: Odom: ratio=0.240772, std dev=0.019929m|0.006302rad, update time=0.115668s delay=0.234843s
[INFO] [1771003192.982305757] [icp_odometry]: Odom: ratio=0.247665, std dev=0.019593m|0.006196rad, update time=0.118586s delay=0.241114s
[INFO] [1771003193.187520148] [icp_odometry]: Odom: ratio=0.245037, std dev=0.019247m|0.006086rad, update time=0.119935s delay=0.246285s
[INFO] [1771003193.386296079] [icp_odometry]: Odom: ratio=0.247718, std dev=0.019335m|0.006114rad, update time=0.127839s delay=0.245943s
[INFO] [1771003193.577349249] [icp_odometry]: Odom: ratio=0.248527, std dev=0.019921m|0.006300rad, update time=0.120835s delay=0.236190s
[INFO] [1771003193.783744033] [icp_odometry]: Odom: ratio=0.244900, std dev=0.020032m|0.006335rad, update time=0.126170s delay=0.242590s
[INFO] [1771003193.975913114] [icp_odometry]: Odom: ratio=0.245821, std dev=0.019800m|0.006261rad, update time=0.115136s delay=0.234698s
[INFO] [1771003194.177900739] [icp_odometry]: Odom: ratio=0.248413, std dev=0.019937m|0.006305rad, update time=0.115912s delay=0.236850s
[INFO] [1771003194.384815316] [icp_odometry]: Odom: ratio=0.243991, std dev=0.020001m|0.006325rad, update time=0.122648s delay=0.243730s
[INFO] [1771003194.572377455] [icp_odometry]: Odom: ratio=0.246928, std dev=0.019908m|0.006296rad, update time=0.113386s delay=0.231291s
[INFO] [1771003194.786149004] [icp_odometry]: Odom: ratio=0.245091, std dev=0.019644m|0.006212rad, update time=0.123671s delay=0.245651s
[INFO] [1771003194.995683607] [icp_odometry]: Odom: ratio=0.244709, std dev=0.019790m|0.006258rad, update time=0.135278s delay=0.255283s
[INFO] [1771003195.176813717] [icp_odometry]: Odom: ratio=0.246450, std dev=0.020060m|0.006344rad, update time=0.117176s delay=0.235589s
[INFO] [1771003195.387578507] [icp_odometry]: Odom: ratio=0.244078, std dev=0.019994m|0.006323rad, update time=0.123775s delay=0.246474s
[INFO] [1771003195.585207583] [icp_odometry]: Odom: ratio=0.244123, std dev=0.020122m|0.006363rad, update time=0.125140s delay=0.244167s
[INFO] [1771003195.783186110] [icp_odometry]: Odom: ratio=0.232336, std dev=0.019361m|0.006123rad, update time=0.120527s delay=0.242121s
[INFO] [1771003195.983588977] [icp_odometry]: Odom: ratio=0.239980, std dev=0.020365m|0.006440rad, update time=0.127118s delay=0.242550s
[INFO] [1771003196.182596020] [icp_odometry]: Odom: ratio=0.234698, std dev=0.021227m|0.006712rad, update time=0.122772s delay=0.238116s
[INFO] [1771003196.383323826] [icp_odometry]: Odom: ratio=0.244980, std dev=0.019805m|0.006263rad, update time=0.120866s delay=0.242307s
[INFO] [1771003196.585199639] [icp_odometry]: Odom: ratio=0.247021, std dev=0.020017m|0.006330rad, update time=0.119941s delay=0.243817s
[INFO] [1771003196.770388448] [icp_odometry]: Odom: ratio=0.252286, std dev=0.019993m|0.006322rad, update time=0.114249s delay=0.229111s
[INFO] [1771003196.998392324] [icp_odometry]: Odom: ratio=0.253563, std dev=0.019779m|0.006255rad, update time=0.134599s delay=0.257204s
[INFO] [1771003197.183828342] [icp_odometry]: Odom: ratio=0.251544, std dev=0.019721m|0.006236rad, update time=0.124644s delay=0.242760s
[INFO] [1771003197.376303577] [icp_odometry]: Odom: ratio=0.246404, std dev=0.019873m|0.006284rad, update time=0.117041s delay=0.235255s
[INFO] [1771003197.589947569] [icp_odometry]: Odom: ratio=0.244085, std dev=0.019976m|0.006317rad, update time=0.125627s delay=0.248761s
[INFO] [1771003197.777816567] [icp_odometry]: Odom: ratio=0.244986, std dev=0.020098m|0.006356rad, update time=0.116761s delay=0.237302s
[INFO] [1771003197.996838215] [icp_odometry]: Odom: ratio=0.251749, std dev=0.019830m|0.006271rad, update time=0.131755s delay=0.255676s
[INFO] [1771003198.187007643] [icp_odometry]: Odom: ratio=0.249694, std dev=0.020373m|0.006442rad, update time=0.130511s delay=0.245444s
[INFO] [1771003198.376403541] [icp_odometry]: Odom: ratio=0.246341, std dev=0.020321m|0.006426rad, update time=0.116963s delay=0.235294s
[INFO] [1771003198.583841688] [icp_odometry]: Odom: ratio=0.245047, std dev=0.020406m|0.006453rad, update time=0.122221s delay=0.242599s
[INFO] [1771003198.779445767] [icp_odometry]: Odom: ratio=0.250128, std dev=0.019632m|0.006208rad, update time=0.121067s delay=0.238990s
[INFO] [1771003198.991496744] [icp_odometry]: Odom: ratio=0.248587, std dev=0.020142m|0.006369rad, update time=0.127545s delay=0.250414s
[INFO] [1771003199.180784958] [icp_odometry]: Odom: ratio=0.247131, std dev=0.020035m|0.006336rad, update time=0.119537s delay=0.240448s
[INFO] [1771003199.381163216] [icp_odometry]: Odom: ratio=0.247964, std dev=0.019884m|0.006288rad, update time=0.122767s delay=0.240769s
[INFO] [1771003199.573536015] [icp_odometry]: Odom: ratio=0.247542, std dev=0.019803m|0.006262rad, update time=0.116172s delay=0.232434s
[INFO] [1771003199.779133556] [icp_odometry]: Odom: ratio=0.248480, std dev=0.019738m|0.006242rad, update time=0.115366s delay=0.238749s
[INFO] [1771003199.969692629] [icp_odometry]: Odom: ratio=0.247833, std dev=0.020249m|0.006403rad, update time=0.108049s delay=0.228326s
[INFO] [1771003200.193579181] [icp_odometry]: Odom: ratio=0.245316, std dev=0.020064m|0.006345rad, update time=0.131790s delay=0.252509s
[INFO] [1771003200.388228730] [icp_odometry]: Odom: ratio=0.243493, std dev=0.020112m|0.006360rad, update time=0.127406s delay=0.247905s
[INFO] [1771003200.580857794] [icp_odometry]: Odom: ratio=0.251957, std dev=0.020117m|0.006362rad, update time=0.122451s delay=0.239720s
[INFO] [1771003200.780108878] [icp_odometry]: Odom: ratio=0.246741, std dev=0.020157m|0.006374rad, update time=0.120745s delay=0.239051s
[INFO] [1771003200.981277114] [icp_odometry]: Odom: ratio=0.250813, std dev=0.019901m|0.006293rad, update time=0.122040s delay=0.240980s
[INFO] [1771003201.186082692] [icp_odometry]: Odom: ratio=0.246540, std dev=0.020214m|0.006392rad, update time=0.123216s delay=0.245645s
[INFO] [1771003201.372423285] [icp_odometry]: Odom: ratio=0.251375, std dev=0.020087m|0.006352rad, update time=0.110143s delay=0.231274s
[INFO] [1771003201.580288967] [icp_odometry]: Odom: ratio=0.253967, std dev=0.020455m|0.006469rad, update time=0.119726s delay=0.239139s
[INFO] [1771003201.779340267] [icp_odometry]: Odom: ratio=0.250127, std dev=0.020024m|0.006332rad, update time=0.117722s delay=0.237902s
[INFO] [1771003201.978407184] [icp_odometry]: Odom: ratio=0.248763, std dev=0.020012m|0.006328rad, update time=0.121902s delay=0.237368s
[INFO] [1771003202.179454169] [icp_odometry]: Odom: ratio=0.251811, std dev=0.019761m|0.006249rad, update time=0.117147s delay=0.238212s
[INFO] [1771003202.381246363] [icp_odometry]: Odom: ratio=0.250250, std dev=0.019937m|0.006305rad, update time=0.120642s delay=0.240820s
[INFO] [1771003202.576697412] [icp_odometry]: Odom: ratio=0.243720, std dev=0.020308m|0.006422rad, update time=0.115834s delay=0.235525s
[INFO] [1771003202.780279684] [icp_odometry]: Odom: ratio=0.247194, std dev=0.019585m|0.006193rad, update time=0.123596s delay=0.238875s
[INFO] [1771003202.977469896] [icp_odometry]: Odom: ratio=0.250344, std dev=0.019819m|0.006267rad, update time=0.120399s delay=0.237094s
[INFO] [1771003203.181772801] [icp_odometry]: Odom: ratio=0.245622, std dev=0.020082m|0.006351rad, update time=0.121448s delay=0.240310s
[INFO] [1771003203.377998628] [icp_odometry]: Odom: ratio=0.243724, std dev=0.020340m|0.006432rad, update time=0.118688s delay=0.237637s
[INFO] [1771003203.573454189] [icp_odometry]: Odom: ratio=0.243372, std dev=0.020200m|0.006388rad, update time=0.113258s delay=0.232163s
[INFO] [1771003203.783935385] [icp_odometry]: Odom: ratio=0.246678, std dev=0.019834m|0.006272rad, update time=0.125882s delay=0.242876s
[INFO] [1771003203.980107963] [icp_odometry]: Odom: ratio=0.251551, std dev=0.019955m|0.006310rad, update time=0.119910s delay=0.239727s
[INFO] [1771003204.185884230] [icp_odometry]: Odom: ratio=0.246642, std dev=0.019790m|0.006258rad, update time=0.122160s delay=0.244779s
[INFO] [1771003204.384037707] [icp_odometry]: Odom: ratio=0.244749, std dev=0.019558m|0.006185rad, update time=0.119768s delay=0.242631s
[INFO] [1771003204.586125623] [icp_odometry]: Odom: ratio=0.247665, std dev=0.019932m|0.006303rad, update time=0.119393s delay=0.244673s
[INFO] [1771003204.779291250] [icp_odometry]: Odom: ratio=0.248622, std dev=0.019782m|0.006256rad, update time=0.120365s delay=0.238949s
[INFO] [1771003204.992301525] [icp_odometry]: Odom: ratio=0.250257, std dev=0.019720m|0.006236rad, update time=0.128528s delay=0.251700s
[INFO] [1771003205.178482560] [icp_odometry]: Odom: ratio=0.249907, std dev=0.019707m|0.006232rad, update time=0.117514s delay=0.237059s
[INFO] [1771003205.384501907] [icp_odometry]: Odom: ratio=0.252522, std dev=0.019732m|0.006240rad, update time=0.120567s delay=0.244168s
[INFO] [1771003205.587866251] [icp_odometry]: Odom: ratio=0.249502, std dev=0.019708m|0.006232rad, update time=0.123420s delay=0.247506s
[INFO] [1771003205.777970717] [icp_odometry]: Odom: ratio=0.248106, std dev=0.019572m|0.006189rad, update time=0.121206s delay=0.236605s
[INFO] [1771003205.988693361] [icp_odometry]: Odom: ratio=0.249336, std dev=0.019595m|0.006197rad, update time=0.128483s delay=0.248275s
[INFO] [1771003206.177188780] [icp_odometry]: Odom: ratio=0.251492, std dev=0.019538m|0.006178rad, update time=0.117376s delay=0.235944s
[INFO] [1771003206.397267745] [icp_odometry]: Odom: ratio=0.240275, std dev=0.019645m|0.006212rad, update time=0.133172s delay=0.256912s
[INFO] [1771003206.586219307] [icp_odometry]: Odom: ratio=0.240004, std dev=0.019724m|0.006237rad, update time=0.125190s delay=0.245787s
[INFO] [1771003206.783648984] [icp_odometry]: Odom: ratio=0.238868, std dev=0.019434m|0.006146rad, update time=0.121768s delay=0.243275s
[INFO] [1771003206.989906995] [icp_odometry]: Odom: ratio=0.239842, std dev=0.019131m|0.006050rad, update time=0.128128s delay=0.248609s
[INFO] [1771003207.198083920] [icp_odometry]: Odom: ratio=0.242789, std dev=0.019249m|0.006087rad, update time=0.136029s delay=0.257667s
[INFO] [1771003207.377954275] [icp_odometry]: Odom: ratio=0.238124, std dev=0.019613m|0.006202rad, update time=0.118892s delay=0.236669s
[INFO] [1771003207.585669520] [icp_odometry]: Odom: ratio=0.241490, std dev=0.019547m|0.006181rad, update time=0.122211s delay=0.244473s
[INFO] [1771003207.790151407] [icp_odometry]: Odom: ratio=0.245150, std dev=0.019627m|0.006207rad, update time=0.126579s delay=0.248912s
[INFO] [1771003207.987580187] [icp_odometry]: Odom: ratio=0.242558, std dev=0.019490m|0.006163rad, update time=0.124694s delay=0.245576s
[INFO] [1771003208.222559311] [icp_odometry]: Odom: ratio=0.240472, std dev=0.019032m|0.006018rad, update time=0.163746s delay=0.281166s
[INFO] [1771003208.387020370] [icp_odometry]: Odom: ratio=0.242081, std dev=0.019571m|0.006189rad, update time=0.129440s delay=0.246617s
[INFO] [1771003208.581408982] [icp_odometry]: Odom: ratio=0.240102, std dev=0.019259m|0.006090rad, update time=0.116876s delay=0.239981s
[INFO] [1771003208.782608292] [icp_odometry]: Odom: ratio=0.240228, std dev=0.019476m|0.006159rad, update time=0.123892s delay=0.242213s
[INFO] [1771003208.980060658] [icp_odometry]: Odom: ratio=0.239178, std dev=0.019491m|0.006164rad, update time=0.121093s delay=0.238913s
[INFO] [1771003209.192465088] [icp_odometry]: Odom: ratio=0.232353, std dev=0.019294m|0.006101rad, update time=0.123938s delay=0.251150s
[INFO] [1771003209.386123563] [icp_odometry]: Odom: ratio=0.239689, std dev=0.019289m|0.006100rad, update time=0.130559s delay=0.245757s
[INFO] [1771003209.582862144] [icp_odometry]: Odom: ratio=0.241108, std dev=0.019051m|0.006024rad, update time=0.124532s delay=0.241423s
[INFO] [1771003209.778356267] [icp_odometry]: Odom: ratio=0.237667, std dev=0.019734m|0.006241rad, update time=0.119507s delay=0.237951s
[INFO] [1771003209.996818600] [icp_odometry]: Odom: ratio=0.247315, std dev=0.019597m|0.006197rad, update time=0.137320s delay=0.256313s
[INFO] [1771003210.189310476] [icp_odometry]: Odom: ratio=0.245375, std dev=0.019663m|0.006218rad, update time=0.127862s delay=0.247759s
[INFO] [1771003210.389175788] [icp_odometry]: Odom: ratio=0.236820, std dev=0.019358m|0.006121rad, update time=0.132877s delay=0.248744s
[INFO] [1771003210.600331279] [icp_odometry]: Odom: ratio=0.242730, std dev=0.019180m|0.006065rad, update time=0.138607s delay=0.259884s
[INFO] [1771003210.795436812] [icp_odometry]: Odom: ratio=0.240732, std dev=0.020006m|0.006327rad, update time=0.140546s delay=0.254137s
[INFO] [1771003210.989951669] [icp_odometry]: Odom: ratio=0.242365, std dev=0.019499m|0.006166rad, update time=0.124894s delay=0.249638s
[INFO] [1771003211.182533692] [icp_odometry]: Odom: ratio=0.244506, std dev=0.019313m|0.006107rad, update time=0.121094s delay=0.242100s
[INFO] [1771003211.386215967] [icp_odometry]: Odom: ratio=0.242283, std dev=0.019615m|0.006203rad, update time=0.123454s delay=0.245894s
[INFO] [1771003211.586605361] [icp_odometry]: Odom: ratio=0.238137, std dev=0.019734m|0.006240rad, update time=0.131440s delay=0.245480s
[INFO] [1771003211.782267297] [icp_odometry]: Odom: ratio=0.241335, std dev=0.019074m|0.006032rad, update time=0.123962s delay=0.241954s
[INFO] [1771003211.988903593] [icp_odometry]: Odom: ratio=0.240633, std dev=0.019155m|0.006057rad, update time=0.127496s delay=0.248543s
[INFO] [1771003212.196807293] [icp_odometry]: Odom: ratio=0.246638, std dev=0.019675m|0.006222rad, update time=0.133430s delay=0.256388s
[INFO] [1771003212.381884899] [icp_odometry]: Odom: ratio=0.242713, std dev=0.019519m|0.006172rad, update time=0.120571s delay=0.240704s
[INFO] [1771003212.583378907] [icp_odometry]: Odom: ratio=0.241287, std dev=0.019333m|0.006114rad, update time=0.126186s delay=0.242238s
[INFO] [1771003212.779664672] [icp_odometry]: Odom: ratio=0.234795, std dev=0.019331m|0.006113rad, update time=0.117016s delay=0.238365s
[INFO] [1771003212.986778489] [icp_odometry]: Odom: ratio=0.241331, std dev=0.019113m|0.006044rad, update time=0.130563s delay=0.246430s
[INFO] [1771003213.180951158] [icp_odometry]: Odom: ratio=0.239285, std dev=0.019572m|0.006189rad, update time=0.124536s delay=0.239489s
[INFO] [1771003213.395936252] [icp_odometry]: Odom: ratio=0.241535, std dev=0.019167m|0.006061rad, update time=0.134349s delay=0.255537s
[INFO] [1771003213.578305541] [icp_odometry]: Odom: ratio=0.239639, std dev=0.019996m|0.006323rad, update time=0.120148s delay=0.237949s
[INFO] [1771003213.787872690] [icp_odometry]: Odom: ratio=0.236336, std dev=0.019902m|0.006294rad, update time=0.131264s delay=0.247402s
[INFO] [1771003213.987607053] [icp_odometry]: Odom: ratio=0.235288, std dev=0.019851m|0.006277rad, update time=0.122124s delay=0.247271s
[INFO] [1771003214.175694906] [icp_odometry]: Odom: ratio=0.236323, std dev=0.019811m|0.006265rad, update time=0.117292s delay=0.235328s
[INFO] [1771003214.370082846] [icp_odometry]: Odom: ratio=0.237297, std dev=0.019501m|0.006167rad, update time=0.113198s delay=0.228902s
[INFO] [1771003214.586578488] [icp_odometry]: Odom: ratio=0.233426, std dev=0.020278m|0.006413rad, update time=0.124237s delay=0.245214s
[INFO] [1771003214.794734613] [icp_odometry]: Odom: ratio=0.234559, std dev=0.019957m|0.006311rad, update time=0.130481s delay=0.254216s
[INFO] [1771003214.988507940] [icp_odometry]: Odom: ratio=0.237975, std dev=0.020425m|0.006459rad, update time=0.132188s delay=0.248120s
[INFO] [1771003215.170836492] [icp_odometry]: Odom: ratio=0.239596, std dev=0.020507m|0.006485rad, update time=0.113474s delay=0.229399s
[INFO] [1771003215.373882393] [icp_odometry]: Odom: ratio=0.236914, std dev=0.021234m|0.006715rad, update time=0.114552s delay=0.233389s
[INFO] [1771003215.585285444] [icp_odometry]: Odom: ratio=0.241333, std dev=0.020271m|0.006410rad, update time=0.123008s delay=0.244121s
[INFO] [1771003215.785791226] [icp_odometry]: Odom: ratio=0.238644, std dev=0.020660m|0.006533rad, update time=0.123477s delay=0.245433s
[INFO] [1771003215.985993510] [icp_odometry]: Odom: ratio=0.239345, std dev=0.020480m|0.006476rad, update time=0.122469s delay=0.245530s
[INFO] [1771003216.180005534] [icp_odometry]: Odom: ratio=0.234702, std dev=0.020718m|0.006552rad, update time=0.125602s delay=0.238855s
[INFO] [1771003216.368205102] [icp_odometry]: Odom: ratio=0.239401, std dev=0.020785m|0.006573rad, update time=0.112566s delay=0.227758s
[INFO] [1771003216.571208346] [icp_odometry]: Odom: ratio=0.239279, std dev=0.019891m|0.006290rad, update time=0.110516s delay=0.230772s
[INFO] [1771003216.783661098] [icp_odometry]: Odom: ratio=0.238441, std dev=0.020003m|0.006326rad, update time=0.122586s delay=0.242463s
[INFO] [1771003216.989729694] [icp_odometry]: Odom: ratio=0.235134, std dev=0.020446m|0.006465rad, update time=0.134501s delay=0.248359s
[INFO] [1771003217.173358194] [icp_odometry]: Odom: ratio=0.238325, std dev=0.019921m|0.006300rad, update time=0.118449s delay=0.232992s
[INFO] [1771003217.376684745] [icp_odometry]: Odom: ratio=0.232921, std dev=0.020499m|0.006482rad, update time=0.117784s delay=0.235125s
[INFO] [1771003217.583362579] [icp_odometry]: Odom: ratio=0.236997, std dev=0.019871m|0.006284rad, update time=0.121457s delay=0.242884s
[INFO] [1771003217.772469794] [icp_odometry]: Odom: ratio=0.229315, std dev=0.019545m|0.006181rad, update time=0.112953s delay=0.232016s
[INFO] [1771003217.973437480] [icp_odometry]: Odom: ratio=0.237318, std dev=0.019965m|0.006314rad, update time=0.114573s delay=0.232961s
[INFO] [1771003218.179135440] [icp_odometry]: Odom: ratio=0.233640, std dev=0.019678m|0.006223rad, update time=0.122632s delay=0.237814s
[INFO] [1771003218.380465859] [icp_odometry]: Odom: ratio=0.237445, std dev=0.019902m|0.006293rad, update time=0.119464s delay=0.239987s
[INFO] [1771003218.579012566] [icp_odometry]: Odom: ratio=0.232926, std dev=0.020135m|0.006367rad, update time=0.116746s delay=0.237789s
[INFO] [1771003218.770208461] [icp_odometry]: Odom: ratio=0.236228, std dev=0.020666m|0.006535rad, update time=0.110229s delay=0.229836s
[INFO] [1771003218.971591969] [icp_odometry]: Odom: ratio=0.237229, std dev=0.019480m|0.006160rad, update time=0.109617s delay=0.231136s
[INFO] [1771003219.173041944] [icp_odometry]: Odom: ratio=0.227830, std dev=0.019998m|0.006324rad, update time=0.111498s delay=0.232569s
[INFO] [1771003219.379647807] [icp_odometry]: Odom: ratio=0.227603, std dev=0.020596m|0.006513rad, update time=0.121402s delay=0.238293s
[INFO] [1771003219.579661092] [icp_odometry]: Odom: ratio=0.234637, std dev=0.020970m|0.006631rad, update time=0.123866s delay=0.239280s
[INFO] [1771003219.769559599] [icp_odometry]: Odom: ratio=0.235195, std dev=0.020428m|0.006460rad, update time=0.112996s delay=0.229182s
[INFO] [1771003219.975754728] [icp_odometry]: Odom: ratio=0.234377, std dev=0.020311m|0.006423rad, update time=0.115344s delay=0.235327s
[INFO] [1771003220.173075793] [icp_odometry]: Odom: ratio=0.233866, std dev=0.020392m|0.006448rad, update time=0.113333s delay=0.231738s
[INFO] [1771003220.368780035] [icp_odometry]: Odom: ratio=0.227243, std dev=0.021586m|0.006826rad, update time=0.111881s delay=0.228391s
[INFO] [1771003220.571738573] [icp_odometry]: Odom: ratio=0.229375, std dev=0.019950m|0.006309rad, update time=0.110811s delay=0.231281s
[INFO] [1771003220.771556043] [icp_odometry]: Odom: ratio=0.236443, std dev=0.019812m|0.006265rad, update time=0.110998s delay=0.230281s
[INFO] [1771003220.979209047] [icp_odometry]: Odom: ratio=0.235465, std dev=0.020270m|0.006410rad, update time=0.117247s delay=0.237956s
[INFO] [1771003221.163531394] [icp_odometry]: Odom: ratio=0.236671, std dev=0.019819m|0.006267rad, update time=0.108687s delay=0.222123s
[INFO] [1771003221.365278147] [icp_odometry]: Odom: ratio=0.232918, std dev=0.020813m|0.006582rad, update time=0.107113s delay=0.224694s
[INFO] [1771003221.564449355] [icp_odometry]: Odom: ratio=0.224556, std dev=0.020810m|0.006581rad, update time=0.106154s delay=0.223919s
[INFO] [1771003221.772042324] [icp_odometry]: Odom: ratio=0.228326, std dev=0.020682m|0.006540rad, update time=0.109650s delay=0.231526s
[INFO] [1771003221.971778928] [icp_odometry]: Odom: ratio=0.237196, std dev=0.020078m|0.006349rad, update time=0.111793s delay=0.230534s
[INFO] [1771003222.157180449] [icp_odometry]: Odom: ratio=0.235054, std dev=0.020324m|0.006427rad, update time=0.096959s delay=0.216791s
[INFO] [1771003222.264990255] [icp_odometry]: Odom: ratio=0.236508, std dev=0.020664m|0.006535rad, update time=0.105491s delay=0.224468s
[INFO] [1771003222.471647928] [icp_odometry]: Odom: ratio=0.236873, std dev=0.020341m|0.006432rad, update time=0.114070s delay=0.230382s
[INFO] [1771003222.662194681] [icp_odometry]: Odom: ratio=0.233064, std dev=0.020364m|0.006440rad, update time=0.103536s delay=0.221699s
[INFO] [1771003222.869685982] [icp_odometry]: Odom: ratio=0.241092, std dev=0.020595m|0.006513rad, update time=0.109328s delay=0.228366s
[INFO] [1771003223.081554714] [icp_odometry]: Odom: ratio=0.240017, std dev=0.021043m|0.006654rad, update time=0.121920s delay=0.241106s
[INFO] [1771003223.273894200] [icp_odometry]: Odom: ratio=0.229367, std dev=0.020414m|0.006455rad, update time=0.117054s delay=0.232557s
[INFO] [1771003223.461932835] [icp_odometry]: Odom: ratio=0.233353, std dev=0.020876m|0.006602rad, update time=0.106142s delay=0.221442s
[INFO] [1771003223.662137647] [icp_odometry]: Odom: ratio=0.234313, std dev=0.020918m|0.006615rad, update time=0.104632s delay=0.221575s
[INFO] [1771003223.862859756] [icp_odometry]: Odom: ratio=0.229403, std dev=0.021287m|0.006731rad, update time=0.104816s delay=0.222418s
[INFO] [1771003224.069640890] [icp_odometry]: Odom: ratio=0.232700, std dev=0.021378m|0.006760rad, update time=0.108866s delay=0.229137s
[INFO] [1771003224.263093438] [icp_odometry]: Odom: ratio=0.232923, std dev=0.020178m|0.006381rad, update time=0.108638s delay=0.222551s
[INFO] [1771003224.464826014] [icp_odometry]: Odom: ratio=0.229513, std dev=0.020309m|0.006422rad, update time=0.106259s delay=0.224259s
[INFO] [1771003224.659767318] [icp_odometry]: Odom: ratio=0.241265, std dev=0.020011m|0.006328rad, update time=0.102985s delay=0.219228s
[INFO] [1771003224.886827770] [icp_odometry]: Odom: ratio=0.243687, std dev=0.019985m|0.006320rad, update time=0.126094s delay=0.246378s
[INFO] [1771003225.061311252] [icp_odometry]: Odom: ratio=0.237872, std dev=0.020008m|0.006327rad, update time=0.104997s delay=0.220815s
[INFO] [1771003225.269100740] [icp_odometry]: Odom: ratio=0.242088, std dev=0.019152m|0.006056rad, update time=0.108960s delay=0.228661s
[INFO] [1771003225.460616646] [icp_odometry]: Odom: ratio=0.248835, std dev=0.019145m|0.006054rad, update time=0.105897s delay=0.219341s
[INFO] [1771003225.574097046] [icp_odometry]: Odom: ratio=0.250000, std dev=0.020345m|0.006434rad, update time=0.111998s delay=0.233605s
[INFO] [1771003225.759474342] [icp_odometry]: Odom: ratio=0.239529, std dev=0.019748m|0.006245rad, update time=0.105893s delay=0.218966s
[INFO] [1771003225.863667928] [icp_odometry]: Odom: ratio=0.237940, std dev=0.019816m|0.006266rad, update time=0.103292s delay=0.222137s
[INFO] [1771003226.084552361] [icp_odometry]: Odom: ratio=0.241256, std dev=0.020215m|0.006393rad, update time=0.122352s delay=0.244093s
[INFO] [1771003226.266798253] [icp_odometry]: Odom: ratio=0.230943, std dev=0.021139m|0.006685rad, update time=0.109453s delay=0.225467s
[INFO] [1771003226.463889486] [icp_odometry]: Odom: ratio=0.240112, std dev=0.020489m|0.006479rad, update time=0.102891s delay=0.223407s
[INFO] [1771003226.685481559] [icp_odometry]: Odom: ratio=0.248386, std dev=0.020199m|0.006387rad, update time=0.124216s delay=0.244995s
[INFO] [1771003226.864875546] [icp_odometry]: Odom: ratio=0.249413, std dev=0.019865m|0.006282rad, update time=0.109001s delay=0.224285s
[INFO] [1771003227.064220904] [icp_odometry]: Odom: ratio=0.245349, std dev=0.019803m|0.006262rad, update time=0.103701s delay=0.222981s
[INFO] [1771003227.269928401] [icp_odometry]: Odom: ratio=0.246515, std dev=0.019840m|0.006274rad, update time=0.108235s delay=0.229308s
[INFO] [1771003227.469710478] [icp_odometry]: Odom: ratio=0.245242, std dev=0.019556m|0.006184rad, update time=0.109839s delay=0.228357s
[INFO] [1771003227.671330538] [icp_odometry]: Odom: ratio=0.245795, std dev=0.019776m|0.006254rad, update time=0.111261s delay=0.230850s
[INFO] [1771003227.860847208] [icp_odometry]: Odom: ratio=0.245652, std dev=0.020245m|0.006402rad, update time=0.101980s delay=0.219370s
[INFO] [1771003228.068764860] [icp_odometry]: Odom: ratio=0.247759, std dev=0.020086m|0.006352rad, update time=0.114331s delay=0.228217s
[INFO] [1771003228.261961912] [icp_odometry]: Odom: ratio=0.244253, std dev=0.019848m|0.006276rad, update time=0.101975s delay=0.221492s
[INFO] [1771003228.465045798] [icp_odometry]: Odom: ratio=0.246676, std dev=0.019842m|0.006275rad, update time=0.105629s delay=0.224466s
[INFO] [1771003228.661972802] [icp_odometry]: Odom: ratio=0.249321, std dev=0.019721m|0.006236rad, update time=0.105093s delay=0.221560s
[INFO] [1771003228.871999998] [icp_odometry]: Odom: ratio=0.237235, std dev=0.020637m|0.006526rad, update time=0.113255s delay=0.231459s
[INFO] [1771003229.063347099] [icp_odometry]: Odom: ratio=0.238071, std dev=0.019922m|0.006300rad, update time=0.106485s delay=0.222760s
[INFO] [1771003229.264393699] [icp_odometry]: Odom: ratio=0.234823, std dev=0.020365m|0.006440rad, update time=0.107491s delay=0.223056s
[INFO] [1771003229.456040138] [icp_odometry]: Odom: ratio=0.230825, std dev=0.021174m|0.006696rad, update time=0.099585s delay=0.215324s
[INFO] [1771003229.662006747] [icp_odometry]: Odom: ratio=0.239831, std dev=0.021314m|0.006740rad, update time=0.104552s delay=0.221535s
[INFO] [1771003229.854579265] [icp_odometry]: Odom: ratio=0.235477, std dev=0.021048m|0.006656rad, update time=0.096851s delay=0.214112s
[INFO] [1771003230.061216874] [icp_odometry]: Odom: ratio=0.229911, std dev=0.022324m|0.007059rad, update time=0.103174s delay=0.220576s
[INFO] [1771003230.259861728] [icp_odometry]: Odom: ratio=0.231070, std dev=0.021552m|0.006815rad, update time=0.108773s delay=0.219361s
[INFO] [1771003230.453374887] [icp_odometry]: Odom: ratio=0.230000, std dev=0.021305m|0.006737rad, update time=0.097879s delay=0.212108s
[INFO] [1771003230.537482473] [icp_odometry]: Odom: ratio=0.237791, std dev=0.020292m|0.006417rad, update time=0.082573s delay=0.196973s
[INFO] [1771003230.642835938] [icp_odometry]: Odom: ratio=0.233683, std dev=0.020397m|0.006450rad, update time=0.091159s delay=0.201512s
[INFO] [1771003230.735406310] [icp_odometry]: Odom: ratio=0.238639, std dev=0.019906m|0.006295rad, update time=0.081197s delay=0.194830s
[INFO] [1771003230.841303827] [icp_odometry]: Odom: ratio=0.237876, std dev=0.020102m|0.006357rad, update time=0.085832s delay=0.199847s
[INFO] [1771003230.948857784] [icp_odometry]: Odom: ratio=0.237914, std dev=0.020251m|0.006404rad, update time=0.095335s delay=0.207572s
[INFO] [1771003231.038997865] [icp_odometry]: Odom: ratio=0.234739, std dev=0.020808m|0.006580rad, update time=0.083749s delay=0.198536s
[INFO] [1771003231.146289893] [icp_odometry]: Odom: ratio=0.235353, std dev=0.020609m|0.006517rad, update time=0.092524s delay=0.205794s
[INFO] [1771003231.255720010] [icp_odometry]: Odom: ratio=0.232242, std dev=0.020380m|0.006445rad, update time=0.095056s delay=0.215125s
[INFO] [1771003231.350095148] [icp_odometry]: Odom: ratio=0.231610, std dev=0.020288m|0.006416rad, update time=0.092451s delay=0.209610s
[INFO] [1771003231.447360209] [icp_odometry]: Odom: ratio=0.230078, std dev=0.020920m|0.006616rad, update time=0.095644s delay=0.206837s
[INFO] [1771003231.546137897] [icp_odometry]: Odom: ratio=0.235121, std dev=0.020267m|0.006409rad, update time=0.092234s delay=0.205657s
[INFO] [1771003231.644554677] [icp_odometry]: Odom: ratio=0.240973, std dev=0.021334m|0.006746rad, update time=0.089893s delay=0.203306s
[INFO] [1771003231.751152282] [icp_odometry]: Odom: ratio=0.234875, std dev=0.020757m|0.006564rad, update time=0.095933s delay=0.210638s
[INFO] [1771003231.850794960] [icp_odometry]: Odom: ratio=0.239778, std dev=0.021220m|0.006710rad, update time=0.091594s delay=0.210245s
[INFO] [1771003231.944504283] [icp_odometry]: Odom: ratio=0.234372, std dev=0.020275m|0.006412rad, update time=0.089699s delay=0.203174s
[INFO] [1771003232.052809050] [icp_odometry]: Odom: ratio=0.231153, std dev=0.020107m|0.006358rad, update time=0.098731s delay=0.211554s
[INFO] [1771003232.154184267] [icp_odometry]: Odom: ratio=0.235863, std dev=0.020415m|0.006456rad, update time=0.099558s delay=0.213637s
[INFO] [1771003232.242748390] [icp_odometry]: Odom: ratio=0.241863, std dev=0.020094m|0.006354rad, update time=0.085028s delay=0.202109s
[INFO] [1771003232.344514853] [icp_odometry]: Odom: ratio=0.237788, std dev=0.019896m|0.006292rad, update time=0.090886s delay=0.202979s
[INFO] [1771003232.443921811] [icp_odometry]: Odom: ratio=0.236943, std dev=0.019766m|0.006251rad, update time=0.092737s delay=0.202483s
[INFO] [1771003232.545943387] [icp_odometry]: Odom: ratio=0.240091, std dev=0.020215m|0.006393rad, update time=0.092400s delay=0.205363s
[INFO] [1771003232.652796200] [icp_odometry]: Odom: ratio=0.241341, std dev=0.019835m|0.006272rad, update time=0.094750s delay=0.212217s
[INFO] [1771003232.757774325] [icp_odometry]: Odom: ratio=0.237819, std dev=0.020560m|0.006502rad, update time=0.098306s delay=0.217092s
[INFO] [1771003232.962827719] [icp_odometry]: Odom: ratio=0.246798, std dev=0.020063m|0.006344rad, update time=0.103264s delay=0.222266s
[INFO] [1771003233.158104746] [icp_odometry]: Odom: ratio=0.243373, std dev=0.020151m|0.006372rad, update time=0.099312s delay=0.217579s
[INFO] [1771003233.355097512] [icp_odometry]: Odom: ratio=0.243075, std dev=0.019928m|0.006302rad, update time=0.095154s delay=0.214528s
[INFO] [1771003233.453724091] [icp_odometry]: Odom: ratio=0.244125, std dev=0.019723m|0.006237rad, update time=0.093937s delay=0.213186s
[INFO] [1771003233.554249296] [icp_odometry]: Odom: ratio=0.239942, std dev=0.020268m|0.006409rad, update time=0.098788s delay=0.213698s
[INFO] [1771003233.758638475] [icp_odometry]: Odom: ratio=0.240444, std dev=0.020559m|0.006501rad, update time=0.100576s delay=0.218180s
[INFO] [1771003233.963737342] [icp_odometry]: Odom: ratio=0.242064, std dev=0.020298m|0.006419rad, update time=0.105922s delay=0.223178s
[INFO] [1771003234.160043717] [icp_odometry]: Odom: ratio=0.243275, std dev=0.020319m|0.006425rad, update time=0.100729s delay=0.219438s
[INFO] [1771003234.363217878] [icp_odometry]: Odom: ratio=0.240185, std dev=0.020884m|0.006604rad, update time=0.105973s delay=0.222389s
[INFO] [1771003234.552862168] [icp_odometry]: Odom: ratio=0.234239, std dev=0.020897m|0.006608rad, update time=0.097460s delay=0.212225s
[INFO] [1771003234.660055505] [icp_odometry]: Odom: ratio=0.243596, std dev=0.020294m|0.006417rad, update time=0.103001s delay=0.219452s
[INFO] [1771003234.872263864] [icp_odometry]: Odom: ratio=0.243861, std dev=0.020275m|0.006411rad, update time=0.114999s delay=0.231652s
[INFO] [1771003235.064094117] [icp_odometry]: Odom: ratio=0.234951, std dev=0.020454m|0.006468rad, update time=0.105642s delay=0.222794s
[INFO] [1771003235.260427276] [icp_odometry]: Odom: ratio=0.244928, std dev=0.020035m|0.006336rad, update time=0.101755s delay=0.219851s
[INFO] [1771003235.475528503] [icp_odometry]: Odom: ratio=0.240047, std dev=0.020683m|0.006540rad, update time=0.113032s delay=0.235003s
[INFO] [1771003235.662041709] [icp_odometry]: Odom: ratio=0.235424, std dev=0.020442m|0.006464rad, update time=0.108592s delay=0.221562s
[INFO] [1771003235.864350305] [icp_odometry]: Odom: ratio=0.241278, std dev=0.021128m|0.006681rad, update time=0.102996s delay=0.223032s
[INFO] [1771003236.068630073] [icp_odometry]: Odom: ratio=0.243523, std dev=0.020473m|0.006474rad, update time=0.109867s delay=0.227302s
[INFO] [1771003236.282748449] [icp_odometry]: Odom: ratio=0.236185, std dev=0.022241m|0.007033rad, update time=0.121683s delay=0.241192s
[INFO] [1771003236.467839143] [icp_odometry]: Odom: ratio=0.232546, std dev=0.024309m|0.007687rad, update time=0.110604s delay=0.227285s
[INFO] [1771003236.672027580] [icp_odometry]: Odom: ratio=0.235956, std dev=0.024231m|0.007662rad, update time=0.112893s delay=0.231496s
[INFO] [1771003236.874072358] [icp_odometry]: Odom: ratio=0.244771, std dev=0.023231m|0.007346rad, update time=0.114400s delay=0.233462s
[INFO] [1771003237.069729750] [icp_odometry]: Odom: ratio=0.240875, std dev=0.022684m|0.007173rad, update time=0.111004s delay=0.229223s
[INFO] [1771003237.285313297] [icp_odometry]: Odom: ratio=0.242170, std dev=0.022729m|0.007187rad, update time=0.122443s delay=0.244654s
[INFO] [1771003237.477398759] [icp_odometry]: Odom: ratio=0.241401, std dev=0.022110m|0.006992rad, update time=0.122733s delay=0.235835s
[INFO] [1771003237.667137548] [icp_odometry]: Odom: ratio=0.245861, std dev=0.022104m|0.006990rad, update time=0.111870s delay=0.226482s
[INFO] [1771003237.889403500] [icp_odometry]: Odom: ratio=0.247834, std dev=0.021964m|0.006945rad, update time=0.135382s delay=0.248872s
[INFO] [1771003238.077045993] [icp_odometry]: Odom: ratio=0.244805, std dev=0.022010m|0.006960rad, update time=0.122637s delay=0.236296s
[INFO] [1771003238.263215380] [icp_odometry]: Odom: ratio=0.247342, std dev=0.021352m|0.006752rad, update time=0.104849s delay=0.221720s
[INFO] [1771003238.473568412] [icp_odometry]: Odom: ratio=0.251097, std dev=0.021810m|0.006897rad, update time=0.111700s delay=0.232896s
[INFO] [1771003238.675438369] [icp_odometry]: Odom: ratio=0.242307, std dev=0.022166m|0.007010rad, update time=0.119479s delay=0.233988s
[INFO] [1771003238.864580753] [icp_odometry]: Odom: ratio=0.243161, std dev=0.021911m|0.006929rad, update time=0.105707s delay=0.224027s
[INFO] [1771003239.075923835] [icp_odometry]: Odom: ratio=0.244262, std dev=0.022180m|0.007014rad, update time=0.114684s delay=0.235380s
[INFO] [1771003239.259234916] [icp_odometry]: Odom: ratio=0.248139, std dev=0.021270m|0.006726rad, update time=0.102592s delay=0.218592s
[INFO] [1771003239.477401175] [icp_odometry]: Odom: ratio=0.246034, std dev=0.021911m|0.006929rad, update time=0.118289s delay=0.235984s
[INFO] [1771003239.674365556] [icp_odometry]: Odom: ratio=0.246801, std dev=0.022157m|0.007007rad, update time=0.115178s delay=0.233817s
[INFO] [1771003239.868640533] [icp_odometry]: Odom: ratio=0.247670, std dev=0.022393m|0.007081rad, update time=0.109402s delay=0.228062s
[INFO] [1771003240.056139853] [icp_odometry]: Odom: ratio=0.256379, std dev=0.021843m|0.006907rad, update time=0.101528s delay=0.215510s
[INFO] [1771003240.252008997] [icp_odometry]: Odom: ratio=0.253189, std dev=0.021528m|0.006808rad, update time=0.094335s delay=0.211373s
[INFO] [1771003240.348627091] [icp_odometry]: Odom: ratio=0.251896, std dev=0.021789m|0.006890rad, update time=0.093449s delay=0.207130s
[INFO] [1771003240.448892319] [icp_odometry]: Odom: ratio=0.253437, std dev=0.020948m|0.006624rad, update time=0.093491s delay=0.207394s
[INFO] [1771003240.546450349] [icp_odometry]: Odom: ratio=0.251715, std dev=0.022006m|0.006959rad, update time=0.089798s delay=0.205003s
[INFO] [1771003240.661585654] [icp_odometry]: Odom: ratio=0.252729, std dev=0.021263m|0.006724rad, update time=0.109552s delay=0.220930s
[INFO] [1771003240.850743464] [icp_odometry]: Odom: ratio=0.251545, std dev=0.021183m|0.006699rad, update time=0.097261s delay=0.209291s
[INFO] [1771003240.956852443] [icp_odometry]: Odom: ratio=0.253182, std dev=0.021553m|0.006816rad, update time=0.099234s delay=0.215467s
[INFO] [1771003241.153960701] [icp_odometry]: Odom: ratio=0.248819, std dev=0.021594m|0.006829rad, update time=0.098571s delay=0.212518s
[INFO] [1771003241.360668296] [icp_odometry]: Odom: ratio=0.244836, std dev=0.021222m|0.006711rad, update time=0.099602s delay=0.219990s
[INFO] [1771003241.550823547] [icp_odometry]: Odom: ratio=0.248146, std dev=0.021546m|0.006813rad, update time=0.092565s delay=0.210222s
[INFO] [1771003241.642167189] [icp_odometry]: Odom: ratio=0.247577, std dev=0.020672m|0.006537rad, update time=0.084516s delay=0.200632s
[INFO] [1771003241.753329622] [icp_odometry]: Odom: ratio=0.249873, std dev=0.021175m|0.006696rad, update time=0.097841s delay=0.212717s
[INFO] [1771003241.855259675] [icp_odometry]: Odom: ratio=0.251176, std dev=0.020906m|0.006611rad, update time=0.095108s delay=0.214726s
[INFO] [1771003241.945528912] [icp_odometry]: Odom: ratio=0.247862, std dev=0.021041m|0.006654rad, update time=0.089395s delay=0.204890s
[INFO] [1771003242.051404923] [icp_odometry]: Odom: ratio=0.246013, std dev=0.022176m|0.007013rad, update time=0.097673s delay=0.209900s
[INFO] [1771003242.253076217] [icp_odometry]: Odom: ratio=0.246694, std dev=0.022289m|0.007048rad, update time=0.096312s delay=0.212411s
[INFO] [1771003242.352016856] [icp_odometry]: Odom: ratio=0.250793, std dev=0.021265m|0.006725rad, update time=0.095444s delay=0.211407s
[INFO] [1771003242.451774930] [icp_odometry]: Odom: ratio=0.256074, std dev=0.021485m|0.006794rad, update time=0.095649s delay=0.210179s
[INFO] [1771003242.554675671] [icp_odometry]: Odom: ratio=0.255718, std dev=0.021198m|0.006703rad, update time=0.100595s delay=0.213227s
[INFO] [1771003242.764514829] [icp_odometry]: Odom: ratio=0.255873, std dev=0.021362m|0.006755rad, update time=0.104304s delay=0.222968s
[INFO] [1771003242.965718299] [icp_odometry]: Odom: ratio=0.254479, std dev=0.022096m|0.006987rad, update time=0.106636s delay=0.225005s
[INFO] [1771003243.161301449] [icp_odometry]: Odom: ratio=0.257265, std dev=0.020848m|0.006593rad, update time=0.107792s delay=0.219889s
[INFO] [1771003243.369160635] [icp_odometry]: Odom: ratio=0.257272, std dev=0.020957m|0.006627rad, update time=0.106925s delay=0.228528s
[INFO] [1771003243.571219238] [icp_odometry]: Odom: ratio=0.255336, std dev=0.020660m|0.006533rad, update time=0.108974s delay=0.230599s
[INFO] [1771003243.774269876] [icp_odometry]: Odom: ratio=0.254089, std dev=0.020791m|0.006575rad, update time=0.115536s delay=0.233594s
[INFO] [1771003243.965042812] [icp_odometry]: Odom: ratio=0.256630, std dev=0.021493m|0.006797rad, update time=0.105225s delay=0.224460s
[INFO] [1771003244.169871911] [icp_odometry]: Odom: ratio=0.256884, std dev=0.021574m|0.006822rad, update time=0.110044s delay=0.229242s
[INFO] [1771003244.360197824] [icp_odometry]: Odom: ratio=0.257873, std dev=0.020928m|0.006618rad, update time=0.105477s delay=0.219482s
[INFO] [1771003244.565973675] [icp_odometry]: Odom: ratio=0.256875, std dev=0.020769m|0.006568rad, update time=0.105759s delay=0.224546s
[INFO] [1771003244.760129159] [icp_odometry]: Odom: ratio=0.261405, std dev=0.020826m|0.006586rad, update time=0.100225s delay=0.219435s
[INFO] [1771003244.954932634] [icp_odometry]: Odom: ratio=0.262239, std dev=0.021520m|0.006805rad, update time=0.099170s delay=0.213375s
[INFO] [1771003245.161255192] [icp_odometry]: Odom: ratio=0.260687, std dev=0.021438m|0.006779rad, update time=0.101655s delay=0.219747s
[INFO] [1771003245.365839322] [icp_odometry]: Odom: ratio=0.263469, std dev=0.021124m|0.006680rad, update time=0.112229s delay=0.224229s
[INFO] [1771003245.550269385] [icp_odometry]: Odom: ratio=0.256956, std dev=0.021102m|0.006673rad, update time=0.095493s delay=0.209682s
[INFO] [1771003245.647104575] [icp_odometry]: Odom: ratio=0.256670, std dev=0.021800m|0.006894rad, update time=0.093822s delay=0.206438s
[INFO] [1771003245.749199305] [icp_odometry]: Odom: ratio=0.257568, std dev=0.021520m|0.006805rad, update time=0.095894s delay=0.208569s
[INFO] [1771003245.852981261] [icp_odometry]: Odom: ratio=0.261604, std dev=0.021835m|0.006905rad, update time=0.095702s delay=0.212244s
[INFO] [1771003245.955363265] [icp_odometry]: Odom: ratio=0.255246, std dev=0.021279m|0.006729rad, update time=0.098826s delay=0.214765s
[INFO] [1771003246.062439446] [icp_odometry]: Odom: ratio=0.257345, std dev=0.021502m|0.006800rad, update time=0.103438s delay=0.220805s
[INFO] [1771003246.266778671] [icp_odometry]: Odom: ratio=0.263858, std dev=0.021539m|0.006811rad, update time=0.108231s delay=0.226077s
[INFO] [1771003246.466307044] [icp_odometry]: Odom: ratio=0.255846, std dev=0.020943m|0.006623rad, update time=0.108602s delay=0.225584s
[INFO] [1771003246.661142072] [icp_odometry]: Odom: ratio=0.253670, std dev=0.020714m|0.006550rad, update time=0.102743s delay=0.219644s
[INFO] [1771003246.882707936] [icp_odometry]: Odom: ratio=0.261636, std dev=0.021132m|0.006683rad, update time=0.120731s delay=0.242056s
[INFO] [1771003247.058446341] [icp_odometry]: Odom: ratio=0.256619, std dev=0.021096m|0.006671rad, update time=0.100837s delay=0.217739s
[INFO] [1771003247.155417792] [icp_odometry]: Odom: ratio=0.258540, std dev=0.020889m|0.006606rad, update time=0.093987s delay=0.213911s
[INFO] [1771003247.367985331] [icp_odometry]: Odom: ratio=0.259721, std dev=0.020490m|0.006480rad, update time=0.107162s delay=0.227337s
[INFO] [1771003247.562922539] [icp_odometry]: Odom: ratio=0.263259, std dev=0.021150m|0.006688rad, update time=0.109604s delay=0.222270s
[INFO] [1771003247.755539891] [icp_odometry]: Odom: ratio=0.267091, std dev=0.021068m|0.006662rad, update time=0.098215s delay=0.213917s
[INFO] [1771003247.856672476] [icp_odometry]: Odom: ratio=0.263391, std dev=0.020904m|0.006611rad, update time=0.096308s delay=0.216063s
[INFO] [1771003248.057938476] [icp_odometry]: Odom: ratio=0.259306, std dev=0.021126m|0.006680rad, update time=0.097742s delay=0.217188s
[INFO] [1771003248.269764166] [icp_odometry]: Odom: ratio=0.258264, std dev=0.021116m|0.006677rad, update time=0.109523s delay=0.229073s
[INFO] [1771003248.455732074] [icp_odometry]: Odom: ratio=0.264628, std dev=0.021383m|0.006762rad, update time=0.100740s delay=0.214906s
[INFO] [1771003248.570924469] [icp_odometry]: Odom: ratio=0.263623, std dev=0.021184m|0.006699rad, update time=0.113581s delay=0.230182s
[INFO] [1771003248.756027099] [icp_odometry]: Odom: ratio=0.262786, std dev=0.021292m|0.006733rad, update time=0.102143s delay=0.214496s
[INFO] [1771003248.860238286] [icp_odometry]: Odom: ratio=0.261592, std dev=0.021100m|0.006672rad, update time=0.100934s delay=0.219879s
[INFO] [1771003249.067876313] [icp_odometry]: Odom: ratio=0.266027, std dev=0.020527m|0.006491rad, update time=0.105730s delay=0.227277s
[INFO] [1771003249.262487589] [icp_odometry]: Odom: ratio=0.271324, std dev=0.020770m|0.006568rad, update time=0.103962s delay=0.221906s
[INFO] [1771003249.463891002] [icp_odometry]: Odom: ratio=0.260073, std dev=0.020561m|0.006502rad, update time=0.104564s delay=0.223173s
[INFO] [1771003249.664326190] [icp_odometry]: Odom: ratio=0.261954, std dev=0.020445m|0.006465rad, update time=0.103504s delay=0.222762s
[INFO] [1771003249.864089994] [icp_odometry]: Odom: ratio=0.261446, std dev=0.020178m|0.006381rad, update time=0.108810s delay=0.223250s
[INFO] [1771003250.054843570] [icp_odometry]: Odom: ratio=0.260710, std dev=0.021009m|0.006644rad, update time=0.098677s delay=0.214137s
[INFO] [1771003250.154770802] [icp_odometry]: Odom: ratio=0.264143, std dev=0.020553m|0.006499rad, update time=0.096994s delay=0.214152s
[INFO] [1771003250.257797660] [icp_odometry]: Odom: ratio=0.264254, std dev=0.020165m|0.006377rad, update time=0.098372s delay=0.217183s
[INFO] [1771003250.357141896] [icp_odometry]: Odom: ratio=0.265046, std dev=0.020649m|0.006530rad, update time=0.096298s delay=0.216350s
[INFO] [1771003250.454180677] [icp_odometry]: Odom: ratio=0.265477, std dev=0.020753m|0.006563rad, update time=0.096678s delay=0.213468s
[INFO] [1771003250.553455215] [icp_odometry]: Odom: ratio=0.261203, std dev=0.020884m|0.006604rad, update time=0.097388s delay=0.211804s
[INFO] [1771003250.660949874] [icp_odometry]: Odom: ratio=0.265309, std dev=0.020650m|0.006530rad, update time=0.097178s delay=0.219405s
[INFO] [1771003250.857330203] [icp_odometry]: Odom: ratio=0.263183, std dev=0.020454m|0.006468rad, update time=0.101290s delay=0.216635s
[INFO] [1771003250.975043068] [icp_odometry]: Odom: ratio=0.267645, std dev=0.020170m|0.006378rad, update time=0.115450s delay=0.233472s
[INFO] [1771003251.150335026] [icp_odometry]: Odom: ratio=0.269637, std dev=0.020168m|0.006378rad, update time=0.096464s delay=0.209688s
[INFO] [1771003251.248181387] [icp_odometry]: Odom: ratio=0.268025, std dev=0.020722m|0.006553rad, update time=0.094399s delay=0.207299s
[INFO] [1771003251.358751128] [icp_odometry]: Odom: ratio=0.265786, std dev=0.020680m|0.006539rad, update time=0.101122s delay=0.218159s
[INFO] [1771003251.571772763] [icp_odometry]: Odom: ratio=0.260999, std dev=0.021736m|0.006874rad, update time=0.110185s delay=0.231005s
[INFO] [1771003251.769267946] [icp_odometry]: Odom: ratio=0.265847, std dev=0.020037m|0.006336rad, update time=0.108718s delay=0.227658s
[INFO] [1771003251.964244514] [icp_odometry]: Odom: ratio=0.266472, std dev=0.020334m|0.006430rad, update time=0.104056s delay=0.223498s
[INFO] [1771003252.162146719] [icp_odometry]: Odom: ratio=0.268566, std dev=0.020794m|0.006576rad, update time=0.106786s delay=0.220676s
[INFO] [1771003252.359777779] [icp_odometry]: Odom: ratio=0.265894, std dev=0.020606m|0.006516rad, update time=0.101579s delay=0.219122s
[INFO] [1771003252.568797165] [icp_odometry]: Odom: ratio=0.266533, std dev=0.020780m|0.006571rad, update time=0.106029s delay=0.228060s
[INFO] [1771003252.766670729] [icp_odometry]: Odom: ratio=0.257074, std dev=0.020363m|0.006439rad, update time=0.106633s delay=0.224894s
[INFO] [1771003252.962595938] [icp_odometry]: Odom: ratio=0.263730, std dev=0.020417m|0.006456rad, update time=0.101073s delay=0.221872s
[INFO] [1771003253.163798864] [icp_odometry]: Odom: ratio=0.267439, std dev=0.020071m|0.006347rad, update time=0.104287s delay=0.222237s
[INFO] [1771003253.364089343] [icp_odometry]: Odom: ratio=0.262985, std dev=0.020900m|0.006609rad, update time=0.109773s delay=0.223403s
[INFO] [1771003253.577165028] [icp_odometry]: Odom: ratio=0.268458, std dev=0.020474m|0.006475rad, update time=0.117027s delay=0.236532s
[INFO] [1771003253.772151741] [icp_odometry]: Odom: ratio=0.267197, std dev=0.020491m|0.006480rad, update time=0.115370s delay=0.231497s
[INFO] [1771003253.970782675] [icp_odometry]: Odom: ratio=0.264665, std dev=0.020554m|0.006500rad, update time=0.110340s delay=0.230048s
[INFO] [1771003254.173768510] [icp_odometry]: Odom: ratio=0.265653, std dev=0.020407m|0.006453rad, update time=0.112129s delay=0.232350s
[INFO] [1771003254.373545947] [icp_odometry]: Odom: ratio=0.265871, std dev=0.020524m|0.006490rad, update time=0.111413s delay=0.231895s
[INFO] [1771003254.572156464] [icp_odometry]: Odom: ratio=0.266000, std dev=0.020802m|0.006578rad, update time=0.116920s delay=0.231331s
[INFO] [1771003254.772060498] [icp_odometry]: Odom: ratio=0.265219, std dev=0.020387m|0.006447rad, update time=0.111689s delay=0.230329s
[INFO] [1771003254.976228005] [icp_odometry]: Odom: ratio=0.263436, std dev=0.020692m|0.006544rad, update time=0.113555s delay=0.235416s
[INFO] [1771003255.183205113] [icp_odometry]: Odom: ratio=0.270128, std dev=0.020676m|0.006538rad, update time=0.123323s delay=0.242944s
[INFO] [1771003255.382498278] [icp_odometry]: Odom: ratio=0.270261, std dev=0.020804m|0.006579rad, update time=0.123580s delay=0.241859s
[INFO] [1771003255.572497300] [icp_odometry]: Odom: ratio=0.269338, std dev=0.020364m|0.006440rad, update time=0.117461s delay=0.231819s
[INFO] [1771003255.793682127] [icp_odometry]: Odom: ratio=0.271580, std dev=0.020672m|0.006537rad, update time=0.136982s delay=0.252210s
[INFO] [1771003255.970022057] [icp_odometry]: Odom: ratio=0.266461, std dev=0.020395m|0.006449rad, update time=0.113064s delay=0.229315s
[INFO] [1771003256.186067283] [icp_odometry]: Odom: ratio=0.268665, std dev=0.020422m|0.006458rad, update time=0.123715s delay=0.245326s
[INFO] [1771003256.377700762] [icp_odometry]: Odom: ratio=0.271721, std dev=0.020301m|0.006420rad, update time=0.117191s delay=0.236918s
[INFO] [1771003256.588049633] [icp_odometry]: Odom: ratio=0.269801, std dev=0.020275m|0.006411rad, update time=0.124623s delay=0.247428s
[INFO] [1771003256.783003609] [icp_odometry]: Odom: ratio=0.272849, std dev=0.020077m|0.006349rad, update time=0.120161s delay=0.242256s
[INFO] [1771003256.986590745] [icp_odometry]: Odom: ratio=0.276053, std dev=0.020488m|0.006479rad, update time=0.127628s delay=0.245920s
[INFO] [1771003257.182325131] [icp_odometry]: Odom: ratio=0.266551, std dev=0.019954m|0.006310rad, update time=0.123566s delay=0.241518s
[INFO] [1771003257.383675518] [icp_odometry]: Odom: ratio=0.267749, std dev=0.019880m|0.006287rad, update time=0.119710s delay=0.242934s
[INFO] [1771003257.580994375] [icp_odometry]: Odom: ratio=0.265628, std dev=0.019621m|0.006205rad, update time=0.118637s delay=0.239340s
[INFO] [1771003257.780529852] [icp_odometry]: Odom: ratio=0.270607, std dev=0.020159m|0.006375rad, update time=0.121071s delay=0.239741s
[INFO] [1771003257.979365593] [icp_odometry]: Odom: ratio=0.269745, std dev=0.019951m|0.006309rad, update time=0.122759s delay=0.237866s
[INFO] [1771003258.176381560] [icp_odometry]: Odom: ratio=0.264327, std dev=0.020228m|0.006397rad, update time=0.117891s delay=0.235564s
[INFO] [1771003258.379352834] [icp_odometry]: Odom: ratio=0.268271, std dev=0.019945m|0.006307rad, update time=0.118031s delay=0.237820s
[INFO] [1771003258.565535278] [icp_odometry]: Odom: ratio=0.264492, std dev=0.019951m|0.006309rad, update time=0.106359s delay=0.224808s
[INFO] [1771003258.772791883] [icp_odometry]: Odom: ratio=0.263511, std dev=0.019583m|0.006193rad, update time=0.109457s delay=0.232052s
[INFO] [1771003258.965541624] [icp_odometry]: Odom: ratio=0.260059, std dev=0.019347m|0.006118rad, update time=0.107813s delay=0.224846s
[INFO] [1771003259.166274006] [icp_odometry]: Odom: ratio=0.252988, std dev=0.018835m|0.005956rad, update time=0.111364s delay=0.225593s
[INFO] [1771003259.373032002] [icp_odometry]: Odom: ratio=0.249867, std dev=0.018674m|0.005905rad, update time=0.112923s delay=0.232245s
[INFO] [1771003259.571391663] [icp_odometry]: Odom: ratio=0.250760, std dev=0.018639m|0.005894rad, update time=0.110957s delay=0.230646s
[INFO] [1771003259.772693632] [icp_odometry]: Odom: ratio=0.256935, std dev=0.018967m|0.005998rad, update time=0.113626s delay=0.231995s
[INFO] [1771003259.989718764] [icp_odometry]: Odom: ratio=0.255233, std dev=0.019335m|0.006114rad, update time=0.126415s delay=0.249028s
[INFO] [1771003260.188531656] [icp_odometry]: Odom: ratio=0.254375, std dev=0.019623m|0.006205rad, update time=0.127583s delay=0.247752s
[INFO] [1771003260.392634842] [icp_odometry]: Odom: ratio=0.248678, std dev=0.019491m|0.006164rad, update time=0.132086s delay=0.251038s
[INFO] [1771003260.581094323] [icp_odometry]: Odom: ratio=0.253929, std dev=0.019656m|0.006216rad, update time=0.120605s delay=0.240309s
[INFO] [1771003260.775548026] [icp_odometry]: Odom: ratio=0.249435, std dev=0.019991m|0.006322rad, update time=0.116846s delay=0.234877s
[INFO] [1771003260.986358577] [icp_odometry]: Odom: ratio=0.255289, std dev=0.019667m|0.006219rad, update time=0.123333s delay=0.244683s
[INFO] [1771003261.200944458] [icp_odometry]: Odom: ratio=0.257103, std dev=0.019624m|0.006206rad, update time=0.137035s delay=0.259281s
[INFO] [1771003261.384165104] [icp_odometry]: Odom: ratio=0.260920, std dev=0.020212m|0.006392rad, update time=0.127353s delay=0.243469s
[INFO] [1771003261.576093568] [icp_odometry]: Odom: ratio=0.255641, std dev=0.019993m|0.006322rad, update time=0.112145s delay=0.235243s
[INFO] [1771003261.790615350] [icp_odometry]: Odom: ratio=0.262274, std dev=0.019929m|0.006302rad, update time=0.125741s delay=0.248972s
[INFO] [1771003261.990055880] [icp_odometry]: Odom: ratio=0.262895, std dev=0.020077m|0.006349rad, update time=0.127973s delay=0.249252s
[INFO] [1771003262.194801968] [icp_odometry]: Odom: ratio=0.263630, std dev=0.020156m|0.006374rad, update time=0.132709s delay=0.254445s
[INFO] [1771003262.386774433] [icp_odometry]: Odom: ratio=0.265234, std dev=0.020544m|0.006497rad, update time=0.128411s delay=0.245890s
[INFO] [1771003262.597576504] [icp_odometry]: Odom: ratio=0.262381, std dev=0.020289m|0.006416rad, update time=0.141106s delay=0.255897s
[INFO] [1771003262.789903574] [icp_odometry]: Odom: ratio=0.259062, std dev=0.020352m|0.006436rad, update time=0.133594s delay=0.249028s
[INFO] [1771003262.977173895] [icp_odometry]: Odom: ratio=0.264429, std dev=0.020891m|0.006606rad, update time=0.118798s delay=0.235526s
[INFO] [1771003263.207001802] [icp_odometry]: Odom: ratio=0.265652, std dev=0.020460m|0.006470rad, update time=0.141245s delay=0.266258s
[INFO] [1771003263.386466191] [icp_odometry]: Odom: ratio=0.261674, std dev=0.020623m|0.006522rad, update time=0.126859s delay=0.244721s
[INFO] [1771003263.594303200] [icp_odometry]: Odom: ratio=0.262526, std dev=0.020229m|0.006397rad, update time=0.135335s delay=0.253455s
[INFO] [1771003263.781906428] [icp_odometry]: Odom: ratio=0.265155, std dev=0.020447m|0.006466rad, update time=0.123905s delay=0.240281s
[INFO] [1771003263.988678281] [icp_odometry]: Odom: ratio=0.266919, std dev=0.020014m|0.006329rad, update time=0.128461s delay=0.247934s
[INFO] [1771003264.189336421] [icp_odometry]: Odom: ratio=0.266337, std dev=0.020345m|0.006434rad, update time=0.125897s delay=0.248483s
[INFO] [1771003264.401778228] [icp_odometry]: Odom: ratio=0.270162, std dev=0.020021m|0.006331rad, update time=0.133056s delay=0.260223s
[INFO] [1771003264.578304340] [icp_odometry]: Odom: ratio=0.266243, std dev=0.020086m|0.006352rad, update time=0.120390s delay=0.237389s
[INFO] [1771003264.791685252] [icp_odometry]: Odom: ratio=0.264156, std dev=0.019999m|0.006324rad, update time=0.135055s delay=0.250920s
[INFO] [1771003264.990566850] [icp_odometry]: Odom: ratio=0.260922, std dev=0.020383m|0.006446rad, update time=0.127937s delay=0.248844s
[INFO] [1771003265.175180952] [icp_odometry]: Odom: ratio=0.263663, std dev=0.020117m|0.006362rad, update time=0.115737s delay=0.234377s
[INFO] [1771003265.385161331] [icp_odometry]: Odom: ratio=0.258458, std dev=0.020045m|0.006339rad, update time=0.119024s delay=0.244597s
[INFO] [1771003265.589774165] [icp_odometry]: Odom: ratio=0.260164, std dev=0.019952m|0.006310rad, update time=0.124271s delay=0.248938s
[INFO] [1771003265.797068916] [icp_odometry]: Odom: ratio=0.264021, std dev=0.020063m|0.006344rad, update time=0.137852s delay=0.256300s
[INFO] [1771003265.996447076] [icp_odometry]: Odom: ratio=0.261238, std dev=0.020544m|0.006496rad, update time=0.137151s delay=0.254804s
[INFO] [1771003266.170180069] [icp_odometry]: Odom: ratio=0.256086, std dev=0.020536m|0.006494rad, update time=0.113994s delay=0.228493s
[INFO] [1771003266.387978731] [icp_odometry]: Odom: ratio=0.261611, std dev=0.020627m|0.006523rad, update time=0.124763s delay=0.247166s
[INFO] [1771003266.586667299] [icp_odometry]: Odom: ratio=0.261738, std dev=0.020569m|0.006504rad, update time=0.123193s delay=0.245772s
[INFO] [1771003266.792228230] [icp_odometry]: Odom: ratio=0.266344, std dev=0.020320m|0.006426rad, update time=0.127587s delay=0.251384s
[INFO] [1771003266.991183079] [icp_odometry]: Odom: ratio=0.265549, std dev=0.020235m|0.006399rad, update time=0.132778s delay=0.250370s
[INFO] [1771003267.180374426] [icp_odometry]: Odom: ratio=0.266204, std dev=0.020325m|0.006427rad, update time=0.117514s delay=0.238612s
[INFO] [1771003267.386019616] [icp_odometry]: Odom: ratio=0.266772, std dev=0.020737m|0.006558rad, update time=0.119775s delay=0.245226s
[INFO] [1771003267.580982712] [icp_odometry]: Odom: ratio=0.268159, std dev=0.020262m|0.006407rad, update time=0.121026s delay=0.239248s
[INFO] [1771003267.791663467] [icp_odometry]: Odom: ratio=0.265100, std dev=0.020731m|0.006556rad, update time=0.124787s delay=0.250774s
[INFO] [1771003267.989404963] [icp_odometry]: Odom: ratio=0.266522, std dev=0.020285m|0.006415rad, update time=0.127680s delay=0.248754s
[INFO] [1771003268.193427313] [icp_odometry]: Odom: ratio=0.262172, std dev=0.019936m|0.006304rad, update time=0.129770s delay=0.252568s
[INFO] [1771003268.402367593] [icp_odometry]: Odom: ratio=0.259729, std dev=0.020611m|0.006518rad, update time=0.145205s delay=0.261553s
[INFO] [1771003268.580854988] [icp_odometry]: Odom: ratio=0.258548, std dev=0.020503m|0.006484rad, update time=0.123603s delay=0.240058s
[INFO] [1771003268.801087686] [icp_odometry]: Odom: ratio=0.260829, std dev=0.020095m|0.006355rad, update time=0.133414s delay=0.260380s
[INFO] [1771003268.995664241] [icp_odometry]: Odom: ratio=0.263563, std dev=0.020575m|0.006507rad, update time=0.136777s delay=0.254768s
[INFO] [1771003269.205628396] [icp_odometry]: Odom: ratio=0.259268, std dev=0.020213m|0.006392rad, update time=0.147008s delay=0.264724s
[INFO] [1771003269.390923545] [icp_odometry]: Odom: ratio=0.260668, std dev=0.020364m|0.006440rad, update time=0.131645s delay=0.250094s
[INFO] [1771003269.589768662] [icp_odometry]: Odom: ratio=0.255654, std dev=0.020656m|0.006532rad, update time=0.125343s delay=0.248892s
[INFO] [1771003269.787267749] [icp_odometry]: Odom: ratio=0.259435, std dev=0.020383m|0.006446rad, update time=0.126337s delay=0.246428s
[INFO] [1771003269.974584631] [icp_odometry]: Odom: ratio=0.257056, std dev=0.020197m|0.006387rad, update time=0.113262s delay=0.232951s
[INFO] [1771003270.192740106] [icp_odometry]: Odom: ratio=0.259980, std dev=0.020271m|0.006410rad, update time=0.134410s delay=0.251894s
[INFO] [1771003270.388103440] [icp_odometry]: Odom: ratio=0.256933, std dev=0.020536m|0.006494rad, update time=0.125117s delay=0.246302s
[INFO] [1771003270.591391462] [icp_odometry]: Odom: ratio=0.253438, std dev=0.020768m|0.006568rad, update time=0.125517s delay=0.249824s
[INFO] [1771003270.794013604] [icp_odometry]: Odom: ratio=0.255217, std dev=0.021590m|0.006827rad, update time=0.129346s delay=0.252406s
[INFO] [1771003270.987080507] [icp_odometry]: Odom: ratio=0.258122, std dev=0.021379m|0.006761rad, update time=0.126274s delay=0.246314s
[INFO] [1771003271.191268592] [icp_odometry]: Odom: ratio=0.252835, std dev=0.022433m|0.007094rad, update time=0.126446s delay=0.250380s
[INFO] [1771003271.393575700] [icp_odometry]: Odom: ratio=0.254249, std dev=0.021097m|0.006671rad, update time=0.134106s delay=0.253184s
[INFO] [1771003271.589868671] [icp_odometry]: Odom: ratio=0.247783, std dev=0.022249m|0.007036rad, update time=0.127482s delay=0.248978s
[INFO] [1771003271.785836638] [icp_odometry]: Odom: ratio=0.245726, std dev=0.022376m|0.007076rad, update time=0.122254s delay=0.245037s
[INFO] [1771003271.991362215] [icp_odometry]: Odom: ratio=0.246796, std dev=0.021600m|0.006830rad, update time=0.124466s delay=0.250590s
[INFO] [1771003272.186208673] [icp_odometry]: Odom: ratio=0.245344, std dev=0.021260m|0.006723rad, update time=0.123367s delay=0.245329s
[INFO] [1771003272.389675779] [icp_odometry]: Odom: ratio=0.254738, std dev=0.021081m|0.006666rad, update time=0.125411s delay=0.247999s
[INFO] [1771003272.590702769] [icp_odometry]: Odom: ratio=0.254293, std dev=0.021094m|0.006670rad, update time=0.130407s delay=0.248983s
[INFO] [1771003272.775935007] [icp_odometry]: Odom: ratio=0.252455, std dev=0.020782m|0.006572rad, update time=0.119119s delay=0.235132s
[INFO] [1771003272.985667225] [icp_odometry]: Odom: ratio=0.257605, std dev=0.021006m|0.006643rad, update time=0.122871s delay=0.243971s
[INFO] [1771003273.174869391] [icp_odometry]: Odom: ratio=0.254754, std dev=0.020995m|0.006639rad, update time=0.111766s delay=0.233939s
[INFO] [1771003273.387579216] [icp_odometry]: Odom: ratio=0.255035, std dev=0.020846m|0.006592rad, update time=0.121693s delay=0.246814s
[INFO] [1771003273.585615031] [icp_odometry]: Odom: ratio=0.254225, std dev=0.020539m|0.006495rad, update time=0.123321s delay=0.244775s
[INFO] [1771003273.792512815] [icp_odometry]: Odom: ratio=0.250591, std dev=0.020662m|0.006534rad, update time=0.135752s delay=0.251662s
[INFO] [1771003273.980835592] [icp_odometry]: Odom: ratio=0.252092, std dev=0.020812m|0.006581rad, update time=0.118970s delay=0.239961s
[INFO] [1771003274.179235835] [icp_odometry]: Odom: ratio=0.246608, std dev=0.021102m|0.006673rad, update time=0.116468s delay=0.238299s
[INFO] [1771003274.393584661] [icp_odometry]: Odom: ratio=0.246137, std dev=0.021016m|0.006646rad, update time=0.131061s delay=0.252688s
[INFO] [1771003274.579131629] [icp_odometry]: Odom: ratio=0.241289, std dev=0.020696m|0.006545rad, update time=0.118286s delay=0.238328s
[INFO] [1771003274.788423672] [icp_odometry]: Odom: ratio=0.247072, std dev=0.020999m|0.006641rad, update time=0.122882s delay=0.247474s
[INFO] [1771003274.988856786] [icp_odometry]: Odom: ratio=0.244494, std dev=0.020791m|0.006575rad, update time=0.131584s delay=0.247898s
[INFO] [1771003275.184208764] [icp_odometry]: Odom: ratio=0.250833, std dev=0.020976m|0.006633rad, update time=0.123715s delay=0.243242s
[INFO] [1771003275.383952958] [icp_odometry]: Odom: ratio=0.244023, std dev=0.020570m|0.006505rad, update time=0.120673s delay=0.243198s
[INFO] [1771003275.583121612] [icp_odometry]: Odom: ratio=0.248031, std dev=0.020477m|0.006475rad, update time=0.117079s delay=0.242386s
[INFO] [1771003275.773613903] [icp_odometry]: Odom: ratio=0.247663, std dev=0.020748m|0.006561rad, update time=0.109203s delay=0.232874s
[INFO] [1771003275.975684737] [icp_odometry]: Odom: ratio=0.250244, std dev=0.021017m|0.006646rad, update time=0.111454s delay=0.234759s
[INFO] [1771003276.178353192] [icp_odometry]: Odom: ratio=0.250404, std dev=0.020925m|0.006617rad, update time=0.115431s delay=0.237647s
[INFO] [1771003276.358369314] [icp_odometry]: Odom: ratio=0.249866, std dev=0.020493m|0.006480rad, update time=0.101849s delay=0.217730s
[INFO] [1771003276.471579263] [icp_odometry]: Odom: ratio=0.248786, std dev=0.020647m|0.006529rad, update time=0.112284s delay=0.231208s
[INFO] [1771003276.681201557] [icp_odometry]: Odom: ratio=0.252410, std dev=0.020627m|0.006523rad, update time=0.115322s delay=0.240311s
[INFO] [1771003276.874554331] [icp_odometry]: Odom: ratio=0.247047, std dev=0.020589m|0.006511rad, update time=0.114625s delay=0.233658s
[INFO] [1771003277.076480040] [icp_odometry]: Odom: ratio=0.251215, std dev=0.020942m|0.006623rad, update time=0.114363s delay=0.235513s
[INFO] [1771003277.281155988] [icp_odometry]: Odom: ratio=0.246415, std dev=0.020654m|0.006531rad, update time=0.122953s delay=0.240182s
[INFO] [1771003277.476101072] [icp_odometry]: Odom: ratio=0.251741, std dev=0.020396m|0.006450rad, update time=0.119601s delay=0.235434s
[INFO] [1771003277.676402149] [icp_odometry]: Odom: ratio=0.253426, std dev=0.020643m|0.006528rad, update time=0.115746s delay=0.235450s
[INFO] [1771003277.868458814] [icp_odometry]: Odom: ratio=0.258730, std dev=0.020528m|0.006492rad, update time=0.109502s delay=0.227544s
[INFO] [1771003277.986615461] [icp_odometry]: Odom: ratio=0.252347, std dev=0.020688m|0.006542rad, update time=0.117884s delay=0.245005s
[INFO] [1771003278.173541773] [icp_odometry]: Odom: ratio=0.247138, std dev=0.020974m|0.006633rad, update time=0.115880s delay=0.232584s
[INFO] [1771003278.377255064] [icp_odometry]: Odom: ratio=0.249831, std dev=0.020610m|0.006517rad, update time=0.117271s delay=0.236893s
[INFO] [1771003278.575067159] [icp_odometry]: Odom: ratio=0.250446, std dev=0.020501m|0.006483rad, update time=0.118057s delay=0.234136s
[INFO] [1771003278.787666004] [icp_odometry]: Odom: ratio=0.249358, std dev=0.020315m|0.006424rad, update time=0.123244s delay=0.246810s
[INFO] [1771003278.967415365] [icp_odometry]: Odom: ratio=0.253223, std dev=0.020863m|0.006597rad, update time=0.105779s delay=0.226555s
[INFO] [1771003279.180582198] [icp_odometry]: Odom: ratio=0.251864, std dev=0.020682m|0.006540rad, update time=0.115938s delay=0.240130s
[INFO] [1771003279.387756663] [icp_odometry]: Odom: ratio=0.252916, std dev=0.020421m|0.006458rad, update time=0.119224s delay=0.247030s
[INFO] [1771003279.591259323] [icp_odometry]: Odom: ratio=0.250423, std dev=0.020826m|0.006586rad, update time=0.127063s delay=0.250240s
[INFO] [1771003279.766582355] [icp_odometry]: Odom: ratio=0.247671, std dev=0.020728m|0.006555rad, update time=0.111765s delay=0.225684s
[INFO] [1771003280.002831199] [icp_odometry]: Odom: ratio=0.253624, std dev=0.020637m|0.006526rad, update time=0.136174s delay=0.261124s
[INFO] [1771003280.195515310] [icp_odometry]: Odom: ratio=0.248715, std dev=0.020386m|0.006447rad, update time=0.131901s delay=0.254636s
[INFO] [1771003280.386045938] [icp_odometry]: Odom: ratio=0.251243, std dev=0.020910m|0.006612rad, update time=0.118782s delay=0.245153s
[INFO] [1771003280.607474719] [icp_odometry]: Odom: ratio=0.245958, std dev=0.021005m|0.006643rad, update time=0.148937s delay=0.266624s
[INFO] [1771003280.786274511] [icp_odometry]: Odom: ratio=0.242129, std dev=0.021174m|0.006696rad, update time=0.124702s delay=0.245523s
[INFO] [1771003280.986701001] [icp_odometry]: Odom: ratio=0.243348, std dev=0.022479m|0.007108rad, update time=0.125708s delay=0.245878s
[INFO] [1771003281.188355564] [icp_odometry]: Odom: ratio=0.243266, std dev=0.022645m|0.007161rad, update time=0.130693s delay=0.247422s
[INFO] [1771003281.407485642] [icp_odometry]: Odom: ratio=0.241283, std dev=0.021927m|0.006934rad, update time=0.141184s delay=0.266588s
[INFO] [1771003281.598980688] [icp_odometry]: Odom: ratio=0.250399, std dev=0.021264m|0.006724rad, update time=0.142567s delay=0.258306s
[INFO] [1771003281.775419983] [icp_odometry]: Odom: ratio=0.254485, std dev=0.020842m|0.006591rad, update time=0.118828s delay=0.234485s
[INFO] [1771003281.991634440] [icp_odometry]: Odom: ratio=0.253397, std dev=0.020528m|0.006491rad, update time=0.130722s delay=0.250963s
[INFO] [1771003282.186923377] [icp_odometry]: Odom: ratio=0.251391, std dev=0.020139m|0.006368rad, update time=0.118740s delay=0.246066s
[INFO] [1771003282.380551648] [icp_odometry]: Odom: ratio=0.250568, std dev=0.020618m|0.006520rad, update time=0.121809s delay=0.239596s
[INFO] [1771003282.593708048] [icp_odometry]: Odom: ratio=0.253416, std dev=0.020316m|0.006424rad, update time=0.131725s delay=0.253238s
[INFO] [1771003282.771291350] [icp_odometry]: Odom: ratio=0.256817, std dev=0.020261m|0.006407rad, update time=0.115731s delay=0.230279s
[INFO] [1771003282.981347227] [icp_odometry]: Odom: ratio=0.252878, std dev=0.019747m|0.006245rad, update time=0.116010s delay=0.240555s
[INFO] [1771003283.197276523] [icp_odometry]: Odom: ratio=0.250084, std dev=0.019577m|0.006191rad, update time=0.131847s delay=0.255609s
[INFO] [1771003283.378834810] [icp_odometry]: Odom: ratio=0.253730, std dev=0.019765m|0.006250rad, update time=0.121414s delay=0.238383s
[INFO] [1771003283.583296287] [icp_odometry]: Odom: ratio=0.249744, std dev=0.019643m|0.006212rad, update time=0.125810s delay=0.242555s
[INFO] [1771003283.794585870] [icp_odometry]: Odom: ratio=0.254234, std dev=0.020183m|0.006383rad, update time=0.134453s delay=0.253653s
[INFO] [1771003283.977860121] [icp_odometry]: Odom: ratio=0.249829, std dev=0.020655m|0.006532rad, update time=0.118958s delay=0.236842s
[INFO] [1771003284.189671194] [icp_odometry]: Odom: ratio=0.251363, std dev=0.019963m|0.006313rad, update time=0.126513s delay=0.248961s
[INFO] [1771003284.389337722] [icp_odometry]: Odom: ratio=0.250290, std dev=0.020101m|0.006356rad, update time=0.124273s delay=0.248561s
[INFO] [1771003284.585258072] [icp_odometry]: Odom: ratio=0.248720, std dev=0.019897m|0.006292rad, update time=0.124257s delay=0.244320s
[INFO] [1771003284.789040837] [icp_odometry]: Odom: ratio=0.249565, std dev=0.020061m|0.006344rad, update time=0.127650s delay=0.247977s
[INFO] [1771003284.972940453] [icp_odometry]: Odom: ratio=0.247163, std dev=0.020009m|0.006328rad, update time=0.117626s delay=0.231135s
[INFO] [1771003285.182453303] [icp_odometry]: Odom: ratio=0.247525, std dev=0.019945m|0.006307rad, update time=0.117402s delay=0.241532s
[INFO] [1771003285.385998844] [icp_odometry]: Odom: ratio=0.248489, std dev=0.020135m|0.006367rad, update time=0.125539s delay=0.245033s
[INFO] [1771003285.580194527] [icp_odometry]: Odom: ratio=0.250087, std dev=0.020317m|0.006425rad, update time=0.121069s delay=0.239589s
[INFO] [1771003285.781294735] [icp_odometry]: Odom: ratio=0.250064, std dev=0.020873m|0.006601rad, update time=0.120621s delay=0.240337s
[INFO] [1771003286.005233171] [icp_odometry]: Odom: ratio=0.249195, std dev=0.020652m|0.006531rad, update time=0.141881s delay=0.264332s
[INFO] [1771003286.183508017] [icp_odometry]: Odom: ratio=0.247357, std dev=0.020968m|0.006631rad, update time=0.127823s delay=0.242556s
[INFO] [1771003286.394790561] [icp_odometry]: Odom: ratio=0.248064, std dev=0.020513m|0.006487rad, update time=0.128692s delay=0.253989s
[INFO] [1771003286.584251744] [icp_odometry]: Odom: ratio=0.244240, std dev=0.020503m|0.006484rad, update time=0.120586s delay=0.243421s
[INFO] [1771003286.795843290] [icp_odometry]: Odom: ratio=0.244589, std dev=0.020599m|0.006514rad, update time=0.132853s delay=0.254783s
[INFO] [1771003286.979775515] [icp_odometry]: Odom: ratio=0.245581, std dev=0.020965m|0.006630rad, update time=0.118151s delay=0.238976s
[INFO] [1771003287.179788518] [icp_odometry]: Odom: ratio=0.247519, std dev=0.020413m|0.006455rad, update time=0.119558s delay=0.238781s
[INFO] [1771003287.384017891] [icp_odometry]: Odom: ratio=0.244015, std dev=0.020629m|0.006523rad, update time=0.123032s delay=0.243161s
[INFO] [1771003287.583220914] [icp_odometry]: Odom: ratio=0.249799, std dev=0.020366m|0.006440rad, update time=0.121302s delay=0.242406s
[INFO] [1771003287.782611720] [icp_odometry]: Odom: ratio=0.251588, std dev=0.020468m|0.006473rad, update time=0.122617s delay=0.241643s
[INFO] [1771003287.984506484] [icp_odometry]: Odom: ratio=0.250174, std dev=0.020036m|0.006336rad, update time=0.118427s delay=0.243699s
[INFO] [1771003288.192964482] [icp_odometry]: Odom: ratio=0.244776, std dev=0.020326m|0.006428rad, update time=0.135582s delay=0.251986s
[INFO] [1771003288.377999081] [icp_odometry]: Odom: ratio=0.247110, std dev=0.020006m|0.006326rad, update time=0.117403s delay=0.236949s
[INFO] [1771003288.586111403] [icp_odometry]: Odom: ratio=0.245675, std dev=0.020171m|0.006379rad, update time=0.128210s delay=0.245146s
[INFO] [1771003288.788270720] [icp_odometry]: Odom: ratio=0.248550, std dev=0.020489m|0.006479rad, update time=0.123332s delay=0.247301s
[INFO] [1771003288.985250275] [icp_odometry]: Odom: ratio=0.248229, std dev=0.020462m|0.006471rad, update time=0.125424s delay=0.244471s
[INFO] [1771003289.193765331] [icp_odometry]: Odom: ratio=0.249934, std dev=0.019953m|0.006310rad, update time=0.128721s delay=0.252849s
[INFO] [1771003289.393446067] [icp_odometry]: Odom: ratio=0.246347, std dev=0.020308m|0.006422rad, update time=0.134629s delay=0.252438s
[INFO] [1771003289.580990864] [icp_odometry]: Odom: ratio=0.243068, std dev=0.020119m|0.006362rad, update time=0.123906s delay=0.240107s
[INFO] [1771003289.784664314] [icp_odometry]: Odom: ratio=0.238003, std dev=0.019959m|0.006312rad, update time=0.125170s delay=0.243788s
[INFO] [1771003289.976863256] [icp_odometry]: Odom: ratio=0.235949, std dev=0.019539m|0.006179rad, update time=0.118464s delay=0.235766s
[INFO] [1771003290.173490158] [icp_odometry]: Odom: ratio=0.242490, std dev=0.019911m|0.006296rad, update time=0.113429s delay=0.232543s
[INFO] [1771003290.385587130] [icp_odometry]: Odom: ratio=0.235068, std dev=0.019765m|0.006250rad, update time=0.128503s delay=0.244516s
[INFO] [1771003290.562665967] [icp_odometry]: Odom: ratio=0.235825, std dev=0.019810m|0.006265rad, update time=0.106930s delay=0.221923s
[INFO] [1771003290.793312857] [icp_odometry]: Odom: ratio=0.238963, std dev=0.019915m|0.006298rad, update time=0.131566s delay=0.252479s
[INFO] [1771003290.971215435] [icp_odometry]: Odom: ratio=0.238677, std dev=0.020290m|0.006416rad, update time=0.113712s delay=0.230223s
[INFO] [1771003291.165259592] [icp_odometry]: Odom: ratio=0.234262, std dev=0.020528m|0.006491rad, update time=0.108357s delay=0.224461s
[INFO] [1771003291.373598418] [icp_odometry]: Odom: ratio=0.229167, std dev=0.021082m|0.006667rad, update time=0.114057s delay=0.232638s
[INFO] [1771003291.573164782] [icp_odometry]: Odom: ratio=0.230793, std dev=0.020645m|0.006528rad, update time=0.112636s delay=0.232840s
[INFO] [1771003291.762629902] [icp_odometry]: Odom: ratio=0.229506, std dev=0.020538m|0.006495rad, update time=0.104513s delay=0.221593s
[INFO] [1771003291.863378397] [icp_odometry]: Odom: ratio=0.236816, std dev=0.019654m|0.006215rad, update time=0.099909s delay=0.222923s
[INFO] [1771003292.060442786] [icp_odometry]: Odom: ratio=0.239285, std dev=0.019501m|0.006167rad, update time=0.101047s delay=0.219408s
[INFO] [1771003292.269079607] [icp_odometry]: Odom: ratio=0.236710, std dev=0.019645m|0.006212rad, update time=0.103716s delay=0.228157s
[INFO] [1771003292.464332990] [icp_odometry]: Odom: ratio=0.238161, std dev=0.019477m|0.006159rad, update time=0.103917s delay=0.223333s
[INFO] [1771003292.678338987] [icp_odometry]: Odom: ratio=0.240223, std dev=0.019222m|0.006079rad, update time=0.121690s delay=0.238035s
[INFO] [1771003292.858266626] [icp_odometry]: Odom: ratio=0.239757, std dev=0.019658m|0.006216rad, update time=0.101881s delay=0.217362s
[INFO] [1771003293.080147519] [icp_odometry]: Odom: ratio=0.236860, std dev=0.019518m|0.006172rad, update time=0.111289s delay=0.239122s
[INFO] [1771003293.265344299] [icp_odometry]: Odom: ratio=0.236424, std dev=0.019557m|0.006184rad, update time=0.104714s delay=0.224397s
[INFO] [1771003293.468765868] [icp_odometry]: Odom: ratio=0.232248, std dev=0.019287m|0.006099rad, update time=0.105376s delay=0.227923s
[INFO] [1771003293.665162843] [icp_odometry]: Odom: ratio=0.232873, std dev=0.019739m|0.006242rad, update time=0.104005s delay=0.224173s
[INFO] [1771003293.870481533] [icp_odometry]: Odom: ratio=0.233683, std dev=0.019821m|0.006268rad, update time=0.110224s delay=0.229475s
[INFO] [1771003294.063973223] [icp_odometry]: Odom: ratio=0.233379, std dev=0.019780m|0.006255rad, update time=0.107460s delay=0.223098s
[INFO] [1771003294.256539730] [icp_odometry]: Odom: ratio=0.238113, std dev=0.019261m|0.006091rad, update time=0.100879s delay=0.215505s
[INFO] [1771003294.363704478] [icp_odometry]: Odom: ratio=0.239231, std dev=0.019208m|0.006074rad, update time=0.102548s delay=0.222813s
[INFO] [1771003294.570678169] [icp_odometry]: Odom: ratio=0.234411, std dev=0.019376m|0.006127rad, update time=0.114847s delay=0.229645s
[INFO] [1771003294.761375331] [icp_odometry]: Odom: ratio=0.229131, std dev=0.019984m|0.006320rad, update time=0.102974s delay=0.220298s
[INFO] [1771003294.964015977] [icp_odometry]: Odom: ratio=0.234619, std dev=0.019889m|0.006289rad, update time=0.108105s delay=0.223039s
[INFO] [1771003295.166064858] [icp_odometry]: Odom: ratio=0.235462, std dev=0.019850m|0.006277rad, update time=0.105119s delay=0.225898s
[INFO] [1771003295.361098330] [icp_odometry]: Odom: ratio=0.228857, std dev=0.019634m|0.006209rad, update time=0.105019s delay=0.220115s
[INFO] [1771003295.573918334] [icp_odometry]: Odom: ratio=0.229853, std dev=0.019285m|0.006099rad, update time=0.111069s delay=0.232997s
[INFO] [1771003295.761485340] [icp_odometry]: Odom: ratio=0.229268, std dev=0.019724m|0.006237rad, update time=0.101946s delay=0.220458s
[INFO] [1771003295.969270963] [icp_odometry]: Odom: ratio=0.226771, std dev=0.019789m|0.006258rad, update time=0.105084s delay=0.228357s
[INFO] [1771003296.159221828] [icp_odometry]: Odom: ratio=0.224817, std dev=0.020004m|0.006326rad, update time=0.103170s delay=0.218214s
[INFO] [1771003296.363324092] [icp_odometry]: Odom: ratio=0.222222, std dev=0.020681m|0.006540rad, update time=0.104800s delay=0.222290s
[INFO] [1771003296.563435178] [icp_odometry]: Odom: ratio=0.225029, std dev=0.020543m|0.006496rad, update time=0.102492s delay=0.223100s
[INFO] [1771003296.776558745] [icp_odometry]: Odom: ratio=0.225415, std dev=0.020335m|0.006430rad, update time=0.112041s delay=0.235772s
[INFO] [1771003296.964875857] [icp_odometry]: Odom: ratio=0.226420, std dev=0.019989m|0.006321rad, update time=0.107895s delay=0.224116s
[INFO] [1771003297.164640532] [icp_odometry]: Odom: ratio=0.230686, std dev=0.019473m|0.006158rad, update time=0.103049s delay=0.223622s
[INFO] [1771003297.379351610] [icp_odometry]: Odom: ratio=0.234614, std dev=0.019442m|0.006148rad, update time=0.121785s delay=0.238542s
[INFO] [1771003297.567675026] [icp_odometry]: Odom: ratio=0.239072, std dev=0.020166m|0.006377rad, update time=0.107562s delay=0.227342s
[INFO] [1771003297.774156284] [icp_odometry]: Odom: ratio=0.234890, std dev=0.019985m|0.006320rad, update time=0.113894s delay=0.233358s
[INFO] [1771003297.974891744] [icp_odometry]: Odom: ratio=0.239609, std dev=0.020778m|0.006571rad, update time=0.112218s delay=0.233797s
[INFO] [1771003298.173372502] [icp_odometry]: Odom: ratio=0.237606, std dev=0.020639m|0.006527rad, update time=0.111765s delay=0.232308s
[INFO] [1771003298.375608942] [icp_odometry]: Odom: ratio=0.239128, std dev=0.020476m|0.006475rad, update time=0.119104s delay=0.234807s
[INFO] [1771003298.569606410] [icp_odometry]: Odom: ratio=0.244000, std dev=0.020420m|0.006457rad, update time=0.114971s delay=0.228676s
[INFO] [1771003298.783559349] [icp_odometry]: Odom: ratio=0.239090, std dev=0.020812m|0.006581rad, update time=0.119811s delay=0.242660s
[INFO] [1771003298.981200847] [icp_odometry]: Odom: ratio=0.236592, std dev=0.021213m|0.006708rad, update time=0.120390s delay=0.240428s
[INFO] [1771003299.176775137] [icp_odometry]: Odom: ratio=0.241351, std dev=0.020963m|0.006629rad, update time=0.115771s delay=0.235847s
[INFO] [1771003299.379727602] [icp_odometry]: Odom: ratio=0.240131, std dev=0.021018m|0.006647rad, update time=0.117759s delay=0.239187s
[INFO] [1771003299.588174975] [icp_odometry]: Odom: ratio=0.237717, std dev=0.020711m|0.006549rad, update time=0.129350s delay=0.247275s
[INFO] [1771003299.777162351] [icp_odometry]: Odom: ratio=0.237535, std dev=0.021086m|0.006668rad, update time=0.116806s delay=0.236150s
[INFO] [1771003299.977950260] [icp_odometry]: Odom: ratio=0.236200, std dev=0.021075m|0.006665rad, update time=0.117134s delay=0.236792s
[INFO] [1771003300.189979006] [icp_odometry]: Odom: ratio=0.238364, std dev=0.021390m|0.006764rad, update time=0.122497s delay=0.249610s
[INFO] [1771003300.380134997] [icp_odometry]: Odom: ratio=0.238977, std dev=0.021306m|0.006738rad, update time=0.120383s delay=0.239262s
[INFO] [1771003300.586217745] [icp_odometry]: Odom: ratio=0.242890, std dev=0.021264m|0.006724rad, update time=0.127646s delay=0.245800s
[INFO] [1771003300.792410993] [icp_odometry]: Odom: ratio=0.238541, std dev=0.021667m|0.006852rad, update time=0.131969s delay=0.251473s
[INFO] [1771003300.979352250] [icp_odometry]: Odom: ratio=0.249582, std dev=0.020235m|0.006399rad, update time=0.120580s delay=0.238956s
[INFO] [1771003301.192828949] [icp_odometry]: Odom: ratio=0.249720, std dev=0.020486m|0.006478rad, update time=0.129431s delay=0.251785s
[INFO] [1771003301.387027064] [icp_odometry]: Odom: ratio=0.260558, std dev=0.020543m|0.006496rad, update time=0.123007s delay=0.245328s
[INFO] [1771003301.587882144] [icp_odometry]: Odom: ratio=0.257690, std dev=0.020222m|0.006395rad, update time=0.128702s delay=0.246958s
[INFO] [1771003301.777485765] [icp_odometry]: Odom: ratio=0.256836, std dev=0.020417m|0.006456rad, update time=0.120651s delay=0.236408s
[INFO] [1771003301.991870975] [icp_odometry]: Odom: ratio=0.255792, std dev=0.020435m|0.006462rad, update time=0.128671s delay=0.250900s
[INFO] [1771003302.193676456] [icp_odometry]: Odom: ratio=0.256126, std dev=0.020452m|0.006468rad, update time=0.136835s delay=0.252782s
[INFO] [1771003302.376609223] [icp_odometry]: Odom: ratio=0.255323, std dev=0.020082m|0.006351rad, update time=0.121516s delay=0.235687s
[INFO] [1771003302.587563243] [icp_odometry]: Odom: ratio=0.256926, std dev=0.019638m|0.006210rad, update time=0.125337s delay=0.247171s
[INFO] [1771003302.790663744] [icp_odometry]: Odom: ratio=0.255724, std dev=0.019968m|0.006314rad, update time=0.131202s delay=0.250277s
[INFO] [1771003302.981349194] [icp_odometry]: Odom: ratio=0.259833, std dev=0.019783m|0.006256rad, update time=0.122056s delay=0.241001s
[INFO] [1771003303.178697658] [icp_odometry]: Odom: ratio=0.251474, std dev=0.019791m|0.006259rad, update time=0.119928s delay=0.237777s
[INFO] [1771003303.385397035] [icp_odometry]: Odom: ratio=0.252728, std dev=0.019551m|0.006182rad, update time=0.122939s delay=0.245021s
[INFO] [1771003303.578942935] [icp_odometry]: Odom: ratio=0.252038, std dev=0.019731m|0.006240rad, update time=0.120046s delay=0.238583s
[INFO] [1771003303.788892441] [icp_odometry]: Odom: ratio=0.250609, std dev=0.019896m|0.006292rad, update time=0.123957s delay=0.248070s
[INFO] [1771003304.007530438] [icp_odometry]: Odom: ratio=0.254287, std dev=0.019657m|0.006216rad, update time=0.147817s delay=0.267204s
[INFO] [1771003304.176110134] [icp_odometry]: Odom: ratio=0.258336, std dev=0.019732m|0.006240rad, update time=0.119274s delay=0.235256s
[INFO] [1771003304.379886275] [icp_odometry]: Odom: ratio=0.254938, std dev=0.019630m|0.006207rad, update time=0.119698s delay=0.239079s
[INFO] [1771003304.573782043] [icp_odometry]: Odom: ratio=0.256689, std dev=0.019492m|0.006164rad, update time=0.114266s delay=0.232745s
[INFO] [1771003304.789657033] [icp_odometry]: Odom: ratio=0.255154, std dev=0.019534m|0.006177rad, update time=0.123177s delay=0.248550s
[INFO] [1771003304.996715751] [icp_odometry]: Odom: ratio=0.255611, std dev=0.019623m|0.006205rad, update time=0.140096s delay=0.255719s
[INFO] [1771003305.172793913] [icp_odometry]: Odom: ratio=0.257396, std dev=0.019357m|0.006121rad, update time=0.119033s delay=0.232431s
[INFO] [1771003305.380884955] [icp_odometry]: Odom: ratio=0.253452, std dev=0.019846m|0.006276rad, update time=0.122391s delay=0.239936s
[INFO] [1771003305.581350677] [icp_odometry]: Odom: ratio=0.255745, std dev=0.019798m|0.006261rad, update time=0.121266s delay=0.240557s
[INFO] [1771003305.804143953] [icp_odometry]: Odom: ratio=0.258844, std dev=0.019620m|0.006204rad, update time=0.136110s delay=0.263053s
[INFO] [1771003305.980593425] [icp_odometry]: Odom: ratio=0.257990, std dev=0.019570m|0.006189rad, update time=0.119638s delay=0.239991s
[INFO] [1771003306.197410687] [icp_odometry]: Odom: ratio=0.257798, std dev=0.019516m|0.006172rad, update time=0.136962s delay=0.256503s
[INFO] [1771003306.382179901] [icp_odometry]: Odom: ratio=0.257683, std dev=0.019795m|0.006260rad, update time=0.124805s delay=0.241852s
[INFO] [1771003306.603591081] [icp_odometry]: Odom: ratio=0.256989, std dev=0.019610m|0.006201rad, update time=0.140929s delay=0.263186s
[INFO] [1771003306.776940542] [icp_odometry]: Odom: ratio=0.258533, std dev=0.019822m|0.006268rad, update time=0.120587s delay=0.236576s
[INFO] [1771003306.982538377] [icp_odometry]: Odom: ratio=0.259070, std dev=0.019401m|0.006135rad, update time=0.126230s delay=0.242172s
[INFO] [1771003307.183816544] [icp_odometry]: Odom: ratio=0.254696, std dev=0.019534m|0.006177rad, update time=0.123872s delay=0.242925s
[INFO] [1771003307.394743011] [icp_odometry]: Odom: ratio=0.254000, std dev=0.019495m|0.006165rad, update time=0.134886s delay=0.254463s
[INFO] [1771003307.572621972] [icp_odometry]: Odom: ratio=0.251895, std dev=0.019191m|0.006069rad, update time=0.119423s delay=0.231686s
[INFO] [1771003307.783663515] [icp_odometry]: Odom: ratio=0.251697, std dev=0.019075m|0.006032rad, update time=0.122091s delay=0.243294s
[INFO] [1771003307.968454458] [icp_odometry]: Odom: ratio=0.244988, std dev=0.019161m|0.006059rad, update time=0.114296s delay=0.227506s
[INFO] [1771003308.185278504] [icp_odometry]: Odom: ratio=0.246813, std dev=0.019642m|0.006211rad, update time=0.123490s delay=0.244221s
[INFO] [1771003308.405815958] [icp_odometry]: Odom: ratio=0.252812, std dev=0.019671m|0.006220rad, update time=0.146069s delay=0.264960s
[INFO] [1771003308.572701804] [icp_odometry]: Odom: ratio=0.246236, std dev=0.018986m|0.006004rad, update time=0.117537s delay=0.231770s
[INFO] [1771003308.792854829] [icp_odometry]: Odom: ratio=0.246118, std dev=0.019158m|0.006058rad, update time=0.138634s delay=0.251876s
[INFO] [1771003308.985435352] [icp_odometry]: Odom: ratio=0.246118, std dev=0.018921m|0.005983rad, update time=0.123882s delay=0.244962s
[INFO] [1771003309.180875046] [icp_odometry]: Odom: ratio=0.250189, std dev=0.019661m|0.006217rad, update time=0.124931s delay=0.239876s
[INFO] [1771003309.380457474] [icp_odometry]: Odom: ratio=0.244199, std dev=0.019630m|0.006208rad, update time=0.121623s delay=0.239523s
[INFO] [1771003309.605656241] [icp_odometry]: Odom: ratio=0.234836, std dev=0.019011m|0.006012rad, update time=0.146170s delay=0.265019s
[INFO] [1771003309.771182584] [icp_odometry]: Odom: ratio=0.239029, std dev=0.018614m|0.005886rad, update time=0.115967s delay=0.230814s
[INFO] [1771003309.977663106] [icp_odometry]: Odom: ratio=0.237333, std dev=0.018597m|0.005881rad, update time=0.119894s delay=0.236726s
[INFO] [1771003310.176889810] [icp_odometry]: Odom: ratio=0.240612, std dev=0.018385m|0.005814rad, update time=0.117321s delay=0.236433s
[INFO] [1771003310.381369079] [icp_odometry]: Odom: ratio=0.237943, std dev=0.019115m|0.006045rad, update time=0.123601s delay=0.241030s
[INFO] [1771003310.567766541] [icp_odometry]: Odom: ratio=0.246714, std dev=0.019252m|0.006088rad, update time=0.108285s delay=0.227494s
[INFO] [1771003310.799464188] [icp_odometry]: Odom: ratio=0.243085, std dev=0.019292m|0.006101rad, update time=0.140675s delay=0.258477s
[INFO] [1771003310.981434521] [icp_odometry]: Odom: ratio=0.246959, std dev=0.019139m|0.006052rad, update time=0.126393s delay=0.240413s
[INFO] [1771003311.180709643] [icp_odometry]: Odom: ratio=0.245966, std dev=0.018785m|0.005940rad, update time=0.119877s delay=0.239647s
[INFO] [1771003311.375166743] [icp_odometry]: Odom: ratio=0.242355, std dev=0.018891m|0.005974rad, update time=0.116223s delay=0.234244s
[INFO] [1771003311.579922853] [icp_odometry]: Odom: ratio=0.242657, std dev=0.019012m|0.006012rad, update time=0.116905s delay=0.239547s
[INFO] [1771003311.800325679] [icp_odometry]: Odom: ratio=0.246471, std dev=0.019506m|0.006168rad, update time=0.143502s delay=0.259996s
[INFO] [1771003311.992257412] [icp_odometry]: Odom: ratio=0.245693, std dev=0.019532m|0.006177rad, update time=0.130271s delay=0.251894s
[INFO] [1771003312.178078630] [icp_odometry]: Odom: ratio=0.244435, std dev=0.019211m|0.006075rad, update time=0.121632s delay=0.237091s
[INFO] [1771003312.392785387] [icp_odometry]: Odom: ratio=0.249028, std dev=0.019645m|0.006212rad, update time=0.131407s delay=0.252377s
[INFO] [1771003312.585639392] [icp_odometry]: Odom: ratio=0.255218, std dev=0.019344m|0.006117rad, update time=0.126476s delay=0.244596s
[INFO] [1771003312.794456346] [icp_odometry]: Odom: ratio=0.257189, std dev=0.019471m|0.006157rad, update time=0.136102s delay=0.253970s
[INFO] [1771003312.981530408] [icp_odometry]: Odom: ratio=0.258494, std dev=0.019407m|0.006137rad, update time=0.123847s delay=0.240419s
[INFO] [1771003313.192460459] [icp_odometry]: Odom: ratio=0.263695, std dev=0.019403m|0.006136rad, update time=0.131724s delay=0.251502s
[INFO] [1771003313.390371470] [icp_odometry]: Odom: ratio=0.259411, std dev=0.019582m|0.006193rad, update time=0.131120s delay=0.250070s
[INFO] [1771003313.591620964] [icp_odometry]: Odom: ratio=0.255387, std dev=0.019545m|0.006181rad, update time=0.130147s delay=0.251315s
[INFO] [1771003313.788508867] [icp_odometry]: Odom: ratio=0.254081, std dev=0.019362m|0.006123rad, update time=0.130977s delay=0.247963s
[INFO] [1771003314.019513434] [icp_odometry]: Odom: ratio=0.253296, std dev=0.020070m|0.006347rad, update time=0.159009s delay=0.278496s
[INFO] [1771003314.193015220] [icp_odometry]: Odom: ratio=0.250644, std dev=0.019995m|0.006323rad, update time=0.138727s delay=0.252681s
[INFO] [1771003314.388610759] [icp_odometry]: Odom: ratio=0.257111, std dev=0.020283m|0.006414rad, update time=0.127463s delay=0.248165s
[INFO] [1771003314.604780287] [icp_odometry]: Odom: ratio=0.248572, std dev=0.020230m|0.006397rad, update time=0.140207s delay=0.264337s
[INFO] [1771003314.789792933] [icp_odometry]: Odom: ratio=0.253731, std dev=0.020282m|0.006414rad, update time=0.128347s delay=0.249325s
[INFO] [1771003314.993831259] [icp_odometry]: Odom: ratio=0.253511, std dev=0.021311m|0.006739rad, update time=0.131310s delay=0.253517s
[INFO] [1771003315.202280457] [icp_odometry]: Odom: ratio=0.257735, std dev=0.020231m|0.006398rad, update time=0.146726s delay=0.261172s
[INFO] [1771003315.388679647] [icp_odometry]: Odom: ratio=0.265181, std dev=0.020563m|0.006503rad, update time=0.134629s delay=0.248363s
[INFO] [1771003315.584899815] [icp_odometry]: Odom: ratio=0.257571, std dev=0.020769m|0.006568rad, update time=0.126037s delay=0.244580s
[INFO] [1771003315.807869289] [icp_odometry]: Odom: ratio=0.254499, std dev=0.020659m|0.006533rad, update time=0.149503s delay=0.267530s
[INFO] [1771003315.997267975] [icp_odometry]: Odom: ratio=0.256475, std dev=0.021394m|0.006765rad, update time=0.135283s delay=0.256931s
[INFO] [1771003316.210809348] [icp_odometry]: Odom: ratio=0.256918, std dev=0.021259m|0.006723rad, update time=0.151314s delay=0.270321s
[INFO] [1771003316.389456527] [icp_odometry]: Odom: ratio=0.256206, std dev=0.021418m|0.006773rad, update time=0.135273s delay=0.248398s
[INFO] [1771003316.603353496] [icp_odometry]: Odom: ratio=0.268004, std dev=0.019636m|0.006209rad, update time=0.135979s delay=0.262324s
[INFO] [1771003316.785215346] [icp_odometry]: Odom: ratio=0.262717, std dev=0.019376m|0.006127rad, update time=0.127325s delay=0.244821s
[INFO] [1771003317.001606290] [icp_odometry]: Odom: ratio=0.257700, std dev=0.019932m|0.006303rad, update time=0.135823s delay=0.260682s
[INFO] [1771003317.194316225] [icp_odometry]: Odom: ratio=0.265261, std dev=0.019556m|0.006184rad, update time=0.137282s delay=0.253980s
[INFO] [1771003317.387692328] [icp_odometry]: Odom: ratio=0.263780, std dev=0.019547m|0.006181rad, update time=0.126508s delay=0.247380s
[INFO] [1771003317.588708341] [icp_odometry]: Odom: ratio=0.260889, std dev=0.019268m|0.006093rad, update time=0.131044s delay=0.248337s
[INFO] [1771003317.791083506] [icp_odometry]: Odom: ratio=0.266767, std dev=0.019233m|0.006082rad, update time=0.129977s delay=0.250694s
[INFO] [1771003317.999286391] [icp_odometry]: Odom: ratio=0.263448, std dev=0.019498m|0.006166rad, update time=0.137306s delay=0.258066s
[INFO] [1771003318.197339455] [icp_odometry]: Odom: ratio=0.263893, std dev=0.019097m|0.006039rad, update time=0.138172s delay=0.256358s
[INFO] [1771003318.399293389] [icp_odometry]: Odom: ratio=0.272155, std dev=0.019051m|0.006025rad, update time=0.143384s delay=0.258987s
[INFO] [1771003318.596607483] [icp_odometry]: Odom: ratio=0.269214, std dev=0.019047m|0.006023rad, update time=0.139278s delay=0.255585s
[INFO] [1771003318.797371392] [icp_odometry]: Odom: ratio=0.267364, std dev=0.019243m|0.006085rad, update time=0.137444s delay=0.257033s
[INFO] [1771003318.985000865] [icp_odometry]: Odom: ratio=0.266197, std dev=0.019786m|0.006257rad, update time=0.123661s delay=0.244558s
[INFO] [1771003319.189026198] [icp_odometry]: Odom: ratio=0.262701, std dev=0.019182m|0.006066rad, update time=0.130166s delay=0.248096s
[INFO] [1771003319.406968011] [icp_odometry]: Odom: ratio=0.265134, std dev=0.019376m|0.006127rad, update time=0.150370s delay=0.266539s
[INFO] [1771003319.591502785] [icp_odometry]: Odom: ratio=0.263386, std dev=0.018898m|0.005976rad, update time=0.132431s delay=0.251168s
[INFO] [1771003319.792941437] [icp_odometry]: Odom: ratio=0.264873, std dev=0.019070m|0.006030rad, update time=0.132641s delay=0.251825s
[INFO] [1771003319.994978734] [icp_odometry]: Odom: ratio=0.266858, std dev=0.019333m|0.006114rad, update time=0.133365s delay=0.254593s
[INFO] [1771003320.189662305] [icp_odometry]: Odom: ratio=0.267544, std dev=0.019467m|0.006156rad, update time=0.132323s delay=0.249301s
[INFO] [1771003320.396054824] [icp_odometry]: Odom: ratio=0.265834, std dev=0.019586m|0.006194rad, update time=0.133103s delay=0.255759s
[INFO] [1771003320.599514986] [icp_odometry]: Odom: ratio=0.269217, std dev=0.019117m|0.006045rad, update time=0.141793s delay=0.259082s
[INFO] [1771003320.781974521] [icp_odometry]: Odom: ratio=0.265283, std dev=0.019868m|0.006283rad, update time=0.124551s delay=0.241582s
[INFO] [1771003321.000529411] [icp_odometry]: Odom: ratio=0.268339, std dev=0.019265m|0.006092rad, update time=0.139504s delay=0.260185s
[INFO] [1771003321.189417999] [icp_odometry]: Odom: ratio=0.265322, std dev=0.019370m|0.006125rad, update time=0.128899s delay=0.248330s
[INFO] [1771003321.399618585] [icp_odometry]: Odom: ratio=0.264288, std dev=0.019771m|0.006252rad, update time=0.134795s delay=0.259272s
[INFO] [1771003321.610875687] [icp_odometry]: Odom: ratio=0.265594, std dev=0.019935m|0.006304rad, update time=0.154201s delay=0.269883s
[INFO] [1771003321.812059931] [icp_odometry]: Odom: ratio=0.260650, std dev=0.020181m|0.006382rad, update time=0.148653s delay=0.271523s
[INFO] [1771003321.995617743] [icp_odometry]: Odom: ratio=0.263851, std dev=0.019233m|0.006082rad, update time=0.134952s delay=0.255240s
[INFO] [1771003322.202920917] [icp_odometry]: Odom: ratio=0.257823, std dev=0.019508m|0.006169rad, update time=0.136627s delay=0.261894s
[INFO] [1771003322.410771503] [icp_odometry]: Odom: ratio=0.261130, std dev=0.019768m|0.006251rad, update time=0.149999s delay=0.270436s
[INFO] [1771003322.613526904] [icp_odometry]: Odom: ratio=0.259042, std dev=0.019605m|0.006200rad, update time=0.149288s delay=0.273158s
[INFO] [1771003322.803133821] [icp_odometry]: Odom: ratio=0.266915, std dev=0.019605m|0.006200rad, update time=0.143723s delay=0.262644s
[INFO] [1771003322.995304826] [icp_odometry]: Odom: ratio=0.260164, std dev=0.019596m|0.006197rad, update time=0.134184s delay=0.254173s
[INFO] [1771003323.196273382] [icp_odometry]: Odom: ratio=0.261907, std dev=0.019340m|0.006116rad, update time=0.131748s delay=0.255841s
[INFO] [1771003323.411155569] [icp_odometry]: Odom: ratio=0.266620, std dev=0.019703m|0.006231rad, update time=0.141009s delay=0.270804s
[INFO] [1771003323.601036991] [icp_odometry]: Odom: ratio=0.265879, std dev=0.019439m|0.006147rad, update time=0.138336s delay=0.260620s
[INFO] [1771003323.813244431] [icp_odometry]: Odom: ratio=0.267225, std dev=0.019721m|0.006236rad, update time=0.152087s delay=0.272035s
[INFO] [1771003323.997721123] [icp_odometry]: Odom: ratio=0.267280, std dev=0.019434m|0.006145rad, update time=0.137042s delay=0.257243s
[INFO] [1771003324.198710735] [icp_odometry]: Odom: ratio=0.267184, std dev=0.019294m|0.006101rad, update time=0.134769s delay=0.258300s
[INFO] [1771003324.412444339] [icp_odometry]: Odom: ratio=0.266354, std dev=0.019602m|0.006199rad, update time=0.146630s delay=0.272115s
[INFO] [1771003324.601101015] [icp_odometry]: Odom: ratio=0.265315, std dev=0.019382m|0.006129rad, update time=0.136184s delay=0.260717s
[INFO] [1771003324.797168602] [icp_odometry]: Odom: ratio=0.264567, std dev=0.019816m|0.006267rad, update time=0.132152s delay=0.256010s
[INFO] [1771003325.005581831] [icp_odometry]: Odom: ratio=0.271849, std dev=0.019698m|0.006229rad, update time=0.146132s delay=0.265160s
[INFO] [1771003325.187389375] [icp_odometry]: Odom: ratio=0.265104, std dev=0.019873m|0.006284rad, update time=0.128463s delay=0.243776s
[INFO] [1771003325.397046198] [icp_odometry]: Odom: ratio=0.260657, std dev=0.020139m|0.006368rad, update time=0.135413s delay=0.256617s
[INFO] [1771003325.592850224] [icp_odometry]: Odom: ratio=0.253666, std dev=0.020564m|0.006503rad, update time=0.130720s delay=0.252537s
[INFO] [1771003325.795856931] [icp_odometry]: Odom: ratio=0.259862, std dev=0.020547m|0.006497rad, update time=0.133182s delay=0.255523s
[INFO] [1771003325.991034151] [icp_odometry]: Odom: ratio=0.254290, std dev=0.020310m|0.006423rad, update time=0.131511s delay=0.250679s
[INFO] [1771003326.200732416] [icp_odometry]: Odom: ratio=0.255772, std dev=0.020134m|0.006367rad, update time=0.143774s delay=0.260218s
[INFO] [1771003326.389722831] [icp_odometry]: Odom: ratio=0.253975, std dev=0.019810m|0.006264rad, update time=0.129921s delay=0.249386s
[INFO] [1771003326.587255781] [icp_odometry]: Odom: ratio=0.250508, std dev=0.019854m|0.006279rad, update time=0.127085s delay=0.246546s
[INFO] [1771003326.807644046] [icp_odometry]: Odom: ratio=0.253184, std dev=0.020347m|0.006434rad, update time=0.147890s delay=0.267307s
[INFO] [1771003326.985152946] [icp_odometry]: Odom: ratio=0.255617, std dev=0.019185m|0.006067rad, update time=0.127157s delay=0.244807s
[INFO] [1771003327.186939930] [icp_odometry]: Odom: ratio=0.259178, std dev=0.018925m|0.005985rad, update time=0.124411s delay=0.246514s
[INFO] [1771003327.412860514] [icp_odometry]: Odom: ratio=0.260820, std dev=0.019088m|0.006036rad, update time=0.154068s delay=0.272412s
[INFO] [1771003327.588092088] [icp_odometry]: Odom: ratio=0.259664, std dev=0.019172m|0.006063rad, update time=0.133102s delay=0.247608s
[INFO] [1771003327.786878296] [icp_odometry]: Odom: ratio=0.257947, std dev=0.019092m|0.006037rad, update time=0.125345s delay=0.246509s
[INFO] [1771003327.995990205] [icp_odometry]: Odom: ratio=0.260347, std dev=0.018962m|0.005996rad, update time=0.131777s delay=0.255610s
[INFO] [1771003328.194910467] [icp_odometry]: Odom: ratio=0.261076, std dev=0.018966m|0.005997rad, update time=0.127293s delay=0.254547s
[INFO] [1771003328.393562175] [icp_odometry]: Odom: ratio=0.259953, std dev=0.018960m|0.005996rad, update time=0.132466s delay=0.253115s
[INFO] [1771003328.609110785] [icp_odometry]: Odom: ratio=0.260888, std dev=0.018959m|0.005995rad, update time=0.146921s delay=0.268670s
[INFO] [1771003328.774280028] [icp_odometry]: Odom: ratio=0.260010, std dev=0.018964m|0.005997rad, update time=0.119618s delay=0.233201s
[INFO] [1771003328.991115851] [icp_odometry]: Odom: ratio=0.262012, std dev=0.019165m|0.006061rad, update time=0.129803s delay=0.250665s
[INFO] [1771003329.190361883] [icp_odometry]: Odom: ratio=0.264140, std dev=0.019118m|0.006046rad, update time=0.128954s delay=0.249842s
[INFO] [1771003329.393773212] [icp_odometry]: Odom: ratio=0.265751, std dev=0.019242m|0.006085rad, update time=0.131058s delay=0.252721s
[INFO] [1771003329.597306624] [icp_odometry]: Odom: ratio=0.257656, std dev=0.019282m|0.006097rad, update time=0.137412s delay=0.256717s
[INFO] [1771003329.790600868] [icp_odometry]: Odom: ratio=0.257192, std dev=0.018956m|0.005995rad, update time=0.129755s delay=0.250254s
[INFO] [1771003329.986683496] [icp_odometry]: Odom: ratio=0.259798, std dev=0.019943m|0.006306rad, update time=0.125300s delay=0.246357s
[INFO] [1771003330.182066771] [icp_odometry]: Odom: ratio=0.250319, std dev=0.019598m|0.006197rad, update time=0.122480s delay=0.241646s
[INFO] [1771003330.384921632] [icp_odometry]: Odom: ratio=0.259866, std dev=0.020073m|0.006348rad, update time=0.120621s delay=0.244337s
[INFO] [1771003330.590206625] [icp_odometry]: Odom: ratio=0.250221, std dev=0.020286m|0.006415rad, update time=0.125054s delay=0.249767s
[INFO] [1771003330.792005226] [icp_odometry]: Odom: ratio=0.259624, std dev=0.020559m|0.006501rad, update time=0.132636s delay=0.251644s
[INFO] [1771003330.968220801] [icp_odometry]: Odom: ratio=0.263604, std dev=0.020175m|0.006380rad, update time=0.114858s delay=0.227635s
[INFO] [1771003331.198376795] [icp_odometry]: Odom: ratio=0.266239, std dev=0.019999m|0.006324rad, update time=0.131406s delay=0.257993s
[INFO] [1771003331.381431390] [icp_odometry]: Odom: ratio=0.261077, std dev=0.019367m|0.006124rad, update time=0.120129s delay=0.240327s
[INFO] [1771003331.584513778] [icp_odometry]: Odom: ratio=0.263112, std dev=0.019416m|0.006140rad, update time=0.123124s delay=0.243548s
[INFO] [1771003331.782947559] [icp_odometry]: Odom: ratio=0.269389, std dev=0.019475m|0.006159rad, update time=0.124091s delay=0.242476s
[INFO] [1771003331.980436475] [icp_odometry]: Odom: ratio=0.260036, std dev=0.019476m|0.006159rad, update time=0.122981s delay=0.240010s
[INFO] [1771003332.183329738] [icp_odometry]: Odom: ratio=0.257843, std dev=0.019372m|0.006126rad, update time=0.117212s delay=0.242886s
[INFO] [1771003332.386298363] [icp_odometry]: Odom: ratio=0.260810, std dev=0.019408m|0.006137rad, update time=0.124084s delay=0.245927s
[INFO] [1771003332.584754448] [icp_odometry]: Odom: ratio=0.261430, std dev=0.019424m|0.006142rad, update time=0.123492s delay=0.244241s
[INFO] [1771003332.789740103] [icp_odometry]: Odom: ratio=0.263259, std dev=0.019519m|0.006172rad, update time=0.129288s delay=0.249311s
[INFO] [1771003332.997127536] [icp_odometry]: Odom: ratio=0.265168, std dev=0.019763m|0.006250rad, update time=0.136542s delay=0.256567s
[INFO] [1771003333.180033646] [icp_odometry]: Odom: ratio=0.263479, std dev=0.019694m|0.006228rad, update time=0.125202s delay=0.239657s
[INFO] [1771003333.391406720] [icp_odometry]: Odom: ratio=0.260126, std dev=0.020031m|0.006335rad, update time=0.128718s delay=0.250231s
[INFO] [1771003333.598063408] [icp_odometry]: Odom: ratio=0.264108, std dev=0.019374m|0.006127rad, update time=0.133582s delay=0.257697s
[INFO] [1771003333.796877458] [icp_odometry]: Odom: ratio=0.263746, std dev=0.019205m|0.006073rad, update time=0.135406s delay=0.256483s
[INFO] [1771003333.985075686] [icp_odometry]: Odom: ratio=0.261820, std dev=0.019135m|0.006051rad, update time=0.126746s delay=0.244574s
[INFO] [1771003334.208330130] [icp_odometry]: Odom: ratio=0.269365, std dev=0.019757m|0.006248rad, update time=0.150186s delay=0.267819s
[INFO] [1771003334.390500119] [icp_odometry]: Odom: ratio=0.270270, std dev=0.019615m|0.006203rad, update time=0.132191s delay=0.249428s
[INFO] [1771003334.596587827] [icp_odometry]: Odom: ratio=0.262882, std dev=0.019232m|0.006082rad, update time=0.131444s delay=0.256073s
[INFO] [1771003334.788418084] [icp_odometry]: Odom: ratio=0.263439, std dev=0.019710m|0.006233rad, update time=0.129274s delay=0.248071s
[INFO] [1771003334.991918728] [icp_odometry]: Odom: ratio=0.260757, std dev=0.019357m|0.006121rad, update time=0.130747s delay=0.251434s
[INFO] [1771003335.191808879] [icp_odometry]: Odom: ratio=0.261162, std dev=0.019801m|0.006262rad, update time=0.128582s delay=0.250723s
[INFO] [1771003335.403842648] [icp_odometry]: Odom: ratio=0.253652, std dev=0.019816m|0.006266rad, update time=0.144552s delay=0.263467s
[INFO] [1771003335.585119389] [icp_odometry]: Odom: ratio=0.256779, std dev=0.019709m|0.006233rad, update time=0.126933s delay=0.244663s
[INFO] [1771003335.798764766] [icp_odometry]: Odom: ratio=0.261328, std dev=0.019593m|0.006196rad, update time=0.135129s delay=0.258228s
[INFO] [1771003335.990503404] [icp_odometry]: Odom: ratio=0.261625, std dev=0.019899m|0.006293rad, update time=0.128400s delay=0.250148s
[INFO] [1771003336.209502214] [icp_odometry]: Odom: ratio=0.258178, std dev=0.021217m|0.006709rad, update time=0.143953s delay=0.269091s
[INFO] [1771003336.396547624] [icp_odometry]: Odom: ratio=0.248709, std dev=0.022038m|0.006969rad, update time=0.134357s delay=0.256087s
[INFO] [1771003336.614537471] [icp_odometry]: Odom: ratio=0.256641, std dev=0.020331m|0.006429rad, update time=0.155909s delay=0.274197s
[INFO] [1771003336.793128881] [icp_odometry]: Odom: ratio=0.243675, std dev=0.021741m|0.006875rad, update time=0.135415s delay=0.252627s
[INFO] [1771003336.996770842] [icp_odometry]: Odom: ratio=0.251657, std dev=0.020680m|0.006540rad, update time=0.136332s delay=0.256291s
[INFO] [1771003337.191981549] [icp_odometry]: Odom: ratio=0.235762, std dev=0.020365m|0.006440rad, update time=0.130982s delay=0.251552s
[INFO] [1771003337.396267214] [icp_odometry]: Odom: ratio=0.219935, std dev=0.020677m|0.006539rad, update time=0.131991s delay=0.255718s
[INFO] [1771003337.592674093] [icp_odometry]: Odom: ratio=0.238772, std dev=0.019171m|0.006062rad, update time=0.129583s delay=0.252129s
[INFO] [1771003337.801051011] [icp_odometry]: Odom: ratio=0.251928, std dev=0.019185m|0.006067rad, update time=0.143105s delay=0.260671s
[INFO] [1771003337.991093081] [icp_odometry]: Odom: ratio=0.252293, std dev=0.019845m|0.006276rad, update time=0.136842s delay=0.250712s
[INFO] [1771003338.176829394] [icp_odometry]: Odom: ratio=0.246751, std dev=0.019045m|0.006022rad, update time=0.118309s delay=0.236196s
[INFO] [1771003338.383242144] [icp_odometry]: Odom: ratio=0.250022, std dev=0.018939m|0.005989rad, update time=0.118123s delay=0.242099s
[INFO] [1771003338.597490637] [icp_odometry]: Odom: ratio=0.251028, std dev=0.018954m|0.005994rad, update time=0.137674s delay=0.257046s
[INFO] [1771003338.789316485] [icp_odometry]: Odom: ratio=0.258134, std dev=0.018533m|0.005861rad, update time=0.129243s delay=0.248817s
[INFO] [1771003338.993211190] [icp_odometry]: Odom: ratio=0.263958, std dev=0.018969m|0.005998rad, update time=0.128769s delay=0.252769s
[INFO] [1771003339.201018552] [icp_odometry]: Odom: ratio=0.263669, std dev=0.019278m|0.006096rad, update time=0.145285s delay=0.260600s
[INFO] [1771003339.390646783] [icp_odometry]: Odom: ratio=0.263607, std dev=0.019007m|0.006011rad, update time=0.127826s delay=0.250268s
[INFO] [1771003339.590120527] [icp_odometry]: Odom: ratio=0.260238, std dev=0.018632m|0.005892rad, update time=0.128423s delay=0.249677s
[INFO] [1771003339.812008852] [icp_odometry]: Odom: ratio=0.265002, std dev=0.018857m|0.005963rad, update time=0.151437s delay=0.271528s
[INFO] [1771003339.985653809] [icp_odometry]: Odom: ratio=0.258233, std dev=0.019224m|0.006079rad, update time=0.127129s delay=0.244416s
[INFO] [1771003340.184570988] [icp_odometry]: Odom: ratio=0.256423, std dev=0.019395m|0.006133rad, update time=0.121681s delay=0.244134s
[INFO] [1771003340.401132207] [icp_odometry]: Odom: ratio=0.252492, std dev=0.019278m|0.006096rad, update time=0.140095s delay=0.260703s
[INFO] [1771003340.587901773] [icp_odometry]: Odom: ratio=0.252725, std dev=0.019200m|0.006071rad, update time=0.127687s delay=0.247453s
[INFO] [1771003340.807190867] [icp_odometry]: Odom: ratio=0.263139, std dev=0.019496m|0.006165rad, update time=0.146240s delay=0.266583s
[INFO] [1771003340.979336057] [icp_odometry]: Odom: ratio=0.260628, std dev=0.019798m|0.006261rad, update time=0.124762s delay=0.238774s
[INFO] [1771003341.196570836] [icp_odometry]: Odom: ratio=0.257302, std dev=0.020012m|0.006328rad, update time=0.133417s delay=0.256015s
[INFO] [1771003341.400649965] [icp_odometry]: Odom: ratio=0.253473, std dev=0.020574m|0.006506rad, update time=0.129591s delay=0.260247s
[INFO] [1771003341.591786795] [icp_odometry]: Odom: ratio=0.254410, std dev=0.020033m|0.006335rad, update time=0.132820s delay=0.251250s
[INFO] [1771003341.812713933] [icp_odometry]: Odom: ratio=0.260311, std dev=0.019402m|0.006136rad, update time=0.151407s delay=0.272172s
[INFO] [1771003341.985410535] [icp_odometry]: Odom: ratio=0.271833, std dev=0.019215m|0.006076rad, update time=0.131288s delay=0.245013s
[INFO] [1771003342.211074263] [icp_odometry]: Odom: ratio=0.264503, std dev=0.019371m|0.006126rad, update time=0.147718s delay=0.270648s
[INFO] [1771003342.388046606] [icp_odometry]: Odom: ratio=0.264766, std dev=0.019261m|0.006091rad, update time=0.131571s delay=0.247553s
[INFO] [1771003342.598056864] [icp_odometry]: Odom: ratio=0.266761, std dev=0.018957m|0.005995rad, update time=0.134410s delay=0.257640s
[INFO] [1771003342.799836004] [icp_odometry]: Odom: ratio=0.265366, std dev=0.019245m|0.006086rad, update time=0.141439s delay=0.259298s
[INFO] [1771003343.015724558] [icp_odometry]: Odom: ratio=0.267048, std dev=0.019415m|0.006140rad, update time=0.155250s delay=0.275198s
[INFO] [1771003343.194702799] [icp_odometry]: Odom: ratio=0.263751, std dev=0.019544m|0.006180rad, update time=0.132025s delay=0.254161s
[INFO] [1771003343.391954317] [icp_odometry]: Odom: ratio=0.265482, std dev=0.019730m|0.006239rad, update time=0.128343s delay=0.251506s
[INFO] [1771003343.591313145] [icp_odometry]: Odom: ratio=0.262079, std dev=0.019742m|0.006243rad, update time=0.129977s delay=0.250749s
[INFO] [1771003343.784515810] [icp_odometry]: Odom: ratio=0.260632, std dev=0.020016m|0.006330rad, update time=0.125975s delay=0.244108s
[INFO] [1771003343.996437371] [icp_odometry]: Odom: ratio=0.262481, std dev=0.019109m|0.006043rad, update time=0.134315s delay=0.255860s
[INFO] [1771003344.197086613] [icp_odometry]: Odom: ratio=0.265424, std dev=0.019271m|0.006094rad, update time=0.137048s delay=0.256593s
[INFO] [1771003344.389936947] [icp_odometry]: Odom: ratio=0.262044, std dev=0.019085m|0.006035rad, update time=0.126901s delay=0.248677s
[INFO] [1771003344.593233582] [icp_odometry]: Odom: ratio=0.262857, std dev=0.019344m|0.006117rad, update time=0.128315s delay=0.252830s
[INFO] [1771003344.787333273] [icp_odometry]: Odom: ratio=0.271505, std dev=0.019216m|0.006077rad, update time=0.126119s delay=0.246785s
[INFO] [1771003344.989484331] [icp_odometry]: Odom: ratio=0.272918, std dev=0.018960m|0.005996rad, update time=0.127947s delay=0.248916s
[INFO] [1771003345.187365793] [icp_odometry]: Odom: ratio=0.264446, std dev=0.019147m|0.006055rad, update time=0.124495s delay=0.246160s
[INFO] [1771003345.389858719] [icp_odometry]: Odom: ratio=0.270060, std dev=0.019017m|0.006014rad, update time=0.132402s delay=0.249344s
[INFO] [1771003345.594233763] [icp_odometry]: Odom: ratio=0.266877, std dev=0.019387m|0.006131rad, update time=0.135522s delay=0.253706s
[INFO] [1771003345.787246246] [icp_odometry]: Odom: ratio=0.274197, std dev=0.019561m|0.006186rad, update time=0.127344s delay=0.246578s
[INFO] [1771003345.990768970] [icp_odometry]: Odom: ratio=0.270531, std dev=0.019394m|0.006133rad, update time=0.128031s delay=0.250254s
[INFO] [1771003346.178722387] [icp_odometry]: Odom: ratio=0.269006, std dev=0.018808m|0.005948rad, update time=0.120835s delay=0.238087s
[INFO] [1771003346.368072528] [icp_odometry]: Odom: ratio=0.267151, std dev=0.019034m|0.006019rad, update time=0.106679s delay=0.226704s
[INFO] [1771003346.590031928] [icp_odometry]: Odom: ratio=0.264082, std dev=0.018860m|0.005964rad, update time=0.125072s delay=0.249495s
[INFO] [1771003346.791804252] [icp_odometry]: Odom: ratio=0.263552, std dev=0.019674m|0.006222rad, update time=0.124663s delay=0.251201s
[INFO] [1771003346.982955963] [icp_odometry]: Odom: ratio=0.263120, std dev=0.019148m|0.006055rad, update time=0.121204s delay=0.242486s
[INFO] [1771003347.179667174] [icp_odometry]: Odom: ratio=0.261265, std dev=0.018999m|0.006008rad, update time=0.120763s delay=0.239082s
[INFO] [1771003347.390579801] [icp_odometry]: Odom: ratio=0.258782, std dev=0.018837m|0.005957rad, update time=0.126248s delay=0.250067s
[INFO] [1771003347.587078524] [icp_odometry]: Odom: ratio=0.256012, std dev=0.018746m|0.005928rad, update time=0.124798s delay=0.246399s
[INFO] [1771003347.790025291] [icp_odometry]: Odom: ratio=0.262014, std dev=0.018698m|0.005913rad, update time=0.125009s delay=0.249437s
[INFO] [1771003347.968416886] [icp_odometry]: Odom: ratio=0.257678, std dev=0.018420m|0.005825rad, update time=0.111172s delay=0.227792s
[INFO] [1771003348.194440499] [icp_odometry]: Odom: ratio=0.259050, std dev=0.018731m|0.005923rad, update time=0.128865s delay=0.253946s
[INFO] [1771003348.381182064] [icp_odometry]: Odom: ratio=0.263614, std dev=0.018095m|0.005722rad, update time=0.118826s delay=0.240563s
[INFO] [1771003348.587091052] [icp_odometry]: Odom: ratio=0.266830, std dev=0.018059m|0.005711rad, update time=0.127673s delay=0.246441s
[INFO] [1771003348.777668021] [icp_odometry]: Odom: ratio=0.265888, std dev=0.018122m|0.005731rad, update time=0.117621s delay=0.237145s
[INFO] [1771003348.988493317] [icp_odometry]: Odom: ratio=0.263629, std dev=0.018574m|0.005874rad, update time=0.128804s delay=0.248037s
[INFO] [1771003349.179808138] [icp_odometry]: Odom: ratio=0.262303, std dev=0.018175m|0.005747rad, update time=0.120966s delay=0.239271s
[INFO] [1771003349.382140675] [icp_odometry]: Odom: ratio=0.266641, std dev=0.018552m|0.005867rad, update time=0.122090s delay=0.241538s
[INFO] [1771003349.582775325] [icp_odometry]: Odom: ratio=0.259996, std dev=0.018429m|0.005828rad, update time=0.119286s delay=0.242180s
[INFO] [1771003349.783914314] [icp_odometry]: Odom: ratio=0.259185, std dev=0.018710m|0.005917rad, update time=0.125384s delay=0.243272s
[INFO] [1771003349.992435237] [icp_odometry]: Odom: ratio=0.264055, std dev=0.018704m|0.005915rad, update time=0.134804s delay=0.251294s
[INFO] [1771003350.175884778] [icp_odometry]: Odom: ratio=0.261506, std dev=0.018232m|0.005765rad, update time=0.114973s delay=0.235295s
[INFO] [1771003350.372716953] [icp_odometry]: Odom: ratio=0.260882, std dev=0.018354m|0.005804rad, update time=0.112499s delay=0.232092s
[INFO] [1771003350.574755623] [icp_odometry]: Odom: ratio=0.256951, std dev=0.018108m|0.005726rad, update time=0.111786s delay=0.234078s
[INFO] [1771003350.786259599] [icp_odometry]: Odom: ratio=0.256867, std dev=0.018611m|0.005885rad, update time=0.122213s delay=0.245570s
[INFO] [1771003350.989217631] [icp_odometry]: Odom: ratio=0.253020, std dev=0.018813m|0.005949rad, update time=0.127424s delay=0.247895s
[INFO] [1771003351.182655921] [icp_odometry]: Odom: ratio=0.250954, std dev=0.018977m|0.006001rad, update time=0.117209s delay=0.242003s
[INFO] [1771003351.371875849] [icp_odometry]: Odom: ratio=0.261208, std dev=0.018340m|0.005800rad, update time=0.112958s delay=0.230395s
[INFO] [1771003351.573827508] [icp_odometry]: Odom: ratio=0.265642, std dev=0.018053m|0.005709rad, update time=0.112478s delay=0.233342s
[INFO] [1771003351.764569348] [icp_odometry]: Odom: ratio=0.264582, std dev=0.017891m|0.005658rad, update time=0.100506s delay=0.223974s
[INFO] [1771003351.867093522] [icp_odometry]: Odom: ratio=0.268715, std dev=0.018310m|0.005790rad, update time=0.100468s delay=0.226544s
[INFO] [1771003352.072527516] [icp_odometry]: Odom: ratio=0.265184, std dev=0.018186m|0.005751rad, update time=0.109033s delay=0.231861s
[INFO] [1771003352.275012218] [icp_odometry]: Odom: ratio=0.264853, std dev=0.017761m|0.005616rad, update time=0.118863s delay=0.234402s
[INFO] [1771003352.480611083] [icp_odometry]: Odom: ratio=0.268767, std dev=0.018276m|0.005779rad, update time=0.120510s delay=0.239883s
[INFO] [1771003352.676269583] [icp_odometry]: Odom: ratio=0.262354, std dev=0.017881m|0.005654rad, update time=0.115177s delay=0.235637s
[INFO] [1771003352.863532863] [icp_odometry]: Odom: ratio=0.258203, std dev=0.017982m|0.005686rad, update time=0.100828s delay=0.222898s
[INFO] [1771003353.078809522] [icp_odometry]: Odom: ratio=0.256320, std dev=0.018038m|0.005704rad, update time=0.113608s delay=0.237511s
[INFO] [1771003353.267890213] [icp_odometry]: Odom: ratio=0.254345, std dev=0.018175m|0.005747rad, update time=0.110702s delay=0.227217s
[INFO] [1771003353.459609112] [icp_odometry]: Odom: ratio=0.259320, std dev=0.017848m|0.005644rad, update time=0.100471s delay=0.218974s
[INFO] [1771003353.560039162] [icp_odometry]: Odom: ratio=0.259597, std dev=0.018244m|0.005769rad, update time=0.095739s delay=0.219423s
[INFO] [1771003353.675002672] [icp_odometry]: Odom: ratio=0.259926, std dev=0.018235m|0.005767rad, update time=0.110190s delay=0.234136s
[INFO] [1771003353.881655143] [icp_odometry]: Odom: ratio=0.259900, std dev=0.018362m|0.005807rad, update time=0.115764s delay=0.241031s
[INFO] [1771003354.069023835] [icp_odometry]: Odom: ratio=0.259830, std dev=0.018361m|0.005806rad, update time=0.104428s delay=0.228448s
[INFO] [1771003354.276217830] [icp_odometry]: Odom: ratio=0.262119, std dev=0.018476m|0.005843rad, update time=0.115291s delay=0.235531s
[INFO] [1771003354.480881044] [icp_odometry]: Odom: ratio=0.263974, std dev=0.018454m|0.005836rad, update time=0.123116s delay=0.239604s
[INFO] [1771003354.661491312] [icp_odometry]: Odom: ratio=0.267152, std dev=0.018460m|0.005837rad, update time=0.104364s delay=0.220720s
[INFO] [1771003354.880064156] [icp_odometry]: Odom: ratio=0.264463, std dev=0.018084m|0.005719rad, update time=0.116333s delay=0.239378s
[INFO] [1771003355.082364691] [icp_odometry]: Odom: ratio=0.269748, std dev=0.018136m|0.005735rad, update time=0.121629s delay=0.241856s
[INFO] [1771003355.274149769] [icp_odometry]: Odom: ratio=0.262430, std dev=0.018126m|0.005732rad, update time=0.109248s delay=0.232744s
[INFO] [1771003355.474026024] [icp_odometry]: Odom: ratio=0.268201, std dev=0.018261m|0.005775rad, update time=0.112164s delay=0.233474s
[INFO] [1771003355.668041200] [icp_odometry]: Odom: ratio=0.269781, std dev=0.018362m|0.005807rad, update time=0.103671s delay=0.227318s
[INFO] [1771003355.888048880] [icp_odometry]: Odom: ratio=0.270110, std dev=0.018196m|0.005754rad, update time=0.124089s delay=0.247341s
[INFO] [1771003356.068262782] [icp_odometry]: Odom: ratio=0.269227, std dev=0.018364m|0.005807rad, update time=0.107024s delay=0.227468s
[INFO] [1771003356.284325326] [icp_odometry]: Odom: ratio=0.270196, std dev=0.018416m|0.005824rad, update time=0.118930s delay=0.243030s
[INFO] [1771003356.479717096] [icp_odometry]: Odom: ratio=0.268649, std dev=0.018054m|0.005709rad, update time=0.116230s delay=0.238413s
[INFO] [1771003356.693400449] [icp_odometry]: Odom: ratio=0.268716, std dev=0.018063m|0.005712rad, update time=0.132186s delay=0.252687s
[INFO] [1771003356.858893459] [icp_odometry]: Odom: ratio=0.272911, std dev=0.017897m|0.005659rad, update time=0.104407s delay=0.218252s
[INFO] [1771003357.071249499] [icp_odometry]: Odom: ratio=0.269496, std dev=0.018046m|0.005707rad, update time=0.105769s delay=0.230637s
[INFO] [1771003357.265338598] [icp_odometry]: Odom: ratio=0.276327, std dev=0.018032m|0.005702rad, update time=0.101913s delay=0.224571s
[INFO] [1771003357.482050669] [icp_odometry]: Odom: ratio=0.274875, std dev=0.017886m|0.005656rad, update time=0.115984s delay=0.241358s
[INFO] [1771003357.672081571] [icp_odometry]: Odom: ratio=0.276543, std dev=0.017936m|0.005672rad, update time=0.109624s delay=0.231480s
[INFO] [1771003357.887036810] [icp_odometry]: Odom: ratio=0.271269, std dev=0.018137m|0.005735rad, update time=0.126393s delay=0.246268s
[INFO] [1771003358.078730429] [icp_odometry]: Odom: ratio=0.274990, std dev=0.017998m|0.005691rad, update time=0.119794s delay=0.237382s
[INFO] [1771003358.280921520] [icp_odometry]: Odom: ratio=0.275177, std dev=0.017781m|0.005623rad, update time=0.117311s delay=0.240212s
[INFO] [1771003358.475981374] [icp_odometry]: Odom: ratio=0.275878, std dev=0.018045m|0.005706rad, update time=0.113282s delay=0.234650s
[INFO] [1771003358.697023077] [icp_odometry]: Odom: ratio=0.274309, std dev=0.017908m|0.005663rad, update time=0.132259s delay=0.256395s
[INFO] [1771003358.880523051] [icp_odometry]: Odom: ratio=0.274757, std dev=0.017724m|0.005605rad, update time=0.124680s delay=0.239822s
[INFO] [1771003359.101992385] [icp_odometry]: Odom: ratio=0.276969, std dev=0.017880m|0.005654rad, update time=0.143031s delay=0.261331s
[INFO] [1771003359.281875779] [icp_odometry]: Odom: ratio=0.273223, std dev=0.017720m|0.005604rad, update time=0.127658s delay=0.241103s
[INFO] [1771003359.476305786] [icp_odometry]: Odom: ratio=0.274321, std dev=0.017610m|0.005569rad, update time=0.118366s delay=0.235601s
[INFO] [1771003359.694345842] [icp_odometry]: Odom: ratio=0.268993, std dev=0.017577m|0.005558rad, update time=0.126913s delay=0.253489s
[INFO] [1771003359.889144183] [icp_odometry]: Odom: ratio=0.274578, std dev=0.017832m|0.005639rad, update time=0.130535s delay=0.248457s
[INFO] [1771003360.075118104] [icp_odometry]: Odom: ratio=0.275272, std dev=0.017809m|0.005632rad, update time=0.117130s delay=0.233788s
[INFO] [1771003360.277729947] [icp_odometry]: Odom: ratio=0.278212, std dev=0.018097m|0.005723rad, update time=0.115839s delay=0.237088s
[INFO] [1771003360.480455042] [icp_odometry]: Odom: ratio=0.280448, std dev=0.017940m|0.005673rad, update time=0.118562s delay=0.239720s
[INFO] [1771003360.683433650] [icp_odometry]: Odom: ratio=0.280918, std dev=0.017786m|0.005624rad, update time=0.125258s delay=0.242815s
[INFO] [1771003360.895854332] [icp_odometry]: Odom: ratio=0.280619, std dev=0.017877m|0.005653rad, update time=0.131358s delay=0.255223s
[INFO] [1771003361.101273798] [icp_odometry]: Odom: ratio=0.278845, std dev=0.017892m|0.005658rad, update time=0.140262s delay=0.260652s
[INFO] [1771003361.297584802] [icp_odometry]: Odom: ratio=0.273666, std dev=0.018313m|0.005791rad, update time=0.140330s delay=0.256897s
[INFO] [1771003361.490301210] [icp_odometry]: Odom: ratio=0.268657, std dev=0.018548m|0.005866rad, update time=0.126456s delay=0.249346s
[INFO] [1771003361.681872904] [icp_odometry]: Odom: ratio=0.275313, std dev=0.018615m|0.005887rad, update time=0.122031s delay=0.241105s
[INFO] [1771003361.896085556] [icp_odometry]: Odom: ratio=0.271314, std dev=0.018846m|0.005960rad, update time=0.134462s delay=0.255461s
[INFO] [1771003362.100009415] [icp_odometry]: Odom: ratio=0.268378, std dev=0.018321m|0.005794rad, update time=0.135975s delay=0.259251s
[INFO] [1771003362.289531466] [icp_odometry]: Odom: ratio=0.271773, std dev=0.018185m|0.005750rad, update time=0.133981s delay=0.248885s
[INFO] [1771003362.475761365] [icp_odometry]: Odom: ratio=0.274760, std dev=0.018388m|0.005815rad, update time=0.114777s delay=0.234244s
[INFO] [1771003362.712621759] [icp_odometry]: Odom: ratio=0.268504, std dev=0.018252m|0.005772rad, update time=0.145982s delay=0.271011s
[INFO] [1771003362.886475460] [icp_odometry]: Odom: ratio=0.269904, std dev=0.018132m|0.005734rad, update time=0.129613s delay=0.245722s
[INFO] [1771003363.081346091] [icp_odometry]: Odom: ratio=0.261359, std dev=0.018444m|0.005832rad, update time=0.124032s delay=0.240714s
[INFO] [1771003363.283959758] [icp_odometry]: Odom: ratio=0.265845, std dev=0.018549m|0.005866rad, update time=0.120555s delay=0.242626s
[INFO] [1771003363.490673959] [icp_odometry]: Odom: ratio=0.266507, std dev=0.017990m|0.005689rad, update time=0.130394s delay=0.250050s
[INFO] [1771003363.680958598] [icp_odometry]: Odom: ratio=0.269655, std dev=0.018763m|0.005933rad, update time=0.121993s delay=0.240247s
[INFO] [1771003363.892392556] [icp_odometry]: Odom: ratio=0.276380, std dev=0.018346m|0.005802rad, update time=0.129850s delay=0.251563s
[INFO] [1771003364.089906836] [icp_odometry]: Odom: ratio=0.273638, std dev=0.018859m|0.005964rad, update time=0.123680s delay=0.248452s
[INFO] [1771003364.281276859] [icp_odometry]: Odom: ratio=0.272021, std dev=0.018214m|0.005760rad, update time=0.119825s delay=0.240491s
[INFO] [1771003364.483948736] [icp_odometry]: Odom: ratio=0.274495, std dev=0.018888m|0.005973rad, update time=0.120595s delay=0.243251s
[INFO] [1771003364.715934327] [icp_odometry]: Odom: ratio=0.277329, std dev=0.018544m|0.005864rad, update time=0.153177s delay=0.275323s
[INFO] [1771003364.885283799] [icp_odometry]: Odom: ratio=0.277916, std dev=0.018577m|0.005875rad, update time=0.128300s delay=0.244590s
[INFO] [1771003365.084992783] [icp_odometry]: Odom: ratio=0.278362, std dev=0.018394m|0.005817rad, update time=0.122945s delay=0.244260s
[INFO] [1771003365.298468993] [icp_odometry]: Odom: ratio=0.281640, std dev=0.018939m|0.005989rad, update time=0.136613s delay=0.257678s
[INFO] [1771003365.486753878] [icp_odometry]: Odom: ratio=0.275791, std dev=0.018355m|0.005805rad, update time=0.124107s delay=0.245917s
[INFO] [1771003365.687824481] [icp_odometry]: Odom: ratio=0.282300, std dev=0.018718m|0.005919rad, update time=0.128409s delay=0.247170s
[INFO] [1771003365.869293852] [icp_odometry]: Odom: ratio=0.279009, std dev=0.018780m|0.005939rad, update time=0.113677s delay=0.228532s
[INFO] [1771003366.086881732] [icp_odometry]: Odom: ratio=0.279521, std dev=0.018696m|0.005912rad, update time=0.124191s delay=0.246174s
[INFO] [1771003366.290463563] [icp_odometry]: Odom: ratio=0.281130, std dev=0.019146m|0.006054rad, update time=0.128336s delay=0.249590s
[INFO] [1771003366.497421773] [icp_odometry]: Odom: ratio=0.277887, std dev=0.019215m|0.006076rad, update time=0.136039s delay=0.256654s
[INFO] [1771003366.675698388] [icp_odometry]: Odom: ratio=0.278773, std dev=0.018760m|0.005932rad, update time=0.118564s delay=0.234960s
[INFO] [1771003366.887523880] [icp_odometry]: Odom: ratio=0.278796, std dev=0.018574m|0.005873rad, update time=0.129234s delay=0.246753s
[INFO] [1771003367.075500115] [icp_odometry]: Odom: ratio=0.281761, std dev=0.018783m|0.005940rad, update time=0.118085s delay=0.234787s
[INFO] [1771003367.283395031] [icp_odometry]: Odom: ratio=0.283618, std dev=0.019132m|0.006050rad, update time=0.120256s delay=0.242481s
[INFO] [1771003367.479758229] [icp_odometry]: Odom: ratio=0.285778, std dev=0.018932m|0.005987rad, update time=0.117074s delay=0.238951s
[INFO] [1771003367.690066034] [icp_odometry]: Odom: ratio=0.283985, std dev=0.019230m|0.006081rad, update time=0.122908s delay=0.249281s
[INFO] [1771003367.891771603] [icp_odometry]: Odom: ratio=0.284162, std dev=0.018819m|0.005951rad, update time=0.130812s delay=0.250971s
[INFO] [1771003368.059698783] [icp_odometry]: Odom: ratio=0.285046, std dev=0.018574m|0.005874rad, update time=0.102657s delay=0.218302s
[INFO] [1771003368.297295076] [icp_odometry]: Odom: ratio=0.284635, std dev=0.018965m|0.005997rad, update time=0.130293s delay=0.256600s
[INFO] [1771003368.464366736] [icp_odometry]: Odom: ratio=0.282650, std dev=0.018835m|0.005956rad, update time=0.105033s delay=0.223671s
[INFO] [1771003368.590959313] [icp_odometry]: Odom: ratio=0.283945, std dev=0.018591m|0.005879rad, update time=0.121386s delay=0.249562s
[INFO] [1771003368.774844165] [icp_odometry]: Odom: ratio=0.287007, std dev=0.019019m|0.006014rad, update time=0.115911s delay=0.234056s
[INFO] [1771003368.983942710] [icp_odometry]: Odom: ratio=0.284401, std dev=0.018779m|0.005938rad, update time=0.124588s delay=0.243185s
[INFO] [1771003369.190157981] [icp_odometry]: Odom: ratio=0.285676, std dev=0.018751m|0.005930rad, update time=0.124014s delay=0.249378s
[INFO] [1771003369.375437636] [icp_odometry]: Odom: ratio=0.285587, std dev=0.018900m|0.005977rad, update time=0.116912s delay=0.234662s
[INFO] [1771003369.571201644] [icp_odometry]: Odom: ratio=0.285462, std dev=0.018462m|0.005838rad, update time=0.108136s delay=0.230447s
[INFO] [1771003369.788099354] [icp_odometry]: Odom: ratio=0.288477, std dev=0.018259m|0.005774rad, update time=0.123561s delay=0.247411s
[INFO] [1771003369.966308735] [icp_odometry]: Odom: ratio=0.284992, std dev=0.018557m|0.005868rad, update time=0.108730s delay=0.225546s
[INFO] [1771003370.082666472] [icp_odometry]: Odom: ratio=0.287390, std dev=0.018328m|0.005796rad, update time=0.113967s delay=0.241897s
[INFO] [1771003370.280163951] [icp_odometry]: Odom: ratio=0.286120, std dev=0.018480m|0.005844rad, update time=0.118719s delay=0.238776s
[INFO] [1771003370.480984657] [icp_odometry]: Odom: ratio=0.283708, std dev=0.018679m|0.005907rad, update time=0.114384s delay=0.240199s
[INFO] [1771003370.670041795] [icp_odometry]: Odom: ratio=0.286643, std dev=0.018287m|0.005783rad, update time=0.113347s delay=0.229235s
[INFO] [1771003370.889466830] [icp_odometry]: Odom: ratio=0.291944, std dev=0.018597m|0.005881rad, update time=0.120060s delay=0.248552s
[INFO] [1771003371.071558656] [icp_odometry]: Odom: ratio=0.291398, std dev=0.018363m|0.005807rad, update time=0.111480s delay=0.230069s
[INFO] [1771003371.283984523] [icp_odometry]: Odom: ratio=0.290378, std dev=0.018831m|0.005955rad, update time=0.127292s delay=0.242491s
[INFO] [1771003371.479975739] [icp_odometry]: Odom: ratio=0.294224, std dev=0.018328m|0.005796rad, update time=0.122194s delay=0.238491s
[INFO] [1771003371.679950237] [icp_odometry]: Odom: ratio=0.287242, std dev=0.018210m|0.005758rad, update time=0.118972s delay=0.239137s
[INFO] [1771003371.869853070] [icp_odometry]: Odom: ratio=0.290702, std dev=0.018328m|0.005796rad, update time=0.107061s delay=0.228902s
[INFO] [1771003372.083494373] [icp_odometry]: Odom: ratio=0.287700, std dev=0.018447m|0.005833rad, update time=0.119205s delay=0.242660s
[INFO] [1771003372.290551051] [icp_odometry]: Odom: ratio=0.288574, std dev=0.018354m|0.005804rad, update time=0.124838s delay=0.249743s
[INFO] [1771003372.484778331] [icp_odometry]: Odom: ratio=0.290253, std dev=0.018410m|0.005822rad, update time=0.117260s delay=0.243900s
[INFO] [1771003372.673655430] [icp_odometry]: Odom: ratio=0.287563, std dev=0.018903m|0.005978rad, update time=0.109884s delay=0.232238s
[INFO] [1771003372.875023963] [icp_odometry]: Odom: ratio=0.290465, std dev=0.018209m|0.005758rad, update time=0.110083s delay=0.234134s
[INFO] [1771003373.074057723] [icp_odometry]: Odom: ratio=0.289455, std dev=0.018314m|0.005791rad, update time=0.108780s delay=0.232570s
[INFO] [1771003373.280032793] [icp_odometry]: Odom: ratio=0.288654, std dev=0.018596m|0.005880rad, update time=0.117480s delay=0.239237s
[INFO] [1771003373.475929222] [icp_odometry]: Odom: ratio=0.285541, std dev=0.018438m|0.005831rad, update time=0.117990s delay=0.235123s
[INFO] [1771003373.691907731] [icp_odometry]: Odom: ratio=0.291003, std dev=0.018469m|0.005840rad, update time=0.133884s delay=0.251232s
[INFO] [1771003373.888251088] [icp_odometry]: Odom: ratio=0.292783, std dev=0.018482m|0.005845rad, update time=0.130667s delay=0.247495s
[INFO] [1771003374.074032298] [icp_odometry]: Odom: ratio=0.287947, std dev=0.018422m|0.005826rad, update time=0.112523s delay=0.233164s
[INFO] [1771003374.272583576] [icp_odometry]: Odom: ratio=0.290239, std dev=0.018339m|0.005799rad, update time=0.108358s delay=0.231817s
[INFO] [1771003374.478179656] [icp_odometry]: Odom: ratio=0.292496, std dev=0.018340m|0.005800rad, update time=0.109701s delay=0.237401s
[INFO] [1771003374.671274478] [icp_odometry]: Odom: ratio=0.290488, std dev=0.018556m|0.005868rad, update time=0.107529s delay=0.230424s
[INFO] [1771003374.879765960] [icp_odometry]: Odom: ratio=0.290438, std dev=0.018399m|0.005818rad, update time=0.120650s delay=0.238923s
[INFO] [1771003375.087074135] [icp_odometry]: Odom: ratio=0.288039, std dev=0.018393m|0.005816rad, update time=0.122835s delay=0.245561s
[INFO] [1771003375.268727098] [icp_odometry]: Odom: ratio=0.290968, std dev=0.018318m|0.005793rad, update time=0.109235s delay=0.227888s
[INFO] [1771003375.380851816] [icp_odometry]: Odom: ratio=0.288345, std dev=0.018510m|0.005853rad, update time=0.111683s delay=0.239341s
[INFO] [1771003375.569186367] [icp_odometry]: Odom: ratio=0.289762, std dev=0.018390m|0.005815rad, update time=0.102430s delay=0.228378s
[INFO] [1771003375.762493261] [icp_odometry]: Odom: ratio=0.287681, std dev=0.018504m|0.005852rad, update time=0.100797s delay=0.221546s
[INFO] [1771003375.889185169] [icp_odometry]: Odom: ratio=0.292957, std dev=0.018681m|0.005907rad, update time=0.125639s delay=0.248426s
[INFO] [1771003376.086957347] [icp_odometry]: Odom: ratio=0.295644, std dev=0.018365m|0.005807rad, update time=0.122255s delay=0.245387s
[INFO] [1771003376.288052558] [icp_odometry]: Odom: ratio=0.292104, std dev=0.018267m|0.005777rad, update time=0.125172s delay=0.247232s
[INFO] [1771003376.486002822] [icp_odometry]: Odom: ratio=0.291531, std dev=0.018670m|0.005904rad, update time=0.125021s delay=0.245282s
[INFO] [1771003376.691980100] [icp_odometry]: Odom: ratio=0.288386, std dev=0.018427m|0.005827rad, update time=0.133172s delay=0.251080s
[INFO] [1771003376.877823552] [icp_odometry]: Odom: ratio=0.292519, std dev=0.018842m|0.005958rad, update time=0.111656s delay=0.237046s
[INFO] [1771003377.074613614] [icp_odometry]: Odom: ratio=0.286469, std dev=0.018589m|0.005878rad, update time=0.117754s delay=0.233689s
[INFO] [1771003377.275708025] [icp_odometry]: Odom: ratio=0.289252, std dev=0.018489m|0.005847rad, update time=0.111169s delay=0.234763s
[INFO] [1771003377.493028791] [icp_odometry]: Odom: ratio=0.292045, std dev=0.018533m|0.005861rad, update time=0.130806s delay=0.252099s
[INFO] [1771003377.693125310] [icp_odometry]: Odom: ratio=0.287178, std dev=0.018411m|0.005822rad, update time=0.135126s delay=0.251407s
[INFO] [1771003377.900558481] [icp_odometry]: Odom: ratio=0.285462, std dev=0.018241m|0.005768rad, update time=0.137848s delay=0.259794s
[INFO] [1771003378.060730080] [icp_odometry]: Odom: ratio=0.288793, std dev=0.018289m|0.005783rad, update time=0.102121s delay=0.219923s
[INFO] [1771003378.186721195] [icp_odometry]: Odom: ratio=0.291923, std dev=0.018548m|0.005865rad, update time=0.116931s delay=0.245906s
[INFO] [1771003378.383191724] [icp_odometry]: Odom: ratio=0.285601, std dev=0.017751m|0.005613rad, update time=0.123397s delay=0.242346s
[INFO] [1771003378.571851920] [icp_odometry]: Odom: ratio=0.289887, std dev=0.018212m|0.005759rad, update time=0.108894s delay=0.230998s
[INFO] [1771003378.776149072] [icp_odometry]: Odom: ratio=0.287598, std dev=0.018143m|0.005737rad, update time=0.111457s delay=0.234673s
[INFO] [1771003378.965011643] [icp_odometry]: Odom: ratio=0.292495, std dev=0.018358m|0.005805rad, update time=0.101701s delay=0.224120s
[INFO] [1771003379.089411019] [icp_odometry]: Odom: ratio=0.284289, std dev=0.018481m|0.005844rad, update time=0.123215s delay=0.248698s
[INFO] [1771003379.269033763] [icp_odometry]: Odom: ratio=0.287895, std dev=0.018352m|0.005804rad, update time=0.107299s delay=0.228116s
[INFO] [1771003379.468355566] [icp_odometry]: Odom: ratio=0.286031, std dev=0.018351m|0.005803rad, update time=0.108685s delay=0.226864s
[INFO] [1771003379.669783493] [icp_odometry]: Odom: ratio=0.290053, std dev=0.018252m|0.005772rad, update time=0.104005s delay=0.228788s
[INFO] [1771003379.905607689] [icp_odometry]: Odom: ratio=0.288378, std dev=0.018086m|0.005719rad, update time=0.140697s delay=0.264592s
[INFO] [1771003380.076858991] [icp_odometry]: Odom: ratio=0.290206, std dev=0.018356m|0.005805rad, update time=0.110544s delay=0.236088s
[INFO] [1771003380.291507147] [icp_odometry]: Odom: ratio=0.291016, std dev=0.018361m|0.005806rad, update time=0.127232s delay=0.250540s
[INFO] [1771003380.468050226] [icp_odometry]: Odom: ratio=0.287097, std dev=0.018316m|0.005792rad, update time=0.109030s delay=0.227155s
[INFO] [1771003380.675989400] [icp_odometry]: Odom: ratio=0.289350, std dev=0.018028m|0.005701rad, update time=0.111051s delay=0.235135s
[INFO] [1771003380.903155999] [icp_odometry]: Odom: ratio=0.288775, std dev=0.018413m|0.005823rad, update time=0.136121s delay=0.262136s
[INFO] [1771003381.074463974] [icp_odometry]: Odom: ratio=0.293205, std dev=0.018718m|0.005919rad, update time=0.115478s delay=0.233625s
[INFO] [1771003381.282065952] [icp_odometry]: Odom: ratio=0.292018, std dev=0.018432m|0.005829rad, update time=0.120048s delay=0.240537s
[INFO] [1771003381.472348607] [icp_odometry]: Odom: ratio=0.289650, std dev=0.018340m|0.005799rad, update time=0.110285s delay=0.231456s
[INFO] [1771003381.681794045] [icp_odometry]: Odom: ratio=0.286699, std dev=0.018476m|0.005843rad, update time=0.115415s delay=0.240958s
[INFO] [1771003381.870578725] [icp_odometry]: Odom: ratio=0.290245, std dev=0.018481m|0.005844rad, update time=0.108817s delay=0.229653s
[INFO] [1771003382.099159807] [icp_odometry]: Odom: ratio=0.289108, std dev=0.018191m|0.005752rad, update time=0.133494s delay=0.258375s
[INFO] [1771003382.272567179] [icp_odometry]: Odom: ratio=0.290693, std dev=0.018344m|0.005801rad, update time=0.112271s delay=0.231518s
[INFO] [1771003382.499413858] [icp_odometry]: Odom: ratio=0.288146, std dev=0.018568m|0.005872rad, update time=0.133901s delay=0.257864s
[INFO] [1771003382.691099903] [icp_odometry]: Odom: ratio=0.287448, std dev=0.018466m|0.005839rad, update time=0.133606s delay=0.250249s
[INFO] [1771003382.905725170] [icp_odometry]: Odom: ratio=0.292132, std dev=0.018413m|0.005823rad, update time=0.148149s delay=0.264823s
[INFO] [1771003383.087229841] [icp_odometry]: Odom: ratio=0.289241, std dev=0.018249m|0.005771rad, update time=0.125949s delay=0.246362s
[INFO] [1771003383.295243712] [icp_odometry]: Odom: ratio=0.292321, std dev=0.018610m|0.005885rad, update time=0.127785s delay=0.254433s
[INFO] [1771003383.491900425] [icp_odometry]: Odom: ratio=0.282764, std dev=0.018468m|0.005840rad, update time=0.127723s delay=0.250972s
[INFO] [1771003383.668453502] [icp_odometry]: Odom: ratio=0.288947, std dev=0.018554m|0.005867rad, update time=0.110028s delay=0.227542s
[INFO] [1771003383.797596182] [icp_odometry]: Odom: ratio=0.292393, std dev=0.018391m|0.005816rad, update time=0.127672s delay=0.256678s
[INFO] [1771003383.973370193] [icp_odometry]: Odom: ratio=0.291703, std dev=0.018564m|0.005870rad, update time=0.110880s delay=0.232289s
[INFO] [1771003384.204184847] [icp_odometry]: Odom: ratio=0.291267, std dev=0.018455m|0.005836rad, update time=0.136955s delay=0.263305s
[INFO] [1771003384.383269116] [icp_odometry]: Odom: ratio=0.292305, std dev=0.018631m|0.005892rad, update time=0.124175s delay=0.242447s
[INFO] [1771003384.598754604] [icp_odometry]: Odom: ratio=0.288433, std dev=0.018494m|0.005848rad, update time=0.135695s delay=0.257910s
[INFO] [1771003384.770492667] [icp_odometry]: Odom: ratio=0.289492, std dev=0.018126m|0.005732rad, update time=0.113575s delay=0.229607s
[INFO] [1771003384.976943477] [icp_odometry]: Odom: ratio=0.288940, std dev=0.018539m|0.005863rad, update time=0.118250s delay=0.235963s
[INFO] [1771003385.170438577] [icp_odometry]: Odom: ratio=0.291240, std dev=0.018247m|0.005770rad, update time=0.107777s delay=0.229619s
[INFO] [1771003385.376084622] [icp_odometry]: Odom: ratio=0.290495, std dev=0.018179m|0.005749rad, update time=0.110205s delay=0.235227s
[INFO] [1771003385.563816004] [icp_odometry]: Odom: ratio=0.294445, std dev=0.018200m|0.005755rad, update time=0.102178s delay=0.223014s
[INFO] [1771003385.790312814] [icp_odometry]: Odom: ratio=0.292565, std dev=0.018137m|0.005735rad, update time=0.119620s delay=0.249531s
[INFO] [1771003385.988263875] [icp_odometry]: Odom: ratio=0.292582, std dev=0.018440m|0.005831rad, update time=0.125842s delay=0.247483s
[INFO] [1771003386.173011666] [icp_odometry]: Odom: ratio=0.291369, std dev=0.018574m|0.005874rad, update time=0.111210s delay=0.232043s
[INFO] [1771003386.391361381] [icp_odometry]: Odom: ratio=0.291165, std dev=0.018054m|0.005709rad, update time=0.127258s delay=0.250449s
[INFO] [1771003386.576203767] [icp_odometry]: Odom: ratio=0.290737, std dev=0.018529m|0.005859rad, update time=0.113536s delay=0.234577s
[INFO] [1771003386.795708401] [icp_odometry]: Odom: ratio=0.292204, std dev=0.018453m|0.005835rad, update time=0.132320s delay=0.254692s
[INFO] [1771003386.997134686] [icp_odometry]: Odom: ratio=0.286782, std dev=0.018435m|0.005830rad, update time=0.132346s delay=0.256165s
[INFO] [1771003387.166915818] [icp_odometry]: Odom: ratio=0.288251, std dev=0.018462m|0.005838rad, update time=0.105345s delay=0.226044s
[INFO] [1771003387.401373062] [icp_odometry]: Odom: ratio=0.282616, std dev=0.018434m|0.005829rad, update time=0.133002s delay=0.260444s
[INFO] [1771003387.582757058] [icp_odometry]: Odom: ratio=0.289270, std dev=0.018645m|0.005896rad, update time=0.124443s delay=0.241771s
[INFO] [1771003387.772880746] [icp_odometry]: Odom: ratio=0.290285, std dev=0.018421m|0.005825rad, update time=0.113253s delay=0.231870s
[INFO] [1771003387.991559879] [icp_odometry]: Odom: ratio=0.292028, std dev=0.018027m|0.005701rad, update time=0.120407s delay=0.250700s
[INFO] [1771003388.194633580] [icp_odometry]: Odom: ratio=0.292325, std dev=0.018479m|0.005844rad, update time=0.136345s delay=0.253659s
[INFO] [1771003388.369963672] [icp_odometry]: Odom: ratio=0.287601, std dev=0.018048m|0.005707rad, update time=0.111465s delay=0.229041s
[INFO] [1771003388.581114739] [icp_odometry]: Odom: ratio=0.290114, std dev=0.018506m|0.005852rad, update time=0.120564s delay=0.240219s
[INFO] [1771003388.779895076] [icp_odometry]: Odom: ratio=0.288638, std dev=0.018462m|0.005838rad, update time=0.113544s delay=0.238841s
[INFO] [1771003388.981094025] [icp_odometry]: Odom: ratio=0.294174, std dev=0.018343m|0.005801rad, update time=0.117775s delay=0.240149s
[INFO] [1771003389.182442931] [icp_odometry]: Odom: ratio=0.291585, std dev=0.018203m|0.005756rad, update time=0.116712s delay=0.241313s
[INFO] [1771003389.386733442] [icp_odometry]: Odom: ratio=0.293216, std dev=0.018215m|0.005760rad, update time=0.128686s delay=0.245773s
[INFO] [1771003389.589959148] [icp_odometry]: Odom: ratio=0.288323, std dev=0.018073m|0.005715rad, update time=0.123827s delay=0.249023s
[INFO] [1771003389.767883825] [icp_odometry]: Odom: ratio=0.287961, std dev=0.018213m|0.005760rad, update time=0.102774s delay=0.226951s
[INFO] [1771003389.991598715] [icp_odometry]: Odom: ratio=0.286300, std dev=0.018228m|0.005764rad, update time=0.122979s delay=0.250574s
[INFO] [1771003390.195132368] [icp_odometry]: Odom: ratio=0.287921, std dev=0.018471m|0.005841rad, update time=0.132134s delay=0.254122s
[INFO] [1771003390.390871993] [icp_odometry]: Odom: ratio=0.286090, std dev=0.018332m|0.005797rad, update time=0.125478s delay=0.249748s
[INFO] [1771003390.582811936] [icp_odometry]: Odom: ratio=0.289731, std dev=0.018440m|0.005831rad, update time=0.123520s delay=0.241886s
[INFO] [1771003390.791872915] [icp_odometry]: Odom: ratio=0.289321, std dev=0.018228m|0.005764rad, update time=0.127628s delay=0.250886s
[INFO] [1771003390.974796675] [icp_odometry]: Odom: ratio=0.290810, std dev=0.018441m|0.005831rad, update time=0.118222s delay=0.233848s
[INFO] [1771003391.189699615] [icp_odometry]: Odom: ratio=0.289899, std dev=0.018282m|0.005781rad, update time=0.125262s delay=0.248634s
[INFO] [1771003391.389131783] [icp_odometry]: Odom: ratio=0.290194, std dev=0.018352m|0.005803rad, update time=0.129163s delay=0.248204s
[INFO] [1771003391.583392925] [icp_odometry]: Odom: ratio=0.288166, std dev=0.018377m|0.005811rad, update time=0.119833s delay=0.242616s
[INFO] [1771003391.763201474] [icp_odometry]: Odom: ratio=0.290865, std dev=0.018649m|0.005897rad, update time=0.107278s delay=0.222186s
[INFO] [1771003391.991195936] [icp_odometry]: Odom: ratio=0.289441, std dev=0.018497m|0.005849rad, update time=0.126105s delay=0.250343s
[INFO] [1771003392.182043073] [icp_odometry]: Odom: ratio=0.286551, std dev=0.018287m|0.005783rad, update time=0.120728s delay=0.241122s
[INFO] [1771003392.382499628] [icp_odometry]: Odom: ratio=0.288949, std dev=0.018216m|0.005761rad, update time=0.118878s delay=0.240905s
[INFO] [1771003392.578424828] [icp_odometry]: Odom: ratio=0.288883, std dev=0.018312m|0.005791rad, update time=0.107646s delay=0.237531s
[INFO] [1771003392.772189121] [icp_odometry]: Odom: ratio=0.288122, std dev=0.018020m|0.005699rad, update time=0.107862s delay=0.231270s
[INFO] [1771003392.993745409] [icp_odometry]: Odom: ratio=0.291325, std dev=0.018161m|0.005743rad, update time=0.128315s delay=0.252824s
[INFO] [1771003393.212209655] [icp_odometry]: Odom: ratio=0.287093, std dev=0.018215m|0.005760rad, update time=0.144768s delay=0.271420s
[INFO] [1771003393.394658072] [icp_odometry]: Odom: ratio=0.287439, std dev=0.018075m|0.005716rad, update time=0.132057s delay=0.253642s
[INFO] [1771003393.573488347] [icp_odometry]: Odom: ratio=0.287855, std dev=0.017801m|0.005629rad, update time=0.113486s delay=0.232471s
[INFO] [1771003393.781902520] [icp_odometry]: Odom: ratio=0.288483, std dev=0.018301m|0.005787rad, update time=0.122831s delay=0.240981s
[INFO] [1771003393.991730437] [icp_odometry]: Odom: ratio=0.291168, std dev=0.018301m|0.005787rad, update time=0.126802s delay=0.250685s
[INFO] [1771003394.179528829] [icp_odometry]: Odom: ratio=0.292700, std dev=0.018443m|0.005832rad, update time=0.116312s delay=0.238524s
[INFO] [1771003394.387354566] [icp_odometry]: Odom: ratio=0.294936, std dev=0.018288m|0.005783rad, update time=0.123262s delay=0.246469s
[INFO] [1771003394.582841670] [icp_odometry]: Odom: ratio=0.289037, std dev=0.018483m|0.005845rad, update time=0.119557s delay=0.241289s
[INFO] [1771003394.791340358] [icp_odometry]: Odom: ratio=0.290400, std dev=0.018539m|0.005863rad, update time=0.129919s delay=0.250377s
[INFO] [1771003394.985496248] [icp_odometry]: Odom: ratio=0.288089, std dev=0.018482m|0.005844rad, update time=0.122551s delay=0.244446s
[INFO] [1771003395.184827901] [icp_odometry]: Odom: ratio=0.291867, std dev=0.018450m|0.005835rad, update time=0.121679s delay=0.243896s
[INFO] [1771003395.397242435] [icp_odometry]: Odom: ratio=0.290299, std dev=0.018261m|0.005775rad, update time=0.134536s delay=0.256214s
[INFO] [1771003395.580918157] [icp_odometry]: Odom: ratio=0.286493, std dev=0.017978m|0.005685rad, update time=0.123700s delay=0.239867s
[INFO] [1771003395.788833785] [icp_odometry]: Odom: ratio=0.290757, std dev=0.018321m|0.005794rad, update time=0.126938s delay=0.247733s
[INFO] [1771003395.972400928] [icp_odometry]: Odom: ratio=0.284453, std dev=0.017978m|0.005685rad, update time=0.110682s delay=0.231278s
[INFO] [1771003396.174308285] [icp_odometry]: Odom: ratio=0.283590, std dev=0.018104m|0.005725rad, update time=0.109812s delay=0.233405s
[INFO] [1771003396.389774700] [icp_odometry]: Odom: ratio=0.289947, std dev=0.018298m|0.005786rad, update time=0.126050s delay=0.248720s
[INFO] [1771003396.591930129] [icp_odometry]: Odom: ratio=0.293003, std dev=0.018100m|0.005724rad, update time=0.129469s delay=0.251068s
[INFO] [1771003396.796540619] [icp_odometry]: Odom: ratio=0.290180, std dev=0.018051m|0.005708rad, update time=0.136987s delay=0.255530s
[INFO] [1771003396.975636824] [icp_odometry]: Odom: ratio=0.290400, std dev=0.018550m|0.005866rad, update time=0.117851s delay=0.234676s
[INFO] [1771003397.187532717] [icp_odometry]: Odom: ratio=0.292299, std dev=0.018214m|0.005760rad, update time=0.125979s delay=0.246464s
[INFO] [1771003397.402722674] [icp_odometry]: Odom: ratio=0.286494, std dev=0.018580m|0.005876rad, update time=0.140339s delay=0.261800s
[INFO] [1771003397.574740908] [icp_odometry]: Odom: ratio=0.290903, std dev=0.018369m|0.005809rad, update time=0.114110s delay=0.233793s
[INFO] [1771003397.802543875] [icp_odometry]: Odom: ratio=0.285714, std dev=0.018324m|0.005795rad, update time=0.134979s delay=0.261634s
[INFO] [1771003397.980096219] [icp_odometry]: Odom: ratio=0.291678, std dev=0.018753m|0.005930rad, update time=0.120554s delay=0.238611s
[INFO] [1771003398.168817874] [icp_odometry]: Odom: ratio=0.288883, std dev=0.018242m|0.005769rad, update time=0.107758s delay=0.228023s
[INFO] [1771003398.385696274] [icp_odometry]: Odom: ratio=0.284846, std dev=0.018151m|0.005740rad, update time=0.118792s delay=0.244575s
[INFO] [1771003398.575255175] [icp_odometry]: Odom: ratio=0.290035, std dev=0.018271m|0.005778rad, update time=0.107788s delay=0.234306s
[INFO] [1771003398.786187738] [icp_odometry]: Odom: ratio=0.288503, std dev=0.018293m|0.005785rad, update time=0.118097s delay=0.245119s
[INFO] [1771003398.982755808] [icp_odometry]: Odom: ratio=0.291137, std dev=0.018331m|0.005797rad, update time=0.121550s delay=0.241862s
[INFO] [1771003399.168747193] [icp_odometry]: Odom: ratio=0.289457, std dev=0.018474m|0.005842rad, update time=0.106541s delay=0.227725s
[INFO] [1771003399.387591261] [icp_odometry]: Odom: ratio=0.287861, std dev=0.018537m|0.005862rad, update time=0.128108s delay=0.246620s
[INFO] [1771003399.605010799] [icp_odometry]: Odom: ratio=0.290515, std dev=0.018817m|0.005950rad, update time=0.143222s delay=0.264005s
[INFO] [1771003399.776672636] [icp_odometry]: Odom: ratio=0.286578, std dev=0.018303m|0.005788rad, update time=0.113398s delay=0.235021s
[INFO] [1771003399.974888154] [icp_odometry]: Odom: ratio=0.292230, std dev=0.018557m|0.005868rad, update time=0.111745s delay=0.233930s
[INFO] [1771003400.176595793] [icp_odometry]: Odom: ratio=0.292304, std dev=0.018264m|0.005775rad, update time=0.109902s delay=0.235715s
[INFO] [1771003400.383368661] [icp_odometry]: Odom: ratio=0.290000, std dev=0.018098m|0.005723rad, update time=0.119030s delay=0.242309s
[INFO] [1771003400.588074034] [icp_odometry]: Odom: ratio=0.293609, std dev=0.018403m|0.005819rad, update time=0.125664s delay=0.247030s
[INFO] [1771003400.784804861] [icp_odometry]: Odom: ratio=0.291590, std dev=0.018088m|0.005720rad, update time=0.126483s delay=0.243870s
[INFO] [1771003401.002459928] [icp_odometry]: Odom: ratio=0.290372, std dev=0.018162m|0.005743rad, update time=0.138251s delay=0.261393s
[INFO] [1771003401.178435204] [icp_odometry]: Odom: ratio=0.288662, std dev=0.018446m|0.005833rad, update time=0.121929s delay=0.237392s
[INFO] [1771003401.388428786] [icp_odometry]: Odom: ratio=0.290832, std dev=0.018309m|0.005790rad, update time=0.122871s delay=0.247593s
[INFO] [1771003401.573130864] [icp_odometry]: Odom: ratio=0.287462, std dev=0.018121m|0.005730rad, update time=0.111752s delay=0.232290s
[INFO] [1771003401.768449535] [icp_odometry]: Odom: ratio=0.290958, std dev=0.018293m|0.005785rad, update time=0.107339s delay=0.227463s
[INFO] [1771003401.986275485] [icp_odometry]: Odom: ratio=0.291823, std dev=0.018573m|0.005873rad, update time=0.126928s delay=0.245184s
[INFO] [1771003402.194852794] [icp_odometry]: Odom: ratio=0.290636, std dev=0.018453m|0.005835rad, update time=0.132007s delay=0.253760s
[INFO] [1771003402.381445210] [icp_odometry]: Odom: ratio=0.286664, std dev=0.018397m|0.005818rad, update time=0.118966s delay=0.240402s
[INFO] [1771003402.592670867] [icp_odometry]: Odom: ratio=0.286872, std dev=0.018776m|0.005938rad, update time=0.131303s delay=0.251549s
[INFO] [1771003402.781949999] [icp_odometry]: Odom: ratio=0.288236, std dev=0.018596m|0.005881rad, update time=0.119641s delay=0.240970s
[INFO] [1771003402.981024353] [icp_odometry]: Odom: ratio=0.289651, std dev=0.018250m|0.005771rad, update time=0.116602s delay=0.236866s
[INFO] [1771003403.181491300] [icp_odometry]: Odom: ratio=0.291213, std dev=0.017955m|0.005678rad, update time=0.121296s delay=0.240685s
[INFO] [1771003403.364013525] [icp_odometry]: Odom: ratio=0.289043, std dev=0.018193m|0.005753rad, update time=0.100387s delay=0.222931s
[INFO] [1771003403.489144313] [icp_odometry]: Odom: ratio=0.289400, std dev=0.018429m|0.005828rad, update time=0.124836s delay=0.248269s
[INFO] [1771003403.691963086] [icp_odometry]: Odom: ratio=0.287870, std dev=0.018347m|0.005802rad, update time=0.127746s delay=0.251084s
[INFO] [1771003403.866095483] [icp_odometry]: Odom: ratio=0.290161, std dev=0.018306m|0.005789rad, update time=0.107801s delay=0.225085s
[INFO] [1771003404.079401341] [icp_odometry]: Odom: ratio=0.291920, std dev=0.018336m|0.005798rad, update time=0.112816s delay=0.238270s
[INFO] [1771003404.272729574] [icp_odometry]: Odom: ratio=0.290672, std dev=0.018392m|0.005816rad, update time=0.107052s delay=0.231684s
[INFO] [1771003404.494414571] [icp_odometry]: Odom: ratio=0.289759, std dev=0.018422m|0.005826rad, update time=0.123976s delay=0.253139s
[INFO] [1771003404.680789251] [icp_odometry]: Odom: ratio=0.292982, std dev=0.018212m|0.005759rad, update time=0.117159s delay=0.239892s
[INFO] [1771003404.873838627] [icp_odometry]: Odom: ratio=0.289255, std dev=0.018364m|0.005807rad, update time=0.116450s delay=0.232832s
[INFO] [1771003405.091009451] [icp_odometry]: Odom: ratio=0.287139, std dev=0.018185m|0.005750rad, update time=0.125278s delay=0.249913s
[INFO] [1771003405.300520841] [icp_odometry]: Odom: ratio=0.293937, std dev=0.018105m|0.005725rad, update time=0.137577s delay=0.259403s
[INFO] [1771003405.483210912] [icp_odometry]: Odom: ratio=0.289856, std dev=0.018348m|0.005802rad, update time=0.125007s delay=0.242208s
[INFO] [1771003405.676670127] [icp_odometry]: Odom: ratio=0.291077, std dev=0.018174m|0.005747rad, update time=0.113673s delay=0.235590s
[INFO] [1771003405.882552333] [icp_odometry]: Odom: ratio=0.293199, std dev=0.018098m|0.005723rad, update time=0.124110s delay=0.241544s
[INFO] [1771003406.088137474] [icp_odometry]: Odom: ratio=0.289543, std dev=0.018453m|0.005835rad, update time=0.120841s delay=0.247233s
[INFO] [1771003406.311618086] [icp_odometry]: Odom: ratio=0.295563, std dev=0.018651m|0.005898rad, update time=0.146619s delay=0.271170s
[INFO] [1771003406.489048006] [icp_odometry]: Odom: ratio=0.293359, std dev=0.018581m|0.005876rad, update time=0.126176s delay=0.247949s
[INFO] [1771003406.677601802] [icp_odometry]: Odom: ratio=0.292681, std dev=0.018467m|0.005840rad, update time=0.112375s delay=0.236730s
[INFO] [1771003406.874353163] [icp_odometry]: Odom: ratio=0.288763, std dev=0.018272m|0.005778rad, update time=0.110230s delay=0.233291s
[INFO] [1771003407.080297548] [icp_odometry]: Odom: ratio=0.290836, std dev=0.018697m|0.005912rad, update time=0.118478s delay=0.239241s
[INFO] [1771003407.282835606] [icp_odometry]: Odom: ratio=0.291704, std dev=0.018393m|0.005816rad, update time=0.122157s delay=0.241930s
[INFO] [1771003407.484620903] [icp_odometry]: Odom: ratio=0.291473, std dev=0.018512m|0.005854rad, update time=0.124448s delay=0.243758s
[INFO] [1771003407.662614235] [icp_odometry]: Odom: ratio=0.290674, std dev=0.018334m|0.005798rad, update time=0.102999s delay=0.221676s
[INFO] [1771003407.886496652] [icp_odometry]: Odom: ratio=0.293172, std dev=0.018582m|0.005876rad, update time=0.120443s delay=0.245381s
[INFO] [1771003408.068555502] [icp_odometry]: Odom: ratio=0.292142, std dev=0.018193m|0.005753rad, update time=0.109859s delay=0.227705s
[INFO] [1771003408.276746877] [icp_odometry]: Odom: ratio=0.293832, std dev=0.017891m|0.005658rad, update time=0.111815s delay=0.235930s
[INFO] [1771003408.489439337] [icp_odometry]: Odom: ratio=0.291594, std dev=0.018042m|0.005705rad, update time=0.126200s delay=0.248507s
[INFO] [1771003408.681727599] [icp_odometry]: Odom: ratio=0.284518, std dev=0.018430m|0.005828rad, update time=0.121767s delay=0.240705s
[INFO] [1771003408.884260345] [icp_odometry]: Odom: ratio=0.290838, std dev=0.018265m|0.005776rad, update time=0.119294s delay=0.243256s
[INFO] [1771003409.092528299] [icp_odometry]: Odom: ratio=0.289111, std dev=0.018126m|0.005732rad, update time=0.127605s delay=0.251450s
[INFO] [1771003409.284207771] [icp_odometry]: Odom: ratio=0.291181, std dev=0.018235m|0.005766rad, update time=0.125696s delay=0.243365s
[INFO] [1771003409.472107912] [icp_odometry]: Odom: ratio=0.285549, std dev=0.018436m|0.005830rad, update time=0.111284s delay=0.230974s
[INFO] [1771003409.682277917] [icp_odometry]: Odom: ratio=0.291877, std dev=0.018517m|0.005856rad, update time=0.122825s delay=0.241123s
[INFO] [1771003409.875629351] [icp_odometry]: Odom: ratio=0.284973, std dev=0.018404m|0.005820rad, update time=0.110634s delay=0.234600s
[INFO] [1771003410.084283367] [icp_odometry]: Odom: ratio=0.289725, std dev=0.018138m|0.005736rad, update time=0.118620s delay=0.243271s
[INFO] [1771003410.285390143] [icp_odometry]: Odom: ratio=0.295899, std dev=0.018175m|0.005747rad, update time=0.124219s delay=0.244499s
[INFO] [1771003410.487270131] [icp_odometry]: Odom: ratio=0.289815, std dev=0.018777m|0.005938rad, update time=0.128794s delay=0.246342s
[INFO] [1771003410.662062295] [icp_odometry]: Odom: ratio=0.290838, std dev=0.018312m|0.005791rad, update time=0.100714s delay=0.221013s
[INFO] [1771003410.781460212] [icp_odometry]: Odom: ratio=0.291132, std dev=0.018381m|0.005813rad, update time=0.114342s delay=0.240264s
[INFO] [1771003410.985238505] [icp_odometry]: Odom: ratio=0.295991, std dev=0.018042m|0.005705rad, update time=0.123086s delay=0.244972s
[INFO] [1771003411.176541517] [icp_odometry]: Odom: ratio=0.286584, std dev=0.017920m|0.005667rad, update time=0.117376s delay=0.235571s
[INFO] [1771003411.401269596] [icp_odometry]: Odom: ratio=0.291996, std dev=0.018408m|0.005821rad, update time=0.137564s delay=0.260487s
[INFO] [1771003411.576775641] [icp_odometry]: Odom: ratio=0.291126, std dev=0.018449m|0.005834rad, update time=0.121121s delay=0.235658s
[INFO] [1771003411.768459786] [icp_odometry]: Odom: ratio=0.290598, std dev=0.018424m|0.005826rad, update time=0.107912s delay=0.227459s
[INFO] [1771003411.994056471] [icp_odometry]: Odom: ratio=0.291296, std dev=0.018099m|0.005723rad, update time=0.131920s delay=0.252978s
[INFO] [1771003412.167688019] [icp_odometry]: Odom: ratio=0.286681, std dev=0.018328m|0.005796rad, update time=0.108767s delay=0.226516s
[INFO] [1771003412.380505924] [icp_odometry]: Odom: ratio=0.289722, std dev=0.018578m|0.005875rad, update time=0.113930s delay=0.239429s
[INFO] [1771003412.579182248] [icp_odometry]: Odom: ratio=0.289037, std dev=0.018055m|0.005709rad, update time=0.118207s delay=0.238038s
[INFO] [1771003412.789002480] [icp_odometry]: Odom: ratio=0.286914, std dev=0.018275m|0.005779rad, update time=0.124287s delay=0.248076s
[INFO] [1771003412.980721666] [icp_odometry]: Odom: ratio=0.289042, std dev=0.018359m|0.005806rad, update time=0.122821s delay=0.239608s
[INFO] [1771003413.177761133] [icp_odometry]: Odom: ratio=0.288938, std dev=0.018436m|0.005830rad, update time=0.113836s delay=0.236883s
[INFO] [1771003413.377711325] [icp_odometry]: Odom: ratio=0.287309, std dev=0.018192m|0.005753rad, update time=0.111123s delay=0.236697s
[INFO] [1771003413.571884548] [icp_odometry]: Odom: ratio=0.287018, std dev=0.018092m|0.005721rad, update time=0.111162s delay=0.230868s
[INFO] [1771003413.767309751] [icp_odometry]: Odom: ratio=0.292073, std dev=0.018448m|0.005834rad, update time=0.109710s delay=0.226209s
[INFO] [1771003413.991590615] [icp_odometry]: Odom: ratio=0.290603, std dev=0.018296m|0.005786rad, update time=0.126685s delay=0.250566s
[INFO] [1771003414.194397802] [icp_odometry]: Odom: ratio=0.292265, std dev=0.018375m|0.005811rad, update time=0.134367s delay=0.253292s
[INFO] [1771003414.395778925] [icp_odometry]: Odom: ratio=0.289856, std dev=0.018315m|0.005792rad, update time=0.129618s delay=0.254681s
[INFO] [1771003414.570341609] [icp_odometry]: Odom: ratio=0.290271, std dev=0.018394m|0.005817rad, update time=0.111605s delay=0.229246s
[INFO] [1771003414.770724169] [icp_odometry]: Odom: ratio=0.290246, std dev=0.018434m|0.005829rad, update time=0.111022s delay=0.229741s
[INFO] [1771003414.964132789] [icp_odometry]: Odom: ratio=0.290762, std dev=0.018218m|0.005761rad, update time=0.103026s delay=0.223306s
[INFO] [1771003415.103607693] [icp_odometry]: Odom: ratio=0.289502, std dev=0.018066m|0.005713rad, update time=0.137573s delay=0.262398s
[INFO] [1771003415.267806465] [icp_odometry]: Odom: ratio=0.289799, std dev=0.018001m|0.005692rad, update time=0.108690s delay=0.226771s
[INFO] [1771003415.492593042] [icp_odometry]: Odom: ratio=0.290160, std dev=0.018126m|0.005732rad, update time=0.126933s delay=0.251619s
[INFO] [1771003415.676455410] [icp_odometry]: Odom: ratio=0.289377, std dev=0.018236m|0.005767rad, update time=0.116709s delay=0.235308s
[INFO] [1771003415.872135630] [icp_odometry]: Odom: ratio=0.293821, std dev=0.018307m|0.005789rad, update time=0.113828s delay=0.231229s
[INFO] [1771003416.083486795] [icp_odometry]: Odom: ratio=0.287647, std dev=0.017900m|0.005660rad, update time=0.114599s delay=0.242464s
[INFO] [1771003416.286173211] [icp_odometry]: Odom: ratio=0.291085, std dev=0.018450m|0.005835rad, update time=0.122578s delay=0.245758s
[INFO] [1771003416.468594601] [icp_odometry]: Odom: ratio=0.292426, std dev=0.018206m|0.005757rad, update time=0.107327s delay=0.227635s
[INFO] [1771003416.667413074] [icp_odometry]: Odom: ratio=0.293981, std dev=0.018364m|0.005807rad, update time=0.103304s delay=0.226566s
[INFO] [1771003416.869569199] [icp_odometry]: Odom: ratio=0.293076, std dev=0.018462m|0.005838rad, update time=0.101699s delay=0.228414s
[INFO] [1771003417.061111259] [icp_odometry]: Odom: ratio=0.291769, std dev=0.018235m|0.005766rad, update time=0.100271s delay=0.220032s
[INFO] [1771003417.286559587] [icp_odometry]: Odom: ratio=0.291783, std dev=0.018029m|0.005701rad, update time=0.119904s delay=0.245384s
[INFO] [1771003417.487415347] [icp_odometry]: Odom: ratio=0.293485, std dev=0.018490m|0.005847rad, update time=0.123518s delay=0.246983s
[INFO] [1771003417.677318597] [icp_odometry]: Odom: ratio=0.294259, std dev=0.018610m|0.005885rad, update time=0.114131s delay=0.236224s
[INFO] [1771003417.878409533] [icp_odometry]: Odom: ratio=0.291820, std dev=0.018617m|0.005887rad, update time=0.114349s delay=0.237345s
[INFO] [1771003418.091323217] [icp_odometry]: Odom: ratio=0.290517, std dev=0.018575m|0.005874rad, update time=0.127624s delay=0.250172s
[INFO] [1771003418.279232062] [icp_odometry]: Odom: ratio=0.289985, std dev=0.018343m|0.005800rad, update time=0.119610s delay=0.238721s
[INFO] [1771003418.490349107] [icp_odometry]: Odom: ratio=0.289912, std dev=0.018385m|0.005814rad, update time=0.125489s delay=0.249379s
[INFO] [1771003418.685430618] [icp_odometry]: Odom: ratio=0.288961, std dev=0.018456m|0.005836rad, update time=0.125144s delay=0.244988s
[INFO] [1771003418.900411318] [icp_odometry]: Odom: ratio=0.288227, std dev=0.018338m|0.005799rad, update time=0.133791s delay=0.259933s
[INFO] [1771003419.082520729] [icp_odometry]: Odom: ratio=0.291047, std dev=0.018496m|0.005849rad, update time=0.121728s delay=0.241524s
[INFO] [1771003419.288178064] [icp_odometry]: Odom: ratio=0.291129, std dev=0.018184m|0.005750rad, update time=0.121225s delay=0.247873s
[INFO] [1771003419.493233459] [icp_odometry]: Odom: ratio=0.283391, std dev=0.018263m|0.005775rad, update time=0.127618s delay=0.251944s
[INFO] [1771003419.673295247] [icp_odometry]: Odom: ratio=0.289820, std dev=0.018557m|0.005868rad, update time=0.114310s delay=0.232198s
[INFO] [1771003419.910935519] [icp_odometry]: Odom: ratio=0.292543, std dev=0.018392m|0.005816rad, update time=0.137744s delay=0.270700s
[INFO] [1771003420.072399188] [icp_odometry]: Odom: ratio=0.287235, std dev=0.018165m|0.005744rad, update time=0.113006s delay=0.231120s
[INFO] [1771003420.289118700] [icp_odometry]: Odom: ratio=0.289681, std dev=0.018152m|0.005740rad, update time=0.123200s delay=0.248670s
[INFO] [1771003420.476196124] [icp_odometry]: Odom: ratio=0.294748, std dev=0.018363m|0.005807rad, update time=0.116242s delay=0.235241s
[INFO] [1771003420.672138177] [icp_odometry]: Odom: ratio=0.292069, std dev=0.018386m|0.005814rad, update time=0.107678s delay=0.231076s
[INFO] [1771003420.878493680] [icp_odometry]: Odom: ratio=0.293532, std dev=0.018384m|0.005814rad, update time=0.113806s delay=0.237465s
[INFO] [1771003421.084188393] [icp_odometry]: Odom: ratio=0.290692, std dev=0.018179m|0.005749rad, update time=0.122418s delay=0.243250s
[INFO] [1771003421.283418304] [icp_odometry]: Odom: ratio=0.292991, std dev=0.018633m|0.005892rad, update time=0.122164s delay=0.243084s
[INFO] [1771003421.499547140] [icp_odometry]: Odom: ratio=0.293360, std dev=0.018248m|0.005771rad, update time=0.131487s delay=0.259087s
[INFO] [1771003421.680255958] [icp_odometry]: Odom: ratio=0.294341, std dev=0.018535m|0.005861rad, update time=0.121020s delay=0.239166s
[INFO] [1771003421.889621774] [icp_odometry]: Odom: ratio=0.291739, std dev=0.018616m|0.005887rad, update time=0.126731s delay=0.248431s
[INFO] [1771003422.080776301] [icp_odometry]: Odom: ratio=0.292150, std dev=0.018371m|0.005809rad, update time=0.118793s delay=0.239700s
[INFO] [1771003422.280017636] [icp_odometry]: Odom: ratio=0.293805, std dev=0.018789m|0.005941rad, update time=0.115458s delay=0.238952s
[INFO] [1771003422.490877329] [icp_odometry]: Odom: ratio=0.294851, std dev=0.018359m|0.005806rad, update time=0.125066s delay=0.250557s
[INFO] [1771003422.665181316] [icp_odometry]: Odom: ratio=0.296588, std dev=0.018261m|0.005775rad, update time=0.108490s delay=0.224026s
[INFO] [1771003422.870649269] [icp_odometry]: Odom: ratio=0.292705, std dev=0.018267m|0.005776rad, update time=0.111639s delay=0.229645s
[INFO] [1771003423.084575916] [icp_odometry]: Odom: ratio=0.290817, std dev=0.018364m|0.005807rad, update time=0.121951s delay=0.243562s
[INFO] [1771003423.287980436] [icp_odometry]: Odom: ratio=0.294071, std dev=0.018135m|0.005735rad, update time=0.127871s delay=0.247663s
[INFO] [1771003423.485366859] [icp_odometry]: Odom: ratio=0.295772, std dev=0.018180m|0.005749rad, update time=0.124898s delay=0.245008s
[INFO] [1771003423.666531566] [icp_odometry]: Odom: ratio=0.289758, std dev=0.017984m|0.005687rad, update time=0.105446s delay=0.226089s
[INFO] [1771003423.899404856] [icp_odometry]: Odom: ratio=0.288410, std dev=0.017980m|0.005686rad, update time=0.131696s delay=0.259087s
[INFO] [1771003424.085191132] [icp_odometry]: Odom: ratio=0.291823, std dev=0.018226m|0.005763rad, update time=0.127553s delay=0.244286s
[INFO] [1771003424.292266116] [icp_odometry]: Odom: ratio=0.290289, std dev=0.018378m|0.005812rad, update time=0.131456s delay=0.251140s
[INFO] [1771003424.492604450] [icp_odometry]: Odom: ratio=0.293533, std dev=0.018428m|0.005828rad, update time=0.132855s delay=0.252240s
[INFO] [1771003424.687629479] [icp_odometry]: Odom: ratio=0.290549, std dev=0.018259m|0.005774rad, update time=0.125791s delay=0.246597s
[INFO] [1771003424.874657366] [icp_odometry]: Odom: ratio=0.292605, std dev=0.018421m|0.005825rad, update time=0.115629s delay=0.233708s
[INFO] [1771003425.079713336] [icp_odometry]: Odom: ratio=0.289637, std dev=0.018223m|0.005763rad, update time=0.117560s delay=0.238505s
[INFO] [1771003425.287040297] [icp_odometry]: Odom: ratio=0.293281, std dev=0.018200m|0.005755rad, update time=0.124483s delay=0.246559s
[INFO] [1771003425.488682612] [icp_odometry]: Odom: ratio=0.293674, std dev=0.018279m|0.005780rad, update time=0.126113s delay=0.247599s
[INFO] [1771003425.683417519] [icp_odometry]: Odom: ratio=0.289026, std dev=0.018177m|0.005748rad, update time=0.119635s delay=0.242349s
[INFO] [1771003425.878293551] [icp_odometry]: Odom: ratio=0.291296, std dev=0.018007m|0.005694rad, update time=0.118292s delay=0.237348s
[INFO] [1771003426.078722896] [icp_odometry]: Odom: ratio=0.290691, std dev=0.018281m|0.005781rad, update time=0.117451s delay=0.238423s
[INFO] [1771003426.285320648] [icp_odometry]: Odom: ratio=0.289157, std dev=0.018372m|0.005810rad, update time=0.128352s delay=0.244899s
[INFO] [1771003426.493247694] [icp_odometry]: Odom: ratio=0.294937, std dev=0.018496m|0.005849rad, update time=0.134010s delay=0.252913s
[INFO] [1771003426.678948654] [icp_odometry]: Odom: ratio=0.290964, std dev=0.017977m|0.005685rad, update time=0.118293s delay=0.238439s
[INFO] [1771003426.901506834] [icp_odometry]: Odom: ratio=0.293282, std dev=0.018359m|0.005806rad, update time=0.140081s delay=0.260191s
[INFO] [1771003427.098052683] [icp_odometry]: Odom: ratio=0.288762, std dev=0.017983m|0.005687rad, update time=0.141407s delay=0.257033s
[INFO] [1771003427.293547521] [icp_odometry]: Odom: ratio=0.289198, std dev=0.018222m|0.005762rad, update time=0.131091s delay=0.252380s
[INFO] [1771003427.487447487] [icp_odometry]: Odom: ratio=0.293147, std dev=0.018258m|0.005774rad, update time=0.129979s delay=0.247011s
[INFO] [1771003427.693847279] [icp_odometry]: Odom: ratio=0.296433, std dev=0.018354m|0.005804rad, update time=0.128822s delay=0.252609s
[INFO] [1771003427.891245671] [icp_odometry]: Odom: ratio=0.291911, std dev=0.018305m|0.005789rad, update time=0.125837s delay=0.250155s
[INFO] [1771003428.070465702] [icp_odometry]: Odom: ratio=0.289671, std dev=0.018413m|0.005823rad, update time=0.111631s delay=0.229325s
[INFO] [1771003428.276438088] [icp_odometry]: Odom: ratio=0.294654, std dev=0.018039m|0.005705rad, update time=0.117938s delay=0.235962s
[INFO] [1771003428.490507172] [icp_odometry]: Odom: ratio=0.294769, std dev=0.018239m|0.005768rad, update time=0.127285s delay=0.249527s
[INFO] [1771003428.692667329] [icp_odometry]: Odom: ratio=0.293988, std dev=0.018166m|0.005745rad, update time=0.131283s delay=0.252331s
[INFO] [1771003428.876363324] [icp_odometry]: Odom: ratio=0.290520, std dev=0.018480m|0.005844rad, update time=0.118944s delay=0.235912s
[INFO] [1771003429.093599238] [icp_odometry]: Odom: ratio=0.291627, std dev=0.018417m|0.005824rad, update time=0.130373s delay=0.253297s
[INFO] [1771003429.290937211] [icp_odometry]: Odom: ratio=0.289492, std dev=0.018453m|0.005836rad, update time=0.133304s delay=0.250588s
[INFO] [1771003429.485323466] [icp_odometry]: Odom: ratio=0.286550, std dev=0.018742m|0.005927rad, update time=0.124899s delay=0.244894s
[INFO] [1771003429.681658269] [icp_odometry]: Odom: ratio=0.288787, std dev=0.018457m|0.005836rad, update time=0.118378s delay=0.240630s
[INFO] [1771003429.908145737] [icp_odometry]: Odom: ratio=0.288160, std dev=0.018238m|0.005767rad, update time=0.142754s delay=0.267838s
[INFO] [1771003430.086991674] [icp_odometry]: Odom: ratio=0.285599, std dev=0.018098m|0.005723rad, update time=0.131122s delay=0.245710s
[INFO] [1771003430.291090267] [icp_odometry]: Odom: ratio=0.288936, std dev=0.017742m|0.005611rad, update time=0.127846s delay=0.250717s
[INFO] [1771003430.494982293] [icp_odometry]: Odom: ratio=0.290827, std dev=0.018017m|0.005698rad, update time=0.132513s delay=0.253796s
[INFO] [1771003430.691767415] [icp_odometry]: Odom: ratio=0.291945, std dev=0.018621m|0.005889rad, update time=0.124461s delay=0.250491s
[INFO] [1771003430.881743596] [icp_odometry]: Odom: ratio=0.290538, std dev=0.018116m|0.005729rad, update time=0.119810s delay=0.240697s
[INFO] [1771003431.102138980] [icp_odometry]: Odom: ratio=0.294288, std dev=0.018177m|0.005748rad, update time=0.145138s delay=0.261700s
[INFO] [1771003431.282658960] [icp_odometry]: Odom: ratio=0.294080, std dev=0.018268m|0.005777rad, update time=0.122462s delay=0.242306s
[INFO] [1771003431.483788554] [icp_odometry]: Odom: ratio=0.293981, std dev=0.018192m|0.005753rad, update time=0.120533s delay=0.243286s
[INFO] [1771003431.690662315] [icp_odometry]: Odom: ratio=0.294774, std dev=0.018476m|0.005842rad, update time=0.127805s delay=0.249576s
[INFO] [1771003431.897852056] [icp_odometry]: Odom: ratio=0.290299, std dev=0.018552m|0.005867rad, update time=0.133684s delay=0.256576s
[INFO] [1771003432.093967555] [icp_odometry]: Odom: ratio=0.292528, std dev=0.018223m|0.005763rad, update time=0.126893s delay=0.253557s
[INFO] [1771003432.285573201] [icp_odometry]: Odom: ratio=0.294044, std dev=0.018172m|0.005747rad, update time=0.123566s delay=0.244518s
[INFO] [1771003432.485355963] [icp_odometry]: Odom: ratio=0.294154, std dev=0.018592m|0.005879rad, update time=0.123834s delay=0.244872s
[INFO] [1771003432.686363760] [icp_odometry]: Odom: ratio=0.298562, std dev=0.018404m|0.005820rad, update time=0.128896s delay=0.245099s
[INFO] [1771003432.871695940] [icp_odometry]: Odom: ratio=0.293312, std dev=0.018331m|0.005797rad, update time=0.111588s delay=0.231309s
[INFO] [1771003433.104245283] [icp_odometry]: Odom: ratio=0.289944, std dev=0.018446m|0.005833rad, update time=0.140230s delay=0.263845s
[INFO] [1771003433.312039365] [icp_odometry]: Odom: ratio=0.293899, std dev=0.018355m|0.005804rad, update time=0.153207s delay=0.271650s
[INFO] [1771003433.468112734] [icp_odometry]: Odom: ratio=0.290428, std dev=0.018171m|0.005746rad, update time=0.109291s delay=0.227724s
[INFO] [1771003433.600361657] [icp_odometry]: Odom: ratio=0.292496, std dev=0.018309m|0.005790rad, update time=0.130870s delay=0.259215s
[INFO] [1771003433.797788882] [icp_odometry]: Odom: ratio=0.288395, std dev=0.017974m|0.005684rad, update time=0.137427s delay=0.257390s
[INFO] [1771003433.987482493] [icp_odometry]: Odom: ratio=0.297472, std dev=0.018824m|0.005953rad, update time=0.123462s delay=0.247092s
[INFO] [1771003434.188390287] [icp_odometry]: Odom: ratio=0.289816, std dev=0.018299m|0.005787rad, update time=0.121933s delay=0.247318s
[INFO] [1771003434.406628796] [icp_odometry]: Odom: ratio=0.297000, std dev=0.018323m|0.005794rad, update time=0.146185s delay=0.266234s
[INFO] [1771003434.566810596] [icp_odometry]: Odom: ratio=0.296803, std dev=0.018593m|0.005880rad, update time=0.108748s delay=0.226288s
[INFO] [1771003434.708919703] [icp_odometry]: Odom: ratio=0.292265, std dev=0.018632m|0.005892rad, update time=0.133620s delay=0.268498s
[INFO] [1771003434.894825694] [icp_odometry]: Odom: ratio=0.292729, std dev=0.018070m|0.005714rad, update time=0.128523s delay=0.254469s
[INFO] [1771003435.092650725] [icp_odometry]: Odom: ratio=0.289369, std dev=0.018254m|0.005773rad, update time=0.129475s delay=0.251600s
[INFO] [1771003435.276266845] [icp_odometry]: Odom: ratio=0.293027, std dev=0.018223m|0.005763rad, update time=0.118058s delay=0.235172s
[INFO] [1771003435.485254632] [icp_odometry]: Odom: ratio=0.291678, std dev=0.018281m|0.005781rad, update time=0.121725s delay=0.244177s
[INFO] [1771003435.673410237] [icp_odometry]: Odom: ratio=0.291917, std dev=0.018371m|0.005809rad, update time=0.111922s delay=0.232283s
[INFO] [1771003435.877710341] [icp_odometry]: Odom: ratio=0.288971, std dev=0.017928m|0.005669rad, update time=0.113276s delay=0.236510s
[INFO] [1771003436.078581974] [icp_odometry]: Odom: ratio=0.291395, std dev=0.018326m|0.005795rad, update time=0.120647s delay=0.238044s
[INFO] [1771003436.282248360] [icp_odometry]: Odom: ratio=0.290095, std dev=0.018301m|0.005787rad, update time=0.120855s delay=0.241787s
[INFO] [1771003436.498250183] [icp_odometry]: Odom: ratio=0.293796, std dev=0.018242m|0.005769rad, update time=0.141062s delay=0.257826s
[INFO] [1771003436.688478277] [icp_odometry]: Odom: ratio=0.287643, std dev=0.018195m|0.005754rad, update time=0.132435s delay=0.247303s
[INFO] [1771003436.894705968] [icp_odometry]: Odom: ratio=0.293937, std dev=0.018581m|0.005876rad, update time=0.132452s delay=0.253686s
[INFO] [1771003437.093398868] [icp_odometry]: Odom: ratio=0.291636, std dev=0.018054m|0.005709rad, update time=0.129681s delay=0.252280s
[INFO] [1771003437.290319227] [icp_odometry]: Odom: ratio=0.289630, std dev=0.018441m|0.005832rad, update time=0.127657s delay=0.249243s
[INFO] [1771003437.483522817] [icp_odometry]: Odom: ratio=0.291409, std dev=0.018416m|0.005824rad, update time=0.125001s delay=0.243144s
[INFO] [1771003437.675908810] [icp_odometry]: Odom: ratio=0.294056, std dev=0.018213m|0.005759rad, update time=0.116750s delay=0.234554s
[INFO] [1771003437.882338364] [icp_odometry]: Odom: ratio=0.290916, std dev=0.018255m|0.005773rad, update time=0.118031s delay=0.241838s
[INFO] [1771003438.089266911] [icp_odometry]: Odom: ratio=0.290588, std dev=0.018375m|0.005811rad, update time=0.126009s delay=0.248161s
[INFO] [1771003438.285857307] [icp_odometry]: Odom: ratio=0.294034, std dev=0.018533m|0.005861rad, update time=0.127678s delay=0.245426s
[INFO] [1771003438.485311482] [icp_odometry]: Odom: ratio=0.295495, std dev=0.017939m|0.005673rad, update time=0.127928s delay=0.244751s
[INFO] [1771003438.682587277] [icp_odometry]: Odom: ratio=0.293175, std dev=0.017997m|0.005691rad, update time=0.117951s delay=0.242019s
[INFO] [1771003438.890505779] [icp_odometry]: Odom: ratio=0.287909, std dev=0.018203m|0.005756rad, update time=0.125859s delay=0.250016s
[INFO] [1771003439.074076809] [icp_odometry]: Odom: ratio=0.288181, std dev=0.018221m|0.005762rad, update time=0.115757s delay=0.233546s
[INFO] [1771003439.277129413] [icp_odometry]: Odom: ratio=0.292425, std dev=0.018080m|0.005718rad, update time=0.115637s delay=0.236737s
[INFO] [1771003439.477070069] [icp_odometry]: Odom: ratio=0.289242, std dev=0.018266m|0.005776rad, update time=0.119679s delay=0.236568s
[INFO] [1771003439.689297873] [icp_odometry]: Odom: ratio=0.290894, std dev=0.018395m|0.005817rad, update time=0.128614s delay=0.248924s
[INFO] [1771003439.880697976] [icp_odometry]: Odom: ratio=0.286999, std dev=0.018136m|0.005735rad, update time=0.120458s delay=0.239684s
[INFO] [1771003440.114702858] [icp_odometry]: Odom: ratio=0.289027, std dev=0.018458m|0.005837rad, update time=0.150425s delay=0.273585s
[INFO] [1771003440.284416990] [icp_odometry]: Odom: ratio=0.292472, std dev=0.018223m|0.005763rad, update time=0.125211s delay=0.244032s
[INFO] [1771003440.472610261] [icp_odometry]: Odom: ratio=0.294118, std dev=0.017946m|0.005675rad, update time=0.107934s delay=0.231353s
[INFO] [1771003440.705913966] [icp_odometry]: Odom: ratio=0.293327, std dev=0.018237m|0.005767rad, update time=0.149566s delay=0.265457s
[INFO] [1771003440.895689181] [icp_odometry]: Odom: ratio=0.292587, std dev=0.018336m|0.005798rad, update time=0.134067s delay=0.254658s
[INFO] [1771003441.076683033] [icp_odometry]: Odom: ratio=0.291445, std dev=0.018156m|0.005742rad, update time=0.119603s delay=0.235585s
[INFO] [1771003441.309241913] [icp_odometry]: Odom: ratio=0.291508, std dev=0.018322m|0.005794rad, update time=0.145384s delay=0.268843s
[INFO] [1771003441.480868975] [icp_odometry]: Odom: ratio=0.293031, std dev=0.018507m|0.005852rad, update time=0.124692s delay=0.240349s
[INFO] [1771003441.678870908] [icp_odometry]: Odom: ratio=0.292710, std dev=0.018192m|0.005753rad, update time=0.117677s delay=0.237831s
[INFO] [1771003441.883901853] [icp_odometry]: Odom: ratio=0.290514, std dev=0.018221m|0.005762rad, update time=0.124289s delay=0.242744s
[INFO] [1771003442.114655902] [icp_odometry]: Odom: ratio=0.292530, std dev=0.018224m|0.005763rad, update time=0.151293s delay=0.274301s
[INFO] [1771003442.288654439] [icp_odometry]: Odom: ratio=0.288769, std dev=0.017929m|0.005670rad, update time=0.131779s delay=0.248282s
[INFO] [1771003442.486043070] [icp_odometry]: Odom: ratio=0.291093, std dev=0.018462m|0.005838rad, update time=0.126286s delay=0.245528s
[INFO] [1771003442.692810236] [icp_odometry]: Odom: ratio=0.296427, std dev=0.018326m|0.005795rad, update time=0.126089s delay=0.251613s
[INFO] [1771003442.889472057] [icp_odometry]: Odom: ratio=0.295000, std dev=0.017952m|0.005677rad, update time=0.131620s delay=0.249060s
[INFO] [1771003443.081401427] [icp_odometry]: Odom: ratio=0.294984, std dev=0.018126m|0.005732rad, update time=0.122605s delay=0.240953s
[INFO] [1771003443.314700876] [icp_odometry]: Odom: ratio=0.292455, std dev=0.018315m|0.005792rad, update time=0.149172s delay=0.274093s
[INFO] [1771003443.499238244] [icp_odometry]: Odom: ratio=0.295039, std dev=0.018129m|0.005733rad, update time=0.134197s delay=0.258826s
[INFO] [1771003443.706526388] [icp_odometry]: Odom: ratio=0.290901, std dev=0.017900m|0.005660rad, update time=0.140508s delay=0.266046s
[INFO] [1771003443.870662309] [icp_odometry]: Odom: ratio=0.289403, std dev=0.018375m|0.005811rad, update time=0.113043s delay=0.230270s
[INFO] [1771003444.097562752] [icp_odometry]: Odom: ratio=0.290244, std dev=0.018247m|0.005770rad, update time=0.134776s delay=0.257105s
[INFO] [1771003444.279423867] [icp_odometry]: Odom: ratio=0.290180, std dev=0.018359m|0.005806rad, update time=0.116365s delay=0.238903s
[INFO] [1771003444.477244385] [icp_odometry]: Odom: ratio=0.288910, std dev=0.018422m|0.005826rad, update time=0.116747s delay=0.236853s
[INFO] [1771003444.694874489] [icp_odometry]: Odom: ratio=0.290449, std dev=0.018371m|0.005809rad, update time=0.132833s delay=0.254371s
[INFO] [1771003444.873606439] [icp_odometry]: Odom: ratio=0.287313, std dev=0.018164m|0.005744rad, update time=0.116604s delay=0.232261s
[INFO] [1771003445.084236171] [icp_odometry]: Odom: ratio=0.288199, std dev=0.018019m|0.005698rad, update time=0.124404s delay=0.243813s
[INFO] [1771003445.277822174] [icp_odometry]: Odom: ratio=0.289890, std dev=0.017893m|0.005658rad, update time=0.116956s delay=0.237305s
[INFO] [1771003445.509024942] [icp_odometry]: Odom: ratio=0.288879, std dev=0.017925m|0.005668rad, update time=0.149689s delay=0.268544s
[INFO] [1771003445.682492132] [icp_odometry]: Odom: ratio=0.295727, std dev=0.018389m|0.005815rad, update time=0.126611s delay=0.241410s
[INFO] [1771003445.885622211] [icp_odometry]: Odom: ratio=0.293086, std dev=0.018350m|0.005803rad, update time=0.127056s delay=0.244352s
[INFO] [1771003446.081441988] [icp_odometry]: Odom: ratio=0.292494, std dev=0.018197m|0.005754rad, update time=0.117767s delay=0.240911s
[INFO] [1771003446.286254366] [icp_odometry]: Odom: ratio=0.294783, std dev=0.018289m|0.005783rad, update time=0.123365s delay=0.245798s
[INFO] [1771003446.498606238] [icp_odometry]: Odom: ratio=0.294249, std dev=0.018230m|0.005765rad, update time=0.137048s delay=0.258237s
[INFO] [1771003446.674777587] [icp_odometry]: Odom: ratio=0.291488, std dev=0.017951m|0.005677rad, update time=0.117455s delay=0.233558s
[INFO] [1771003446.891061500] [icp_odometry]: Odom: ratio=0.293439, std dev=0.018244m|0.005769rad, update time=0.125500s delay=0.250601s
[INFO] [1771003447.088773822] [icp_odometry]: Odom: ratio=0.293790, std dev=0.018192m|0.005753rad, update time=0.126059s delay=0.248294s
[INFO] [1771003447.287863024] [icp_odometry]: Odom: ratio=0.295264, std dev=0.018001m|0.005692rad, update time=0.123818s delay=0.246653s
[INFO] [1771003447.470764527] [icp_odometry]: Odom: ratio=0.290685, std dev=0.018186m|0.005751rad, update time=0.115461s delay=0.230228s
[INFO] [1771003447.704463703] [icp_odometry]: Odom: ratio=0.295560, std dev=0.018141m|0.005737rad, update time=0.136940s delay=0.263190s
[INFO] [1771003447.871826041] [icp_odometry]: Odom: ratio=0.297619, std dev=0.018255m|0.005773rad, update time=0.112461s delay=0.231370s
[INFO] [1771003448.080008136] [icp_odometry]: Odom: ratio=0.291968, std dev=0.018153m|0.005740rad, update time=0.119127s delay=0.239372s
[INFO] [1771003448.273199981] [icp_odometry]: Odom: ratio=0.290571, std dev=0.018503m|0.005851rad, update time=0.113476s delay=0.232798s
[INFO] [1771003448.491819655] [icp_odometry]: Odom: ratio=0.291304, std dev=0.018160m|0.005743rad, update time=0.126138s delay=0.251309s
[INFO] [1771003448.693820735] [icp_odometry]: Odom: ratio=0.291294, std dev=0.018340m|0.005799rad, update time=0.136952s delay=0.253201s
[INFO] [1771003448.898318061] [icp_odometry]: Odom: ratio=0.291836, std dev=0.018357m|0.005805rad, update time=0.135883s delay=0.257918s
[INFO] [1771003449.120941843] [icp_odometry]: Odom: ratio=0.288319, std dev=0.018363m|0.005807rad, update time=0.163904s delay=0.280433s
[INFO] [1771003449.284999426] [icp_odometry]: Odom: ratio=0.290216, std dev=0.018391m|0.005816rad, update time=0.128111s delay=0.244520s
[INFO] [1771003449.488805433] [icp_odometry]: Odom: ratio=0.292846, std dev=0.018781m|0.005939rad, update time=0.125177s delay=0.248311s
[INFO] [1771003449.689278683] [icp_odometry]: Odom: ratio=0.290577, std dev=0.018466m|0.005839rad, update time=0.128006s delay=0.248891s
[INFO] [1771003449.896447815] [icp_odometry]: Odom: ratio=0.286123, std dev=0.018342m|0.005800rad, update time=0.136851s delay=0.254944s
[INFO] [1771003450.081684631] [icp_odometry]: Odom: ratio=0.293296, std dev=0.018211m|0.005759rad, update time=0.125374s delay=0.241227s
[INFO] [1771003450.285678452] [icp_odometry]: Odom: ratio=0.290597, std dev=0.017960m|0.005679rad, update time=0.124160s delay=0.244577s
[INFO] [1771003450.500055611] [icp_odometry]: Odom: ratio=0.292466, std dev=0.018406m|0.005820rad, update time=0.135424s delay=0.259552s
[INFO] [1771003450.676242608] [icp_odometry]: Odom: ratio=0.293389, std dev=0.018114m|0.005728rad, update time=0.114279s delay=0.235757s
[INFO] [1771003450.906603619] [icp_odometry]: Odom: ratio=0.293476, std dev=0.018054m|0.005709rad, update time=0.149149s delay=0.266056s
[INFO] [1771003451.097609404] [icp_odometry]: Odom: ratio=0.295656, std dev=0.017971m|0.005683rad, update time=0.140577s delay=0.257198s
[INFO] [1771003451.277806429] [icp_odometry]: Odom: ratio=0.293110, std dev=0.018162m|0.005743rad, update time=0.118299s delay=0.237277s
[INFO] [1771003451.495921158] [icp_odometry]: Odom: ratio=0.292354, std dev=0.018191m|0.005753rad, update time=0.133848s delay=0.255464s
[INFO] [1771003451.683882261] [icp_odometry]: Odom: ratio=0.290641, std dev=0.018313m|0.005791rad, update time=0.113593s delay=0.242552s
[INFO] [1771003451.880401422] [icp_odometry]: Odom: ratio=0.294389, std dev=0.018348m|0.005802rad, update time=0.122803s delay=0.239815s
[INFO] [1771003452.102371581] [icp_odometry]: Odom: ratio=0.288444, std dev=0.018339m|0.005799rad, update time=0.138850s delay=0.261219s
[INFO] [1771003452.294350552] [icp_odometry]: Odom: ratio=0.292068, std dev=0.018224m|0.005763rad, update time=0.138032s delay=0.253003s
[INFO] [1771003452.482203683] [icp_odometry]: Odom: ratio=0.291489, std dev=0.018751m|0.005930rad, update time=0.125316s delay=0.241856s
[INFO] [1771003452.677671991] [icp_odometry]: Odom: ratio=0.294102, std dev=0.018390m|0.005815rad, update time=0.115927s delay=0.237130s
[INFO] [1771003452.898489406] [icp_odometry]: Odom: ratio=0.295305, std dev=0.018595m|0.005880rad, update time=0.136054s delay=0.257933s
[INFO] [1771003453.079071180] [icp_odometry]: Odom: ratio=0.291336, std dev=0.018087m|0.005720rad, update time=0.121013s delay=0.238633s
[INFO] [1771003453.287264220] [icp_odometry]: Odom: ratio=0.292635, std dev=0.018592m|0.005879rad, update time=0.119245s delay=0.246777s
[INFO] [1771003453.498051237] [icp_odometry]: Odom: ratio=0.293532, std dev=0.018305m|0.005789rad, update time=0.133107s delay=0.257428s
[INFO] [1771003453.701084161] [icp_odometry]: Odom: ratio=0.293982, std dev=0.017853m|0.005646rad, update time=0.131707s delay=0.260602s
[INFO] [1771003453.900143954] [icp_odometry]: Odom: ratio=0.290802, std dev=0.018124m|0.005731rad, update time=0.139313s delay=0.259648s
[INFO] [1771003454.109060699] [icp_odometry]: Odom: ratio=0.288874, std dev=0.018277m|0.005780rad, update time=0.148757s delay=0.268400s
[INFO] [1771003454.291662831] [icp_odometry]: Odom: ratio=0.291321, std dev=0.018450m|0.005834rad, update time=0.134680s delay=0.251053s
[INFO] [1771003454.491694403] [icp_odometry]: Odom: ratio=0.291453, std dev=0.018392m|0.005816rad, update time=0.129162s delay=0.251235s
[INFO] [1771003454.683979720] [icp_odometry]: Odom: ratio=0.288251, std dev=0.018243m|0.005769rad, update time=0.119127s delay=0.243454s
[INFO] [1771003454.916428292] [icp_odometry]: Odom: ratio=0.287377, std dev=0.018274m|0.005779rad, update time=0.152518s delay=0.274800s
[INFO] [1771003455.106069806] [icp_odometry]: Odom: ratio=0.287356, std dev=0.018384m|0.005813rad, update time=0.140090s delay=0.265608s
[INFO] [1771003455.287101675] [icp_odometry]: Odom: ratio=0.291667, std dev=0.018285m|0.005782rad, update time=0.126676s delay=0.245856s
[INFO] [1771003455.496166745] [icp_odometry]: Odom: ratio=0.296360, std dev=0.018237m|0.005767rad, update time=0.135763s delay=0.255642s
[INFO] [1771003455.689918834] [icp_odometry]: Odom: ratio=0.295027, std dev=0.018402m|0.005819rad, update time=0.128830s delay=0.249378s
[INFO] [1771003455.915483678] [icp_odometry]: Odom: ratio=0.292889, std dev=0.018251m|0.005772rad, update time=0.155611s delay=0.274882s
[INFO] [1771003456.097309431] [icp_odometry]: Odom: ratio=0.292701, std dev=0.018275m|0.005779rad, update time=0.138264s delay=0.256799s
[INFO] [1771003456.285114113] [icp_odometry]: Odom: ratio=0.294522, std dev=0.018412m|0.005822rad, update time=0.125175s delay=0.244711s
[INFO] [1771003456.493295120] [icp_odometry]: Odom: ratio=0.291337, std dev=0.018484m|0.005845rad, update time=0.126511s delay=0.252697s
[INFO] [1771003456.704152828] [icp_odometry]: Odom: ratio=0.293345, std dev=0.018473m|0.005842rad, update time=0.144923s delay=0.262894s
[INFO] [1771003456.879804542] [icp_odometry]: Odom: ratio=0.293016, std dev=0.018270m|0.005777rad, update time=0.119080s delay=0.239272s
[INFO] [1771003457.090799983] [icp_odometry]: Odom: ratio=0.290212, std dev=0.018250m|0.005771rad, update time=0.128745s delay=0.250300s
[INFO] [1771003457.297490954] [icp_odometry]: Odom: ratio=0.290916, std dev=0.017991m|0.005689rad, update time=0.126715s delay=0.256090s
[INFO] [1771003457.492764664] [icp_odometry]: Odom: ratio=0.291451, std dev=0.018606m|0.005884rad, update time=0.127240s delay=0.252158s
[INFO] [1771003457.679852521] [icp_odometry]: Odom: ratio=0.288988, std dev=0.018402m|0.005819rad, update time=0.121193s delay=0.239304s
[INFO] [1771003457.892890113] [icp_odometry]: Odom: ratio=0.297746, std dev=0.018279m|0.005780rad, update time=0.130498s delay=0.252404s
[INFO] [1771003458.081465477] [icp_odometry]: Odom: ratio=0.294603, std dev=0.018151m|0.005740rad, update time=0.121194s delay=0.240900s
[INFO] [1771003458.284712808] [icp_odometry]: Odom: ratio=0.291513, std dev=0.018168m|0.005745rad, update time=0.119492s delay=0.244026s
[INFO] [1771003458.489426142] [icp_odometry]: Odom: ratio=0.294159, std dev=0.018146m|0.005738rad, update time=0.127107s delay=0.248896s
[INFO] [1771003458.693167667] [icp_odometry]: Odom: ratio=0.293064, std dev=0.018219m|0.005761rad, update time=0.131391s delay=0.252612s
[INFO] [1771003458.892365481] [icp_odometry]: Odom: ratio=0.289926, std dev=0.018286m|0.005783rad, update time=0.132066s delay=0.251701s
[INFO] [1771003459.089404212] [icp_odometry]: Odom: ratio=0.291249, std dev=0.018518m|0.005856rad, update time=0.127625s delay=0.248897s
[INFO] [1771003459.282915812] [icp_odometry]: Odom: ratio=0.289766, std dev=0.018222m|0.005762rad, update time=0.121240s delay=0.242293s
[INFO] [1771003459.499807266] [icp_odometry]: Odom: ratio=0.291331, std dev=0.018518m|0.005856rad, update time=0.135295s delay=0.259195s
[INFO] [1771003459.670055657] [icp_odometry]: Odom: ratio=0.287234, std dev=0.018405m|0.005820rad, update time=0.112901s delay=0.229424s
[INFO] [1771003459.886855652] [icp_odometry]: Odom: ratio=0.287367, std dev=0.018324m|0.005795rad, update time=0.127253s delay=0.245450s
[INFO] [1771003460.087080510] [icp_odometry]: Odom: ratio=0.290084, std dev=0.018549m|0.005866rad, update time=0.125478s delay=0.246562s
[INFO] [1771003460.277784492] [icp_odometry]: Odom: ratio=0.289326, std dev=0.018159m|0.005742rad, update time=0.114002s delay=0.237294s
[INFO] [1771003460.480498813] [icp_odometry]: Odom: ratio=0.294777, std dev=0.018007m|0.005694rad, update time=0.113112s delay=0.239886s
[INFO] [1771003460.684967947] [icp_odometry]: Odom: ratio=0.290060, std dev=0.018231m|0.005765rad, update time=0.120219s delay=0.243588s
[INFO] [1771003460.890700100] [icp_odometry]: Odom: ratio=0.293527, std dev=0.018107m|0.005726rad, update time=0.132869s delay=0.250299s
[INFO] [1771003461.080000834] [icp_odometry]: Odom: ratio=0.294836, std dev=0.018053m|0.005709rad, update time=0.122104s delay=0.239459s
[INFO] [1771003461.289233494] [icp_odometry]: Odom: ratio=0.293517, std dev=0.017948m|0.005676rad, update time=0.126570s delay=0.248635s
[INFO] [1771003461.476871833] [icp_odometry]: Odom: ratio=0.291410, std dev=0.018345m|0.005801rad, update time=0.113748s delay=0.235488s
[INFO] [1771003461.691814836] [icp_odometry]: Odom: ratio=0.288778, std dev=0.018054m|0.005709rad, update time=0.128253s delay=0.250565s
[INFO] [1771003461.896486249] [icp_odometry]: Odom: ratio=0.295835, std dev=0.018242m|0.005769rad, update time=0.132446s delay=0.255882s
[INFO] [1771003462.103859227] [icp_odometry]: Odom: ratio=0.288193, std dev=0.018601m|0.005882rad, update time=0.140367s delay=0.263193s
[INFO] [1771003462.297201926] [icp_odometry]: Odom: ratio=0.289429, std dev=0.018057m|0.005710rad, update time=0.139632s delay=0.255935s
[INFO] [1771003462.471948201] [icp_odometry]: Odom: ratio=0.293832, std dev=0.018330m|0.005796rad, update time=0.112493s delay=0.230578s
[INFO] [1771003462.688481690] [icp_odometry]: Odom: ratio=0.296038, std dev=0.018507m|0.005853rad, update time=0.127907s delay=0.247913s
[INFO] [1771003462.884433312] [icp_odometry]: Odom: ratio=0.298910, std dev=0.018234m|0.005766rad, update time=0.119950s delay=0.243829s
[INFO] [1771003463.082506479] [icp_odometry]: Odom: ratio=0.294107, std dev=0.018071m|0.005714rad, update time=0.119817s delay=0.241832s
[INFO] [1771003463.279247535] [icp_odometry]: Odom: ratio=0.294039, std dev=0.018161m|0.005743rad, update time=0.118543s delay=0.238713s
[INFO] [1771003463.499247994] [icp_odometry]: Odom: ratio=0.293498, std dev=0.018653m|0.005899rad, update time=0.137945s delay=0.258619s
[INFO] [1771003463.720803738] [icp_odometry]: Odom: ratio=0.293775, std dev=0.018166m|0.005744rad, update time=0.162141s delay=0.280157s
[INFO] [1771003463.900628302] [icp_odometry]: Odom: ratio=0.291762, std dev=0.018305m|0.005789rad, update time=0.137901s delay=0.260026s
[INFO] [1771003464.073986625] [icp_odometry]: Odom: ratio=0.289595, std dev=0.018210m|0.005758rad, update time=0.115395s delay=0.233462s
[INFO] [1771003464.282180368] [icp_odometry]: Odom: ratio=0.291036, std dev=0.018568m|0.005872rad, update time=0.118773s delay=0.241660s
[INFO] [1771003464.477633476] [icp_odometry]: Odom: ratio=0.292211, std dev=0.018500m|0.005850rad, update time=0.117558s delay=0.236924s
[INFO] [1771003464.706098133] [icp_odometry]: Odom: ratio=0.287605, std dev=0.018485m|0.005845rad, update time=0.146910s delay=0.265439s
[INFO] [1771003464.874204913] [icp_odometry]: Odom: ratio=0.285189, std dev=0.018270m|0.005777rad, update time=0.114256s delay=0.232744s
[INFO] [1771003465.095829684] [icp_odometry]: Odom: ratio=0.290579, std dev=0.018279m|0.005780rad, update time=0.131836s delay=0.255452s
[INFO] [1771003465.278062875] [icp_odometry]: Odom: ratio=0.289839, std dev=0.017765m|0.005618rad, update time=0.116245s delay=0.237400s
[INFO] [1771003465.489053292] [icp_odometry]: Odom: ratio=0.295432, std dev=0.018112m|0.005727rad, update time=0.129760s delay=0.248522s
[INFO] [1771003465.694842568] [icp_odometry]: Odom: ratio=0.292363, std dev=0.018308m|0.005790rad, update time=0.130122s delay=0.253461s
[INFO] [1771003465.881699568] [icp_odometry]: Odom: ratio=0.291099, std dev=0.018415m|0.005823rad, update time=0.123839s delay=0.241108s
[INFO] [1771003466.094583203] [icp_odometry]: Odom: ratio=0.291712, std dev=0.018026m|0.005700rad, update time=0.132177s delay=0.254067s
[INFO] [1771003466.315702964] [icp_odometry]: Odom: ratio=0.294910, std dev=0.018152m|0.005740rad, update time=0.159313s delay=0.275222s
[INFO] [1771003466.501513465] [icp_odometry]: Odom: ratio=0.290566, std dev=0.018197m|0.005754rad, update time=0.141344s delay=0.261072s
[INFO] [1771003466.685997455] [icp_odometry]: Odom: ratio=0.291915, std dev=0.018472m|0.005841rad, update time=0.130444s delay=0.245364s
[INFO] [1771003466.892377375] [icp_odometry]: Odom: ratio=0.291690, std dev=0.018286m|0.005783rad, update time=0.131956s delay=0.251706s
[INFO] [1771003467.103286925] [icp_odometry]: Odom: ratio=0.285455, std dev=0.018631m|0.005892rad, update time=0.144127s delay=0.261926s
[INFO] [1771003467.277629090] [icp_odometry]: Odom: ratio=0.291682, std dev=0.018228m|0.005764rad, update time=0.120433s delay=0.236215s
[INFO] [1771003467.495383678] [icp_odometry]: Odom: ratio=0.293587, std dev=0.018642m|0.005895rad, update time=0.132057s delay=0.254866s
[INFO] [1771003467.678522853] [icp_odometry]: Odom: ratio=0.293418, std dev=0.018459m|0.005837rad, update time=0.118464s delay=0.237799s
[INFO] [1771003467.905606758] [icp_odometry]: Odom: ratio=0.292066, std dev=0.018510m|0.005853rad, update time=0.142028s delay=0.265136s
[INFO] [1771003468.102965532] [icp_odometry]: Odom: ratio=0.292755, std dev=0.018187m|0.005751rad, update time=0.145913s delay=0.262458s
[INFO] [1771003468.277987273] [icp_odometry]: Odom: ratio=0.291685, std dev=0.018382m|0.005813rad, update time=0.115591s delay=0.237435s
[INFO] [1771003468.497801805] [icp_odometry]: Odom: ratio=0.295379, std dev=0.018436m|0.005830rad, update time=0.134067s delay=0.257293s
[INFO] [1771003468.689542783] [icp_odometry]: Odom: ratio=0.293307, std dev=0.018064m|0.005712rad, update time=0.126884s delay=0.249105s
[INFO] [1771003468.895277209] [icp_odometry]: Odom: ratio=0.294169, std dev=0.018273m|0.005779rad, update time=0.136429s delay=0.254638s
[INFO] [1771003469.100021552] [icp_odometry]: Odom: ratio=0.288140, std dev=0.018057m|0.005710rad, update time=0.137195s delay=0.258622s
[INFO] [1771003469.293309945] [icp_odometry]: Odom: ratio=0.292789, std dev=0.018237m|0.005767rad, update time=0.134391s delay=0.252659s
[INFO] [1771003469.481746009] [icp_odometry]: Odom: ratio=0.293752, std dev=0.018314m|0.005791rad, update time=0.123181s delay=0.241196s
[INFO] [1771003469.686080802] [icp_odometry]: Odom: ratio=0.291549, std dev=0.018267m|0.005777rad, update time=0.128969s delay=0.245499s
[INFO] [1771003469.880687608] [icp_odometry]: Odom: ratio=0.287094, std dev=0.018009m|0.005695rad, update time=0.122712s delay=0.239334s
[INFO] [1771003470.120633593] [icp_odometry]: Odom: ratio=0.287784, std dev=0.018004m|0.005693rad, update time=0.155645s delay=0.280056s
[INFO] [1771003470.278098210] [icp_odometry]: Odom: ratio=0.291415, std dev=0.018035m|0.005703rad, update time=0.116900s delay=0.237501s
[INFO] [1771003470.516765782] [icp_odometry]: Odom: ratio=0.296230, std dev=0.018370m|0.005809rad, update time=0.148931s delay=0.276121s
[INFO] [1771003470.676974559] [icp_odometry]: Odom: ratio=0.292937, std dev=0.018026m|0.005700rad, update time=0.113938s delay=0.236357s
[INFO] [1771003470.900802063] [icp_odometry]: Odom: ratio=0.293280, std dev=0.018226m|0.005763rad, update time=0.138309s delay=0.260333s
[INFO] [1771003471.128056822] [icp_odometry]: Odom: ratio=0.290276, std dev=0.018009m|0.005695rad, update time=0.163123s delay=0.287366s
[INFO] [1771003471.313372009] [icp_odometry]: Odom: ratio=0.296142, std dev=0.018175m|0.005748rad, update time=0.156444s delay=0.272722s
[INFO] [1771003471.496299433] [icp_odometry]: Odom: ratio=0.291328, std dev=0.018254m|0.005772rad, update time=0.134550s delay=0.255615s
[INFO] [1771003471.693848485] [icp_odometry]: Odom: ratio=0.292645, std dev=0.018426m|0.005827rad, update time=0.134448s delay=0.253243s
[INFO] [1771003471.879101494] [icp_odometry]: Odom: ratio=0.295797, std dev=0.018377m|0.005811rad, update time=0.117575s delay=0.238585s
[INFO] [1771003472.092223505] [icp_odometry]: Odom: ratio=0.289709, std dev=0.018070m|0.005714rad, update time=0.131634s delay=0.250756s
[INFO] [1771003472.297255474] [icp_odometry]: Odom: ratio=0.289683, std dev=0.018110m|0.005727rad, update time=0.133288s delay=0.256724s
[INFO] [1771003472.480871242] [icp_odometry]: Odom: ratio=0.289807, std dev=0.017924m|0.005668rad, update time=0.120902s delay=0.240391s
[INFO] [1771003472.690826231] [icp_odometry]: Odom: ratio=0.294196, std dev=0.018400m|0.005819rad, update time=0.127293s delay=0.250463s
[INFO] [1771003472.880788139] [icp_odometry]: Odom: ratio=0.293354, std dev=0.017955m|0.005678rad, update time=0.118993s delay=0.240180s
[INFO] [1771003473.084509055] [icp_odometry]: Odom: ratio=0.293304, std dev=0.018458m|0.005837rad, update time=0.118893s delay=0.243856s
[INFO] [1771003473.281962457] [icp_odometry]: Odom: ratio=0.293628, std dev=0.018310m|0.005790rad, update time=0.116938s delay=0.241238s
[INFO] [1771003473.491658332] [icp_odometry]: Odom: ratio=0.291667, std dev=0.018200m|0.005755rad, update time=0.127479s delay=0.251117s
[INFO] [1771003473.680613038] [icp_odometry]: Odom: ratio=0.295324, std dev=0.018165m|0.005744rad, update time=0.118480s delay=0.239960s
[INFO] [1771003473.896849461] [icp_odometry]: Odom: ratio=0.295521, std dev=0.018345m|0.005801rad, update time=0.132600s delay=0.256269s
[INFO] [1771003474.088793679] [icp_odometry]: Odom: ratio=0.293777, std dev=0.018212m|0.005759rad, update time=0.120278s delay=0.248316s
[INFO] [1771003474.300562779] [icp_odometry]: Odom: ratio=0.291352, std dev=0.018313m|0.005791rad, update time=0.139784s delay=0.260130s
[INFO] [1771003474.497295835] [icp_odometry]: Odom: ratio=0.290502, std dev=0.018323m|0.005794rad, update time=0.140272s delay=0.256608s
[INFO] [1771003474.700223315] [icp_odometry]: Odom: ratio=0.287137, std dev=0.018428m|0.005827rad, update time=0.140929s delay=0.259443s
[INFO] [1771003474.890640408] [icp_odometry]: Odom: ratio=0.286583, std dev=0.018419m|0.005825rad, update time=0.134097s delay=0.250034s
[INFO] [1771003475.092560141] [icp_odometry]: Odom: ratio=0.290831, std dev=0.018008m|0.005695rad, update time=0.126421s delay=0.251925s
[INFO] [1771003475.292942284] [icp_odometry]: Odom: ratio=0.290881, std dev=0.017928m|0.005669rad, update time=0.135466s delay=0.252364s
[INFO] [1771003475.503887451] [icp_odometry]: Odom: ratio=0.293192, std dev=0.018331m|0.005797rad, update time=0.144558s delay=0.263191s
[INFO] [1771003475.689461815] [icp_odometry]: Odom: ratio=0.295467, std dev=0.018287m|0.005783rad, update time=0.131002s delay=0.248907s
[INFO] [1771003475.871328530] [icp_odometry]: Odom: ratio=0.296507, std dev=0.018256m|0.005773rad, update time=0.106048s delay=0.230731s
[INFO] [1771003476.095637715] [icp_odometry]: Odom: ratio=0.295352, std dev=0.018191m|0.005753rad, update time=0.128047s delay=0.254952s
[INFO] [1771003476.281766402] [icp_odometry]: Odom: ratio=0.296095, std dev=0.017960m|0.005679rad, update time=0.119592s delay=0.241203s
[INFO] [1771003476.489393405] [icp_odometry]: Odom: ratio=0.297107, std dev=0.018158m|0.005742rad, update time=0.126267s delay=0.248901s
[INFO] [1771003476.699422797] [icp_odometry]: Odom: ratio=0.292552, std dev=0.018524m|0.005858rad, update time=0.136995s delay=0.258957s
[INFO] [1771003476.875975663] [icp_odometry]: Odom: ratio=0.294930, std dev=0.018483m|0.005845rad, update time=0.116773s delay=0.235327s
[INFO] [1771003477.080142290] [icp_odometry]: Odom: ratio=0.292629, std dev=0.017998m|0.005691rad, update time=0.117511s delay=0.238740s
[INFO] [1771003477.307574207] [icp_odometry]: Odom: ratio=0.292846, std dev=0.018265m|0.005776rad, update time=0.149465s delay=0.266883s
[INFO] [1771003477.488796483] [icp_odometry]: Odom: ratio=0.289105, std dev=0.017792m|0.005626rad, update time=0.132634s delay=0.248124s
[INFO] [1771003477.714557526] [icp_odometry]: Odom: ratio=0.294237, std dev=0.018326m|0.005795rad, update time=0.155690s delay=0.274084s
[INFO] [1771003477.874331568] [icp_odometry]: Odom: ratio=0.293297, std dev=0.018094m|0.005722rad, update time=0.117762s delay=0.233877s
[INFO] [1771003478.107360416] [icp_odometry]: Odom: ratio=0.294092, std dev=0.018154m|0.005741rad, update time=0.140838s delay=0.266676s
[INFO] [1771003478.299613924] [icp_odometry]: Odom: ratio=0.297242, std dev=0.018182m|0.005750rad, update time=0.138277s delay=0.259043s
[INFO] [1771003478.490394998] [icp_odometry]: Odom: ratio=0.293300, std dev=0.018522m|0.005857rad, update time=0.134458s delay=0.249771s
[INFO] [1771003478.695548155] [icp_odometry]: Odom: ratio=0.298510, std dev=0.018247m|0.005770rad, update time=0.132787s delay=0.255070s
[INFO] [1771003478.905674190] [icp_odometry]: Odom: ratio=0.293449, std dev=0.018266m|0.005776rad, update time=0.151258s delay=0.265078s
[INFO] [1771003479.078099264] [icp_odometry]: Odom: ratio=0.293123, std dev=0.018088m|0.005720rad, update time=0.117340s delay=0.236663s
[INFO] [1771003479.286785217] [icp_odometry]: Odom: ratio=0.290298, std dev=0.018232m|0.005765rad, update time=0.119634s delay=0.246102s
[INFO] [1771003479.517308185] [icp_odometry]: Odom: ratio=0.291656, std dev=0.018171m|0.005746rad, update time=0.155657s delay=0.276806s
[INFO] [1771003479.678795535] [icp_odometry]: Odom: ratio=0.293811, std dev=0.018716m|0.005919rad, update time=0.119507s delay=0.238168s
[INFO] [1771003479.879976362] [icp_odometry]: Odom: ratio=0.289745, std dev=0.018427m|0.005827rad, update time=0.119071s delay=0.239245s
[INFO] [1771003480.076940818] [icp_odometry]: Odom: ratio=0.290011, std dev=0.018071m|0.005714rad, update time=0.113769s delay=0.236252s
[INFO] [1771003480.299271118] [icp_odometry]: Odom: ratio=0.294033, std dev=0.018017m|0.005697rad, update time=0.136453s delay=0.258871s
[INFO] [1771003480.497931345] [icp_odometry]: Odom: ratio=0.291836, std dev=0.017971m|0.005683rad, update time=0.141080s delay=0.257299s
[INFO] [1771003480.701090706] [icp_odometry]: Odom: ratio=0.296621, std dev=0.018452m|0.005835rad, update time=0.142682s delay=0.260487s
[INFO] [1771003480.891690460] [icp_odometry]: Odom: ratio=0.297305, std dev=0.018416m|0.005824rad, update time=0.134337s delay=0.251219s
[INFO] [1771003481.081820535] [icp_odometry]: Odom: ratio=0.294424, std dev=0.018248m|0.005771rad, update time=0.121286s delay=0.241230s
[INFO] [1771003481.279551098] [icp_odometry]: Odom: ratio=0.297620, std dev=0.018186m|0.005751rad, update time=0.113993s delay=0.239282s
[INFO] [1771003481.482320845] [icp_odometry]: Odom: ratio=0.294060, std dev=0.018023m|0.005699rad, update time=0.124257s delay=0.241680s
[INFO] [1771003481.713984813] [icp_odometry]: Odom: ratio=0.292001, std dev=0.018084m|0.005719rad, update time=0.152482s delay=0.273453s
[INFO] [1771003481.870683292] [icp_odometry]: Odom: ratio=0.292348, std dev=0.018151m|0.005740rad, update time=0.108425s delay=0.230185s
[INFO] [1771003482.078298167] [icp_odometry]: Odom: ratio=0.294477, std dev=0.018497m|0.005849rad, update time=0.116399s delay=0.236603s
[INFO] [1771003482.305861289] [icp_odometry]: Odom: ratio=0.294516, std dev=0.018428m|0.005827rad, update time=0.138204s delay=0.265264s
[INFO] [1771003482.515537324] [icp_odometry]: Odom: ratio=0.291348, std dev=0.018006m|0.005694rad, update time=0.149656s delay=0.274933s
[INFO] [1771003482.676930910] [icp_odometry]: Odom: ratio=0.295104, std dev=0.018265m|0.005776rad, update time=0.116495s delay=0.236341s
[INFO] [1771003482.874920586] [icp_odometry]: Odom: ratio=0.293665, std dev=0.018058m|0.005711rad, update time=0.116539s delay=0.234598s
[INFO] [1771003483.101294354] [icp_odometry]: Odom: ratio=0.293746, std dev=0.018373m|0.005810rad, update time=0.136869s delay=0.260603s
[INFO] [1771003483.269261673] [icp_odometry]: Odom: ratio=0.291303, std dev=0.018106m|0.005726rad, update time=0.111755s delay=0.228543s
[INFO] [1771003483.485263336] [icp_odometry]: Odom: ratio=0.292770, std dev=0.018337m|0.005799rad, update time=0.120573s delay=0.244696s
[INFO] [1771003483.693655199] [icp_odometry]: Odom: ratio=0.294589, std dev=0.018332m|0.005797rad, update time=0.132260s delay=0.253019s
[INFO] [1771003483.895559603] [icp_odometry]: Odom: ratio=0.291762, std dev=0.018023m|0.005699rad, update time=0.136019s delay=0.254875s
[INFO] [1771003484.078583894] [icp_odometry]: Odom: ratio=0.294014, std dev=0.018298m|0.005786rad, update time=0.121234s delay=0.238059s
[INFO] [1771003484.288583685] [icp_odometry]: Odom: ratio=0.287951, std dev=0.018253m|0.005772rad, update time=0.128415s delay=0.247961s
[INFO] [1771003484.487335563] [icp_odometry]: Odom: ratio=0.294830, std dev=0.018375m|0.005811rad, update time=0.123470s delay=0.246650s
[INFO] [1771003484.704391791] [icp_odometry]: Odom: ratio=0.295742, std dev=0.018116m|0.005729rad, update time=0.144065s delay=0.263936s
[INFO] [1771003484.905128347] [icp_odometry]: Odom: ratio=0.291866, std dev=0.017990m|0.005689rad, update time=0.142916s delay=0.264502s
[INFO] [1771003485.082048362] [icp_odometry]: Odom: ratio=0.287486, std dev=0.018060m|0.005711rad, update time=0.126120s delay=0.241416s
[INFO] [1771003485.278617892] [icp_odometry]: Odom: ratio=0.292067, std dev=0.018270m|0.005777rad, update time=0.114657s delay=0.237992s
[INFO] [1771003485.489986210] [icp_odometry]: Odom: ratio=0.288635, std dev=0.018008m|0.005695rad, update time=0.132023s delay=0.249295s
[INFO] [1771003485.688134740] [icp_odometry]: Odom: ratio=0.295434, std dev=0.017977m|0.005685rad, update time=0.130554s delay=0.247372s
[INFO] [1771003485.889496021] [icp_odometry]: Odom: ratio=0.293736, std dev=0.018145m|0.005738rad, update time=0.128657s delay=0.248847s
[INFO] [1771003486.086647524] [icp_odometry]: Odom: ratio=0.292397, std dev=0.018203m|0.005756rad, update time=0.129923s delay=0.246040s
[INFO] [1771003486.268373402] [icp_odometry]: Odom: ratio=0.292413, std dev=0.017956m|0.005678rad, update time=0.107951s delay=0.227725s
[INFO] [1771003486.490665269] [icp_odometry]: Odom: ratio=0.294144, std dev=0.018202m|0.005756rad, update time=0.124934s delay=0.249959s
[INFO] [1771003486.681046488] [icp_odometry]: Odom: ratio=0.292533, std dev=0.018297m|0.005786rad, update time=0.122995s delay=0.240772s
[INFO] [1771003486.886263008] [icp_odometry]: Odom: ratio=0.290006, std dev=0.018347m|0.005802rad, update time=0.126763s delay=0.245641s
[INFO] [1771003487.102167195] [icp_odometry]: Odom: ratio=0.293622, std dev=0.018231m|0.005765rad, update time=0.137754s delay=0.260580s
[INFO] [1771003487.290988488] [icp_odometry]: Odom: ratio=0.290171, std dev=0.018247m|0.005770rad, update time=0.135228s delay=0.250458s
[INFO] [1771003487.489565097] [icp_odometry]: Odom: ratio=0.289739, std dev=0.017843m|0.005643rad, update time=0.129432s delay=0.249053s
[INFO] [1771003487.697485167] [icp_odometry]: Odom: ratio=0.294335, std dev=0.018567m|0.005871rad, update time=0.136267s delay=0.257073s
[INFO] [1771003487.874777738] [icp_odometry]: Odom: ratio=0.292773, std dev=0.018383m|0.005813rad, update time=0.114910s delay=0.234318s
[INFO] [1771003488.090290265] [icp_odometry]: Odom: ratio=0.295244, std dev=0.018096m|0.005722rad, update time=0.125649s delay=0.249746s
[INFO] [1771003488.286368738] [icp_odometry]: Odom: ratio=0.293489, std dev=0.018491m|0.005847rad, update time=0.121056s delay=0.245742s
[INFO] [1771003488.495131973] [icp_odometry]: Odom: ratio=0.294028, std dev=0.018290m|0.005784rad, update time=0.138973s delay=0.254544s
[INFO] [1771003488.698579952] [icp_odometry]: Odom: ratio=0.293572, std dev=0.018339m|0.005799rad, update time=0.132513s delay=0.258115s
[INFO] [1771003488.884353650] [icp_odometry]: Odom: ratio=0.296410, std dev=0.018222m|0.005762rad, update time=0.114610s delay=0.243711s
[INFO] [1771003489.115198390] [icp_odometry]: Odom: ratio=0.293989, std dev=0.018089m|0.005720rad, update time=0.151151s delay=0.274486s
[INFO] [1771003489.280353835] [icp_odometry]: Odom: ratio=0.287443, std dev=0.018020m|0.005699rad, update time=0.121878s delay=0.240024s
[INFO] [1771003489.486802974] [icp_odometry]: Odom: ratio=0.289985, std dev=0.018257m|0.005773rad, update time=0.124603s delay=0.246233s
[INFO] [1771003489.680557975] [icp_odometry]: Odom: ratio=0.289488, std dev=0.018292m|0.005784rad, update time=0.120974s delay=0.240022s
[INFO] [1771003489.899768166] [icp_odometry]: Odom: ratio=0.292209, std dev=0.018201m|0.005756rad, update time=0.139361s delay=0.259239s
[INFO] [1771003490.085623275] [icp_odometry]: Odom: ratio=0.290931, std dev=0.017702m|0.005598rad, update time=0.123596s delay=0.245264s
[INFO] [1771003490.294995140] [icp_odometry]: Odom: ratio=0.292937, std dev=0.018451m|0.005835rad, update time=0.133046s delay=0.254414s
[INFO] [1771003490.508290789] [icp_odometry]: Odom: ratio=0.292905, std dev=0.018032m|0.005702rad, update time=0.146947s delay=0.267723s
[INFO] [1771003490.678582477] [icp_odometry]: Odom: ratio=0.295811, std dev=0.018253m|0.005772rad, update time=0.116088s delay=0.237985s
[INFO] [1771003490.876416852] [icp_odometry]: Odom: ratio=0.297959, std dev=0.018283m|0.005781rad, update time=0.119797s delay=0.235957s
[INFO] [1771003491.084109841] [icp_odometry]: Odom: ratio=0.296923, std dev=0.018498m|0.005850rad, update time=0.120224s delay=0.243484s
[INFO] [1771003491.293607118] [icp_odometry]: Odom: ratio=0.293692, std dev=0.018242m|0.005769rad, update time=0.131683s delay=0.253025s
[INFO] [1771003491.493083182] [icp_odometry]: Odom: ratio=0.299305, std dev=0.018166m|0.005745rad, update time=0.132672s delay=0.252528s
[INFO] [1771003491.684362321] [icp_odometry]: Odom: ratio=0.293994, std dev=0.018143m|0.005737rad, update time=0.121620s delay=0.243923s
[INFO] [1771003491.872036854] [icp_odometry]: Odom: ratio=0.291690, std dev=0.018400m|0.005819rad, update time=0.111653s delay=0.231346s
[INFO] [1771003492.089190845] [icp_odometry]: Odom: ratio=0.294779, std dev=0.018114m|0.005728rad, update time=0.126027s delay=0.248547s
[INFO] [1771003492.311033864] [icp_odometry]: Odom: ratio=0.293727, std dev=0.018248m|0.005771rad, update time=0.149930s delay=0.270332s
[INFO] [1771003492.483017930] [icp_odometry]: Odom: ratio=0.288703, std dev=0.017837m|0.005640rad, update time=0.123124s delay=0.242696s
[INFO] [1771003492.684756825] [icp_odometry]: Odom: ratio=0.293026, std dev=0.018240m|0.005768rad, update time=0.121027s delay=0.244145s
[INFO] [1771003492.886012631] [icp_odometry]: Odom: ratio=0.293688, std dev=0.018117m|0.005729rad, update time=0.126214s delay=0.245712s
[INFO] [1771003493.100526370] [icp_odometry]: Odom: ratio=0.296662, std dev=0.018261m|0.005775rad, update time=0.138157s delay=0.259842s
[INFO] [1771003493.286348103] [icp_odometry]: Odom: ratio=0.297037, std dev=0.018325m|0.005795rad, update time=0.126923s delay=0.245761s
[INFO] [1771003493.492287624] [icp_odometry]: Odom: ratio=0.294567, std dev=0.018069m|0.005714rad, update time=0.130244s delay=0.251713s
[INFO] [1771003493.679845033] [icp_odometry]: Odom: ratio=0.293700, std dev=0.018290m|0.005784rad, update time=0.117249s delay=0.239103s
[INFO] [1771003493.880432079] [icp_odometry]: Odom: ratio=0.291135, std dev=0.018059m|0.005711rad, update time=0.116987s delay=0.239563s
[INFO] [1771003494.086557847] [icp_odometry]: Odom: ratio=0.292692, std dev=0.017926m|0.005669rad, update time=0.124095s delay=0.245968s
[INFO] [1771003494.295776810] [icp_odometry]: Odom: ratio=0.289399, std dev=0.018219m|0.005761rad, update time=0.131241s delay=0.255101s
[INFO] [1771003494.491908117] [icp_odometry]: Odom: ratio=0.288382, std dev=0.018260m|0.005774rad, update time=0.132249s delay=0.251356s
[INFO] [1771003494.683406015] [icp_odometry]: Odom: ratio=0.293609, std dev=0.018429m|0.005828rad, update time=0.121939s delay=0.242738s
[INFO] [1771003494.878396099] [icp_odometry]: Odom: ratio=0.291048, std dev=0.018217m|0.005761rad, update time=0.117696s delay=0.237787s
[INFO] [1771003495.086646516] [icp_odometry]: Odom: ratio=0.288206, std dev=0.018112m|0.005727rad, update time=0.125711s delay=0.246290s
[INFO] [1771003495.289824533] [icp_odometry]: Odom: ratio=0.289283, std dev=0.017978m|0.005685rad, update time=0.131398s delay=0.249271s
[INFO] [1771003495.472870073] [icp_odometry]: Odom: ratio=0.290484, std dev=0.017876m|0.005653rad, update time=0.116874s delay=0.232142s
[INFO] [1771003495.681301073] [icp_odometry]: Odom: ratio=0.293205, std dev=0.017794m|0.005627rad, update time=0.120391s delay=0.240988s
[INFO] [1771003495.905669459] [icp_odometry]: Odom: ratio=0.292245, std dev=0.017932m|0.005671rad, update time=0.142891s delay=0.265013s
[INFO] [1771003496.089861855] [icp_odometry]: Odom: ratio=0.293736, std dev=0.017983m|0.005687rad, update time=0.133797s delay=0.249229s
[INFO] [1771003496.283208842] [icp_odometry]: Odom: ratio=0.295770, std dev=0.018082m|0.005718rad, update time=0.123685s delay=0.242503s
[INFO] [1771003496.493763531] [icp_odometry]: Odom: ratio=0.294534, std dev=0.018088m|0.005720rad, update time=0.131094s delay=0.253182s
[INFO] [1771003496.689460968] [icp_odometry]: Odom: ratio=0.290489, std dev=0.018120m|0.005730rad, update time=0.129334s delay=0.248774s
[INFO] [1771003496.901904715] [icp_odometry]: Odom: ratio=0.286715, std dev=0.018188m|0.005752rad, update time=0.141793s delay=0.261511s
[INFO] [1771003497.083010731] [icp_odometry]: Odom: ratio=0.297726, std dev=0.018085m|0.005719rad, update time=0.125721s delay=0.241447s
[INFO] [1771003497.281364324] [icp_odometry]: Odom: ratio=0.291865, std dev=0.018308m|0.005789rad, update time=0.119442s delay=0.241034s
[INFO] [1771003497.483519777] [icp_odometry]: Odom: ratio=0.292501, std dev=0.017788m|0.005625rad, update time=0.124306s delay=0.242938s
[INFO] [1771003497.688223543] [icp_odometry]: Odom: ratio=0.291849, std dev=0.017930m|0.005670rad, update time=0.123349s delay=0.247528s
[INFO] [1771003497.897373576] [icp_odometry]: Odom: ratio=0.290250, std dev=0.018042m|0.005705rad, update time=0.136219s delay=0.256629s
[INFO] [1771003498.099513700] [icp_odometry]: Odom: ratio=0.295453, std dev=0.018350m|0.005803rad, update time=0.140707s delay=0.259160s
[INFO] [1771003498.285642420] [icp_odometry]: Odom: ratio=0.299688, std dev=0.018325m|0.005795rad, update time=0.126136s delay=0.245327s
[INFO] [1771003498.490985280] [icp_odometry]: Odom: ratio=0.291733, std dev=0.018100m|0.005724rad, update time=0.131294s delay=0.250641s
[INFO] [1771003498.687233519] [icp_odometry]: Odom: ratio=0.292492, std dev=0.018554m|0.005867rad, update time=0.124624s delay=0.246662s
[INFO] [1771003498.887512875] [icp_odometry]: Odom: ratio=0.292355, std dev=0.017929m|0.005670rad, update time=0.126743s delay=0.246868s
[INFO] [1771003499.095111590] [icp_odometry]: Odom: ratio=0.293791, std dev=0.017883m|0.005655rad, update time=0.130666s delay=0.254415s
[INFO] [1771003499.299243176] [icp_odometry]: Odom: ratio=0.288048, std dev=0.018039m|0.005704rad, update time=0.137347s delay=0.257551s
[INFO] [1771003499.513496586] [icp_odometry]: Odom: ratio=0.286489, std dev=0.017935m|0.005671rad, update time=0.153884s delay=0.273146s
[INFO] [1771003499.692969426] [icp_odometry]: Odom: ratio=0.292060, std dev=0.018167m|0.005745rad, update time=0.131688s delay=0.252370s
[INFO] [1771003499.893240461] [icp_odometry]: Odom: ratio=0.293168, std dev=0.018155m|0.005741rad, update time=0.129365s delay=0.252931s
[INFO] [1771003500.088149390] [icp_odometry]: Odom: ratio=0.285832, std dev=0.018375m|0.005811rad, update time=0.130166s delay=0.247569s
[INFO] [1771003500.293275667] [icp_odometry]: Odom: ratio=0.287219, std dev=0.017882m|0.005655rad, update time=0.131226s delay=0.252894s
[INFO] [1771003500.486468248] [icp_odometry]: Odom: ratio=0.294953, std dev=0.018141m|0.005737rad, update time=0.126301s delay=0.245617s
[INFO] [1771003500.679869924] [icp_odometry]: Odom: ratio=0.291727, std dev=0.017706m|0.005599rad, update time=0.120669s delay=0.239206s
[INFO] [1771003500.899782348] [icp_odometry]: Odom: ratio=0.295693, std dev=0.018126m|0.005732rad, update time=0.137067s delay=0.259153s
[INFO] [1771003501.098400654] [icp_odometry]: Odom: ratio=0.292979, std dev=0.018260m|0.005774rad, update time=0.135478s delay=0.258013s
[INFO] [1771003501.284517853] [icp_odometry]: Odom: ratio=0.293474, std dev=0.018150m|0.005739rad, update time=0.121946s delay=0.243919s
[INFO] [1771003501.477189488] [icp_odometry]: Odom: ratio=0.297863, std dev=0.018234m|0.005766rad, update time=0.120324s delay=0.236887s
[INFO] [1771003501.723001468] [icp_odometry]: Odom: ratio=0.292887, std dev=0.018133m|0.005734rad, update time=0.164090s delay=0.282681s
[INFO] [1771003501.891254654] [icp_odometry]: Odom: ratio=0.287406, std dev=0.018281m|0.005781rad, update time=0.132211s delay=0.250568s
[INFO] [1771003502.084030292] [icp_odometry]: Odom: ratio=0.293897, std dev=0.018270m|0.005777rad, update time=0.119869s delay=0.243420s
[INFO] [1771003502.300514468] [icp_odometry]: Odom: ratio=0.292197, std dev=0.018177m|0.005748rad, update time=0.135697s delay=0.259894s
[INFO] [1771003502.482784653] [icp_odometry]: Odom: ratio=0.295557, std dev=0.018108m|0.005726rad, update time=0.126150s delay=0.242454s
[INFO] [1771003502.690769173] [icp_odometry]: Odom: ratio=0.291773, std dev=0.018040m|0.005705rad, update time=0.133994s delay=0.250405s
[INFO] [1771003502.882502184] [icp_odometry]: Odom: ratio=0.291953, std dev=0.018519m|0.005856rad, update time=0.121264s delay=0.242059s
[INFO] [1771003503.080328238] [icp_odometry]: Odom: ratio=0.291467, std dev=0.018401m|0.005819rad, update time=0.116131s delay=0.239653s
[INFO] [1771003503.301002064] [icp_odometry]: Odom: ratio=0.294347, std dev=0.018299m|0.005787rad, update time=0.137129s delay=0.260638s
[INFO] [1771003503.497122395] [icp_odometry]: Odom: ratio=0.292339, std dev=0.018466m|0.005840rad, update time=0.135444s delay=0.256850s
[INFO] [1771003503.672886017] [icp_odometry]: Odom: ratio=0.292373, std dev=0.018382m|0.005813rad, update time=0.112976s delay=0.232190s
[INFO] [1771003503.919432968] [icp_odometry]: Odom: ratio=0.292648, std dev=0.017923m|0.005668rad, update time=0.156176s delay=0.279079s
[INFO] [1771003504.079445994] [icp_odometry]: Odom: ratio=0.296563, std dev=0.017972m|0.005683rad, update time=0.123354s delay=0.239224s
[INFO] [1771003504.300853189] [icp_odometry]: Odom: ratio=0.295060, std dev=0.017932m|0.005670rad, update time=0.138329s delay=0.260552s
[INFO] [1771003504.496408381] [icp_odometry]: Odom: ratio=0.292094, std dev=0.018212m|0.005759rad, update time=0.138017s delay=0.255637s
[INFO] [1771003504.682247138] [icp_odometry]: Odom: ratio=0.292995, std dev=0.018272m|0.005778rad, update time=0.123136s delay=0.241905s
[INFO] [1771003504.873783469] [icp_odometry]: Odom: ratio=0.289837, std dev=0.018208m|0.005758rad, update time=0.115891s delay=0.233340s
[INFO] [1771003505.108957608] [icp_odometry]: Odom: ratio=0.285021, std dev=0.017883m|0.005655rad, update time=0.145595s delay=0.268276s
[INFO] [1771003505.289785631] [icp_odometry]: Odom: ratio=0.289688, std dev=0.017809m|0.005632rad, update time=0.132534s delay=0.249078s
[INFO] [1771003505.482628536] [icp_odometry]: Odom: ratio=0.294720, std dev=0.018500m|0.005850rad, update time=0.121856s delay=0.242290s
[INFO] [1771003505.691645700] [icp_odometry]: Odom: ratio=0.292145, std dev=0.018108m|0.005726rad, update time=0.130070s delay=0.251228s
[INFO] [1771003505.885125491] [icp_odometry]: Odom: ratio=0.295040, std dev=0.018195m|0.005754rad, update time=0.121923s delay=0.244775s
[INFO] [1771003506.115586665] [icp_odometry]: Odom: ratio=0.296126, std dev=0.018239m|0.005768rad, update time=0.151657s delay=0.274909s
[INFO] [1771003506.297928181] [icp_odometry]: Odom: ratio=0.294682, std dev=0.018292m|0.005784rad, update time=0.137951s delay=0.257692s
[INFO] [1771003506.471241222] [icp_odometry]: Odom: ratio=0.294144, std dev=0.018107m|0.005726rad, update time=0.112028s delay=0.230784s
[INFO] [1771003506.673156123] [icp_odometry]: Odom: ratio=0.292349, std dev=0.018150m|0.005739rad, update time=0.109081s delay=0.232726s
[INFO] [1771003506.868921241] [icp_odometry]: Odom: ratio=0.291215, std dev=0.018348m|0.005802rad, update time=0.108773s delay=0.228595s
[INFO] [1771003507.091478845] [icp_odometry]: Odom: ratio=0.294857, std dev=0.018222m|0.005762rad, update time=0.124682s delay=0.251102s
[INFO] [1771003507.280533554] [icp_odometry]: Odom: ratio=0.295160, std dev=0.018138m|0.005736rad, update time=0.122179s delay=0.240151s
[INFO] [1771003507.473382027] [icp_odometry]: Odom: ratio=0.293615, std dev=0.018101m|0.005724rad, update time=0.113366s delay=0.233031s
[INFO] [1771003507.709844755] [icp_odometry]: Odom: ratio=0.292506, std dev=0.017851m|0.005645rad, update time=0.144531s delay=0.269164s
[INFO] [1771003507.894792089] [icp_odometry]: Odom: ratio=0.292101, std dev=0.018390m|0.005815rad, update time=0.136538s delay=0.254569s
[INFO] [1771003508.084656234] [icp_odometry]: Odom: ratio=0.293460, std dev=0.018121m|0.005730rad, update time=0.126119s delay=0.244296s
[INFO] [1771003508.276931727] [icp_odometry]: Odom: ratio=0.292597, std dev=0.018270m|0.005777rad, update time=0.116762s delay=0.236262s
[INFO] [1771003508.482427073] [icp_odometry]: Odom: ratio=0.293250, std dev=0.018062m|0.005712rad, update time=0.120093s delay=0.241643s
[INFO] [1771003508.688402339] [icp_odometry]: Odom: ratio=0.292935, std dev=0.018101m|0.005724rad, update time=0.126985s delay=0.248042s
[INFO] [1771003508.898354159] [icp_odometry]: Odom: ratio=0.293310, std dev=0.017734m|0.005608rad, update time=0.132296s delay=0.257934s
[INFO] [1771003509.071560285] [icp_odometry]: Odom: ratio=0.294335, std dev=0.018221m|0.005762rad, update time=0.112706s delay=0.230832s
[INFO] [1771003509.282348775] [icp_odometry]: Odom: ratio=0.293338, std dev=0.018083m|0.005718rad, update time=0.117483s delay=0.242003s
[INFO] [1771003509.473329983] [icp_odometry]: Odom: ratio=0.289627, std dev=0.018214m|0.005760rad, update time=0.109082s delay=0.232902s
[INFO] [1771003509.671390061] [icp_odometry]: Odom: ratio=0.291961, std dev=0.018078m|0.005717rad, update time=0.107500s delay=0.230802s
[INFO] [1771003509.883989622] [icp_odometry]: Odom: ratio=0.291347, std dev=0.018535m|0.005861rad, update time=0.119288s delay=0.243761s
[INFO] [1771003510.085580256] [icp_odometry]: Odom: ratio=0.290735, std dev=0.018345m|0.005801rad, update time=0.125119s delay=0.245204s
[INFO] [1771003510.296913244] [icp_odometry]: Odom: ratio=0.290907, std dev=0.017916m|0.005666rad, update time=0.134499s delay=0.256530s
[INFO] [1771003510.490732503] [icp_odometry]: Odom: ratio=0.290846, std dev=0.018231m|0.005765rad, update time=0.130873s delay=0.250502s
[INFO] [1771003510.694863513] [icp_odometry]: Odom: ratio=0.289662, std dev=0.017948m|0.005676rad, update time=0.131889s delay=0.254304s
[INFO] [1771003510.876701907] [icp_odometry]: Odom: ratio=0.298840, std dev=0.017897m|0.005660rad, update time=0.116527s delay=0.236258s
[INFO] [1771003511.095037475] [icp_odometry]: Odom: ratio=0.295329, std dev=0.018271m|0.005778rad, update time=0.130891s delay=0.254696s
[INFO] [1771003511.290318929] [icp_odometry]: Odom: ratio=0.294298, std dev=0.018127m|0.005732rad, update time=0.130117s delay=0.250001s
[INFO] [1771003511.488977813] [icp_odometry]: Odom: ratio=0.293719, std dev=0.017853m|0.005646rad, update time=0.132009s delay=0.248262s
[INFO] [1771003511.690466523] [icp_odometry]: Odom: ratio=0.293589, std dev=0.017817m|0.005634rad, update time=0.132039s delay=0.250218s
[INFO] [1771003511.903381710] [icp_odometry]: Odom: ratio=0.287521, std dev=0.018135m|0.005735rad, update time=0.137865s delay=0.263118s
[INFO] [1771003512.100844808] [icp_odometry]: Odom: ratio=0.290305, std dev=0.018365m|0.005807rad, update time=0.137055s delay=0.260464s
[INFO] [1771003512.280240781] [icp_odometry]: Odom: ratio=0.296175, std dev=0.018145m|0.005738rad, update time=0.121067s delay=0.239994s
[INFO] [1771003512.505998720] [icp_odometry]: Odom: ratio=0.291721, std dev=0.017966m|0.005681rad, update time=0.138965s delay=0.265677s
[INFO] [1771003512.695246748] [icp_odometry]: Odom: ratio=0.293623, std dev=0.017963m|0.005680rad, update time=0.134783s delay=0.254898s
[INFO] [1771003512.893819036] [icp_odometry]: Odom: ratio=0.293176, std dev=0.018272m|0.005778rad, update time=0.129991s delay=0.253496s
[INFO] [1771003513.097953694] [icp_odometry]: Odom: ratio=0.294939, std dev=0.018281m|0.005781rad, update time=0.134088s delay=0.257681s
[INFO] [1771003513.296840202] [icp_odometry]: Odom: ratio=0.295842, std dev=0.018260m|0.005774rad, update time=0.130739s delay=0.256478s
[INFO] [1771003513.509279853] [icp_odometry]: Odom: ratio=0.293114, std dev=0.018051m|0.005708rad, update time=0.148893s delay=0.268815s
[INFO] [1771003513.690386605] [icp_odometry]: Odom: ratio=0.292536, std dev=0.017921m|0.005667rad, update time=0.134487s delay=0.250045s
[INFO] [1771003513.891318368] [icp_odometry]: Odom: ratio=0.290829, std dev=0.018424m|0.005826rad, update time=0.129322s delay=0.250972s
[INFO] [1771003514.086594958] [icp_odometry]: Odom: ratio=0.294258, std dev=0.018073m|0.005715rad, update time=0.123701s delay=0.246201s
[INFO] [1771003514.314257155] [icp_odometry]: Odom: ratio=0.288386, std dev=0.018054m|0.005709rad, update time=0.149489s delay=0.273858s
[INFO] [1771003514.500339636] [icp_odometry]: Odom: ratio=0.291180, std dev=0.018171m|0.005746rad, update time=0.143734s delay=0.259997s
[INFO] [1771003514.695940073] [icp_odometry]: Odom: ratio=0.294212, std dev=0.018232m|0.005765rad, update time=0.132718s delay=0.255567s
[INFO] [1771003514.877757219] [icp_odometry]: Odom: ratio=0.290611, std dev=0.018461m|0.005838rad, update time=0.116329s delay=0.236999s
[INFO] [1771003515.079648176] [icp_odometry]: Odom: ratio=0.291728, std dev=0.018435m|0.005830rad, update time=0.118676s delay=0.239307s
[INFO] [1771003515.289642581] [icp_odometry]: Odom: ratio=0.289493, std dev=0.018160m|0.005743rad, update time=0.128242s delay=0.249157s
[INFO] [1771003515.504682632] [icp_odometry]: Odom: ratio=0.290966, std dev=0.017976m|0.005685rad, update time=0.139530s delay=0.264237s
[INFO] [1771003515.695362131] [icp_odometry]: Odom: ratio=0.291323, std dev=0.018039m|0.005704rad, update time=0.134565s delay=0.255050s
[INFO] [1771003515.900889438] [icp_odometry]: Odom: ratio=0.293892, std dev=0.018088m|0.005720rad, update time=0.137011s delay=0.260440s
[INFO] [1771003516.090928691] [icp_odometry]: Odom: ratio=0.294478, std dev=0.018149m|0.005739rad, update time=0.130237s delay=0.250540s
[INFO] [1771003516.283439742] [icp_odometry]: Odom: ratio=0.295340, std dev=0.018163m|0.005744rad, update time=0.124035s delay=0.243130s
[INFO] [1771003516.477922316] [icp_odometry]: Odom: ratio=0.293214, std dev=0.018019m|0.005698rad, update time=0.113954s delay=0.237547s
[INFO] [1771003516.688277053] [icp_odometry]: Odom: ratio=0.290414, std dev=0.018260m|0.005774rad, update time=0.127112s delay=0.247770s
[INFO] [1771003516.898607598] [icp_odometry]: Odom: ratio=0.291655, std dev=0.018341m|0.005800rad, update time=0.140453s delay=0.258381s
[INFO] [1771003517.098762048] [icp_odometry]: Odom: ratio=0.293320, std dev=0.018025m|0.005700rad, update time=0.139988s delay=0.258451s
[INFO] [1771003517.325017237] [icp_odometry]: Odom: ratio=0.288671, std dev=0.018345m|0.005801rad, update time=0.161942s delay=0.284653s
[INFO] [1771003517.498952543] [icp_odometry]: Odom: ratio=0.288727, std dev=0.018303m|0.005788rad, update time=0.139640s delay=0.258520s
[INFO] [1771003517.696723487] [icp_odometry]: Odom: ratio=0.290968, std dev=0.018135m|0.005735rad, update time=0.134563s delay=0.256489s
[INFO] [1771003517.891098281] [icp_odometry]: Odom: ratio=0.296286, std dev=0.018134m|0.005735rad, update time=0.130691s delay=0.250810s
[INFO] [1771003518.071480082] [icp_odometry]: Odom: ratio=0.289161, std dev=0.017948m|0.005676rad, update time=0.111770s delay=0.231128s
[INFO] [1771003518.282636607] [icp_odometry]: Odom: ratio=0.294659, std dev=0.018250m|0.005771rad, update time=0.123468s delay=0.242412s
[INFO] [1771003518.497488555] [icp_odometry]: Odom: ratio=0.290618, std dev=0.018286m|0.005783rad, update time=0.131360s delay=0.256788s
[INFO] [1771003518.684519321] [icp_odometry]: Odom: ratio=0.291465, std dev=0.018111m|0.005727rad, update time=0.123339s delay=0.244054s
[INFO] [1771003518.878414291] [icp_odometry]: Odom: ratio=0.292780, std dev=0.018474m|0.005842rad, update time=0.118496s delay=0.237907s
[INFO] [1771003519.073870434] [icp_odometry]: Odom: ratio=0.294133, std dev=0.017994m|0.005690rad, update time=0.108485s delay=0.233539s
[INFO] [1771003519.293513972] [icp_odometry]: Odom: ratio=0.291248, std dev=0.017967m|0.005682rad, update time=0.127982s delay=0.253117s
[INFO] [1771003519.498824535] [icp_odometry]: Odom: ratio=0.291116, std dev=0.018089m|0.005720rad, update time=0.131014s delay=0.258337s
[INFO] [1771003519.679823797] [icp_odometry]: Odom: ratio=0.291726, std dev=0.018322m|0.005794rad, update time=0.120720s delay=0.239318s
[INFO] [1771003519.897344061] [icp_odometry]: Odom: ratio=0.294902, std dev=0.018341m|0.005800rad, update time=0.132176s delay=0.257082s
[INFO] [1771003520.113416660] [icp_odometry]: Odom: ratio=0.292546, std dev=0.017979m|0.005685rad, update time=0.150416s delay=0.273047s
[INFO] [1771003520.277829110] [icp_odometry]: Odom: ratio=0.287187, std dev=0.017764m|0.005618rad, update time=0.121479s delay=0.237480s
[INFO] [1771003520.486455531] [icp_odometry]: Odom: ratio=0.290679, std dev=0.018115m|0.005728rad, update time=0.120278s delay=0.246127s
[INFO] [1771003520.693489066] [icp_odometry]: Odom: ratio=0.291278, std dev=0.018137m|0.005735rad, update time=0.130198s delay=0.253094s
[INFO] [1771003520.893469558] [icp_odometry]: Odom: ratio=0.295434, std dev=0.018254m|0.005772rad, update time=0.129465s delay=0.253081s
[INFO] [1771003521.069273345] [icp_odometry]: Odom: ratio=0.294214, std dev=0.018070m|0.005714rad, update time=0.110060s delay=0.228706s
[INFO] [1771003521.298057133] [icp_odometry]: Odom: ratio=0.295764, std dev=0.018376m|0.005811rad, update time=0.133790s delay=0.257660s
[INFO] [1771003521.508594757] [icp_odometry]: Odom: ratio=0.293965, std dev=0.018040m|0.005705rad, update time=0.140368s delay=0.268121s
[INFO] [1771003521.685990406] [icp_odometry]: Odom: ratio=0.293477, std dev=0.018336m|0.005798rad, update time=0.130099s delay=0.245637s
[INFO] [1771003521.886314814] [icp_odometry]: Odom: ratio=0.286876, std dev=0.018453m|0.005835rad, update time=0.125102s delay=0.245970s
[INFO] [1771003522.095648428] [icp_odometry]: Odom: ratio=0.291768, std dev=0.018255m|0.005773rad, update time=0.134059s delay=0.255173s
[INFO] [1771003522.276133080] [icp_odometry]: Odom: ratio=0.289488, std dev=0.018068m|0.005714rad, update time=0.113674s delay=0.235901s
[INFO] [1771003522.488160131] [icp_odometry]: Odom: ratio=0.289919, std dev=0.018257m|0.005773rad, update time=0.127700s delay=0.247687s
[INFO] [1771003522.683671349] [icp_odometry]: Odom: ratio=0.291304, std dev=0.017998m|0.005691rad, update time=0.123680s delay=0.243287s
[INFO] [1771003522.889841142] [icp_odometry]: Odom: ratio=0.291538, std dev=0.017773m|0.005620rad, update time=0.132820s delay=0.249542s
[INFO] [1771003523.076522199] [icp_odometry]: Odom: ratio=0.293206, std dev=0.018490m|0.005847rad, update time=0.116389s delay=0.236045s
[INFO] [1771003523.302660840] [icp_odometry]: Odom: ratio=0.293274, std dev=0.018288m|0.005783rad, update time=0.137376s delay=0.262132s
[INFO] [1771003523.479869187] [icp_odometry]: Odom: ratio=0.291285, std dev=0.018551m|0.005866rad, update time=0.123115s delay=0.239476s
[INFO] [1771003523.687530296] [icp_odometry]: Odom: ratio=0.292049, std dev=0.018388m|0.005815rad, update time=0.124576s delay=0.246865s
[INFO] [1771003523.894650970] [icp_odometry]: Odom: ratio=0.288703, std dev=0.017950m|0.005676rad, update time=0.133896s delay=0.254292s
[INFO] [1771003524.097738833] [icp_odometry]: Odom: ratio=0.294770, std dev=0.018160m|0.005743rad, update time=0.136730s delay=0.257179s
[INFO] [1771003524.289463136] [icp_odometry]: Odom: ratio=0.289925, std dev=0.018040m|0.005705rad, update time=0.127419s delay=0.249024s
[INFO] [1771003524.474929847] [icp_odometry]: Odom: ratio=0.288910, std dev=0.018261m|0.005775rad, update time=0.116170s delay=0.234502s
[INFO] [1771003524.696887001] [icp_odometry]: Odom: ratio=0.290026, std dev=0.018098m|0.005723rad, update time=0.136779s delay=0.256508s
[INFO] [1771003524.876037654] [icp_odometry]: Odom: ratio=0.293266, std dev=0.018323m|0.005794rad, update time=0.113499s delay=0.235540s
[INFO] [1771003525.091149548] [icp_odometry]: Odom: ratio=0.289359, std dev=0.018191m|0.005752rad, update time=0.127386s delay=0.250898s
[INFO] [1771003525.313427416] [icp_odometry]: Odom: ratio=0.286446, std dev=0.018176m|0.005748rad, update time=0.155556s delay=0.272943s
[INFO] [1771003525.474983800] [icp_odometry]: Odom: ratio=0.287991, std dev=0.018269m|0.005777rad, update time=0.118342s delay=0.234511s
[INFO] [1771003525.679949647] [icp_odometry]: Odom: ratio=0.290882, std dev=0.018370m|0.005809rad, update time=0.118869s delay=0.239434s
[INFO] [1771003525.902828080] [icp_odometry]: Odom: ratio=0.296063, std dev=0.018239m|0.005768rad, update time=0.137376s delay=0.262567s
[INFO] [1771003526.081207923] [icp_odometry]: Odom: ratio=0.296514, std dev=0.018285m|0.005782rad, update time=0.123217s delay=0.240948s
[INFO] [1771003526.285460754] [icp_odometry]: Odom: ratio=0.295389, std dev=0.018376m|0.005811rad, update time=0.127382s delay=0.245224s
[INFO] [1771003526.488987736] [icp_odometry]: Odom: ratio=0.296039, std dev=0.018158m|0.005742rad, update time=0.128367s delay=0.248629s
[INFO] [1771003526.691006058] [icp_odometry]: Odom: ratio=0.293639, std dev=0.017885m|0.005656rad, update time=0.127135s delay=0.250416s
[INFO] [1771003526.886491867] [icp_odometry]: Odom: ratio=0.289220, std dev=0.018347m|0.005802rad, update time=0.122974s delay=0.246000s
[INFO] [1771003527.093877158] [icp_odometry]: Odom: ratio=0.288745, std dev=0.018241m|0.005768rad, update time=0.127851s delay=0.253534s
[INFO] [1771003527.288837701] [icp_odometry]: Odom: ratio=0.293082, std dev=0.018159m|0.005742rad, update time=0.132814s delay=0.248526s
[INFO] [1771003527.497656418] [icp_odometry]: Odom: ratio=0.290459, std dev=0.017864m|0.005649rad, update time=0.126191s delay=0.257129s
[INFO] [1771003527.672786581] [icp_odometry]: Odom: ratio=0.290800, std dev=0.018255m|0.005773rad, update time=0.116885s delay=0.232320s
[INFO] [1771003527.898786561] [icp_odometry]: Odom: ratio=0.292623, std dev=0.017730m|0.005607rad, update time=0.136399s delay=0.258538s
[INFO] [1771003528.101041244] [icp_odometry]: Odom: ratio=0.293980, std dev=0.017923m|0.005668rad, update time=0.138095s delay=0.260736s
[INFO] [1771003528.298296585] [icp_odometry]: Odom: ratio=0.296535, std dev=0.017988m|0.005688rad, update time=0.132658s delay=0.258019s
[INFO] [1771003528.517910906] [icp_odometry]: Odom: ratio=0.296562, std dev=0.018087m|0.005720rad, update time=0.158167s delay=0.277588s
[INFO] [1771003528.691118571] [icp_odometry]: Odom: ratio=0.293232, std dev=0.017971m|0.005683rad, update time=0.130637s delay=0.250738s
[INFO] [1771003528.881752437] [icp_odometry]: Odom: ratio=0.289947, std dev=0.018250m|0.005771rad, update time=0.122711s delay=0.241238s
[INFO] [1771003529.087095673] [icp_odometry]: Odom: ratio=0.293044, std dev=0.018224m|0.005763rad, update time=0.126530s delay=0.246752s
[INFO] [1771003529.288342321] [icp_odometry]: Odom: ratio=0.291682, std dev=0.018131m|0.005734rad, update time=0.127767s delay=0.248117s
[INFO] [1771003529.488798637] [icp_odometry]: Odom: ratio=0.291909, std dev=0.018159m|0.005742rad, update time=0.130408s delay=0.248430s
[INFO] [1771003529.700177793] [icp_odometry]: Odom: ratio=0.294210, std dev=0.018499m|0.005850rad, update time=0.141898s delay=0.259918s
[INFO] [1771003529.891229242] [icp_odometry]: Odom: ratio=0.293491, std dev=0.018290m|0.005784rad, update time=0.129854s delay=0.250851s
[INFO] [1771003530.091848795] [icp_odometry]: Odom: ratio=0.295608, std dev=0.018327m|0.005795rad, update time=0.131680s delay=0.251514s
[INFO] [1771003530.289173452] [icp_odometry]: Odom: ratio=0.287744, std dev=0.018092m|0.005721rad, update time=0.131948s delay=0.248642s
[INFO] [1771003530.478661966] [icp_odometry]: Odom: ratio=0.292698, std dev=0.018094m|0.005722rad, update time=0.118487s delay=0.238070s
[INFO] [1771003530.676373803] [icp_odometry]: Odom: ratio=0.295733, std dev=0.018093m|0.005722rad, update time=0.116288s delay=0.236100s
[INFO] [1771003530.899764094] [icp_odometry]: Odom: ratio=0.295072, std dev=0.018191m|0.005752rad, update time=0.135613s delay=0.259409s
[INFO] [1771003531.103489099] [icp_odometry]: Odom: ratio=0.295917, std dev=0.018250m|0.005771rad, update time=0.141388s delay=0.263065s
[INFO] [1771003531.289687740] [icp_odometry]: Odom: ratio=0.296092, std dev=0.018270m|0.005777rad, update time=0.131376s delay=0.249294s
[INFO] [1771003531.506701426] [icp_odometry]: Odom: ratio=0.294133, std dev=0.018031m|0.005702rad, update time=0.145146s delay=0.266285s
[INFO] [1771003531.691389199] [icp_odometry]: Odom: ratio=0.294200, std dev=0.018188m|0.005752rad, update time=0.132921s delay=0.250991s
[INFO] [1771003531.896859928] [icp_odometry]: Odom: ratio=0.289583, std dev=0.018063m|0.005712rad, update time=0.136835s delay=0.256530s
[INFO] [1771003532.088819824] [icp_odometry]: Odom: ratio=0.285859, std dev=0.018024m|0.005700rad, update time=0.120473s delay=0.248420s
[INFO] [1771003532.290625242] [icp_odometry]: Odom: ratio=0.288309, std dev=0.018014m|0.005697rad, update time=0.124888s delay=0.250207s
[INFO] [1771003532.477378910] [icp_odometry]: Odom: ratio=0.290249, std dev=0.018274m|0.005779rad, update time=0.117507s delay=0.236964s
[INFO] [1771003532.699429219] [icp_odometry]: Odom: ratio=0.291170, std dev=0.017907m|0.005663rad, update time=0.135566s delay=0.259161s
[INFO] [1771003532.883695185] [icp_odometry]: Odom: ratio=0.291729, std dev=0.017786m|0.005625rad, update time=0.122012s delay=0.243300s
[INFO] [1771003533.102873586] [icp_odometry]: Odom: ratio=0.294345, std dev=0.018213m|0.005760rad, update time=0.138905s delay=0.262633s
[INFO] [1771003533.293875593] [icp_odometry]: Odom: ratio=0.295139, std dev=0.018295m|0.005785rad, update time=0.132281s delay=0.253511s
[INFO] [1771003533.475783174] [icp_odometry]: Odom: ratio=0.296658, std dev=0.018575m|0.005874rad, update time=0.118804s delay=0.235335s
[INFO] [1771003533.685807723] [icp_odometry]: Odom: ratio=0.292507, std dev=0.018035m|0.005703rad, update time=0.121710s delay=0.245567s
[INFO] [1771003533.883152156] [icp_odometry]: Odom: ratio=0.296260, std dev=0.018747m|0.005928rad, update time=0.123210s delay=0.242863s
[INFO] [1771003534.099210642] [icp_odometry]: Odom: ratio=0.293671, std dev=0.018267m|0.005776rad, update time=0.140299s delay=0.258809s
[INFO] [1771003534.286862005] [icp_odometry]: Odom: ratio=0.294186, std dev=0.018135m|0.005735rad, update time=0.128942s delay=0.246562s
[INFO] [1771003534.481604236] [icp_odometry]: Odom: ratio=0.296843, std dev=0.018037m|0.005704rad, update time=0.121328s delay=0.241364s
[INFO] [1771003534.672724391] [icp_odometry]: Odom: ratio=0.292810, std dev=0.018288m|0.005783rad, update time=0.110041s delay=0.232401s
[INFO] [1771003534.871038233] [icp_odometry]: Odom: ratio=0.291742, std dev=0.018501m|0.005851rad, update time=0.107473s delay=0.230555s
[INFO] [1771003535.093632080] [icp_odometry]: Odom: ratio=0.294242, std dev=0.017952m|0.005677rad, update time=0.129605s delay=0.253216s
[INFO] [1771003535.286676653] [icp_odometry]: Odom: ratio=0.290742, std dev=0.017848m|0.005644rad, update time=0.127440s delay=0.246312s
[INFO] [1771003535.500558744] [icp_odometry]: Odom: ratio=0.293369, std dev=0.017816m|0.005634rad, update time=0.142751s delay=0.260091s
[INFO] [1771003535.695506614] [icp_odometry]: Odom: ratio=0.291055, std dev=0.018052m|0.005709rad, update time=0.137238s delay=0.255167s
[INFO] [1771003535.888064354] [icp_odometry]: Odom: ratio=0.294886, std dev=0.017854m|0.005646rad, update time=0.127996s delay=0.247796s
[INFO] [1771003536.084055045] [icp_odometry]: Odom: ratio=0.295793, std dev=0.018245m|0.005769rad, update time=0.120960s delay=0.243519s
[INFO] [1771003536.292331950] [icp_odometry]: Odom: ratio=0.296648, std dev=0.018392m|0.005816rad, update time=0.131455s delay=0.251858s
[INFO] [1771003536.502404022] [icp_odometry]: Odom: ratio=0.294181, std dev=0.018177m|0.005748rad, update time=0.144339s delay=0.262051s
[INFO] [1771003536.682867553] [icp_odometry]: Odom: ratio=0.293736, std dev=0.018034m|0.005703rad, update time=0.123294s delay=0.242507s
[INFO] [1771003536.873828214] [icp_odometry]: Odom: ratio=0.290540, std dev=0.018206m|0.005757rad, update time=0.115697s delay=0.233414s
[INFO] [1771003537.094750803] [icp_odometry]: Odom: ratio=0.289457, std dev=0.018437m|0.005830rad, update time=0.133506s delay=0.254442s
[INFO] [1771003537.285719881] [icp_odometry]: Odom: ratio=0.288169, std dev=0.018239m|0.005768rad, update time=0.122926s delay=0.245321s
[INFO] [1771003537.488587416] [icp_odometry]: Odom: ratio=0.290756, std dev=0.017817m|0.005634rad, update time=0.128438s delay=0.248291s
[INFO] [1771003537.689405697] [icp_odometry]: Odom: ratio=0.288354, std dev=0.017943m|0.005674rad, update time=0.122543s delay=0.248998s
[INFO] [1771003537.900359591] [icp_odometry]: Odom: ratio=0.291800, std dev=0.017643m|0.005579rad, update time=0.134402s delay=0.260074s
[INFO] [1771003538.089785351] [icp_odometry]: Odom: ratio=0.295014, std dev=0.018434m|0.005829rad, update time=0.133333s delay=0.249411s
[INFO] [1771003538.300183385] [icp_odometry]: Odom: ratio=0.290224, std dev=0.018249m|0.005771rad, update time=0.134147s delay=0.259754s
[INFO] [1771003538.503565338] [icp_odometry]: Odom: ratio=0.296758, std dev=0.018103m|0.005725rad, update time=0.143116s delay=0.263246s
[INFO] [1771003538.702444288] [icp_odometry]: Odom: ratio=0.291877, std dev=0.018275m|0.005779rad, update time=0.138246s delay=0.262071s
[INFO] [1771003538.891966820] [icp_odometry]: Odom: ratio=0.294118, std dev=0.018176m|0.005748rad, update time=0.134848s delay=0.251543s
[INFO] [1771003539.086992517] [icp_odometry]: Odom: ratio=0.293791, std dev=0.018110m|0.005727rad, update time=0.127793s delay=0.246562s
[INFO] [1771003539.291844632] [icp_odometry]: Odom: ratio=0.294571, std dev=0.018135m|0.005735rad, update time=0.127842s delay=0.251453s
[INFO] [1771003539.493879211] [icp_odometry]: Odom: ratio=0.292339, std dev=0.017991m|0.005689rad, update time=0.127731s delay=0.253536s
[INFO] [1771003539.693049147] [icp_odometry]: Odom: ratio=0.286751, std dev=0.018255m|0.005773rad, update time=0.128550s delay=0.252641s
[INFO] [1771003539.887483239] [icp_odometry]: Odom: ratio=0.293250, std dev=0.018153m|0.005740rad, update time=0.126863s delay=0.246829s
[INFO] [1771003540.110367721] [icp_odometry]: Odom: ratio=0.293917, std dev=0.018057m|0.005710rad, update time=0.150123s delay=0.270065s
[INFO] [1771003540.280161412] [icp_odometry]: Odom: ratio=0.292943, std dev=0.017896m|0.005659rad, update time=0.119611s delay=0.239583s
[INFO] [1771003540.497003893] [icp_odometry]: Odom: ratio=0.294360, std dev=0.017878m|0.005654rad, update time=0.135193s delay=0.256630s
[INFO] [1771003540.693452423] [icp_odometry]: Odom: ratio=0.291306, std dev=0.018381m|0.005813rad, update time=0.136755s delay=0.253133s
[INFO] [1771003540.887972311] [icp_odometry]: Odom: ratio=0.293500, std dev=0.018244m|0.005769rad, update time=0.122842s delay=0.247549s
[INFO] [1771003541.110420233] [icp_odometry]: Odom: ratio=0.297351, std dev=0.017947m|0.005675rad, update time=0.150731s delay=0.269973s
[INFO] [1771003541.301907120] [icp_odometry]: Odom: ratio=0.298032, std dev=0.018087m|0.005720rad, update time=0.143304s delay=0.261547s
[INFO] [1771003541.495438077] [icp_odometry]: Odom: ratio=0.296433, std dev=0.018161m|0.005743rad, update time=0.135514s delay=0.255094s
[INFO] [1771003541.680822802] [icp_odometry]: Odom: ratio=0.292904, std dev=0.017708m|0.005600rad, update time=0.116615s delay=0.240481s
[INFO] [1771003541.871340856] [icp_odometry]: Odom: ratio=0.294454, std dev=0.018098m|0.005723rad, update time=0.114396s delay=0.230949s
[INFO] [1771003542.078353014] [icp_odometry]: Odom: ratio=0.288087, std dev=0.018210m|0.005759rad, update time=0.116507s delay=0.237990s
[INFO] [1771003542.311546938] [icp_odometry]: Odom: ratio=0.289072, std dev=0.018187m|0.005751rad, update time=0.146891s delay=0.271067s
[INFO] [1771003542.479390354] [icp_odometry]: Odom: ratio=0.291404, std dev=0.017854m|0.005646rad, update time=0.122176s delay=0.239025s
[INFO] [1771003542.690017293] [icp_odometry]: Odom: ratio=0.288658, std dev=0.017866m|0.005650rad, update time=0.123157s delay=0.249553s
[INFO] [1771003542.893544723] [icp_odometry]: Odom: ratio=0.289691, std dev=0.017633m|0.005576rad, update time=0.131501s delay=0.253131s
[INFO] [1771003543.100905469] [icp_odometry]: Odom: ratio=0.291528, std dev=0.018091m|0.005721rad, update time=0.136966s delay=0.260472s
[INFO] [1771003543.279797362] [icp_odometry]: Odom: ratio=0.291196, std dev=0.018256m|0.005773rad, update time=0.114205s delay=0.239328s
[INFO] [1771003543.499187163] [icp_odometry]: Odom: ratio=0.296752, std dev=0.018049m|0.005707rad, update time=0.135071s delay=0.258767s
[INFO] [1771003543.695313122] [icp_odometry]: Odom: ratio=0.295279, std dev=0.018173m|0.005747rad, update time=0.132114s delay=0.254855s
[INFO] [1771003543.893743768] [icp_odometry]: Odom: ratio=0.293981, std dev=0.017872m|0.005652rad, update time=0.134705s delay=0.253280s
[INFO] [1771003544.081350650] [icp_odometry]: Odom: ratio=0.289653, std dev=0.018293m|0.005785rad, update time=0.124077s delay=0.240881s
[INFO] [1771003544.292435108] [icp_odometry]: Odom: ratio=0.294723, std dev=0.018358m|0.005805rad, update time=0.131463s delay=0.251960s
[INFO] [1771003544.490491502] [icp_odometry]: Odom: ratio=0.292035, std dev=0.017933m|0.005671rad, update time=0.130838s delay=0.250091s
[INFO] [1771003544.683603597] [icp_odometry]: Odom: ratio=0.292536, std dev=0.018456m|0.005836rad, update time=0.127256s delay=0.243147s
[INFO] [1771003544.894366732] [icp_odometry]: Odom: ratio=0.294160, std dev=0.018103m|0.005725rad, update time=0.130123s delay=0.254005s
[INFO] [1771003545.079846756] [icp_odometry]: Odom: ratio=0.292696, std dev=0.018196m|0.005754rad, update time=0.122689s delay=0.239443s
[INFO] [1771003545.292885970] [icp_odometry]: Odom: ratio=0.293117, std dev=0.018308m|0.005790rad, update time=0.132389s delay=0.252498s
[INFO] [1771003545.492908863] [icp_odometry]: Odom: ratio=0.292335, std dev=0.018096m|0.005723rad, update time=0.131204s delay=0.252338s
[INFO] [1771003545.706366428] [icp_odometry]: Odom: ratio=0.294092, std dev=0.018103m|0.005725rad, update time=0.147816s delay=0.265988s
[INFO] [1771003545.893507437] [icp_odometry]: Odom: ratio=0.296983, std dev=0.018111m|0.005727rad, update time=0.132938s delay=0.253050s
[INFO] [1771003546.087716050] [icp_odometry]: Odom: ratio=0.296851, std dev=0.018048m|0.005707rad, update time=0.125472s delay=0.247214s
[INFO] [1771003546.276341238] [icp_odometry]: Odom: ratio=0.294640, std dev=0.017982m|0.005686rad, update time=0.119807s delay=0.235787s
[INFO] [1771003546.504957021] [icp_odometry]: Odom: ratio=0.294547, std dev=0.018180m|0.005749rad, update time=0.143580s delay=0.264480s
[INFO] [1771003546.670254365] [icp_odometry]: Odom: ratio=0.295624, std dev=0.018070m|0.005714rad, update time=0.113277s delay=0.229808s
[INFO] [1771003546.895892125] [icp_odometry]: Odom: ratio=0.295264, std dev=0.018191m|0.005753rad, update time=0.134930s delay=0.255283s
[INFO] [1771003547.090792442] [icp_odometry]: Odom: ratio=0.289071, std dev=0.018305m|0.005789rad, update time=0.130082s delay=0.250283s
[INFO] [1771003547.307598794] [icp_odometry]: Odom: ratio=0.285547, std dev=0.018120m|0.005730rad, update time=0.148280s delay=0.267099s
[INFO] [1771003547.496956871] [icp_odometry]: Odom: ratio=0.291871, std dev=0.017814m|0.005633rad, update time=0.138330s delay=0.256504s
[INFO] [1771003547.677116104] [icp_odometry]: Odom: ratio=0.289083, std dev=0.017984m|0.005687rad, update time=0.117503s delay=0.236679s
[INFO] [1771003547.878331358] [icp_odometry]: Odom: ratio=0.293009, std dev=0.018045m|0.005706rad, update time=0.117075s delay=0.237745s
[INFO] [1771003548.099036340] [icp_odometry]: Odom: ratio=0.294016, std dev=0.018094m|0.005722rad, update time=0.134274s delay=0.258496s
[INFO] [1771003548.289493592] [icp_odometry]: Odom: ratio=0.294430, std dev=0.018191m|0.005752rad, update time=0.129660s delay=0.249009s
[INFO] [1771003548.492451818] [icp_odometry]: Odom: ratio=0.299393, std dev=0.018051m|0.005708rad, update time=0.132373s delay=0.251990s
[INFO] [1771003548.683337501] [icp_odometry]: Odom: ratio=0.296194, std dev=0.018063m|0.005712rad, update time=0.124781s delay=0.242796s
[INFO] [1771003548.889933197] [icp_odometry]: Odom: ratio=0.292722, std dev=0.017999m|0.005692rad, update time=0.126945s delay=0.249343s
[INFO] [1771003549.073273787] [icp_odometry]: Odom: ratio=0.291070, std dev=0.018403m|0.005820rad, update time=0.110497s delay=0.232747s
[INFO] [1771003549.278130767] [icp_odometry]: Odom: ratio=0.291451, std dev=0.018226m|0.005764rad, update time=0.114761s delay=0.237740s
[INFO] [1771003549.493719476] [icp_odometry]: Odom: ratio=0.291987, std dev=0.018173m|0.005747rad, update time=0.131237s delay=0.253162s
[INFO] [1771003549.676166756] [icp_odometry]: Odom: ratio=0.291703, std dev=0.017942m|0.005674rad, update time=0.111042s delay=0.235714s
[INFO] [1771003549.883348008] [icp_odometry]: Odom: ratio=0.294166, std dev=0.018060m|0.005711rad, update time=0.126682s delay=0.242884s
[INFO] [1771003550.091435211] [icp_odometry]: Odom: ratio=0.294837, std dev=0.018226m|0.005763rad, update time=0.128690s delay=0.250909s
[INFO] [1771003550.276223915] [icp_odometry]: Odom: ratio=0.294846, std dev=0.018031m|0.005702rad, update time=0.115286s delay=0.235817s
[INFO] [1771003550.465638731] [icp_odometry]: Odom: ratio=0.293366, std dev=0.018210m|0.005759rad, update time=0.105925s delay=0.225167s
[INFO] [1771003550.687017272] [icp_odometry]: Odom: ratio=0.290578, std dev=0.017798m|0.005628rad, update time=0.121834s delay=0.246544s
[INFO] [1771003550.913761854] [icp_odometry]: Odom: ratio=0.292463, std dev=0.018199m|0.005755rad, update time=0.147204s delay=0.273240s
[INFO] [1771003551.081961539] [icp_odometry]: Odom: ratio=0.295926, std dev=0.017971m|0.005683rad, update time=0.124486s delay=0.241498s
[INFO] [1771003551.288837852] [icp_odometry]: Odom: ratio=0.297115, std dev=0.017879m|0.005654rad, update time=0.123478s delay=0.248424s
[INFO] [1771003551.476858892] [icp_odometry]: Odom: ratio=0.290970, std dev=0.018413m|0.005823rad, update time=0.119544s delay=0.236278s
[INFO] [1771003551.698606182] [icp_odometry]: Odom: ratio=0.292910, std dev=0.018026m|0.005700rad, update time=0.130067s delay=0.258079s
[INFO] [1771003551.894768782] [icp_odometry]: Odom: ratio=0.292816, std dev=0.018341m|0.005800rad, update time=0.127598s delay=0.254224s
[INFO] [1771003552.093556689] [icp_odometry]: Odom: ratio=0.290417, std dev=0.018218m|0.005761rad, update time=0.131127s delay=0.253004s
[INFO] [1771003552.278840642] [icp_odometry]: Odom: ratio=0.290174, std dev=0.017933m|0.005671rad, update time=0.118093s delay=0.238426s
[INFO] [1771003552.486687933] [icp_odometry]: Odom: ratio=0.288308, std dev=0.018078m|0.005717rad, update time=0.129067s delay=0.246218s
[INFO] [1771003552.699322973] [icp_odometry]: Odom: ratio=0.289935, std dev=0.017916m|0.005665rad, update time=0.136182s delay=0.258555s
[INFO] [1771003552.889600666] [icp_odometry]: Odom: ratio=0.293725, std dev=0.018152m|0.005740rad, update time=0.126402s delay=0.249156s
[INFO] [1771003553.087927629] [icp_odometry]: Odom: ratio=0.291312, std dev=0.017845m|0.005643rad, update time=0.125621s delay=0.247455s
[INFO] [1771003553.283581604] [icp_odometry]: Odom: ratio=0.291438, std dev=0.018199m|0.005755rad, update time=0.120253s delay=0.243023s
[INFO] [1771003553.493196956] [icp_odometry]: Odom: ratio=0.295134, std dev=0.018210m|0.005758rad, update time=0.130364s delay=0.252639s
[INFO] [1771003553.682302001] [icp_odometry]: Odom: ratio=0.295811, std dev=0.018197m|0.005754rad, update time=0.125984s delay=0.241887s
[INFO] [1771003553.886338120] [icp_odometry]: Odom: ratio=0.291659, std dev=0.018351m|0.005803rad, update time=0.123973s delay=0.245927s
[INFO] [1771003554.100159473] [icp_odometry]: Odom: ratio=0.292379, std dev=0.018347m|0.005802rad, update time=0.136559s delay=0.259730s
[INFO] [1771003554.274244896] [icp_odometry]: Odom: ratio=0.293981, std dev=0.018225m|0.005763rad, update time=0.116004s delay=0.233764s
[INFO] [1771003554.491299960] [icp_odometry]: Odom: ratio=0.290556, std dev=0.018149m|0.005739rad, update time=0.129522s delay=0.250874s
[INFO] [1771003554.695558456] [icp_odometry]: Odom: ratio=0.292362, std dev=0.018107m|0.005726rad, update time=0.132070s delay=0.255176s
[INFO] [1771003554.913753687] [icp_odometry]: Odom: ratio=0.293830, std dev=0.018229m|0.005764rad, update time=0.151390s delay=0.273178s
[INFO] [1771003555.106325956] [icp_odometry]: Odom: ratio=0.295376, std dev=0.018096m|0.005723rad, update time=0.144854s delay=0.265724s
[INFO] [1771003555.281483384] [icp_odometry]: Odom: ratio=0.294012, std dev=0.017911m|0.005664rad, update time=0.123421s delay=0.240911s
[INFO] [1771003555.494334911] [icp_odometry]: Odom: ratio=0.293841, std dev=0.017798m|0.005628rad, update time=0.131569s delay=0.253839s
[INFO] [1771003555.689025557] [icp_odometry]: Odom: ratio=0.291167, std dev=0.018138m|0.005736rad, update time=0.130089s delay=0.248464s
[INFO] [1771003555.871515014] [icp_odometry]: Odom: ratio=0.291928, std dev=0.018378m|0.005812rad, update time=0.114313s delay=0.230931s
[INFO] [1771003556.080091994] [icp_odometry]: Odom: ratio=0.294412, std dev=0.018243m|0.005769rad, update time=0.121694s delay=0.239485s
[INFO] [1771003556.302764948] [icp_odometry]: Odom: ratio=0.297216, std dev=0.018143m|0.005737rad, update time=0.137462s delay=0.262183s
[INFO] [1771003556.495424707] [icp_odometry]: Odom: ratio=0.291872, std dev=0.018441m|0.005832rad, update time=0.134778s delay=0.254911s
[INFO] [1771003556.684480375] [icp_odometry]: Odom: ratio=0.296157, std dev=0.018205m|0.005757rad, update time=0.125327s delay=0.244047s
[INFO] [1771003556.883495841] [icp_odometry]: Odom: ratio=0.294847, std dev=0.018281m|0.005781rad, update time=0.122120s delay=0.243084s
[INFO] [1771003557.090596386] [icp_odometry]: Odom: ratio=0.287148, std dev=0.018408m|0.005821rad, update time=0.134205s delay=0.249988s
[INFO] [1771003557.306205705] [icp_odometry]: Odom: ratio=0.289372, std dev=0.018354m|0.005804rad, update time=0.145343s delay=0.265673s
[INFO] [1771003557.493194613] [icp_odometry]: Odom: ratio=0.293881, std dev=0.018222m|0.005762rad, update time=0.132986s delay=0.252594s
[INFO] [1771003557.694947582] [icp_odometry]: Odom: ratio=0.290320, std dev=0.017813m|0.005633rad, update time=0.135708s delay=0.254521s
[INFO] [1771003557.891316205] [icp_odometry]: Odom: ratio=0.294729, std dev=0.018134m|0.005734rad, update time=0.130528s delay=0.250808s
[INFO] [1771003558.090992398] [icp_odometry]: Odom: ratio=0.292544, std dev=0.017794m|0.005627rad, update time=0.125719s delay=0.250476s
[INFO] [1771003558.294924898] [icp_odometry]: Odom: ratio=0.294617, std dev=0.018234m|0.005766rad, update time=0.135021s delay=0.254447s
[INFO] [1771003558.496627657] [icp_odometry]: Odom: ratio=0.293787, std dev=0.018046m|0.005707rad, update time=0.137510s delay=0.256188s
[INFO] [1771003558.693828725] [icp_odometry]: Odom: ratio=0.296918, std dev=0.018235m|0.005767rad, update time=0.131024s delay=0.253319s
[INFO] [1771003558.897620420] [icp_odometry]: Odom: ratio=0.294778, std dev=0.018029m|0.005701rad, update time=0.141525s delay=0.257047s
[INFO] [1771003559.078163026] [icp_odometry]: Odom: ratio=0.292888, std dev=0.017876m|0.005653rad, update time=0.120989s delay=0.237637s
[INFO] [1771003559.291590958] [icp_odometry]: Odom: ratio=0.297935, std dev=0.018106m|0.005726rad, update time=0.125052s delay=0.251014s
[INFO] [1771003559.495382493] [icp_odometry]: Odom: ratio=0.294329, std dev=0.018086m|0.005719rad, update time=0.135471s delay=0.254806s
[INFO] [1771003559.698077734] [icp_odometry]: Odom: ratio=0.291999, std dev=0.018158m|0.005742rad, update time=0.133973s delay=0.257555s
[INFO] [1771003559.930943487] [icp_odometry]: Odom: ratio=0.294817, std dev=0.018525m|0.005858rad, update time=0.173913s delay=0.290464s
[INFO] [1771003560.067195319] [icp_odometry]: Odom: ratio=0.292932, std dev=0.018143m|0.005737rad, update time=0.110980s delay=0.226355s
[INFO] [1771003560.290257854] [icp_odometry]: Odom: ratio=0.294792, std dev=0.018267m|0.005777rad, update time=0.125659s delay=0.249792s
[INFO] [1771003560.509146133] [icp_odometry]: Odom: ratio=0.294937, std dev=0.018159m|0.005742rad, update time=0.150298s delay=0.268597s
[INFO] [1771003560.679789422] [icp_odometry]: Odom: ratio=0.292123, std dev=0.018136m|0.005735rad, update time=0.123090s delay=0.239127s
[INFO] [1771003560.890806678] [icp_odometry]: Odom: ratio=0.293329, std dev=0.018299m|0.005787rad, update time=0.128481s delay=0.250317s
[INFO] [1771003561.087951968] [icp_odometry]: Odom: ratio=0.293882, std dev=0.018153m|0.005740rad, update time=0.130286s delay=0.247393s
[INFO] [1771003561.284304687] [icp_odometry]: Odom: ratio=0.295763, std dev=0.017831m|0.005639rad, update time=0.125924s delay=0.243714s
[INFO] [1771003561.497154806] [icp_odometry]: Odom: ratio=0.297305, std dev=0.018433m|0.005829rad, update time=0.133904s delay=0.256582s
[INFO] [1771003561.715022123] [icp_odometry]: Odom: ratio=0.293077, std dev=0.018073m|0.005715rad, update time=0.149518s delay=0.274407s
[INFO] [1771003561.893255369] [icp_odometry]: Odom: ratio=0.295972, std dev=0.018084m|0.005719rad, update time=0.136361s delay=0.252687s
[INFO] [1771003562.079550557] [icp_odometry]: Odom: ratio=0.292151, std dev=0.018036m|0.005704rad, update time=0.123265s delay=0.239042s
[INFO] [1771003562.297364495] [icp_odometry]: Odom: ratio=0.289655, std dev=0.018332m|0.005797rad, update time=0.135684s delay=0.256871s
[INFO] [1771003562.484707304] [icp_odometry]: Odom: ratio=0.293051, std dev=0.017919m|0.005666rad, update time=0.121349s delay=0.244214s
[INFO] [1771003562.688546904] [icp_odometry]: Odom: ratio=0.297426, std dev=0.018131m|0.005733rad, update time=0.121632s delay=0.248047s
[INFO] [1771003562.906208422] [icp_odometry]: Odom: ratio=0.294422, std dev=0.018131m|0.005734rad, update time=0.140159s delay=0.265526s
[INFO] [1771003563.090761086] [icp_odometry]: Odom: ratio=0.289998, std dev=0.017861m|0.005648rad, update time=0.134930s delay=0.250006s
[INFO] [1771003563.299325937] [icp_odometry]: Odom: ratio=0.296108, std dev=0.018081m|0.005718rad, update time=0.141995s delay=0.258575s
[INFO] [1771003563.497332441] [icp_odometry]: Odom: ratio=0.293081, std dev=0.017947m|0.005675rad, update time=0.137134s delay=0.256723s
[INFO] [1771003563.686077378] [icp_odometry]: Odom: ratio=0.297631, std dev=0.018133m|0.005734rad, update time=0.122760s delay=0.245538s
[INFO] [1771003563.892347590] [icp_odometry]: Odom: ratio=0.293992, std dev=0.017970m|0.005682rad, update time=0.134518s delay=0.251709s
[INFO] [1771003564.085510631] [icp_odometry]: Odom: ratio=0.295259, std dev=0.018242m|0.005768rad, update time=0.124356s delay=0.244990s
[INFO] [1771003564.291883439] [icp_odometry]: Odom: ratio=0.293256, std dev=0.018047m|0.005707rad, update time=0.131978s delay=0.251380s
[INFO] [1771003564.501755248] [icp_odometry]: Odom: ratio=0.293666, std dev=0.018371m|0.005809rad, update time=0.139316s delay=0.261078s
[INFO] [1771003564.688727803] [icp_odometry]: Odom: ratio=0.290193, std dev=0.018078m|0.005717rad, update time=0.121884s delay=0.248113s
[INFO] [1771003564.887971182] [icp_odometry]: Odom: ratio=0.292983, std dev=0.018345m|0.005801rad, update time=0.127277s delay=0.247395s
[INFO] [1771003565.099797810] [icp_odometry]: Odom: ratio=0.295638, std dev=0.018353m|0.005804rad, update time=0.142962s delay=0.259244s
[INFO] [1771003565.273607096] [icp_odometry]: Odom: ratio=0.297784, std dev=0.018303m|0.005788rad, update time=0.116608s delay=0.232910s
[INFO] [1771003565.488919476] [icp_odometry]: Odom: ratio=0.294250, std dev=0.018011m|0.005695rad, update time=0.122950s delay=0.248223s
[INFO] [1771003565.692113518] [icp_odometry]: Odom: ratio=0.291596, std dev=0.017793m|0.005627rad, update time=0.129092s delay=0.251582s
[INFO] [1771003565.906681809] [icp_odometry]: Odom: ratio=0.296091, std dev=0.018064m|0.005712rad, update time=0.144063s delay=0.266235s
[INFO] [1771003566.106896901] [icp_odometry]: Odom: ratio=0.297547, std dev=0.018288m|0.005783rad, update time=0.147718s delay=0.266218s
[INFO] [1771003566.295499432] [icp_odometry]: Odom: ratio=0.297024, std dev=0.018091m|0.005721rad, update time=0.135027s delay=0.254872s
[INFO] [1771003566.485231315] [icp_odometry]: Odom: ratio=0.293339, std dev=0.018099m|0.005723rad, update time=0.122211s delay=0.244600s
[INFO] [1771003566.692179215] [icp_odometry]: Odom: ratio=0.293244, std dev=0.018084m|0.005719rad, update time=0.131366s delay=0.251514s
[INFO] [1771003566.879287647] [icp_odometry]: Odom: ratio=0.297343, std dev=0.018210m|0.005759rad, update time=0.117970s delay=0.238649s
[INFO] [1771003567.084232374] [icp_odometry]: Odom: ratio=0.293461, std dev=0.018339m|0.005799rad, update time=0.121555s delay=0.243668s
[INFO] [1771003567.304859145] [icp_odometry]: Odom: ratio=0.290865, std dev=0.018107m|0.005726rad, update time=0.138198s delay=0.264167s
[INFO] [1771003567.495620823] [icp_odometry]: Odom: ratio=0.294123, std dev=0.017878m|0.005653rad, update time=0.134289s delay=0.254958s
[INFO] [1771003567.695649733] [icp_odometry]: Odom: ratio=0.294102, std dev=0.018304m|0.005788rad, update time=0.134130s delay=0.255062s
[INFO] [1771003567.882702867] [icp_odometry]: Odom: ratio=0.292301, std dev=0.018566m|0.005871rad, update time=0.124270s delay=0.242029s
[INFO] [1771003568.071685092] [icp_odometry]: Odom: ratio=0.293132, std dev=0.017540m|0.005547rad, update time=0.106799s delay=0.231117s
[INFO] [1771003568.296716143] [icp_odometry]: Odom: ratio=0.296348, std dev=0.018195m|0.005754rad, update time=0.128670s delay=0.256051s
[INFO] [1771003568.495699960] [icp_odometry]: Odom: ratio=0.292857, std dev=0.018087m|0.005720rad, update time=0.132822s delay=0.254968s
[INFO] [1771003568.687884407] [icp_odometry]: Odom: ratio=0.299974, std dev=0.018116m|0.005729rad, update time=0.128045s delay=0.247354s
[INFO] [1771003568.868332770] [icp_odometry]: Odom: ratio=0.293550, std dev=0.018227m|0.005764rad, update time=0.108670s delay=0.227765s
[INFO] [1771003569.100164664] [icp_odometry]: Odom: ratio=0.293774, std dev=0.018104m|0.005725rad, update time=0.140169s delay=0.259478s
[INFO] [1771003569.285298788] [icp_odometry]: Odom: ratio=0.293196, std dev=0.018225m|0.005763rad, update time=0.125584s delay=0.244697s
[INFO] [1771003569.467836918] [icp_odometry]: Odom: ratio=0.291614, std dev=0.018036m|0.005703rad, update time=0.105634s delay=0.227289s
[INFO] [1771003569.686527879] [icp_odometry]: Odom: ratio=0.296023, std dev=0.018167m|0.005745rad, update time=0.118643s delay=0.245971s
[INFO] [1771003569.870475850] [icp_odometry]: Odom: ratio=0.293161, std dev=0.018334m|0.005798rad, update time=0.111714s delay=0.229797s
[INFO] [1771003570.096546233] [icp_odometry]: Odom: ratio=0.292108, std dev=0.018297m|0.005786rad, update time=0.129547s delay=0.255830s
[INFO] [1771003570.274658611] [icp_odometry]: Odom: ratio=0.296260, std dev=0.018091m|0.005721rad, update time=0.116600s delay=0.233910s
[INFO] [1771003570.490824749] [icp_odometry]: Odom: ratio=0.295520, std dev=0.018102m|0.005724rad, update time=0.127645s delay=0.250250s
[INFO] [1771003570.676618896] [icp_odometry]: Odom: ratio=0.287437, std dev=0.017605m|0.005567rad, update time=0.116219s delay=0.235940s
[INFO] [1771003570.894100343] [icp_odometry]: Odom: ratio=0.294971, std dev=0.018184m|0.005750rad, update time=0.132370s delay=0.253525s
[INFO] [1771003571.100141587] [icp_odometry]: Odom: ratio=0.294440, std dev=0.018181m|0.005749rad, update time=0.129844s delay=0.259565s
[INFO] [1771003571.283620934] [icp_odometry]: Odom: ratio=0.301034, std dev=0.018198m|0.005755rad, update time=0.122451s delay=0.243031s
[INFO] [1771003571.489770663] [icp_odometry]: Odom: ratio=0.300666, std dev=0.018029m|0.005701rad, update time=0.127586s delay=0.249175s
[INFO] [1771003571.691137474] [icp_odometry]: Odom: ratio=0.295793, std dev=0.018449m|0.005834rad, update time=0.123247s delay=0.250616s
[INFO] [1771003571.893326874] [icp_odometry]: Odom: ratio=0.291506, std dev=0.017930m|0.005670rad, update time=0.129881s delay=0.252700s
[INFO] [1771003572.093254020] [icp_odometry]: Odom: ratio=0.288075, std dev=0.018272m|0.005778rad, update time=0.130147s delay=0.252507s
[INFO] [1771003572.282853514] [icp_odometry]: Odom: ratio=0.290531, std dev=0.018355m|0.005804rad, update time=0.125636s delay=0.242198s
[INFO] [1771003572.505978100] [icp_odometry]: Odom: ratio=0.291003, std dev=0.018110m|0.005727rad, update time=0.146435s delay=0.265206s
[INFO] [1771003572.694456435] [icp_odometry]: Odom: ratio=0.294238, std dev=0.017933m|0.005671rad, update time=0.133509s delay=0.253919s
[INFO] [1771003572.893823370] [icp_odometry]: Odom: ratio=0.289462, std dev=0.018210m|0.005758rad, update time=0.137294s delay=0.253258s
[INFO] [1771003573.087881097] [icp_odometry]: Odom: ratio=0.291659, std dev=0.017605m|0.005567rad, update time=0.124925s delay=0.247229s
[INFO] [1771003573.297257913] [icp_odometry]: Odom: ratio=0.291853, std dev=0.018043m|0.005706rad, update time=0.134366s delay=0.256678s
[INFO] [1771003573.489702113] [icp_odometry]: Odom: ratio=0.294723, std dev=0.018484m|0.005845rad, update time=0.125448s delay=0.249007s
[INFO] [1771003573.715261342] [icp_odometry]: Odom: ratio=0.296140, std dev=0.018034m|0.005703rad, update time=0.155721s delay=0.274581s
[INFO] [1771003573.872529418] [icp_odometry]: Odom: ratio=0.296917, std dev=0.018238m|0.005767rad, update time=0.118118s delay=0.231855s
[INFO] [1771003574.089880301] [icp_odometry]: Odom: ratio=0.294986, std dev=0.018134m|0.005735rad, update time=0.127622s delay=0.249228s
[INFO] [1771003574.283177074] [icp_odometry]: Odom: ratio=0.292371, std dev=0.018192m|0.005753rad, update time=0.126230s delay=0.242471s
[INFO] [1771003574.475874403] [icp_odometry]: Odom: ratio=0.293410, std dev=0.017989m|0.005689rad, update time=0.118088s delay=0.235046s
[INFO] [1771003574.707500593] [icp_odometry]: Odom: ratio=0.295032, std dev=0.017774m|0.005621rad, update time=0.145192s delay=0.266965s
[INFO] [1771003574.888903581] [icp_odometry]: Odom: ratio=0.292556, std dev=0.018459m|0.005837rad, update time=0.130528s delay=0.248135s
[INFO] [1771003575.078628423] [icp_odometry]: Odom: ratio=0.292866, std dev=0.018334m|0.005798rad, update time=0.115386s delay=0.237919s
[INFO] [1771003575.270689698] [icp_odometry]: Odom: ratio=0.297307, std dev=0.018010m|0.005695rad, update time=0.114633s delay=0.230017s
[INFO] [1771003575.507303804] [icp_odometry]: Odom: ratio=0.296454, std dev=0.017726m|0.005605rad, update time=0.140479s delay=0.266692s
[INFO] [1771003575.691092730] [icp_odometry]: Odom: ratio=0.290774, std dev=0.017657m|0.005584rad, update time=0.128728s delay=0.250469s
[INFO] [1771003575.895834186] [icp_odometry]: Odom: ratio=0.294370, std dev=0.018311m|0.005790rad, update time=0.133177s delay=0.255110s
[INFO] [1771003576.084847580] [icp_odometry]: Odom: ratio=0.293262, std dev=0.018319m|0.005793rad, update time=0.125995s delay=0.244201s
[INFO] [1771003576.284287765] [icp_odometry]: Odom: ratio=0.294978, std dev=0.018352m|0.005803rad, update time=0.122319s delay=0.243675s
[INFO] [1771003576.471016824] [icp_odometry]: Odom: ratio=0.294550, std dev=0.018260m|0.005774rad, update time=0.112289s delay=0.230243s
[INFO] [1771003576.690632969] [icp_odometry]: Odom: ratio=0.297893, std dev=0.018377m|0.005811rad, update time=0.129230s delay=0.249999s
[INFO] [1771003576.893746144] [icp_odometry]: Odom: ratio=0.294723, std dev=0.018172m|0.005746rad, update time=0.130553s delay=0.252992s
[INFO] [1771003577.101504152] [icp_odometry]: Odom: ratio=0.293397, std dev=0.018307m|0.005789rad, update time=0.144172s delay=0.260846s
[INFO] [1771003577.285299414] [icp_odometry]: Odom: ratio=0.290095, std dev=0.018324m|0.005795rad, update time=0.125772s delay=0.244568s
[INFO] [1771003577.477137129] [icp_odometry]: Odom: ratio=0.289443, std dev=0.018187m|0.005751rad, update time=0.117010s delay=0.236558s
[INFO] [1771003577.688487645] [icp_odometry]: Odom: ratio=0.295727, std dev=0.018070m|0.005714rad, update time=0.125008s delay=0.247864s
[INFO] [1771003577.880195916] [icp_odometry]: Odom: ratio=0.292430, std dev=0.018158m|0.005742rad, update time=0.116543s delay=0.239475s
[INFO] [1771003578.108371491] [icp_odometry]: Odom: ratio=0.290150, std dev=0.017796m|0.005628rad, update time=0.147121s delay=0.267570s
[INFO] [1771003578.289073238] [icp_odometry]: Odom: ratio=0.289347, std dev=0.017754m|0.005614rad, update time=0.130546s delay=0.248317s
[INFO] [1771003578.493150543] [icp_odometry]: Odom: ratio=0.291372, std dev=0.017922m|0.005668rad, update time=0.132635s delay=0.252413s
[INFO] [1771003578.683208485] [icp_odometry]: Odom: ratio=0.294958, std dev=0.017970m|0.005683rad, update time=0.122733s delay=0.242419s
[INFO] [1771003578.879892351] [icp_odometry]: Odom: ratio=0.294970, std dev=0.018241m|0.005768rad, update time=0.122792s delay=0.239177s
[INFO] [1771003579.101773214] [icp_odometry]: Odom: ratio=0.293992, std dev=0.017782m|0.005623rad, update time=0.135908s delay=0.261140s
[INFO] [1771003579.267611121] [icp_odometry]: Odom: ratio=0.293183, std dev=0.018315m|0.005792rad, update time=0.108366s delay=0.226885s
[INFO] [1771003579.489410669] [icp_odometry]: Odom: ratio=0.294567, std dev=0.018234m|0.005766rad, update time=0.125549s delay=0.248772s
[INFO] [1771003579.710674262] [icp_odometry]: Odom: ratio=0.293703, std dev=0.018193m|0.005753rad, update time=0.151395s delay=0.270027s
[INFO] [1771003579.885231414] [icp_odometry]: Odom: ratio=0.293485, std dev=0.018471m|0.005841rad, update time=0.127225s delay=0.244563s
[INFO] [1771003580.077900198] [icp_odometry]: Odom: ratio=0.291731, std dev=0.018467m|0.005840rad, update time=0.115959s delay=0.237226s
[INFO] [1771003580.289076563] [icp_odometry]: Odom: ratio=0.294080, std dev=0.018026m|0.005700rad, update time=0.127119s delay=0.248270s
[INFO] [1771003580.469503197] [icp_odometry]: Odom: ratio=0.296493, std dev=0.018328m|0.005796rad, update time=0.105873s delay=0.228768s
[INFO] [1771003580.687234765] [icp_odometry]: Odom: ratio=0.290086, std dev=0.018131m|0.005734rad, update time=0.128410s delay=0.246541s
[INFO] [1771003580.884842183] [icp_odometry]: Odom: ratio=0.289890, std dev=0.017956m|0.005678rad, update time=0.127392s delay=0.244161s
[INFO] [1771003581.084754064] [icp_odometry]: Odom: ratio=0.295069, std dev=0.018248m|0.005771rad, update time=0.116966s delay=0.244059s
[INFO] [1771003581.279845523] [icp_odometry]: Odom: ratio=0.293447, std dev=0.018058m|0.005710rad, update time=0.118018s delay=0.239153s
[INFO] [1771003581.472946194] [icp_odometry]: Odom: ratio=0.295721, std dev=0.018402m|0.005819rad, update time=0.118151s delay=0.232243s
[INFO] [1771003581.698336554] [icp_odometry]: Odom: ratio=0.294373, std dev=0.018300m|0.005787rad, update time=0.133086s delay=0.257654s
[INFO] [1771003581.886923245] [icp_odometry]: Odom: ratio=0.294720, std dev=0.018560m|0.005869rad, update time=0.124551s delay=0.246165s
[INFO] [1771003582.097653995] [icp_odometry]: Odom: ratio=0.294045, std dev=0.018377m|0.005811rad, update time=0.133415s delay=0.256920s
[INFO] [1771003582.277978449] [icp_odometry]: Odom: ratio=0.296273, std dev=0.018220m|0.005762rad, update time=0.118349s delay=0.237264s
[INFO] [1771003582.491551666] [icp_odometry]: Odom: ratio=0.289509, std dev=0.018173m|0.005747rad, update time=0.134477s delay=0.250856s
[INFO] [1771003582.676256751] [icp_odometry]: Odom: ratio=0.293482, std dev=0.017960m|0.005679rad, update time=0.118373s delay=0.235562s
[INFO] [1771003582.889113430] [icp_odometry]: Odom: ratio=0.295378, std dev=0.018032m|0.005702rad, update time=0.127543s delay=0.248501s
[INFO] [1771003583.084013875] [icp_odometry]: Odom: ratio=0.293155, std dev=0.017931m|0.005670rad, update time=0.121970s delay=0.243387s
[INFO] [1771003583.290651428] [icp_odometry]: Odom: ratio=0.293250, std dev=0.017631m|0.005576rad, update time=0.125614s delay=0.249814s
[INFO] [1771003583.489594988] [icp_odometry]: Odom: ratio=0.296119, std dev=0.017937m|0.005672rad, update time=0.129424s delay=0.248981s
[INFO] [1771003583.678026218] [icp_odometry]: Odom: ratio=0.297231, std dev=0.018065m|0.005713rad, update time=0.115329s delay=0.237336s
[INFO] [1771003583.874357944] [icp_odometry]: Odom: ratio=0.297846, std dev=0.018402m|0.005819rad, update time=0.110270s delay=0.233685s
[INFO] [1771003584.082797319] [icp_odometry]: Odom: ratio=0.293255, std dev=0.017956m|0.005678rad, update time=0.124813s delay=0.241978s
[INFO] [1771003584.270887674] [icp_odometry]: Odom: ratio=0.294649, std dev=0.018243m|0.005769rad, update time=0.110513s delay=0.230212s
[INFO] [1771003584.479579954] [icp_odometry]: Odom: ratio=0.293116, std dev=0.018083m|0.005718rad, update time=0.117451s delay=0.238956s
[INFO] [1771003584.702913122] [icp_odometry]: Odom: ratio=0.294738, std dev=0.018171m|0.005746rad, update time=0.138163s delay=0.262210s
[INFO] [1771003584.871899650] [icp_odometry]: Odom: ratio=0.294427, std dev=0.018507m|0.005853rad, update time=0.115489s delay=0.231124s
[INFO] [1771003585.081219663] [icp_odometry]: Odom: ratio=0.291889, std dev=0.018372m|0.005810rad, update time=0.118974s delay=0.240454s
[INFO] [1771003585.292175381] [icp_odometry]: Odom: ratio=0.295089, std dev=0.018034m|0.005703rad, update time=0.127199s delay=0.251503s
[INFO] [1771003585.474837996] [icp_odometry]: Odom: ratio=0.297725, std dev=0.018102m|0.005724rad, update time=0.112313s delay=0.234143s
[INFO] [1771003585.693312182] [icp_odometry]: Odom: ratio=0.289543, std dev=0.018058m|0.005711rad, update time=0.126506s delay=0.252454s
[INFO] [1771003585.883619156] [icp_odometry]: Odom: ratio=0.291384, std dev=0.018032m|0.005702rad, update time=0.123408s delay=0.242900s
[INFO] [1771003586.076471594] [icp_odometry]: Odom: ratio=0.292312, std dev=0.018183m|0.005750rad, update time=0.111007s delay=0.235601s
[INFO] [1771003586.285123169] [icp_odometry]: Odom: ratio=0.292771, std dev=0.017960m|0.005679rad, update time=0.127149s delay=0.244332s
[INFO] [1771003586.490403843] [icp_odometry]: Odom: ratio=0.295682, std dev=0.018259m|0.005774rad, update time=0.128437s delay=0.249542s
[INFO] [1771003586.679465815] [icp_odometry]: Odom: ratio=0.292959, std dev=0.018189m|0.005752rad, update time=0.120045s delay=0.238689s
[INFO] [1771003586.892673994] [icp_odometry]: Odom: ratio=0.291754, std dev=0.018013m|0.005696rad, update time=0.127810s delay=0.251963s
[INFO] [1771003587.091477422] [icp_odometry]: Odom: ratio=0.293097, std dev=0.018126m|0.005732rad, update time=0.130601s delay=0.250789s
[INFO] [1771003587.284765203] [icp_odometry]: Odom: ratio=0.292757, std dev=0.017990m|0.005689rad, update time=0.124718s delay=0.243980s
[INFO] [1771003587.478932470] [icp_odometry]: Odom: ratio=0.291567, std dev=0.018222m|0.005762rad, update time=0.117781s delay=0.238114s
[INFO] [1771003587.703394606] [icp_odometry]: Odom: ratio=0.290764, std dev=0.018024m|0.005700rad, update time=0.141077s delay=0.262275s
[INFO] [1771003587.867773966] [icp_odometry]: Odom: ratio=0.291729, std dev=0.018095m|0.005722rad, update time=0.110740s delay=0.227082s
[INFO] [1771003588.074239898] [icp_odometry]: Odom: ratio=0.292153, std dev=0.018159m|0.005742rad, update time=0.110769s delay=0.233381s
[INFO] [1771003588.288724473] [icp_odometry]: Odom: ratio=0.290601, std dev=0.017844m|0.005643rad, update time=0.120979s delay=0.247771s
[INFO] [1771003588.493805237] [icp_odometry]: Odom: ratio=0.294710, std dev=0.018287m|0.005783rad, update time=0.130614s delay=0.253078s
[INFO] [1771003588.698992756] [icp_odometry]: Odom: ratio=0.292325, std dev=0.018282m|0.005781rad, update time=0.133602s delay=0.258160s
[INFO] [1771003588.872653781] [icp_odometry]: Odom: ratio=0.292388, std dev=0.018029m|0.005701rad, update time=0.115145s delay=0.231819s
[INFO] [1771003589.082742589] [icp_odometry]: Odom: ratio=0.293992, std dev=0.017974m|0.005684rad, update time=0.119482s delay=0.242013s
[INFO] [1771003589.297955158] [icp_odometry]: Odom: ratio=0.293055, std dev=0.018234m|0.005766rad, update time=0.134486s delay=0.257144s
[INFO] [1771003589.496011455] [icp_odometry]: Odom: ratio=0.292217, std dev=0.018516m|0.005855rad, update time=0.133700s delay=0.255260s
[INFO] [1771003589.688140573] [icp_odometry]: Odom: ratio=0.294824, std dev=0.017872m|0.005652rad, update time=0.125225s delay=0.247204s
[INFO] [1771003589.885901660] [icp_odometry]: Odom: ratio=0.291670, std dev=0.018132m|0.005734rad, update time=0.125922s delay=0.245081s
[INFO] [1771003590.108613079] [icp_odometry]: Odom: ratio=0.291648, std dev=0.018156m|0.005741rad, update time=0.138310s delay=0.267742s
[INFO] [1771003590.280015210] [icp_odometry]: Odom: ratio=0.295656, std dev=0.018154m|0.005741rad, update time=0.121548s delay=0.239258s
[INFO] [1771003590.494668463] [icp_odometry]: Odom: ratio=0.294261, std dev=0.017767m|0.005619rad, update time=0.131332s delay=0.253868s
[INFO] [1771003590.694619226] [icp_odometry]: Odom: ratio=0.291122, std dev=0.017684m|0.005592rad, update time=0.132227s delay=0.253712s
[INFO] [1771003590.926783483] [icp_odometry]: Odom: ratio=0.292082, std dev=0.017805m|0.005631rad, update time=0.166140s delay=0.285949s
[INFO] [1771003591.077083799] [icp_odometry]: Odom: ratio=0.293658, std dev=0.018440m|0.005831rad, update time=0.119284s delay=0.236323s
[INFO] [1771003591.298447715] [icp_odometry]: Odom: ratio=0.297651, std dev=0.018154m|0.005741rad, update time=0.130441s delay=0.257687s
[INFO] [1771003591.491087602] [icp_odometry]: Odom: ratio=0.298721, std dev=0.018179m|0.005749rad, update time=0.127932s delay=0.250330s
[INFO] [1771003591.690764308] [icp_odometry]: Odom: ratio=0.294839, std dev=0.018171m|0.005746rad, update time=0.128581s delay=0.250066s
[INFO] [1771003591.892394616] [icp_odometry]: Odom: ratio=0.291110, std dev=0.018379m|0.005812rad, update time=0.129607s delay=0.251614s
[INFO] [1771003592.093926009] [icp_odometry]: Odom: ratio=0.290712, std dev=0.018279m|0.005780rad, update time=0.128984s delay=0.253161s
[INFO] [1771003592.281774339] [icp_odometry]: Odom: ratio=0.292683, std dev=0.018485m|0.005845rad, update time=0.118073s delay=0.240852s
[INFO] [1771003592.496115742] [icp_odometry]: Odom: ratio=0.289129, std dev=0.018292m|0.005784rad, update time=0.131323s delay=0.255447s
[INFO] [1771003592.682503125] [icp_odometry]: Odom: ratio=0.289992, std dev=0.018024m|0.005700rad, update time=0.122094s delay=0.241806s
[INFO] [1771003592.878547513] [icp_odometry]: Odom: ratio=0.292536, std dev=0.018017m|0.005697rad, update time=0.115853s delay=0.237808s
[INFO] [1771003593.110992068] [icp_odometry]: Odom: ratio=0.291936, std dev=0.018007m|0.005694rad, update time=0.151303s delay=0.270279s
[INFO] [1771003593.285586309] [icp_odometry]: Odom: ratio=0.290220, std dev=0.017698m|0.005597rad, update time=0.128438s delay=0.244875s
[INFO] [1771003593.487033603] [icp_odometry]: Odom: ratio=0.289851, std dev=0.018182m|0.005750rad, update time=0.127462s delay=0.246222s
[INFO] [1771003593.682321357] [icp_odometry]: Odom: ratio=0.290351, std dev=0.017858m|0.005647rad, update time=0.125409s delay=0.241431s
[INFO] [1771003593.891126473] [icp_odometry]: Odom: ratio=0.299136, std dev=0.018295m|0.005785rad, update time=0.129554s delay=0.250269s
[INFO] [1771003594.083341737] [icp_odometry]: Odom: ratio=0.292530, std dev=0.017718m|0.005603rad, update time=0.122397s delay=0.242494s
[INFO] [1771003594.267726972] [icp_odometry]: Odom: ratio=0.291823, std dev=0.018214m|0.005760rad, update time=0.110017s delay=0.226972s
[INFO] [1771003594.473954591] [icp_odometry]: Odom: ratio=0.293436, std dev=0.018059m|0.005711rad, update time=0.110251s delay=0.233204s
[INFO] [1771003594.684720990] [icp_odometry]: Odom: ratio=0.294530, std dev=0.018136m|0.005735rad, update time=0.118208s delay=0.243948s
[INFO] [1771003594.872338208] [icp_odometry]: Odom: ratio=0.294171, std dev=0.018052m|0.005709rad, update time=0.110081s delay=0.231465s
[INFO] [1771003595.092287836] [icp_odometry]: Odom: ratio=0.297977, std dev=0.018402m|0.005819rad, update time=0.128254s delay=0.251514s
[INFO] [1771003595.293257802] [icp_odometry]: Odom: ratio=0.293242, std dev=0.018094m|0.005722rad, update time=0.130057s delay=0.252403s
[INFO] [1771003595.483364385] [icp_odometry]: Odom: ratio=0.292158, std dev=0.018357m|0.005805rad, update time=0.122319s delay=0.242476s
[INFO] [1771003595.690426561] [icp_odometry]: Odom: ratio=0.293694, std dev=0.017901m|0.005661rad, update time=0.131324s delay=0.249705s
[INFO] [1771003595.897456640] [icp_odometry]: Odom: ratio=0.291516, std dev=0.018011m|0.005695rad, update time=0.134440s delay=0.256737s
[INFO] [1771003596.086258442] [icp_odometry]: Odom: ratio=0.291777, std dev=0.018262m|0.005775rad, update time=0.127242s delay=0.245435s
[INFO] [1771003596.282404050] [icp_odometry]: Odom: ratio=0.297135, std dev=0.018223m|0.005763rad, update time=0.118757s delay=0.241482s
[INFO] [1771003596.483352415] [icp_odometry]: Odom: ratio=0.291815, std dev=0.018258m|0.005774rad, update time=0.124389s delay=0.242543s
[INFO] [1771003596.686735328] [icp_odometry]: Odom: ratio=0.295082, std dev=0.018187m|0.005751rad, update time=0.126422s delay=0.245799s
[INFO] [1771003596.885856974] [icp_odometry]: Odom: ratio=0.293322, std dev=0.018253m|0.005772rad, update time=0.119196s delay=0.245059s
[INFO] [1771003597.091262165] [icp_odometry]: Odom: ratio=0.293169, std dev=0.018104m|0.005725rad, update time=0.125520s delay=0.250363s
[INFO] [1771003597.287791594] [icp_odometry]: Odom: ratio=0.294916, std dev=0.018109m|0.005727rad, update time=0.126591s delay=0.246972s
[INFO] [1771003597.488308744] [icp_odometry]: Odom: ratio=0.287792, std dev=0.017958m|0.005679rad, update time=0.121921s delay=0.247511s
[INFO] [1771003597.694776820] [icp_odometry]: Odom: ratio=0.290400, std dev=0.018265m|0.005776rad, update time=0.132689s delay=0.253967s
[INFO] [1771003597.888598347] [icp_odometry]: Odom: ratio=0.291630, std dev=0.018126m|0.005732rad, update time=0.128940s delay=0.247750s
[INFO] [1771003598.092138802] [icp_odometry]: Odom: ratio=0.292567, std dev=0.018265m|0.005776rad, update time=0.130295s delay=0.251389s
[INFO] [1771003598.289828494] [icp_odometry]: Odom: ratio=0.287567, std dev=0.017960m|0.005680rad, update time=0.127886s delay=0.248924s
[INFO] [1771003598.470900495] [icp_odometry]: Odom: ratio=0.292375, std dev=0.017972m|0.005683rad, update time=0.109783s delay=0.230121s
[INFO] [1771003598.697481199] [icp_odometry]: Odom: ratio=0.291299, std dev=0.017957m|0.005679rad, update time=0.130717s delay=0.256680s
[INFO] [1771003598.890181440] [icp_odometry]: Odom: ratio=0.297549, std dev=0.018305m|0.005789rad, update time=0.133311s delay=0.249314s
[INFO] [1771003599.086360553] [icp_odometry]: Odom: ratio=0.294960, std dev=0.017948m|0.005676rad, update time=0.128453s delay=0.245623s
[INFO] [1771003599.286745698] [icp_odometry]: Odom: ratio=0.295494, std dev=0.018185m|0.005751rad, update time=0.123378s delay=0.245804s
[INFO] [1771003599.485987477] [icp_odometry]: Odom: ratio=0.292910, std dev=0.018575m|0.005874rad, update time=0.124278s delay=0.245201s
[INFO] [1771003599.693923091] [icp_odometry]: Odom: ratio=0.293030, std dev=0.018198m|0.005755rad, update time=0.131100s delay=0.253051s
[INFO] [1771003599.905330632] [icp_odometry]: Odom: ratio=0.294583, std dev=0.018664m|0.005902rad, update time=0.145921s delay=0.264554s
[INFO] [1771003600.087317352] [icp_odometry]: Odom: ratio=0.296517, std dev=0.018158m|0.005742rad, update time=0.130075s delay=0.246390s
[INFO] [1771003600.277640679] [icp_odometry]: Odom: ratio=0.293727, std dev=0.018297m|0.005786rad, update time=0.113329s delay=0.236866s
[INFO] [1771003600.484793354] [icp_odometry]: Odom: ratio=0.290779, std dev=0.017921m|0.005667rad, update time=0.120265s delay=0.243855s
[INFO] [1771003600.687809438] [icp_odometry]: Odom: ratio=0.293725, std dev=0.018297m|0.005786rad, update time=0.127774s delay=0.246903s
[INFO] [1771003600.892557966] [icp_odometry]: Odom: ratio=0.288280, std dev=0.017969m|0.005682rad, update time=0.133335s delay=0.251727s
[INFO] [1771003601.072774481] [icp_odometry]: Odom: ratio=0.294464, std dev=0.018002m|0.005693rad, update time=0.115496s delay=0.231867s
[INFO] [1771003601.309300168] [icp_odometry]: Odom: ratio=0.296452, std dev=0.018072m|0.005715rad, update time=0.143018s delay=0.268475s
[INFO] [1771003601.474742030] [icp_odometry]: Odom: ratio=0.294999, std dev=0.018050m|0.005708rad, update time=0.119275s delay=0.233829s
[INFO] [1771003601.691272340] [icp_odometry]: Odom: ratio=0.292526, std dev=0.018022m|0.005699rad, update time=0.126782s delay=0.250325s
[INFO] [1771003601.905280803] [icp_odometry]: Odom: ratio=0.291111, std dev=0.018167m|0.005745rad, update time=0.139932s delay=0.264362s
[INFO] [1771003602.085551560] [icp_odometry]: Odom: ratio=0.293217, std dev=0.018207m|0.005758rad, update time=0.127142s delay=0.244735s
[INFO] [1771003602.292969844] [icp_odometry]: Odom: ratio=0.291459, std dev=0.018171m|0.005746rad, update time=0.127935s delay=0.252065s
[INFO] [1771003602.499958481] [icp_odometry]: Odom: ratio=0.289319, std dev=0.017999m|0.005692rad, update time=0.131708s delay=0.259089s
[INFO] [1771003602.697938616] [icp_odometry]: Odom: ratio=0.288456, std dev=0.018202m|0.005756rad, update time=0.138414s delay=0.256958s
[INFO] [1771003602.877698955] [icp_odometry]: Odom: ratio=0.290935, std dev=0.018061m|0.005711rad, update time=0.121441s delay=0.236903s
[INFO] [1771003603.087338852] [icp_odometry]: Odom: ratio=0.289423, std dev=0.018420m|0.005825rad, update time=0.122645s delay=0.246411s
[INFO] [1771003603.286350830] [icp_odometry]: Odom: ratio=0.290035, std dev=0.017862m|0.005649rad, update time=0.125376s delay=0.245433s
[INFO] [1771003603.489681069] [icp_odometry]: Odom: ratio=0.294045, std dev=0.018011m|0.005696rad, update time=0.123247s delay=0.248893s
[INFO] [1771003603.688161413] [icp_odometry]: Odom: ratio=0.292488, std dev=0.018071m|0.005715rad, update time=0.128451s delay=0.247285s
[INFO] [1771003603.896888063] [icp_odometry]: Odom: ratio=0.293655, std dev=0.018095m|0.005722rad, update time=0.130510s delay=0.256095s
[INFO] [1771003604.083111440] [icp_odometry]: Odom: ratio=0.294425, std dev=0.018308m|0.005790rad, update time=0.126945s delay=0.242144s
[INFO] [1771003604.307934900] [icp_odometry]: Odom: ratio=0.290700, std dev=0.018282m|0.005781rad, update time=0.143521s delay=0.266889s
[INFO] [1771003604.481625046] [icp_odometry]: Odom: ratio=0.294031, std dev=0.018676m|0.005906rad, update time=0.123311s delay=0.240750s
[INFO] [1771003604.698527433] [icp_odometry]: Odom: ratio=0.289847, std dev=0.018118m|0.005729rad, update time=0.139538s delay=0.257506s
[INFO] [1771003604.878805518] [icp_odometry]: Odom: ratio=0.293032, std dev=0.018235m|0.005766rad, update time=0.119843s delay=0.237905s
[INFO] [1771003605.108849126] [icp_odometry]: Odom: ratio=0.298573, std dev=0.018411m|0.005822rad, update time=0.141316s delay=0.268033s
[INFO] [1771003605.284157631] [icp_odometry]: Odom: ratio=0.294161, std dev=0.018305m|0.005789rad, update time=0.124559s delay=0.243339s
[INFO] [1771003605.496719772] [icp_odometry]: Odom: ratio=0.292783, std dev=0.018256m|0.005773rad, update time=0.129597s delay=0.255861s
[INFO] [1771003605.674508235] [icp_odometry]: Odom: ratio=0.292160, std dev=0.018028m|0.005701rad, update time=0.110861s delay=0.233481s
[INFO] [1771003605.869123070] [icp_odometry]: Odom: ratio=0.288295, std dev=0.017795m|0.005627rad, update time=0.104988s delay=0.228196s
[INFO] [1771003606.006026636] [icp_odometry]: Odom: ratio=0.290738, std dev=0.017797m|0.005628rad, update time=0.136239s delay=0.265177s
[INFO] [1771003606.214343095] [icp_odometry]: Odom: ratio=0.295128, std dev=0.017783m|0.005624rad, update time=0.154738s delay=0.273504s
[INFO] [1771003606.396441467] [icp_odometry]: Odom: ratio=0.294064, std dev=0.018194m|0.005754rad, update time=0.131394s delay=0.255480s
[INFO] [1771003606.583104956] [icp_odometry]: Odom: ratio=0.296007, std dev=0.018349m|0.005803rad, update time=0.120069s delay=0.242199s
[INFO] [1771003606.782566582] [icp_odometry]: Odom: ratio=0.292133, std dev=0.017838m|0.005641rad, update time=0.119365s delay=0.241691s
[INFO] [1771003606.983148086] [icp_odometry]: Odom: ratio=0.290538, std dev=0.018105m|0.005725rad, update time=0.118343s delay=0.242308s
[INFO] [1771003607.181969658] [icp_odometry]: Odom: ratio=0.291637, std dev=0.018078m|0.005717rad, update time=0.120734s delay=0.241053s
[INFO] [1771003607.379672759] [icp_odometry]: Odom: ratio=0.297951, std dev=0.018276m|0.005779rad, update time=0.114064s delay=0.238859s
[INFO] [1771003607.606646533] [icp_odometry]: Odom: ratio=0.293902, std dev=0.018145m|0.005738rad, update time=0.143916s delay=0.265730s
[INFO] [1771003607.787411899] [icp_odometry]: Odom: ratio=0.291209, std dev=0.018069m|0.005714rad, update time=0.125679s delay=0.246444s
[INFO] [1771003607.984979028] [icp_odometry]: Odom: ratio=0.292014, std dev=0.018089m|0.005720rad, update time=0.118654s delay=0.244169s
[INFO] [1771003608.183771254] [icp_odometry]: Odom: ratio=0.294368, std dev=0.017930m|0.005670rad, update time=0.126595s delay=0.242910s
[INFO] [1771003608.388124537] [icp_odometry]: Odom: ratio=0.291725, std dev=0.018260m|0.005774rad, update time=0.126813s delay=0.247203s
[INFO] [1771003608.596768879] [icp_odometry]: Odom: ratio=0.292885, std dev=0.018271m|0.005778rad, update time=0.132692s delay=0.255999s
[INFO] [1771003608.792071162] [icp_odometry]: Odom: ratio=0.291780, std dev=0.018141m|0.005737rad, update time=0.127797s delay=0.251114s
[INFO] [1771003608.982187346] [icp_odometry]: Odom: ratio=0.294045, std dev=0.018034m|0.005703rad, update time=0.122898s delay=0.241366s
[INFO] [1771003609.185408365] [icp_odometry]: Odom: ratio=0.288099, std dev=0.018114m|0.005728rad, update time=0.121039s delay=0.244481s
[INFO] [1771003609.375890994] [icp_odometry]: Odom: ratio=0.286766, std dev=0.018281m|0.005781rad, update time=0.114099s delay=0.235072s
[INFO] [1771003609.592555036] [icp_odometry]: Odom: ratio=0.289794, std dev=0.018049m|0.005708rad, update time=0.129419s delay=0.251563s
[INFO] [1771003609.775891307] [icp_odometry]: Odom: ratio=0.293668, std dev=0.018216m|0.005760rad, update time=0.114442s delay=0.234981s
[INFO] [1771003609.982913641] [icp_odometry]: Odom: ratio=0.290995, std dev=0.017920m|0.005667rad, update time=0.117070s delay=0.241921s
[INFO] [1771003610.174491827] [icp_odometry]: Odom: ratio=0.294246, std dev=0.018144m|0.005738rad, update time=0.116296s delay=0.233685s
[INFO] [1771003610.392688403] [icp_odometry]: Odom: ratio=0.295796, std dev=0.017985m|0.005687rad, update time=0.127740s delay=0.251827s
[INFO] [1771003610.592365588] [icp_odometry]: Odom: ratio=0.295479, std dev=0.018219m|0.005761rad, update time=0.128534s delay=0.251351s
[INFO] [1771003610.792203483] [icp_odometry]: Odom: ratio=0.294674, std dev=0.018328m|0.005796rad, update time=0.131044s delay=0.251219s
[INFO] [1771003610.994429524] [icp_odometry]: Odom: ratio=0.291176, std dev=0.018155m|0.005741rad, update time=0.127675s delay=0.253421s
[INFO] [1771003611.175848000] [icp_odometry]: Odom: ratio=0.294049, std dev=0.018075m|0.005716rad, update time=0.114347s delay=0.234973s
[INFO] [1771003611.375285817] [icp_odometry]: Odom: ratio=0.291969, std dev=0.018156m|0.005742rad, update time=0.111918s delay=0.234419s
[INFO] [1771003611.614289766] [icp_odometry]: Odom: ratio=0.296532, std dev=0.018590m|0.005879rad, update time=0.153900s delay=0.273319s
[INFO] [1771003611.780430308] [icp_odometry]: Odom: ratio=0.290495, std dev=0.017896m|0.005659rad, update time=0.121312s delay=0.239372s
[INFO] [1771003611.976647470] [icp_odometry]: Odom: ratio=0.292348, std dev=0.018459m|0.005837rad, update time=0.113822s delay=0.235786s
[INFO] [1771003612.191839814] [icp_odometry]: Odom: ratio=0.290649, std dev=0.018278m|0.005780rad, update time=0.127873s delay=0.250967s
[INFO] [1771003612.388331961] [icp_odometry]: Odom: ratio=0.294257, std dev=0.018301m|0.005787rad, update time=0.126569s delay=0.247382s
[INFO] [1771003612.582648994] [icp_odometry]: Odom: ratio=0.293486, std dev=0.018297m|0.005786rad, update time=0.120934s delay=0.241711s
[INFO] [1771003612.795573804] [icp_odometry]: Odom: ratio=0.291489, std dev=0.018041m|0.005705rad, update time=0.127402s delay=0.254578s
[INFO] [1771003612.999307737] [icp_odometry]: Odom: ratio=0.295330, std dev=0.018282m|0.005781rad, update time=0.135569s delay=0.258438s
[INFO] [1771003613.165151340] [icp_odometry]: Odom: ratio=0.293549, std dev=0.017791m|0.005626rad, update time=0.101888s delay=0.224101s
[INFO] [1771003613.395817946] [icp_odometry]: Odom: ratio=0.293354, std dev=0.018066m|0.005713rad, update time=0.128808s delay=0.254982s
[INFO] [1771003613.594735713] [icp_odometry]: Odom: ratio=0.287580, std dev=0.018279m|0.005780rad, update time=0.132782s delay=0.253757s
[INFO] [1771003613.793879888] [icp_odometry]: Odom: ratio=0.290474, std dev=0.018025m|0.005700rad, update time=0.132759s delay=0.252829s
[INFO] [1771003613.984302674] [icp_odometry]: Odom: ratio=0.292801, std dev=0.018252m|0.005772rad, update time=0.121853s delay=0.243417s
[INFO] [1771003614.185882357] [icp_odometry]: Odom: ratio=0.292206, std dev=0.017901m|0.005661rad, update time=0.120235s delay=0.244969s
[INFO] [1771003614.393610380] [icp_odometry]: Odom: ratio=0.286827, std dev=0.018114m|0.005728rad, update time=0.131980s delay=0.252670s
[INFO] [1771003614.595433815] [icp_odometry]: Odom: ratio=0.286752, std dev=0.017997m|0.005691rad, update time=0.135395s delay=0.254329s
[INFO] [1771003614.779748871] [icp_odometry]: Odom: ratio=0.293143, std dev=0.018025m|0.005700rad, update time=0.120634s delay=0.238913s
[INFO] [1771003615.003232477] [icp_odometry]: Odom: ratio=0.290590, std dev=0.018031m|0.005702rad, update time=0.139243s delay=0.262248s
[INFO] [1771003615.180224272] [icp_odometry]: Odom: ratio=0.297211, std dev=0.017970m|0.005683rad, update time=0.122040s delay=0.239301s
[INFO] [1771003615.382395144] [icp_odometry]: Odom: ratio=0.293298, std dev=0.018519m|0.005856rad, update time=0.121691s delay=0.241468s
[INFO] [1771003615.593793885] [icp_odometry]: Odom: ratio=0.290095, std dev=0.018042m|0.005705rad, update time=0.128355s delay=0.252814s
[INFO] [1771003615.773927645] [icp_odometry]: Odom: ratio=0.297375, std dev=0.018002m|0.005693rad, update time=0.112968s delay=0.233021s
[INFO] [1771003615.970257131] [icp_odometry]: Odom: ratio=0.292770, std dev=0.018235m|0.005766rad, update time=0.112313s delay=0.229350s
[INFO] [1771003616.200047706] [icp_odometry]: Odom: ratio=0.293987, std dev=0.018353m|0.005804rad, update time=0.136185s delay=0.259115s
[INFO] [1771003616.392363517] [icp_odometry]: Odom: ratio=0.294134, std dev=0.018039m|0.005704rad, update time=0.129696s delay=0.251378s
[INFO] [1771003616.583906822] [icp_odometry]: Odom: ratio=0.296784, std dev=0.018140m|0.005736rad, update time=0.122516s delay=0.242984s
[INFO] [1771003616.792426584] [icp_odometry]: Odom: ratio=0.288983, std dev=0.017801m|0.005629rad, update time=0.126287s delay=0.251556s
[INFO] [1771003616.971940419] [icp_odometry]: Odom: ratio=0.290397, std dev=0.018307m|0.005789rad, update time=0.114123s delay=0.230949s
[INFO] [1771003617.175423559] [icp_odometry]: Odom: ratio=0.290462, std dev=0.018130m|0.005733rad, update time=0.114963s delay=0.234483s
[INFO] [1771003617.391919948] [icp_odometry]: Odom: ratio=0.297816, std dev=0.018331m|0.005797rad, update time=0.125329s delay=0.251046s
[INFO] [1771003617.586799848] [icp_odometry]: Odom: ratio=0.295770, std dev=0.018008m|0.005695rad, update time=0.123575s delay=0.245786s
[INFO] [1771003617.788476111] [icp_odometry]: Odom: ratio=0.291311, std dev=0.017925m|0.005668rad, update time=0.118053s delay=0.247469s
[INFO] [1771003617.994709682] [icp_odometry]: Odom: ratio=0.291024, std dev=0.018091m|0.005721rad, update time=0.130416s delay=0.253703s
[INFO] [1771003618.168005990] [icp_odometry]: Odom: ratio=0.294232, std dev=0.018013m|0.005696rad, update time=0.110398s delay=0.226988s
[INFO] [1771003618.282234983] [icp_odometry]: Odom: ratio=0.293211, std dev=0.018272m|0.005778rad, update time=0.111946s delay=0.241234s
[INFO] [1771003618.479281037] [icp_odometry]: Odom: ratio=0.292251, std dev=0.017720m|0.005604rad, update time=0.119937s delay=0.238277s
[INFO] [1771003618.696281636] [icp_odometry]: Odom: ratio=0.290612, std dev=0.018003m|0.005693rad, update time=0.130275s delay=0.255358s
[INFO] [1771003618.896513272] [icp_odometry]: Odom: ratio=0.293168, std dev=0.018046m|0.005707rad, update time=0.131389s delay=0.255398s
[INFO] [1771003619.104594427] [icp_odometry]: Odom: ratio=0.296090, std dev=0.018140m|0.005736rad, update time=0.136538s delay=0.263593s
[INFO] [1771003619.295609362] [icp_odometry]: Odom: ratio=0.295569, std dev=0.018184m|0.005750rad, update time=0.138691s delay=0.254677s
[INFO] [1771003619.476791510] [icp_odometry]: Odom: ratio=0.290968, std dev=0.018371m|0.005809rad, update time=0.118711s delay=0.235702s
[INFO] [1771003619.693751051] [icp_odometry]: Odom: ratio=0.293469, std dev=0.018045m|0.005706rad, update time=0.128426s delay=0.252795s
[INFO] [1771003619.907963329] [icp_odometry]: Odom: ratio=0.293466, std dev=0.018418m|0.005824rad, update time=0.142705s delay=0.266877s
[INFO] [1771003620.091326416] [icp_odometry]: Odom: ratio=0.295014, std dev=0.018607m|0.005884rad, update time=0.132261s delay=0.250198s
[INFO] [1771003620.280615339] [icp_odometry]: Odom: ratio=0.293036, std dev=0.018324m|0.005795rad, update time=0.119627s delay=0.239521s
[INFO] [1771003620.509973900] [icp_odometry]: Odom: ratio=0.293457, std dev=0.018223m|0.005763rad, update time=0.150960s delay=0.268987s
[INFO] [1771003620.696452806] [icp_odometry]: Odom: ratio=0.293728, std dev=0.018199m|0.005755rad, update time=0.137487s delay=0.255329s
[INFO] [1771003620.879862903] [icp_odometry]: Odom: ratio=0.290308, std dev=0.017899m|0.005660rad, update time=0.116426s delay=0.238718s
[INFO] [1771003621.084939122] [icp_odometry]: Odom: ratio=0.291870, std dev=0.018136m|0.005735rad, update time=0.118576s delay=0.243916s
[INFO] [1771003621.271067361] [icp_odometry]: Odom: ratio=0.290498, std dev=0.018232m|0.005765rad, update time=0.109204s delay=0.230029s
[INFO] [1771003621.468907971] [icp_odometry]: Odom: ratio=0.293425, std dev=0.017913m|0.005665rad, update time=0.108963s delay=0.227930s
[INFO] [1771003621.686207971] [icp_odometry]: Odom: ratio=0.296344, std dev=0.017929m|0.005670rad, update time=0.119385s delay=0.245225s
[INFO] [1771003621.886035978] [icp_odometry]: Odom: ratio=0.294892, std dev=0.017984m|0.005687rad, update time=0.118761s delay=0.245118s
[INFO] [1771003622.100697200] [icp_odometry]: Odom: ratio=0.291393, std dev=0.018181m|0.005749rad, update time=0.136180s delay=0.259672s
[INFO] [1771003622.280222139] [icp_odometry]: Odom: ratio=0.294076, std dev=0.018240m|0.005768rad, update time=0.119112s delay=0.239124s
[INFO] [1771003622.492197124] [icp_odometry]: Odom: ratio=0.290190, std dev=0.018187m|0.005751rad, update time=0.133189s delay=0.251251s
[INFO] [1771003622.702973476] [icp_odometry]: Odom: ratio=0.290604, std dev=0.018195m|0.005754rad, update time=0.142253s delay=0.261902s
[INFO] [1771003622.893390438] [icp_odometry]: Odom: ratio=0.291090, std dev=0.017974m|0.005684rad, update time=0.132803s delay=0.252364s
[INFO] [1771003623.073856497] [icp_odometry]: Odom: ratio=0.289572, std dev=0.018278m|0.005780rad, update time=0.111168s delay=0.232275s
[INFO] [1771003623.279483295] [icp_odometry]: Odom: ratio=0.290049, std dev=0.018036m|0.005704rad, update time=0.113311s delay=0.238547s
[INFO] [1771003623.491250113] [icp_odometry]: Odom: ratio=0.288433, std dev=0.017962m|0.005680rad, update time=0.130451s delay=0.250254s
[INFO] [1771003623.675284040] [icp_odometry]: Odom: ratio=0.289950, std dev=0.017965m|0.005681rad, update time=0.117310s delay=0.234212s
[INFO] [1771003623.863725990] [icp_odometry]: Odom: ratio=0.288782, std dev=0.018184m|0.005750rad, update time=0.105409s delay=0.222719s
[INFO] [1771003623.984588523] [icp_odometry]: Odom: ratio=0.290637, std dev=0.018179m|0.005749rad, update time=0.116059s delay=0.243532s
[INFO] [1771003624.201809513] [icp_odometry]: Odom: ratio=0.291707, std dev=0.018302m|0.005788rad, update time=0.133707s delay=0.260737s
[INFO] [1771003624.376977054] [icp_odometry]: Odom: ratio=0.290033, std dev=0.018366m|0.005808rad, update time=0.120490s delay=0.235996s
[INFO] [1771003624.572069697] [icp_odometry]: Odom: ratio=0.288347, std dev=0.018149m|0.005739rad, update time=0.112171s delay=0.231023s
[INFO] [1771003624.789290623] [icp_odometry]: Odom: ratio=0.290538, std dev=0.017801m|0.005629rad, update time=0.131242s delay=0.248268s
[INFO] [1771003625.011263680] [icp_odometry]: Odom: ratio=0.291733, std dev=0.018113m|0.005728rad, update time=0.143632s delay=0.270353s
[INFO] [1771003625.191900530] [icp_odometry]: Odom: ratio=0.296655, std dev=0.018207m|0.005758rad, update time=0.129648s delay=0.250775s
[INFO] [1771003625.379064452] [icp_odometry]: Odom: ratio=0.292681, std dev=0.017995m|0.005691rad, update time=0.119359s delay=0.237956s
[INFO] [1771003625.593565988] [icp_odometry]: Odom: ratio=0.293122, std dev=0.017984m|0.005687rad, update time=0.130863s delay=0.252605s
[INFO] [1771003625.793353609] [icp_odometry]: Odom: ratio=0.296076, std dev=0.018180m|0.005749rad, update time=0.130916s delay=0.252244s
[INFO] [1771003625.978382578] [icp_odometry]: Odom: ratio=0.292700, std dev=0.017827m|0.005637rad, update time=0.118298s delay=0.237251s
[INFO] [1771003626.177378139] [icp_odometry]: Odom: ratio=0.292565, std dev=0.018107m|0.005726rad, update time=0.113348s delay=0.236276s
[INFO] [1771003626.384353432] [icp_odometry]: Odom: ratio=0.294933, std dev=0.017943m|0.005674rad, update time=0.117593s delay=0.243277s
[INFO] [1771003626.597035642] [icp_odometry]: Odom: ratio=0.289505, std dev=0.018473m|0.005842rad, update time=0.133169s delay=0.255920s
[INFO] [1771003626.776555397] [icp_odometry]: Odom: ratio=0.292786, std dev=0.018319m|0.005793rad, update time=0.117966s delay=0.235429s
[INFO] [1771003626.983748585] [icp_odometry]: Odom: ratio=0.292770, std dev=0.018081m|0.005718rad, update time=0.124442s delay=0.242693s
[INFO] [1771003627.186071333] [icp_odometry]: Odom: ratio=0.292055, std dev=0.018312m|0.005791rad, update time=0.121023s delay=0.245151s
[INFO] [1771003627.398198804] [icp_odometry]: Odom: ratio=0.296070, std dev=0.018171m|0.005746rad, update time=0.135747s delay=0.257146s
[INFO] [1771003627.578488185] [icp_odometry]: Odom: ratio=0.294751, std dev=0.018340m|0.005800rad, update time=0.120577s delay=0.237325s
[INFO] [1771003627.790100086] [icp_odometry]: Odom: ratio=0.289796, std dev=0.018056m|0.005710rad, update time=0.123739s delay=0.249034s
[INFO] [1771003627.981864166] [icp_odometry]: Odom: ratio=0.292911, std dev=0.018511m|0.005854rad, update time=0.121710s delay=0.240880s
[INFO] [1771003628.172171525] [icp_odometry]: Odom: ratio=0.293285, std dev=0.018199m|0.005755rad, update time=0.112618s delay=0.231036s
[INFO] [1771003628.385508061] [icp_odometry]: Odom: ratio=0.294950, std dev=0.017743m|0.005611rad, update time=0.119975s delay=0.244013s
[INFO] [1771003628.594315833] [icp_odometry]: Odom: ratio=0.297048, std dev=0.018175m|0.005747rad, update time=0.130553s delay=0.253170s
[INFO] [1771003628.782715957] [icp_odometry]: Odom: ratio=0.289925, std dev=0.018173m|0.005747rad, update time=0.119998s delay=0.241695s
[INFO] [1771003629.000994648] [icp_odometry]: Odom: ratio=0.296365, std dev=0.018281m|0.005781rad, update time=0.137096s delay=0.260015s
[INFO] [1771003629.178718949] [icp_odometry]: Odom: ratio=0.295422, std dev=0.018458m|0.005837rad, update time=0.119576s delay=0.237749s
[INFO] [1771003629.382307085] [icp_odometry]: Odom: ratio=0.288989, std dev=0.018244m|0.005769rad, update time=0.120311s delay=0.241308s
[INFO] [1771003629.568066990] [icp_odometry]: Odom: ratio=0.289014, std dev=0.018114m|0.005728rad, update time=0.101968s delay=0.227026s
[INFO] [1771003629.795603024] [icp_odometry]: Odom: ratio=0.291247, std dev=0.018047m|0.005707rad, update time=0.130424s delay=0.254440s
[INFO] [1771003629.983965803] [icp_odometry]: Odom: ratio=0.292035, std dev=0.017996m|0.005691rad, update time=0.122882s delay=0.242990s
[INFO] [1771003630.195127960] [icp_odometry]: Odom: ratio=0.296023, std dev=0.018211m|0.005759rad, update time=0.131852s delay=0.254150s
[INFO] [1771003630.390224124] [icp_odometry]: Odom: ratio=0.293298, std dev=0.018160m|0.005743rad, update time=0.133126s delay=0.249252s
[INFO] [1771003630.604688507] [icp_odometry]: Odom: ratio=0.293172, std dev=0.017850m|0.005645rad, update time=0.144233s delay=0.263660s
[INFO] [1771003630.787563865] [icp_odometry]: Odom: ratio=0.296457, std dev=0.018496m|0.005849rad, update time=0.129687s delay=0.246584s
[INFO] [1771003630.987974484] [icp_odometry]: Odom: ratio=0.296461, std dev=0.018198m|0.005755rad, update time=0.125432s delay=0.246934s
[INFO] [1771003631.191982890] [icp_odometry]: Odom: ratio=0.291439, std dev=0.018256m|0.005773rad, update time=0.133858s delay=0.250828s
[INFO] [1771003631.385373075] [icp_odometry]: Odom: ratio=0.293810, std dev=0.018260m|0.005774rad, update time=0.126391s delay=0.244264s
[INFO] [1771003631.608468251] [icp_odometry]: Odom: ratio=0.289883, std dev=0.017921m|0.005667rad, update time=0.142099s delay=0.267254s
[INFO] [1771003631.776085932] [icp_odometry]: Odom: ratio=0.291032, std dev=0.018370m|0.005809rad, update time=0.118390s delay=0.234950s
[INFO] [1771003631.981974403] [icp_odometry]: Odom: ratio=0.290852, std dev=0.017809m|0.005632rad, update time=0.116185s delay=0.240838s
[INFO] [1771003632.191012103] [icp_odometry]: Odom: ratio=0.292393, std dev=0.018599m|0.005882rad, update time=0.125063s delay=0.249962s
[INFO] [1771003632.384049348] [icp_odometry]: Odom: ratio=0.294818, std dev=0.018057m|0.005710rad, update time=0.121449s delay=0.243049s
[INFO] [1771003632.591300426] [icp_odometry]: Odom: ratio=0.294664, std dev=0.018161m|0.005743rad, update time=0.132381s delay=0.250325s
[INFO] [1771003632.779667462] [icp_odometry]: Odom: ratio=0.294332, std dev=0.018053m|0.005709rad, update time=0.119628s delay=0.238605s
[INFO] [1771003632.994363981] [icp_odometry]: Odom: ratio=0.292287, std dev=0.018184m|0.005750rad, update time=0.129817s delay=0.253314s
[INFO] [1771003633.185519304] [icp_odometry]: Odom: ratio=0.293203, std dev=0.018012m|0.005696rad, update time=0.119823s delay=0.244556s
[INFO] [1771003633.383507599] [icp_odometry]: Odom: ratio=0.296023, std dev=0.017963m|0.005680rad, update time=0.116960s delay=0.242512s
[INFO] [1771003633.593425426] [icp_odometry]: Odom: ratio=0.291769, std dev=0.017991m|0.005689rad, update time=0.131178s delay=0.252295s
[INFO] [1771003633.796757969] [icp_odometry]: Odom: ratio=0.289303, std dev=0.017922m|0.005668rad, update time=0.134615s delay=0.255695s
[INFO] [1771003633.988734729] [icp_odometry]: Odom: ratio=0.290798, std dev=0.018121m|0.005730rad, update time=0.126796s delay=0.247649s
[INFO] [1771003634.189469167] [icp_odometry]: Odom: ratio=0.291208, std dev=0.018118m|0.005729rad, update time=0.127583s delay=0.248442s
[INFO] [1771003634.384851324] [icp_odometry]: Odom: ratio=0.292072, std dev=0.018181m|0.005749rad, update time=0.124342s delay=0.243745s
[INFO] [1771003634.607987878] [icp_odometry]: Odom: ratio=0.291834, std dev=0.017854m|0.005646rad, update time=0.143429s delay=0.266962s
[INFO] [1771003634.790575258] [icp_odometry]: Odom: ratio=0.287888, std dev=0.018065m|0.005713rad, update time=0.133202s delay=0.249515s
[INFO] [1771003634.992232256] [icp_odometry]: Odom: ratio=0.291196, std dev=0.017975m|0.005684rad, update time=0.125157s delay=0.251065s
[INFO] [1771003635.181882823] [icp_odometry]: Odom: ratio=0.297456, std dev=0.017976m|0.005684rad, update time=0.123787s delay=0.240792s
[INFO] [1771003635.405604453] [icp_odometry]: Odom: ratio=0.294529, std dev=0.017784m|0.005624rad, update time=0.135782s delay=0.264527s
[INFO] [1771003635.598295638] [icp_odometry]: Odom: ratio=0.294750, std dev=0.018045m|0.005706rad, update time=0.139399s delay=0.257293s
[INFO] [1771003635.784030519] [icp_odometry]: Odom: ratio=0.295283, std dev=0.018183m|0.005750rad, update time=0.124326s delay=0.242846s
[INFO] [1771003636.007703635] [icp_odometry]: Odom: ratio=0.293850, std dev=0.018270m|0.005777rad, update time=0.146285s delay=0.266629s
[INFO] [1771003636.181080074] [icp_odometry]: Odom: ratio=0.294343, std dev=0.018385m|0.005814rad, update time=0.116569s delay=0.239952s
[INFO] [1771003636.384307366] [icp_odometry]: Odom: ratio=0.290092, std dev=0.018310m|0.005790rad, update time=0.119645s delay=0.243258s
[INFO] [1771003636.591679856] [icp_odometry]: Odom: ratio=0.295043, std dev=0.018056m|0.005710rad, update time=0.131184s delay=0.250591s
[INFO] [1771003636.787484492] [icp_odometry]: Odom: ratio=0.291791, std dev=0.018310m|0.005790rad, update time=0.130639s delay=0.246333s
[INFO] [1771003636.987488569] [icp_odometry]: Odom: ratio=0.292679, std dev=0.017818m|0.005634rad, update time=0.124226s delay=0.246429s
[INFO] [1771003637.183916170] [icp_odometry]: Odom: ratio=0.290885, std dev=0.018230m|0.005765rad, update time=0.122679s delay=0.242419s
[INFO] [1771003637.388434674] [icp_odometry]: Odom: ratio=0.291238, std dev=0.018171m|0.005746rad, update time=0.126372s delay=0.247277s
[INFO] [1771003637.591627949] [icp_odometry]: Odom: ratio=0.296377, std dev=0.018098m|0.005723rad, update time=0.125244s delay=0.250465s
[INFO] [1771003637.799948952] [icp_odometry]: Odom: ratio=0.294971, std dev=0.018053m|0.005709rad, update time=0.136216s delay=0.258832s
[INFO] [1771003637.996240805] [icp_odometry]: Odom: ratio=0.296472, std dev=0.018078m|0.005717rad, update time=0.136138s delay=0.255177s
[INFO] [1771003638.184971565] [icp_odometry]: Odom: ratio=0.296697, std dev=0.018073m|0.005715rad, update time=0.121248s delay=0.243920s
[INFO] [1771003638.396583113] [icp_odometry]: Odom: ratio=0.291795, std dev=0.018091m|0.005721rad, update time=0.133671s delay=0.255478s
[INFO] [1771003638.599404919] [icp_odometry]: Odom: ratio=0.294482, std dev=0.017832m|0.005639rad, update time=0.133527s delay=0.258324s
[INFO] [1771003638.788728852] [icp_odometry]: Odom: ratio=0.291339, std dev=0.018150m|0.005739rad, update time=0.121723s delay=0.247581s
[INFO] [1771003638.973426929] [icp_odometry]: Odom: ratio=0.290303, std dev=0.017960m|0.005679rad, update time=0.112261s delay=0.232351s
[INFO] [1771003639.194503188] [icp_odometry]: Odom: ratio=0.290536, std dev=0.018080m|0.005717rad, update time=0.133955s delay=0.253364s
[INFO] [1771003639.366295444] [icp_odometry]: Odom: ratio=0.286462, std dev=0.018137m|0.005735rad, update time=0.106730s delay=0.225100s
[INFO] [1771003639.479558739] [icp_odometry]: Odom: ratio=0.291129, std dev=0.017865m|0.005649rad, update time=0.112003s delay=0.238348s
[INFO] [1771003639.697987099] [icp_odometry]: Odom: ratio=0.288458, std dev=0.018240m|0.005768rad, update time=0.136190s delay=0.256759s
[INFO] [1771003639.887075631] [icp_odometry]: Odom: ratio=0.295718, std dev=0.018173m|0.005747rad, update time=0.127532s delay=0.246027s
[INFO] [1771003640.081975372] [icp_odometry]: Odom: ratio=0.293644, std dev=0.018140m|0.005736rad, update time=0.122462s delay=0.240770s
[INFO] [1771003640.273931171] [icp_odometry]: Odom: ratio=0.297989, std dev=0.018410m|0.005822rad, update time=0.114799s delay=0.232784s
[INFO] [1771003640.480820893] [icp_odometry]: Odom: ratio=0.294118, std dev=0.018044m|0.005706rad, update time=0.118276s delay=0.239564s
[INFO] [1771003640.696307999] [icp_odometry]: Odom: ratio=0.292036, std dev=0.018207m|0.005758rad, update time=0.131063s delay=0.255146s
[INFO] [1771003640.882619572] [icp_odometry]: Odom: ratio=0.289201, std dev=0.017660m|0.005585rad, update time=0.125289s delay=0.241469s
[INFO] [1771003641.104064611] [icp_odometry]: Odom: ratio=0.290567, std dev=0.017691m|0.005594rad, update time=0.136525s delay=0.262897s
[INFO] [1771003641.309019963] [icp_odometry]: Odom: ratio=0.293309, std dev=0.017945m|0.005675rad, update time=0.141814s delay=0.267794s
[INFO] [1771003641.491134111] [icp_odometry]: Odom: ratio=0.287627, std dev=0.017946m|0.005675rad, update time=0.131296s delay=0.250046s
[INFO] [1771003641.693093647] [icp_odometry]: Odom: ratio=0.304088, std dev=0.017987m|0.005688rad, update time=0.129281s delay=0.253817s
[INFO] [1771003641.875562495] [icp_odometry]: Odom: ratio=0.294081, std dev=0.017736m|0.005609rad, update time=0.113239s delay=0.234442s
[INFO] [1771003642.096345624] [icp_odometry]: Odom: ratio=0.291663, std dev=0.018009m|0.005695rad, update time=0.132184s delay=0.255267s
[INFO] [1771003642.306208728] [icp_odometry]: Odom: ratio=0.291652, std dev=0.018024m|0.005700rad, update time=0.143864s delay=0.264922s
[INFO] [1771003642.489001108] [icp_odometry]: Odom: ratio=0.289889, std dev=0.018109m|0.005726rad, update time=0.131916s delay=0.247768s
[INFO] [1771003642.680866728] [icp_odometry]: Odom: ratio=0.287609, std dev=0.017831m|0.005639rad, update time=0.118984s delay=0.239692s
[INFO] [1771003642.874622973] [icp_odometry]: Odom: ratio=0.288139, std dev=0.018399m|0.005818rad, update time=0.113338s delay=0.233432s
[INFO] [1771003643.085478240] [icp_odometry]: Odom: ratio=0.289481, std dev=0.018219m|0.005761rad, update time=0.120793s delay=0.244289s
[INFO] [1771003643.294639144] [icp_odometry]: Odom: ratio=0.293160, std dev=0.017983m|0.005687rad, update time=0.131450s delay=0.253442s
[INFO] [1771003643.484316528] [icp_odometry]: Odom: ratio=0.292126, std dev=0.018030m|0.005702rad, update time=0.116887s delay=0.243142s
[INFO] [1771003643.667317939] [icp_odometry]: Odom: ratio=0.291549, std dev=0.017907m|0.005663rad, update time=0.108376s delay=0.226209s
[INFO] [1771003643.888197743] [icp_odometry]: Odom: ratio=0.291015, std dev=0.018362m|0.005807rad, update time=0.121620s delay=0.247010s
[INFO] [1771003644.089359172] [icp_odometry]: Odom: ratio=0.293601, std dev=0.018318m|0.005793rad, update time=0.129500s delay=0.248244s
[INFO] [1771003644.275616918] [icp_odometry]: Odom: ratio=0.294302, std dev=0.018037m|0.005704rad, update time=0.114192s delay=0.234355s
[INFO] [1771003644.492412102] [icp_odometry]: Odom: ratio=0.294129, std dev=0.018181m|0.005749rad, update time=0.126921s delay=0.251291s
[INFO] [1771003644.696762344] [icp_odometry]: Odom: ratio=0.289698, std dev=0.018004m|0.005693rad, update time=0.134481s delay=0.255554s
[INFO] [1771003644.881953238] [icp_odometry]: Odom: ratio=0.296491, std dev=0.018263m|0.005775rad, update time=0.121725s delay=0.240795s
[INFO] [1771003645.122993449] [icp_odometry]: Odom: ratio=0.294333, std dev=0.017959m|0.005679rad, update time=0.156863s delay=0.281583s
[INFO] [1771003645.282498338] [icp_odometry]: Odom: ratio=0.292665, std dev=0.018002m|0.005693rad, update time=0.123908s delay=0.241257s
[INFO] [1771003645.492829618] [icp_odometry]: Odom: ratio=0.288453, std dev=0.018027m|0.005700rad, update time=0.125640s delay=0.251603s
[INFO] [1771003645.679815518] [icp_odometry]: Odom: ratio=0.294231, std dev=0.018002m|0.005693rad, update time=0.121150s delay=0.238674s
[INFO] [1771003645.889274769] [icp_odometry]: Odom: ratio=0.290249, std dev=0.017769m|0.005619rad, update time=0.122988s delay=0.247970s
[INFO] [1771003646.088007794] [icp_odometry]: Odom: ratio=0.293750, std dev=0.017611m|0.005569rad, update time=0.128226s delay=0.246756s
[INFO] [1771003646.278396595] [icp_odometry]: Odom: ratio=0.293407, std dev=0.017936m|0.005672rad, update time=0.116449s delay=0.237173s
[INFO] [1771003646.500279569] [icp_odometry]: Odom: ratio=0.292647, std dev=0.018268m|0.005777rad, update time=0.134907s delay=0.259024s
[INFO] [1771003646.701114555] [icp_odometry]: Odom: ratio=0.298662, std dev=0.017931m|0.005670rad, update time=0.135456s delay=0.259871s
[INFO] [1771003646.882085495] [icp_odometry]: Odom: ratio=0.292598, std dev=0.017959m|0.005679rad, update time=0.119293s delay=0.240825s
[INFO] [1771003647.092648976] [icp_odometry]: Odom: ratio=0.293025, std dev=0.018118m|0.005729rad, update time=0.129050s delay=0.251451s
[INFO] [1771003647.325104763] [icp_odometry]: Odom: ratio=0.293812, std dev=0.018324m|0.005795rad, update time=0.157939s delay=0.283962s
[INFO] [1771003647.487289424] [icp_odometry]: Odom: ratio=0.292723, std dev=0.017948m|0.005676rad, update time=0.130027s delay=0.246011s
[INFO] [1771003647.693959458] [icp_odometry]: Odom: ratio=0.289249, std dev=0.018360m|0.005806rad, update time=0.129732s delay=0.252757s
[INFO] [1771003647.897159005] [icp_odometry]: Odom: ratio=0.289478, std dev=0.018175m|0.005748rad, update time=0.133536s delay=0.255894s
[INFO] [1771003648.087911211] [icp_odometry]: Odom: ratio=0.293096, std dev=0.018249m|0.005771rad, update time=0.120934s delay=0.246779s
[INFO] [1771003648.301684882] [icp_odometry]: Odom: ratio=0.293350, std dev=0.017811m|0.005632rad, update time=0.135239s delay=0.260414s
[INFO] [1771003648.472634165] [icp_odometry]: Odom: ratio=0.288850, std dev=0.017845m|0.005643rad, update time=0.116312s delay=0.231437s
[INFO] [1771003648.693539314] [icp_odometry]: Odom: ratio=0.288124, std dev=0.017715m|0.005602rad, update time=0.125395s delay=0.252256s
[INFO] [1771003648.915337070] [icp_odometry]: Odom: ratio=0.295163, std dev=0.017931m|0.005670rad, update time=0.160077s delay=0.274122s
[INFO] [1771003649.075832553] [icp_odometry]: Odom: ratio=0.292442, std dev=0.018217m|0.005761rad, update time=0.116996s delay=0.234605s
[INFO] [1771003649.296357721] [icp_odometry]: Odom: ratio=0.299126, std dev=0.018083m|0.005718rad, update time=0.130625s delay=0.255194s
[INFO] [1771003649.500528885] [icp_odometry]: Odom: ratio=0.294296, std dev=0.017829m|0.005638rad, update time=0.134703s delay=0.259356s
[INFO] [1771003649.705152289] [icp_odometry]: Odom: ratio=0.296134, std dev=0.018051m|0.005708rad, update time=0.146415s delay=0.263982s
[INFO] [1771003649.908208246] [icp_odometry]: Odom: ratio=0.296589, std dev=0.018094m|0.005722rad, update time=0.151234s delay=0.266950s
[INFO] [1771003650.084606902] [icp_odometry]: Odom: ratio=0.295028, std dev=0.018236m|0.005767rad, update time=0.125805s delay=0.243399s
[INFO] [1771003650.308827237] [icp_odometry]: Odom: ratio=0.297226, std dev=0.018153m|0.005741rad, update time=0.141147s delay=0.267504s
[INFO] [1771003650.481141367] [icp_odometry]: Odom: ratio=0.293651, std dev=0.018204m|0.005757rad, update time=0.124082s delay=0.239771s
[INFO] [1771003650.700589410] [icp_odometry]: Odom: ratio=0.291605, std dev=0.017905m|0.005662rad, update time=0.134499s delay=0.259460s
[INFO] [1771003650.890822974] [icp_odometry]: Odom: ratio=0.292117, std dev=0.017785m|0.005624rad, update time=0.129691s delay=0.249648s
[INFO] [1771003651.089776742] [icp_odometry]: Odom: ratio=0.292139, std dev=0.017845m|0.005643rad, update time=0.126291s delay=0.248641s
[INFO] [1771003651.285696422] [icp_odometry]: Odom: ratio=0.288412, std dev=0.018053m|0.005709rad, update time=0.121360s delay=0.244396s
[INFO] [1771003651.501202473] [icp_odometry]: Odom: ratio=0.292670, std dev=0.018360m|0.005806rad, update time=0.136506s delay=0.259935s
[INFO] [1771003651.714175124] [icp_odometry]: Odom: ratio=0.295448, std dev=0.018065m|0.005713rad, update time=0.149881s delay=0.272855s
[INFO] [1771003651.910626406] [icp_odometry]: Odom: ratio=0.294218, std dev=0.017764m|0.005617rad, update time=0.153278s delay=0.269315s
[INFO] [1771003652.077305207] [icp_odometry]: Odom: ratio=0.294180, std dev=0.018066m|0.005713rad, update time=0.114987s delay=0.236059s
[INFO] [1771003652.288851697] [icp_odometry]: Odom: ratio=0.290373, std dev=0.018091m|0.005721rad, update time=0.121758s delay=0.247529s
[INFO] [1771003652.470683947] [icp_odometry]: Odom: ratio=0.292550, std dev=0.018020m|0.005698rad, update time=0.113018s delay=0.229306s
[INFO] [1771003652.687389719] [icp_odometry]: Odom: ratio=0.290284, std dev=0.017880m|0.005654rad, update time=0.123106s delay=0.246073s
[INFO] [1771003652.881240624] [icp_odometry]: Odom: ratio=0.290242, std dev=0.018199m|0.005755rad, update time=0.118766s delay=0.240054s
[INFO] [1771003653.100202858] [icp_odometry]: Odom: ratio=0.288751, std dev=0.018127m|0.005732rad, update time=0.137182s delay=0.258955s
[INFO] [1771003653.274344187] [icp_odometry]: Odom: ratio=0.296048, std dev=0.017802m|0.005629rad, update time=0.112487s delay=0.233136s
[INFO] [1771003653.507292151] [icp_odometry]: Odom: ratio=0.293484, std dev=0.017895m|0.005659rad, update time=0.141011s delay=0.266020s
[INFO] [1771003653.678401664] [icp_odometry]: Odom: ratio=0.290083, std dev=0.017940m|0.005673rad, update time=0.120203s delay=0.237110s
[INFO] [1771003653.896164081] [icp_odometry]: Odom: ratio=0.294128, std dev=0.017953m|0.005677rad, update time=0.128481s delay=0.254905s
[INFO] [1771003654.082352641] [icp_odometry]: Odom: ratio=0.293546, std dev=0.017873m|0.005652rad, update time=0.121763s delay=0.241076s
[INFO] [1771003654.296675291] [icp_odometry]: Odom: ratio=0.296218, std dev=0.017966m|0.005681rad, update time=0.134986s delay=0.255398s
[INFO] [1771003654.496318459] [icp_odometry]: Odom: ratio=0.294027, std dev=0.017953m|0.005677rad, update time=0.130303s delay=0.255117s
[INFO] [1771003654.680035927] [icp_odometry]: Odom: ratio=0.294179, std dev=0.018437m|0.005830rad, update time=0.118069s delay=0.238657s
[INFO] [1771003654.882169901] [icp_odometry]: Odom: ratio=0.292796, std dev=0.018077m|0.005717rad, update time=0.117254s delay=0.240774s
[INFO] [1771003655.079872426] [icp_odometry]: Odom: ratio=0.292585, std dev=0.018073m|0.005715rad, update time=0.121734s delay=0.238582s
[INFO] [1771003655.282440591] [icp_odometry]: Odom: ratio=0.293677, std dev=0.018349m|0.005803rad, update time=0.120816s delay=0.241150s
[INFO] [1771003655.475070749] [icp_odometry]: Odom: ratio=0.292160, std dev=0.017834m|0.005640rad, update time=0.111453s delay=0.233864s
[INFO] [1771003655.685174822] [icp_odometry]: Odom: ratio=0.293010, std dev=0.018189m|0.005752rad, update time=0.120416s delay=0.243898s
[INFO] [1771003655.899316698] [icp_odometry]: Odom: ratio=0.292271, std dev=0.017922m|0.005667rad, update time=0.135268s delay=0.258177s
[INFO] [1771003656.102077381] [icp_odometry]: Odom: ratio=0.292086, std dev=0.017668m|0.005587rad, update time=0.136850s delay=0.260769s
[INFO] [1771003656.299848261] [icp_odometry]: Odom: ratio=0.290475, std dev=0.017922m|0.005668rad, update time=0.143028s delay=0.258587s
[INFO] [1771003656.489223043] [icp_odometry]: Odom: ratio=0.290580, std dev=0.017971m|0.005683rad, update time=0.129835s delay=0.247793s
[INFO] [1771003656.674151176] [icp_odometry]: Odom: ratio=0.295638, std dev=0.018330m|0.005797rad, update time=0.112440s delay=0.232963s
[INFO] [1771003656.892683060] [icp_odometry]: Odom: ratio=0.295975, std dev=0.017989m|0.005688rad, update time=0.134173s delay=0.251366s
[INFO] [1771003657.086221921] [icp_odometry]: Odom: ratio=0.290666, std dev=0.017770m|0.005619rad, update time=0.124892s delay=0.244895s
[INFO] [1771003657.273739712] [icp_odometry]: Odom: ratio=0.288841, std dev=0.017952m|0.005677rad, update time=0.112879s delay=0.232382s
[INFO] [1771003657.480204683] [icp_odometry]: Odom: ratio=0.293886, std dev=0.018059m|0.005711rad, update time=0.118450s delay=0.238990s
[INFO] [1771003657.696291714] [icp_odometry]: Odom: ratio=0.291811, std dev=0.017922m|0.005668rad, update time=0.131856s delay=0.255087s
[INFO] [1771003657.885649023] [icp_odometry]: Odom: ratio=0.292661, std dev=0.017854m|0.005646rad, update time=0.124365s delay=0.244241s
[INFO] [1771003658.108973104] [icp_odometry]: Odom: ratio=0.292720, std dev=0.017922m|0.005667rad, update time=0.148361s delay=0.267774s
[INFO] [1771003658.293794449] [icp_odometry]: Odom: ratio=0.290377, std dev=0.018093m|0.005721rad, update time=0.134668s delay=0.252495s
[INFO] [1771003658.496776900] [icp_odometry]: Odom: ratio=0.289770, std dev=0.018075m|0.005716rad, update time=0.137782s delay=0.255450s
[INFO] [1771003658.687223528] [icp_odometry]: Odom: ratio=0.291721, std dev=0.018068m|0.005714rad, update time=0.125869s delay=0.245870s
[INFO] [1771003658.927103602] [icp_odometry]: Odom: ratio=0.294102, std dev=0.017874m|0.005652rad, update time=0.161181s delay=0.285815s
[INFO] [1771003659.099359619] [icp_odometry]: Odom: ratio=0.288872, std dev=0.018017m|0.005697rad, update time=0.138538s delay=0.258031s
[INFO] [1771003659.284426284] [icp_odometry]: Odom: ratio=0.294752, std dev=0.018138m|0.005736rad, update time=0.125999s delay=0.243045s
[INFO] [1771003659.515549962] [icp_odometry]: Odom: ratio=0.294241, std dev=0.018265m|0.005776rad, update time=0.155786s delay=0.274260s
[INFO] [1771003659.700757176] [icp_odometry]: Odom: ratio=0.291975, std dev=0.018199m|0.005755rad, update time=0.144521s delay=0.259334s
[INFO] [1771003659.896564020] [icp_odometry]: Odom: ratio=0.295910, std dev=0.018531m|0.005860rad, update time=0.135414s delay=0.255268s
[INFO] [1771003660.090121430] [icp_odometry]: Odom: ratio=0.291611, std dev=0.018099m|0.005723rad, update time=0.130030s delay=0.248928s
[INFO] [1771003660.295313912] [icp_odometry]: Odom: ratio=0.294441, std dev=0.018290m|0.005784rad, update time=0.131540s delay=0.253955s
[INFO] [1771003660.472203356] [icp_odometry]: Odom: ratio=0.295073, std dev=0.018314m|0.005791rad, update time=0.112677s delay=0.230917s
[INFO] [1771003660.687872748] [icp_odometry]: Odom: ratio=0.292739, std dev=0.018254m|0.005773rad, update time=0.127391s delay=0.246579s
[INFO] [1771003660.890418705] [icp_odometry]: Odom: ratio=0.293328, std dev=0.018001m|0.005693rad, update time=0.133231s delay=0.249141s
[INFO] [1771003661.094147967] [icp_odometry]: Odom: ratio=0.291788, std dev=0.017773m|0.005620rad, update time=0.131995s delay=0.252809s
[INFO] [1771003661.273532315] [icp_odometry]: Odom: ratio=0.290325, std dev=0.017733m|0.005608rad, update time=0.113184s delay=0.232226s
[INFO] [1771003661.497238019] [icp_odometry]: Odom: ratio=0.291891, std dev=0.018025m|0.005700rad, update time=0.132200s delay=0.255960s
[INFO] [1771003661.691379171] [icp_odometry]: Odom: ratio=0.294171, std dev=0.017920m|0.005667rad, update time=0.131388s delay=0.250042s
[INFO] [1771003661.893984522] [icp_odometry]: Odom: ratio=0.293601, std dev=0.018062m|0.005712rad, update time=0.134420s delay=0.252591s
[INFO] [1771003662.084444392] [icp_odometry]: Odom: ratio=0.292183, std dev=0.017801m|0.005629rad, update time=0.119935s delay=0.243135s
[INFO] [1771003662.271974689] [icp_odometry]: Odom: ratio=0.289684, std dev=0.018263m|0.005775rad, update time=0.110164s delay=0.230474s
[INFO] [1771003662.481215472] [icp_odometry]: Odom: ratio=0.290141, std dev=0.018051m|0.005708rad, update time=0.116500s delay=0.239965s
[INFO] [1771003662.696613878] [icp_odometry]: Odom: ratio=0.292462, std dev=0.017983m|0.005687rad, update time=0.132431s delay=0.255285s
[INFO] [1771003662.887134134] [icp_odometry]: Odom: ratio=0.291919, std dev=0.017981m|0.005686rad, update time=0.126281s delay=0.245865s
[INFO] [1771003663.080619903] [icp_odometry]: Odom: ratio=0.288324, std dev=0.018455m|0.005836rad, update time=0.120581s delay=0.239302s
[INFO] [1771003663.300011696] [icp_odometry]: Odom: ratio=0.291540, std dev=0.018097m|0.005723rad, update time=0.135953s delay=0.258638s
[INFO] [1771003663.477887351] [icp_odometry]: Odom: ratio=0.292868, std dev=0.017909m|0.005663rad, update time=0.119585s delay=0.236580s
[INFO] [1771003663.693471716] [icp_odometry]: Odom: ratio=0.292298, std dev=0.017658m|0.005584rad, update time=0.133591s delay=0.252209s
[INFO] [1771003663.907967114] [icp_odometry]: Odom: ratio=0.292111, std dev=0.017949m|0.005676rad, update time=0.145567s delay=0.266559s
[INFO] [1771003664.088101984] [icp_odometry]: Odom: ratio=0.290370, std dev=0.018406m|0.005820rad, update time=0.128479s delay=0.246649s
[INFO] [1771003664.292276638] [icp_odometry]: Odom: ratio=0.293372, std dev=0.017910m|0.005664rad, update time=0.130471s delay=0.251058s
[INFO] [1771003664.502529713] [icp_odometry]: Odom: ratio=0.293614, std dev=0.018050m|0.005708rad, update time=0.140920s delay=0.261132s
[INFO] [1771003664.695014934] [icp_odometry]: Odom: ratio=0.295578, std dev=0.018035m|0.005703rad, update time=0.130854s delay=0.253704s
[INFO] [1771003664.902603563] [icp_odometry]: Odom: ratio=0.293267, std dev=0.017981m|0.005686rad, update time=0.137316s delay=0.261272s
[INFO] [1771003665.096854606] [icp_odometry]: Odom: ratio=0.295497, std dev=0.018140m|0.005736rad, update time=0.136769s delay=0.255500s
[INFO] [1771003665.288098216] [icp_odometry]: Odom: ratio=0.295334, std dev=0.018314m|0.005791rad, update time=0.128286s delay=0.246624s
[INFO] [1771003665.498242487] [icp_odometry]: Odom: ratio=0.295088, std dev=0.018278m|0.005780rad, update time=0.133703s delay=0.256962s
[INFO] [1771003665.683607236] [icp_odometry]: Odom: ratio=0.290621, std dev=0.018106m|0.005726rad, update time=0.122715s delay=0.242337s
[INFO] [1771003665.884134210] [icp_odometry]: Odom: ratio=0.297654, std dev=0.017727m|0.005606rad, update time=0.119756s delay=0.242789s
[INFO] [1771003666.081039490] [icp_odometry]: Odom: ratio=0.292569, std dev=0.017568m|0.005555rad, update time=0.117655s delay=0.239607s
[INFO] [1771003666.291496923] [icp_odometry]: Odom: ratio=0.292102, std dev=0.017650m|0.005581rad, update time=0.130417s delay=0.249944s
[INFO] [1771003666.499209269] [icp_odometry]: Odom: ratio=0.291826, std dev=0.017945m|0.005675rad, update time=0.134460s delay=0.257870s
[INFO] [1771003666.700711477] [icp_odometry]: Odom: ratio=0.293049, std dev=0.018341m|0.005800rad, update time=0.134828s delay=0.259345s
[INFO] [1771003666.897694040] [icp_odometry]: Odom: ratio=0.293470, std dev=0.017943m|0.005674rad, update time=0.129351s delay=0.256374s
[INFO] [1771003667.099581030] [icp_odometry]: Odom: ratio=0.292112, std dev=0.018072m|0.005715rad, update time=0.138145s delay=0.258167s
[INFO] [1771003667.308548171] [icp_odometry]: Odom: ratio=0.291597, std dev=0.018068m|0.005714rad, update time=0.141118s delay=0.267198s
[INFO] [1771003667.493269185] [icp_odometry]: Odom: ratio=0.294843, std dev=0.018124m|0.005731rad, update time=0.131343s delay=0.251829s
[INFO] [1771003667.693148681] [icp_odometry]: Odom: ratio=0.289033, std dev=0.017860m|0.005648rad, update time=0.126409s delay=0.251771s
[INFO] [1771003667.898609460] [icp_odometry]: Odom: ratio=0.290416, std dev=0.018177m|0.005748rad, update time=0.135244s delay=0.257297s
[INFO] [1771003668.089646631] [icp_odometry]: Odom: ratio=0.290157, std dev=0.018165m|0.005744rad, update time=0.130179s delay=0.248246s
[INFO] [1771003668.297170138] [icp_odometry]: Odom: ratio=0.293877, std dev=0.018206m|0.005757rad, update time=0.134696s delay=0.255862s
[INFO] [1771003668.483821107] [icp_odometry]: Odom: ratio=0.291855, std dev=0.017857m|0.005647rad, update time=0.116516s delay=0.242542s
[INFO] [1771003668.696322260] [icp_odometry]: Odom: ratio=0.292593, std dev=0.018051m|0.005708rad, update time=0.131107s delay=0.254913s
[INFO] [1771003668.887098110] [icp_odometry]: Odom: ratio=0.291551, std dev=0.017691m|0.005595rad, update time=0.122695s delay=0.245808s
[INFO] [1771003669.100067951] [icp_odometry]: Odom: ratio=0.292078, std dev=0.017893m|0.005658rad, update time=0.134155s delay=0.258643s
[INFO] [1771003669.279270661] [icp_odometry]: Odom: ratio=0.291302, std dev=0.018114m|0.005728rad, update time=0.119397s delay=0.237858s
[INFO] [1771003669.496235425] [icp_odometry]: Odom: ratio=0.296799, std dev=0.017942m|0.005674rad, update time=0.130363s delay=0.254880s
[INFO] [1771003669.688644068] [icp_odometry]: Odom: ratio=0.293649, std dev=0.017847m|0.005644rad, update time=0.128413s delay=0.247167s
[INFO] [1771003669.878143105] [icp_odometry]: Odom: ratio=0.291327, std dev=0.018121m|0.005730rad, update time=0.116227s delay=0.236722s
[INFO] [1771003670.084063964] [icp_odometry]: Odom: ratio=0.295244, std dev=0.017860m|0.005648rad, update time=0.117851s delay=0.242768s
[INFO] [1771003670.287352123] [icp_odometry]: Odom: ratio=0.294646, std dev=0.018140m|0.005736rad, update time=0.117603s delay=0.246029s
[INFO] [1771003670.490760062] [icp_odometry]: Odom: ratio=0.293841, std dev=0.018083m|0.005718rad, update time=0.128481s delay=0.249354s
[INFO] [1771003670.692564041] [icp_odometry]: Odom: ratio=0.291594, std dev=0.018234m|0.005766rad, update time=0.132658s delay=0.251278s
[INFO] [1771003670.892723707] [icp_odometry]: Odom: ratio=0.292303, std dev=0.018050m|0.005708rad, update time=0.130988s delay=0.251250s
[INFO] [1771003671.081923213] [icp_odometry]: Odom: ratio=0.290942, std dev=0.017865m|0.005650rad, update time=0.116885s delay=0.240612s
[INFO] [1771003671.292462570] [icp_odometry]: Odom: ratio=0.292659, std dev=0.017848m|0.005644rad, update time=0.130311s delay=0.251085s
[INFO] [1771003671.503432533] [icp_odometry]: Odom: ratio=0.289602, std dev=0.017994m|0.005690rad, update time=0.137042s delay=0.261961s
[INFO] [1771003671.669106866] [icp_odometry]: Odom: ratio=0.293432, std dev=0.018263m|0.005775rad, update time=0.110994s delay=0.227633s
[INFO] [1771003671.888998165] [icp_odometry]: Odom: ratio=0.294814, std dev=0.017992m|0.005689rad, update time=0.129564s delay=0.248560s
[INFO] [1771003672.120901083] [icp_odometry]: Odom: ratio=0.296140, std dev=0.017931m|0.005670rad, update time=0.163173s delay=0.279490s
[INFO] [1771003672.291885650] [icp_odometry]: Odom: ratio=0.294418, std dev=0.018033m|0.005703rad, update time=0.127820s delay=0.250367s
[INFO] [1771003672.481219113] [icp_odometry]: Odom: ratio=0.293044, std dev=0.018006m|0.005694rad, update time=0.120515s delay=0.239891s
[INFO] [1771003672.698727993] [icp_odometry]: Odom: ratio=0.294328, std dev=0.017797m|0.005628rad, update time=0.132518s delay=0.257404s
[INFO] [1771003672.876414329] [icp_odometry]: Odom: ratio=0.292679, std dev=0.017912m|0.005664rad, update time=0.121768s delay=0.234992s
[INFO] [1771003673.085530052] [icp_odometry]: Odom: ratio=0.291254, std dev=0.018315m|0.005792rad, update time=0.120403s delay=0.244187s
[INFO] [1771003673.300093965] [icp_odometry]: Odom: ratio=0.290193, std dev=0.018271m|0.005778rad, update time=0.133417s delay=0.258717s
[INFO] [1771003673.497975919] [icp_odometry]: Odom: ratio=0.294018, std dev=0.017960m|0.005680rad, update time=0.139040s delay=0.256491s
[INFO] [1771003673.690660379] [icp_odometry]: Odom: ratio=0.291991, std dev=0.018308m|0.005790rad, update time=0.129371s delay=0.249163s
[INFO] [1771003673.900751464] [icp_odometry]: Odom: ratio=0.290525, std dev=0.017710m|0.005600rad, update time=0.137334s delay=0.259352s
[INFO] [1771003674.080316170] [icp_odometry]: Odom: ratio=0.294938, std dev=0.017831m|0.005639rad, update time=0.120575s delay=0.238853s
[INFO] [1771003674.289228301] [icp_odometry]: Odom: ratio=0.292661, std dev=0.018178m|0.005748rad, update time=0.129873s delay=0.247898s
[INFO] [1771003674.480428710] [icp_odometry]: Odom: ratio=0.296727, std dev=0.017922m|0.005667rad, update time=0.118209s delay=0.239017s
[INFO] [1771003674.706244376] [icp_odometry]: Odom: ratio=0.291709, std dev=0.017978m|0.005685rad, update time=0.143257s delay=0.264900s
[INFO] [1771003674.890287542] [icp_odometry]: Odom: ratio=0.291705, std dev=0.018193m|0.005753rad, update time=0.133050s delay=0.248863s
[INFO] [1771003675.123379302] [icp_odometry]: Odom: ratio=0.297659, std dev=0.018309m|0.005790rad, update time=0.163513s delay=0.282004s
[INFO] [1771003675.296990488] [icp_odometry]: Odom: ratio=0.290283, std dev=0.018116m|0.005729rad, update time=0.135883s delay=0.255543s
[INFO] [1771003675.473895902] [icp_odometry]: Odom: ratio=0.296201, std dev=0.018462m|0.005838rad, update time=0.115965s delay=0.232532s
[INFO] [1771003675.706470492] [icp_odometry]: Odom: ratio=0.294508, std dev=0.018292m|0.005784rad, update time=0.139716s delay=0.265069s
[INFO] [1771003675.909500210] [icp_odometry]: Odom: ratio=0.292570, std dev=0.018166m|0.005745rad, update time=0.147783s delay=0.268115s
[INFO] [1771003676.084010787] [icp_odometry]: Odom: ratio=0.294382, std dev=0.018049m|0.005707rad, update time=0.121663s delay=0.242660s
[INFO] [1771003676.301264426] [icp_odometry]: Odom: ratio=0.291097, std dev=0.018128m|0.005733rad, update time=0.142293s delay=0.259896s
[INFO] [1771003676.494394726] [icp_odometry]: Odom: ratio=0.290014, std dev=0.018118m|0.005730rad, update time=0.132363s delay=0.252977s
[INFO] [1771003676.696224242] [icp_odometry]: Odom: ratio=0.292629, std dev=0.018393m|0.005816rad, update time=0.125454s delay=0.254908s
[INFO] [1771003676.914882858] [icp_odometry]: Odom: ratio=0.291481, std dev=0.018319m|0.005793rad, update time=0.152567s delay=0.273509s
[INFO] [1771003677.097406003] [icp_odometry]: Odom: ratio=0.292929, std dev=0.018103m|0.005725rad, update time=0.137168s delay=0.255893s
[INFO] [1771003677.275531299] [icp_odometry]: Odom: ratio=0.290587, std dev=0.017940m|0.005673rad, update time=0.114888s delay=0.234184s
[INFO] [1771003677.502049806] [icp_odometry]: Odom: ratio=0.288350, std dev=0.018169m|0.005746rad, update time=0.138236s delay=0.260661s
[INFO] [1771003677.678709642] [icp_odometry]: Odom: ratio=0.291903, std dev=0.018078m|0.005717rad, update time=0.120605s delay=0.237228s
[INFO] [1771003677.887706864] [icp_odometry]: Odom: ratio=0.292824, std dev=0.018225m|0.005763rad, update time=0.122943s delay=0.246317s
[INFO] [1771003678.100569470] [icp_odometry]: Odom: ratio=0.286523, std dev=0.017953m|0.005677rad, update time=0.137903s delay=0.259209s
[INFO] [1771003678.286852555] [icp_odometry]: Odom: ratio=0.290303, std dev=0.017812m|0.005633rad, update time=0.127583s delay=0.245411s
[INFO] [1771003678.511408913] [icp_odometry]: Odom: ratio=0.289037, std dev=0.018214m|0.005760rad, update time=0.151531s delay=0.269883s
[INFO] [1771003678.698917096] [icp_odometry]: Odom: ratio=0.286099, std dev=0.018076m|0.005716rad, update time=0.133396s delay=0.257433s
[INFO] [1771003678.880366188] [icp_odometry]: Odom: ratio=0.288200, std dev=0.017820m|0.005635rad, update time=0.119468s delay=0.238875s
[INFO] [1771003679.101743651] [icp_odometry]: Odom: ratio=0.292738, std dev=0.018141m|0.005737rad, update time=0.135496s delay=0.260324s
[INFO] [1771003679.285904038] [icp_odometry]: Odom: ratio=0.286897, std dev=0.018009m|0.005695rad, update time=0.123388s delay=0.244530s
[INFO] [1771003679.498031385] [icp_odometry]: Odom: ratio=0.293470, std dev=0.018079m|0.005717rad, update time=0.131777s delay=0.256617s
[INFO] [1771003679.691707721] [icp_odometry]: Odom: ratio=0.292090, std dev=0.018263m|0.005775rad, update time=0.132589s delay=0.250269s
[INFO] [1771003679.899546790] [icp_odometry]: Odom: ratio=0.291882, std dev=0.018474m|0.005842rad, update time=0.138143s delay=0.258126s
[INFO] [1771003680.089612375] [icp_odometry]: Odom: ratio=0.294965, std dev=0.018530m|0.005860rad, update time=0.130177s delay=0.248039s
[INFO] [1771003680.295257609] [icp_odometry]: Odom: ratio=0.294118, std dev=0.018173m|0.005747rad, update time=0.131657s delay=0.253713s
[INFO] [1771003680.495941485] [icp_odometry]: Odom: ratio=0.294712, std dev=0.018322m|0.005794rad, update time=0.129255s delay=0.254492s
[INFO] [1771003680.687880063] [icp_odometry]: Odom: ratio=0.291693, std dev=0.018105m|0.005725rad, update time=0.127399s delay=0.246587s
[INFO] [1771003680.914250436] [icp_odometry]: Odom: ratio=0.294178, std dev=0.018001m|0.005692rad, update time=0.151802s delay=0.272809s
[INFO] [1771003681.087726802] [icp_odometry]: Odom: ratio=0.294298, std dev=0.018046m|0.005707rad, update time=0.130509s delay=0.246286s
[INFO] [1771003681.297568278] [icp_odometry]: Odom: ratio=0.293784, std dev=0.018272m|0.005778rad, update time=0.138277s delay=0.256096s
[INFO] [1771003681.478372963] [icp_odometry]: Odom: ratio=0.291417, std dev=0.018106m|0.005726rad, update time=0.118298s delay=0.236854s
[INFO] [1771003681.696011031] [icp_odometry]: Odom: ratio=0.291628, std dev=0.018149m|0.005739rad, update time=0.137978s delay=0.254599s
[INFO] [1771003681.923895985] [icp_odometry]: Odom: ratio=0.293292, std dev=0.018107m|0.005726rad, update time=0.158822s delay=0.282407s
[INFO] [1771003682.078587886] [icp_odometry]: Odom: ratio=0.294165, std dev=0.018251m|0.005771rad, update time=0.117597s delay=0.237165s
[INFO] [1771003682.295426087] [icp_odometry]: Odom: ratio=0.295010, std dev=0.018208m|0.005758rad, update time=0.130089s delay=0.254012s
[INFO] [1771003682.502183103] [icp_odometry]: Odom: ratio=0.287271, std dev=0.018159m|0.005742rad, update time=0.142690s delay=0.260660s
[INFO] [1771003682.703191022] [icp_odometry]: Odom: ratio=0.291811, std dev=0.018077m|0.005717rad, update time=0.142425s delay=0.261669s
[INFO] [1771003682.904815795] [icp_odometry]: Odom: ratio=0.291414, std dev=0.018557m|0.005868rad, update time=0.138972s delay=0.263357s
[INFO] [1771003683.097361723] [icp_odometry]: Odom: ratio=0.286579, std dev=0.018118m|0.005730rad, update time=0.134722s delay=0.255796s
[INFO] [1771003683.308545965] [icp_odometry]: Odom: ratio=0.288492, std dev=0.018196m|0.005754rad, update time=0.145302s delay=0.266832s
[INFO] [1771003683.480220636] [icp_odometry]: Odom: ratio=0.294480, std dev=0.018177m|0.005748rad, update time=0.117785s delay=0.238799s
[INFO] [1771003683.694957227] [icp_odometry]: Odom: ratio=0.288004, std dev=0.017779m|0.005622rad, update time=0.132374s delay=0.253454s
[INFO] [1771003683.875983328] [icp_odometry]: Odom: ratio=0.291983, std dev=0.017972m|0.005683rad, update time=0.118725s delay=0.234560s
[INFO] [1771003684.101388643] [icp_odometry]: Odom: ratio=0.289745, std dev=0.018169m|0.005745rad, update time=0.137704s delay=0.259943s
[INFO] [1771003684.279171783] [icp_odometry]: Odom: ratio=0.291060, std dev=0.018300m|0.005787rad, update time=0.120986s delay=0.237631s
[INFO] [1771003684.494351430] [icp_odometry]: Odom: ratio=0.294033, std dev=0.018376m|0.005811rad, update time=0.131014s delay=0.252863s
[INFO] [1771003684.700146780] [icp_odometry]: Odom: ratio=0.294841, std dev=0.018096m|0.005722rad, update time=0.140978s delay=0.258670s
[INFO] [1771003684.876309703] [icp_odometry]: Odom: ratio=0.293193, std dev=0.018228m|0.005764rad, update time=0.115582s delay=0.234849s
[INFO] [1771003685.107476212] [icp_odometry]: Odom: ratio=0.296899, std dev=0.018298m|0.005786rad, update time=0.146048s delay=0.266048s
[INFO] [1771003685.296638246] [icp_odometry]: Odom: ratio=0.295673, std dev=0.018237m|0.005767rad, update time=0.134911s delay=0.255159s
[INFO] [1771003685.500462967] [icp_odometry]: Odom: ratio=0.297477, std dev=0.018601m|0.005882rad, update time=0.142377s delay=0.258911s
[INFO] [1771003685.690278975] [icp_odometry]: Odom: ratio=0.291190, std dev=0.017866m|0.005650rad, update time=0.129028s delay=0.248891s
[INFO] [1771003685.879016322] [icp_odometry]: Odom: ratio=0.296491, std dev=0.018288m|0.005783rad, update time=0.117158s delay=0.237599s
[INFO] [1771003686.003697062] [icp_odometry]: Odom: ratio=0.290983, std dev=0.018125m|0.005732rad, update time=0.122811s delay=0.262243s
[INFO] [1771003686.197017513] [icp_odometry]: Odom: ratio=0.296169, std dev=0.018211m|0.005759rad, update time=0.136871s delay=0.255451s
[INFO] [1771003686.392013606] [icp_odometry]: Odom: ratio=0.289518, std dev=0.017936m|0.005672rad, update time=0.131356s delay=0.250686s
[INFO] [1771003686.573879193] [icp_odometry]: Odom: ratio=0.288117, std dev=0.018447m|0.005834rad, update time=0.111753s delay=0.232423s
[INFO] [1771003686.805925092] [icp_odometry]: Odom: ratio=0.290589, std dev=0.018302m|0.005787rad, update time=0.143010s delay=0.264377s
[INFO] [1771003686.994491425] [icp_odometry]: Odom: ratio=0.289818, std dev=0.017999m|0.005692rad, update time=0.135685s delay=0.253028s
[INFO] [1771003687.180629865] [icp_odometry]: Odom: ratio=0.291776, std dev=0.017991m|0.005689rad, update time=0.118967s delay=0.239382s
[INFO] [1771003687.404822082] [icp_odometry]: Odom: ratio=0.289236, std dev=0.018268m|0.005777rad, update time=0.138804s delay=0.263396s
[INFO] [1771003687.586134433] [icp_odometry]: Odom: ratio=0.288929, std dev=0.018460m|0.005838rad, update time=0.128346s delay=0.244681s
[INFO] [1771003687.798176914] [icp_odometry]: Odom: ratio=0.289900, std dev=0.017926m|0.005669rad, update time=0.133010s delay=0.256659s
[INFO] [1771003687.987796627] [icp_odometry]: Odom: ratio=0.299126, std dev=0.018147m|0.005739rad, update time=0.119352s delay=0.246364s
[INFO] [1771003688.198050021] [icp_odometry]: Odom: ratio=0.290775, std dev=0.018115m|0.005728rad, update time=0.134825s delay=0.256529s
[INFO] [1771003688.406004359] [icp_odometry]: Odom: ratio=0.291856, std dev=0.018374m|0.005811rad, update time=0.146864s delay=0.264431s
[INFO] [1771003688.582360409] [icp_odometry]: Odom: ratio=0.293912, std dev=0.018122m|0.005731rad, update time=0.120699s delay=0.240911s
[INFO] [1771003688.779149397] [icp_odometry]: Odom: ratio=0.292709, std dev=0.017927m|0.005669rad, update time=0.116535s delay=0.237617s
[INFO] [1771003688.971530551] [icp_odometry]: Odom: ratio=0.290872, std dev=0.017928m|0.005669rad, update time=0.105654s delay=0.229884s
[INFO] [1771003689.197861115] [icp_odometry]: Odom: ratio=0.288727, std dev=0.018252m|0.005772rad, update time=0.132534s delay=0.256307s
[INFO] [1771003689.396845091] [icp_odometry]: Odom: ratio=0.291075, std dev=0.018080m|0.005717rad, update time=0.139499s delay=0.255433s
[INFO] [1771003689.577303461] [icp_odometry]: Odom: ratio=0.292521, std dev=0.018159m|0.005743rad, update time=0.118320s delay=0.235922s
[INFO] [1771003689.802396541] [icp_odometry]: Odom: ratio=0.291548, std dev=0.017970m|0.005682rad, update time=0.140101s delay=0.260869s
[INFO] [1771003689.975783016] [icp_odometry]: Odom: ratio=0.290060, std dev=0.017805m|0.005630rad, update time=0.112874s delay=0.234215s
[INFO] [1771003690.200244394] [icp_odometry]: Odom: ratio=0.294014, std dev=0.018366m|0.005808rad, update time=0.132844s delay=0.258954s
[INFO] [1771003690.391079862] [icp_odometry]: Odom: ratio=0.291402, std dev=0.018088m|0.005720rad, update time=0.132250s delay=0.249552s
[INFO] [1771003690.583089387] [icp_odometry]: Odom: ratio=0.294746, std dev=0.018069m|0.005714rad, update time=0.123405s delay=0.241527s
[INFO] [1771003690.799645113] [icp_odometry]: Odom: ratio=0.294091, std dev=0.017951m|0.005677rad, update time=0.135145s delay=0.259282s
[INFO] [1771003690.974194220] [icp_odometry]: Odom: ratio=0.291693, std dev=0.018164m|0.005744rad, update time=0.113791s delay=0.232764s
[INFO] [1771003691.204519068] [icp_odometry]: Odom: ratio=0.292167, std dev=0.018092m|0.005721rad, update time=0.138674s delay=0.263161s
[INFO] [1771003691.383723857] [icp_odometry]: Odom: ratio=0.295193, std dev=0.018517m|0.005856rad, update time=0.124229s delay=0.243381s
[INFO] [1771003691.591278021] [icp_odometry]: Odom: ratio=0.287884, std dev=0.018445m|0.005833rad, update time=0.129533s delay=0.249757s
[INFO] [1771003691.800389520] [icp_odometry]: Odom: ratio=0.289425, std dev=0.018203m|0.005756rad, update time=0.140900s delay=0.258780s
[INFO] [1771003691.983348744] [icp_odometry]: Odom: ratio=0.294800, std dev=0.017939m|0.005673rad, update time=0.119444s delay=0.241659s
[INFO] [1771003692.190267366] [icp_odometry]: Odom: ratio=0.293484, std dev=0.018136m|0.005735rad, update time=0.129193s delay=0.248912s
[INFO] [1771003692.395156029] [icp_odometry]: Odom: ratio=0.290013, std dev=0.017998m|0.005692rad, update time=0.133042s delay=0.253638s
[INFO] [1771003692.604055488] [icp_odometry]: Odom: ratio=0.288285, std dev=0.018148m|0.005739rad, update time=0.140172s delay=0.262451s
[INFO] [1771003692.797522504] [icp_odometry]: Odom: ratio=0.289384, std dev=0.018220m|0.005762rad, update time=0.140298s delay=0.255939s
[INFO] [1771003692.996459726] [icp_odometry]: Odom: ratio=0.296202, std dev=0.018082m|0.005718rad, update time=0.136516s delay=0.254910s
[INFO] [1771003693.200102746] [icp_odometry]: Odom: ratio=0.295675, std dev=0.018015m|0.005697rad, update time=0.137499s delay=0.258462s
[INFO] [1771003693.398563088] [icp_odometry]: Odom: ratio=0.291965, std dev=0.018135m|0.005735rad, update time=0.133571s delay=0.257094s
[INFO] [1771003693.600316697] [icp_odometry]: Odom: ratio=0.295480, std dev=0.018035m|0.005703rad, update time=0.133610s delay=0.258803s
[INFO] [1771003693.785286712] [icp_odometry]: Odom: ratio=0.292319, std dev=0.018066m|0.005713rad, update time=0.125528s delay=0.243676s
[INFO] [1771003693.998609590] [icp_odometry]: Odom: ratio=0.291622, std dev=0.018008m|0.005695rad, update time=0.131629s delay=0.257157s
[INFO] [1771003694.195568183] [icp_odometry]: Odom: ratio=0.288350, std dev=0.018339m|0.005799rad, update time=0.135389s delay=0.254112s
[INFO] [1771003694.400176997] [icp_odometry]: Odom: ratio=0.291367, std dev=0.018271m|0.005778rad, update time=0.139051s delay=0.258661s
[INFO] [1771003694.613084148] [icp_odometry]: Odom: ratio=0.292974, std dev=0.018284m|0.005782rad, update time=0.149937s delay=0.271760s
[INFO] [1771003694.796039084] [icp_odometry]: Odom: ratio=0.294182, std dev=0.018258m|0.005774rad, update time=0.135890s delay=0.254470s
[INFO] [1771003694.998656179] [icp_odometry]: Odom: ratio=0.291326, std dev=0.018221m|0.005762rad, update time=0.135265s delay=0.257142s
[INFO] [1771003695.191155673] [icp_odometry]: Odom: ratio=0.290373, std dev=0.018269m|0.005777rad, update time=0.132041s delay=0.249569s
[INFO] [1771003695.387368673] [icp_odometry]: Odom: ratio=0.294186, std dev=0.017949m|0.005676rad, update time=0.127278s delay=0.245806s
[INFO] [1771003695.589903078] [icp_odometry]: Odom: ratio=0.296932, std dev=0.018271m|0.005778rad, update time=0.130932s delay=0.248410s
[INFO] [1771003695.796270608] [icp_odometry]: Odom: ratio=0.292712, std dev=0.017874m|0.005652rad, update time=0.133177s delay=0.254933s
[INFO] [1771003695.996653450] [icp_odometry]: Odom: ratio=0.294669, std dev=0.018211m|0.005759rad, update time=0.130275s delay=0.255138s
[INFO] [1771003696.194777524] [icp_odometry]: Odom: ratio=0.297646, std dev=0.018127m|0.005732rad, update time=0.131128s delay=0.253463s
[INFO] [1771003696.378634252] [icp_odometry]: Odom: ratio=0.295337, std dev=0.018105m|0.005725rad, update time=0.115394s delay=0.236971s
[INFO] [1771003696.591958890] [icp_odometry]: Odom: ratio=0.287988, std dev=0.018331m|0.005797rad, update time=0.129250s delay=0.250330s
[INFO] [1771003696.785099846] [icp_odometry]: Odom: ratio=0.289182, std dev=0.018253m|0.005772rad, update time=0.120785s delay=0.243613s
[INFO] [1771003697.002295915] [icp_odometry]: Odom: ratio=0.292043, std dev=0.017756m|0.005615rad, update time=0.139675s delay=0.260835s
[INFO] [1771003697.198707610] [icp_odometry]: Odom: ratio=0.290574, std dev=0.018189m|0.005752rad, update time=0.139255s delay=0.257452s
[INFO] [1771003697.423111514] [icp_odometry]: Odom: ratio=0.291490, std dev=0.018177m|0.005748rad, update time=0.164006s delay=0.281575s
[INFO] [1771003697.585073365] [icp_odometry]: Odom: ratio=0.293158, std dev=0.017920m|0.005667rad, update time=0.127361s delay=0.243591s
[INFO] [1771003697.778201489] [icp_odometry]: Odom: ratio=0.290429, std dev=0.018039m|0.005705rad, update time=0.114262s delay=0.236666s
[INFO] [1771003697.991987231] [icp_odometry]: Odom: ratio=0.297499, std dev=0.018065m|0.005713rad, update time=0.128372s delay=0.250571s
[INFO] [1771003698.184721133] [icp_odometry]: Odom: ratio=0.296405, std dev=0.018141m|0.005737rad, update time=0.124511s delay=0.243206s
[INFO] [1771003698.398208336] [icp_odometry]: Odom: ratio=0.292327, std dev=0.018142m|0.005737rad, update time=0.133288s delay=0.256777s
[INFO] [1771003698.597100662] [icp_odometry]: Odom: ratio=0.294154, std dev=0.018421m|0.005825rad, update time=0.134835s delay=0.255563s
[INFO] [1771003698.797690518] [icp_odometry]: Odom: ratio=0.292370, std dev=0.018001m|0.005692rad, update time=0.130396s delay=0.256235s
[INFO] [1771003698.982765305] [icp_odometry]: Odom: ratio=0.293573, std dev=0.018198m|0.005755rad, update time=0.116260s delay=0.241291s
[INFO] [1771003699.211173925] [icp_odometry]: Odom: ratio=0.288821, std dev=0.018221m|0.005762rad, update time=0.148427s delay=0.269630s
[INFO] [1771003699.400374744] [icp_odometry]: Odom: ratio=0.295004, std dev=0.018052m|0.005709rad, update time=0.135173s delay=0.258943s
[INFO] [1771003699.592749178] [icp_odometry]: Odom: ratio=0.295109, std dev=0.018450m|0.005834rad, update time=0.134032s delay=0.251324s
[INFO] [1771003699.794466370] [icp_odometry]: Odom: ratio=0.293019, std dev=0.018041m|0.005705rad, update time=0.132660s delay=0.252886s
[INFO] [1771003699.991842194] [icp_odometry]: Odom: ratio=0.292035, std dev=0.017995m|0.005691rad, update time=0.129491s delay=0.250283s
[INFO] [1771003700.200218147] [icp_odometry]: Odom: ratio=0.289476, std dev=0.018157m|0.005742rad, update time=0.136247s delay=0.258603s
[INFO] [1771003700.394995288] [icp_odometry]: Odom: ratio=0.292820, std dev=0.017848m|0.005644rad, update time=0.136526s delay=0.253474s
[INFO] [1771003700.605251979] [icp_odometry]: Odom: ratio=0.295147, std dev=0.018226m|0.005764rad, update time=0.140049s delay=0.263678s
[INFO] [1771003700.779325933] [icp_odometry]: Odom: ratio=0.293384, std dev=0.018142m|0.005737rad, update time=0.119088s delay=0.238976s
[INFO] [1771003701.008456851] [icp_odometry]: Odom: ratio=0.289661, std dev=0.018155m|0.005741rad, update time=0.139833s delay=0.266780s
[INFO] [1771003701.177354976] [icp_odometry]: Odom: ratio=0.292617, std dev=0.017995m|0.005691rad, update time=0.118997s delay=0.235984s
[INFO] [1771003701.415614437] [icp_odometry]: Odom: ratio=0.290959, std dev=0.018219m|0.005761rad, update time=0.149536s delay=0.274044s
[INFO] [1771003701.583701014] [icp_odometry]: Odom: ratio=0.290657, std dev=0.018218m|0.005761rad, update time=0.126598s delay=0.242102s
[INFO] [1771003701.788512618] [icp_odometry]: Odom: ratio=0.288848, std dev=0.018087m|0.005719rad, update time=0.127921s delay=0.247011s
[INFO] [1771003701.988255373] [icp_odometry]: Odom: ratio=0.291998, std dev=0.018245m|0.005770rad, update time=0.126437s delay=0.247787s
[INFO] [1771003702.196699584] [icp_odometry]: Odom: ratio=0.291447, std dev=0.018159m|0.005742rad, update time=0.136878s delay=0.255185s
[INFO] [1771003702.383712038] [icp_odometry]: Odom: ratio=0.291769, std dev=0.018298m|0.005786rad, update time=0.118866s delay=0.242196s
[INFO] [1771003702.595822874] [icp_odometry]: Odom: ratio=0.291193, std dev=0.017875m|0.005652rad, update time=0.136045s delay=0.254195s
[INFO] [1771003702.803141157] [icp_odometry]: Odom: ratio=0.291776, std dev=0.018139m|0.005736rad, update time=0.141409s delay=0.261544s
[INFO] [1771003702.991477178] [icp_odometry]: Odom: ratio=0.292056, std dev=0.018179m|0.005749rad, update time=0.134413s delay=0.249906s
[INFO] [1771003703.184768571] [icp_odometry]: Odom: ratio=0.292761, std dev=0.018199m|0.005755rad, update time=0.119925s delay=0.243211s
[INFO] [1771003703.402926050] [icp_odometry]: Odom: ratio=0.293981, std dev=0.018451m|0.005835rad, update time=0.143066s delay=0.261434s
[INFO] [1771003703.592913584] [icp_odometry]: Odom: ratio=0.295185, std dev=0.018482m|0.005845rad, update time=0.132771s delay=0.251423s
[INFO] [1771003703.780259490] [icp_odometry]: Odom: ratio=0.292707, std dev=0.017944m|0.005675rad, update time=0.117309s delay=0.239850s
[INFO] [1771003704.015331671] [icp_odometry]: Odom: ratio=0.295018, std dev=0.018053m|0.005709rad, update time=0.155009s delay=0.273613s
[INFO] [1771003704.178623425] [icp_odometry]: Odom: ratio=0.292565, std dev=0.017885m|0.005656rad, update time=0.117369s delay=0.236953s
[INFO] [1771003704.390426729] [icp_odometry]: Odom: ratio=0.293823, std dev=0.018240m|0.005768rad, update time=0.125396s delay=0.250007s
[INFO] [1771003704.579355698] [icp_odometry]: Odom: ratio=0.294650, std dev=0.018308m|0.005790rad, update time=0.118086s delay=0.237800s
[INFO] [1771003704.783239430] [icp_odometry]: Odom: ratio=0.292849, std dev=0.017932m|0.005670rad, update time=0.118474s delay=0.241768s
[INFO] [1771003704.998256287] [icp_odometry]: Odom: ratio=0.291992, std dev=0.017571m|0.005556rad, update time=0.136392s delay=0.257869s
[INFO] [1771003705.176881088] [icp_odometry]: Odom: ratio=0.293239, std dev=0.018196m|0.005754rad, update time=0.120629s delay=0.235183s
[INFO] [1771003705.388715530] [icp_odometry]: Odom: ratio=0.293308, std dev=0.018153m|0.005740rad, update time=0.123161s delay=0.247087s
[INFO] [1771003705.604147953] [icp_odometry]: Odom: ratio=0.295790, std dev=0.018045m|0.005706rad, update time=0.138782s delay=0.262686s
[INFO] [1771003705.795904893] [icp_odometry]: Odom: ratio=0.294620, std dev=0.018271m|0.005778rad, update time=0.136834s delay=0.254522s
[INFO] [1771003706.021310337] [icp_odometry]: Odom: ratio=0.295215, std dev=0.018337m|0.005799rad, update time=0.157182s delay=0.279763s
[INFO] [1771003706.180104557] [icp_odometry]: Odom: ratio=0.294461, std dev=0.018247m|0.005770rad, update time=0.125813s delay=0.239767s
[INFO] [1771003706.399216725] [icp_odometry]: Odom: ratio=0.292215, std dev=0.018512m|0.005854rad, update time=0.137379s delay=0.257551s
[INFO] [1771003706.590026880] [icp_odometry]: Odom: ratio=0.289224, std dev=0.018480m|0.005844rad, update time=0.126881s delay=0.248364s
[INFO] [1771003706.811203503] [icp_odometry]: Odom: ratio=0.286348, std dev=0.018466m|0.005839rad, update time=0.148376s delay=0.269598s
[INFO] [1771003707.004074050] [icp_odometry]: Odom: ratio=0.295781, std dev=0.018413m|0.005823rad, update time=0.141273s delay=0.263653s
[INFO] [1771003707.181135021] [icp_odometry]: Odom: ratio=0.293626, std dev=0.018194m|0.005753rad, update time=0.124006s delay=0.239680s
[INFO] [1771003707.389471900] [icp_odometry]: Odom: ratio=0.292893, std dev=0.017860m|0.005648rad, update time=0.126110s delay=0.247848s
[INFO] [1771003707.587712331] [icp_odometry]: Odom: ratio=0.289536, std dev=0.018028m|0.005701rad, update time=0.125474s delay=0.245930s
[INFO] [1771003707.792625891] [icp_odometry]: Odom: ratio=0.289750, std dev=0.018166m|0.005744rad, update time=0.132156s delay=0.251022s
[INFO] [1771003707.992532587] [icp_odometry]: Odom: ratio=0.293087, std dev=0.017968m|0.005682rad, update time=0.133209s delay=0.250928s
[INFO] [1771003708.182902247] [icp_odometry]: Odom: ratio=0.297760, std dev=0.018473m|0.005842rad, update time=0.122487s delay=0.241325s
[INFO] [1771003708.395959771] [icp_odometry]: Odom: ratio=0.295200, std dev=0.018158m|0.005742rad, update time=0.133029s delay=0.254376s
[INFO] [1771003708.578594056] [icp_odometry]: Odom: ratio=0.293622, std dev=0.018245m|0.005770rad, update time=0.121536s delay=0.238217s
[INFO] [1771003708.801918563] [icp_odometry]: Odom: ratio=0.293232, std dev=0.018062m|0.005712rad, update time=0.135596s delay=0.261546s
[INFO] [1771003709.013090934] [icp_odometry]: Odom: ratio=0.291734, std dev=0.018081m|0.005718rad, update time=0.147712s delay=0.271593s
[INFO] [1771003709.181609974] [icp_odometry]: Odom: ratio=0.291641, std dev=0.018136m|0.005735rad, update time=0.118432s delay=0.239859s
[INFO] [1771003709.403289719] [icp_odometry]: Odom: ratio=0.290331, std dev=0.017955m|0.005678rad, update time=0.142406s delay=0.262821s
[INFO] [1771003709.601085814] [icp_odometry]: Odom: ratio=0.292525, std dev=0.018292m|0.005784rad, update time=0.138193s delay=0.259504s
[INFO] [1771003709.812249768] [icp_odometry]: Odom: ratio=0.292318, std dev=0.018019m|0.005698rad, update time=0.140834s delay=0.270580s
[INFO] [1771003709.969001901] [icp_odometry]: Odom: ratio=0.296198, std dev=0.017637m|0.005577rad, update time=0.110060s delay=0.228684s
[INFO] [1771003710.210736012] [icp_odometry]: Odom: ratio=0.291138, std dev=0.018196m|0.005754rad, update time=0.143420s delay=0.269130s
[INFO] [1771003710.384719403] [icp_odometry]: Odom: ratio=0.291556, std dev=0.018309m|0.005790rad, update time=0.125048s delay=0.243097s
[INFO] [1771003710.577063115] [icp_odometry]: Odom: ratio=0.290896, std dev=0.018060m|0.005711rad, update time=0.116019s delay=0.235427s
[INFO] [1771003710.797163541] [icp_odometry]: Odom: ratio=0.296812, std dev=0.018453m|0.005835rad, update time=0.136415s delay=0.255371s
[INFO] [1771003710.990333331] [icp_odometry]: Odom: ratio=0.294512, std dev=0.018165m|0.005744rad, update time=0.131499s delay=0.248706s
[INFO] [1771003711.043729341] [rclcpp]: signal_handler(signum=2)
