[INFO] [1771004714.092705678] [icp_odometry]: Odometry: frame_id               = leo04/base_footprint
[INFO] [1771004714.094801016] [icp_odometry]: Odometry: odom_frame_id          = odom
[INFO] [1771004714.095802684] [icp_odometry]: Odometry: publish_tf             = true
[INFO] [1771004714.097290641] [icp_odometry]: Odometry: wait_for_transform     = 0.200000
[INFO] [1771004714.097339410] [icp_odometry]: Odometry: log_to_rosout_level    = 4
[INFO] [1771004714.097439670] [icp_odometry]: Odometry: initial_pose           = xyz=0.000000,0.000000,0.000000 rpy=0.000000,-0.000000,0.000000
[INFO] [1771004714.097471447] [icp_odometry]: Odometry: ground_truth_frame_id  = 
[INFO] [1771004714.097492952] [icp_odometry]: Odometry: ground_truth_base_frame_id = leo04/base_footprint
[INFO] [1771004714.097511128] [icp_odometry]: Odometry: config_path            = 
[INFO] [1771004714.097541593] [icp_odometry]: Odometry: publish_null_when_lost = true
[INFO] [1771004714.097557146] [icp_odometry]: Odometry: publish_compressed_sensor_data = false
[INFO] [1771004714.097569050] [icp_odometry]: Odometry: guess_frame_id         = 
[INFO] [1771004714.097579163] [icp_odometry]: Odometry: guess_min_translation  = 0.000000
[INFO] [1771004714.097595355] [icp_odometry]: Odometry: guess_min_rotation     = 0.000000
[INFO] [1771004714.097607644] [icp_odometry]: Odometry: guess_min_time         = 0.000000
[INFO] [1771004714.097618652] [icp_odometry]: Odometry: expected_update_rate   = 15.000000 Hz
[INFO] [1771004714.097632989] [icp_odometry]: Odometry: max_update_rate        = 0.000000 Hz
[INFO] [1771004714.097659166] [icp_odometry]: Odometry: min_update_rate        = 0.000000 Hz
[INFO] [1771004714.097672958] [icp_odometry]: Odometry: wait_imu_to_init       = false
[INFO] [1771004714.097683710] [icp_odometry]: Odometry: always_check_imu_tf    = true
[INFO] [1771004714.097693663] [icp_odometry]: Odometry: sensor_data_compression_format = .jpg
[INFO] [1771004714.097703615] [icp_odometry]: Odometry: sensor_data_parallel_compression = true
[INFO] [1771004714.097723584] [icp_odometry]: Odometry: stereoParams_=0 visParams_=0 icpParams_=1
[INFO] [1771004714.102539530] [icp_odometry]: Setting odometry parameter "Icp/CorrespondenceRatio"="0.01"
[INFO] [1771004714.104647765] [icp_odometry]: Setting odometry parameter "Icp/Epsilon"="0.001"
[INFO] [1771004714.104793946] [icp_odometry]: Setting odometry parameter "Icp/Iterations"="10"
[INFO] [1771004714.104851740] [icp_odometry]: Setting odometry parameter "Icp/MaxCorrespondenceDistance"="1"
[INFO] [1771004714.104928959] [icp_odometry]: Setting odometry parameter "Icp/MaxTranslation"="2"
[INFO] [1771004714.104980417] [icp_odometry]: Setting odometry parameter "Icp/OutlierRatio"="0.7"
[INFO] [1771004714.105156999] [icp_odometry]: Setting odometry parameter "Icp/PointToPlaneK"="20"
[INFO] [1771004714.105256587] [icp_odometry]: Setting odometry parameter "Icp/PointToPlaneRadius"="0"
[INFO] [1771004714.105326253] [icp_odometry]: Setting odometry parameter "Icp/RangeMin"="0.3"
[INFO] [1771004714.105411024] [icp_odometry]: Setting odometry parameter "Icp/VoxelSize"="0.1"
[INFO] [1771004714.106790753] [icp_odometry]: Setting odometry parameter "Odom/ScanKeyFrameThr"="0.4"
[INFO] [1771004714.106956199] [icp_odometry]: Setting odometry parameter "OdomF2M/BundleAdjustment"="false"
[INFO] [1771004714.107227120] [icp_odometry]: Setting odometry parameter "OdomF2M/ScanMaxSize"="15000"
[INFO] [1771004714.110717356] [icp_odometry]: Setting odometry parameter "OdomF2M/ScanSubtractRadius"="0.1"
[WARN] [1771004714.117923819] [icp_odometry]: IcpOdometry: Transferring value 0.3 of "Icp/RangeMin" to ros parameter "scan_range_min" for convenience. "Icp/RangeMin" is set to 0.
[WARN] [1771004714.118156115] [icp_odometry]: IcpOdometry: Transferring value 0.1 of "Icp/VoxelSize" to ros parameter "scan_voxel_size" for convenience. "Icp/VoxelSize" is set to 0.
[WARN] [1771004714.118200213] [icp_odometry]: IcpOdometry: Transferring value 20 of "Icp/PointToPlaneK" to ros parameter "scan_normal_k" for convenience.
[INFO] [1771004714.122561071] [icp_odometry]: IcpOdometry: qos                    = 0
[INFO] [1771004714.122693428] [icp_odometry]: IcpOdometry: scan_cloud_max_points  = -1
[INFO] [1771004714.122721653] [icp_odometry]: IcpOdometry: scan_cloud_is_2d       = false
[INFO] [1771004714.122745237] [icp_odometry]: IcpOdometry: scan_downsampling_step = 1
[INFO] [1771004714.122761526] [icp_odometry]: IcpOdometry: scan_range_min         = 0.300000 m
[INFO] [1771004714.122779287] [icp_odometry]: IcpOdometry: scan_range_max         = 0.000000 m
[INFO] [1771004714.122791415] [icp_odometry]: IcpOdometry: scan_voxel_size        = 0.100000 m
[INFO] [1771004714.122802967] [icp_odometry]: IcpOdometry: scan_normal_k          = 20
[INFO] [1771004714.122812920] [icp_odometry]: IcpOdometry: scan_normal_radius     = 0.000000 m
[INFO] [1771004714.122823896] [icp_odometry]: IcpOdometry: scan_normal_ground_up  = 0.000000
[INFO] [1771004714.122834617] [icp_odometry]: IcpOdometry: deskewing              = false
[INFO] [1771004714.122844185] [icp_odometry]: IcpOdometry: deskewing_slerp        = false
[INFO] [1771004714.123944320] [icp_odometry]: 
icp_odometry subscribed to /scan and /leo04/livox/lidar (make sure only one of this topic is published, otherwise remap one to a dummy topic name).
[ERROR] [1771004714.165109489] [icp_odometry]: We didn't receive IMU newer than previous image (0.000000) and we just received a new image (1771004714.040380). The previous image is dropped!
[INFO] [1771004714.171192968] [icp_odometry]: Odom: ratio=0.000000, std dev=99.995000m|99.995000rad, update time=0.005743s delay=0.130794s
[INFO] [1771004714.299005363] [icp_odometry]: Odom: ratio=0.626236, std dev=0.017543m|0.005548rad, update time=0.042008s delay=0.158609s
[INFO] [1771004714.395017817] [icp_odometry]: Odom: ratio=0.735364, std dev=0.014269m|0.004512rad, update time=0.035906s delay=0.154248s
[INFO] [1771004714.495455548] [icp_odometry]: Odom: ratio=0.603838, std dev=0.017559m|0.005553rad, update time=0.036842s delay=0.155068s
[INFO] [1771004714.596678650] [icp_odometry]: Odom: ratio=0.660829, std dev=0.015912m|0.005032rad, update time=0.039342s delay=0.156389s
[INFO] [1771004714.700747293] [icp_odometry]: Odom: ratio=0.627188, std dev=0.016973m|0.005367rad, update time=0.042159s delay=0.160305s
[INFO] [1771004714.797176369] [icp_odometry]: Odom: ratio=0.661361, std dev=0.016701m|0.005281rad, update time=0.036271s delay=0.156778s
[INFO] [1771004714.893677256] [icp_odometry]: Odom: ratio=0.651543, std dev=0.016184m|0.005118rad, update time=0.032927s delay=0.153259s
[INFO] [1771004714.997708586] [icp_odometry]: Odom: ratio=0.646705, std dev=0.018026m|0.005700rad, update time=0.036690s delay=0.157195s
[INFO] [1771004715.100983281] [icp_odometry]: Odom: ratio=0.662767, std dev=0.015464m|0.004890rad, update time=0.039074s delay=0.160546s
[INFO] [1771004715.203728421] [icp_odometry]: Odom: ratio=0.641292, std dev=0.017831m|0.005639rad, update time=0.039743s delay=0.163280s
[INFO] [1771004715.298241142] [icp_odometry]: Odom: ratio=0.665199, std dev=0.015777m|0.004989rad, update time=0.038314s delay=0.158049s
[INFO] [1771004715.401267060] [icp_odometry]: Odom: ratio=0.639803, std dev=0.016957m|0.005362rad, update time=0.038838s delay=0.160903s
[INFO] [1771004715.506784618] [icp_odometry]: Odom: ratio=0.667052, std dev=0.018188m|0.005752rad, update time=0.040505s delay=0.166526s
[INFO] [1771004715.592367487] [icp_odometry]: Odom: ratio=0.621768, std dev=0.017886m|0.005656rad, update time=0.037060s delay=0.151958s
[INFO] [1771004715.702384244] [icp_odometry]: Odom: ratio=0.720355, std dev=0.018747m|0.005928rad, update time=0.040278s delay=0.162002s
[INFO] [1771004715.801812019] [icp_odometry]: Odom: ratio=0.621835, std dev=0.016695m|0.005279rad, update time=0.038727s delay=0.161516s
[INFO] [1771004715.903712649] [icp_odometry]: Odom: ratio=0.716999, std dev=0.017912m|0.005664rad, update time=0.041292s delay=0.163223s
[INFO] [1771004716.003680347] [icp_odometry]: Odom: ratio=0.623371, std dev=0.016855m|0.005330rad, update time=0.038688s delay=0.163297s
[INFO] [1771004716.101915056] [icp_odometry]: Odom: ratio=0.671494, std dev=0.019855m|0.006279rad, update time=0.040260s delay=0.161476s
[INFO] [1771004716.201359407] [icp_odometry]: Odom: ratio=0.610484, std dev=0.017592m|0.005563rad, update time=0.040351s delay=0.161100s
[INFO] [1771004716.314312652] [icp_odometry]: Odom: ratio=0.658730, std dev=0.017703m|0.005598rad, update time=0.045638s delay=0.173953s
[INFO] [1771004716.402362040] [icp_odometry]: Odom: ratio=0.635412, std dev=0.017259m|0.005458rad, update time=0.042448s delay=0.162074s
[INFO] [1771004716.503785822] [icp_odometry]: Odom: ratio=0.663109, std dev=0.017421m|0.005509rad, update time=0.038973s delay=0.163528s
[INFO] [1771004716.600329078] [icp_odometry]: Odom: ratio=0.656689, std dev=0.017585m|0.005561rad, update time=0.042331s delay=0.160111s
[INFO] [1771004716.697030549] [icp_odometry]: Odom: ratio=0.646469, std dev=0.016949m|0.005360rad, update time=0.037606s delay=0.156679s
[INFO] [1771004716.799153107] [icp_odometry]: Odom: ratio=0.654386, std dev=0.018473m|0.005842rad, update time=0.042274s delay=0.158768s
[INFO] [1771004716.903732232] [icp_odometry]: Odom: ratio=0.643613, std dev=0.017044m|0.005390rad, update time=0.041028s delay=0.163219s
[INFO] [1771004717.004359857] [icp_odometry]: Odom: ratio=0.657336, std dev=0.018189m|0.005752rad, update time=0.041959s delay=0.163993s
[INFO] [1771004717.107844671] [icp_odometry]: Odom: ratio=0.640477, std dev=0.016443m|0.005200rad, update time=0.042338s delay=0.167466s
[INFO] [1771004717.204064748] [icp_odometry]: Odom: ratio=0.668443, std dev=0.018453m|0.005835rad, update time=0.041698s delay=0.163576s
[INFO] [1771004717.300536067] [icp_odometry]: Odom: ratio=0.658418, std dev=0.016472m|0.005209rad, update time=0.038549s delay=0.160049s
[INFO] [1771004717.402008042] [icp_odometry]: Odom: ratio=0.675828, std dev=0.015350m|0.004854rad, update time=0.039220s delay=0.161781s
[INFO] [1771004717.502154018] [icp_odometry]: Odom: ratio=0.699536, std dev=0.014233m|0.004501rad, update time=0.036481s delay=0.161927s
[INFO] [1771004717.595966010] [icp_odometry]: Odom: ratio=0.679748, std dev=0.014390m|0.004551rad, update time=0.037716s delay=0.155487s
[INFO] [1771004717.694786659] [icp_odometry]: Odom: ratio=0.694281, std dev=0.016405m|0.005188rad, update time=0.036718s delay=0.154387s
[INFO] [1771004717.802258590] [icp_odometry]: Odom: ratio=0.655718, std dev=0.015640m|0.004946rad, update time=0.039986s delay=0.161707s
[INFO] [1771004717.902174734] [icp_odometry]: Odom: ratio=0.642655, std dev=0.017199m|0.005439rad, update time=0.040402s delay=0.161673s
[INFO] [1771004718.005365554] [icp_odometry]: Odom: ratio=0.637331, std dev=0.016881m|0.005338rad, update time=0.039411s delay=0.164961s
[INFO] [1771004718.101089006] [icp_odometry]: Odom: ratio=0.661294, std dev=0.015892m|0.005025rad, update time=0.040259s delay=0.160588s
[INFO] [1771004718.206672198] [icp_odometry]: Odom: ratio=0.641882, std dev=0.018670m|0.005904rad, update time=0.042511s delay=0.166288s
[INFO] [1771004718.297986406] [icp_odometry]: Odom: ratio=0.657970, std dev=0.016018m|0.005065rad, update time=0.037240s delay=0.157558s
[INFO] [1771004718.403812199] [icp_odometry]: Odom: ratio=0.650939, std dev=0.017560m|0.005553rad, update time=0.039591s delay=0.163514s
[INFO] [1771004718.499961202] [icp_odometry]: Odom: ratio=0.651179, std dev=0.016770m|0.005303rad, update time=0.037911s delay=0.159600s
[INFO] [1771004718.606297733] [icp_odometry]: Odom: ratio=0.664151, std dev=0.015885m|0.005023rad, update time=0.040329s delay=0.165926s
[INFO] [1771004718.697228599] [icp_odometry]: Odom: ratio=0.638184, std dev=0.017096m|0.005406rad, update time=0.035777s delay=0.156862s
[INFO] [1771004718.802434722] [icp_odometry]: Odom: ratio=0.665633, std dev=0.014315m|0.004527rad, update time=0.041252s delay=0.162048s
[INFO] [1771004718.900295978] [icp_odometry]: Odom: ratio=0.613451, std dev=0.016804m|0.005314rad, update time=0.039775s delay=0.159971s
[INFO] [1771004719.000829999] [icp_odometry]: Odom: ratio=0.700695, std dev=0.013930m|0.004405rad, update time=0.038665s delay=0.160371s
[INFO] [1771004719.099336366] [icp_odometry]: Odom: ratio=0.610724, std dev=0.017447m|0.005517rad, update time=0.038901s delay=0.159009s
[INFO] [1771004719.198664649] [icp_odometry]: Odom: ratio=0.847900, std dev=0.008682m|0.002745rad, update time=0.039334s delay=0.158339s
[INFO] [1771004719.305860570] [icp_odometry]: Odom: ratio=0.635389, std dev=0.017285m|0.005466rad, update time=0.040440s delay=0.165592s
[INFO] [1771004719.405926320] [icp_odometry]: Odom: ratio=0.727273, std dev=0.016700m|0.005281rad, update time=0.040344s delay=0.165568s
[INFO] [1771004719.499777897] [icp_odometry]: Odom: ratio=0.620532, std dev=0.017846m|0.005643rad, update time=0.039414s delay=0.159487s
[INFO] [1771004719.608888575] [icp_odometry]: Odom: ratio=0.668150, std dev=0.019312m|0.006107rad, update time=0.043550s delay=0.168486s
[INFO] [1771004719.706318263] [icp_odometry]: Odom: ratio=0.625686, std dev=0.016371m|0.005177rad, update time=0.040677s delay=0.165993s
[INFO] [1771004719.805980158] [icp_odometry]: Odom: ratio=0.658065, std dev=0.017524m|0.005542rad, update time=0.042974s delay=0.165697s
[INFO] [1771004719.899756404] [icp_odometry]: Odom: ratio=0.647712, std dev=0.016119m|0.005097rad, update time=0.039303s delay=0.159344s
[INFO] [1771004719.996120199] [icp_odometry]: Odom: ratio=0.644295, std dev=0.018169m|0.005746rad, update time=0.037299s delay=0.155467s
[INFO] [1771004720.108451310] [icp_odometry]: Odom: ratio=0.651786, std dev=0.016388m|0.005182rad, update time=0.046477s delay=0.168082s
[INFO] [1771004720.196868103] [icp_odometry]: Odom: ratio=0.643936, std dev=0.017408m|0.005505rad, update time=0.036318s delay=0.156516s
[INFO] [1771004720.304494536] [icp_odometry]: Odom: ratio=0.664053, std dev=0.018135m|0.005735rad, update time=0.041204s delay=0.164183s
[INFO] [1771004720.401146404] [icp_odometry]: Odom: ratio=0.629977, std dev=0.016275m|0.005147rad, update time=0.038939s delay=0.160648s
[INFO] [1771004720.506015364] [icp_odometry]: Odom: ratio=0.663124, std dev=0.018991m|0.006005rad, update time=0.038129s delay=0.165602s
[INFO] [1771004720.593130255] [icp_odometry]: Odom: ratio=0.617412, std dev=0.016863m|0.005333rad, update time=0.034771s delay=0.152768s
[INFO] [1771004720.709592840] [icp_odometry]: Odom: ratio=0.702103, std dev=0.018331m|0.005797rad, update time=0.042643s delay=0.169344s
[INFO] [1771004720.802046224] [icp_odometry]: Odom: ratio=0.620972, std dev=0.016362m|0.005174rad, update time=0.041439s delay=0.161649s
[INFO] [1771004720.901893054] [icp_odometry]: Odom: ratio=0.714975, std dev=0.017110m|0.005411rad, update time=0.038920s delay=0.161292s
[INFO] [1771004721.003299298] [icp_odometry]: Odom: ratio=0.623822, std dev=0.016740m|0.005294rad, update time=0.039270s delay=0.162883s
[INFO] [1771004721.106208028] [icp_odometry]: Odom: ratio=0.677801, std dev=0.017958m|0.005679rad, update time=0.039712s delay=0.165840s
[INFO] [1771004721.204433680] [icp_odometry]: Odom: ratio=0.612334, std dev=0.017606m|0.005568rad, update time=0.039946s delay=0.164096s
[INFO] [1771004721.301091053] [icp_odometry]: Odom: ratio=0.664104, std dev=0.016159m|0.005110rad, update time=0.039662s delay=0.160806s
[INFO] [1771004721.402366605] [icp_odometry]: Odom: ratio=0.631317, std dev=0.017523m|0.005541rad, update time=0.041110s delay=0.162158s
[INFO] [1771004721.512379587] [icp_odometry]: Odom: ratio=0.661727, std dev=0.015926m|0.005036rad, update time=0.045045s delay=0.172026s
[INFO] [1771004721.599127617] [icp_odometry]: Odom: ratio=0.642435, std dev=0.017134m|0.005418rad, update time=0.038731s delay=0.158797s
[INFO] [1771004721.707490491] [icp_odometry]: Odom: ratio=0.648319, std dev=0.016476m|0.005210rad, update time=0.040901s delay=0.167024s
[INFO] [1771004721.805699119] [icp_odometry]: Odom: ratio=0.645471, std dev=0.016997m|0.005375rad, update time=0.042949s delay=0.165197s
[INFO] [1771004721.895558587] [icp_odometry]: Odom: ratio=0.643608, std dev=0.017114m|0.005412rad, update time=0.039178s delay=0.155094s
[INFO] [1771004722.006563988] [icp_odometry]: Odom: ratio=0.678330, std dev=0.016419m|0.005192rad, update time=0.043290s delay=0.166074s
[INFO] [1771004722.106812239] [icp_odometry]: Odom: ratio=0.636164, std dev=0.016174m|0.005115rad, update time=0.042241s delay=0.166319s
[INFO] [1771004722.206149259] [icp_odometry]: Odom: ratio=0.688573, std dev=0.014590m|0.004614rad, update time=0.039537s delay=0.165778s
[INFO] [1771004722.305080248] [icp_odometry]: Odom: ratio=0.640307, std dev=0.017774m|0.005620rad, update time=0.042911s delay=0.164720s
[INFO] [1771004722.401381704] [icp_odometry]: Odom: ratio=0.708800, std dev=0.011086m|0.003506rad, update time=0.038552s delay=0.160835s
[INFO] [1771004722.501644932] [icp_odometry]: Odom: ratio=0.697707, std dev=0.015256m|0.004824rad, update time=0.038521s delay=0.161340s
[INFO] [1771004722.603719329] [icp_odometry]: Odom: ratio=0.685074, std dev=0.012896m|0.004078rad, update time=0.041182s delay=0.163330s
[INFO] [1771004722.708191282] [icp_odometry]: Odom: ratio=0.682021, std dev=0.015619m|0.004939rad, update time=0.039798s delay=0.167690s
[INFO] [1771004722.798041470] [icp_odometry]: Odom: ratio=0.587691, std dev=0.018479m|0.005843rad, update time=0.039327s delay=0.157670s
[INFO] [1771004722.906303509] [icp_odometry]: Odom: ratio=0.609972, std dev=0.019698m|0.006229rad, update time=0.042048s delay=0.165949s
[INFO] [1771004722.996433899] [icp_odometry]: Odom: ratio=0.566285, std dev=0.019745m|0.006244rad, update time=0.038484s delay=0.155956s
[INFO] [1771004723.101084034] [icp_odometry]: Odom: ratio=0.608634, std dev=0.020121m|0.006363rad, update time=0.040391s delay=0.160667s
[INFO] [1771004723.201131767] [icp_odometry]: Odom: ratio=0.569406, std dev=0.019939m|0.006305rad, update time=0.040529s delay=0.160697s
[INFO] [1771004723.303359737] [icp_odometry]: Odom: ratio=0.600000, std dev=0.019573m|0.006189rad, update time=0.040551s delay=0.163063s
[INFO] [1771004723.397248212] [icp_odometry]: Odom: ratio=0.609331, std dev=0.018852m|0.005961rad, update time=0.036699s delay=0.156825s
[INFO] [1771004723.500738754] [icp_odometry]: Odom: ratio=0.573526, std dev=0.019399m|0.006134rad, update time=0.039347s delay=0.160407s
[INFO] [1771004723.600316390] [icp_odometry]: Odom: ratio=0.586888, std dev=0.018990m|0.006005rad, update time=0.038353s delay=0.159991s
[INFO] [1771004723.706526741] [icp_odometry]: Odom: ratio=0.537091, std dev=0.020258m|0.006406rad, update time=0.042735s delay=0.166172s
[INFO] [1771004723.800022626] [icp_odometry]: Odom: ratio=0.535370, std dev=0.019204m|0.006073rad, update time=0.039533s delay=0.159795s
[INFO] [1771004723.906071915] [icp_odometry]: Odom: ratio=0.567494, std dev=0.018347m|0.005802rad, update time=0.045651s delay=0.165604s
[INFO] [1771004723.998921857] [icp_odometry]: Odom: ratio=0.537255, std dev=0.017985m|0.005687rad, update time=0.038308s delay=0.158591s
[INFO] [1771004724.101451309] [icp_odometry]: Odom: ratio=0.565789, std dev=0.018025m|0.005700rad, update time=0.040518s delay=0.161087s
[INFO] [1771004724.200457373] [icp_odometry]: Odom: ratio=0.538633, std dev=0.018937m|0.005988rad, update time=0.038767s delay=0.159997s
[INFO] [1771004724.308907227] [icp_odometry]: Odom: ratio=0.537763, std dev=0.019385m|0.006130rad, update time=0.040989s delay=0.168661s
[INFO] [1771004724.402311716] [icp_odometry]: Odom: ratio=0.531510, std dev=0.019370m|0.006125rad, update time=0.039701s delay=0.161804s
[INFO] [1771004724.504226683] [icp_odometry]: Odom: ratio=0.528514, std dev=0.017962m|0.005680rad, update time=0.039722s delay=0.163792s
[INFO] [1771004724.603459315] [icp_odometry]: Odom: ratio=0.535622, std dev=0.019503m|0.006167rad, update time=0.042968s delay=0.163161s
[INFO] [1771004724.698367410] [icp_odometry]: Odom: ratio=0.517501, std dev=0.018501m|0.005850rad, update time=0.038622s delay=0.158124s
[INFO] [1771004724.804047438] [icp_odometry]: Odom: ratio=0.523152, std dev=0.019444m|0.006149rad, update time=0.040721s delay=0.163681s
[INFO] [1771004724.901120601] [icp_odometry]: Odom: ratio=0.516760, std dev=0.020043m|0.006338rad, update time=0.039641s delay=0.160611s
[INFO] [1771004724.994698601] [icp_odometry]: Odom: ratio=0.526097, std dev=0.018597m|0.005881rad, update time=0.038770s delay=0.154439s
[INFO] [1771004725.102567762] [icp_odometry]: Odom: ratio=0.529977, std dev=0.018974m|0.006000rad, update time=0.041429s delay=0.162089s
[INFO] [1771004725.209460185] [icp_odometry]: Odom: ratio=0.530355, std dev=0.018168m|0.005745rad, update time=0.044924s delay=0.169021s
[INFO] [1771004725.300458222] [icp_odometry]: Odom: ratio=0.517289, std dev=0.019156m|0.006058rad, update time=0.038189s delay=0.160242s
[INFO] [1771004725.407215120] [icp_odometry]: Odom: ratio=0.514479, std dev=0.019763m|0.006250rad, update time=0.040702s delay=0.166852s
[INFO] [1771004725.502474907] [icp_odometry]: Odom: ratio=0.519217, std dev=0.019678m|0.006223rad, update time=0.038673s delay=0.162226s
[INFO] [1771004725.607924335] [icp_odometry]: Odom: ratio=0.514754, std dev=0.019915m|0.006298rad, update time=0.039831s delay=0.167651s
[INFO] [1771004725.697140324] [icp_odometry]: Odom: ratio=0.528209, std dev=0.019099m|0.006040rad, update time=0.036397s delay=0.156737s
[INFO] [1771004725.807852498] [icp_odometry]: Odom: ratio=0.521216, std dev=0.019317m|0.006109rad, update time=0.043259s delay=0.167580s
[INFO] [1771004725.907360596] [icp_odometry]: Odom: ratio=0.534156, std dev=0.019834m|0.006272rad, update time=0.040517s delay=0.166877s
[INFO] [1771004726.001718847] [icp_odometry]: Odom: ratio=0.505039, std dev=0.020439m|0.006463rad, update time=0.043933s delay=0.161386s
[INFO] [1771004726.097347223] [icp_odometry]: Odom: ratio=0.516825, std dev=0.020764m|0.006566rad, update time=0.040619s delay=0.156909s
[INFO] [1771004726.198379343] [icp_odometry]: Odom: ratio=0.510470, std dev=0.019778m|0.006254rad, update time=0.037394s delay=0.157942s
[INFO] [1771004726.300005211] [icp_odometry]: Odom: ratio=0.517258, std dev=0.019370m|0.006125rad, update time=0.039955s delay=0.159560s
[INFO] [1771004726.408621055] [icp_odometry]: Odom: ratio=0.509602, std dev=0.019187m|0.006067rad, update time=0.040910s delay=0.168339s
[INFO] [1771004726.495775244] [icp_odometry]: Odom: ratio=0.496162, std dev=0.019866m|0.006282rad, update time=0.036658s delay=0.155313s
[INFO] [1771004726.597428953] [icp_odometry]: Odom: ratio=0.494306, std dev=0.020432m|0.006461rad, update time=0.035085s delay=0.157149s
[INFO] [1771004726.708823071] [icp_odometry]: Odom: ratio=0.483698, std dev=0.020048m|0.006340rad, update time=0.043215s delay=0.168413s
[INFO] [1771004726.800045308] [icp_odometry]: Odom: ratio=0.487520, std dev=0.020263m|0.006408rad, update time=0.038505s delay=0.159726s
[INFO] [1771004726.907236909] [icp_odometry]: Odom: ratio=0.494536, std dev=0.019584m|0.006193rad, update time=0.043572s delay=0.166733s
[INFO] [1771004727.000111108] [icp_odometry]: Odom: ratio=0.495459, std dev=0.020553m|0.006499rad, update time=0.039457s delay=0.159755s
[INFO] [1771004727.102232482] [icp_odometry]: Odom: ratio=0.507118, std dev=0.019995m|0.006323rad, update time=0.041940s delay=0.161638s
[INFO] [1771004727.198654166] [icp_odometry]: Odom: ratio=0.485603, std dev=0.020186m|0.006383rad, update time=0.042197s delay=0.158389s
[INFO] [1771004727.300705842] [icp_odometry]: Odom: ratio=0.499403, std dev=0.019715m|0.006234rad, update time=0.038436s delay=0.160319s
[INFO] [1771004727.408093930] [icp_odometry]: Odom: ratio=0.474461, std dev=0.019412m|0.006139rad, update time=0.041491s delay=0.167566s
[INFO] [1771004727.498650575] [icp_odometry]: Odom: ratio=0.488480, std dev=0.019480m|0.006160rad, update time=0.035809s delay=0.158239s
[INFO] [1771004727.608621059] [icp_odometry]: Odom: ratio=0.481636, std dev=0.020079m|0.006350rad, update time=0.042646s delay=0.168106s
[INFO] [1771004727.698154723] [icp_odometry]: Odom: ratio=0.466191, std dev=0.020175m|0.006380rad, update time=0.036723s delay=0.157661s
[INFO] [1771004727.807470144] [icp_odometry]: Odom: ratio=0.480084, std dev=0.020021m|0.006331rad, update time=0.041489s delay=0.166960s
[INFO] [1771004727.904779892] [icp_odometry]: Odom: ratio=0.469238, std dev=0.019692m|0.006227rad, update time=0.040704s delay=0.164314s
[INFO] [1771004728.010895423] [icp_odometry]: Odom: ratio=0.468065, std dev=0.020174m|0.006380rad, update time=0.042850s delay=0.170639s
[INFO] [1771004728.098616288] [icp_odometry]: Odom: ratio=0.454524, std dev=0.020097m|0.006355rad, update time=0.037411s delay=0.158188s
[INFO] [1771004728.205044054] [icp_odometry]: Odom: ratio=0.474222, std dev=0.020114m|0.006361rad, update time=0.040442s delay=0.164547s
[INFO] [1771004728.301905018] [icp_odometry]: Odom: ratio=0.467822, std dev=0.020451m|0.006467rad, update time=0.040160s delay=0.161498s
[INFO] [1771004728.403896307] [icp_odometry]: Odom: ratio=0.466873, std dev=0.019505m|0.006168rad, update time=0.040421s delay=0.163542s
[INFO] [1771004728.502863490] [icp_odometry]: Odom: ratio=0.447601, std dev=0.020744m|0.006560rad, update time=0.042134s delay=0.162455s
[INFO] [1771004728.606866434] [icp_odometry]: Odom: ratio=0.456942, std dev=0.019509m|0.006169rad, update time=0.041727s delay=0.166455s
[INFO] [1771004728.697183967] [icp_odometry]: Odom: ratio=0.444888, std dev=0.019184m|0.006067rad, update time=0.038791s delay=0.156704s
[INFO] [1771004728.801140222] [icp_odometry]: Odom: ratio=0.461959, std dev=0.019319m|0.006109rad, update time=0.040043s delay=0.160795s
[INFO] [1771004728.900125901] [icp_odometry]: Odom: ratio=0.458945, std dev=0.019614m|0.006202rad, update time=0.038902s delay=0.159713s
[INFO] [1771004728.999897816] [icp_odometry]: Odom: ratio=0.451404, std dev=0.019912m|0.006297rad, update time=0.038510s delay=0.159552s
[INFO] [1771004729.106997574] [icp_odometry]: Odom: ratio=0.461483, std dev=0.020494m|0.006481rad, update time=0.041549s delay=0.166548s
[INFO] [1771004729.200353166] [icp_odometry]: Odom: ratio=0.450314, std dev=0.020662m|0.006534rad, update time=0.039384s delay=0.159790s
[INFO] [1771004729.298711079] [icp_odometry]: Odom: ratio=0.441558, std dev=0.019285m|0.006099rad, update time=0.038133s delay=0.158261s
[INFO] [1771004729.403216921] [icp_odometry]: Odom: ratio=0.450677, std dev=0.019416m|0.006140rad, update time=0.039755s delay=0.162814s
[INFO] [1771004729.502241962] [icp_odometry]: Odom: ratio=0.446090, std dev=0.019479m|0.006160rad, update time=0.039707s delay=0.161987s
[INFO] [1771004729.603687568] [icp_odometry]: Odom: ratio=0.454567, std dev=0.019351m|0.006119rad, update time=0.040203s delay=0.163268s
[INFO] [1771004729.706412451] [icp_odometry]: Odom: ratio=0.428240, std dev=0.020201m|0.006388rad, update time=0.041082s delay=0.165981s
[INFO] [1771004729.801714608] [icp_odometry]: Odom: ratio=0.426732, std dev=0.020292m|0.006417rad, update time=0.039147s delay=0.161439s
[INFO] [1771004729.905491624] [icp_odometry]: Odom: ratio=0.428967, std dev=0.020597m|0.006513rad, update time=0.040802s delay=0.165032s
[INFO] [1771004729.999416132] [icp_odometry]: Odom: ratio=0.440102, std dev=0.019232m|0.006082rad, update time=0.040435s delay=0.159043s
[INFO] [1771004730.103737872] [icp_odometry]: Odom: ratio=0.443222, std dev=0.019158m|0.006058rad, update time=0.039954s delay=0.163354s
[INFO] [1771004730.207493832] [icp_odometry]: Odom: ratio=0.432825, std dev=0.019797m|0.006260rad, update time=0.043726s delay=0.167095s
[INFO] [1771004730.300330110] [icp_odometry]: Odom: ratio=0.419235, std dev=0.020283m|0.006414rad, update time=0.041975s delay=0.159824s
[INFO] [1771004730.398158308] [icp_odometry]: Odom: ratio=0.419501, std dev=0.020338m|0.006432rad, update time=0.037157s delay=0.157873s
[INFO] [1771004730.524503035] [icp_odometry]: Odom: ratio=0.397176, std dev=0.020201m|0.006388rad, update time=0.058919s delay=0.184029s
[INFO] [1771004730.610944398] [icp_odometry]: Odom: ratio=0.582133, std dev=0.020147m|0.006371rad, update time=0.051243s delay=0.170612s
[INFO] [1771004730.705815116] [icp_odometry]: Odom: ratio=0.601079, std dev=0.020268m|0.006409rad, update time=0.044448s delay=0.165526s
[INFO] [1771004730.816964393] [icp_odometry]: Odom: ratio=0.579976, std dev=0.020283m|0.006414rad, update time=0.050907s delay=0.176625s
[INFO] [1771004730.907531534] [icp_odometry]: Odom: ratio=0.575463, std dev=0.020152m|0.006373rad, update time=0.045665s delay=0.167175s
[INFO] [1771004731.005303058] [icp_odometry]: Odom: ratio=0.578807, std dev=0.019915m|0.006298rad, update time=0.045353s delay=0.164885s
[INFO] [1771004731.111785035] [icp_odometry]: Odom: ratio=0.564740, std dev=0.020088m|0.006352rad, update time=0.048456s delay=0.171420s
[INFO] [1771004731.207362401] [icp_odometry]: Odom: ratio=0.580164, std dev=0.019870m|0.006283rad, update time=0.045829s delay=0.166992s
[INFO] [1771004731.298801029] [icp_odometry]: Odom: ratio=0.573454, std dev=0.019722m|0.006237rad, update time=0.041113s delay=0.158533s
[INFO] [1771004731.409290955] [icp_odometry]: Odom: ratio=0.565481, std dev=0.019826m|0.006270rad, update time=0.048654s delay=0.168854s
[INFO] [1771004731.500120890] [icp_odometry]: Odom: ratio=0.562922, std dev=0.020519m|0.006489rad, update time=0.042178s delay=0.159821s
[INFO] [1771004731.603185273] [icp_odometry]: Odom: ratio=0.568263, std dev=0.020350m|0.006435rad, update time=0.045385s delay=0.162669s
[INFO] [1771004731.704530780] [icp_odometry]: Odom: ratio=0.560503, std dev=0.020541m|0.006496rad, update time=0.040981s delay=0.164071s
[INFO] [1771004731.808795974] [icp_odometry]: Odom: ratio=0.570268, std dev=0.020416m|0.006456rad, update time=0.045717s delay=0.168393s
[INFO] [1771004731.911305554] [icp_odometry]: Odom: ratio=0.563702, std dev=0.020881m|0.006603rad, update time=0.047232s delay=0.170888s
[INFO] [1771004732.006516091] [icp_odometry]: Odom: ratio=0.574262, std dev=0.020846m|0.006592rad, update time=0.046612s delay=0.166031s
[INFO] [1771004732.105106108] [icp_odometry]: Odom: ratio=0.561491, std dev=0.020586m|0.006510rad, update time=0.044777s delay=0.164722s
[INFO] [1771004732.209231329] [icp_odometry]: Odom: ratio=0.571429, std dev=0.020656m|0.006532rad, update time=0.044798s delay=0.168859s
[INFO] [1771004732.305046752] [icp_odometry]: Odom: ratio=0.560291, std dev=0.020119m|0.006362rad, update time=0.045865s delay=0.164652s
[INFO] [1771004732.402814212] [icp_odometry]: Odom: ratio=0.563173, std dev=0.020341m|0.006432rad, update time=0.045755s delay=0.162471s
[INFO] [1771004732.503591858] [icp_odometry]: Odom: ratio=0.559195, std dev=0.020223m|0.006395rad, update time=0.044182s delay=0.163275s
[INFO] [1771004732.607460174] [icp_odometry]: Odom: ratio=0.550595, std dev=0.020607m|0.006517rad, update time=0.046250s delay=0.167063s
[INFO] [1771004732.716542915] [icp_odometry]: Odom: ratio=0.542541, std dev=0.020532m|0.006493rad, update time=0.049615s delay=0.176216s
[INFO] [1771004732.806111269] [icp_odometry]: Odom: ratio=0.556826, std dev=0.020917m|0.006614rad, update time=0.047287s delay=0.165609s
[INFO] [1771004732.898927321] [icp_odometry]: Odom: ratio=0.555802, std dev=0.020216m|0.006393rad, update time=0.041814s delay=0.158538s
[INFO] [1771004733.005389297] [icp_odometry]: Odom: ratio=0.573028, std dev=0.020059m|0.006343rad, update time=0.045425s delay=0.164983s
[INFO] [1771004733.110058249] [icp_odometry]: Odom: ratio=0.561174, std dev=0.020016m|0.006330rad, update time=0.044994s delay=0.169690s
[INFO] [1771004733.204063528] [icp_odometry]: Odom: ratio=0.560829, std dev=0.020658m|0.006533rad, update time=0.047249s delay=0.163643s
[INFO] [1771004733.303199772] [icp_odometry]: Odom: ratio=0.545544, std dev=0.020567m|0.006504rad, update time=0.044602s delay=0.162808s
[INFO] [1771004733.402525528] [icp_odometry]: Odom: ratio=0.553571, std dev=0.020646m|0.006529rad, update time=0.044448s delay=0.162062s
[INFO] [1771004733.506491799] [icp_odometry]: Odom: ratio=0.542411, std dev=0.020598m|0.006514rad, update time=0.050379s delay=0.166054s
[INFO] [1771004733.605782193] [icp_odometry]: Odom: ratio=0.553603, std dev=0.019982m|0.006319rad, update time=0.042087s delay=0.165388s
[INFO] [1771004733.701924411] [icp_odometry]: Odom: ratio=0.538119, std dev=0.019706m|0.006232rad, update time=0.043489s delay=0.161505s
[INFO] [1771004733.806534929] [icp_odometry]: Odom: ratio=0.526109, std dev=0.020298m|0.006419rad, update time=0.048353s delay=0.166216s
[INFO] [1771004733.904193361] [icp_odometry]: Odom: ratio=0.535457, std dev=0.020102m|0.006357rad, update time=0.045399s delay=0.163828s
[INFO] [1771004734.009043504] [icp_odometry]: Odom: ratio=0.526042, std dev=0.019801m|0.006262rad, update time=0.048154s delay=0.168709s
[INFO] [1771004734.100943972] [icp_odometry]: Odom: ratio=0.533718, std dev=0.019830m|0.006271rad, update time=0.040272s delay=0.160443s
[INFO] [1771004734.199561798] [icp_odometry]: Odom: ratio=0.534769, std dev=0.019807m|0.006264rad, update time=0.042680s delay=0.158948s
[INFO] [1771004734.309513882] [icp_odometry]: Odom: ratio=0.542614, std dev=0.020283m|0.006414rad, update time=0.045293s delay=0.169155s
[INFO] [1771004734.409399625] [icp_odometry]: Odom: ratio=0.529747, std dev=0.019892m|0.006290rad, update time=0.044790s delay=0.168999s
[INFO] [1771004734.511818129] [icp_odometry]: Odom: ratio=0.516521, std dev=0.020055m|0.006342rad, update time=0.052053s delay=0.171472s
[INFO] [1771004734.604672679] [icp_odometry]: Odom: ratio=0.518859, std dev=0.020187m|0.006384rad, update time=0.047778s delay=0.164368s
[INFO] [1771004734.702288166] [icp_odometry]: Odom: ratio=0.507492, std dev=0.020036m|0.006336rad, update time=0.044681s delay=0.161841s
[INFO] [1771004734.810156847] [icp_odometry]: Odom: ratio=0.520487, std dev=0.020445m|0.006465rad, update time=0.048204s delay=0.169761s
[INFO] [1771004734.900261124] [icp_odometry]: Odom: ratio=0.509756, std dev=0.020263m|0.006408rad, update time=0.041520s delay=0.159851s
[INFO] [1771004735.008413847] [icp_odometry]: Odom: ratio=0.515270, std dev=0.020555m|0.006500rad, update time=0.046746s delay=0.167966s
[INFO] [1771004735.108185186] [icp_odometry]: Odom: ratio=0.506552, std dev=0.020606m|0.006516rad, update time=0.046189s delay=0.167857s
[INFO] [1771004735.212864795] [icp_odometry]: Odom: ratio=0.502047, std dev=0.020235m|0.006399rad, update time=0.050224s delay=0.172363s
[INFO] [1771004735.301001706] [icp_odometry]: Odom: ratio=0.516230, std dev=0.020967m|0.006630rad, update time=0.043970s delay=0.160573s
[INFO] [1771004735.412027555] [icp_odometry]: Odom: ratio=0.500717, std dev=0.020694m|0.006544rad, update time=0.048679s delay=0.171694s
[INFO] [1771004735.501558596] [icp_odometry]: Odom: ratio=0.511838, std dev=0.021336m|0.006747rad, update time=0.043817s delay=0.161221s
[INFO] [1771004735.608506669] [icp_odometry]: Odom: ratio=0.505900, std dev=0.021017m|0.006646rad, update time=0.044875s delay=0.168110s
[INFO] [1771004735.699573763] [icp_odometry]: Odom: ratio=0.496911, std dev=0.021162m|0.006692rad, update time=0.043961s delay=0.159219s
[INFO] [1771004735.800673757] [icp_odometry]: Odom: ratio=0.496524, std dev=0.021100m|0.006673rad, update time=0.042477s delay=0.160282s
[INFO] [1771004735.902009056] [icp_odometry]: Odom: ratio=0.504509, std dev=0.020617m|0.006520rad, update time=0.040843s delay=0.161441s
[INFO] [1771004736.005334216] [icp_odometry]: Odom: ratio=0.497083, std dev=0.020420m|0.006457rad, update time=0.041028s delay=0.164977s
[INFO] [1771004736.113303125] [icp_odometry]: Odom: ratio=0.507782, std dev=0.021300m|0.006736rad, update time=0.048594s delay=0.172796s
[INFO] [1771004736.204407629] [icp_odometry]: Odom: ratio=0.490848, std dev=0.020691m|0.006543rad, update time=0.044725s delay=0.164020s
[INFO] [1771004736.304514372] [icp_odometry]: Odom: ratio=0.489074, std dev=0.020817m|0.006583rad, update time=0.046446s delay=0.163989s
[INFO] [1771004736.408752141] [icp_odometry]: Odom: ratio=0.484870, std dev=0.020918m|0.006615rad, update time=0.045473s delay=0.168432s
[INFO] [1771004736.503764912] [icp_odometry]: Odom: ratio=0.488994, std dev=0.021320m|0.006742rad, update time=0.045486s delay=0.163344s
[INFO] [1771004736.614186163] [icp_odometry]: Odom: ratio=0.484941, std dev=0.020783m|0.006572rad, update time=0.048937s delay=0.173851s
[INFO] [1771004736.706305807] [icp_odometry]: Odom: ratio=0.488794, std dev=0.021178m|0.006697rad, update time=0.044296s delay=0.165770s
[INFO] [1771004736.808107362] [icp_odometry]: Odom: ratio=0.491895, std dev=0.021074m|0.006664rad, update time=0.044714s delay=0.167627s
[INFO] [1771004736.909224349] [icp_odometry]: Odom: ratio=0.478488, std dev=0.021205m|0.006706rad, update time=0.045284s delay=0.168785s
[INFO] [1771004737.009105227] [icp_odometry]: Odom: ratio=0.484805, std dev=0.020590m|0.006511rad, update time=0.044666s delay=0.168644s
[INFO] [1771004737.100229252] [icp_odometry]: Odom: ratio=0.493967, std dev=0.020727m|0.006554rad, update time=0.042883s delay=0.159673s
[INFO] [1771004737.200879502] [icp_odometry]: Odom: ratio=0.494147, std dev=0.020550m|0.006498rad, update time=0.043172s delay=0.160425s
[INFO] [1771004737.303223796] [icp_odometry]: Odom: ratio=0.489858, std dev=0.020019m|0.006331rad, update time=0.043333s delay=0.162814s
[INFO] [1771004737.407387962] [icp_odometry]: Odom: ratio=0.476144, std dev=0.020639m|0.006527rad, update time=0.045823s delay=0.166931s
[INFO] [1771004737.504516232] [icp_odometry]: Odom: ratio=0.474515, std dev=0.021074m|0.006664rad, update time=0.045002s delay=0.164092s
[INFO] [1771004737.605706853] [icp_odometry]: Odom: ratio=0.468810, std dev=0.021225m|0.006712rad, update time=0.043220s delay=0.165370s
[INFO] [1771004737.701419744] [icp_odometry]: Odom: ratio=0.477844, std dev=0.020695m|0.006544rad, update time=0.043713s delay=0.160983s
[INFO] [1771004737.807286211] [icp_odometry]: Odom: ratio=0.470672, std dev=0.020964m|0.006629rad, update time=0.046416s delay=0.166921s
[INFO] [1771004737.903173764] [icp_odometry]: Odom: ratio=0.471131, std dev=0.021013m|0.006645rad, update time=0.047186s delay=0.162691s
[INFO] [1771004738.002958608] [icp_odometry]: Odom: ratio=0.470429, std dev=0.020693m|0.006544rad, update time=0.044670s delay=0.162492s
[INFO] [1771004738.109805909] [icp_odometry]: Odom: ratio=0.476934, std dev=0.021030m|0.006650rad, update time=0.046316s delay=0.169331s
[INFO] [1771004738.203427302] [icp_odometry]: Odom: ratio=0.480916, std dev=0.020797m|0.006576rad, update time=0.043557s delay=0.162893s
[INFO] [1771004738.311455893] [icp_odometry]: Odom: ratio=0.462045, std dev=0.020945m|0.006623rad, update time=0.047460s delay=0.171074s
[INFO] [1771004738.408505056] [icp_odometry]: Odom: ratio=0.477707, std dev=0.021077m|0.006665rad, update time=0.048110s delay=0.168097s
[INFO] [1771004738.514900501] [icp_odometry]: Odom: ratio=0.462756, std dev=0.021100m|0.006672rad, update time=0.049113s delay=0.174544s
[INFO] [1771004738.601951358] [icp_odometry]: Odom: ratio=0.474521, std dev=0.020609m|0.006517rad, update time=0.041961s delay=0.161526s
[INFO] [1771004738.717045127] [icp_odometry]: Odom: ratio=0.467598, std dev=0.020715m|0.006551rad, update time=0.049389s delay=0.176484s
[INFO] [1771004738.809722743] [icp_odometry]: Odom: ratio=0.459283, std dev=0.021102m|0.006673rad, update time=0.046027s delay=0.169222s
[INFO] [1771004738.902390118] [icp_odometry]: Odom: ratio=0.461633, std dev=0.020882m|0.006604rad, update time=0.045685s delay=0.161818s
[INFO] [1771004739.002010220] [icp_odometry]: Odom: ratio=0.457795, std dev=0.020678m|0.006539rad, update time=0.040047s delay=0.161540s
[INFO] [1771004739.111093952] [icp_odometry]: Odom: ratio=0.448446, std dev=0.020477m|0.006475rad, update time=0.047068s delay=0.170578s
[INFO] [1771004739.207380048] [icp_odometry]: Odom: ratio=0.464637, std dev=0.020839m|0.006590rad, update time=0.047637s delay=0.166924s
[INFO] [1771004739.303604573] [icp_odometry]: Odom: ratio=0.446176, std dev=0.020636m|0.006526rad, update time=0.043864s delay=0.163162s
[INFO] [1771004739.409679943] [icp_odometry]: Odom: ratio=0.465956, std dev=0.021386m|0.006763rad, update time=0.046275s delay=0.169265s
[INFO] [1771004739.512835146] [icp_odometry]: Odom: ratio=0.436299, std dev=0.021653m|0.006847rad, update time=0.047494s delay=0.172436s
[INFO] [1771004739.613808063] [icp_odometry]: Odom: ratio=0.452690, std dev=0.021254m|0.006721rad, update time=0.047269s delay=0.173342s
[INFO] [1771004739.704224543] [icp_odometry]: Odom: ratio=0.441574, std dev=0.021017m|0.006646rad, update time=0.045782s delay=0.163748s
[INFO] [1771004739.809755766] [icp_odometry]: Odom: ratio=0.444102, std dev=0.020880m|0.006603rad, update time=0.047677s delay=0.169307s
[INFO] [1771004739.907721153] [icp_odometry]: Odom: ratio=0.437666, std dev=0.020197m|0.006387rad, update time=0.046640s delay=0.167296s
[INFO] [1771004740.001964008] [icp_odometry]: Odom: ratio=0.436997, std dev=0.020652m|0.006531rad, update time=0.046804s delay=0.161557s
[INFO] [1771004740.106808038] [icp_odometry]: Odom: ratio=0.432729, std dev=0.020468m|0.006473rad, update time=0.045583s delay=0.166358s
[INFO] [1771004740.206442732] [icp_odometry]: Odom: ratio=0.433413, std dev=0.021298m|0.006735rad, update time=0.046894s delay=0.165915s
[INFO] [1771004740.307030548] [icp_odometry]: Odom: ratio=0.425731, std dev=0.020947m|0.006624rad, update time=0.044048s delay=0.166469s
[INFO] [1771004740.409966991] [icp_odometry]: Odom: ratio=0.428468, std dev=0.020746m|0.006560rad, update time=0.044759s delay=0.169514s
[INFO] [1771004740.515360993] [icp_odometry]: Odom: ratio=0.442317, std dev=0.020867m|0.006599rad, update time=0.050197s delay=0.174971s
[INFO] [1771004740.606923209] [icp_odometry]: Odom: ratio=0.437917, std dev=0.020583m|0.006509rad, update time=0.044924s delay=0.166547s
[INFO] [1771004740.701572639] [icp_odometry]: Odom: ratio=0.437024, std dev=0.021442m|0.006780rad, update time=0.041262s delay=0.161119s
[INFO] [1771004740.805586528] [icp_odometry]: Odom: ratio=0.417848, std dev=0.021324m|0.006743rad, update time=0.042861s delay=0.165196s
[INFO] [1771004740.910976402] [icp_odometry]: Odom: ratio=0.433390, std dev=0.021604m|0.006832rad, update time=0.046129s delay=0.170421s
[INFO] [1771004741.001642554] [icp_odometry]: Odom: ratio=0.422840, std dev=0.021058m|0.006659rad, update time=0.044699s delay=0.161221s
[INFO] [1771004741.105048038] [icp_odometry]: Odom: ratio=0.436745, std dev=0.021596m|0.006829rad, update time=0.047547s delay=0.164657s
[INFO] [1771004741.199606360] [icp_odometry]: Odom: ratio=0.428642, std dev=0.020781m|0.006572rad, update time=0.041157s delay=0.159138s
[INFO] [1771004741.307424928] [icp_odometry]: Odom: ratio=0.420191, std dev=0.020950m|0.006625rad, update time=0.046510s delay=0.166974s
[INFO] [1771004741.400703685] [icp_odometry]: Odom: ratio=0.417408, std dev=0.021396m|0.006766rad, update time=0.040924s delay=0.160154s
[INFO] [1771004741.504782152] [icp_odometry]: Odom: ratio=0.407656, std dev=0.021141m|0.006685rad, update time=0.044923s delay=0.164323s
[INFO] [1771004741.599308057] [icp_odometry]: Odom: ratio=0.419995, std dev=0.021006m|0.006643rad, update time=0.042387s delay=0.158863s
[INFO] [1771004741.706161151] [icp_odometry]: Odom: ratio=0.408976, std dev=0.021074m|0.006664rad, update time=0.044020s delay=0.165769s
[INFO] [1771004741.804896293] [icp_odometry]: Odom: ratio=0.414553, std dev=0.020823m|0.006585rad, update time=0.044576s delay=0.164517s
[INFO] [1771004741.901919791] [icp_odometry]: Odom: ratio=0.407211, std dev=0.021423m|0.006774rad, update time=0.045354s delay=0.161515s
[INFO] [1771004742.004363000] [icp_odometry]: Odom: ratio=0.413811, std dev=0.021507m|0.006801rad, update time=0.045646s delay=0.163828s
[INFO] [1771004742.108550879] [icp_odometry]: Odom: ratio=0.409819, std dev=0.020775m|0.006570rad, update time=0.048576s delay=0.167939s
[INFO] [1771004742.206794420] [icp_odometry]: Odom: ratio=0.413256, std dev=0.020994m|0.006639rad, update time=0.044375s delay=0.166436s
[INFO] [1771004742.315171216] [icp_odometry]: Odom: ratio=0.395817, std dev=0.021524m|0.006806rad, update time=0.053569s delay=0.174628s
[INFO] [1771004742.403431651] [icp_odometry]: Odom: ratio=0.563833, std dev=0.020839m|0.006590rad, update time=0.045050s delay=0.162945s
[INFO] [1771004742.508848310] [icp_odometry]: Odom: ratio=0.564467, std dev=0.019797m|0.006260rad, update time=0.049206s delay=0.168332s
[INFO] [1771004742.606932421] [icp_odometry]: Odom: ratio=0.544900, std dev=0.020688m|0.006542rad, update time=0.048357s delay=0.166487s
[INFO] [1771004742.716862167] [icp_odometry]: Odom: ratio=0.550553, std dev=0.020337m|0.006431rad, update time=0.050823s delay=0.176491s
[INFO] [1771004742.804184266] [icp_odometry]: Odom: ratio=0.538035, std dev=0.019974m|0.006316rad, update time=0.048040s delay=0.163746s
[INFO] [1771004742.913154522] [icp_odometry]: Odom: ratio=0.553470, std dev=0.020805m|0.006579rad, update time=0.052104s delay=0.172595s
[INFO] [1771004743.011775516] [icp_odometry]: Odom: ratio=0.542311, std dev=0.020986m|0.006636rad, update time=0.047423s delay=0.171388s
[INFO] [1771004743.101351774] [icp_odometry]: Odom: ratio=0.534088, std dev=0.020583m|0.006509rad, update time=0.042947s delay=0.160820s
[INFO] [1771004743.208368490] [icp_odometry]: Odom: ratio=0.538156, std dev=0.020560m|0.006502rad, update time=0.048557s delay=0.167921s
[INFO] [1771004743.300495110] [icp_odometry]: Odom: ratio=0.535599, std dev=0.020869m|0.006599rad, update time=0.042597s delay=0.159946s
[INFO] [1771004743.410004169] [icp_odometry]: Odom: ratio=0.526588, std dev=0.020647m|0.006529rad, update time=0.047808s delay=0.169529s
[INFO] [1771004743.510722518] [icp_odometry]: Odom: ratio=0.538021, std dev=0.020288m|0.006416rad, update time=0.050654s delay=0.170311s
[INFO] [1771004743.604642386] [icp_odometry]: Odom: ratio=0.521989, std dev=0.020048m|0.006340rad, update time=0.045449s delay=0.164106s
[INFO] [1771004743.704198613] [icp_odometry]: Odom: ratio=0.525779, std dev=0.019817m|0.006267rad, update time=0.043019s delay=0.163596s
[INFO] [1771004743.808425245] [icp_odometry]: Odom: ratio=0.520592, std dev=0.020354m|0.006437rad, update time=0.047172s delay=0.167874s
[INFO] [1771004743.906546478] [icp_odometry]: Odom: ratio=0.510727, std dev=0.020447m|0.006466rad, update time=0.046774s delay=0.166055s
[INFO] [1771004744.001970943] [icp_odometry]: Odom: ratio=0.525292, std dev=0.020316m|0.006425rad, update time=0.043683s delay=0.161440s
[INFO] [1771004744.115876094] [icp_odometry]: Odom: ratio=0.513800, std dev=0.020508m|0.006485rad, update time=0.051049s delay=0.175339s
[INFO] [1771004744.210455121] [icp_odometry]: Odom: ratio=0.531611, std dev=0.020504m|0.006484rad, update time=0.052323s delay=0.169959s
[INFO] [1771004744.301464774] [icp_odometry]: Odom: ratio=0.528687, std dev=0.020454m|0.006468rad, update time=0.043496s delay=0.160916s
[INFO] [1771004744.409433683] [icp_odometry]: Odom: ratio=0.501752, std dev=0.020593m|0.006512rad, update time=0.049513s delay=0.168915s
[INFO] [1771004744.507986067] [icp_odometry]: Odom: ratio=0.519074, std dev=0.021147m|0.006687rad, update time=0.047336s delay=0.167469s
[INFO] [1771004744.602697546] [icp_odometry]: Odom: ratio=0.500949, std dev=0.020716m|0.006551rad, update time=0.042447s delay=0.162144s
[INFO] [1771004744.709011293] [icp_odometry]: Odom: ratio=0.509900, std dev=0.019663m|0.006218rad, update time=0.045585s delay=0.168479s
[INFO] [1771004744.806800290] [icp_odometry]: Odom: ratio=0.499054, std dev=0.020036m|0.006336rad, update time=0.050535s delay=0.166209s
[INFO] [1771004744.907216611] [icp_odometry]: Odom: ratio=0.509495, std dev=0.019999m|0.006324rad, update time=0.049220s delay=0.166762s
[INFO] [1771004745.006622241] [icp_odometry]: Odom: ratio=0.489203, std dev=0.020225m|0.006396rad, update time=0.048087s delay=0.166224s
[INFO] [1771004745.105930716] [icp_odometry]: Odom: ratio=0.484977, std dev=0.020884m|0.006604rad, update time=0.045400s delay=0.165357s
[INFO] [1771004745.206128534] [icp_odometry]: Odom: ratio=0.487831, std dev=0.020737m|0.006558rad, update time=0.051725s delay=0.165634s
[INFO] [1771004745.305696281] [icp_odometry]: Odom: ratio=0.490796, std dev=0.020281m|0.006413rad, update time=0.046314s delay=0.165287s
[INFO] [1771004745.410660892] [icp_odometry]: Odom: ratio=0.493973, std dev=0.020206m|0.006390rad, update time=0.047803s delay=0.170075s
[INFO] [1771004745.506667042] [icp_odometry]: Odom: ratio=0.492842, std dev=0.020887m|0.006605rad, update time=0.046159s delay=0.166182s
[INFO] [1771004745.603628777] [icp_odometry]: Odom: ratio=0.470302, std dev=0.021347m|0.006751rad, update time=0.044747s delay=0.163192s
[INFO] [1771004745.708082618] [icp_odometry]: Odom: ratio=0.477685, std dev=0.021036m|0.006652rad, update time=0.048771s delay=0.167454s
[INFO] [1771004745.805694520] [icp_odometry]: Odom: ratio=0.483397, std dev=0.021276m|0.006728rad, update time=0.044438s delay=0.165162s
[INFO] [1771004745.907430633] [icp_odometry]: Odom: ratio=0.474702, std dev=0.020935m|0.006620rad, update time=0.046897s delay=0.166950s
[INFO] [1771004746.004902818] [icp_odometry]: Odom: ratio=0.476517, std dev=0.020671m|0.006537rad, update time=0.047307s delay=0.164508s
[INFO] [1771004746.105077307] [icp_odometry]: Odom: ratio=0.487193, std dev=0.021053m|0.006658rad, update time=0.045719s delay=0.164590s
[INFO] [1771004746.204429207] [icp_odometry]: Odom: ratio=0.477568, std dev=0.020822m|0.006584rad, update time=0.042258s delay=0.163911s
[INFO] [1771004746.309572320] [icp_odometry]: Odom: ratio=0.449459, std dev=0.021610m|0.006834rad, update time=0.054055s delay=0.169164s
[INFO] [1771004746.405519588] [icp_odometry]: Odom: ratio=0.469328, std dev=0.020709m|0.006549rad, update time=0.048042s delay=0.165043s
[INFO] [1771004746.506680864] [icp_odometry]: Odom: ratio=0.450000, std dev=0.020182m|0.006382rad, update time=0.049813s delay=0.166208s
[INFO] [1771004746.604307455] [icp_odometry]: Odom: ratio=0.484225, std dev=0.020339m|0.006432rad, update time=0.045914s delay=0.163863s
[INFO] [1771004746.709965850] [icp_odometry]: Odom: ratio=0.456188, std dev=0.020481m|0.006477rad, update time=0.049370s delay=0.169312s
[INFO] [1771004746.800461309] [icp_odometry]: Odom: ratio=0.457491, std dev=0.021335m|0.006747rad, update time=0.046640s delay=0.159954s
[INFO] [1771004746.911866179] [icp_odometry]: Odom: ratio=0.456007, std dev=0.021458m|0.006786rad, update time=0.053521s delay=0.171404s
[INFO] [1771004747.009573477] [icp_odometry]: Odom: ratio=0.477374, std dev=0.021455m|0.006785rad, update time=0.049262s delay=0.169002s
[INFO] [1771004747.100037159] [icp_odometry]: Odom: ratio=0.460858, std dev=0.020671m|0.006537rad, update time=0.042816s delay=0.159516s
[INFO] [1771004747.201732982] [icp_odometry]: Odom: ratio=0.472013, std dev=0.021134m|0.006683rad, update time=0.044104s delay=0.161296s
[INFO] [1771004747.311819438] [icp_odometry]: Odom: ratio=0.466403, std dev=0.021352m|0.006752rad, update time=0.049148s delay=0.171277s
[INFO] [1771004747.403463961] [icp_odometry]: Odom: ratio=0.457255, std dev=0.021904m|0.006927rad, update time=0.048282s delay=0.162879s
[INFO] [1771004747.495570868] [icp_odometry]: Odom: ratio=0.456596, std dev=0.022259m|0.007039rad, update time=0.041127s delay=0.154963s
[INFO] [1771004747.607086175] [icp_odometry]: Odom: ratio=0.452224, std dev=0.021911m|0.006929rad, update time=0.049083s delay=0.166577s
[INFO] [1771004747.701087614] [icp_odometry]: Odom: ratio=0.452212, std dev=0.021648m|0.006846rad, update time=0.043743s delay=0.160642s
[INFO] [1771004747.809312628] [icp_odometry]: Odom: ratio=0.437984, std dev=0.021108m|0.006675rad, update time=0.047996s delay=0.168723s
[INFO] [1771004747.907121401] [icp_odometry]: Odom: ratio=0.450645, std dev=0.021363m|0.006756rad, update time=0.051748s delay=0.166570s
[INFO] [1771004748.001546919] [icp_odometry]: Odom: ratio=0.438103, std dev=0.021921m|0.006932rad, update time=0.042126s delay=0.161109s
[INFO] [1771004748.106252640] [icp_odometry]: Odom: ratio=0.432563, std dev=0.022197m|0.007019rad, update time=0.044830s delay=0.165690s
[INFO] [1771004748.202403115] [icp_odometry]: Odom: ratio=0.420461, std dev=0.021538m|0.006811rad, update time=0.043804s delay=0.161867s
[INFO] [1771004748.305578030] [icp_odometry]: Odom: ratio=0.439761, std dev=0.021751m|0.006878rad, update time=0.044019s delay=0.165077s
[INFO] [1771004748.407383425] [icp_odometry]: Odom: ratio=0.430532, std dev=0.021360m|0.006755rad, update time=0.047921s delay=0.166885s
[INFO] [1771004748.506029668] [icp_odometry]: Odom: ratio=0.425701, std dev=0.022298m|0.007051rad, update time=0.048625s delay=0.165418s
[INFO] [1771004748.609637591] [icp_odometry]: Odom: ratio=0.415991, std dev=0.021690m|0.006859rad, update time=0.045727s delay=0.169032s
[INFO] [1771004748.704394768] [icp_odometry]: Odom: ratio=0.422382, std dev=0.021892m|0.006923rad, update time=0.043087s delay=0.163953s
[INFO] [1771004748.806102848] [icp_odometry]: Odom: ratio=0.406061, std dev=0.021300m|0.006736rad, update time=0.044411s delay=0.165528s
[INFO] [1771004748.908662765] [icp_odometry]: Odom: ratio=0.425250, std dev=0.021771m|0.006885rad, update time=0.048701s delay=0.168029s
[INFO] [1771004749.001639496] [icp_odometry]: Odom: ratio=0.402446, std dev=0.021968m|0.006947rad, update time=0.044978s delay=0.161041s
[INFO] [1771004749.104006159] [icp_odometry]: Odom: ratio=0.402893, std dev=0.021917m|0.006931rad, update time=0.043675s delay=0.163430s
[INFO] [1771004749.209734508] [icp_odometry]: Odom: ratio=0.428319, std dev=0.022617m|0.007152rad, update time=0.048417s delay=0.169229s
[INFO] [1771004749.309766944] [icp_odometry]: Odom: ratio=0.415389, std dev=0.022342m|0.007065rad, update time=0.049091s delay=0.169225s
[INFO] [1771004749.401869052] [icp_odometry]: Odom: ratio=0.410014, std dev=0.021654m|0.006848rad, update time=0.046127s delay=0.161450s
[INFO] [1771004749.512923318] [icp_odometry]: Odom: ratio=0.397483, std dev=0.022702m|0.007179rad, update time=0.052191s delay=0.172431s
[INFO] [1771004749.611015301] [icp_odometry]: Odom: ratio=0.556863, std dev=0.020854m|0.006594rad, update time=0.055656s delay=0.170421s
[INFO] [1771004749.710618122] [icp_odometry]: Odom: ratio=0.596203, std dev=0.019386m|0.006131rad, update time=0.051899s delay=0.170088s
[INFO] [1771004749.807699254] [icp_odometry]: Odom: ratio=0.539227, std dev=0.020660m|0.006533rad, update time=0.049526s delay=0.167232s
[INFO] [1771004749.915341399] [icp_odometry]: Odom: ratio=0.561270, std dev=0.020599m|0.006514rad, update time=0.053994s delay=0.174805s
[INFO] [1771004750.007239148] [icp_odometry]: Odom: ratio=0.535056, std dev=0.020274m|0.006411rad, update time=0.051866s delay=0.166671s
[INFO] [1771004750.109068479] [icp_odometry]: Odom: ratio=0.553808, std dev=0.020050m|0.006341rad, update time=0.050743s delay=0.168603s
[INFO] [1771004750.207939498] [icp_odometry]: Odom: ratio=0.526905, std dev=0.020423m|0.006458rad, update time=0.051619s delay=0.167334s
[INFO] [1771004750.309641114] [icp_odometry]: Odom: ratio=0.542661, std dev=0.020607m|0.006516rad, update time=0.051501s delay=0.169117s
[INFO] [1771004750.408051796] [icp_odometry]: Odom: ratio=0.519739, std dev=0.020940m|0.006622rad, update time=0.050084s delay=0.167556s
[INFO] [1771004750.505628370] [icp_odometry]: Odom: ratio=0.532429, std dev=0.021133m|0.006683rad, update time=0.046087s delay=0.165186s
[INFO] [1771004750.613338389] [icp_odometry]: Odom: ratio=0.523455, std dev=0.020712m|0.006550rad, update time=0.051549s delay=0.172779s
[INFO] [1771004750.709370268] [icp_odometry]: Odom: ratio=0.537285, std dev=0.020664m|0.006534rad, update time=0.053612s delay=0.168833s
[INFO] [1771004750.807597808] [icp_odometry]: Odom: ratio=0.520087, std dev=0.020905m|0.006611rad, update time=0.048412s delay=0.167009s
[INFO] [1771004750.910890744] [icp_odometry]: Odom: ratio=0.524145, std dev=0.020989m|0.006637rad, update time=0.049443s delay=0.170155s
[INFO] [1771004751.007281451] [icp_odometry]: Odom: ratio=0.510150, std dev=0.020751m|0.006562rad, update time=0.050944s delay=0.166830s
[INFO] [1771004751.117695246] [icp_odometry]: Odom: ratio=0.524608, std dev=0.021434m|0.006778rad, update time=0.053448s delay=0.177097s
[INFO] [1771004751.210154615] [icp_odometry]: Odom: ratio=0.524573, std dev=0.020908m|0.006612rad, update time=0.051422s delay=0.169620s
[INFO] [1771004751.318424366] [icp_odometry]: Odom: ratio=0.516662, std dev=0.021051m|0.006657rad, update time=0.053376s delay=0.177871s
[INFO] [1771004751.408990259] [icp_odometry]: Odom: ratio=0.533244, std dev=0.021002m|0.006642rad, update time=0.051326s delay=0.168455s
[INFO] [1771004751.507809885] [icp_odometry]: Odom: ratio=0.516363, std dev=0.020744m|0.006560rad, update time=0.047669s delay=0.167263s
[INFO] [1771004751.615558178] [icp_odometry]: Odom: ratio=0.519832, std dev=0.021102m|0.006673rad, update time=0.053327s delay=0.175080s
[INFO] [1771004751.715109669] [icp_odometry]: Odom: ratio=0.505442, std dev=0.021178m|0.006697rad, update time=0.054431s delay=0.174604s
[INFO] [1771004751.815681228] [icp_odometry]: Odom: ratio=0.526693, std dev=0.021045m|0.006655rad, update time=0.054763s delay=0.175228s
[INFO] [1771004751.902122687] [icp_odometry]: Odom: ratio=0.506240, std dev=0.021909m|0.006928rad, update time=0.044323s delay=0.161576s
[INFO] [1771004752.012479681] [icp_odometry]: Odom: ratio=0.519267, std dev=0.021462m|0.006787rad, update time=0.052796s delay=0.172012s
[INFO] [1771004752.109625327] [icp_odometry]: Odom: ratio=0.516631, std dev=0.021103m|0.006673rad, update time=0.049114s delay=0.169170s
[INFO] [1771004752.207940966] [icp_odometry]: Odom: ratio=0.517354, std dev=0.021142m|0.006686rad, update time=0.047547s delay=0.167258s
[INFO] [1771004752.308044125] [icp_odometry]: Odom: ratio=0.505373, std dev=0.020833m|0.006588rad, update time=0.050254s delay=0.167512s
[INFO] [1771004752.411645679] [icp_odometry]: Odom: ratio=0.508298, std dev=0.021564m|0.006819rad, update time=0.048904s delay=0.171112s
[INFO] [1771004752.512194389] [icp_odometry]: Odom: ratio=0.517691, std dev=0.021582m|0.006825rad, update time=0.052792s delay=0.171526s
[INFO] [1771004752.614953962] [icp_odometry]: Odom: ratio=0.498824, std dev=0.021391m|0.006765rad, update time=0.053073s delay=0.174339s
[INFO] [1771004752.714164609] [icp_odometry]: Odom: ratio=0.501955, std dev=0.021287m|0.006732rad, update time=0.053166s delay=0.173570s
[INFO] [1771004752.812291378] [icp_odometry]: Odom: ratio=0.484872, std dev=0.021545m|0.006813rad, update time=0.054117s delay=0.171742s
[INFO] [1771004752.917950861] [icp_odometry]: Odom: ratio=0.499607, std dev=0.021423m|0.006774rad, update time=0.058533s delay=0.177415s
[INFO] [1771004753.009651322] [icp_odometry]: Odom: ratio=0.488738, std dev=0.021032m|0.006651rad, update time=0.050561s delay=0.169110s
[INFO] [1771004753.104722047] [icp_odometry]: Odom: ratio=0.497355, std dev=0.022150m|0.007005rad, update time=0.043891s delay=0.164240s
[INFO] [1771004753.210893100] [icp_odometry]: Odom: ratio=0.487371, std dev=0.021713m|0.006866rad, update time=0.051972s delay=0.170248s
[INFO] [1771004753.309746871] [icp_odometry]: Odom: ratio=0.490957, std dev=0.021481m|0.006793rad, update time=0.050955s delay=0.169225s
[INFO] [1771004753.418553473] [icp_odometry]: Odom: ratio=0.476289, std dev=0.021382m|0.006762rad, update time=0.050669s delay=0.177956s
[INFO] [1771004753.507632786] [icp_odometry]: Odom: ratio=0.487026, std dev=0.020790m|0.006574rad, update time=0.048986s delay=0.167135s
[INFO] [1771004753.607025615] [icp_odometry]: Odom: ratio=0.473442, std dev=0.020765m|0.006566rad, update time=0.048753s delay=0.166405s
[INFO] [1771004753.714603566] [icp_odometry]: Odom: ratio=0.480729, std dev=0.021444m|0.006781rad, update time=0.049157s delay=0.173944s
[INFO] [1771004753.801765979] [icp_odometry]: Odom: ratio=0.492133, std dev=0.021414m|0.006772rad, update time=0.046368s delay=0.161279s
[INFO] [1771004753.910706730] [icp_odometry]: Odom: ratio=0.480168, std dev=0.020662m|0.006534rad, update time=0.052171s delay=0.170166s
[INFO] [1771004754.014077429] [icp_odometry]: Odom: ratio=0.472636, std dev=0.021632m|0.006841rad, update time=0.050490s delay=0.173582s
[INFO] [1771004754.113958147] [icp_odometry]: Odom: ratio=0.459984, std dev=0.020994m|0.006639rad, update time=0.051632s delay=0.173305s
[INFO] [1771004754.210395512] [icp_odometry]: Odom: ratio=0.473844, std dev=0.020865m|0.006598rad, update time=0.050964s delay=0.169868s
[INFO] [1771004754.307719437] [icp_odometry]: Odom: ratio=0.460616, std dev=0.021846m|0.006908rad, update time=0.052310s delay=0.167120s
[INFO] [1771004754.410003472] [icp_odometry]: Odom: ratio=0.475154, std dev=0.021293m|0.006734rad, update time=0.052233s delay=0.169360s
[INFO] [1771004754.512640705] [icp_odometry]: Odom: ratio=0.466893, std dev=0.021309m|0.006738rad, update time=0.053791s delay=0.172030s
[INFO] [1771004754.607101584] [icp_odometry]: Odom: ratio=0.474809, std dev=0.021702m|0.006863rad, update time=0.048345s delay=0.166524s
[INFO] [1771004754.711581089] [icp_odometry]: Odom: ratio=0.472027, std dev=0.021343m|0.006749rad, update time=0.050863s delay=0.170974s
[INFO] [1771004754.811895871] [icp_odometry]: Odom: ratio=0.460052, std dev=0.021192m|0.006701rad, update time=0.053610s delay=0.171317s
[INFO] [1771004754.913124510] [icp_odometry]: Odom: ratio=0.465272, std dev=0.021641m|0.006843rad, update time=0.056676s delay=0.172585s
[INFO] [1771004755.006089400] [icp_odometry]: Odom: ratio=0.465924, std dev=0.021103m|0.006673rad, update time=0.050059s delay=0.165590s
[INFO] [1771004755.110120857] [icp_odometry]: Odom: ratio=0.448372, std dev=0.021758m|0.006880rad, update time=0.052390s delay=0.169551s
[INFO] [1771004755.203111860] [icp_odometry]: Odom: ratio=0.455172, std dev=0.021727m|0.006871rad, update time=0.045294s delay=0.162408s
[INFO] [1771004755.313174123] [icp_odometry]: Odom: ratio=0.457934, std dev=0.021883m|0.006920rad, update time=0.051559s delay=0.172553s
[INFO] [1771004755.402741517] [icp_odometry]: Odom: ratio=0.454100, std dev=0.021239m|0.006716rad, update time=0.045674s delay=0.162173s
[INFO] [1771004755.516776529] [icp_odometry]: Odom: ratio=0.462157, std dev=0.021459m|0.006786rad, update time=0.058061s delay=0.176291s
[INFO] [1771004755.606941000] [icp_odometry]: Odom: ratio=0.455821, std dev=0.021780m|0.006887rad, update time=0.047865s delay=0.166258s
[INFO] [1771004755.702632546] [icp_odometry]: Odom: ratio=0.463231, std dev=0.021664m|0.006851rad, update time=0.045387s delay=0.162081s
[INFO] [1771004755.811119265] [icp_odometry]: Odom: ratio=0.443307, std dev=0.021017m|0.006646rad, update time=0.051806s delay=0.170592s
[INFO] [1771004755.911643367] [icp_odometry]: Odom: ratio=0.455966, std dev=0.021772m|0.006885rad, update time=0.049906s delay=0.171116s
[INFO] [1771004756.008121917] [icp_odometry]: Odom: ratio=0.448777, std dev=0.020867m|0.006599rad, update time=0.050783s delay=0.167558s
[INFO] [1771004756.108709669] [icp_odometry]: Odom: ratio=0.443055, std dev=0.021086m|0.006668rad, update time=0.049364s delay=0.168003s
[INFO] [1771004756.208044225] [icp_odometry]: Odom: ratio=0.450424, std dev=0.021144m|0.006686rad, update time=0.049613s delay=0.167435s
[INFO] [1771004756.305400662] [icp_odometry]: Odom: ratio=0.445484, std dev=0.021403m|0.006768rad, update time=0.049390s delay=0.164739s
[INFO] [1771004756.412117783] [icp_odometry]: Odom: ratio=0.426604, std dev=0.020925m|0.006617rad, update time=0.049382s delay=0.171564s
[INFO] [1771004756.517047064] [icp_odometry]: Odom: ratio=0.432000, std dev=0.021810m|0.006897rad, update time=0.052484s delay=0.176522s
[INFO] [1771004756.606855202] [icp_odometry]: Odom: ratio=0.434400, std dev=0.020772m|0.006569rad, update time=0.048804s delay=0.166257s
[INFO] [1771004756.716331205] [icp_odometry]: Odom: ratio=0.438396, std dev=0.021008m|0.006643rad, update time=0.054440s delay=0.175723s
[INFO] [1771004756.804561431] [icp_odometry]: Odom: ratio=0.426581, std dev=0.022053m|0.006974rad, update time=0.048454s delay=0.163890s
[INFO] [1771004756.907759739] [icp_odometry]: Odom: ratio=0.420665, std dev=0.021529m|0.006808rad, update time=0.046952s delay=0.167143s
[INFO] [1771004757.014223795] [icp_odometry]: Odom: ratio=0.415166, std dev=0.021405m|0.006769rad, update time=0.058648s delay=0.173168s
[INFO] [1771004757.106334735] [icp_odometry]: Odom: ratio=0.413643, std dev=0.020955m|0.006627rad, update time=0.050477s delay=0.165714s
[INFO] [1771004757.204217655] [icp_odometry]: Odom: ratio=0.423251, std dev=0.021235m|0.006715rad, update time=0.046477s delay=0.163540s
[INFO] [1771004757.314962214] [icp_odometry]: Odom: ratio=0.413251, std dev=0.021416m|0.006772rad, update time=0.051533s delay=0.174361s
[INFO] [1771004757.403001970] [icp_odometry]: Odom: ratio=0.409724, std dev=0.021828m|0.006903rad, update time=0.048059s delay=0.162322s
[INFO] [1771004757.512571863] [icp_odometry]: Odom: ratio=0.423935, std dev=0.021218m|0.006710rad, update time=0.053156s delay=0.171968s
[INFO] [1771004757.612289088] [icp_odometry]: Odom: ratio=0.414667, std dev=0.021015m|0.006646rad, update time=0.048492s delay=0.171766s
[INFO] [1771004757.707851606] [icp_odometry]: Odom: ratio=0.406259, std dev=0.021169m|0.006694rad, update time=0.048362s delay=0.167316s
[INFO] [1771004757.810675533] [icp_odometry]: Odom: ratio=0.402399, std dev=0.021090m|0.006669rad, update time=0.046499s delay=0.170088s
[INFO] [1771004757.910839750] [icp_odometry]: Odom: ratio=0.408676, std dev=0.021021m|0.006647rad, update time=0.050033s delay=0.170148s
[INFO] [1771004758.006114474] [icp_odometry]: Odom: ratio=0.409854, std dev=0.021656m|0.006848rad, update time=0.049764s delay=0.165489s
[INFO] [1771004758.107735731] [icp_odometry]: Odom: ratio=0.411665, std dev=0.022038m|0.006969rad, update time=0.053281s delay=0.167122s
[INFO] [1771004758.207160079] [icp_odometry]: Odom: ratio=0.405081, std dev=0.021869m|0.006916rad, update time=0.051595s delay=0.166632s
[INFO] [1771004758.303550400] [icp_odometry]: Odom: ratio=0.414987, std dev=0.021835m|0.006905rad, update time=0.046443s delay=0.162875s
[INFO] [1771004758.414474287] [icp_odometry]: Odom: ratio=0.407208, std dev=0.021047m|0.006656rad, update time=0.050651s delay=0.173864s
[INFO] [1771004758.508140993] [icp_odometry]: Odom: ratio=0.408152, std dev=0.021023m|0.006648rad, update time=0.050604s delay=0.167539s
[INFO] [1771004758.611355009] [icp_odometry]: Odom: ratio=0.402002, std dev=0.021362m|0.006755rad, update time=0.052940s delay=0.170830s
[INFO] [1771004758.711953478] [icp_odometry]: Odom: ratio=0.406667, std dev=0.021444m|0.006781rad, update time=0.046728s delay=0.171374s
[INFO] [1771004758.815822653] [icp_odometry]: Odom: ratio=0.394185, std dev=0.021210m|0.006707rad, update time=0.056490s delay=0.175136s
[INFO] [1771004758.913350550] [icp_odometry]: Odom: ratio=0.555494, std dev=0.019252m|0.006088rad, update time=0.055673s delay=0.172751s
[INFO] [1771004759.009199861] [icp_odometry]: Odom: ratio=0.568364, std dev=0.019480m|0.006160rad, update time=0.050920s delay=0.168604s
[INFO] [1771004759.114665508] [icp_odometry]: Odom: ratio=0.553173, std dev=0.019325m|0.006111rad, update time=0.056918s delay=0.174072s
[INFO] [1771004759.205825598] [icp_odometry]: Odom: ratio=0.557874, std dev=0.019997m|0.006324rad, update time=0.049268s delay=0.165289s
[INFO] [1771004759.315748202] [icp_odometry]: Odom: ratio=0.540109, std dev=0.019550m|0.006182rad, update time=0.053142s delay=0.175116s
[INFO] [1771004759.406071910] [icp_odometry]: Odom: ratio=0.547223, std dev=0.019772m|0.006252rad, update time=0.045734s delay=0.165375s
[INFO] [1771004759.509545232] [icp_odometry]: Odom: ratio=0.552786, std dev=0.020167m|0.006377rad, update time=0.053624s delay=0.168921s
[INFO] [1771004759.614122016] [icp_odometry]: Odom: ratio=0.529507, std dev=0.020096m|0.006355rad, update time=0.050026s delay=0.173474s
[INFO] [1771004759.716280219] [icp_odometry]: Odom: ratio=0.543348, std dev=0.019619m|0.006204rad, update time=0.054465s delay=0.175546s
[INFO] [1771004759.809360409] [icp_odometry]: Odom: ratio=0.535132, std dev=0.020137m|0.006368rad, update time=0.050600s delay=0.168632s
[INFO] [1771004759.915776169] [icp_odometry]: Odom: ratio=0.540526, std dev=0.019133m|0.006050rad, update time=0.058833s delay=0.175171s
[INFO] [1771004760.012763056] [icp_odometry]: Odom: ratio=0.539544, std dev=0.019406m|0.006137rad, update time=0.054821s delay=0.172178s
[INFO] [1771004760.112712350] [icp_odometry]: Odom: ratio=0.534088, std dev=0.019727m|0.006238rad, update time=0.055838s delay=0.172181s
[INFO] [1771004760.212867955] [icp_odometry]: Odom: ratio=0.523364, std dev=0.019847m|0.006276rad, update time=0.055137s delay=0.172274s
[INFO] [1771004760.306991861] [icp_odometry]: Odom: ratio=0.525115, std dev=0.019823m|0.006269rad, update time=0.050065s delay=0.166288s
[INFO] [1771004760.412922484] [icp_odometry]: Odom: ratio=0.530104, std dev=0.019886m|0.006289rad, update time=0.055143s delay=0.172245s
[INFO] [1771004760.510557201] [icp_odometry]: Odom: ratio=0.526891, std dev=0.019938m|0.006305rad, update time=0.055770s delay=0.169956s
[INFO] [1771004760.610232598] [icp_odometry]: Odom: ratio=0.519405, std dev=0.019062m|0.006028rad, update time=0.052072s delay=0.169712s
[INFO] [1771004760.708216383] [icp_odometry]: Odom: ratio=0.533812, std dev=0.020004m|0.006326rad, update time=0.050754s delay=0.167502s
[INFO] [1771004760.813808979] [icp_odometry]: Odom: ratio=0.528512, std dev=0.019915m|0.006298rad, update time=0.052584s delay=0.173221s
[INFO] [1771004760.907697612] [icp_odometry]: Odom: ratio=0.508786, std dev=0.020370m|0.006441rad, update time=0.049854s delay=0.166956s
[INFO] [1771004761.010958094] [icp_odometry]: Odom: ratio=0.507429, std dev=0.020309m|0.006422rad, update time=0.048684s delay=0.170335s
[INFO] [1771004761.117786702] [icp_odometry]: Odom: ratio=0.512363, std dev=0.019927m|0.006302rad, update time=0.057094s delay=0.177181s
[INFO] [1771004761.207342095] [icp_odometry]: Odom: ratio=0.518733, std dev=0.020237m|0.006399rad, update time=0.052271s delay=0.166602s
[INFO] [1771004761.310266246] [icp_odometry]: Odom: ratio=0.520862, std dev=0.019879m|0.006286rad, update time=0.051163s delay=0.169674s
[INFO] [1771004761.409109005] [icp_odometry]: Odom: ratio=0.514130, std dev=0.019951m|0.006309rad, update time=0.054774s delay=0.168572s
[INFO] [1771004761.506993491] [icp_odometry]: Odom: ratio=0.522121, std dev=0.020533m|0.006493rad, update time=0.048813s delay=0.166404s
[INFO] [1771004761.609484602] [icp_odometry]: Odom: ratio=0.504793, std dev=0.020467m|0.006472rad, update time=0.047701s delay=0.168935s
[INFO] [1771004761.715623553] [icp_odometry]: Odom: ratio=0.500803, std dev=0.020154m|0.006373rad, update time=0.055877s delay=0.174907s
[INFO] [1771004761.811515200] [icp_odometry]: Odom: ratio=0.504245, std dev=0.019726m|0.006238rad, update time=0.052824s delay=0.170910s
[INFO] [1771004761.908222589] [icp_odometry]: Odom: ratio=0.496840, std dev=0.020255m|0.006405rad, update time=0.049783s delay=0.167534s
[INFO] [1771004762.007624888] [icp_odometry]: Odom: ratio=0.514896, std dev=0.019817m|0.006267rad, update time=0.050254s delay=0.166933s
[INFO] [1771004762.108338657] [icp_odometry]: Odom: ratio=0.500856, std dev=0.020079m|0.006350rad, update time=0.049992s delay=0.167716s
[INFO] [1771004762.208851010] [icp_odometry]: Odom: ratio=0.498146, std dev=0.020358m|0.006438rad, update time=0.054431s delay=0.168284s
[INFO] [1771004762.309771634] [icp_odometry]: Odom: ratio=0.500852, std dev=0.019939m|0.006305rad, update time=0.051073s delay=0.169108s
[INFO] [1771004762.405733621] [icp_odometry]: Odom: ratio=0.512486, std dev=0.020264m|0.006408rad, update time=0.048501s delay=0.165144s
[INFO] [1771004762.511092960] [icp_odometry]: Odom: ratio=0.504146, std dev=0.021133m|0.006683rad, update time=0.051505s delay=0.170392s
[INFO] [1771004762.604985754] [icp_odometry]: Odom: ratio=0.513024, std dev=0.020870m|0.006600rad, update time=0.045997s delay=0.164299s
[INFO] [1771004762.711472845] [icp_odometry]: Odom: ratio=0.499432, std dev=0.020333m|0.006430rad, update time=0.052748s delay=0.170888s
[INFO] [1771004762.805515436] [icp_odometry]: Odom: ratio=0.505903, std dev=0.020848m|0.006593rad, update time=0.049149s delay=0.164807s
[INFO] [1771004762.920135612] [icp_odometry]: Odom: ratio=0.502203, std dev=0.020637m|0.006526rad, update time=0.057692s delay=0.179580s
[INFO] [1771004763.011368409] [icp_odometry]: Odom: ratio=0.504253, std dev=0.020709m|0.006549rad, update time=0.055435s delay=0.170797s
[INFO] [1771004763.108202650] [icp_odometry]: Odom: ratio=0.488783, std dev=0.020835m|0.006589rad, update time=0.050788s delay=0.167559s
[INFO] [1771004763.210287507] [icp_odometry]: Odom: ratio=0.494572, std dev=0.021576m|0.006823rad, update time=0.056675s delay=0.169584s
[INFO] [1771004763.318632103] [icp_odometry]: Odom: ratio=0.491349, std dev=0.021409m|0.006770rad, update time=0.062400s delay=0.177870s
[INFO] [1771004763.421137167] [icp_odometry]: Odom: ratio=0.499360, std dev=0.021111m|0.006676rad, update time=0.064107s delay=0.180575s
[INFO] [1771004763.513196040] [icp_odometry]: Odom: ratio=0.508931, std dev=0.021172m|0.006695rad, update time=0.055545s delay=0.172593s
[INFO] [1771004763.609452565] [icp_odometry]: Odom: ratio=0.517805, std dev=0.020688m|0.006542rad, update time=0.050786s delay=0.168784s
[INFO] [1771004763.709857555] [icp_odometry]: Odom: ratio=0.496813, std dev=0.020956m|0.006627rad, update time=0.051721s delay=0.169229s
[INFO] [1771004763.815697135] [icp_odometry]: Odom: ratio=0.501463, std dev=0.020205m|0.006389rad, update time=0.053911s delay=0.175104s
[INFO] [1771004763.913642711] [icp_odometry]: Odom: ratio=0.498319, std dev=0.019611m|0.006202rad, update time=0.052504s delay=0.173048s
[INFO] [1771004764.012276919] [icp_odometry]: Odom: ratio=0.508448, std dev=0.021139m|0.006685rad, update time=0.053467s delay=0.171709s
[INFO] [1771004764.112989792] [icp_odometry]: Odom: ratio=0.503379, std dev=0.020406m|0.006453rad, update time=0.054022s delay=0.172388s
[INFO] [1771004764.205983770] [icp_odometry]: Odom: ratio=0.499522, std dev=0.020472m|0.006474rad, update time=0.050688s delay=0.165331s
[INFO] [1771004764.314076517] [icp_odometry]: Odom: ratio=0.486759, std dev=0.020616m|0.006519rad, update time=0.056227s delay=0.173277s
[INFO] [1771004764.412640099] [icp_odometry]: Odom: ratio=0.488903, std dev=0.020861m|0.006597rad, update time=0.052409s delay=0.171931s
[INFO] [1771004764.507636835] [icp_odometry]: Odom: ratio=0.504809, std dev=0.021256m|0.006722rad, update time=0.052370s delay=0.166908s
[INFO] [1771004764.615507943] [icp_odometry]: Odom: ratio=0.506286, std dev=0.020793m|0.006575rad, update time=0.055064s delay=0.174968s
[INFO] [1771004764.711704818] [icp_odometry]: Odom: ratio=0.508964, std dev=0.020881m|0.006603rad, update time=0.052312s delay=0.171092s
[INFO] [1771004764.814761933] [icp_odometry]: Odom: ratio=0.505367, std dev=0.020331m|0.006429rad, update time=0.054020s delay=0.174182s
[INFO] [1771004764.909725356] [icp_odometry]: Odom: ratio=0.515878, std dev=0.020762m|0.006565rad, update time=0.051786s delay=0.169011s
[INFO] [1771004765.007919740] [icp_odometry]: Odom: ratio=0.505124, std dev=0.020299m|0.006419rad, update time=0.053094s delay=0.167275s
[INFO] [1771004765.113871133] [icp_odometry]: Odom: ratio=0.510075, std dev=0.020288m|0.006416rad, update time=0.055300s delay=0.173305s
[INFO] [1771004765.212025932] [icp_odometry]: Odom: ratio=0.501922, std dev=0.020428m|0.006460rad, update time=0.053544s delay=0.171312s
[INFO] [1771004765.312645233] [icp_odometry]: Odom: ratio=0.493748, std dev=0.020080m|0.006350rad, update time=0.052817s delay=0.172014s
[INFO] [1771004765.411912136] [icp_odometry]: Odom: ratio=0.491515, std dev=0.020212m|0.006392rad, update time=0.053000s delay=0.171009s
[INFO] [1771004765.511380453] [icp_odometry]: Odom: ratio=0.507237, std dev=0.020500m|0.006483rad, update time=0.051962s delay=0.170634s
[INFO] [1771004765.610947557] [icp_odometry]: Odom: ratio=0.499404, std dev=0.020947m|0.006624rad, update time=0.055971s delay=0.170221s
[INFO] [1771004765.706634302] [icp_odometry]: Odom: ratio=0.497273, std dev=0.020426m|0.006459rad, update time=0.046378s delay=0.165727s
[INFO] [1771004765.813393051] [icp_odometry]: Odom: ratio=0.513701, std dev=0.020660m|0.006533rad, update time=0.052467s delay=0.172672s
[INFO] [1771004765.916324593] [icp_odometry]: Odom: ratio=0.510186, std dev=0.020354m|0.006436rad, update time=0.054338s delay=0.175545s
[INFO] [1771004766.017383430] [icp_odometry]: Odom: ratio=0.515786, std dev=0.020814m|0.006582rad, update time=0.054560s delay=0.176707s
[INFO] [1771004766.118997102] [icp_odometry]: Odom: ratio=0.516944, std dev=0.020338m|0.006431rad, update time=0.057278s delay=0.178320s
[INFO] [1771004766.211259023] [icp_odometry]: Odom: ratio=0.516971, std dev=0.021213m|0.006708rad, update time=0.051217s delay=0.170546s
[INFO] [1771004766.307477914] [icp_odometry]: Odom: ratio=0.509493, std dev=0.020901m|0.006610rad, update time=0.049857s delay=0.166198s
[INFO] [1771004766.411596635] [icp_odometry]: Odom: ratio=0.506117, std dev=0.020982m|0.006635rad, update time=0.054946s delay=0.170963s
[INFO] [1771004766.511344738] [icp_odometry]: Odom: ratio=0.512857, std dev=0.021061m|0.006660rad, update time=0.054482s delay=0.170587s
[INFO] [1771004766.615003474] [icp_odometry]: Odom: ratio=0.509008, std dev=0.021027m|0.006649rad, update time=0.059227s delay=0.174283s
[INFO] [1771004766.713265124] [icp_odometry]: Odom: ratio=0.514681, std dev=0.021222m|0.006711rad, update time=0.050310s delay=0.172549s
[INFO] [1771004766.815655240] [icp_odometry]: Odom: ratio=0.509116, std dev=0.021709m|0.006865rad, update time=0.058739s delay=0.175040s
[INFO] [1771004766.913453867] [icp_odometry]: Odom: ratio=0.515299, std dev=0.020901m|0.006610rad, update time=0.054832s delay=0.172780s
[INFO] [1771004767.013111278] [icp_odometry]: Odom: ratio=0.521047, std dev=0.021525m|0.006807rad, update time=0.054265s delay=0.172511s
[INFO] [1771004767.110966995] [icp_odometry]: Odom: ratio=0.503136, std dev=0.020757m|0.006564rad, update time=0.055163s delay=0.170225s
[INFO] [1771004767.218345958] [icp_odometry]: Odom: ratio=0.495460, std dev=0.021583m|0.006825rad, update time=0.055919s delay=0.177667s
[INFO] [1771004767.317433909] [icp_odometry]: Odom: ratio=0.500858, std dev=0.021531m|0.006809rad, update time=0.058431s delay=0.176757s
[INFO] [1771004767.414325752] [icp_odometry]: Odom: ratio=0.494031, std dev=0.021672m|0.006853rad, update time=0.058528s delay=0.173669s
[INFO] [1771004767.509796649] [icp_odometry]: Odom: ratio=0.486041, std dev=0.021757m|0.006880rad, update time=0.055733s delay=0.169052s
[INFO] [1771004767.617611659] [icp_odometry]: Odom: ratio=0.480360, std dev=0.021586m|0.006826rad, update time=0.053608s delay=0.177019s
[INFO] [1771004767.712525033] [icp_odometry]: Odom: ratio=0.471316, std dev=0.022333m|0.007062rad, update time=0.055162s delay=0.171833s
[INFO] [1771004767.814134289] [icp_odometry]: Odom: ratio=0.475971, std dev=0.022062m|0.006977rad, update time=0.055066s delay=0.173353s
[INFO] [1771004767.912815794] [icp_odometry]: Odom: ratio=0.461034, std dev=0.021816m|0.006899rad, update time=0.055502s delay=0.172203s
[INFO] [1771004768.010339307] [icp_odometry]: Odom: ratio=0.445022, std dev=0.022019m|0.006963rad, update time=0.054357s delay=0.169682s
[INFO] [1771004768.112908757] [icp_odometry]: Odom: ratio=0.444992, std dev=0.022210m|0.007023rad, update time=0.056542s delay=0.172287s
[INFO] [1771004768.213990603] [icp_odometry]: Odom: ratio=0.467314, std dev=0.021420m|0.006774rad, update time=0.055913s delay=0.173397s
[INFO] [1771004768.316876544] [icp_odometry]: Odom: ratio=0.480358, std dev=0.020699m|0.006546rad, update time=0.061257s delay=0.176213s
[INFO] [1771004768.418284801] [icp_odometry]: Odom: ratio=0.486623, std dev=0.021149m|0.006688rad, update time=0.059860s delay=0.177520s
[INFO] [1771004768.513663983] [icp_odometry]: Odom: ratio=0.470899, std dev=0.020694m|0.006544rad, update time=0.055725s delay=0.173000s
[INFO] [1771004768.614437466] [icp_odometry]: Odom: ratio=0.482630, std dev=0.020561m|0.006502rad, update time=0.054705s delay=0.173831s
[INFO] [1771004768.713539050] [icp_odometry]: Odom: ratio=0.471794, std dev=0.020464m|0.006471rad, update time=0.055720s delay=0.172742s
[INFO] [1771004768.809243300] [icp_odometry]: Odom: ratio=0.471653, std dev=0.020483m|0.006477rad, update time=0.051453s delay=0.168543s
[INFO] [1771004768.917902627] [icp_odometry]: Odom: ratio=0.466754, std dev=0.020525m|0.006491rad, update time=0.053800s delay=0.177161s
[INFO] [1771004769.015493246] [icp_odometry]: Odom: ratio=0.466503, std dev=0.020893m|0.006607rad, update time=0.056111s delay=0.174728s
[INFO] [1771004769.109839976] [icp_odometry]: Odom: ratio=0.454933, std dev=0.020271m|0.006410rad, update time=0.053300s delay=0.169186s
[INFO] [1771004769.219073339] [icp_odometry]: Odom: ratio=0.475076, std dev=0.020282m|0.006414rad, update time=0.054677s delay=0.178398s
[INFO] [1771004769.313019255] [icp_odometry]: Odom: ratio=0.462543, std dev=0.020390m|0.006448rad, update time=0.052471s delay=0.172361s
[INFO] [1771004769.411569428] [icp_odometry]: Odom: ratio=0.482309, std dev=0.020353m|0.006436rad, update time=0.055506s delay=0.170959s
[INFO] [1771004769.515473356] [icp_odometry]: Odom: ratio=0.465689, std dev=0.020261m|0.006407rad, update time=0.058036s delay=0.174837s
[INFO] [1771004769.609659857] [icp_odometry]: Odom: ratio=0.477680, std dev=0.020552m|0.006499rad, update time=0.053141s delay=0.168859s
[INFO] [1771004769.716145060] [icp_odometry]: Odom: ratio=0.470339, std dev=0.020767m|0.006567rad, update time=0.056002s delay=0.175531s
[INFO] [1771004769.810033277] [icp_odometry]: Odom: ratio=0.471444, std dev=0.020197m|0.006387rad, update time=0.053566s delay=0.169348s
[INFO] [1771004769.908437461] [icp_odometry]: Odom: ratio=0.472790, std dev=0.020942m|0.006623rad, update time=0.051971s delay=0.167812s
[INFO] [1771004770.019977401] [icp_odometry]: Odom: ratio=0.474329, std dev=0.020465m|0.006472rad, update time=0.058792s delay=0.179267s
[INFO] [1771004770.115236451] [icp_odometry]: Odom: ratio=0.469312, std dev=0.020371m|0.006442rad, update time=0.058508s delay=0.174523s
[INFO] [1771004770.219329186] [icp_odometry]: Odom: ratio=0.472751, std dev=0.021192m|0.006701rad, update time=0.057799s delay=0.178696s
[INFO] [1771004770.310866666] [icp_odometry]: Odom: ratio=0.472273, std dev=0.020420m|0.006457rad, update time=0.053265s delay=0.170159s
[INFO] [1771004770.416038063] [icp_odometry]: Odom: ratio=0.476413, std dev=0.020094m|0.006354rad, update time=0.056063s delay=0.175346s
[INFO] [1771004770.518541142] [icp_odometry]: Odom: ratio=0.467484, std dev=0.021282m|0.006730rad, update time=0.055352s delay=0.177870s
[INFO] [1771004770.603922950] [icp_odometry]: Odom: ratio=0.473629, std dev=0.020654m|0.006531rad, update time=0.045709s delay=0.163330s
[INFO] [1771004770.723144599] [icp_odometry]: Odom: ratio=0.473670, std dev=0.020660m|0.006533rad, update time=0.062874s delay=0.182461s
[INFO] [1771004770.808174714] [icp_odometry]: Odom: ratio=0.479088, std dev=0.020820m|0.006584rad, update time=0.050571s delay=0.167538s
[INFO] [1771004770.903264542] [icp_odometry]: Odom: ratio=0.479829, std dev=0.020642m|0.006527rad, update time=0.045927s delay=0.162520s
[INFO] [1771004771.009494760] [icp_odometry]: Odom: ratio=0.478226, std dev=0.020804m|0.006579rad, update time=0.050896s delay=0.168696s
[INFO] [1771004771.114806578] [icp_odometry]: Odom: ratio=0.481621, std dev=0.021236m|0.006715rad, update time=0.055294s delay=0.174093s
[INFO] [1771004771.214289904] [icp_odometry]: Odom: ratio=0.479893, std dev=0.020459m|0.006470rad, update time=0.057543s delay=0.173498s
[INFO] [1771004771.312873070] [icp_odometry]: Odom: ratio=0.484017, std dev=0.020598m|0.006514rad, update time=0.053110s delay=0.172099s
[INFO] [1771004771.413539349] [icp_odometry]: Odom: ratio=0.472693, std dev=0.020853m|0.006594rad, update time=0.052062s delay=0.172839s
[INFO] [1771004771.509094953] [icp_odometry]: Odom: ratio=0.477446, std dev=0.020497m|0.006482rad, update time=0.050727s delay=0.168469s
[INFO] [1771004771.616814055] [icp_odometry]: Odom: ratio=0.478943, std dev=0.021232m|0.006714rad, update time=0.055221s delay=0.176145s
[INFO] [1771004771.718624151] [icp_odometry]: Odom: ratio=0.481728, std dev=0.020748m|0.006561rad, update time=0.055748s delay=0.177804s
[INFO] [1771004771.812117571] [icp_odometry]: Odom: ratio=0.486857, std dev=0.021611m|0.006834rad, update time=0.056521s delay=0.171378s
[INFO] [1771004771.913180920] [icp_odometry]: Odom: ratio=0.478285, std dev=0.021159m|0.006691rad, update time=0.057060s delay=0.172335s
[INFO] [1771004772.013635607] [icp_odometry]: Odom: ratio=0.491738, std dev=0.020756m|0.006564rad, update time=0.052341s delay=0.172884s
[INFO] [1771004772.115711024] [icp_odometry]: Odom: ratio=0.491167, std dev=0.021268m|0.006726rad, update time=0.055187s delay=0.174974s
[INFO] [1771004772.214693500] [icp_odometry]: Odom: ratio=0.476606, std dev=0.021154m|0.006689rad, update time=0.054806s delay=0.173937s
[INFO] [1771004772.311016011] [icp_odometry]: Odom: ratio=0.483546, std dev=0.020876m|0.006602rad, update time=0.049040s delay=0.170304s
[INFO] [1771004772.415754497] [icp_odometry]: Odom: ratio=0.471720, std dev=0.020968m|0.006631rad, update time=0.054572s delay=0.175048s
[INFO] [1771004772.518148324] [icp_odometry]: Odom: ratio=0.481978, std dev=0.021013m|0.006645rad, update time=0.055479s delay=0.177472s
[INFO] [1771004772.605775619] [icp_odometry]: Odom: ratio=0.481145, std dev=0.021105m|0.006674rad, update time=0.050400s delay=0.165008s
[INFO] [1771004772.709186634] [icp_odometry]: Odom: ratio=0.473431, std dev=0.020644m|0.006528rad, update time=0.053814s delay=0.168385s
[INFO] [1771004772.800351780] [icp_odometry]: Odom: ratio=0.470028, std dev=0.020177m|0.006381rad, update time=0.045810s delay=0.159687s
[INFO] [1771004772.912287382] [icp_odometry]: Odom: ratio=0.471629, std dev=0.020271m|0.006410rad, update time=0.053105s delay=0.171585s
[INFO] [1771004773.013927648] [icp_odometry]: Odom: ratio=0.477447, std dev=0.020575m|0.006506rad, update time=0.048652s delay=0.173203s
[INFO] [1771004773.122595807] [icp_odometry]: Odom: ratio=0.478973, std dev=0.020928m|0.006618rad, update time=0.059263s delay=0.181775s
[INFO] [1771004773.209646473] [icp_odometry]: Odom: ratio=0.465608, std dev=0.020186m|0.006383rad, update time=0.051259s delay=0.168848s
[INFO] [1771004773.319013249] [icp_odometry]: Odom: ratio=0.471203, std dev=0.020672m|0.006537rad, update time=0.058861s delay=0.178244s
[INFO] [1771004773.414795293] [icp_odometry]: Odom: ratio=0.455159, std dev=0.020662m|0.006534rad, update time=0.056267s delay=0.173991s
[INFO] [1771004773.510278255] [icp_odometry]: Odom: ratio=0.469309, std dev=0.021129m|0.006682rad, update time=0.050099s delay=0.169568s
[INFO] [1771004773.616330483] [icp_odometry]: Odom: ratio=0.454967, std dev=0.020210m|0.006391rad, update time=0.054797s delay=0.175696s
[INFO] [1771004773.703399869] [icp_odometry]: Odom: ratio=0.458367, std dev=0.021154m|0.006689rad, update time=0.046573s delay=0.162537s
[INFO] [1771004773.819555907] [icp_odometry]: Odom: ratio=0.447174, std dev=0.021113m|0.006677rad, update time=0.062191s delay=0.178768s
[INFO] [1771004773.912629856] [icp_odometry]: Odom: ratio=0.462244, std dev=0.020527m|0.006491rad, update time=0.054030s delay=0.171799s
[INFO] [1771004774.010450916] [icp_odometry]: Odom: ratio=0.448714, std dev=0.020478m|0.006476rad, update time=0.050861s delay=0.169715s
[INFO] [1771004774.114027729] [icp_odometry]: Odom: ratio=0.453576, std dev=0.020198m|0.006387rad, update time=0.056631s delay=0.173155s
[INFO] [1771004774.208825963] [icp_odometry]: Odom: ratio=0.454571, std dev=0.020389m|0.006448rad, update time=0.051506s delay=0.168144s
[INFO] [1771004774.319459343] [icp_odometry]: Odom: ratio=0.456961, std dev=0.020225m|0.006396rad, update time=0.057221s delay=0.178553s
[INFO] [1771004774.417439736] [icp_odometry]: Odom: ratio=0.462392, std dev=0.020421m|0.006458rad, update time=0.054904s delay=0.176676s
[INFO] [1771004774.511955912] [icp_odometry]: Odom: ratio=0.448480, std dev=0.020465m|0.006471rad, update time=0.053876s delay=0.171104s
[INFO] [1771004774.616052871] [icp_odometry]: Odom: ratio=0.468026, std dev=0.020693m|0.006544rad, update time=0.055848s delay=0.175278s
[INFO] [1771004774.707766005] [icp_odometry]: Odom: ratio=0.455562, std dev=0.020510m|0.006486rad, update time=0.050242s delay=0.167041s
[INFO] [1771004774.824714614] [icp_odometry]: Odom: ratio=0.462932, std dev=0.020453m|0.006468rad, update time=0.059441s delay=0.183975s
[INFO] [1771004774.909649302] [icp_odometry]: Odom: ratio=0.450646, std dev=0.020882m|0.006603rad, update time=0.054279s delay=0.168867s
[INFO] [1771004775.006250479] [icp_odometry]: Odom: ratio=0.453008, std dev=0.020297m|0.006418rad, update time=0.051420s delay=0.165425s
[INFO] [1771004775.112583709] [icp_odometry]: Odom: ratio=0.439724, std dev=0.020591m|0.006511rad, update time=0.053613s delay=0.171912s
[INFO] [1771004775.211447781] [icp_odometry]: Odom: ratio=0.457441, std dev=0.020083m|0.006351rad, update time=0.052909s delay=0.170674s
[INFO] [1771004775.307104636] [icp_odometry]: Odom: ratio=0.437688, std dev=0.020375m|0.006443rad, update time=0.053866s delay=0.166205s
[INFO] [1771004775.409462335] [icp_odometry]: Odom: ratio=0.445390, std dev=0.020290m|0.006416rad, update time=0.053014s delay=0.168679s
[INFO] [1771004775.509553714] [icp_odometry]: Odom: ratio=0.444536, std dev=0.020494m|0.006481rad, update time=0.053582s delay=0.168835s
[INFO] [1771004775.608941388] [icp_odometry]: Odom: ratio=0.433858, std dev=0.020564m|0.006503rad, update time=0.051530s delay=0.168221s
[INFO] [1771004775.712215086] [icp_odometry]: Odom: ratio=0.457127, std dev=0.020311m|0.006423rad, update time=0.053126s delay=0.171421s
[INFO] [1771004775.816247532] [icp_odometry]: Odom: ratio=0.442873, std dev=0.020435m|0.006462rad, update time=0.054863s delay=0.175533s
[INFO] [1771004775.909607891] [icp_odometry]: Odom: ratio=0.450936, std dev=0.021055m|0.006658rad, update time=0.054736s delay=0.168825s
[INFO] [1771004776.011378849] [icp_odometry]: Odom: ratio=0.440210, std dev=0.020333m|0.006430rad, update time=0.054057s delay=0.170628s
[INFO] [1771004776.112475383] [icp_odometry]: Odom: ratio=0.447405, std dev=0.021353m|0.006752rad, update time=0.053979s delay=0.171544s
[INFO] [1771004776.207490520] [icp_odometry]: Odom: ratio=0.441598, std dev=0.020552m|0.006499rad, update time=0.049753s delay=0.166734s
[INFO] [1771004776.312722239] [icp_odometry]: Odom: ratio=0.443428, std dev=0.020707m|0.006548rad, update time=0.052943s delay=0.171995s
[INFO] [1771004776.419152496] [icp_odometry]: Odom: ratio=0.438122, std dev=0.020366m|0.006440rad, update time=0.054701s delay=0.178293s
[INFO] [1771004776.508000153] [icp_odometry]: Odom: ratio=0.445219, std dev=0.020789m|0.006574rad, update time=0.052733s delay=0.167233s
[INFO] [1771004776.610577219] [icp_odometry]: Odom: ratio=0.429595, std dev=0.020439m|0.006463rad, update time=0.054356s delay=0.169801s
[INFO] [1771004776.722476756] [icp_odometry]: Odom: ratio=0.440797, std dev=0.020463m|0.006471rad, update time=0.058209s delay=0.181819s
[INFO] [1771004776.805903679] [icp_odometry]: Odom: ratio=0.440857, std dev=0.021581m|0.006825rad, update time=0.047764s delay=0.165195s
[INFO] [1771004776.910351947] [icp_odometry]: Odom: ratio=0.416828, std dev=0.020307m|0.006422rad, update time=0.050765s delay=0.169523s
[INFO] [1771004777.002056792] [icp_odometry]: Odom: ratio=0.456547, std dev=0.020135m|0.006367rad, update time=0.047201s delay=0.161194s
[INFO] [1771004777.109465387] [icp_odometry]: Odom: ratio=0.428026, std dev=0.020438m|0.006463rad, update time=0.052277s delay=0.168629s
[INFO] [1771004777.214954748] [icp_odometry]: Odom: ratio=0.441379, std dev=0.021026m|0.006649rad, update time=0.059617s delay=0.174253s
[INFO] [1771004777.308265889] [icp_odometry]: Odom: ratio=0.432620, std dev=0.019636m|0.006210rad, update time=0.052306s delay=0.167455s
[INFO] [1771004777.410379419] [icp_odometry]: Odom: ratio=0.424612, std dev=0.020542m|0.006496rad, update time=0.047731s delay=0.169597s
[INFO] [1771004777.516223224] [icp_odometry]: Odom: ratio=0.435000, std dev=0.020242m|0.006401rad, update time=0.053474s delay=0.175530s
[INFO] [1771004777.611782572] [icp_odometry]: Odom: ratio=0.429048, std dev=0.020647m|0.006529rad, update time=0.056515s delay=0.170960s
[INFO] [1771004777.701711835] [icp_odometry]: Odom: ratio=0.423837, std dev=0.021025m|0.006649rad, update time=0.046354s delay=0.161008s
[INFO] [1771004777.815178242] [icp_odometry]: Odom: ratio=0.422301, std dev=0.020124m|0.006364rad, update time=0.056595s delay=0.174340s
[INFO] [1771004777.908954328] [icp_odometry]: Odom: ratio=0.431413, std dev=0.020452m|0.006468rad, update time=0.049964s delay=0.168201s
[INFO] [1771004778.014422279] [icp_odometry]: Odom: ratio=0.428235, std dev=0.021041m|0.006654rad, update time=0.055254s delay=0.173600s
[INFO] [1771004778.103668382] [icp_odometry]: Odom: ratio=0.436380, std dev=0.020515m|0.006487rad, update time=0.048679s delay=0.162886s
[INFO] [1771004778.215525742] [icp_odometry]: Odom: ratio=0.430878, std dev=0.021594m|0.006829rad, update time=0.058602s delay=0.174736s
[INFO] [1771004778.302872130] [icp_odometry]: Odom: ratio=0.440337, std dev=0.020826m|0.006586rad, update time=0.046088s delay=0.162140s
[INFO] [1771004778.409554140] [icp_odometry]: Odom: ratio=0.434626, std dev=0.022064m|0.006977rad, update time=0.051643s delay=0.168835s
[INFO] [1771004778.512995236] [icp_odometry]: Odom: ratio=0.428062, std dev=0.021357m|0.006754rad, update time=0.052924s delay=0.172079s
[INFO] [1771004778.606119075] [icp_odometry]: Odom: ratio=0.429296, std dev=0.020642m|0.006528rad, update time=0.046526s delay=0.165387s
[INFO] [1771004778.708674957] [icp_odometry]: Odom: ratio=0.416815, std dev=0.020872m|0.006600rad, update time=0.049418s delay=0.167878s
[INFO] [1771004778.809400022] [icp_odometry]: Odom: ratio=0.421734, std dev=0.021431m|0.006777rad, update time=0.052813s delay=0.168556s
[INFO] [1771004778.920645936] [icp_odometry]: Odom: ratio=0.426829, std dev=0.020764m|0.006566rad, update time=0.058500s delay=0.179743s
[INFO] [1771004779.012253946] [icp_odometry]: Odom: ratio=0.432201, std dev=0.021371m|0.006758rad, update time=0.056334s delay=0.171485s
[INFO] [1771004779.106500032] [icp_odometry]: Odom: ratio=0.419975, std dev=0.020596m|0.006513rad, update time=0.049902s delay=0.165722s
[INFO] [1771004779.205718420] [icp_odometry]: Odom: ratio=0.431348, std dev=0.021305m|0.006737rad, update time=0.049914s delay=0.164998s
[INFO] [1771004779.309332899] [icp_odometry]: Odom: ratio=0.417033, std dev=0.020989m|0.006637rad, update time=0.051925s delay=0.168490s
[INFO] [1771004779.400569983] [icp_odometry]: Odom: ratio=0.424252, std dev=0.021350m|0.006752rad, update time=0.044491s delay=0.159733s
[INFO] [1771004779.516580608] [icp_odometry]: Odom: ratio=0.414671, std dev=0.021473m|0.006790rad, update time=0.053784s delay=0.175799s
[INFO] [1771004779.604921464] [icp_odometry]: Odom: ratio=0.416943, std dev=0.021612m|0.006834rad, update time=0.046091s delay=0.164001s
[INFO] [1771004779.710506987] [icp_odometry]: Odom: ratio=0.409390, std dev=0.020871m|0.006600rad, update time=0.053249s delay=0.169647s
[INFO] [1771004779.816051325] [icp_odometry]: Odom: ratio=0.413722, std dev=0.022270m|0.007042rad, update time=0.056209s delay=0.175224s
[INFO] [1771004779.907640646] [icp_odometry]: Odom: ratio=0.413527, std dev=0.021307m|0.006738rad, update time=0.049380s delay=0.166638s
[INFO] [1771004780.010993419] [icp_odometry]: Odom: ratio=0.410901, std dev=0.020698m|0.006545rad, update time=0.053434s delay=0.170261s
[INFO] [1771004780.113748828] [icp_odometry]: Odom: ratio=0.414634, std dev=0.021198m|0.006703rad, update time=0.051130s delay=0.172975s
[INFO] [1771004780.210271122] [icp_odometry]: Odom: ratio=0.406901, std dev=0.021142m|0.006686rad, update time=0.052437s delay=0.169364s
[INFO] [1771004780.318263322] [icp_odometry]: Odom: ratio=0.426938, std dev=0.022047m|0.006972rad, update time=0.059296s delay=0.177543s
[INFO] [1771004780.413066611] [icp_odometry]: Odom: ratio=0.415605, std dev=0.021505m|0.006801rad, update time=0.058357s delay=0.172360s
[INFO] [1771004780.507450878] [icp_odometry]: Odom: ratio=0.427783, std dev=0.020959m|0.006628rad, update time=0.049896s delay=0.166617s
[INFO] [1771004780.621257810] [icp_odometry]: Odom: ratio=0.419807, std dev=0.022196m|0.007019rad, update time=0.059440s delay=0.180502s
[INFO] [1771004780.710559467] [icp_odometry]: Odom: ratio=0.430504, std dev=0.020561m|0.006502rad, update time=0.053022s delay=0.169848s
[INFO] [1771004780.814349056] [icp_odometry]: Odom: ratio=0.417112, std dev=0.021586m|0.006826rad, update time=0.053822s delay=0.173484s
[INFO] [1771004780.911183296] [icp_odometry]: Odom: ratio=0.428232, std dev=0.021300m|0.006736rad, update time=0.053885s delay=0.170377s
[INFO] [1771004781.006007387] [icp_odometry]: Odom: ratio=0.420270, std dev=0.021081m|0.006666rad, update time=0.051398s delay=0.165261s
[INFO] [1771004781.113841053] [icp_odometry]: Odom: ratio=0.432030, std dev=0.021754m|0.006879rad, update time=0.051339s delay=0.173029s
[INFO] [1771004781.211996044] [icp_odometry]: Odom: ratio=0.423464, std dev=0.021621m|0.006837rad, update time=0.052676s delay=0.170923s
[INFO] [1771004781.310942903] [icp_odometry]: Odom: ratio=0.424075, std dev=0.021659m|0.006849rad, update time=0.058138s delay=0.170176s
[INFO] [1771004781.416136669] [icp_odometry]: Odom: ratio=0.434247, std dev=0.020881m|0.006603rad, update time=0.053210s delay=0.175401s
[INFO] [1771004781.508779723] [icp_odometry]: Odom: ratio=0.435412, std dev=0.022699m|0.007178rad, update time=0.049850s delay=0.167981s
[INFO] [1771004781.612651203] [icp_odometry]: Odom: ratio=0.420515, std dev=0.020854m|0.006595rad, update time=0.053415s delay=0.171799s
[INFO] [1771004781.699317727] [icp_odometry]: Odom: ratio=0.428373, std dev=0.021721m|0.006869rad, update time=0.044856s delay=0.158576s
[INFO] [1771004781.803473697] [icp_odometry]: Odom: ratio=0.413418, std dev=0.021395m|0.006766rad, update time=0.045908s delay=0.162626s
[INFO] [1771004781.905518648] [icp_odometry]: Odom: ratio=0.415708, std dev=0.021136m|0.006684rad, update time=0.047560s delay=0.164743s
[INFO] [1771004782.001362134] [icp_odometry]: Odom: ratio=0.411786, std dev=0.021198m|0.006703rad, update time=0.046512s delay=0.160569s
[INFO] [1771004782.100294113] [icp_odometry]: Odom: ratio=0.404463, std dev=0.021038m|0.006653rad, update time=0.042592s delay=0.159530s
[INFO] [1771004782.215391809] [icp_odometry]: Odom: ratio=0.401642, std dev=0.021266m|0.006725rad, update time=0.056183s delay=0.174482s
[INFO] [1771004782.294376497] [icp_odometry]: Odom: ratio=0.410587, std dev=0.020391m|0.006448rad, update time=0.041142s delay=0.153613s
[INFO] [1771004782.403951792] [icp_odometry]: Odom: ratio=0.413545, std dev=0.021636m|0.006842rad, update time=0.047795s delay=0.163059s
[INFO] [1771004782.508987344] [icp_odometry]: Odom: ratio=0.406968, std dev=0.022023m|0.006964rad, update time=0.053184s delay=0.168195s
[INFO] [1771004782.606197599] [icp_odometry]: Odom: ratio=0.402487, std dev=0.022399m|0.007083rad, update time=0.048511s delay=0.165456s
[INFO] [1771004782.734433068] [icp_odometry]: Odom: ratio=0.386269, std dev=0.022385m|0.007079rad, update time=0.069655s delay=0.193629s
[INFO] [1771004782.804100085] [icp_odometry]: Odom: ratio=0.565714, std dev=0.019814m|0.006266rad, update time=0.046636s delay=0.163232s
[INFO] [1771004782.906121099] [icp_odometry]: Odom: ratio=0.586949, std dev=0.018764m|0.005934rad, update time=0.051394s delay=0.165168s
[INFO] [1771004783.007871960] [icp_odometry]: Odom: ratio=0.549891, std dev=0.020467m|0.006472rad, update time=0.049680s delay=0.166977s
[INFO] [1771004783.106951240] [icp_odometry]: Odom: ratio=0.548601, std dev=0.020426m|0.006459rad, update time=0.051964s delay=0.166061s
[INFO] [1771004783.206201630] [icp_odometry]: Odom: ratio=0.554084, std dev=0.020883m|0.006604rad, update time=0.050010s delay=0.165495s
[INFO] [1771004783.310960436] [icp_odometry]: Odom: ratio=0.549526, std dev=0.020205m|0.006389rad, update time=0.051934s delay=0.170035s
[INFO] [1771004783.398150243] [icp_odometry]: Odom: ratio=0.559402, std dev=0.020036m|0.006336rad, update time=0.044502s delay=0.157358s
[INFO] [1771004783.499894384] [icp_odometry]: Odom: ratio=0.554721, std dev=0.021014m|0.006645rad, update time=0.044350s delay=0.159012s
[INFO] [1771004783.602248946] [icp_odometry]: Odom: ratio=0.564289, std dev=0.020705m|0.006548rad, update time=0.045345s delay=0.161352s
[INFO] [1771004783.707505274] [icp_odometry]: Odom: ratio=0.556697, std dev=0.020360m|0.006438rad, update time=0.052557s delay=0.166702s
[INFO] [1771004783.811878755] [icp_odometry]: Odom: ratio=0.551453, std dev=0.020522m|0.006490rad, update time=0.055300s delay=0.171093s
[INFO] [1771004783.910398111] [icp_odometry]: Odom: ratio=0.543205, std dev=0.020324m|0.006427rad, update time=0.055919s delay=0.169508s
[INFO] [1771004784.019789240] [icp_odometry]: Odom: ratio=0.544072, std dev=0.020756m|0.006564rad, update time=0.058591s delay=0.179038s
[INFO] [1771004784.111547559] [icp_odometry]: Odom: ratio=0.534126, std dev=0.020120m|0.006363rad, update time=0.056197s delay=0.170711s
[INFO] [1771004784.213071916] [icp_odometry]: Odom: ratio=0.538669, std dev=0.020705m|0.006547rad, update time=0.054675s delay=0.172267s
[INFO] [1771004784.311540358] [icp_odometry]: Odom: ratio=0.521888, std dev=0.020648m|0.006530rad, update time=0.055915s delay=0.170684s
[INFO] [1771004784.409188164] [icp_odometry]: Odom: ratio=0.531972, std dev=0.020643m|0.006528rad, update time=0.053458s delay=0.168441s
[INFO] [1771004784.504278216] [icp_odometry]: Odom: ratio=0.524971, std dev=0.020405m|0.006453rad, update time=0.051667s delay=0.163349s
[INFO] [1771004784.606951061] [icp_odometry]: Odom: ratio=0.526659, std dev=0.020657m|0.006532rad, update time=0.053868s delay=0.166135s
[INFO] [1771004784.721960051] [icp_odometry]: Odom: ratio=0.520210, std dev=0.020777m|0.006570rad, update time=0.064466s delay=0.181057s
[INFO] [1771004784.816268347] [icp_odometry]: Odom: ratio=0.535034, std dev=0.020504m|0.006484rad, update time=0.057941s delay=0.175518s
[INFO] [1771004784.909170578] [icp_odometry]: Odom: ratio=0.527736, std dev=0.020872m|0.006600rad, update time=0.050522s delay=0.168392s
[INFO] [1771004785.010455919] [icp_odometry]: Odom: ratio=0.541831, std dev=0.021226m|0.006712rad, update time=0.053235s delay=0.169591s
[INFO] [1771004785.111790286] [icp_odometry]: Odom: ratio=0.522323, std dev=0.020026m|0.006333rad, update time=0.054596s delay=0.170994s
[INFO] [1771004785.205351388] [icp_odometry]: Odom: ratio=0.534518, std dev=0.020531m|0.006492rad, update time=0.050268s delay=0.164558s
[INFO] [1771004785.306187945] [icp_odometry]: Odom: ratio=0.540541, std dev=0.020275m|0.006411rad, update time=0.050802s delay=0.165324s
[INFO] [1771004785.408639343] [icp_odometry]: Odom: ratio=0.541423, std dev=0.020099m|0.006356rad, update time=0.052380s delay=0.167862s
[INFO] [1771004785.503344165] [icp_odometry]: Odom: ratio=0.550211, std dev=0.020142m|0.006370rad, update time=0.050270s delay=0.162530s
[INFO] [1771004785.603024874] [icp_odometry]: Odom: ratio=0.543168, std dev=0.019884m|0.006288rad, update time=0.050735s delay=0.162130s
[INFO] [1771004785.705977985] [icp_odometry]: Odom: ratio=0.523401, std dev=0.020400m|0.006451rad, update time=0.049408s delay=0.165163s
[INFO] [1771004785.802735903] [icp_odometry]: Odom: ratio=0.531850, std dev=0.020904m|0.006611rad, update time=0.049690s delay=0.161907s
[INFO] [1771004785.900952496] [icp_odometry]: Odom: ratio=0.516975, std dev=0.020551m|0.006499rad, update time=0.042813s delay=0.159929s
[INFO] [1771004786.003286258] [icp_odometry]: Odom: ratio=0.557923, std dev=0.019750m|0.006245rad, update time=0.045540s delay=0.162468s
[INFO] [1771004786.104318534] [icp_odometry]: Odom: ratio=0.530880, std dev=0.019845m|0.006275rad, update time=0.049072s delay=0.163372s
[INFO] [1771004786.204108718] [icp_odometry]: Odom: ratio=0.541498, std dev=0.020782m|0.006572rad, update time=0.048213s delay=0.163226s
[INFO] [1771004786.306816957] [icp_odometry]: Odom: ratio=0.529598, std dev=0.021128m|0.006681rad, update time=0.050749s delay=0.165838s
[INFO] [1771004786.401939618] [icp_odometry]: Odom: ratio=0.543400, std dev=0.020315m|0.006424rad, update time=0.046840s delay=0.161117s
[INFO] [1771004786.505262470] [icp_odometry]: Odom: ratio=0.523472, std dev=0.020625m|0.006522rad, update time=0.052466s delay=0.164381s
[INFO] [1771004786.599277572] [icp_odometry]: Odom: ratio=0.550045, std dev=0.020910m|0.006612rad, update time=0.045355s delay=0.158323s
[INFO] [1771004786.700361594] [icp_odometry]: Odom: ratio=0.519599, std dev=0.020621m|0.006521rad, update time=0.043271s delay=0.159412s
[INFO] [1771004786.796035314] [icp_odometry]: Odom: ratio=0.515675, std dev=0.021001m|0.006641rad, update time=0.043542s delay=0.155148s
[INFO] [1771004786.898071818] [icp_odometry]: Odom: ratio=0.529467, std dev=0.020515m|0.006488rad, update time=0.045632s delay=0.157213s
[INFO] [1771004787.000524719] [icp_odometry]: Odom: ratio=0.514459, std dev=0.021102m|0.006673rad, update time=0.043759s delay=0.159651s
[INFO] [1771004787.101816940] [icp_odometry]: Odom: ratio=0.514838, std dev=0.019916m|0.006298rad, update time=0.043602s delay=0.161010s
[INFO] [1771004787.207790766] [icp_odometry]: Odom: ratio=0.519213, std dev=0.021596m|0.006829rad, update time=0.049656s delay=0.166882s
[INFO] [1771004787.293319266] [icp_odometry]: Odom: ratio=0.546194, std dev=0.021264m|0.006724rad, update time=0.040598s delay=0.152482s
[INFO] [1771004787.405185234] [icp_odometry]: Odom: ratio=0.518416, std dev=0.020185m|0.006383rad, update time=0.047498s delay=0.164425s
[INFO] [1771004787.503356450] [icp_odometry]: Odom: ratio=0.537811, std dev=0.020304m|0.006421rad, update time=0.046030s delay=0.162410s
[INFO] [1771004787.593586715] [icp_odometry]: Odom: ratio=0.527206, std dev=0.020445m|0.006465rad, update time=0.040628s delay=0.152724s
[INFO] [1771004787.707093028] [icp_odometry]: Odom: ratio=0.523105, std dev=0.020633m|0.006525rad, update time=0.048160s delay=0.166278s
[INFO] [1771004787.794028938] [icp_odometry]: Odom: ratio=0.515110, std dev=0.020488m|0.006479rad, update time=0.040873s delay=0.153157s
[INFO] [1771004787.901385660] [icp_odometry]: Odom: ratio=0.530431, std dev=0.020645m|0.006529rad, update time=0.046840s delay=0.160447s
[INFO] [1771004787.996006991] [icp_odometry]: Odom: ratio=0.514326, std dev=0.020243m|0.006401rad, update time=0.041155s delay=0.155137s
[INFO] [1771004788.106743159] [icp_odometry]: Odom: ratio=0.519231, std dev=0.020424m|0.006459rad, update time=0.046828s delay=0.165736s
[INFO] [1771004788.204910535] [icp_odometry]: Odom: ratio=0.525070, std dev=0.020614m|0.006519rad, update time=0.044147s delay=0.164088s
[INFO] [1771004788.301086065] [icp_odometry]: Odom: ratio=0.505566, std dev=0.020769m|0.006568rad, update time=0.042333s delay=0.160177s
[INFO] [1771004788.399141820] [icp_odometry]: Odom: ratio=0.489021, std dev=0.020692m|0.006543rad, update time=0.041147s delay=0.158359s
[INFO] [1771004788.503896179] [icp_odometry]: Odom: ratio=0.490446, std dev=0.020963m|0.006629rad, update time=0.044125s delay=0.162938s
[INFO] [1771004788.611876506] [icp_odometry]: Odom: ratio=0.490566, std dev=0.021510m|0.006802rad, update time=0.056400s delay=0.170937s
[INFO] [1771004788.694330819] [icp_odometry]: Odom: ratio=0.484835, std dev=0.020324m|0.006427rad, update time=0.042779s delay=0.153333s
[INFO] [1771004788.805256882] [icp_odometry]: Odom: ratio=0.482205, std dev=0.021432m|0.006778rad, update time=0.047237s delay=0.164518s
[INFO] [1771004788.907300009] [icp_odometry]: Odom: ratio=0.480336, std dev=0.020588m|0.006511rad, update time=0.050766s delay=0.166443s
[INFO] [1771004789.002284105] [icp_odometry]: Odom: ratio=0.492458, std dev=0.021307m|0.006738rad, update time=0.049338s delay=0.161492s
[INFO] [1771004789.104498375] [icp_odometry]: Odom: ratio=0.468764, std dev=0.021273m|0.006727rad, update time=0.049102s delay=0.163507s
[INFO] [1771004789.202974977] [icp_odometry]: Odom: ratio=0.482553, std dev=0.021191m|0.006701rad, update time=0.047774s delay=0.162196s
[INFO] [1771004789.304688589] [icp_odometry]: Odom: ratio=0.485075, std dev=0.021399m|0.006767rad, update time=0.047761s delay=0.163744s
[INFO] [1771004789.398990805] [icp_odometry]: Odom: ratio=0.502367, std dev=0.020456m|0.006469rad, update time=0.044416s delay=0.158202s
[INFO] [1771004789.509372785] [icp_odometry]: Odom: ratio=0.481271, std dev=0.021071m|0.006663rad, update time=0.049631s delay=0.168552s
[INFO] [1771004789.598800878] [icp_odometry]: Odom: ratio=0.493768, std dev=0.021140m|0.006685rad, update time=0.046690s delay=0.158005s
[INFO] [1771004789.714215578] [icp_odometry]: Odom: ratio=0.491612, std dev=0.021277m|0.006728rad, update time=0.057947s delay=0.173344s
[INFO] [1771004789.799740047] [icp_odometry]: Odom: ratio=0.474988, std dev=0.022088m|0.006985rad, update time=0.046927s delay=0.158914s
[INFO] [1771004789.901897578] [icp_odometry]: Odom: ratio=0.494583, std dev=0.021172m|0.006695rad, update time=0.047937s delay=0.161002s
[INFO] [1771004790.003650167] [icp_odometry]: Odom: ratio=0.491471, std dev=0.022278m|0.007045rad, update time=0.048699s delay=0.162688s
[INFO] [1771004790.111862919] [icp_odometry]: Odom: ratio=0.476213, std dev=0.020581m|0.006508rad, update time=0.055433s delay=0.170932s
[INFO] [1771004790.203538899] [icp_odometry]: Odom: ratio=0.484848, std dev=0.020038m|0.006337rad, update time=0.050632s delay=0.162723s
[INFO] [1771004790.307955549] [icp_odometry]: Odom: ratio=0.477416, std dev=0.021176m|0.006697rad, update time=0.048724s delay=0.167133s
[INFO] [1771004790.406515707] [icp_odometry]: Odom: ratio=0.478469, std dev=0.020344m|0.006433rad, update time=0.052406s delay=0.165568s
[INFO] [1771004790.507192770] [icp_odometry]: Odom: ratio=0.472275, std dev=0.020876m|0.006602rad, update time=0.050564s delay=0.166271s
[INFO] [1771004790.597727622] [icp_odometry]: Odom: ratio=0.476809, std dev=0.020644m|0.006528rad, update time=0.045194s delay=0.156834s
[INFO] [1771004790.714251641] [icp_odometry]: Odom: ratio=0.489746, std dev=0.020265m|0.006408rad, update time=0.058411s delay=0.173327s
[INFO] [1771004790.806310099] [icp_odometry]: Odom: ratio=0.483389, std dev=0.020450m|0.006467rad, update time=0.055040s delay=0.165497s
[INFO] [1771004790.909386702] [icp_odometry]: Odom: ratio=0.478603, std dev=0.020871m|0.006600rad, update time=0.053510s delay=0.168412s
[INFO] [1771004791.004459282] [icp_odometry]: Odom: ratio=0.478196, std dev=0.020315m|0.006424rad, update time=0.048603s delay=0.163547s
[INFO] [1771004791.098615157] [icp_odometry]: Odom: ratio=0.476815, std dev=0.020887m|0.006605rad, update time=0.044700s delay=0.157751s
[INFO] [1771004791.209641863] [icp_odometry]: Odom: ratio=0.485477, std dev=0.020145m|0.006371rad, update time=0.052664s delay=0.168753s
[INFO] [1771004791.304458721] [icp_odometry]: Odom: ratio=0.471421, std dev=0.020723m|0.006553rad, update time=0.048680s delay=0.163576s
[INFO] [1771004791.406245551] [icp_odometry]: Odom: ratio=0.488738, std dev=0.020911m|0.006613rad, update time=0.047744s delay=0.165270s
[INFO] [1771004791.506291841] [icp_odometry]: Odom: ratio=0.478306, std dev=0.021531m|0.006809rad, update time=0.048675s delay=0.165338s
[INFO] [1771004791.603908253] [icp_odometry]: Odom: ratio=0.492800, std dev=0.020700m|0.006546rad, update time=0.044717s delay=0.162979s
[INFO] [1771004791.702951307] [icp_odometry]: Odom: ratio=0.495685, std dev=0.020898m|0.006609rad, update time=0.051402s delay=0.161982s
[INFO] [1771004791.796967882] [icp_odometry]: Odom: ratio=0.500278, std dev=0.021248m|0.006719rad, update time=0.044950s delay=0.155975s
[INFO] [1771004791.895912436] [icp_odometry]: Odom: ratio=0.490888, std dev=0.021116m|0.006677rad, update time=0.039763s delay=0.154915s
[INFO] [1771004792.001778002] [icp_odometry]: Odom: ratio=0.499698, std dev=0.020710m|0.006549rad, update time=0.045968s delay=0.160943s
[INFO] [1771004792.098380811] [icp_odometry]: Odom: ratio=0.488709, std dev=0.021076m|0.006665rad, update time=0.042758s delay=0.157512s
[INFO] [1771004792.197338870] [icp_odometry]: Odom: ratio=0.491706, std dev=0.021599m|0.006830rad, update time=0.041869s delay=0.156461s
[INFO] [1771004792.300039524] [icp_odometry]: Odom: ratio=0.483166, std dev=0.020908m|0.006612rad, update time=0.045970s delay=0.159095s
[INFO] [1771004792.401629004] [icp_odometry]: Odom: ratio=0.477984, std dev=0.021396m|0.006766rad, update time=0.049394s delay=0.160623s
[INFO] [1771004792.505413696] [icp_odometry]: Odom: ratio=0.476711, std dev=0.020849m|0.006593rad, update time=0.049109s delay=0.164506s
[INFO] [1771004792.605607383] [icp_odometry]: Odom: ratio=0.480163, std dev=0.020604m|0.006516rad, update time=0.048849s delay=0.164705s
[INFO] [1771004792.700492531] [icp_odometry]: Odom: ratio=0.488616, std dev=0.020088m|0.006352rad, update time=0.045950s delay=0.159462s
[INFO] [1771004792.803426698] [icp_odometry]: Odom: ratio=0.471560, std dev=0.021998m|0.006956rad, update time=0.049229s delay=0.162537s
[INFO] [1771004792.896635084] [icp_odometry]: Odom: ratio=0.468274, std dev=0.020822m|0.006584rad, update time=0.046402s delay=0.155774s
[INFO] [1771004792.993315943] [icp_odometry]: Odom: ratio=0.482980, std dev=0.020837m|0.006589rad, update time=0.041940s delay=0.152466s
[INFO] [1771004793.099967360] [icp_odometry]: Odom: ratio=0.468208, std dev=0.021516m|0.006804rad, update time=0.043843s delay=0.159017s
[INFO] [1771004793.199246263] [icp_odometry]: Odom: ratio=0.466246, std dev=0.022721m|0.007185rad, update time=0.043066s delay=0.158309s
[INFO] [1771004793.299834779] [icp_odometry]: Odom: ratio=0.443717, std dev=0.022380m|0.007077rad, update time=0.043754s delay=0.159000s
[INFO] [1771004793.397216399] [icp_odometry]: Odom: ratio=0.457379, std dev=0.021653m|0.006847rad, update time=0.041751s delay=0.156315s
[INFO] [1771004793.491877636] [icp_odometry]: Odom: ratio=0.442665, std dev=0.022258m|0.007038rad, update time=0.037709s delay=0.151018s
[INFO] [1771004793.593440523] [icp_odometry]: Odom: ratio=0.458388, std dev=0.022399m|0.007083rad, update time=0.038185s delay=0.152580s
[INFO] [1771004793.701938340] [icp_odometry]: Odom: ratio=0.437255, std dev=0.021003m|0.006642rad, update time=0.042266s delay=0.161021s
[INFO] [1771004793.794834875] [icp_odometry]: Odom: ratio=0.449739, std dev=0.021325m|0.006744rad, update time=0.040245s delay=0.153938s
[INFO] [1771004793.899589489] [icp_odometry]: Odom: ratio=0.443868, std dev=0.021379m|0.006761rad, update time=0.046421s delay=0.158599s
[INFO] [1771004794.000595108] [icp_odometry]: Odom: ratio=0.440867, std dev=0.023470m|0.007422rad, update time=0.047359s delay=0.159728s
[INFO] [1771004794.095896848] [icp_odometry]: Odom: ratio=0.436592, std dev=0.021753m|0.006879rad, update time=0.044969s delay=0.154958s
[INFO] [1771004794.194743959] [icp_odometry]: Odom: ratio=0.418305, std dev=0.021347m|0.006750rad, update time=0.039565s delay=0.153839s
[INFO] [1771004794.298008729] [icp_odometry]: Odom: ratio=0.413218, std dev=0.021245m|0.006718rad, update time=0.040745s delay=0.157044s
[INFO] [1771004794.395396238] [icp_odometry]: Odom: ratio=0.408350, std dev=0.022150m|0.007005rad, update time=0.040406s delay=0.154479s
[INFO] [1771004794.502600794] [icp_odometry]: Odom: ratio=0.412426, std dev=0.021907m|0.006928rad, update time=0.045691s delay=0.161561s
[INFO] [1771004794.590450464] [icp_odometry]: Odom: ratio=0.406536, std dev=0.023510m|0.007435rad, update time=0.039833s delay=0.149479s
[INFO] [1771004794.708226943] [icp_odometry]: Odom: ratio=0.399745, std dev=0.022025m|0.006965rad, update time=0.050606s delay=0.167328s
[INFO] [1771004794.796251179] [icp_odometry]: Odom: ratio=0.564506, std dev=0.020984m|0.006636rad, update time=0.040674s delay=0.155298s
[INFO] [1771004794.902640858] [icp_odometry]: Odom: ratio=0.571164, std dev=0.021620m|0.006837rad, update time=0.048369s delay=0.161678s
[INFO] [1771004794.996506163] [icp_odometry]: Odom: ratio=0.558168, std dev=0.020468m|0.006472rad, update time=0.042000s delay=0.155644s
[INFO] [1771004795.101803549] [icp_odometry]: Odom: ratio=0.559179, std dev=0.023170m|0.007327rad, update time=0.048010s delay=0.160920s
[INFO] [1771004795.197845346] [icp_odometry]: Odom: ratio=0.547285, std dev=0.023036m|0.007285rad, update time=0.045915s delay=0.156885s
[INFO] [1771004795.292785888] [icp_odometry]: Odom: ratio=0.548705, std dev=0.022302m|0.007053rad, update time=0.038759s delay=0.151831s
[INFO] [1771004795.402399745] [icp_odometry]: Odom: ratio=0.533170, std dev=0.021475m|0.006791rad, update time=0.044638s delay=0.161372s
[INFO] [1771004795.508850323] [icp_odometry]: Odom: ratio=0.527160, std dev=0.022522m|0.007122rad, update time=0.049148s delay=0.167895s
[INFO] [1771004795.603820690] [icp_odometry]: Odom: ratio=0.509004, std dev=0.023111m|0.007308rad, update time=0.050330s delay=0.162874s
[INFO] [1771004795.702950916] [icp_odometry]: Odom: ratio=0.490589, std dev=0.022749m|0.007194rad, update time=0.048809s delay=0.162092s
[INFO] [1771004795.800522398] [icp_odometry]: Odom: ratio=0.491082, std dev=0.023294m|0.007366rad, update time=0.048751s delay=0.159553s
[INFO] [1771004795.902183401] [icp_odometry]: Odom: ratio=0.479929, std dev=0.021499m|0.006799rad, update time=0.048855s delay=0.161312s
[INFO] [1771004795.996884895] [icp_odometry]: Odom: ratio=0.468273, std dev=0.022844m|0.007224rad, update time=0.045544s delay=0.156032s
[INFO] [1771004796.100686292] [icp_odometry]: Odom: ratio=0.453380, std dev=0.022453m|0.007100rad, update time=0.045255s delay=0.159679s
[INFO] [1771004796.200972878] [icp_odometry]: Odom: ratio=0.462838, std dev=0.023163m|0.007325rad, update time=0.046439s delay=0.160114s
[INFO] [1771004796.308933524] [icp_odometry]: Odom: ratio=0.459144, std dev=0.021156m|0.006690rad, update time=0.051450s delay=0.168031s
[INFO] [1771004796.392707244] [icp_odometry]: Odom: ratio=0.445479, std dev=0.022124m|0.006996rad, update time=0.038835s delay=0.151734s
[INFO] [1771004796.505865064] [icp_odometry]: Odom: ratio=0.446059, std dev=0.022569m|0.007137rad, update time=0.047277s delay=0.164980s
[INFO] [1771004796.601635108] [icp_odometry]: Odom: ratio=0.433369, std dev=0.022236m|0.007032rad, update time=0.047471s delay=0.160614s
[INFO] [1771004796.703529590] [icp_odometry]: Odom: ratio=0.440382, std dev=0.022014m|0.006961rad, update time=0.046397s delay=0.162603s
[INFO] [1771004796.803632458] [icp_odometry]: Odom: ratio=0.424986, std dev=0.021525m|0.006807rad, update time=0.048936s delay=0.162657s
[INFO] [1771004796.905759012] [icp_odometry]: Odom: ratio=0.426156, std dev=0.021666m|0.006851rad, update time=0.053432s delay=0.164778s
[INFO] [1771004796.995550766] [icp_odometry]: Odom: ratio=0.431561, std dev=0.022202m|0.007021rad, update time=0.041991s delay=0.154606s
[INFO] [1771004797.099912759] [icp_odometry]: Odom: ratio=0.429966, std dev=0.021621m|0.006837rad, update time=0.046061s delay=0.158973s
[INFO] [1771004797.205897944] [icp_odometry]: Odom: ratio=0.421525, std dev=0.020669m|0.006536rad, update time=0.049468s delay=0.165050s
[INFO] [1771004797.301281062] [icp_odometry]: Odom: ratio=0.428890, std dev=0.022082m|0.006983rad, update time=0.044603s delay=0.160319s
[INFO] [1771004797.408732891] [icp_odometry]: Odom: ratio=0.446844, std dev=0.021445m|0.006782rad, update time=0.051222s delay=0.167822s
[INFO] [1771004797.500834518] [icp_odometry]: Odom: ratio=0.459354, std dev=0.021735m|0.006873rad, update time=0.046032s delay=0.159971s
[INFO] [1771004797.602894766] [icp_odometry]: Odom: ratio=0.455372, std dev=0.021780m|0.006887rad, update time=0.045846s delay=0.161972s
[INFO] [1771004797.704258766] [icp_odometry]: Odom: ratio=0.434162, std dev=0.021763m|0.006882rad, update time=0.049130s delay=0.163399s
[INFO] [1771004797.801515069] [icp_odometry]: Odom: ratio=0.424581, std dev=0.021093m|0.006670rad, update time=0.045547s delay=0.160481s
[INFO] [1771004797.909291134] [icp_odometry]: Odom: ratio=0.444320, std dev=0.021234m|0.006715rad, update time=0.054707s delay=0.168269s
[INFO] [1771004797.999497782] [icp_odometry]: Odom: ratio=0.426901, std dev=0.022291m|0.007049rad, update time=0.047681s delay=0.158561s
[INFO] [1771004798.102572146] [icp_odometry]: Odom: ratio=0.455107, std dev=0.021805m|0.006895rad, update time=0.048335s delay=0.161660s
[INFO] [1771004798.209231147] [icp_odometry]: Odom: ratio=0.433782, std dev=0.022000m|0.006957rad, update time=0.051625s delay=0.168134s
[INFO] [1771004798.298333821] [icp_odometry]: Odom: ratio=0.441375, std dev=0.021180m|0.006698rad, update time=0.045164s delay=0.157379s
[INFO] [1771004798.404869746] [icp_odometry]: Odom: ratio=0.443017, std dev=0.022382m|0.007078rad, update time=0.047730s delay=0.163859s
[INFO] [1771004798.502344937] [icp_odometry]: Odom: ratio=0.448105, std dev=0.021895m|0.006924rad, update time=0.046785s delay=0.161285s
[INFO] [1771004798.601439161] [icp_odometry]: Odom: ratio=0.452523, std dev=0.022468m|0.007105rad, update time=0.047239s delay=0.160463s
[INFO] [1771004798.699817936] [icp_odometry]: Odom: ratio=0.469078, std dev=0.022692m|0.007176rad, update time=0.044860s delay=0.158828s
[INFO] [1771004798.803571140] [icp_odometry]: Odom: ratio=0.474174, std dev=0.022315m|0.007057rad, update time=0.048993s delay=0.162597s
[INFO] [1771004798.907398266] [icp_odometry]: Odom: ratio=0.486044, std dev=0.021490m|0.006796rad, update time=0.051050s delay=0.166391s
[INFO] [1771004799.008798682] [icp_odometry]: Odom: ratio=0.488229, std dev=0.021128m|0.006681rad, update time=0.054091s delay=0.167701s
[INFO] [1771004799.096958379] [icp_odometry]: Odom: ratio=0.490520, std dev=0.022220m|0.007027rad, update time=0.046085s delay=0.156014s
[INFO] [1771004799.207489964] [icp_odometry]: Odom: ratio=0.501778, std dev=0.021495m|0.006797rad, update time=0.051682s delay=0.166515s
[INFO] [1771004799.307506269] [icp_odometry]: Odom: ratio=0.501219, std dev=0.021470m|0.006789rad, update time=0.052625s delay=0.166410s
[INFO] [1771004799.404190328] [icp_odometry]: Odom: ratio=0.504892, std dev=0.022040m|0.006970rad, update time=0.049761s delay=0.163235s
[INFO] [1771004799.508551681] [icp_odometry]: Odom: ratio=0.507863, std dev=0.021713m|0.006866rad, update time=0.053667s delay=0.167567s
[INFO] [1771004799.608594610] [icp_odometry]: Odom: ratio=0.509777, std dev=0.021725m|0.006870rad, update time=0.051638s delay=0.167552s
[INFO] [1771004799.705640698] [icp_odometry]: Odom: ratio=0.526794, std dev=0.021713m|0.006866rad, update time=0.048769s delay=0.164598s
[INFO] [1771004799.807951323] [icp_odometry]: Odom: ratio=0.532432, std dev=0.021745m|0.006876rad, update time=0.048441s delay=0.167025s
[INFO] [1771004799.905878722] [icp_odometry]: Odom: ratio=0.530023, std dev=0.020885m|0.006604rad, update time=0.049492s delay=0.164954s
[INFO] [1771004800.012349941] [icp_odometry]: Odom: ratio=0.541223, std dev=0.021499m|0.006798rad, update time=0.051871s delay=0.171343s
[INFO] [1771004800.109759946] [icp_odometry]: Odom: ratio=0.556838, std dev=0.021963m|0.006945rad, update time=0.055898s delay=0.168797s
[INFO] [1771004800.205383264] [icp_odometry]: Odom: ratio=0.536585, std dev=0.021511m|0.006802rad, update time=0.049371s delay=0.164474s
[INFO] [1771004800.312050202] [icp_odometry]: Odom: ratio=0.528676, std dev=0.022127m|0.006997rad, update time=0.056029s delay=0.171068s
[INFO] [1771004800.406700078] [icp_odometry]: Odom: ratio=0.525257, std dev=0.022455m|0.007101rad, update time=0.052421s delay=0.165734s
[INFO] [1771004800.507413495] [icp_odometry]: Odom: ratio=0.530973, std dev=0.022307m|0.007054rad, update time=0.051073s delay=0.166512s
[INFO] [1771004800.611328624] [icp_odometry]: Odom: ratio=0.503675, std dev=0.021749m|0.006878rad, update time=0.053780s delay=0.170394s
[INFO] [1771004800.704245896] [icp_odometry]: Odom: ratio=0.524518, std dev=0.022162m|0.007008rad, update time=0.050261s delay=0.163310s
[INFO] [1771004800.813507196] [icp_odometry]: Odom: ratio=0.499367, std dev=0.021952m|0.006942rad, update time=0.054795s delay=0.172588s
[INFO] [1771004800.905822302] [icp_odometry]: Odom: ratio=0.498536, std dev=0.022216m|0.007025rad, update time=0.052181s delay=0.164849s
[INFO] [1771004801.007946009] [icp_odometry]: Odom: ratio=0.488575, std dev=0.022882m|0.007236rad, update time=0.054073s delay=0.167003s
[INFO] [1771004801.107243568] [icp_odometry]: Odom: ratio=0.480082, std dev=0.021634m|0.006841rad, update time=0.051328s delay=0.166341s
[INFO] [1771004801.211776319] [icp_odometry]: Odom: ratio=0.455568, std dev=0.022072m|0.006980rad, update time=0.056782s delay=0.170827s
[INFO] [1771004801.305212552] [icp_odometry]: Odom: ratio=0.463227, std dev=0.022089m|0.006985rad, update time=0.052649s delay=0.164091s
[INFO] [1771004801.412406068] [icp_odometry]: Odom: ratio=0.459955, std dev=0.022029m|0.006966rad, update time=0.055719s delay=0.171407s
[INFO] [1771004801.509333304] [icp_odometry]: Odom: ratio=0.443080, std dev=0.022215m|0.007025rad, update time=0.055112s delay=0.168260s
[INFO] [1771004801.610295018] [icp_odometry]: Odom: ratio=0.450787, std dev=0.021453m|0.006784rad, update time=0.055288s delay=0.169241s
[INFO] [1771004801.708652704] [icp_odometry]: Odom: ratio=0.432707, std dev=0.022033m|0.006967rad, update time=0.054172s delay=0.167730s
[INFO] [1771004801.810303242] [icp_odometry]: Odom: ratio=0.436558, std dev=0.022221m|0.007027rad, update time=0.054534s delay=0.169246s
[INFO] [1771004801.921238393] [icp_odometry]: Odom: ratio=0.436866, std dev=0.022614m|0.007151rad, update time=0.059646s delay=0.180236s
[INFO] [1771004802.023165196] [icp_odometry]: Odom: ratio=0.434182, std dev=0.022796m|0.007209rad, update time=0.060656s delay=0.182134s
[INFO] [1771004802.105566675] [icp_odometry]: Odom: ratio=0.435192, std dev=0.022304m|0.007053rad, update time=0.051811s delay=0.164563s
[INFO] [1771004802.219421480] [icp_odometry]: Odom: ratio=0.442510, std dev=0.021975m|0.006949rad, update time=0.064925s delay=0.178425s
[INFO] [1771004802.310839852] [icp_odometry]: Odom: ratio=0.438937, std dev=0.022493m|0.007113rad, update time=0.054426s delay=0.169746s
[INFO] [1771004802.410193925] [icp_odometry]: Odom: ratio=0.435712, std dev=0.021866m|0.006915rad, update time=0.055939s delay=0.169118s
[INFO] [1771004802.508545979] [icp_odometry]: Odom: ratio=0.433713, std dev=0.022620m|0.007153rad, update time=0.055944s delay=0.167613s
[INFO] [1771004802.612657627] [icp_odometry]: Odom: ratio=0.417367, std dev=0.021956m|0.006943rad, update time=0.055650s delay=0.171793s
[INFO] [1771004802.716212999] [icp_odometry]: Odom: ratio=0.415598, std dev=0.022667m|0.007168rad, update time=0.057037s delay=0.175160s
[INFO] [1771004802.819589389] [icp_odometry]: Odom: ratio=0.420180, std dev=0.022448m|0.007099rad, update time=0.059648s delay=0.178630s
[INFO] [1771004802.909921898] [icp_odometry]: Odom: ratio=0.422994, std dev=0.022649m|0.007162rad, update time=0.056745s delay=0.168767s
[INFO] [1771004803.009469994] [icp_odometry]: Odom: ratio=0.427864, std dev=0.021490m|0.006796rad, update time=0.055002s delay=0.168470s
[INFO] [1771004803.116091938] [icp_odometry]: Odom: ratio=0.411847, std dev=0.022173m|0.007012rad, update time=0.058966s delay=0.175192s
[INFO] [1771004803.218932053] [icp_odometry]: Odom: ratio=0.425279, std dev=0.022673m|0.007170rad, update time=0.058230s delay=0.177952s
[INFO] [1771004803.314412743] [icp_odometry]: Odom: ratio=0.423902, std dev=0.023253m|0.007353rad, update time=0.061103s delay=0.173332s
[INFO] [1771004803.422100836] [icp_odometry]: Odom: ratio=0.417287, std dev=0.022822m|0.007217rad, update time=0.063313s delay=0.181106s
[INFO] [1771004803.520846696] [icp_odometry]: Odom: ratio=0.419713, std dev=0.022687m|0.007174rad, update time=0.064429s delay=0.179852s
[INFO] [1771004803.612032643] [icp_odometry]: Odom: ratio=0.408689, std dev=0.022779m|0.007203rad, update time=0.056591s delay=0.171002s
[INFO] [1771004803.712034995] [icp_odometry]: Odom: ratio=0.427335, std dev=0.022881m|0.007236rad, update time=0.055209s delay=0.170821s
[INFO] [1771004803.813570712] [icp_odometry]: Odom: ratio=0.431851, std dev=0.023458m|0.007418rad, update time=0.056812s delay=0.172582s
[INFO] [1771004803.908541592] [icp_odometry]: Odom: ratio=0.420670, std dev=0.022165m|0.007009rad, update time=0.054179s delay=0.167573s
[INFO] [1771004804.014432886] [icp_odometry]: Odom: ratio=0.401107, std dev=0.021880m|0.006919rad, update time=0.059805s delay=0.173445s
[INFO] [1771004804.119061640] [icp_odometry]: Odom: ratio=0.400289, std dev=0.022172m|0.007011rad, update time=0.061701s delay=0.178077s
[INFO] [1771004804.225030761] [icp_odometry]: Odom: ratio=0.390141, std dev=0.022763m|0.007198rad, update time=0.065528s delay=0.184004s
[INFO] [1771004804.309664447] [icp_odometry]: Odom: ratio=0.566587, std dev=0.022194m|0.007018rad, update time=0.055926s delay=0.168536s
[INFO] [1771004804.406695590] [icp_odometry]: Odom: ratio=0.593407, std dev=0.023273m|0.007360rad, update time=0.053345s delay=0.165670s
[INFO] [1771004804.506555985] [icp_odometry]: Odom: ratio=0.589409, std dev=0.023928m|0.007567rad, update time=0.053300s delay=0.165460s
[INFO] [1771004804.609628045] [icp_odometry]: Odom: ratio=0.611132, std dev=0.023722m|0.007502rad, update time=0.052807s delay=0.168562s
[INFO] [1771004804.715635887] [icp_odometry]: Odom: ratio=0.592814, std dev=0.023757m|0.007513rad, update time=0.056173s delay=0.174692s
[INFO] [1771004804.813297741] [icp_odometry]: Odom: ratio=0.590858, std dev=0.022831m|0.007220rad, update time=0.055451s delay=0.172194s
[INFO] [1771004804.906406603] [icp_odometry]: Odom: ratio=0.595002, std dev=0.022705m|0.007180rad, update time=0.051513s delay=0.165332s
[INFO] [1771004805.017136755] [icp_odometry]: Odom: ratio=0.560685, std dev=0.022918m|0.007247rad, update time=0.054999s delay=0.176226s
[INFO] [1771004805.115199999] [icp_odometry]: Odom: ratio=0.575613, std dev=0.023477m|0.007424rad, update time=0.058336s delay=0.174076s
[INFO] [1771004805.222191460] [icp_odometry]: Odom: ratio=0.559247, std dev=0.022525m|0.007123rad, update time=0.064948s delay=0.181178s
[INFO] [1771004805.314136889] [icp_odometry]: Odom: ratio=0.588532, std dev=0.023258m|0.007355rad, update time=0.058340s delay=0.173186s
[INFO] [1771004805.415196782] [icp_odometry]: Odom: ratio=0.563702, std dev=0.023664m|0.007483rad, update time=0.059545s delay=0.174246s
[INFO] [1771004805.508515764] [icp_odometry]: Odom: ratio=0.565480, std dev=0.023518m|0.007437rad, update time=0.054564s delay=0.167572s
[INFO] [1771004805.620829203] [icp_odometry]: Odom: ratio=0.583216, std dev=0.023165m|0.007326rad, update time=0.064471s delay=0.179862s
[INFO] [1771004805.716396488] [icp_odometry]: Odom: ratio=0.564924, std dev=0.023307m|0.007370rad, update time=0.062060s delay=0.175313s
[INFO] [1771004805.820658413] [icp_odometry]: Odom: ratio=0.569937, std dev=0.023901m|0.007558rad, update time=0.064593s delay=0.179714s
[INFO] [1771004805.922367481] [icp_odometry]: Odom: ratio=0.565417, std dev=0.023738m|0.007507rad, update time=0.063946s delay=0.181367s
[INFO] [1771004806.023786586] [icp_odometry]: Odom: ratio=0.570031, std dev=0.023901m|0.007558rad, update time=0.064210s delay=0.182739s
[INFO] [1771004806.119473939] [icp_odometry]: Odom: ratio=0.570239, std dev=0.023412m|0.007403rad, update time=0.064897s delay=0.178489s
[INFO] [1771004806.213727417] [icp_odometry]: Odom: ratio=0.576022, std dev=0.023065m|0.007294rad, update time=0.059124s delay=0.172819s
[INFO] [1771004806.320081384] [icp_odometry]: Odom: ratio=0.565678, std dev=0.022969m|0.007264rad, update time=0.065608s delay=0.179045s
[INFO] [1771004806.414967652] [icp_odometry]: Odom: ratio=0.549139, std dev=0.023148m|0.007320rad, update time=0.060878s delay=0.173915s
[INFO] [1771004806.514449570] [icp_odometry]: Odom: ratio=0.565500, std dev=0.022785m|0.007205rad, update time=0.057823s delay=0.173449s
[INFO] [1771004806.610027479] [icp_odometry]: Odom: ratio=0.552076, std dev=0.022921m|0.007248rad, update time=0.053203s delay=0.168973s
[INFO] [1771004806.712697188] [icp_odometry]: Odom: ratio=0.546430, std dev=0.022491m|0.007112rad, update time=0.058207s delay=0.171696s
[INFO] [1771004806.816189198] [icp_odometry]: Odom: ratio=0.550532, std dev=0.023069m|0.007295rad, update time=0.056524s delay=0.175190s
[INFO] [1771004806.913937711] [icp_odometry]: Odom: ratio=0.530551, std dev=0.023286m|0.007364rad, update time=0.057835s delay=0.173024s
[INFO] [1771004807.018024782] [icp_odometry]: Odom: ratio=0.542430, std dev=0.023312m|0.007372rad, update time=0.059248s delay=0.177053s
[INFO] [1771004807.113781514] [icp_odometry]: Odom: ratio=0.552392, std dev=0.023411m|0.007403rad, update time=0.056857s delay=0.172662s
[INFO] [1771004807.217751428] [icp_odometry]: Odom: ratio=0.565269, std dev=0.022820m|0.007216rad, update time=0.063999s delay=0.176657s
[INFO] [1771004807.311758754] [icp_odometry]: Odom: ratio=0.556206, std dev=0.022486m|0.007111rad, update time=0.058151s delay=0.170688s
[INFO] [1771004807.415710397] [icp_odometry]: Odom: ratio=0.578574, std dev=0.022711m|0.007182rad, update time=0.062018s delay=0.174606s
[INFO] [1771004807.513648484] [icp_odometry]: Odom: ratio=0.569888, std dev=0.022959m|0.007260rad, update time=0.056307s delay=0.172608s
[INFO] [1771004807.607886442] [icp_odometry]: Odom: ratio=0.570000, std dev=0.023159m|0.007324rad, update time=0.051057s delay=0.166846s
[INFO] [1771004807.715540038] [icp_odometry]: Odom: ratio=0.569568, std dev=0.022303m|0.007053rad, update time=0.058238s delay=0.174529s
[INFO] [1771004807.815643001] [icp_odometry]: Odom: ratio=0.571851, std dev=0.023568m|0.007453rad, update time=0.060681s delay=0.174568s
[INFO] [1771004807.916361090] [icp_odometry]: Odom: ratio=0.545918, std dev=0.023833m|0.007537rad, update time=0.059281s delay=0.175314s
[INFO] [1771004808.013685908] [icp_odometry]: Odom: ratio=0.545722, std dev=0.023753m|0.007511rad, update time=0.059014s delay=0.172572s
[INFO] [1771004808.120064260] [icp_odometry]: Odom: ratio=0.555232, std dev=0.023166m|0.007326rad, update time=0.057491s delay=0.179005s
[INFO] [1771004808.218072814] [icp_odometry]: Odom: ratio=0.552468, std dev=0.023187m|0.007332rad, update time=0.056708s delay=0.176971s
[INFO] [1771004808.313286966] [icp_odometry]: Odom: ratio=0.559910, std dev=0.022998m|0.007273rad, update time=0.056373s delay=0.172265s
[INFO] [1771004808.412995196] [icp_odometry]: Odom: ratio=0.553478, std dev=0.022929m|0.007251rad, update time=0.060107s delay=0.171895s
[INFO] [1771004808.519995233] [icp_odometry]: Odom: ratio=0.559284, std dev=0.023498m|0.007431rad, update time=0.064619s delay=0.179019s
[INFO] [1771004808.607163727] [icp_odometry]: Odom: ratio=0.547155, std dev=0.022977m|0.007266rad, update time=0.054168s delay=0.166186s
[INFO] [1771004808.711371506] [icp_odometry]: Odom: ratio=0.539591, std dev=0.023611m|0.007466rad, update time=0.058286s delay=0.170404s
[INFO] [1771004808.818048940] [icp_odometry]: Odom: ratio=0.531666, std dev=0.023409m|0.007402rad, update time=0.062580s delay=0.177078s
[INFO] [1771004808.910704154] [icp_odometry]: Odom: ratio=0.524544, std dev=0.023388m|0.007396rad, update time=0.055378s delay=0.169557s
[INFO] [1771004809.012236320] [icp_odometry]: Odom: ratio=0.529223, std dev=0.023791m|0.007524rad, update time=0.054093s delay=0.171108s
[INFO] [1771004809.113038124] [icp_odometry]: Odom: ratio=0.521171, std dev=0.023921m|0.007565rad, update time=0.057101s delay=0.171996s
[INFO] [1771004809.214763768] [icp_odometry]: Odom: ratio=0.523457, std dev=0.023857m|0.007544rad, update time=0.057042s delay=0.173641s
[INFO] [1771004809.313965676] [icp_odometry]: Odom: ratio=0.530364, std dev=0.023643m|0.007477rad, update time=0.056506s delay=0.172886s
[INFO] [1771004809.416809119] [icp_odometry]: Odom: ratio=0.537113, std dev=0.023850m|0.007542rad, update time=0.056398s delay=0.175710s
[INFO] [1771004809.515927984] [icp_odometry]: Odom: ratio=0.543279, std dev=0.023219m|0.007342rad, update time=0.059104s delay=0.174865s
[INFO] [1771004809.615832125] [icp_odometry]: Odom: ratio=0.534601, std dev=0.023218m|0.007342rad, update time=0.061174s delay=0.174790s
[INFO] [1771004809.709542128] [icp_odometry]: Odom: ratio=0.535743, std dev=0.022934m|0.007252rad, update time=0.052888s delay=0.168489s
[INFO] [1771004809.810789644] [icp_odometry]: Odom: ratio=0.541129, std dev=0.022999m|0.007273rad, update time=0.054686s delay=0.169658s
[INFO] [1771004809.909594546] [icp_odometry]: Odom: ratio=0.545307, std dev=0.022843m|0.007224rad, update time=0.051978s delay=0.168461s
[INFO] [1771004810.010051441] [icp_odometry]: Odom: ratio=0.560805, std dev=0.022494m|0.007113rad, update time=0.054048s delay=0.169091s
[INFO] [1771004810.106010932] [icp_odometry]: Odom: ratio=0.558090, std dev=0.022607m|0.007149rad, update time=0.052242s delay=0.165047s
[INFO] [1771004810.217445588] [icp_odometry]: Odom: ratio=0.543602, std dev=0.022691m|0.007176rad, update time=0.059983s delay=0.176371s
[INFO] [1771004810.316983444] [icp_odometry]: Odom: ratio=0.570502, std dev=0.022976m|0.007266rad, update time=0.055882s delay=0.175979s
[INFO] [1771004810.413596045] [icp_odometry]: Odom: ratio=0.575706, std dev=0.023079m|0.007298rad, update time=0.052831s delay=0.172424s
[INFO] [1771004810.507165851] [icp_odometry]: Odom: ratio=0.569204, std dev=0.023055m|0.007291rad, update time=0.052019s delay=0.166031s
[INFO] [1771004810.616637751] [icp_odometry]: Odom: ratio=0.570815, std dev=0.022769m|0.007200rad, update time=0.063454s delay=0.175621s
[INFO] [1771004810.703217745] [icp_odometry]: Odom: ratio=0.580460, std dev=0.022544m|0.007129rad, update time=0.051046s delay=0.162091s
[INFO] [1771004810.806628856] [icp_odometry]: Odom: ratio=0.566933, std dev=0.022009m|0.006960rad, update time=0.051837s delay=0.165494s
[INFO] [1771004810.910350986] [icp_odometry]: Odom: ratio=0.560647, std dev=0.022455m|0.007101rad, update time=0.054056s delay=0.169329s
[INFO] [1771004811.010431261] [icp_odometry]: Odom: ratio=0.566013, std dev=0.022405m|0.007085rad, update time=0.054671s delay=0.169339s
[INFO] [1771004811.111720282] [icp_odometry]: Odom: ratio=0.573756, std dev=0.021777m|0.006886rad, update time=0.054684s delay=0.170584s
[INFO] [1771004811.215879227] [icp_odometry]: Odom: ratio=0.571302, std dev=0.022042m|0.006970rad, update time=0.058680s delay=0.174867s
[INFO] [1771004811.311486801] [icp_odometry]: Odom: ratio=0.578542, std dev=0.022685m|0.007174rad, update time=0.053769s delay=0.170333s
[INFO] [1771004811.404202306] [icp_odometry]: Odom: ratio=0.555261, std dev=0.022496m|0.007114rad, update time=0.051326s delay=0.163172s
[INFO] [1771004811.516479200] [icp_odometry]: Odom: ratio=0.568742, std dev=0.023303m|0.007369rad, update time=0.057203s delay=0.175527s
[INFO] [1771004811.615153825] [icp_odometry]: Odom: ratio=0.560000, std dev=0.022870m|0.007232rad, update time=0.054935s delay=0.174107s
[INFO] [1771004811.705317464] [icp_odometry]: Odom: ratio=0.567052, std dev=0.023384m|0.007395rad, update time=0.052288s delay=0.164220s
[INFO] [1771004811.812136855] [icp_odometry]: Odom: ratio=0.542238, std dev=0.022420m|0.007090rad, update time=0.055838s delay=0.170992s
[INFO] [1771004811.908042359] [icp_odometry]: Odom: ratio=0.535322, std dev=0.023499m|0.007431rad, update time=0.052468s delay=0.167008s
[INFO] [1771004812.006008064] [icp_odometry]: Odom: ratio=0.531608, std dev=0.024000m|0.007589rad, update time=0.048923s delay=0.165007s
[INFO] [1771004812.113461205] [icp_odometry]: Odom: ratio=0.527202, std dev=0.023832m|0.007536rad, update time=0.054987s delay=0.172507s
[INFO] [1771004812.212013682] [icp_odometry]: Odom: ratio=0.531414, std dev=0.024014m|0.007594rad, update time=0.056458s delay=0.171028s
[INFO] [1771004812.303231598] [icp_odometry]: Odom: ratio=0.530052, std dev=0.023746m|0.007509rad, update time=0.048235s delay=0.162191s
[INFO] [1771004812.411929935] [icp_odometry]: Odom: ratio=0.513420, std dev=0.023408m|0.007402rad, update time=0.056401s delay=0.170819s
[INFO] [1771004812.507552677] [icp_odometry]: Odom: ratio=0.524792, std dev=0.024245m|0.007667rad, update time=0.052626s delay=0.166391s
[INFO] [1771004812.609368020] [icp_odometry]: Odom: ratio=0.524208, std dev=0.023772m|0.007517rad, update time=0.051792s delay=0.168212s
[INFO] [1771004812.717713705] [icp_odometry]: Odom: ratio=0.510021, std dev=0.024904m|0.007875rad, update time=0.060296s delay=0.176729s
[INFO] [1771004812.804814004] [icp_odometry]: Odom: ratio=0.523974, std dev=0.024029m|0.007599rad, update time=0.046353s delay=0.163818s
[INFO] [1771004812.911101313] [icp_odometry]: Odom: ratio=0.523481, std dev=0.024189m|0.007649rad, update time=0.056830s delay=0.169986s
[INFO] [1771004813.004517258] [icp_odometry]: Odom: ratio=0.471330, std dev=0.024829m|0.007852rad, update time=0.051223s delay=0.163445s
[INFO] [1771004813.110924506] [icp_odometry]: Odom: ratio=0.515913, std dev=0.025664m|0.008116rad, update time=0.055423s delay=0.169730s
[INFO] [1771004813.207522483] [icp_odometry]: Odom: ratio=0.504373, std dev=0.025457m|0.008050rad, update time=0.054439s delay=0.166591s
[INFO] [1771004813.309341634] [icp_odometry]: Odom: ratio=0.532479, std dev=0.025475m|0.008056rad, update time=0.053652s delay=0.168292s
[INFO] [1771004813.409319377] [icp_odometry]: Odom: ratio=0.499379, std dev=0.025053m|0.007922rad, update time=0.053349s delay=0.168313s
[INFO] [1771004813.516307862] [icp_odometry]: Odom: ratio=0.527112, std dev=0.025058m|0.007924rad, update time=0.060015s delay=0.175323s
[INFO] [1771004813.613276923] [icp_odometry]: Odom: ratio=0.518935, std dev=0.025314m|0.008005rad, update time=0.056871s delay=0.170832s
[INFO] [1771004813.715955337] [icp_odometry]: Odom: ratio=0.523251, std dev=0.025616m|0.008100rad, update time=0.058940s delay=0.174885s
[INFO] [1771004813.801164499] [icp_odometry]: Odom: ratio=0.500836, std dev=0.024406m|0.007718rad, update time=0.049454s delay=0.160003s
[INFO] [1771004813.917612451] [icp_odometry]: Odom: ratio=0.503132, std dev=0.025053m|0.007923rad, update time=0.063156s delay=0.176536s
[INFO] [1771004814.003544038] [icp_odometry]: Odom: ratio=0.496653, std dev=0.024474m|0.007739rad, update time=0.050517s delay=0.162545s
[INFO] [1771004814.111558350] [icp_odometry]: Odom: ratio=0.504914, std dev=0.024245m|0.007667rad, update time=0.056325s delay=0.170327s
[INFO] [1771004814.213665832] [icp_odometry]: Odom: ratio=0.505096, std dev=0.024439m|0.007728rad, update time=0.057045s delay=0.172666s
[INFO] [1771004814.308559045] [icp_odometry]: Odom: ratio=0.486088, std dev=0.024662m|0.007799rad, update time=0.051114s delay=0.167372s
[INFO] [1771004814.404376834] [icp_odometry]: Odom: ratio=0.511224, std dev=0.025283m|0.007995rad, update time=0.050916s delay=0.163204s
[INFO] [1771004814.513118052] [icp_odometry]: Odom: ratio=0.495285, std dev=0.024595m|0.007778rad, update time=0.056343s delay=0.171934s
[INFO] [1771004814.615697038] [icp_odometry]: Odom: ratio=0.515755, std dev=0.024646m|0.007794rad, update time=0.054599s delay=0.174575s
[INFO] [1771004814.705254192] [icp_odometry]: Odom: ratio=0.503766, std dev=0.024368m|0.007706rad, update time=0.049451s delay=0.164092s
[INFO] [1771004814.819033475] [icp_odometry]: Odom: ratio=0.519351, std dev=0.024484m|0.007742rad, update time=0.065677s delay=0.177996s
[INFO] [1771004814.903698457] [icp_odometry]: Odom: ratio=0.505083, std dev=0.024620m|0.007786rad, update time=0.050986s delay=0.162498s
[INFO] [1771004815.011556637] [icp_odometry]: Odom: ratio=0.493920, std dev=0.024563m|0.007767rad, update time=0.054952s delay=0.170466s
[INFO] [1771004815.118554018] [icp_odometry]: Odom: ratio=0.486565, std dev=0.025037m|0.007918rad, update time=0.061713s delay=0.177556s
[INFO] [1771004815.212686788] [icp_odometry]: Odom: ratio=0.484439, std dev=0.025003m|0.007907rad, update time=0.055200s delay=0.171619s
[INFO] [1771004815.307719398] [icp_odometry]: Odom: ratio=0.494550, std dev=0.024974m|0.007897rad, update time=0.051875s delay=0.166599s
[INFO] [1771004815.411119340] [icp_odometry]: Odom: ratio=0.498123, std dev=0.024977m|0.007899rad, update time=0.053204s delay=0.170044s
[INFO] [1771004815.513205829] [icp_odometry]: Odom: ratio=0.497979, std dev=0.024628m|0.007788rad, update time=0.054773s delay=0.172180s
[INFO] [1771004815.609443921] [icp_odometry]: Odom: ratio=0.481767, std dev=0.024570m|0.007770rad, update time=0.052961s delay=0.168208s
[INFO] [1771004815.711938329] [icp_odometry]: Odom: ratio=0.506688, std dev=0.024326m|0.007693rad, update time=0.052222s delay=0.170897s
[INFO] [1771004815.809166151] [icp_odometry]: Odom: ratio=0.486257, std dev=0.024879m|0.007867rad, update time=0.053525s delay=0.168176s
[INFO] [1771004815.911847957] [icp_odometry]: Odom: ratio=0.503997, std dev=0.024806m|0.007844rad, update time=0.056964s delay=0.170668s
[INFO] [1771004816.002184466] [icp_odometry]: Odom: ratio=0.488771, std dev=0.024491m|0.007745rad, update time=0.048829s delay=0.161093s
[INFO] [1771004816.107268084] [icp_odometry]: Odom: ratio=0.505267, std dev=0.024636m|0.007791rad, update time=0.047807s delay=0.165976s
[INFO] [1771004816.213126417] [icp_odometry]: Odom: ratio=0.504242, std dev=0.024699m|0.007811rad, update time=0.057716s delay=0.171913s
[INFO] [1771004816.312165599] [icp_odometry]: Odom: ratio=0.502229, std dev=0.025006m|0.007907rad, update time=0.054165s delay=0.171069s
[INFO] [1771004816.404419392] [icp_odometry]: Odom: ratio=0.501622, std dev=0.024729m|0.007820rad, update time=0.048836s delay=0.163380s
[INFO] [1771004816.513180611] [icp_odometry]: Odom: ratio=0.491112, std dev=0.025304m|0.008002rad, update time=0.055199s delay=0.172119s
[INFO] [1771004816.607633776] [icp_odometry]: Odom: ratio=0.483192, std dev=0.024030m|0.007599rad, update time=0.052923s delay=0.166449s
[INFO] [1771004816.705658139] [icp_odometry]: Odom: ratio=0.491243, std dev=0.024841m|0.007855rad, update time=0.051815s delay=0.164504s
[INFO] [1771004816.805466244] [icp_odometry]: Odom: ratio=0.491618, std dev=0.024179m|0.007646rad, update time=0.050738s delay=0.164352s
[INFO] [1771004816.914319658] [icp_odometry]: Odom: ratio=0.485597, std dev=0.025014m|0.007910rad, update time=0.058208s delay=0.173246s
[INFO] [1771004817.003091024] [icp_odometry]: Odom: ratio=0.492731, std dev=0.024700m|0.007811rad, update time=0.049702s delay=0.161981s
[INFO] [1771004817.106266031] [icp_odometry]: Odom: ratio=0.493284, std dev=0.024953m|0.007891rad, update time=0.052015s delay=0.165138s
[INFO] [1771004817.214819755] [icp_odometry]: Odom: ratio=0.504195, std dev=0.024465m|0.007737rad, update time=0.056643s delay=0.173703s
[INFO] [1771004817.306812450] [icp_odometry]: Odom: ratio=0.498339, std dev=0.025427m|0.008041rad, update time=0.052508s delay=0.165729s
[INFO] [1771004817.413717604] [icp_odometry]: Odom: ratio=0.497071, std dev=0.024162m|0.007641rad, update time=0.054549s delay=0.172710s
[INFO] [1771004817.513771605] [icp_odometry]: Odom: ratio=0.489443, std dev=0.025063m|0.007926rad, update time=0.054411s delay=0.172672s
[INFO] [1771004817.616497765] [icp_odometry]: Odom: ratio=0.491873, std dev=0.024531m|0.007757rad, update time=0.053702s delay=0.175256s
[INFO] [1771004817.702540459] [icp_odometry]: Odom: ratio=0.487805, std dev=0.024569m|0.007769rad, update time=0.049656s delay=0.161427s
[INFO] [1771004817.808227939] [icp_odometry]: Odom: ratio=0.482452, std dev=0.024491m|0.007745rad, update time=0.049532s delay=0.167205s
[INFO] [1771004817.908244435] [icp_odometry]: Odom: ratio=0.489575, std dev=0.024049m|0.007605rad, update time=0.052626s delay=0.167098s
[INFO] [1771004818.019517902] [icp_odometry]: Odom: ratio=0.473885, std dev=0.024490m|0.007744rad, update time=0.058402s delay=0.178403s
[INFO] [1771004818.102674735] [icp_odometry]: Odom: ratio=0.468595, std dev=0.024483m|0.007742rad, update time=0.051078s delay=0.161517s
[INFO] [1771004818.213143598] [icp_odometry]: Odom: ratio=0.480568, std dev=0.025097m|0.007936rad, update time=0.054456s delay=0.171983s
[INFO] [1771004818.306123464] [icp_odometry]: Odom: ratio=0.477072, std dev=0.025638m|0.008107rad, update time=0.051626s delay=0.164960s
[INFO] [1771004818.407423205] [icp_odometry]: Odom: ratio=0.486364, std dev=0.025218m|0.007975rad, update time=0.051749s delay=0.166290s
[INFO] [1771004818.506726909] [icp_odometry]: Odom: ratio=0.486343, std dev=0.025613m|0.008100rad, update time=0.048109s delay=0.165674s
[INFO] [1771004818.609813625] [icp_odometry]: Odom: ratio=0.507667, std dev=0.024108m|0.007624rad, update time=0.054796s delay=0.168724s
[INFO] [1771004818.714114431] [icp_odometry]: Odom: ratio=0.500824, std dev=0.025218m|0.007974rad, update time=0.057555s delay=0.172964s
[INFO] [1771004818.811426353] [icp_odometry]: Odom: ratio=0.491110, std dev=0.024523m|0.007755rad, update time=0.056907s delay=0.170157s
[INFO] [1771004818.920185619] [icp_odometry]: Odom: ratio=0.489638, std dev=0.024754m|0.007828rad, update time=0.060870s delay=0.178940s
[INFO] [1771004819.014730628] [icp_odometry]: Odom: ratio=0.495157, std dev=0.024628m|0.007788rad, update time=0.060287s delay=0.173582s
[INFO] [1771004819.109976813] [icp_odometry]: Odom: ratio=0.498863, std dev=0.024100m|0.007621rad, update time=0.056343s delay=0.168738s
[INFO] [1771004819.205286361] [icp_odometry]: Odom: ratio=0.502469, std dev=0.024031m|0.007599rad, update time=0.051254s delay=0.164196s
[INFO] [1771004819.312112120] [icp_odometry]: Odom: ratio=0.492526, std dev=0.023446m|0.007414rad, update time=0.054520s delay=0.170998s
[INFO] [1771004819.407469061] [icp_odometry]: Odom: ratio=0.502829, std dev=0.023686m|0.007490rad, update time=0.054299s delay=0.166406s
[INFO] [1771004819.518591482] [icp_odometry]: Odom: ratio=0.521643, std dev=0.023698m|0.007494rad, update time=0.061153s delay=0.177438s
[INFO] [1771004819.609196577] [icp_odometry]: Odom: ratio=0.491827, std dev=0.023491m|0.007428rad, update time=0.055275s delay=0.168069s
[INFO] [1771004819.717398480] [icp_odometry]: Odom: ratio=0.496959, std dev=0.023619m|0.007469rad, update time=0.054490s delay=0.176368s
[INFO] [1771004819.810274982] [icp_odometry]: Odom: ratio=0.504656, std dev=0.023515m|0.007436rad, update time=0.056728s delay=0.169093s
[INFO] [1771004819.908125195] [icp_odometry]: Odom: ratio=0.501566, std dev=0.023232m|0.007347rad, update time=0.052345s delay=0.167067s
[INFO] [1771004820.011663319] [icp_odometry]: Odom: ratio=0.490754, std dev=0.023145m|0.007319rad, update time=0.054561s delay=0.170435s
[INFO] [1771004820.120474331] [icp_odometry]: Odom: ratio=0.513343, std dev=0.023991m|0.007587rad, update time=0.064464s delay=0.179379s
[INFO] [1771004820.209074844] [icp_odometry]: Odom: ratio=0.496157, std dev=0.022936m|0.007253rad, update time=0.051886s delay=0.167962s
[INFO] [1771004820.315436202] [icp_odometry]: Odom: ratio=0.495428, std dev=0.022728m|0.007187rad, update time=0.056650s delay=0.174398s
[INFO] [1771004820.411736089] [icp_odometry]: Odom: ratio=0.506372, std dev=0.023342m|0.007382rad, update time=0.057396s delay=0.170573s
[INFO] [1771004820.516406828] [icp_odometry]: Odom: ratio=0.515270, std dev=0.023177m|0.007329rad, update time=0.056942s delay=0.175366s
[INFO] [1771004820.620128094] [icp_odometry]: Odom: ratio=0.516550, std dev=0.023097m|0.007304rad, update time=0.059740s delay=0.179058s
[INFO] [1771004820.726843513] [icp_odometry]: Odom: ratio=0.515904, std dev=0.022813m|0.007214rad, update time=0.064454s delay=0.185665s
[INFO] [1771004820.815647201] [icp_odometry]: Odom: ratio=0.512507, std dev=0.022582m|0.007141rad, update time=0.060212s delay=0.174569s
[INFO] [1771004820.919855908] [icp_odometry]: Odom: ratio=0.503460, std dev=0.022933m|0.007252rad, update time=0.061518s delay=0.178794s
[INFO] [1771004821.020245058] [icp_odometry]: Odom: ratio=0.505260, std dev=0.022499m|0.007115rad, update time=0.063935s delay=0.179112s
[INFO] [1771004821.119216109] [icp_odometry]: Odom: ratio=0.506457, std dev=0.022834m|0.007221rad, update time=0.062284s delay=0.178088s
[INFO] [1771004821.224990727] [icp_odometry]: Odom: ratio=0.501969, std dev=0.022805m|0.007212rad, update time=0.065017s delay=0.183804s
[INFO] [1771004821.318471219] [icp_odometry]: Odom: ratio=0.505640, std dev=0.022613m|0.007151rad, update time=0.060613s delay=0.177222s
[INFO] [1771004821.431980668] [icp_odometry]: Odom: ratio=0.504135, std dev=0.022866m|0.007231rad, update time=0.071816s delay=0.190843s
[INFO] [1771004821.525418182] [icp_odometry]: Odom: ratio=0.504626, std dev=0.023249m|0.007352rad, update time=0.068964s delay=0.184175s
[INFO] [1771004821.624414578] [icp_odometry]: Odom: ratio=0.504228, std dev=0.022831m|0.007220rad, update time=0.063932s delay=0.183196s
[INFO] [1771004821.716040381] [icp_odometry]: Odom: ratio=0.517448, std dev=0.022359m|0.007071rad, update time=0.056567s delay=0.174895s
[INFO] [1771004821.821884249] [icp_odometry]: Odom: ratio=0.496448, std dev=0.022380m|0.007077rad, update time=0.062908s delay=0.180639s
[INFO] [1771004821.917007038] [icp_odometry]: Odom: ratio=0.511931, std dev=0.023041m|0.007286rad, update time=0.059782s delay=0.175839s
[INFO] [1771004822.026494203] [icp_odometry]: Odom: ratio=0.498481, std dev=0.023185m|0.007332rad, update time=0.066668s delay=0.185421s
[INFO] [1771004822.117472142] [icp_odometry]: Odom: ratio=0.499343, std dev=0.023239m|0.007349rad, update time=0.060687s delay=0.176395s
[INFO] [1771004822.228481920] [icp_odometry]: Odom: ratio=0.506458, std dev=0.023152m|0.007321rad, update time=0.069149s delay=0.187248s
[INFO] [1771004822.327361224] [icp_odometry]: Odom: ratio=0.497045, std dev=0.022926m|0.007250rad, update time=0.070103s delay=0.186310s
[INFO] [1771004822.416013387] [icp_odometry]: Odom: ratio=0.503867, std dev=0.022974m|0.007265rad, update time=0.061392s delay=0.174748s
[INFO] [1771004822.520151307] [icp_odometry]: Odom: ratio=0.497009, std dev=0.022655m|0.007164rad, update time=0.060439s delay=0.179090s
[INFO] [1771004822.617751239] [icp_odometry]: Odom: ratio=0.504852, std dev=0.023042m|0.007287rad, update time=0.056640s delay=0.176686s
[INFO] [1771004822.720116074] [icp_odometry]: Odom: ratio=0.495570, std dev=0.023203m|0.007337rad, update time=0.060535s delay=0.178961s
[INFO] [1771004822.824891585] [icp_odometry]: Odom: ratio=0.486253, std dev=0.023203m|0.007337rad, update time=0.066550s delay=0.183750s
[INFO] [1771004822.923203734] [icp_odometry]: Odom: ratio=0.495146, std dev=0.022584m|0.007142rad, update time=0.063156s delay=0.182088s
[INFO] [1771004823.032243778] [icp_odometry]: Odom: ratio=0.490155, std dev=0.023427m|0.007408rad, update time=0.067423s delay=0.191185s
[INFO] [1771004823.123777225] [icp_odometry]: Odom: ratio=0.489597, std dev=0.023168m|0.007326rad, update time=0.065781s delay=0.182602s
[INFO] [1771004823.227216786] [icp_odometry]: Odom: ratio=0.505952, std dev=0.023663m|0.007483rad, update time=0.068047s delay=0.186080s
[INFO] [1771004823.325974518] [icp_odometry]: Odom: ratio=0.495287, std dev=0.022688m|0.007174rad, update time=0.064313s delay=0.184865s
[INFO] [1771004823.421087194] [icp_odometry]: Odom: ratio=0.503904, std dev=0.023592m|0.007460rad, update time=0.065080s delay=0.179904s
[INFO] [1771004823.525045621] [icp_odometry]: Odom: ratio=0.499081, std dev=0.022557m|0.007133rad, update time=0.059400s delay=0.183951s
[INFO] [1771004823.612741238] [icp_odometry]: Odom: ratio=0.510577, std dev=0.023091m|0.007302rad, update time=0.056794s delay=0.171614s
[INFO] [1771004823.731800737] [icp_odometry]: Odom: ratio=0.504777, std dev=0.022779m|0.007203rad, update time=0.067738s delay=0.190510s
[INFO] [1771004823.818162163] [icp_odometry]: Odom: ratio=0.501281, std dev=0.022858m|0.007228rad, update time=0.058140s delay=0.177121s
[INFO] [1771004823.911839621] [icp_odometry]: Odom: ratio=0.505215, std dev=0.022809m|0.007213rad, update time=0.057818s delay=0.170772s
[INFO] [1771004824.026490903] [icp_odometry]: Odom: ratio=0.494247, std dev=0.022286m|0.007047rad, update time=0.067331s delay=0.185448s
[INFO] [1771004824.124278809] [icp_odometry]: Odom: ratio=0.507089, std dev=0.022479m|0.007108rad, update time=0.061701s delay=0.183028s
[INFO] [1771004824.224665046] [icp_odometry]: Odom: ratio=0.504639, std dev=0.022947m|0.007256rad, update time=0.065603s delay=0.183484s
[INFO] [1771004824.330960131] [icp_odometry]: Odom: ratio=0.514250, std dev=0.022749m|0.007194rad, update time=0.070791s delay=0.189696s
[INFO] [1771004824.433226434] [icp_odometry]: Odom: ratio=0.503614, std dev=0.022556m|0.007133rad, update time=0.066804s delay=0.192120s
[INFO] [1771004824.526302975] [icp_odometry]: Odom: ratio=0.510993, std dev=0.023041m|0.007286rad, update time=0.067885s delay=0.185170s
[INFO] [1771004824.618049358] [icp_odometry]: Odom: ratio=0.486122, std dev=0.022672m|0.007170rad, update time=0.060795s delay=0.176749s
[INFO] [1771004824.724475999] [icp_odometry]: Odom: ratio=0.499012, std dev=0.022453m|0.007100rad, update time=0.067420s delay=0.183544s
[INFO] [1771004824.816690046] [icp_odometry]: Odom: ratio=0.483024, std dev=0.022316m|0.007057rad, update time=0.060907s delay=0.175599s
[INFO] [1771004824.924801418] [icp_odometry]: Odom: ratio=0.487410, std dev=0.022472m|0.007106rad, update time=0.065260s delay=0.183685s
[INFO] [1771004825.022637646] [icp_odometry]: Odom: ratio=0.491360, std dev=0.022523m|0.007122rad, update time=0.065339s delay=0.181499s
[INFO] [1771004825.124402107] [icp_odometry]: Odom: ratio=0.480429, std dev=0.022441m|0.007097rad, update time=0.065537s delay=0.183313s
[INFO] [1771004825.231581223] [icp_odometry]: Odom: ratio=0.487282, std dev=0.022797m|0.007209rad, update time=0.067439s delay=0.190440s
[INFO] [1771004825.324504383] [icp_odometry]: Odom: ratio=0.484663, std dev=0.022189m|0.007017rad, update time=0.065689s delay=0.183303s
[INFO] [1771004825.424341289] [icp_odometry]: Odom: ratio=0.474356, std dev=0.022469m|0.007105rad, update time=0.066595s delay=0.183265s
[INFO] [1771004825.525826445] [icp_odometry]: Odom: ratio=0.484390, std dev=0.022586m|0.007142rad, update time=0.070571s delay=0.184699s
[INFO] [1771004825.626459763] [icp_odometry]: Odom: ratio=0.472777, std dev=0.022542m|0.007128rad, update time=0.064507s delay=0.184548s
[INFO] [1771004825.722728576] [icp_odometry]: Odom: ratio=0.480278, std dev=0.022628m|0.007156rad, update time=0.064918s delay=0.181610s
[INFO] [1771004825.824008860] [icp_odometry]: Odom: ratio=0.495351, std dev=0.022806m|0.007212rad, update time=0.066719s delay=0.182809s
[INFO] [1771004825.931236585] [icp_odometry]: Odom: ratio=0.483461, std dev=0.022362m|0.007072rad, update time=0.072075s delay=0.190252s
[INFO] [1771004826.021390976] [icp_odometry]: Odom: ratio=0.494353, std dev=0.022629m|0.007156rad, update time=0.065171s delay=0.180147s
[INFO] [1771004826.119724054] [icp_odometry]: Odom: ratio=0.485707, std dev=0.022180m|0.007014rad, update time=0.063197s delay=0.178459s
[INFO] [1771004826.221888785] [icp_odometry]: Odom: ratio=0.499455, std dev=0.022000m|0.006957rad, update time=0.065733s delay=0.180688s
[INFO] [1771004826.324266900] [icp_odometry]: Odom: ratio=0.488481, std dev=0.021406m|0.006769rad, update time=0.065471s delay=0.183048s
[INFO] [1771004826.426042914] [icp_odometry]: Odom: ratio=0.491116, std dev=0.021153m|0.006689rad, update time=0.066819s delay=0.184890s
[INFO] [1771004826.517102457] [icp_odometry]: Odom: ratio=0.497117, std dev=0.022038m|0.006969rad, update time=0.059918s delay=0.175838s
[INFO] [1771004826.614485645] [icp_odometry]: Odom: ratio=0.500870, std dev=0.021552m|0.006815rad, update time=0.059275s delay=0.173304s
[INFO] [1771004826.718424231] [icp_odometry]: Odom: ratio=0.504337, std dev=0.021668m|0.006852rad, update time=0.059387s delay=0.177286s
[INFO] [1771004826.826214984] [icp_odometry]: Odom: ratio=0.492006, std dev=0.021044m|0.006655rad, update time=0.065719s delay=0.184947s
[INFO] [1771004826.921880800] [icp_odometry]: Odom: ratio=0.502569, std dev=0.021434m|0.006778rad, update time=0.065337s delay=0.180626s
[INFO] [1771004827.022581704] [icp_odometry]: Odom: ratio=0.495639, std dev=0.021525m|0.006807rad, update time=0.064357s delay=0.181278s
[INFO] [1771004827.125697861] [icp_odometry]: Odom: ratio=0.488282, std dev=0.021387m|0.006763rad, update time=0.063460s delay=0.184405s
[INFO] [1771004827.209133872] [icp_odometry]: Odom: ratio=0.490915, std dev=0.021452m|0.006784rad, update time=0.053675s delay=0.167868s
[INFO] [1771004827.322437906] [icp_odometry]: Odom: ratio=0.497229, std dev=0.021783m|0.006889rad, update time=0.065800s delay=0.181329s
[INFO] [1771004827.426264872] [icp_odometry]: Odom: ratio=0.487496, std dev=0.021443m|0.006781rad, update time=0.067103s delay=0.185035s
[INFO] [1771004827.529175966] [icp_odometry]: Odom: ratio=0.500467, std dev=0.021560m|0.006818rad, update time=0.071401s delay=0.187909s
[INFO] [1771004827.619529596] [icp_odometry]: Odom: ratio=0.499850, std dev=0.021306m|0.006738rad, update time=0.065508s delay=0.178425s
[INFO] [1771004827.721080610] [icp_odometry]: Odom: ratio=0.494161, std dev=0.021235m|0.006715rad, update time=0.062803s delay=0.180082s
[INFO] [1771004827.825515117] [icp_odometry]: Odom: ratio=0.487559, std dev=0.021339m|0.006748rad, update time=0.067943s delay=0.184354s
[INFO] [1771004827.922718555] [icp_odometry]: Odom: ratio=0.486429, std dev=0.021298m|0.006735rad, update time=0.064497s delay=0.181571s
[INFO] [1771004828.019426007] [icp_odometry]: Odom: ratio=0.485307, std dev=0.022171m|0.007011rad, update time=0.064211s delay=0.178163s
[INFO] [1771004828.129515753] [icp_odometry]: Odom: ratio=0.482273, std dev=0.022309m|0.007055rad, update time=0.070525s delay=0.188370s
[INFO] [1771004828.221486111] [icp_odometry]: Odom: ratio=0.468431, std dev=0.022140m|0.007001rad, update time=0.064708s delay=0.180192s
[INFO] [1771004828.319378885] [icp_odometry]: Odom: ratio=0.480000, std dev=0.022605m|0.007148rad, update time=0.060052s delay=0.178110s
[INFO] [1771004828.423270045] [icp_odometry]: Odom: ratio=0.468821, std dev=0.022016m|0.006962rad, update time=0.064991s delay=0.182024s
[INFO] [1771004828.526027118] [icp_odometry]: Odom: ratio=0.491268, std dev=0.022425m|0.007091rad, update time=0.069145s delay=0.184828s
[INFO] [1771004828.615667475] [icp_odometry]: Odom: ratio=0.482982, std dev=0.022447m|0.007098rad, update time=0.059528s delay=0.174374s
[INFO] [1771004828.714521882] [icp_odometry]: Odom: ratio=0.475442, std dev=0.022446m|0.007098rad, update time=0.055354s delay=0.173349s
[INFO] [1771004828.818220556] [icp_odometry]: Odom: ratio=0.478078, std dev=0.022926m|0.007250rad, update time=0.060138s delay=0.177028s
[INFO] [1771004828.918185466] [icp_odometry]: Odom: ratio=0.488681, std dev=0.023233m|0.007347rad, update time=0.061654s delay=0.177061s
[INFO] [1771004829.022667975] [icp_odometry]: Odom: ratio=0.470195, std dev=0.022419m|0.007089rad, update time=0.064537s delay=0.181425s
[INFO] [1771004829.117569380] [icp_odometry]: Odom: ratio=0.470541, std dev=0.021642m|0.006844rad, update time=0.061371s delay=0.176204s
[INFO] [1771004829.221566048] [icp_odometry]: Odom: ratio=0.480590, std dev=0.022145m|0.007003rad, update time=0.059679s delay=0.180454s
[INFO] [1771004829.322635509] [icp_odometry]: Odom: ratio=0.478073, std dev=0.022730m|0.007188rad, update time=0.061072s delay=0.181453s
[INFO] [1771004829.430153357] [icp_odometry]: Odom: ratio=0.474862, std dev=0.022182m|0.007015rad, update time=0.065101s delay=0.188886s
[INFO] [1771004829.535478359] [icp_odometry]: Odom: ratio=0.479957, std dev=0.022162m|0.007008rad, update time=0.072452s delay=0.194209s
[INFO] [1771004829.625526698] [icp_odometry]: Odom: ratio=0.474277, std dev=0.022649m|0.007162rad, update time=0.067509s delay=0.184259s
[INFO] [1771004829.719444421] [icp_odometry]: Odom: ratio=0.475454, std dev=0.022828m|0.007219rad, update time=0.065040s delay=0.178219s
[INFO] [1771004829.822570114] [icp_odometry]: Odom: ratio=0.479937, std dev=0.022954m|0.007259rad, update time=0.062337s delay=0.181381s
[INFO] [1771004829.938965808] [icp_odometry]: Odom: ratio=0.479438, std dev=0.022548m|0.007130rad, update time=0.075679s delay=0.197838s
[INFO] [1771004830.022468382] [icp_odometry]: Odom: ratio=0.474960, std dev=0.022849m|0.007225rad, update time=0.065622s delay=0.181249s
[INFO] [1771004830.118059284] [icp_odometry]: Odom: ratio=0.475389, std dev=0.023035m|0.007284rad, update time=0.061226s delay=0.176980s
[INFO] [1771004830.232718149] [icp_odometry]: Odom: ratio=0.477978, std dev=0.022685m|0.007174rad, update time=0.072465s delay=0.191389s
[INFO] [1771004830.326422296] [icp_odometry]: Odom: ratio=0.478909, std dev=0.022520m|0.007121rad, update time=0.068424s delay=0.185189s
[INFO] [1771004830.429329550] [icp_odometry]: Odom: ratio=0.464621, std dev=0.022691m|0.007176rad, update time=0.071059s delay=0.188103s
[INFO] [1771004830.523842909] [icp_odometry]: Odom: ratio=0.475604, std dev=0.022403m|0.007085rad, update time=0.066664s delay=0.182578s
[INFO] [1771004830.626442248] [icp_odometry]: Odom: ratio=0.476106, std dev=0.023205m|0.007338rad, update time=0.068076s delay=0.185211s
[INFO] [1771004830.719658826] [icp_odometry]: Odom: ratio=0.472750, std dev=0.022798m|0.007209rad, update time=0.061491s delay=0.178444s
[INFO] [1771004830.812641860] [icp_odometry]: Odom: ratio=0.463462, std dev=0.022627m|0.007155rad, update time=0.055190s delay=0.171349s
[INFO] [1771004830.924501332] [icp_odometry]: Odom: ratio=0.477726, std dev=0.023778m|0.007519rad, update time=0.066982s delay=0.183174s
[INFO] [1771004831.027728757] [icp_odometry]: Odom: ratio=0.461197, std dev=0.022596m|0.007146rad, update time=0.066564s delay=0.186528s
[INFO] [1771004831.128516704] [icp_odometry]: Odom: ratio=0.473492, std dev=0.022834m|0.007221rad, update time=0.068975s delay=0.187364s
[INFO] [1771004831.225715150] [icp_odometry]: Odom: ratio=0.464008, std dev=0.023056m|0.007291rad, update time=0.064612s delay=0.184514s
[INFO] [1771004831.324910593] [icp_odometry]: Odom: ratio=0.463864, std dev=0.022945m|0.007256rad, update time=0.065947s delay=0.183660s
[INFO] [1771004831.431019207] [icp_odometry]: Odom: ratio=0.461059, std dev=0.023169m|0.007327rad, update time=0.068592s delay=0.189851s
[INFO] [1771004831.521752338] [icp_odometry]: Odom: ratio=0.465094, std dev=0.023665m|0.007483rad, update time=0.062729s delay=0.180641s
[INFO] [1771004831.630100071] [icp_odometry]: Odom: ratio=0.470197, std dev=0.022842m|0.007223rad, update time=0.069017s delay=0.188895s
[INFO] [1771004831.722682099] [icp_odometry]: Odom: ratio=0.468391, std dev=0.023163m|0.007325rad, update time=0.063638s delay=0.181495s
[INFO] [1771004831.837657615] [icp_odometry]: Odom: ratio=0.458515, std dev=0.022672m|0.007170rad, update time=0.077058s delay=0.196343s
[INFO] [1771004831.919919249] [icp_odometry]: Odom: ratio=0.471177, std dev=0.022837m|0.007222rad, update time=0.059624s delay=0.178733s
[INFO] [1771004832.026231166] [icp_odometry]: Odom: ratio=0.474917, std dev=0.022886m|0.007237rad, update time=0.066161s delay=0.185032s
[INFO] [1771004832.126826883] [icp_odometry]: Odom: ratio=0.465418, std dev=0.023070m|0.007295rad, update time=0.065953s delay=0.185516s
[INFO] [1771004832.222683074] [icp_odometry]: Odom: ratio=0.453260, std dev=0.023014m|0.007278rad, update time=0.064285s delay=0.181622s
[INFO] [1771004832.319762923] [icp_odometry]: Odom: ratio=0.468075, std dev=0.022974m|0.007265rad, update time=0.061573s delay=0.178457s
[INFO] [1771004832.423642115] [icp_odometry]: Odom: ratio=0.465565, std dev=0.022511m|0.007119rad, update time=0.066530s delay=0.182268s
[INFO] [1771004832.524133124] [icp_odometry]: Odom: ratio=0.462881, std dev=0.023034m|0.007284rad, update time=0.064702s delay=0.182952s
[INFO] [1771004832.627907928] [icp_odometry]: Odom: ratio=0.475684, std dev=0.022057m|0.006975rad, update time=0.068217s delay=0.186618s
[INFO] [1771004832.724421902] [icp_odometry]: Odom: ratio=0.480039, std dev=0.022698m|0.007178rad, update time=0.064997s delay=0.183112s
[INFO] [1771004832.824406813] [icp_odometry]: Odom: ratio=0.474714, std dev=0.022240m|0.007033rad, update time=0.065092s delay=0.183176s
[INFO] [1771004832.928119695] [icp_odometry]: Odom: ratio=0.463845, std dev=0.022593m|0.007144rad, update time=0.066930s delay=0.186808s
[INFO] [1771004833.024171028] [icp_odometry]: Odom: ratio=0.472182, std dev=0.022347m|0.007067rad, update time=0.064731s delay=0.182889s
[INFO] [1771004833.128563454] [icp_odometry]: Odom: ratio=0.461263, std dev=0.022373m|0.007075rad, update time=0.070014s delay=0.187363s
[INFO] [1771004833.223788902] [icp_odometry]: Odom: ratio=0.469070, std dev=0.022613m|0.007151rad, update time=0.065389s delay=0.182581s
[INFO] [1771004833.331544998] [icp_odometry]: Odom: ratio=0.462458, std dev=0.022798m|0.007209rad, update time=0.067350s delay=0.190332s
[INFO] [1771004833.428833303] [icp_odometry]: Odom: ratio=0.463443, std dev=0.023121m|0.007311rad, update time=0.069093s delay=0.187607s
[INFO] [1771004833.524801113] [icp_odometry]: Odom: ratio=0.460744, std dev=0.022530m|0.007125rad, update time=0.065339s delay=0.183596s
[INFO] [1771004833.616435812] [icp_odometry]: Odom: ratio=0.457599, std dev=0.022946m|0.007256rad, update time=0.057695s delay=0.175107s
[INFO] [1771004833.724287303] [icp_odometry]: Odom: ratio=0.466906, std dev=0.022573m|0.007138rad, update time=0.068707s delay=0.183120s
[INFO] [1771004833.825641734] [icp_odometry]: Odom: ratio=0.456568, std dev=0.023051m|0.007289rad, update time=0.069571s delay=0.184417s
[INFO] [1771004833.934807319] [icp_odometry]: Odom: ratio=0.445983, std dev=0.023276m|0.007361rad, update time=0.074131s delay=0.193575s
[INFO] [1771004834.032080295] [icp_odometry]: Odom: ratio=0.459117, std dev=0.022855m|0.007227rad, update time=0.069319s delay=0.190790s
[INFO] [1771004834.124450988] [icp_odometry]: Odom: ratio=0.441456, std dev=0.023083m|0.007300rad, update time=0.065049s delay=0.183139s
[INFO] [1771004834.221852705] [icp_odometry]: Odom: ratio=0.450537, std dev=0.023305m|0.007370rad, update time=0.060826s delay=0.180382s
[INFO] [1771004834.322196093] [icp_odometry]: Odom: ratio=0.447960, std dev=0.022903m|0.007242rad, update time=0.065028s delay=0.180859s
[INFO] [1771004834.421643897] [icp_odometry]: Odom: ratio=0.443187, std dev=0.023301m|0.007368rad, update time=0.058535s delay=0.180462s
[INFO] [1771004834.534434825] [icp_odometry]: Odom: ratio=0.437301, std dev=0.022609m|0.007150rad, update time=0.073089s delay=0.193067s
[INFO] [1771004834.624952461] [icp_odometry]: Odom: ratio=0.439394, std dev=0.022818m|0.007216rad, update time=0.067834s delay=0.183682s
[INFO] [1771004834.724371432] [icp_odometry]: Odom: ratio=0.433762, std dev=0.022872m|0.007233rad, update time=0.063955s delay=0.183928s
[INFO] [1771004834.823579100] [icp_odometry]: Odom: ratio=0.433166, std dev=0.022976m|0.007266rad, update time=0.063785s delay=0.182305s
[INFO] [1771004834.926072579] [icp_odometry]: Odom: ratio=0.437458, std dev=0.022562m|0.007135rad, update time=0.069522s delay=0.184810s
[INFO] [1771004835.010255721] [icp_odometry]: Odom: ratio=0.440484, std dev=0.022934m|0.007252rad, update time=0.055538s delay=0.169101s
[INFO] [1771004835.119988750] [icp_odometry]: Odom: ratio=0.435822, std dev=0.022650m|0.007163rad, update time=0.059746s delay=0.178695s
[INFO] [1771004835.224440089] [icp_odometry]: Odom: ratio=0.442158, std dev=0.022782m|0.007204rad, update time=0.064472s delay=0.183231s
[INFO] [1771004835.324790230] [icp_odometry]: Odom: ratio=0.442365, std dev=0.022125m|0.006996rad, update time=0.066482s delay=0.183535s
[INFO] [1771004835.436372027] [icp_odometry]: Odom: ratio=0.438604, std dev=0.022915m|0.007246rad, update time=0.071224s delay=0.195104s
[INFO] [1771004835.534800436] [icp_odometry]: Odom: ratio=0.439526, std dev=0.022462m|0.007103rad, update time=0.068584s delay=0.193608s
[INFO] [1771004835.634614621] [icp_odometry]: Odom: ratio=0.435754, std dev=0.022261m|0.007040rad, update time=0.073048s delay=0.193351s
[INFO] [1771004835.727372783] [icp_odometry]: Odom: ratio=0.439428, std dev=0.022213m|0.007024rad, update time=0.069516s delay=0.186107s
[INFO] [1771004835.826489952] [icp_odometry]: Odom: ratio=0.438325, std dev=0.022577m|0.007139rad, update time=0.067666s delay=0.185247s
[INFO] [1771004835.928189131] [icp_odometry]: Odom: ratio=0.451011, std dev=0.022197m|0.007019rad, update time=0.068471s delay=0.186991s
[INFO] [1771004836.029673327] [icp_odometry]: Odom: ratio=0.439179, std dev=0.021841m|0.006907rad, update time=0.073671s delay=0.188396s
[INFO] [1771004836.134772242] [icp_odometry]: Odom: ratio=0.440931, std dev=0.022961m|0.007261rad, update time=0.074586s delay=0.193503s
[INFO] [1771004836.224964554] [icp_odometry]: Odom: ratio=0.432506, std dev=0.022009m|0.006960rad, update time=0.065256s delay=0.183727s
[INFO] [1771004836.322649801] [icp_odometry]: Odom: ratio=0.434872, std dev=0.022805m|0.007211rad, update time=0.060740s delay=0.181189s
[INFO] [1771004836.425443898] [icp_odometry]: Odom: ratio=0.438516, std dev=0.021808m|0.006896rad, update time=0.068235s delay=0.184174s
[INFO] [1771004836.532717993] [icp_odometry]: Odom: ratio=0.438481, std dev=0.022641m|0.007160rad, update time=0.067562s delay=0.191503s
[INFO] [1771004836.628183482] [icp_odometry]: Odom: ratio=0.450436, std dev=0.021421m|0.006774rad, update time=0.069914s delay=0.187019s
[INFO] [1771004836.730344245] [icp_odometry]: Odom: ratio=0.438467, std dev=0.022454m|0.007101rad, update time=0.064463s delay=0.189014s
[INFO] [1771004836.820868793] [icp_odometry]: Odom: ratio=0.444832, std dev=0.022362m|0.007072rad, update time=0.060938s delay=0.179504s
[INFO] [1771004836.924431142] [icp_odometry]: Odom: ratio=0.441224, std dev=0.022679m|0.007172rad, update time=0.067660s delay=0.183069s
[INFO] [1771004837.019416070] [icp_odometry]: Odom: ratio=0.447626, std dev=0.022311m|0.007055rad, update time=0.064022s delay=0.178148s
[INFO] [1771004837.123872434] [icp_odometry]: Odom: ratio=0.431914, std dev=0.022224m|0.007028rad, update time=0.063343s delay=0.182561s
[INFO] [1771004837.228661610] [icp_odometry]: Odom: ratio=0.435403, std dev=0.022440m|0.007096rad, update time=0.067944s delay=0.187327s
[INFO] [1771004837.327470032] [icp_odometry]: Odom: ratio=0.432715, std dev=0.022611m|0.007150rad, update time=0.064659s delay=0.186090s
[INFO] [1771004837.427510561] [icp_odometry]: Odom: ratio=0.422086, std dev=0.022263m|0.007040rad, update time=0.067737s delay=0.186333s
[INFO] [1771004837.520888297] [icp_odometry]: Odom: ratio=0.429321, std dev=0.021950m|0.006941rad, update time=0.065235s delay=0.179546s
[INFO] [1771004837.626690276] [icp_odometry]: Odom: ratio=0.423491, std dev=0.021862m|0.006913rad, update time=0.068521s delay=0.185436s
[INFO] [1771004837.725396486] [icp_odometry]: Odom: ratio=0.426898, std dev=0.021975m|0.006949rad, update time=0.064302s delay=0.184160s
[INFO] [1771004837.826102479] [icp_odometry]: Odom: ratio=0.432099, std dev=0.022428m|0.007093rad, update time=0.066750s delay=0.184788s
[INFO] [1771004837.925253249] [icp_odometry]: Odom: ratio=0.436694, std dev=0.021909m|0.006928rad, update time=0.067054s delay=0.183978s
[INFO] [1771004838.031887033] [icp_odometry]: Odom: ratio=0.433641, std dev=0.022215m|0.007025rad, update time=0.073084s delay=0.190653s
[INFO] [1771004838.116555536] [icp_odometry]: Odom: ratio=0.430316, std dev=0.021994m|0.006955rad, update time=0.059665s delay=0.175212s
[INFO] [1771004838.226474523] [icp_odometry]: Odom: ratio=0.424661, std dev=0.021799m|0.006893rad, update time=0.066471s delay=0.185135s
[INFO] [1771004838.321352247] [icp_odometry]: Odom: ratio=0.436819, std dev=0.022332m|0.007062rad, update time=0.057358s delay=0.180089s
[INFO] [1771004838.435724767] [icp_odometry]: Odom: ratio=0.432992, std dev=0.021844m|0.006908rad, update time=0.072545s delay=0.194297s
[INFO] [1771004838.520516218] [icp_odometry]: Odom: ratio=0.438778, std dev=0.022035m|0.006968rad, update time=0.060234s delay=0.179290s
[INFO] [1771004838.622564657] [icp_odometry]: Odom: ratio=0.428606, std dev=0.022427m|0.007092rad, update time=0.060614s delay=0.181250s
[INFO] [1771004838.727882267] [icp_odometry]: Odom: ratio=0.435468, std dev=0.021721m|0.006869rad, update time=0.066261s delay=0.186744s
[INFO] [1771004838.827650787] [icp_odometry]: Odom: ratio=0.427093, std dev=0.021837m|0.006905rad, update time=0.066320s delay=0.186327s
[INFO] [1771004838.926535308] [icp_odometry]: Odom: ratio=0.436040, std dev=0.021617m|0.006836rad, update time=0.068450s delay=0.185212s
[INFO] [1771004839.022399083] [icp_odometry]: Odom: ratio=0.428126, std dev=0.021965m|0.006946rad, update time=0.065266s delay=0.181267s
[INFO] [1771004839.117604627] [icp_odometry]: Odom: ratio=0.432400, std dev=0.021941m|0.006938rad, update time=0.061911s delay=0.176317s
[INFO] [1771004839.224789854] [icp_odometry]: Odom: ratio=0.435015, std dev=0.021752m|0.006879rad, update time=0.064077s delay=0.183524s
[INFO] [1771004839.334364797] [icp_odometry]: Odom: ratio=0.423921, std dev=0.022158m|0.007007rad, update time=0.072099s delay=0.193335s
[INFO] [1771004839.417746631] [icp_odometry]: Odom: ratio=0.422037, std dev=0.021980m|0.006951rad, update time=0.057893s delay=0.176494s
[INFO] [1771004839.524722763] [icp_odometry]: Odom: ratio=0.416431, std dev=0.021069m|0.006663rad, update time=0.064475s delay=0.183354s
[INFO] [1771004839.626665151] [icp_odometry]: Odom: ratio=0.421695, std dev=0.021805m|0.006895rad, update time=0.068850s delay=0.185337s
[INFO] [1771004839.726305954] [icp_odometry]: Odom: ratio=0.414111, std dev=0.022151m|0.007005rad, update time=0.064558s delay=0.185133s
[INFO] [1771004839.829066835] [icp_odometry]: Odom: ratio=0.420801, std dev=0.021469m|0.006789rad, update time=0.067447s delay=0.187677s
[INFO] [1771004839.928697526] [icp_odometry]: Odom: ratio=0.427273, std dev=0.021609m|0.006834rad, update time=0.071171s delay=0.187377s
[INFO] [1771004840.025326415] [icp_odometry]: Odom: ratio=0.418709, std dev=0.022311m|0.007055rad, update time=0.065127s delay=0.184086s
[INFO] [1771004840.120402003] [icp_odometry]: Odom: ratio=0.431008, std dev=0.021230m|0.006714rad, update time=0.063564s delay=0.179125s
[INFO] [1771004840.223002270] [icp_odometry]: Odom: ratio=0.412492, std dev=0.022089m|0.006985rad, update time=0.066022s delay=0.181760s
[INFO] [1771004840.325750798] [icp_odometry]: Odom: ratio=0.418496, std dev=0.021420m|0.006774rad, update time=0.065277s delay=0.184504s
[INFO] [1771004840.437958761] [icp_odometry]: Odom: ratio=0.413246, std dev=0.021837m|0.006905rad, update time=0.073319s delay=0.196591s
[INFO] [1771004840.529777210] [icp_odometry]: Odom: ratio=0.427632, std dev=0.021343m|0.006749rad, update time=0.065925s delay=0.188495s
[INFO] [1771004840.630456418] [icp_odometry]: Odom: ratio=0.415004, std dev=0.021684m|0.006857rad, update time=0.067738s delay=0.189231s
[INFO] [1771004840.726849939] [icp_odometry]: Odom: ratio=0.417537, std dev=0.021742m|0.006875rad, update time=0.063906s delay=0.185493s
[INFO] [1771004840.821757425] [icp_odometry]: Odom: ratio=0.420150, std dev=0.022133m|0.006999rad, update time=0.062877s delay=0.180435s
[INFO] [1771004840.921111274] [icp_odometry]: Odom: ratio=0.419590, std dev=0.022181m|0.007014rad, update time=0.062873s delay=0.179717s
[INFO] [1771004841.026770432] [icp_odometry]: Odom: ratio=0.414168, std dev=0.021756m|0.006880rad, update time=0.067760s delay=0.185502s
[INFO] [1771004841.125645288] [icp_odometry]: Odom: ratio=0.416722, std dev=0.022194m|0.007018rad, update time=0.068462s delay=0.185318s
[INFO] [1771004841.229541025] [icp_odometry]: Odom: ratio=0.422072, std dev=0.021981m|0.006951rad, update time=0.072469s delay=0.188237s
[INFO] [1771004841.327716209] [icp_odometry]: Odom: ratio=0.416210, std dev=0.022106m|0.006991rad, update time=0.066018s delay=0.186415s
[INFO] [1771004841.431590280] [icp_odometry]: Odom: ratio=0.428602, std dev=0.021920m|0.006932rad, update time=0.068435s delay=0.190147s
[INFO] [1771004841.526037365] [icp_odometry]: Odom: ratio=0.418564, std dev=0.022136m|0.007000rad, update time=0.062813s delay=0.184738s
[INFO] [1771004841.630913712] [icp_odometry]: Odom: ratio=0.428326, std dev=0.021849m|0.006909rad, update time=0.065572s delay=0.189879s
[INFO] [1771004841.726174490] [icp_odometry]: Odom: ratio=0.413418, std dev=0.021653m|0.006847rad, update time=0.066262s delay=0.184877s
[INFO] [1771004841.828453561] [icp_odometry]: Odom: ratio=0.421418, std dev=0.022041m|0.006970rad, update time=0.066744s delay=0.187223s
[INFO] [1771004841.933340181] [icp_odometry]: Odom: ratio=0.421977, std dev=0.022849m|0.007226rad, update time=0.067344s delay=0.192118s
[INFO] [1771004842.027068969] [icp_odometry]: Odom: ratio=0.420433, std dev=0.022180m|0.007014rad, update time=0.066873s delay=0.185815s
[INFO] [1771004842.129815385] [icp_odometry]: Odom: ratio=0.417901, std dev=0.022492m|0.007113rad, update time=0.068303s delay=0.188424s
[INFO] [1771004842.238388725] [icp_odometry]: Odom: ratio=0.399833, std dev=0.022756m|0.007196rad, update time=0.075891s delay=0.194563s
[INFO] [1771004842.334221331] [icp_odometry]: Odom: ratio=0.606667, std dev=0.019907m|0.006295rad, update time=0.074177s delay=0.192931s
[INFO] [1771004842.427335921] [icp_odometry]: Odom: ratio=0.606086, std dev=0.020499m|0.006482rad, update time=0.067565s delay=0.185990s
[INFO] [1771004842.538589771] [icp_odometry]: Odom: ratio=0.594682, std dev=0.021324m|0.006743rad, update time=0.075463s delay=0.197237s
[INFO] [1771004842.636450416] [icp_odometry]: Odom: ratio=0.599756, std dev=0.020746m|0.006560rad, update time=0.075067s delay=0.195099s
[INFO] [1771004842.735882380] [icp_odometry]: Odom: ratio=0.588745, std dev=0.020955m|0.006626rad, update time=0.071082s delay=0.194570s
[INFO] [1771004842.848879427] [icp_odometry]: Odom: ratio=0.582205, std dev=0.019961m|0.006312rad, update time=0.083884s delay=0.207509s
[INFO] [1771004842.935964463] [icp_odometry]: Odom: ratio=0.582815, std dev=0.020698m|0.006545rad, update time=0.074839s delay=0.194514s
[INFO] [1771004843.028331347] [icp_odometry]: Odom: ratio=0.577242, std dev=0.020756m|0.006564rad, update time=0.063348s delay=0.187057s
[INFO] [1771004843.140304518] [icp_odometry]: Odom: ratio=0.560118, std dev=0.019985m|0.006320rad, update time=0.076519s delay=0.199014s
[INFO] [1771004843.233727792] [icp_odometry]: Odom: ratio=0.572100, std dev=0.020803m|0.006578rad, update time=0.072757s delay=0.192438s
[INFO] [1771004843.336748969] [icp_odometry]: Odom: ratio=0.572395, std dev=0.020554m|0.006500rad, update time=0.075650s delay=0.195312s
[INFO] [1771004843.437552789] [icp_odometry]: Odom: ratio=0.582953, std dev=0.020641m|0.006527rad, update time=0.074862s delay=0.196242s
[INFO] [1771004843.537440929] [icp_odometry]: Odom: ratio=0.585430, std dev=0.020795m|0.006576rad, update time=0.074464s delay=0.196194s
[INFO] [1771004843.634495082] [icp_odometry]: Odom: ratio=0.585193, std dev=0.020962m|0.006629rad, update time=0.074277s delay=0.193114s
[INFO] [1771004843.740309573] [icp_odometry]: Odom: ratio=0.579054, std dev=0.021456m|0.006785rad, update time=0.079906s delay=0.199123s
[INFO] [1771004843.838530615] [icp_odometry]: Odom: ratio=0.572584, std dev=0.020983m|0.006635rad, update time=0.077562s delay=0.197274s
[INFO] [1771004843.949342689] [icp_odometry]: Odom: ratio=0.574283, std dev=0.021199m|0.006704rad, update time=0.086928s delay=0.207893s
[INFO] [1771004844.044702703] [icp_odometry]: Odom: ratio=0.569841, std dev=0.021055m|0.006658rad, update time=0.082118s delay=0.203280s
[INFO] [1771004844.151019708] [icp_odometry]: Odom: ratio=0.574111, std dev=0.020910m|0.006612rad, update time=0.078286s delay=0.209631s
[INFO] [1771004844.239257103] [icp_odometry]: Odom: ratio=0.566727, std dev=0.021059m|0.006660rad, update time=0.074671s delay=0.198053s
[INFO] [1771004844.331391052] [icp_odometry]: Odom: ratio=0.566023, std dev=0.020716m|0.006551rad, update time=0.074032s delay=0.190136s
[INFO] [1771004844.443418849] [icp_odometry]: Odom: ratio=0.566144, std dev=0.021306m|0.006738rad, update time=0.084770s delay=0.202064s
[INFO] [1771004844.541818297] [icp_odometry]: Odom: ratio=0.565789, std dev=0.020987m|0.006637rad, update time=0.082964s delay=0.200581s
[INFO] [1771004844.633784239] [icp_odometry]: Odom: ratio=0.562122, std dev=0.021194m|0.006702rad, update time=0.075425s delay=0.192513s
[INFO] [1771004844.751958652] [icp_odometry]: Odom: ratio=0.564448, std dev=0.021168m|0.006694rad, update time=0.090491s delay=0.211535s
[INFO] [1771004844.852360921] [icp_odometry]: Odom: ratio=0.565744, std dev=0.020535m|0.006494rad, update time=0.090072s delay=0.211024s
[INFO] [1771004844.944319151] [icp_odometry]: Odom: ratio=0.570268, std dev=0.020957m|0.006627rad, update time=0.078047s delay=0.202907s
[INFO] [1771004845.030853927] [icp_odometry]: Odom: ratio=0.569568, std dev=0.021223m|0.006711rad, update time=0.069352s delay=0.189483s
[INFO] [1771004845.135372278] [icp_odometry]: Odom: ratio=0.572894, std dev=0.021710m|0.006865rad, update time=0.069824s delay=0.194054s
[INFO] [1771004845.253473344] [icp_odometry]: Odom: ratio=0.574900, std dev=0.020904m|0.006610rad, update time=0.083758s delay=0.212082s
[INFO] [1771004845.332536562] [icp_odometry]: Odom: ratio=0.563369, std dev=0.021353m|0.006753rad, update time=0.071837s delay=0.191202s
[INFO] [1771004845.437965088] [icp_odometry]: Odom: ratio=0.566913, std dev=0.021589m|0.006827rad, update time=0.076101s delay=0.196647s
[INFO] [1771004845.539790160] [icp_odometry]: Odom: ratio=0.572236, std dev=0.021851m|0.006910rad, update time=0.079403s delay=0.198385s
[INFO] [1771004845.642569793] [icp_odometry]: Odom: ratio=0.557404, std dev=0.020789m|0.006574rad, update time=0.083348s delay=0.201081s
[INFO] [1771004845.735299058] [icp_odometry]: Odom: ratio=0.552387, std dev=0.021291m|0.006733rad, update time=0.075425s delay=0.193954s
[INFO] [1771004845.836427241] [icp_odometry]: Odom: ratio=0.550428, std dev=0.021052m|0.006657rad, update time=0.075965s delay=0.195001s
[INFO] [1771004845.935890342] [icp_odometry]: Odom: ratio=0.549677, std dev=0.021283m|0.006730rad, update time=0.077024s delay=0.194583s
[INFO] [1771004846.039784959] [icp_odometry]: Odom: ratio=0.554469, std dev=0.021529m|0.006808rad, update time=0.077465s delay=0.198470s
[INFO] [1771004846.136886857] [icp_odometry]: Odom: ratio=0.547043, std dev=0.021116m|0.006678rad, update time=0.077897s delay=0.195424s
[INFO] [1771004846.246867606] [icp_odometry]: Odom: ratio=0.548040, std dev=0.021033m|0.006651rad, update time=0.081921s delay=0.205570s
[INFO] [1771004846.340507367] [icp_odometry]: Odom: ratio=0.560845, std dev=0.021001m|0.006641rad, update time=0.081549s delay=0.199150s
[INFO] [1771004846.427762008] [icp_odometry]: Odom: ratio=0.555511, std dev=0.020872m|0.006600rad, update time=0.069853s delay=0.186449s
[INFO] [1771004846.529636522] [icp_odometry]: Odom: ratio=0.565111, std dev=0.020954m|0.006626rad, update time=0.067436s delay=0.188371s
[INFO] [1771004846.636345573] [icp_odometry]: Odom: ratio=0.555487, std dev=0.021070m|0.006663rad, update time=0.077877s delay=0.195178s
[INFO] [1771004846.735235726] [icp_odometry]: Odom: ratio=0.561573, std dev=0.020680m|0.006540rad, update time=0.075288s delay=0.193826s
[INFO] [1771004846.836076603] [icp_odometry]: Odom: ratio=0.552988, std dev=0.021515m|0.006804rad, update time=0.076281s delay=0.194766s
[INFO] [1771004846.938348218] [icp_odometry]: Odom: ratio=0.562526, std dev=0.020974m|0.006633rad, update time=0.076574s delay=0.197298s
[INFO] [1771004847.045281437] [icp_odometry]: Odom: ratio=0.549316, std dev=0.021020m|0.006647rad, update time=0.079491s delay=0.203979s
[INFO] [1771004847.137739557] [icp_odometry]: Odom: ratio=0.572626, std dev=0.020846m|0.006592rad, update time=0.076983s delay=0.196478s
[INFO] [1771004847.241247951] [icp_odometry]: Odom: ratio=0.566800, std dev=0.021134m|0.006683rad, update time=0.079593s delay=0.199905s
[INFO] [1771004847.334445713] [icp_odometry]: Odom: ratio=0.562527, std dev=0.020611m|0.006518rad, update time=0.073837s delay=0.193148s
[INFO] [1771004847.436576171] [icp_odometry]: Odom: ratio=0.578337, std dev=0.020942m|0.006622rad, update time=0.078025s delay=0.195154s
[INFO] [1771004847.524007331] [icp_odometry]: Odom: ratio=0.562170, std dev=0.020862m|0.006597rad, update time=0.069311s delay=0.182643s
[INFO] [1771004847.637360903] [icp_odometry]: Odom: ratio=0.577047, std dev=0.020669m|0.006536rad, update time=0.075301s delay=0.196139s
[INFO] [1771004847.737081517] [icp_odometry]: Odom: ratio=0.579237, std dev=0.020669m|0.006536rad, update time=0.077334s delay=0.195716s
[INFO] [1771004847.824663433] [icp_odometry]: Odom: ratio=0.578031, std dev=0.020741m|0.006559rad, update time=0.066007s delay=0.183404s
[INFO] [1771004847.945311885] [icp_odometry]: Odom: ratio=0.573184, std dev=0.021041m|0.006654rad, update time=0.082159s delay=0.203900s
[INFO] [1771004848.035735725] [icp_odometry]: Odom: ratio=0.571063, std dev=0.020709m|0.006549rad, update time=0.076180s delay=0.194270s
[INFO] [1771004848.129040818] [icp_odometry]: Odom: ratio=0.582150, std dev=0.020863m|0.006597rad, update time=0.069026s delay=0.187566s
[INFO] [1771004848.242703969] [icp_odometry]: Odom: ratio=0.572047, std dev=0.020371m|0.006442rad, update time=0.077570s delay=0.201305s
[INFO] [1771004848.345849503] [icp_odometry]: Odom: ratio=0.569221, std dev=0.020402m|0.006452rad, update time=0.074879s delay=0.204543s
[INFO] [1771004848.444962959] [icp_odometry]: Odom: ratio=0.561670, std dev=0.020339m|0.006432rad, update time=0.081451s delay=0.203655s
[INFO] [1771004848.539018959] [icp_odometry]: Odom: ratio=0.562957, std dev=0.021019m|0.006647rad, update time=0.078550s delay=0.197628s
[INFO] [1771004848.635958515] [icp_odometry]: Odom: ratio=0.561334, std dev=0.020597m|0.006513rad, update time=0.078331s delay=0.194572s
[INFO] [1771004848.746748605] [icp_odometry]: Odom: ratio=0.556038, std dev=0.021112m|0.006676rad, update time=0.083257s delay=0.205333s
[INFO] [1771004848.836523943] [icp_odometry]: Odom: ratio=0.556436, std dev=0.020579m|0.006508rad, update time=0.074203s delay=0.195195s
[INFO] [1771004848.934570450] [icp_odometry]: Odom: ratio=0.553799, std dev=0.021116m|0.006678rad, update time=0.075683s delay=0.193325s
[INFO] [1771004849.039824794] [icp_odometry]: Odom: ratio=0.559300, std dev=0.020675m|0.006538rad, update time=0.076988s delay=0.198447s
[INFO] [1771004849.155771929] [icp_odometry]: Odom: ratio=0.555172, std dev=0.020545m|0.006497rad, update time=0.089351s delay=0.214458s
[INFO] [1771004849.235907377] [icp_odometry]: Odom: ratio=0.563115, std dev=0.020440m|0.006464rad, update time=0.077576s delay=0.194735s
[INFO] [1771004849.321144251] [icp_odometry]: Odom: ratio=0.552592, std dev=0.020235m|0.006399rad, update time=0.063655s delay=0.179911s
[INFO] [1771004849.435762187] [icp_odometry]: Odom: ratio=0.557455, std dev=0.020179m|0.006381rad, update time=0.078362s delay=0.194432s
[INFO] [1771004849.536050693] [icp_odometry]: Odom: ratio=0.551694, std dev=0.020439m|0.006463rad, update time=0.077919s delay=0.194631s
[INFO] [1771004849.635760651] [icp_odometry]: Odom: ratio=0.564006, std dev=0.020533m|0.006493rad, update time=0.075876s delay=0.194356s
[INFO] [1771004849.724380620] [icp_odometry]: Odom: ratio=0.552928, std dev=0.020109m|0.006359rad, update time=0.065955s delay=0.183235s
[INFO] [1771004849.834646659] [icp_odometry]: Odom: ratio=0.562776, std dev=0.020532m|0.006493rad, update time=0.073651s delay=0.193221s
[INFO] [1771004849.923040188] [icp_odometry]: Odom: ratio=0.553326, std dev=0.020142m|0.006369rad, update time=0.064073s delay=0.181640s
[INFO] [1771004850.038760019] [icp_odometry]: Odom: ratio=0.572414, std dev=0.020611m|0.006518rad, update time=0.080296s delay=0.197289s
[INFO] [1771004850.135295209] [icp_odometry]: Odom: ratio=0.558410, std dev=0.020464m|0.006471rad, update time=0.077134s delay=0.193908s
[INFO] [1771004850.238016921] [icp_odometry]: Odom: ratio=0.562200, std dev=0.020210m|0.006391rad, update time=0.078114s delay=0.196729s
[INFO] [1771004850.343112987] [icp_odometry]: Odom: ratio=0.564402, std dev=0.020286m|0.006415rad, update time=0.080395s delay=0.201669s
[INFO] [1771004850.455115023] [icp_odometry]: Odom: ratio=0.561098, std dev=0.020553m|0.006499rad, update time=0.086273s delay=0.213913s
[INFO] [1771004850.540181044] [icp_odometry]: Odom: ratio=0.572566, std dev=0.020514m|0.006487rad, update time=0.081108s delay=0.198860s
[INFO] [1771004850.634212274] [icp_odometry]: Odom: ratio=0.558290, std dev=0.020442m|0.006464rad, update time=0.080267s delay=0.192978s
[INFO] [1771004850.739802374] [icp_odometry]: Odom: ratio=0.556305, std dev=0.020410m|0.006454rad, update time=0.076611s delay=0.198646s
[INFO] [1771004850.832232301] [icp_odometry]: Odom: ratio=0.557243, std dev=0.020133m|0.006367rad, update time=0.074458s delay=0.190871s
[INFO] [1771004850.938525145] [icp_odometry]: Odom: ratio=0.560184, std dev=0.020043m|0.006338rad, update time=0.078320s delay=0.197138s
[INFO] [1771004851.035548833] [icp_odometry]: Odom: ratio=0.549312, std dev=0.019917m|0.006298rad, update time=0.075188s delay=0.194078s
[INFO] [1771004851.134909914] [icp_odometry]: Odom: ratio=0.560947, std dev=0.020169m|0.006378rad, update time=0.077787s delay=0.193373s
[INFO] [1771004851.236158198] [icp_odometry]: Odom: ratio=0.557551, std dev=0.019985m|0.006320rad, update time=0.072994s delay=0.194851s
[INFO] [1771004851.331750059] [icp_odometry]: Odom: ratio=0.552849, std dev=0.020206m|0.006390rad, update time=0.074065s delay=0.190292s
[INFO] [1771004851.437431234] [icp_odometry]: Odom: ratio=0.545345, std dev=0.019987m|0.006320rad, update time=0.074514s delay=0.196122s
[INFO] [1771004851.546007678] [icp_odometry]: Odom: ratio=0.561023, std dev=0.019997m|0.006324rad, update time=0.087039s delay=0.202832s
[INFO] [1771004851.630879516] [icp_odometry]: Odom: ratio=0.540034, std dev=0.019890m|0.006290rad, update time=0.074903s delay=0.189516s
[INFO] [1771004851.733125722] [icp_odometry]: Odom: ratio=0.548742, std dev=0.019661m|0.006217rad, update time=0.074602s delay=0.191744s
[INFO] [1771004851.821716090] [icp_odometry]: Odom: ratio=0.550037, std dev=0.019925m|0.006301rad, update time=0.063204s delay=0.180355s
[INFO] [1771004851.948005411] [icp_odometry]: Odom: ratio=0.551141, std dev=0.019298m|0.006102rad, update time=0.087971s delay=0.206832s
[INFO] [1771004852.041328105] [icp_odometry]: Odom: ratio=0.545937, std dev=0.020005m|0.006326rad, update time=0.077094s delay=0.199989s
[INFO] [1771004852.132433569] [icp_odometry]: Odom: ratio=0.532900, std dev=0.019427m|0.006143rad, update time=0.074633s delay=0.191087s
[INFO] [1771004852.229974875] [icp_odometry]: Odom: ratio=0.551458, std dev=0.019868m|0.006283rad, update time=0.068772s delay=0.188504s
[INFO] [1771004852.328643196] [icp_odometry]: Odom: ratio=0.547675, std dev=0.020208m|0.006390rad, update time=0.073614s delay=0.187299s
[INFO] [1771004852.438382401] [icp_odometry]: Odom: ratio=0.550409, std dev=0.020240m|0.006401rad, update time=0.079110s delay=0.197016s
[INFO] [1771004852.532285627] [icp_odometry]: Odom: ratio=0.537588, std dev=0.019983m|0.006319rad, update time=0.067622s delay=0.190987s
[INFO] [1771004852.630888634] [icp_odometry]: Odom: ratio=0.548412, std dev=0.019664m|0.006218rad, update time=0.072987s delay=0.189658s
[INFO] [1771004852.724323748] [icp_odometry]: Odom: ratio=0.548887, std dev=0.019561m|0.006186rad, update time=0.069153s delay=0.183038s
[INFO] [1771004852.829012920] [icp_odometry]: Odom: ratio=0.548731, std dev=0.019533m|0.006177rad, update time=0.072684s delay=0.187585s
[INFO] [1771004852.933867218] [icp_odometry]: Odom: ratio=0.541688, std dev=0.019823m|0.006268rad, update time=0.072497s delay=0.192545s
[INFO] [1771004853.029581612] [icp_odometry]: Odom: ratio=0.533182, std dev=0.019180m|0.006065rad, update time=0.072907s delay=0.188099s
[INFO] [1771004853.128879939] [icp_odometry]: Odom: ratio=0.532981, std dev=0.019477m|0.006159rad, update time=0.071023s delay=0.187395s
[INFO] [1771004853.234987081] [icp_odometry]: Odom: ratio=0.540451, std dev=0.019620m|0.006205rad, update time=0.074101s delay=0.193505s
[INFO] [1771004853.325456171] [icp_odometry]: Odom: ratio=0.540183, std dev=0.019450m|0.006150rad, update time=0.067889s delay=0.184078s
[INFO] [1771004853.428847953] [icp_odometry]: Odom: ratio=0.537782, std dev=0.019343m|0.006117rad, update time=0.068828s delay=0.187520s
[INFO] [1771004853.532010416] [icp_odometry]: Odom: ratio=0.540157, std dev=0.019380m|0.006129rad, update time=0.072495s delay=0.190591s
[INFO] [1771004853.636721061] [icp_odometry]: Odom: ratio=0.537761, std dev=0.019557m|0.006185rad, update time=0.073988s delay=0.195361s
[INFO] [1771004853.729865732] [icp_odometry]: Odom: ratio=0.526261, std dev=0.019444m|0.006149rad, update time=0.075079s delay=0.186683s
[INFO] [1771004853.828215194] [icp_odometry]: Odom: ratio=0.533860, std dev=0.020054m|0.006342rad, update time=0.070360s delay=0.186833s
[INFO] [1771004853.923775471] [icp_odometry]: Odom: ratio=0.533983, std dev=0.019083m|0.006035rad, update time=0.067461s delay=0.182329s
[INFO] [1771004854.032508432] [icp_odometry]: Odom: ratio=0.528449, std dev=0.019396m|0.006134rad, update time=0.071636s delay=0.192134s
[INFO] [1771004854.117397999] [icp_odometry]: Odom: ratio=0.524758, std dev=0.019035m|0.006020rad, update time=0.059164s delay=0.175998s
[INFO] [1771004854.231021564] [icp_odometry]: Odom: ratio=0.523130, std dev=0.019081m|0.006034rad, update time=0.068106s delay=0.189649s
[INFO] [1771004854.329969415] [icp_odometry]: Odom: ratio=0.524307, std dev=0.019594m|0.006196rad, update time=0.069779s delay=0.189542s
[INFO] [1771004854.429442596] [icp_odometry]: Odom: ratio=0.515334, std dev=0.019718m|0.006235rad, update time=0.067769s delay=0.187961s
[INFO] [1771004854.528330253] [icp_odometry]: Odom: ratio=0.513629, std dev=0.019492m|0.006164rad, update time=0.067827s delay=0.187012s
[INFO] [1771004854.625613310] [icp_odometry]: Odom: ratio=0.512202, std dev=0.019298m|0.006102rad, update time=0.064445s delay=0.184120s
[INFO] [1771004854.728022818] [icp_odometry]: Odom: ratio=0.508420, std dev=0.019628m|0.006207rad, update time=0.068711s delay=0.186610s
[INFO] [1771004854.829334688] [icp_odometry]: Odom: ratio=0.519048, std dev=0.019619m|0.006204rad, update time=0.066797s delay=0.188029s
[INFO] [1771004854.924661836] [icp_odometry]: Odom: ratio=0.515629, std dev=0.018938m|0.005989rad, update time=0.067993s delay=0.183196s
[INFO] [1771004855.027951119] [icp_odometry]: Odom: ratio=0.514737, std dev=0.019652m|0.006215rad, update time=0.069930s delay=0.186672s
[INFO] [1771004855.138956768] [icp_odometry]: Odom: ratio=0.527362, std dev=0.019363m|0.006123rad, update time=0.080615s delay=0.197662s
[INFO] [1771004855.223738779] [icp_odometry]: Odom: ratio=0.512896, std dev=0.019412m|0.006139rad, update time=0.064540s delay=0.182367s
[INFO] [1771004855.324890995] [icp_odometry]: Odom: ratio=0.518268, std dev=0.018781m|0.005939rad, update time=0.063392s delay=0.183476s
[INFO] [1771004855.427449148] [icp_odometry]: Odom: ratio=0.513996, std dev=0.019621m|0.006205rad, update time=0.068142s delay=0.186103s
[INFO] [1771004855.528605493] [icp_odometry]: Odom: ratio=0.509262, std dev=0.019499m|0.006166rad, update time=0.067769s delay=0.187100s
[INFO] [1771004855.625709791] [icp_odometry]: Odom: ratio=0.510797, std dev=0.019433m|0.006145rad, update time=0.064469s delay=0.184295s
[INFO] [1771004855.728557011] [icp_odometry]: Odom: ratio=0.513222, std dev=0.019317m|0.006108rad, update time=0.066406s delay=0.187315s
[INFO] [1771004855.825074440] [icp_odometry]: Odom: ratio=0.509535, std dev=0.019045m|0.006023rad, update time=0.067642s delay=0.183743s
[INFO] [1771004855.924765869] [icp_odometry]: Odom: ratio=0.507487, std dev=0.018745m|0.005928rad, update time=0.068526s delay=0.183336s
[INFO] [1771004856.027630050] [icp_odometry]: Odom: ratio=0.513996, std dev=0.019334m|0.006114rad, update time=0.072752s delay=0.186362s
[INFO] [1771004856.117506543] [icp_odometry]: Odom: ratio=0.510193, std dev=0.019429m|0.006144rad, update time=0.061373s delay=0.176039s
[INFO] [1771004856.222396522] [icp_odometry]: Odom: ratio=0.515572, std dev=0.019290m|0.006100rad, update time=0.066285s delay=0.180989s
[INFO] [1771004856.326915736] [icp_odometry]: Odom: ratio=0.522392, std dev=0.019527m|0.006175rad, update time=0.067627s delay=0.185529s
[INFO] [1771004856.423174373] [icp_odometry]: Odom: ratio=0.510676, std dev=0.019211m|0.006075rad, update time=0.065679s delay=0.181657s
[INFO] [1771004856.514473412] [icp_odometry]: Odom: ratio=0.530453, std dev=0.019086m|0.006036rad, update time=0.057317s delay=0.173030s
[INFO] [1771004856.618939216] [icp_odometry]: Odom: ratio=0.516857, std dev=0.019191m|0.006069rad, update time=0.061098s delay=0.177690s
[INFO] [1771004856.722319766] [icp_odometry]: Odom: ratio=0.522498, std dev=0.019116m|0.006045rad, update time=0.066747s delay=0.180798s
[INFO] [1771004856.813771546] [icp_odometry]: Odom: ratio=0.524783, std dev=0.019731m|0.006240rad, update time=0.058879s delay=0.172526s
[INFO] [1771004856.919657017] [icp_odometry]: Odom: ratio=0.509857, std dev=0.019157m|0.006058rad, update time=0.065519s delay=0.179335s
[INFO] [1771004857.006054732] [icp_odometry]: Odom: ratio=0.521712, std dev=0.019120m|0.006046rad, update time=0.052189s delay=0.164542s
[INFO] [1771004857.123767016] [icp_odometry]: Odom: ratio=0.501393, std dev=0.019577m|0.006191rad, update time=0.064637s delay=0.182372s
[INFO] [1771004857.221442726] [icp_odometry]: Odom: ratio=0.519380, std dev=0.018928m|0.005986rad, update time=0.061753s delay=0.180063s
[INFO] [1771004857.323987567] [icp_odometry]: Odom: ratio=0.513286, std dev=0.019211m|0.006075rad, update time=0.063017s delay=0.182704s
[INFO] [1771004857.416868902] [icp_odometry]: Odom: ratio=0.507088, std dev=0.020010m|0.006328rad, update time=0.059917s delay=0.175452s
[INFO] [1771004857.517518636] [icp_odometry]: Odom: ratio=0.498563, std dev=0.018878m|0.005970rad, update time=0.060662s delay=0.176129s
[INFO] [1771004857.622228865] [icp_odometry]: Odom: ratio=0.498596, std dev=0.019862m|0.006281rad, update time=0.066865s delay=0.180915s
[INFO] [1771004857.718609842] [icp_odometry]: Odom: ratio=0.489659, std dev=0.020790m|0.006574rad, update time=0.063763s delay=0.177259s
[INFO] [1771004857.827776419] [icp_odometry]: Odom: ratio=0.485391, std dev=0.020149m|0.006372rad, update time=0.068437s delay=0.186454s
[INFO] [1771004857.925439521] [icp_odometry]: Odom: ratio=0.502001, std dev=0.019772m|0.006252rad, update time=0.067907s delay=0.184208s
[INFO] [1771004858.037285712] [icp_odometry]: Odom: ratio=0.502088, std dev=0.019830m|0.006271rad, update time=0.079041s delay=0.194112s
[INFO] [1771004858.122276146] [icp_odometry]: Odom: ratio=0.505305, std dev=0.019869m|0.006283rad, update time=0.065416s delay=0.180736s
[INFO] [1771004858.222230688] [icp_odometry]: Odom: ratio=0.496813, std dev=0.019354m|0.006120rad, update time=0.064045s delay=0.180641s
[INFO] [1771004858.324169588] [icp_odometry]: Odom: ratio=0.511350, std dev=0.019661m|0.006217rad, update time=0.069186s delay=0.182655s
[INFO] [1771004858.424539761] [icp_odometry]: Odom: ratio=0.501217, std dev=0.019288m|0.006100rad, update time=0.067519s delay=0.184201s
[INFO] [1771004858.525238361] [icp_odometry]: Odom: ratio=0.507156, std dev=0.019185m|0.006067rad, update time=0.064472s delay=0.183784s
[INFO] [1771004858.625537203] [icp_odometry]: Odom: ratio=0.511841, std dev=0.019424m|0.006142rad, update time=0.065103s delay=0.183813s
[INFO] [1771004858.726543238] [icp_odometry]: Odom: ratio=0.510870, std dev=0.019667m|0.006219rad, update time=0.069952s delay=0.185098s
[INFO] [1771004858.823343206] [icp_odometry]: Odom: ratio=0.507251, std dev=0.019711m|0.006233rad, update time=0.064508s delay=0.182033s
[INFO] [1771004858.921759262] [icp_odometry]: Odom: ratio=0.495467, std dev=0.018881m|0.005971rad, update time=0.064368s delay=0.180324s
[INFO] [1771004859.019383515] [icp_odometry]: Odom: ratio=0.510931, std dev=0.019093m|0.006038rad, update time=0.063446s delay=0.177939s
[INFO] [1771004859.128006873] [icp_odometry]: Odom: ratio=0.500465, std dev=0.019191m|0.006069rad, update time=0.070547s delay=0.187640s
[INFO] [1771004859.222169532] [icp_odometry]: Odom: ratio=0.503944, std dev=0.019018m|0.006014rad, update time=0.066576s delay=0.180673s
[INFO] [1771004859.324834921] [icp_odometry]: Odom: ratio=0.495895, std dev=0.019354m|0.006120rad, update time=0.064647s delay=0.183404s
[INFO] [1771004859.423108061] [icp_odometry]: Odom: ratio=0.496582, std dev=0.019789m|0.006258rad, update time=0.065507s delay=0.181641s
[INFO] [1771004859.519418923] [icp_odometry]: Odom: ratio=0.499204, std dev=0.019481m|0.006161rad, update time=0.060462s delay=0.178214s
[INFO] [1771004859.620458367] [icp_odometry]: Odom: ratio=0.492264, std dev=0.020216m|0.006393rad, update time=0.064588s delay=0.179051s
[INFO] [1771004859.717290912] [icp_odometry]: Odom: ratio=0.486089, std dev=0.019610m|0.006201rad, update time=0.060655s delay=0.175909s
[INFO] [1771004859.820776394] [icp_odometry]: Odom: ratio=0.492740, std dev=0.019493m|0.006164rad, update time=0.063953s delay=0.179467s
[INFO] [1771004859.911194762] [icp_odometry]: Odom: ratio=0.495589, std dev=0.019846m|0.006276rad, update time=0.053107s delay=0.169785s
[INFO] [1771004860.029495611] [icp_odometry]: Odom: ratio=0.493003, std dev=0.020397m|0.006450rad, update time=0.070046s delay=0.188080s
[INFO] [1771004860.122933733] [icp_odometry]: Odom: ratio=0.493931, std dev=0.019937m|0.006305rad, update time=0.065500s delay=0.181525s
[INFO] [1771004860.218336564] [icp_odometry]: Odom: ratio=0.497313, std dev=0.020004m|0.006326rad, update time=0.062522s delay=0.177049s
[INFO] [1771004860.318327651] [icp_odometry]: Odom: ratio=0.493450, std dev=0.019865m|0.006282rad, update time=0.062400s delay=0.176904s
[INFO] [1771004860.423077082] [icp_odometry]: Odom: ratio=0.500155, std dev=0.020151m|0.006372rad, update time=0.065926s delay=0.181683s
[INFO] [1771004860.516571494] [icp_odometry]: Odom: ratio=0.507878, std dev=0.020515m|0.006488rad, update time=0.059703s delay=0.174983s
[INFO] [1771004860.626623606] [icp_odometry]: Odom: ratio=0.513671, std dev=0.021073m|0.006664rad, update time=0.063736s delay=0.185161s
[INFO] [1771004860.729473641] [icp_odometry]: Odom: ratio=0.500302, std dev=0.020571m|0.006505rad, update time=0.065085s delay=0.188181s
[INFO] [1771004860.834153533] [icp_odometry]: Odom: ratio=0.518834, std dev=0.020159m|0.006375rad, update time=0.071881s delay=0.192847s
[INFO] [1771004860.927184761] [icp_odometry]: Odom: ratio=0.521110, std dev=0.020049m|0.006340rad, update time=0.070102s delay=0.185741s
[INFO] [1771004861.018018727] [icp_odometry]: Odom: ratio=0.510863, std dev=0.019940m|0.006306rad, update time=0.061946s delay=0.177690s
[INFO] [1771004861.113538810] [icp_odometry]: Odom: ratio=0.520942, std dev=0.019912m|0.006297rad, update time=0.059303s delay=0.172211s
[INFO] [1771004861.229194222] [icp_odometry]: Odom: ratio=0.517442, std dev=0.020230m|0.006397rad, update time=0.074530s delay=0.188779s
[INFO] [1771004861.321562931] [icp_odometry]: Odom: ratio=0.517901, std dev=0.020112m|0.006360rad, update time=0.064459s delay=0.180071s
[INFO] [1771004861.425269285] [icp_odometry]: Odom: ratio=0.518230, std dev=0.020477m|0.006476rad, update time=0.066101s delay=0.183807s
[INFO] [1771004861.527942866] [icp_odometry]: Odom: ratio=0.513327, std dev=0.020192m|0.006385rad, update time=0.068461s delay=0.186486s
[INFO] [1771004861.619973099] [icp_odometry]: Odom: ratio=0.512950, std dev=0.020475m|0.006475rad, update time=0.062515s delay=0.178740s
[INFO] [1771004861.722058243] [icp_odometry]: Odom: ratio=0.519243, std dev=0.020405m|0.006453rad, update time=0.066639s delay=0.180670s
[INFO] [1771004861.811003888] [icp_odometry]: Odom: ratio=0.516974, std dev=0.020446m|0.006466rad, update time=0.056683s delay=0.169579s
[INFO] [1771004861.911243496] [icp_odometry]: Odom: ratio=0.511783, std dev=0.021240m|0.006717rad, update time=0.053637s delay=0.169959s
[INFO] [1771004862.030922762] [icp_odometry]: Odom: ratio=0.513166, std dev=0.020031m|0.006334rad, update time=0.070007s delay=0.189602s
[INFO] [1771004862.117298492] [icp_odometry]: Odom: ratio=0.514351, std dev=0.019989m|0.006321rad, update time=0.058444s delay=0.175796s
[INFO] [1771004862.214534475] [icp_odometry]: Odom: ratio=0.516982, std dev=0.020434m|0.006462rad, update time=0.059211s delay=0.173053s
[INFO] [1771004862.315931500] [icp_odometry]: Odom: ratio=0.501972, std dev=0.020654m|0.006531rad, update time=0.061857s delay=0.174539s
[INFO] [1771004862.416793178] [icp_odometry]: Odom: ratio=0.503752, std dev=0.019900m|0.006293rad, update time=0.060271s delay=0.175580s
[INFO] [1771004862.516515072] [icp_odometry]: Odom: ratio=0.505074, std dev=0.020624m|0.006522rad, update time=0.060493s delay=0.175113s
[INFO] [1771004862.625854615] [icp_odometry]: Odom: ratio=0.504652, std dev=0.020193m|0.006386rad, update time=0.067606s delay=0.184584s
[INFO] [1771004862.721238277] [icp_odometry]: Odom: ratio=0.504252, std dev=0.019462m|0.006154rad, update time=0.063097s delay=0.180013s
[INFO] [1771004862.814624429] [icp_odometry]: Odom: ratio=0.516139, std dev=0.020117m|0.006361rad, update time=0.057310s delay=0.173181s
[INFO] [1771004862.924475446] [icp_odometry]: Odom: ratio=0.517286, std dev=0.020035m|0.006336rad, update time=0.063716s delay=0.183037s
[INFO] [1771004863.008598265] [icp_odometry]: Odom: ratio=0.504282, std dev=0.020325m|0.006427rad, update time=0.054528s delay=0.167052s
[INFO] [1771004863.117353340] [icp_odometry]: Odom: ratio=0.515620, std dev=0.019903m|0.006294rad, update time=0.058452s delay=0.175890s
[INFO] [1771004863.221828105] [icp_odometry]: Odom: ratio=0.504738, std dev=0.020248m|0.006403rad, update time=0.066805s delay=0.180456s
[INFO] [1771004863.322945216] [icp_odometry]: Odom: ratio=0.508339, std dev=0.019780m|0.006255rad, update time=0.068079s delay=0.181371s
[INFO] [1771004863.423921394] [icp_odometry]: Odom: ratio=0.504584, std dev=0.019889m|0.006290rad, update time=0.067369s delay=0.182482s
[INFO] [1771004863.516677732] [icp_odometry]: Odom: ratio=0.507921, std dev=0.019940m|0.006305rad, update time=0.060718s delay=0.175262s
[INFO] [1771004863.614754448] [icp_odometry]: Odom: ratio=0.512244, std dev=0.019786m|0.006257rad, update time=0.059042s delay=0.173344s
[INFO] [1771004863.715236849] [icp_odometry]: Odom: ratio=0.501166, std dev=0.019594m|0.006196rad, update time=0.057969s delay=0.173939s
[INFO] [1771004863.813987861] [icp_odometry]: Odom: ratio=0.497973, std dev=0.019558m|0.006185rad, update time=0.056716s delay=0.172626s
[INFO] [1771004863.916517053] [icp_odometry]: Odom: ratio=0.509029, std dev=0.020064m|0.006345rad, update time=0.060642s delay=0.175149s
[INFO] [1771004864.016460587] [icp_odometry]: Odom: ratio=0.515254, std dev=0.019530m|0.006176rad, update time=0.060754s delay=0.175190s
[INFO] [1771004864.121282660] [icp_odometry]: Odom: ratio=0.515192, std dev=0.019537m|0.006178rad, update time=0.062462s delay=0.180911s
[INFO] [1771004864.214083575] [icp_odometry]: Odom: ratio=0.518568, std dev=0.019980m|0.006318rad, update time=0.057440s delay=0.172464s
[INFO] [1771004864.312736536] [icp_odometry]: Odom: ratio=0.507227, std dev=0.020069m|0.006346rad, update time=0.058145s delay=0.172437s
[INFO] [1771004864.417871548] [icp_odometry]: Odom: ratio=0.506961, std dev=0.019806m|0.006263rad, update time=0.059685s delay=0.176465s
[INFO] [1771004864.516380407] [icp_odometry]: Odom: ratio=0.503272, std dev=0.020067m|0.006346rad, update time=0.057869s delay=0.174834s
[INFO] [1771004864.612984432] [icp_odometry]: Odom: ratio=0.511852, std dev=0.020072m|0.006347rad, update time=0.054088s delay=0.171504s
[INFO] [1771004864.725025702] [icp_odometry]: Odom: ratio=0.496556, std dev=0.019764m|0.006250rad, update time=0.064208s delay=0.183581s
[INFO] [1771004864.822056494] [icp_odometry]: Odom: ratio=0.511842, std dev=0.019448m|0.006150rad, update time=0.063258s delay=0.181735s
[INFO] [1771004864.915477975] [icp_odometry]: Odom: ratio=0.491832, std dev=0.019917m|0.006298rad, update time=0.056038s delay=0.173947s
[INFO] [1771004865.016262018] [icp_odometry]: Odom: ratio=0.508004, std dev=0.019585m|0.006193rad, update time=0.054394s delay=0.174643s
[INFO] [1771004865.118456863] [icp_odometry]: Odom: ratio=0.497681, std dev=0.019408m|0.006137rad, update time=0.063712s delay=0.176979s
[INFO] [1771004865.219608503] [icp_odometry]: Odom: ratio=0.505650, std dev=0.019487m|0.006162rad, update time=0.063403s delay=0.178152s
[INFO] [1771004865.315027750] [icp_odometry]: Odom: ratio=0.488288, std dev=0.019287m|0.006099rad, update time=0.059742s delay=0.173709s
[INFO] [1771004865.414362847] [icp_odometry]: Odom: ratio=0.493617, std dev=0.019358m|0.006122rad, update time=0.059627s delay=0.173199s
[INFO] [1771004865.507102608] [icp_odometry]: Odom: ratio=0.503223, std dev=0.018985m|0.006004rad, update time=0.052293s delay=0.165644s
[INFO] [1771004865.604272829] [icp_odometry]: Odom: ratio=0.493603, std dev=0.019271m|0.006094rad, update time=0.049478s delay=0.162782s
[INFO] [1771004865.718107633] [icp_odometry]: Odom: ratio=0.499100, std dev=0.019377m|0.006128rad, update time=0.058678s delay=0.177695s
[INFO] [1771004865.808890110] [icp_odometry]: Odom: ratio=0.494957, std dev=0.018903m|0.005978rad, update time=0.049378s delay=0.168589s
[INFO] [1771004865.912996606] [icp_odometry]: Odom: ratio=0.503453, std dev=0.019045m|0.006023rad, update time=0.055839s delay=0.171384s
[INFO] [1771004866.008716792] [icp_odometry]: Odom: ratio=0.492268, std dev=0.018850m|0.005961rad, update time=0.054707s delay=0.167163s
[INFO] [1771004866.110522663] [icp_odometry]: Odom: ratio=0.502797, std dev=0.019494m|0.006165rad, update time=0.052240s delay=0.170248s
[INFO] [1771004866.220985669] [icp_odometry]: Odom: ratio=0.500189, std dev=0.019439m|0.006147rad, update time=0.059472s delay=0.179698s
[INFO] [1771004866.315794559] [icp_odometry]: Odom: ratio=0.516604, std dev=0.020056m|0.006342rad, update time=0.059216s delay=0.174187s
[INFO] [1771004866.413778696] [icp_odometry]: Odom: ratio=0.493473, std dev=0.019917m|0.006298rad, update time=0.059127s delay=0.172272s
[INFO] [1771004866.519221623] [icp_odometry]: Odom: ratio=0.510018, std dev=0.020933m|0.006619rad, update time=0.066100s delay=0.177701s
[INFO] [1771004866.612348214] [icp_odometry]: Odom: ratio=0.505248, std dev=0.020106m|0.006358rad, update time=0.059685s delay=0.170946s
[INFO] [1771004866.726998055] [icp_odometry]: Odom: ratio=0.501913, std dev=0.020835m|0.006589rad, update time=0.071201s delay=0.185612s
[INFO] [1771004866.821294639] [icp_odometry]: Odom: ratio=0.528028, std dev=0.020656m|0.006532rad, update time=0.067691s delay=0.179761s
[INFO] [1771004866.926730461] [icp_odometry]: Odom: ratio=0.523409, std dev=0.021906m|0.006927rad, update time=0.069942s delay=0.185454s
[INFO] [1771004867.029574865] [icp_odometry]: Odom: ratio=0.543426, std dev=0.021823m|0.006901rad, update time=0.073978s delay=0.188109s
[INFO] [1771004867.130011184] [icp_odometry]: Odom: ratio=0.552731, std dev=0.021731m|0.006872rad, update time=0.072264s delay=0.188628s
[INFO] [1771004867.225720009] [icp_odometry]: Odom: ratio=0.551852, std dev=0.022457m|0.007101rad, update time=0.069867s delay=0.184123s
[INFO] [1771004867.319377883] [icp_odometry]: Odom: ratio=0.543060, std dev=0.022137m|0.007000rad, update time=0.064369s delay=0.178993s
[INFO] [1771004867.424619778] [icp_odometry]: Odom: ratio=0.548768, std dev=0.022577m|0.007139rad, update time=0.070535s delay=0.183237s
[INFO] [1771004867.527663901] [icp_odometry]: Odom: ratio=0.523872, std dev=0.022463m|0.007103rad, update time=0.072962s delay=0.186222s
[INFO] [1771004867.630975265] [icp_odometry]: Odom: ratio=0.535110, std dev=0.023131m|0.007315rad, update time=0.077095s delay=0.190542s
[INFO] [1771004867.720939313] [icp_odometry]: Odom: ratio=0.533920, std dev=0.022399m|0.007083rad, update time=0.068703s delay=0.179326s
[INFO] [1771004867.830014303] [icp_odometry]: Odom: ratio=0.541641, std dev=0.022115m|0.006993rad, update time=0.074145s delay=0.188832s
[INFO] [1771004867.926881953] [icp_odometry]: Odom: ratio=0.535509, std dev=0.022278m|0.007045rad, update time=0.070357s delay=0.185364s
[INFO] [1771004868.034701346] [icp_odometry]: Odom: ratio=0.536977, std dev=0.021576m|0.006823rad, update time=0.078100s delay=0.193205s
[INFO] [1771004868.126562421] [icp_odometry]: Odom: ratio=0.553748, std dev=0.023234m|0.007347rad, update time=0.070480s delay=0.186209s
[INFO] [1771004868.224922827] [icp_odometry]: Odom: ratio=0.549513, std dev=0.022027m|0.006965rad, update time=0.069650s delay=0.183407s
[INFO] [1771004868.324704916] [icp_odometry]: Odom: ratio=0.558284, std dev=0.022947m|0.007257rad, update time=0.069214s delay=0.183066s
[INFO] [1771004868.424918187] [icp_odometry]: Odom: ratio=0.541101, std dev=0.022469m|0.007105rad, update time=0.068164s delay=0.183421s
[INFO] [1771004868.531749034] [icp_odometry]: Odom: ratio=0.534570, std dev=0.022637m|0.007158rad, update time=0.078778s delay=0.191404s
[INFO] [1771004868.627599368] [icp_odometry]: Odom: ratio=0.537057, std dev=0.022033m|0.006968rad, update time=0.072437s delay=0.186232s
[INFO] [1771004868.722755247] [icp_odometry]: Odom: ratio=0.560768, std dev=0.022023m|0.006964rad, update time=0.066300s delay=0.182374s
[INFO] [1771004868.824436441] [icp_odometry]: Odom: ratio=0.561538, std dev=0.021993m|0.006955rad, update time=0.069366s delay=0.183219s
[INFO] [1771004868.923624845] [icp_odometry]: Odom: ratio=0.551353, std dev=0.022359m|0.007070rad, update time=0.067666s delay=0.183255s
[INFO] [1771004869.018793587] [icp_odometry]: Odom: ratio=0.560086, std dev=0.022157m|0.007007rad, update time=0.063030s delay=0.177248s
[INFO] [1771004869.129198800] [icp_odometry]: Odom: ratio=0.571986, std dev=0.021876m|0.006918rad, update time=0.070607s delay=0.187939s
[INFO] [1771004869.226474688] [icp_odometry]: Odom: ratio=0.551700, std dev=0.020945m|0.006623rad, update time=0.070710s delay=0.185059s
[INFO] [1771004869.328251470] [icp_odometry]: Odom: ratio=0.552139, std dev=0.021595m|0.006829rad, update time=0.070192s delay=0.186944s
[INFO] [1771004869.429121532] [icp_odometry]: Odom: ratio=0.558410, std dev=0.021102m|0.006673rad, update time=0.072953s delay=0.187584s
[INFO] [1771004869.525253573] [icp_odometry]: Odom: ratio=0.550872, std dev=0.021494m|0.006797rad, update time=0.069527s delay=0.183763s
[INFO] [1771004869.624651199] [icp_odometry]: Odom: ratio=0.546499, std dev=0.021974m|0.006949rad, update time=0.068624s delay=0.180489s
[INFO] [1771004869.708652255] [icp_odometry]: Odom: ratio=0.540622, std dev=0.020939m|0.006621rad, update time=0.057582s delay=0.167134s
[INFO] [1771004869.826076017] [icp_odometry]: Odom: ratio=0.523529, std dev=0.022181m|0.007014rad, update time=0.071139s delay=0.184695s
[INFO] [1771004869.923957366] [icp_odometry]: Odom: ratio=0.531569, std dev=0.021702m|0.006863rad, update time=0.063471s delay=0.182618s
[INFO] [1771004870.019081147] [icp_odometry]: Odom: ratio=0.528295, std dev=0.022017m|0.006962rad, update time=0.064112s delay=0.177557s
[INFO] [1771004870.119154798] [icp_odometry]: Odom: ratio=0.522489, std dev=0.021533m|0.006809rad, update time=0.062892s delay=0.177510s
[INFO] [1771004870.223284974] [icp_odometry]: Odom: ratio=0.533482, std dev=0.021290m|0.006732rad, update time=0.068631s delay=0.181818s
[INFO] [1771004870.323168122] [icp_odometry]: Odom: ratio=0.534002, std dev=0.021468m|0.006789rad, update time=0.070100s delay=0.181683s
[INFO] [1771004870.415758150] [icp_odometry]: Odom: ratio=0.537690, std dev=0.021298m|0.006735rad, update time=0.062677s delay=0.174383s
[INFO] [1771004870.524702511] [icp_odometry]: Odom: ratio=0.540853, std dev=0.021791m|0.006891rad, update time=0.068412s delay=0.183429s
[INFO] [1771004870.620785270] [icp_odometry]: Odom: ratio=0.542169, std dev=0.021534m|0.006810rad, update time=0.064990s delay=0.179285s
[INFO] [1771004870.718520918] [icp_odometry]: Odom: ratio=0.544763, std dev=0.022051m|0.006973rad, update time=0.065665s delay=0.178212s
[INFO] [1771004870.812438257] [icp_odometry]: Odom: ratio=0.549837, std dev=0.021251m|0.006720rad, update time=0.060095s delay=0.172037s
[INFO] [1771004870.921042734] [icp_odometry]: Odom: ratio=0.532037, std dev=0.021919m|0.006931rad, update time=0.063459s delay=0.179648s
[INFO] [1771004871.018596456] [icp_odometry]: Odom: ratio=0.540272, std dev=0.021357m|0.006754rad, update time=0.062367s delay=0.176836s
[INFO] [1771004871.128145543] [icp_odometry]: Odom: ratio=0.539305, std dev=0.021304m|0.006737rad, update time=0.069546s delay=0.186592s
[INFO] [1771004871.215846312] [icp_odometry]: Odom: ratio=0.527991, std dev=0.021193m|0.006702rad, update time=0.060642s delay=0.175495s
[INFO] [1771004871.319476119] [icp_odometry]: Odom: ratio=0.532319, std dev=0.021364m|0.006756rad, update time=0.065227s delay=0.178043s
[INFO] [1771004871.419878837] [icp_odometry]: Odom: ratio=0.520110, std dev=0.021784m|0.006889rad, update time=0.063526s delay=0.178384s
[INFO] [1771004871.522464447] [icp_odometry]: Odom: ratio=0.520281, std dev=0.021061m|0.006660rad, update time=0.062047s delay=0.181002s
[INFO] [1771004871.615520060] [icp_odometry]: Odom: ratio=0.522675, std dev=0.021260m|0.006723rad, update time=0.062178s delay=0.175175s
[INFO] [1771004871.713015412] [icp_odometry]: Odom: ratio=0.514679, std dev=0.021455m|0.006785rad, update time=0.060222s delay=0.172596s
[INFO] [1771004871.810421481] [icp_odometry]: Odom: ratio=0.518039, std dev=0.021003m|0.006642rad, update time=0.057874s delay=0.169062s
[INFO] [1771004871.918889057] [icp_odometry]: Odom: ratio=0.499420, std dev=0.021561m|0.006818rad, update time=0.063738s delay=0.178556s
[INFO] [1771004872.021041660] [icp_odometry]: Odom: ratio=0.515068, std dev=0.021548m|0.006814rad, update time=0.061667s delay=0.180673s
[INFO] [1771004872.117062305] [icp_odometry]: Odom: ratio=0.518883, std dev=0.022088m|0.006985rad, update time=0.062954s delay=0.174329s
[INFO] [1771004872.218211225] [icp_odometry]: Odom: ratio=0.508729, std dev=0.021819m|0.006900rad, update time=0.063789s delay=0.176750s
[INFO] [1771004872.319912516] [icp_odometry]: Odom: ratio=0.505830, std dev=0.021532m|0.006809rad, update time=0.063740s delay=0.178401s
[INFO] [1771004872.412517265] [icp_odometry]: Odom: ratio=0.517256, std dev=0.020768m|0.006568rad, update time=0.059434s delay=0.171212s
[INFO] [1771004872.512882829] [icp_odometry]: Odom: ratio=0.512531, std dev=0.021132m|0.006682rad, update time=0.059214s delay=0.172543s
[INFO] [1771004872.613387183] [icp_odometry]: Odom: ratio=0.515998, std dev=0.020792m|0.006575rad, update time=0.059510s delay=0.172062s
[INFO] [1771004872.719939332] [icp_odometry]: Odom: ratio=0.509891, std dev=0.021004m|0.006642rad, update time=0.067541s delay=0.178332s
[INFO] [1771004872.816722371] [icp_odometry]: Odom: ratio=0.526189, std dev=0.021095m|0.006671rad, update time=0.063101s delay=0.175326s
[INFO] [1771004872.920099466] [icp_odometry]: Odom: ratio=0.518248, std dev=0.021466m|0.006788rad, update time=0.060892s delay=0.178549s
[INFO] [1771004873.025577337] [icp_odometry]: Odom: ratio=0.512305, std dev=0.021036m|0.006652rad, update time=0.065752s delay=0.184084s
[INFO] [1771004873.117118561] [icp_odometry]: Odom: ratio=0.525595, std dev=0.021320m|0.006742rad, update time=0.060888s delay=0.175633s
[INFO] [1771004873.215947527] [icp_odometry]: Odom: ratio=0.521132, std dev=0.020814m|0.006582rad, update time=0.058605s delay=0.174484s
[INFO] [1771004873.324001617] [icp_odometry]: Odom: ratio=0.512450, std dev=0.021232m|0.006714rad, update time=0.067232s delay=0.182298s
[INFO] [1771004873.413640150] [icp_odometry]: Odom: ratio=0.524504, std dev=0.020587m|0.006510rad, update time=0.061034s delay=0.172209s
[INFO] [1771004873.514604648] [icp_odometry]: Odom: ratio=0.508454, std dev=0.020717m|0.006551rad, update time=0.061172s delay=0.173193s
[INFO] [1771004873.611715954] [icp_odometry]: Odom: ratio=0.520083, std dev=0.020521m|0.006489rad, update time=0.057435s delay=0.170378s
[INFO] [1771004873.711214961] [icp_odometry]: Odom: ratio=0.518627, std dev=0.021238m|0.006716rad, update time=0.057664s delay=0.169640s
[INFO] [1771004873.819189400] [icp_odometry]: Odom: ratio=0.521896, std dev=0.021067m|0.006662rad, update time=0.063024s delay=0.178887s
[INFO] [1771004873.914204953] [icp_odometry]: Odom: ratio=0.508030, std dev=0.020840m|0.006590rad, update time=0.058223s delay=0.172845s
[INFO] [1771004874.018031439] [icp_odometry]: Odom: ratio=0.516277, std dev=0.020327m|0.006428rad, update time=0.059191s delay=0.176449s
[INFO] [1771004874.118298056] [icp_odometry]: Odom: ratio=0.509996, std dev=0.021650m|0.006846rad, update time=0.062367s delay=0.176836s
[INFO] [1771004874.220050229] [icp_odometry]: Odom: ratio=0.528340, std dev=0.021514m|0.006803rad, update time=0.061914s delay=0.178434s
[INFO] [1771004874.318289671] [icp_odometry]: Odom: ratio=0.531199, std dev=0.020338m|0.006431rad, update time=0.059867s delay=0.176884s
[INFO] [1771004874.422550477] [icp_odometry]: Odom: ratio=0.516787, std dev=0.020748m|0.006561rad, update time=0.060641s delay=0.181258s
[INFO] [1771004874.517899385] [icp_odometry]: Odom: ratio=0.512540, std dev=0.020965m|0.006630rad, update time=0.060822s delay=0.176291s
[INFO] [1771004874.611022008] [icp_odometry]: Odom: ratio=0.507787, std dev=0.021142m|0.006686rad, update time=0.058493s delay=0.170692s
[INFO] [1771004874.717356774] [icp_odometry]: Odom: ratio=0.509159, std dev=0.020416m|0.006456rad, update time=0.060484s delay=0.175896s
[INFO] [1771004874.811768082] [icp_odometry]: Odom: ratio=0.507432, std dev=0.021407m|0.006769rad, update time=0.060164s delay=0.170398s
[INFO] [1771004874.910784191] [icp_odometry]: Odom: ratio=0.508603, std dev=0.020767m|0.006567rad, update time=0.054384s delay=0.170349s
[INFO] [1771004875.007274836] [icp_odometry]: Odom: ratio=0.502890, std dev=0.020977m|0.006634rad, update time=0.054307s delay=0.165682s
[INFO] [1771004875.119992674] [icp_odometry]: Odom: ratio=0.510550, std dev=0.020881m|0.006603rad, update time=0.063818s delay=0.178276s
[INFO] [1771004875.215331790] [icp_odometry]: Odom: ratio=0.513569, std dev=0.021316m|0.006741rad, update time=0.058844s delay=0.173889s
[INFO] [1771004875.320764156] [icp_odometry]: Odom: ratio=0.511129, std dev=0.021029m|0.006650rad, update time=0.062215s delay=0.179265s
[INFO] [1771004875.411688686] [icp_odometry]: Odom: ratio=0.509877, std dev=0.021499m|0.006799rad, update time=0.058899s delay=0.170137s
[INFO] [1771004875.517420199] [icp_odometry]: Odom: ratio=0.516300, std dev=0.021132m|0.006683rad, update time=0.062178s delay=0.177095s
[INFO] [1771004875.611315041] [icp_odometry]: Odom: ratio=0.541936, std dev=0.021300m|0.006736rad, update time=0.055724s delay=0.169793s
[INFO] [1771004875.718045404] [icp_odometry]: Odom: ratio=0.521492, std dev=0.020832m|0.006588rad, update time=0.061705s delay=0.177622s
[INFO] [1771004875.813812024] [icp_odometry]: Odom: ratio=0.519873, std dev=0.021260m|0.006723rad, update time=0.059558s delay=0.172417s
[INFO] [1771004875.913736197] [icp_odometry]: Odom: ratio=0.518992, std dev=0.021612m|0.006834rad, update time=0.060257s delay=0.172260s
[INFO] [1771004876.019434268] [icp_odometry]: Odom: ratio=0.519154, std dev=0.020729m|0.006555rad, update time=0.066119s delay=0.177876s
[INFO] [1771004876.115621382] [icp_odometry]: Odom: ratio=0.505351, std dev=0.020687m|0.006542rad, update time=0.062733s delay=0.174151s
[INFO] [1771004876.214295752] [icp_odometry]: Odom: ratio=0.525396, std dev=0.021511m|0.006802rad, update time=0.060820s delay=0.172924s
[INFO] [1771004876.316007444] [icp_odometry]: Odom: ratio=0.512958, std dev=0.020939m|0.006621rad, update time=0.061949s delay=0.174553s
[INFO] [1771004876.418045163] [icp_odometry]: Odom: ratio=0.521667, std dev=0.021847m|0.006909rad, update time=0.063263s delay=0.176729s
[INFO] [1771004876.521456210] [icp_odometry]: Odom: ratio=0.507845, std dev=0.021176m|0.006696rad, update time=0.066087s delay=0.180030s
[INFO] [1771004876.622708366] [icp_odometry]: Odom: ratio=0.527925, std dev=0.021065m|0.006661rad, update time=0.067030s delay=0.181281s
[INFO] [1771004876.720188005] [icp_odometry]: Odom: ratio=0.529222, std dev=0.021344m|0.006749rad, update time=0.066537s delay=0.178769s
[INFO] [1771004876.820703079] [icp_odometry]: Odom: ratio=0.521347, std dev=0.020982m|0.006635rad, update time=0.063591s delay=0.180276s
[INFO] [1771004876.919968413] [icp_odometry]: Odom: ratio=0.517533, std dev=0.020827m|0.006586rad, update time=0.066055s delay=0.178486s
[INFO] [1771004877.014597969] [icp_odometry]: Odom: ratio=0.526082, std dev=0.020620m|0.006521rad, update time=0.060839s delay=0.174186s
[INFO] [1771004877.117176699] [icp_odometry]: Odom: ratio=0.530587, std dev=0.020812m|0.006581rad, update time=0.065195s delay=0.175679s
[INFO] [1771004877.217866755] [icp_odometry]: Odom: ratio=0.539789, std dev=0.021217m|0.006709rad, update time=0.062132s delay=0.176296s
[INFO] [1771004877.317957366] [icp_odometry]: Odom: ratio=0.527158, std dev=0.021468m|0.006789rad, update time=0.061265s delay=0.176323s
[INFO] [1771004877.419513116] [icp_odometry]: Odom: ratio=0.521721, std dev=0.020867m|0.006599rad, update time=0.064488s delay=0.178033s
[INFO] [1771004877.522563671] [icp_odometry]: Odom: ratio=0.531183, std dev=0.021456m|0.006785rad, update time=0.066205s delay=0.181202s
[INFO] [1771004877.617731102] [icp_odometry]: Odom: ratio=0.519272, std dev=0.020708m|0.006548rad, update time=0.065246s delay=0.176260s
[INFO] [1771004877.717470532] [icp_odometry]: Odom: ratio=0.527753, std dev=0.021482m|0.006793rad, update time=0.064309s delay=0.176891s
[INFO] [1771004877.818978313] [icp_odometry]: Odom: ratio=0.512500, std dev=0.021211m|0.006708rad, update time=0.063914s delay=0.178489s
[INFO] [1771004877.917943572] [icp_odometry]: Odom: ratio=0.521073, std dev=0.021226m|0.006712rad, update time=0.065311s delay=0.177516s
[INFO] [1771004878.028149898] [icp_odometry]: Odom: ratio=0.523810, std dev=0.021166m|0.006693rad, update time=0.070378s delay=0.186601s
[INFO] [1771004878.122726652] [icp_odometry]: Odom: ratio=0.513952, std dev=0.022575m|0.007139rad, update time=0.067454s delay=0.181119s
[INFO] [1771004878.226721399] [icp_odometry]: Odom: ratio=0.505599, std dev=0.022765m|0.007199rad, update time=0.068386s delay=0.186311s
[INFO] [1771004878.311091780] [icp_odometry]: Odom: ratio=0.501971, std dev=0.022343m|0.007066rad, update time=0.059195s delay=0.169719s
[INFO] [1771004878.413949335] [icp_odometry]: Odom: ratio=0.514311, std dev=0.021380m|0.006761rad, update time=0.062072s delay=0.172453s
[INFO] [1771004878.517650537] [icp_odometry]: Odom: ratio=0.512777, std dev=0.020427m|0.006459rad, update time=0.061070s delay=0.176130s
[INFO] [1771004878.618545720] [icp_odometry]: Odom: ratio=0.522572, std dev=0.021360m|0.006754rad, update time=0.066041s delay=0.178086s
[INFO] [1771004878.719785939] [icp_odometry]: Odom: ratio=0.538052, std dev=0.022329m|0.007061rad, update time=0.063289s delay=0.178289s
[INFO] [1771004878.813123354] [icp_odometry]: Odom: ratio=0.532046, std dev=0.021348m|0.006751rad, update time=0.061778s delay=0.172761s
[INFO] [1771004878.922379726] [icp_odometry]: Odom: ratio=0.544299, std dev=0.021174m|0.006696rad, update time=0.065647s delay=0.181826s
[INFO] [1771004879.012684554] [icp_odometry]: Odom: ratio=0.539676, std dev=0.021936m|0.006937rad, update time=0.060161s delay=0.171183s
[INFO] [1771004879.124791842] [icp_odometry]: Odom: ratio=0.541793, std dev=0.021538m|0.006811rad, update time=0.067813s delay=0.183157s
[INFO] [1771004879.211267928] [icp_odometry]: Odom: ratio=0.549533, std dev=0.021810m|0.006897rad, update time=0.057174s delay=0.169618s
[INFO] [1771004879.324818211] [icp_odometry]: Odom: ratio=0.538546, std dev=0.021548m|0.006814rad, update time=0.069953s delay=0.183208s
[INFO] [1771004879.423250011] [icp_odometry]: Odom: ratio=0.547905, std dev=0.020950m|0.006625rad, update time=0.069251s delay=0.181754s
[INFO] [1771004879.530228736] [icp_odometry]: Odom: ratio=0.550516, std dev=0.021282m|0.006730rad, update time=0.070780s delay=0.188794s
[INFO] [1771004879.626097855] [icp_odometry]: Odom: ratio=0.560459, std dev=0.021189m|0.006701rad, update time=0.068563s delay=0.184489s
[INFO] [1771004879.724888644] [icp_odometry]: Odom: ratio=0.558405, std dev=0.020841m|0.006591rad, update time=0.069387s delay=0.183396s
[INFO] [1771004879.823760301] [icp_odometry]: Odom: ratio=0.549527, std dev=0.020700m|0.006546rad, update time=0.068282s delay=0.182378s
[INFO] [1771004879.931631632] [icp_odometry]: Odom: ratio=0.555787, std dev=0.021095m|0.006671rad, update time=0.075070s delay=0.190088s
[INFO] [1771004880.028506770] [icp_odometry]: Odom: ratio=0.553688, std dev=0.020982m|0.006635rad, update time=0.071958s delay=0.186904s
[INFO] [1771004880.120112540] [icp_odometry]: Odom: ratio=0.556861, std dev=0.020737m|0.006557rad, update time=0.059959s delay=0.178728s
[INFO] [1771004880.225203902] [icp_odometry]: Odom: ratio=0.553311, std dev=0.020600m|0.006514rad, update time=0.071120s delay=0.183610s
[INFO] [1771004880.334339406] [icp_odometry]: Odom: ratio=0.564527, std dev=0.020659m|0.006533rad, update time=0.077446s delay=0.192857s
[INFO] [1771004880.427656372] [icp_odometry]: Odom: ratio=0.560414, std dev=0.020890m|0.006606rad, update time=0.071518s delay=0.186276s
[INFO] [1771004880.524248428] [icp_odometry]: Odom: ratio=0.564784, std dev=0.020525m|0.006491rad, update time=0.071081s delay=0.182699s
[INFO] [1771004880.620824196] [icp_odometry]: Odom: ratio=0.554253, std dev=0.021355m|0.006753rad, update time=0.067043s delay=0.179255s
[INFO] [1771004880.736088491] [icp_odometry]: Odom: ratio=0.580110, std dev=0.021260m|0.006723rad, update time=0.077361s delay=0.194706s
[INFO] [1771004880.831957290] [icp_odometry]: Odom: ratio=0.571575, std dev=0.021039m|0.006653rad, update time=0.072368s delay=0.191485s
[INFO] [1771004880.929239738] [icp_odometry]: Odom: ratio=0.563763, std dev=0.021292m|0.006733rad, update time=0.070918s delay=0.187799s
[INFO] [1771004881.026001561] [icp_odometry]: Odom: ratio=0.560125, std dev=0.021455m|0.006785rad, update time=0.070574s delay=0.184625s
[INFO] [1771004881.123726905] [icp_odometry]: Odom: ratio=0.574656, std dev=0.020840m|0.006590rad, update time=0.066990s delay=0.182058s
[INFO] [1771004881.224778382] [icp_odometry]: Odom: ratio=0.569100, std dev=0.020406m|0.006453rad, update time=0.071004s delay=0.184343s
[INFO] [1771004881.329730827] [icp_odometry]: Odom: ratio=0.579761, std dev=0.021496m|0.006798rad, update time=0.069888s delay=0.188160s
[INFO] [1771004881.424711851] [icp_odometry]: Odom: ratio=0.578186, std dev=0.021614m|0.006835rad, update time=0.068442s delay=0.183083s
[INFO] [1771004881.525359345] [icp_odometry]: Odom: ratio=0.575478, std dev=0.022109m|0.006991rad, update time=0.070524s delay=0.183347s
[INFO] [1771004881.620573433] [icp_odometry]: Odom: ratio=0.566700, std dev=0.022409m|0.007086rad, update time=0.067023s delay=0.178984s
[INFO] [1771004881.730798032] [icp_odometry]: Odom: ratio=0.571475, std dev=0.022386m|0.007079rad, update time=0.076772s delay=0.190348s
[INFO] [1771004881.834689096] [icp_odometry]: Odom: ratio=0.580296, std dev=0.021837m|0.006905rad, update time=0.073804s delay=0.193271s
[INFO] [1771004881.926962857] [icp_odometry]: Odom: ratio=0.571105, std dev=0.021942m|0.006939rad, update time=0.070180s delay=0.185358s
[INFO] [1771004882.034304890] [icp_odometry]: Odom: ratio=0.573199, std dev=0.021598m|0.006830rad, update time=0.074471s delay=0.193694s
[INFO] [1771004882.133450476] [icp_odometry]: Odom: ratio=0.559311, std dev=0.021967m|0.006947rad, update time=0.076209s delay=0.191903s
[INFO] [1771004882.234889582] [icp_odometry]: Odom: ratio=0.540506, std dev=0.023144m|0.007319rad, update time=0.079316s delay=0.193336s
[INFO] [1771004882.327920202] [icp_odometry]: Odom: ratio=0.541757, std dev=0.023676m|0.007487rad, update time=0.070875s delay=0.186495s
[INFO] [1771004882.425048181] [icp_odometry]: Odom: ratio=0.549223, std dev=0.025230m|0.007978rad, update time=0.070170s delay=0.184587s
[INFO] [1771004882.525843104] [icp_odometry]: Odom: ratio=0.532998, std dev=0.023717m|0.007500rad, update time=0.071510s delay=0.184369s
[INFO] [1771004882.629116611] [icp_odometry]: Odom: ratio=0.544253, std dev=0.024048m|0.007605rad, update time=0.076036s delay=0.188634s
[INFO] [1771004882.720195482] [icp_odometry]: Odom: ratio=0.528408, std dev=0.023988m|0.007586rad, update time=0.067438s delay=0.179821s
[INFO] [1771004882.834051855] [icp_odometry]: Odom: ratio=0.544673, std dev=0.023843m|0.007540rad, update time=0.073613s delay=0.193515s
[INFO] [1771004882.935174887] [icp_odometry]: Odom: ratio=0.518407, std dev=0.024600m|0.007779rad, update time=0.071343s delay=0.194723s
[INFO] [1771004883.024383356] [icp_odometry]: Odom: ratio=0.540833, std dev=0.024980m|0.007899rad, update time=0.070411s delay=0.182880s
[INFO] [1771004883.127164974] [icp_odometry]: Odom: ratio=0.523395, std dev=0.024616m|0.007784rad, update time=0.070114s delay=0.186678s
[INFO] [1771004883.224367611] [icp_odometry]: Odom: ratio=0.548006, std dev=0.026019m|0.008228rad, update time=0.070244s delay=0.182720s
[INFO] [1771004883.334147714] [icp_odometry]: Odom: ratio=0.536009, std dev=0.024718m|0.007817rad, update time=0.078723s delay=0.192425s
[INFO] [1771004883.428656561] [icp_odometry]: Odom: ratio=0.529185, std dev=0.024968m|0.007896rad, update time=0.072498s delay=0.187223s
[INFO] [1771004883.526197323] [icp_odometry]: Odom: ratio=0.536208, std dev=0.022562m|0.007135rad, update time=0.069762s delay=0.184666s
[INFO] [1771004883.627886134] [icp_odometry]: Odom: ratio=0.537383, std dev=0.021729m|0.006871rad, update time=0.073799s delay=0.186454s
[INFO] [1771004883.730165558] [icp_odometry]: Odom: ratio=0.550461, std dev=0.022651m|0.007163rad, update time=0.072378s delay=0.189654s
[INFO] [1771004883.822772034] [icp_odometry]: Odom: ratio=0.536873, std dev=0.022241m|0.007033rad, update time=0.068644s delay=0.181171s
[INFO] [1771004883.926525846] [icp_odometry]: Odom: ratio=0.554715, std dev=0.021206m|0.006706rad, update time=0.070746s delay=0.185993s
[INFO] [1771004884.027924022] [icp_odometry]: Odom: ratio=0.538001, std dev=0.022410m|0.007087rad, update time=0.072549s delay=0.186353s
[INFO] [1771004884.132823026] [icp_odometry]: Odom: ratio=0.547226, std dev=0.021757m|0.006880rad, update time=0.075789s delay=0.191401s
[INFO] [1771004884.230496688] [icp_odometry]: Odom: ratio=0.549156, std dev=0.022381m|0.007077rad, update time=0.072770s delay=0.188899s
[INFO] [1771004884.334392041] [icp_odometry]: Odom: ratio=0.560765, std dev=0.021789m|0.006890rad, update time=0.076032s delay=0.192679s
[INFO] [1771004884.427931126] [icp_odometry]: Odom: ratio=0.554993, std dev=0.021955m|0.006943rad, update time=0.072388s delay=0.187455s
[INFO] [1771004884.537109671] [icp_odometry]: Odom: ratio=0.561357, std dev=0.021974m|0.006949rad, update time=0.074946s delay=0.195449s
[INFO] [1771004884.634900938] [icp_odometry]: Odom: ratio=0.543971, std dev=0.021977m|0.006950rad, update time=0.074560s delay=0.193481s
[INFO] [1771004884.735032062] [icp_odometry]: Odom: ratio=0.556544, std dev=0.021604m|0.006832rad, update time=0.080013s delay=0.193476s
[INFO] [1771004884.830871196] [icp_odometry]: Odom: ratio=0.554999, std dev=0.021620m|0.006837rad, update time=0.075963s delay=0.189287s
[INFO] [1771004884.932767054] [icp_odometry]: Odom: ratio=0.552277, std dev=0.021705m|0.006864rad, update time=0.075448s delay=0.191270s
[INFO] [1771004885.031071907] [icp_odometry]: Odom: ratio=0.551340, std dev=0.021428m|0.006776rad, update time=0.074791s delay=0.189368s
[INFO] [1771004885.132057365] [icp_odometry]: Odom: ratio=0.562842, std dev=0.021470m|0.006789rad, update time=0.072852s delay=0.190458s
[INFO] [1771004885.234856359] [icp_odometry]: Odom: ratio=0.560010, std dev=0.021996m|0.006956rad, update time=0.076051s delay=0.193442s
[INFO] [1771004885.334627663] [icp_odometry]: Odom: ratio=0.572517, std dev=0.022123m|0.006996rad, update time=0.076035s delay=0.192992s
[INFO] [1771004885.437280636] [icp_odometry]: Odom: ratio=0.571504, std dev=0.021226m|0.006712rad, update time=0.077531s delay=0.195791s
[INFO] [1771004885.533774609] [icp_odometry]: Odom: ratio=0.574446, std dev=0.021398m|0.006767rad, update time=0.075754s delay=0.192237s
[INFO] [1771004885.636321306] [icp_odometry]: Odom: ratio=0.563432, std dev=0.021311m|0.006739rad, update time=0.078027s delay=0.194767s
[INFO] [1771004885.740207890] [icp_odometry]: Odom: ratio=0.579449, std dev=0.021492m|0.006796rad, update time=0.076484s delay=0.198806s
[INFO] [1771004885.832239882] [icp_odometry]: Odom: ratio=0.566480, std dev=0.021399m|0.006767rad, update time=0.075879s delay=0.190818s
[INFO] [1771004885.928747488] [icp_odometry]: Odom: ratio=0.567924, std dev=0.021413m|0.006771rad, update time=0.072456s delay=0.188277s
[INFO] [1771004886.033429396] [icp_odometry]: Odom: ratio=0.577181, std dev=0.021735m|0.006873rad, update time=0.073264s delay=0.191975s
[INFO] [1771004886.133195227] [icp_odometry]: Odom: ratio=0.571888, std dev=0.021064m|0.006661rad, update time=0.073914s delay=0.192854s
[INFO] [1771004886.231379243] [icp_odometry]: Odom: ratio=0.573674, std dev=0.021353m|0.006752rad, update time=0.075972s delay=0.190870s
[INFO] [1771004886.328284143] [icp_odometry]: Odom: ratio=0.579471, std dev=0.020929m|0.006618rad, update time=0.069004s delay=0.186851s
[INFO] [1771004886.430880345] [icp_odometry]: Odom: ratio=0.573749, std dev=0.021614m|0.006835rad, update time=0.073106s delay=0.189352s
[INFO] [1771004886.528692968] [icp_odometry]: Odom: ratio=0.571579, std dev=0.021271m|0.006726rad, update time=0.068955s delay=0.188184s
[INFO] [1771004886.632361310] [icp_odometry]: Odom: ratio=0.571139, std dev=0.021868m|0.006915rad, update time=0.075334s delay=0.190704s
[INFO] [1771004886.747904231] [icp_odometry]: Odom: ratio=0.576489, std dev=0.021092m|0.006670rad, update time=0.083060s delay=0.206393s
[INFO] [1771004886.837181102] [icp_odometry]: Odom: ratio=0.566881, std dev=0.021426m|0.006775rad, update time=0.078527s delay=0.196738s
[INFO] [1771004886.927497946] [icp_odometry]: Odom: ratio=0.580005, std dev=0.021427m|0.006776rad, update time=0.069900s delay=0.185898s
[INFO] [1771004887.029851840] [icp_odometry]: Odom: ratio=0.577825, std dev=0.021374m|0.006759rad, update time=0.072798s delay=0.188237s
[INFO] [1771004887.128290006] [icp_odometry]: Odom: ratio=0.565716, std dev=0.021234m|0.006715rad, update time=0.070133s delay=0.186721s
[INFO] [1771004887.230740128] [icp_odometry]: Odom: ratio=0.556824, std dev=0.021666m|0.006851rad, update time=0.073201s delay=0.189129s
[INFO] [1771004887.340331247] [icp_odometry]: Odom: ratio=0.569657, std dev=0.021899m|0.006925rad, update time=0.081318s delay=0.198797s
[INFO] [1771004887.435109727] [icp_odometry]: Odom: ratio=0.565924, std dev=0.021635m|0.006841rad, update time=0.077179s delay=0.193711s
[INFO] [1771004887.537604106] [icp_odometry]: Odom: ratio=0.571680, std dev=0.021616m|0.006835rad, update time=0.077821s delay=0.195923s
[INFO] [1771004887.637974151] [icp_odometry]: Odom: ratio=0.567615, std dev=0.021284m|0.006730rad, update time=0.080817s delay=0.196511s
[INFO] [1771004887.733833823] [icp_odometry]: Odom: ratio=0.567269, std dev=0.021117m|0.006678rad, update time=0.076705s delay=0.193307s
[INFO] [1771004887.846837259] [icp_odometry]: Odom: ratio=0.575904, std dev=0.021752m|0.006879rad, update time=0.084753s delay=0.205319s
[INFO] [1771004887.935328341] [icp_odometry]: Odom: ratio=0.574426, std dev=0.021057m|0.006659rad, update time=0.079377s delay=0.194877s
[INFO] [1771004888.024447990] [icp_odometry]: Odom: ratio=0.572493, std dev=0.021799m|0.006893rad, update time=0.071304s delay=0.182787s
[INFO] [1771004888.135399478] [icp_odometry]: Odom: ratio=0.570188, std dev=0.021527m|0.006808rad, update time=0.076396s delay=0.193653s
[INFO] [1771004888.227733549] [icp_odometry]: Odom: ratio=0.571321, std dev=0.021651m|0.006847rad, update time=0.070159s delay=0.187263s
[INFO] [1771004888.333218021] [icp_odometry]: Odom: ratio=0.566743, std dev=0.021807m|0.006896rad, update time=0.075917s delay=0.191573s
[INFO] [1771004888.432114765] [icp_odometry]: Odom: ratio=0.557854, std dev=0.021997m|0.006956rad, update time=0.073334s delay=0.190536s
[INFO] [1771004888.538651788] [icp_odometry]: Odom: ratio=0.545362, std dev=0.021638m|0.006842rad, update time=0.079493s delay=0.198219s
[INFO] [1771004888.636112190] [icp_odometry]: Odom: ratio=0.563181, std dev=0.021950m|0.006941rad, update time=0.076753s delay=0.194597s
[INFO] [1771004888.733993408] [icp_odometry]: Odom: ratio=0.566010, std dev=0.021424m|0.006775rad, update time=0.076919s delay=0.192440s
[INFO] [1771004888.840451196] [icp_odometry]: Odom: ratio=0.565867, std dev=0.021325m|0.006744rad, update time=0.078839s delay=0.198882s
[INFO] [1771004888.932763602] [icp_odometry]: Odom: ratio=0.554027, std dev=0.021388m|0.006764rad, update time=0.072261s delay=0.191261s
[INFO] [1771004889.024934659] [icp_odometry]: Odom: ratio=0.566018, std dev=0.021612m|0.006834rad, update time=0.070446s delay=0.183208s
[INFO] [1771004889.136817862] [icp_odometry]: Odom: ratio=0.568922, std dev=0.021376m|0.006760rad, update time=0.079725s delay=0.195215s
[INFO] [1771004889.238662201] [icp_odometry]: Odom: ratio=0.564287, std dev=0.021828m|0.006903rad, update time=0.084397s delay=0.198141s
[INFO] [1771004889.334776506] [icp_odometry]: Odom: ratio=0.571429, std dev=0.021327m|0.006744rad, update time=0.076492s delay=0.193114s
[INFO] [1771004889.435214649] [icp_odometry]: Odom: ratio=0.555088, std dev=0.021249m|0.006720rad, update time=0.075288s delay=0.194500s
[INFO] [1771004889.529878629] [icp_odometry]: Odom: ratio=0.558339, std dev=0.021360m|0.006755rad, update time=0.073344s delay=0.188231s
[INFO] [1771004889.636332161] [icp_odometry]: Odom: ratio=0.556152, std dev=0.021048m|0.006656rad, update time=0.076771s delay=0.194530s
[INFO] [1771004889.737747909] [icp_odometry]: Odom: ratio=0.561987, std dev=0.021234m|0.006715rad, update time=0.075167s delay=0.196176s
[INFO] [1771004889.832884834] [icp_odometry]: Odom: ratio=0.561297, std dev=0.021689m|0.006859rad, update time=0.071484s delay=0.192348s
[INFO] [1771004889.939356575] [icp_odometry]: Odom: ratio=0.562395, std dev=0.021205m|0.006706rad, update time=0.076709s delay=0.197905s
[INFO] [1771004890.026992105] [icp_odometry]: Odom: ratio=0.576425, std dev=0.021514m|0.006803rad, update time=0.071516s delay=0.185526s
[INFO] [1771004890.134872986] [icp_odometry]: Odom: ratio=0.561787, std dev=0.021518m|0.006804rad, update time=0.077588s delay=0.193237s
[INFO] [1771004890.232321676] [icp_odometry]: Odom: ratio=0.571011, std dev=0.021015m|0.006646rad, update time=0.076003s delay=0.190677s
[INFO] [1771004890.341041147] [icp_odometry]: Odom: ratio=0.574816, std dev=0.021029m|0.006650rad, update time=0.078890s delay=0.199515s
[INFO] [1771004890.436869201] [icp_odometry]: Odom: ratio=0.574484, std dev=0.021091m|0.006669rad, update time=0.076123s delay=0.195228s
[INFO] [1771004890.533181050] [icp_odometry]: Odom: ratio=0.576143, std dev=0.021241m|0.006717rad, update time=0.076145s delay=0.191554s
[INFO] [1771004890.638515469] [icp_odometry]: Odom: ratio=0.565492, std dev=0.021152m|0.006689rad, update time=0.075646s delay=0.196890s
[INFO] [1771004890.734443239] [icp_odometry]: Odom: ratio=0.569276, std dev=0.021231m|0.006714rad, update time=0.076300s delay=0.192798s
[INFO] [1771004890.840915748] [icp_odometry]: Odom: ratio=0.582675, std dev=0.021345m|0.006750rad, update time=0.079074s delay=0.199264s
[INFO] [1771004890.935127551] [icp_odometry]: Odom: ratio=0.570614, std dev=0.021019m|0.006647rad, update time=0.078256s delay=0.193563s
[INFO] [1771004891.030925813] [icp_odometry]: Odom: ratio=0.583519, std dev=0.021461m|0.006787rad, update time=0.077684s delay=0.189340s
[INFO] [1771004891.154622568] [icp_odometry]: Odom: ratio=0.571604, std dev=0.021590m|0.006827rad, update time=0.089974s delay=0.212955s
[INFO] [1771004891.246666932] [icp_odometry]: Odom: ratio=0.578482, std dev=0.021698m|0.006862rad, update time=0.087186s delay=0.205221s
[INFO] [1771004891.331878918] [icp_odometry]: Odom: ratio=0.574079, std dev=0.021128m|0.006681rad, update time=0.075659s delay=0.191417s
[INFO] [1771004891.438074745] [icp_odometry]: Odom: ratio=0.567916, std dev=0.021202m|0.006705rad, update time=0.078274s delay=0.196545s
[INFO] [1771004891.539531774] [icp_odometry]: Odom: ratio=0.563783, std dev=0.020637m|0.006526rad, update time=0.078087s delay=0.198962s
[INFO] [1771004891.636973871] [icp_odometry]: Odom: ratio=0.569119, std dev=0.021563m|0.006819rad, update time=0.079773s delay=0.194982s
[INFO] [1771004891.734545798] [icp_odometry]: Odom: ratio=0.575914, std dev=0.021335m|0.006747rad, update time=0.078217s delay=0.192944s
[INFO] [1771004891.838156442] [icp_odometry]: Odom: ratio=0.563394, std dev=0.021243m|0.006718rad, update time=0.076387s delay=0.197570s
[INFO] [1771004891.947672006] [icp_odometry]: Odom: ratio=0.579220, std dev=0.021145m|0.006687rad, update time=0.079942s delay=0.205962s
[INFO] [1771004892.034716827] [icp_odometry]: Odom: ratio=0.569046, std dev=0.021168m|0.006694rad, update time=0.077612s delay=0.193111s
[INFO] [1771004892.126590305] [icp_odometry]: Odom: ratio=0.566195, std dev=0.021278m|0.006729rad, update time=0.070331s delay=0.186087s
[INFO] [1771004892.234887808] [icp_odometry]: Odom: ratio=0.578355, std dev=0.021343m|0.006749rad, update time=0.074812s delay=0.193384s
[INFO] [1771004892.334739786] [icp_odometry]: Odom: ratio=0.569420, std dev=0.021682m|0.006856rad, update time=0.074180s delay=0.193084s
[INFO] [1771004892.435674620] [icp_odometry]: Odom: ratio=0.577151, std dev=0.021234m|0.006715rad, update time=0.077156s delay=0.193969s
[INFO] [1771004892.538632312] [icp_odometry]: Odom: ratio=0.563792, std dev=0.021324m|0.006743rad, update time=0.079218s delay=0.197099s
[INFO] [1771004892.630884044] [icp_odometry]: Odom: ratio=0.566417, std dev=0.021043m|0.006654rad, update time=0.074783s delay=0.189286s
[INFO] [1771004892.739185931] [icp_odometry]: Odom: ratio=0.569956, std dev=0.021201m|0.006704rad, update time=0.078694s delay=0.197582s
[INFO] [1771004892.832434468] [icp_odometry]: Odom: ratio=0.556647, std dev=0.020933m|0.006620rad, update time=0.077204s delay=0.191769s
[INFO] [1771004892.935774893] [icp_odometry]: Odom: ratio=0.573223, std dev=0.020928m|0.006618rad, update time=0.075814s delay=0.194179s
[INFO] [1771004893.040000536] [icp_odometry]: Odom: ratio=0.577441, std dev=0.020985m|0.006636rad, update time=0.078492s delay=0.198331s
[INFO] [1771004893.134307287] [icp_odometry]: Odom: ratio=0.573151, std dev=0.021169m|0.006694rad, update time=0.076396s delay=0.192448s
[INFO] [1771004893.230932779] [icp_odometry]: Odom: ratio=0.571429, std dev=0.021306m|0.006738rad, update time=0.074868s delay=0.189457s
[INFO] [1771004893.342696969] [icp_odometry]: Odom: ratio=0.570322, std dev=0.021580m|0.006824rad, update time=0.083187s delay=0.202066s
[INFO] [1771004893.433187388] [icp_odometry]: Odom: ratio=0.551984, std dev=0.021250m|0.006720rad, update time=0.077059s delay=0.191543s
[INFO] [1771004893.545381547] [icp_odometry]: Odom: ratio=0.558262, std dev=0.020667m|0.006536rad, update time=0.089607s delay=0.202204s
[INFO] [1771004893.640993433] [icp_odometry]: Odom: ratio=0.554032, std dev=0.021352m|0.006752rad, update time=0.081020s delay=0.200477s
[INFO] [1771004893.733206572] [icp_odometry]: Odom: ratio=0.564670, std dev=0.021260m|0.006723rad, update time=0.074540s delay=0.191604s
[INFO] [1771004893.837137419] [icp_odometry]: Odom: ratio=0.573705, std dev=0.021169m|0.006694rad, update time=0.075762s delay=0.195556s
[INFO] [1771004893.933741726] [icp_odometry]: Odom: ratio=0.574448, std dev=0.020784m|0.006572rad, update time=0.076751s delay=0.193270s
[INFO] [1771004894.036701146] [icp_odometry]: Odom: ratio=0.559742, std dev=0.021419m|0.006773rad, update time=0.076982s delay=0.195130s
[INFO] [1771004894.146660663] [icp_odometry]: Odom: ratio=0.559624, std dev=0.020970m|0.006631rad, update time=0.086362s delay=0.204813s
[INFO] [1771004894.231951595] [icp_odometry]: Odom: ratio=0.572438, std dev=0.020761m|0.006565rad, update time=0.070666s delay=0.191340s
[INFO] [1771004894.341098730] [icp_odometry]: Odom: ratio=0.586076, std dev=0.021301m|0.006736rad, update time=0.086991s delay=0.199362s
[INFO] [1771004894.428763414] [icp_odometry]: Odom: ratio=0.584565, std dev=0.021242m|0.006717rad, update time=0.072633s delay=0.188205s
[INFO] [1771004894.527560953] [icp_odometry]: Odom: ratio=0.590034, std dev=0.021228m|0.006713rad, update time=0.069344s delay=0.185738s
[INFO] [1771004894.631371348] [icp_odometry]: Odom: ratio=0.584486, std dev=0.021094m|0.006671rad, update time=0.071670s delay=0.190860s
[INFO] [1771004894.736911215] [icp_odometry]: Odom: ratio=0.577205, std dev=0.020796m|0.006576rad, update time=0.079859s delay=0.195191s
[INFO] [1771004894.840032433] [icp_odometry]: Odom: ratio=0.571462, std dev=0.021279m|0.006729rad, update time=0.077653s delay=0.198384s
[INFO] [1771004894.934729470] [icp_odometry]: Odom: ratio=0.572867, std dev=0.020851m|0.006594rad, update time=0.076603s delay=0.193233s
[INFO] [1771004895.034585256] [icp_odometry]: Odom: ratio=0.566469, std dev=0.021190m|0.006701rad, update time=0.076947s delay=0.192980s
[INFO] [1771004895.155796993] [icp_odometry]: Odom: ratio=0.569866, std dev=0.020559m|0.006501rad, update time=0.091061s delay=0.214064s
[INFO] [1771004895.237359021] [icp_odometry]: Odom: ratio=0.577404, std dev=0.020554m|0.006500rad, update time=0.080403s delay=0.195592s
[INFO] [1771004895.340743160] [icp_odometry]: Odom: ratio=0.561935, std dev=0.020775m|0.006570rad, update time=0.078154s delay=0.198977s
[INFO] [1771004895.436301957] [icp_odometry]: Odom: ratio=0.579900, std dev=0.020617m|0.006520rad, update time=0.077758s delay=0.194839s
[INFO] [1771004895.538975286] [icp_odometry]: Odom: ratio=0.565581, std dev=0.020993m|0.006639rad, update time=0.081837s delay=0.197416s
[INFO] [1771004895.633914733] [icp_odometry]: Odom: ratio=0.574899, std dev=0.021010m|0.006644rad, update time=0.073562s delay=0.192303s
[INFO] [1771004895.742742432] [icp_odometry]: Odom: ratio=0.568161, std dev=0.020950m|0.006625rad, update time=0.083381s delay=0.201232s
[INFO] [1771004895.840063181] [icp_odometry]: Odom: ratio=0.575875, std dev=0.020955m|0.006627rad, update time=0.077517s delay=0.198460s
[INFO] [1771004895.944680230] [icp_odometry]: Odom: ratio=0.568847, std dev=0.021245m|0.006718rad, update time=0.084781s delay=0.203022s
[INFO] [1771004896.037374569] [icp_odometry]: Odom: ratio=0.575758, std dev=0.020682m|0.006540rad, update time=0.077030s delay=0.195593s
[INFO] [1771004896.143725090] [icp_odometry]: Odom: ratio=0.565418, std dev=0.021091m|0.006670rad, update time=0.082288s delay=0.201842s
[INFO] [1771004896.235404224] [icp_odometry]: Odom: ratio=0.572455, std dev=0.020521m|0.006489rad, update time=0.078442s delay=0.193880s
[INFO] [1771004896.332027412] [icp_odometry]: Odom: ratio=0.578415, std dev=0.021137m|0.006684rad, update time=0.075334s delay=0.190404s
[INFO] [1771004896.440361173] [icp_odometry]: Odom: ratio=0.579195, std dev=0.021136m|0.006684rad, update time=0.084934s delay=0.198875s
[INFO] [1771004896.533891224] [icp_odometry]: Odom: ratio=0.573102, std dev=0.021087m|0.006668rad, update time=0.075592s delay=0.193297s
[INFO] [1771004896.636247901] [icp_odometry]: Odom: ratio=0.568212, std dev=0.021353m|0.006752rad, update time=0.076707s delay=0.194654s
[INFO] [1771004896.736292047] [icp_odometry]: Odom: ratio=0.577948, std dev=0.020690m|0.006543rad, update time=0.077574s delay=0.194701s
[INFO] [1771004896.834322198] [icp_odometry]: Odom: ratio=0.573140, std dev=0.021152m|0.006689rad, update time=0.075108s delay=0.193690s
[INFO] [1771004896.940029111] [icp_odometry]: Odom: ratio=0.579517, std dev=0.020794m|0.006576rad, update time=0.082481s delay=0.198371s
[INFO] [1771004897.045916158] [icp_odometry]: Odom: ratio=0.585247, std dev=0.021567m|0.006820rad, update time=0.086181s delay=0.204225s
[INFO] [1771004897.142018814] [icp_odometry]: Odom: ratio=0.586783, std dev=0.020981m|0.006635rad, update time=0.084669s delay=0.201514s
[INFO] [1771004897.252209571] [icp_odometry]: Odom: ratio=0.579070, std dev=0.020827m|0.006586rad, update time=0.081580s delay=0.210526s
[INFO] [1771004897.340210523] [icp_odometry]: Odom: ratio=0.582114, std dev=0.021052m|0.006657rad, update time=0.080093s delay=0.198443s
[INFO] [1771004897.429797197] [icp_odometry]: Odom: ratio=0.590051, std dev=0.021261m|0.006723rad, update time=0.073772s delay=0.188196s
[INFO] [1771004897.530768512] [icp_odometry]: Odom: ratio=0.581475, std dev=0.020794m|0.006576rad, update time=0.073170s delay=0.189146s
[INFO] [1771004897.632966880] [icp_odometry]: Odom: ratio=0.570544, std dev=0.020853m|0.006594rad, update time=0.074288s delay=0.192369s
[INFO] [1771004897.752875561] [icp_odometry]: Odom: ratio=0.590847, std dev=0.021122m|0.006679rad, update time=0.095926s delay=0.211303s
[INFO] [1771004897.841533689] [icp_odometry]: Odom: ratio=0.577895, std dev=0.020945m|0.006623rad, update time=0.080319s delay=0.199993s
[INFO] [1771004897.935323589] [icp_odometry]: Odom: ratio=0.593205, std dev=0.020634m|0.006525rad, update time=0.074166s delay=0.194743s
[INFO] [1771004898.033300523] [icp_odometry]: Odom: ratio=0.594134, std dev=0.020530m|0.006492rad, update time=0.075867s delay=0.192947s
[INFO] [1771004898.140156502] [icp_odometry]: Odom: ratio=0.596836, std dev=0.021089m|0.006669rad, update time=0.079397s delay=0.198393s
[INFO] [1771004898.246038365] [icp_odometry]: Odom: ratio=0.595172, std dev=0.020977m|0.006633rad, update time=0.079905s delay=0.205462s
[INFO] [1771004898.344977445] [icp_odometry]: Odom: ratio=0.585276, std dev=0.020683m|0.006541rad, update time=0.081624s delay=0.204379s
[INFO] [1771004898.429308439] [icp_odometry]: Odom: ratio=0.596782, std dev=0.020731m|0.006556rad, update time=0.071326s delay=0.187621s
[INFO] [1771004898.533716936] [icp_odometry]: Odom: ratio=0.589744, std dev=0.020731m|0.006556rad, update time=0.075883s delay=0.191895s
[INFO] [1771004898.635099530] [icp_odometry]: Odom: ratio=0.601025, std dev=0.021261m|0.006723rad, update time=0.075313s delay=0.194520s
[INFO] [1771004898.741867345] [icp_odometry]: Odom: ratio=0.586655, std dev=0.020335m|0.006430rad, update time=0.079941s delay=0.201345s
[INFO] [1771004898.827840543] [icp_odometry]: Odom: ratio=0.599680, std dev=0.020876m|0.006601rad, update time=0.071752s delay=0.186165s
[INFO] [1771004898.945334351] [icp_odometry]: Odom: ratio=0.584368, std dev=0.020570m|0.006505rad, update time=0.084812s delay=0.203748s
[INFO] [1771004899.040694357] [icp_odometry]: Odom: ratio=0.590103, std dev=0.020592m|0.006512rad, update time=0.081923s delay=0.198943s
[INFO] [1771004899.134652231] [icp_odometry]: Odom: ratio=0.583314, std dev=0.020477m|0.006475rad, update time=0.075886s delay=0.193955s
[INFO] [1771004899.227300905] [icp_odometry]: Odom: ratio=0.591642, std dev=0.020665m|0.006535rad, update time=0.069083s delay=0.187180s
[INFO] [1771004899.342044853] [icp_odometry]: Odom: ratio=0.590724, std dev=0.020249m|0.006403rad, update time=0.081463s delay=0.200238s
[INFO] [1771004899.434154436] [icp_odometry]: Odom: ratio=0.592325, std dev=0.020789m|0.006574rad, update time=0.077563s delay=0.193522s
[INFO] [1771004899.526644064] [icp_odometry]: Odom: ratio=0.594876, std dev=0.020686m|0.006541rad, update time=0.072791s delay=0.184977s
[INFO] [1771004899.630202002] [icp_odometry]: Odom: ratio=0.590438, std dev=0.021170m|0.006694rad, update time=0.072271s delay=0.188473s
[INFO] [1771004899.733228400] [icp_odometry]: Odom: ratio=0.594075, std dev=0.020707m|0.006548rad, update time=0.075487s delay=0.191470s
[INFO] [1771004899.839159641] [icp_odometry]: Odom: ratio=0.589612, std dev=0.020519m|0.006489rad, update time=0.080225s delay=0.197513s
[INFO] [1771004899.942523492] [icp_odometry]: Odom: ratio=0.588874, std dev=0.020639m|0.006527rad, update time=0.084233s delay=0.200958s
[INFO] [1771004900.044281780] [icp_odometry]: Odom: ratio=0.587877, std dev=0.020508m|0.006485rad, update time=0.081188s delay=0.202510s
[INFO] [1771004900.142802733] [icp_odometry]: Odom: ratio=0.593564, std dev=0.020583m|0.006509rad, update time=0.081019s delay=0.201131s
[INFO] [1771004900.238774025] [icp_odometry]: Odom: ratio=0.583053, std dev=0.020478m|0.006476rad, update time=0.078196s delay=0.197222s
[INFO] [1771004900.344752180] [icp_odometry]: Odom: ratio=0.591650, std dev=0.020375m|0.006443rad, update time=0.083914s delay=0.203012s
[INFO] [1771004900.443316687] [icp_odometry]: Odom: ratio=0.588170, std dev=0.020604m|0.006516rad, update time=0.081876s delay=0.202838s
[INFO] [1771004900.532800829] [icp_odometry]: Odom: ratio=0.581554, std dev=0.020679m|0.006539rad, update time=0.075015s delay=0.191037s
[INFO] [1771004900.636276876] [icp_odometry]: Odom: ratio=0.597411, std dev=0.020050m|0.006340rad, update time=0.077310s delay=0.194672s
[INFO] [1771004900.741508539] [icp_odometry]: Odom: ratio=0.584885, std dev=0.020217m|0.006393rad, update time=0.080586s delay=0.199926s
[INFO] [1771004900.840006675] [icp_odometry]: Odom: ratio=0.589889, std dev=0.020489m|0.006479rad, update time=0.077574s delay=0.198346s
[INFO] [1771004900.950803662] [icp_odometry]: Odom: ratio=0.585629, std dev=0.020502m|0.006483rad, update time=0.089730s delay=0.208941s
[INFO] [1771004901.039839180] [icp_odometry]: Odom: ratio=0.591624, std dev=0.020540m|0.006495rad, update time=0.077234s delay=0.199322s
[INFO] [1771004901.133438321] [icp_odometry]: Odom: ratio=0.586889, std dev=0.020608m|0.006517rad, update time=0.076331s delay=0.191745s
[INFO] [1771004901.236996003] [icp_odometry]: Odom: ratio=0.586481, std dev=0.020704m|0.006547rad, update time=0.073359s delay=0.195379s
[INFO] [1771004901.343188150] [icp_odometry]: Odom: ratio=0.575011, std dev=0.021380m|0.006761rad, update time=0.079026s delay=0.201363s
[INFO] [1771004901.441629772] [icp_odometry]: Odom: ratio=0.578260, std dev=0.020754m|0.006563rad, update time=0.083523s delay=0.199841s
[INFO] [1771004901.533468273] [icp_odometry]: Odom: ratio=0.577073, std dev=0.021296m|0.006734rad, update time=0.075270s delay=0.191893s
[INFO] [1771004901.635084091] [icp_odometry]: Odom: ratio=0.572477, std dev=0.020744m|0.006560rad, update time=0.078014s delay=0.193460s
[INFO] [1771004901.739670099] [icp_odometry]: Odom: ratio=0.567821, std dev=0.021015m|0.006645rad, update time=0.078278s delay=0.197836s
[INFO] [1771004901.841793616] [icp_odometry]: Odom: ratio=0.566420, std dev=0.020793m|0.006575rad, update time=0.077639s delay=0.200211s
[INFO] [1771004901.949244081] [icp_odometry]: Odom: ratio=0.579439, std dev=0.021168m|0.006694rad, update time=0.090104s delay=0.208573s
[INFO] [1771004902.035313890] [icp_odometry]: Odom: ratio=0.579431, std dev=0.021071m|0.006663rad, update time=0.075448s delay=0.193561s
[INFO] [1771004902.138255453] [icp_odometry]: Odom: ratio=0.570637, std dev=0.021418m|0.006773rad, update time=0.078435s delay=0.197635s
[INFO] [1771004902.236826136] [icp_odometry]: Odom: ratio=0.565369, std dev=0.021523m|0.006806rad, update time=0.075702s delay=0.196467s
[INFO] [1771004902.340895421] [icp_odometry]: Odom: ratio=0.575751, std dev=0.021508m|0.006802rad, update time=0.079468s delay=0.199238s
[INFO] [1771004902.453413783] [icp_odometry]: Odom: ratio=0.568539, std dev=0.021386m|0.006763rad, update time=0.085232s delay=0.212735s
[INFO] [1771004902.538554406] [icp_odometry]: Odom: ratio=0.571035, std dev=0.021278m|0.006729rad, update time=0.075369s delay=0.198000s
[INFO] [1771004902.628796880] [icp_odometry]: Odom: ratio=0.562565, std dev=0.021669m|0.006852rad, update time=0.074012s delay=0.184776s
[INFO] [1771004902.734508177] [icp_odometry]: Odom: ratio=0.574619, std dev=0.021135m|0.006683rad, update time=0.077410s delay=0.192754s
[INFO] [1771004902.837483150] [icp_odometry]: Odom: ratio=0.559623, std dev=0.021279m|0.006729rad, update time=0.078237s delay=0.197050s
[INFO] [1771004902.937503390] [icp_odometry]: Odom: ratio=0.572172, std dev=0.021181m|0.006698rad, update time=0.076169s delay=0.196861s
[INFO] [1771004903.039146730] [icp_odometry]: Odom: ratio=0.568856, std dev=0.021536m|0.006810rad, update time=0.079601s delay=0.197543s
[INFO] [1771004903.134294791] [icp_odometry]: Odom: ratio=0.581400, std dev=0.021042m|0.006654rad, update time=0.077247s delay=0.192565s
[INFO] [1771004903.238487088] [icp_odometry]: Odom: ratio=0.577736, std dev=0.021164m|0.006693rad, update time=0.079120s delay=0.198028s
[INFO] [1771004903.335490194] [icp_odometry]: Odom: ratio=0.577625, std dev=0.021339m|0.006748rad, update time=0.078806s delay=0.194763s
[INFO] [1771004903.433274577] [icp_odometry]: Odom: ratio=0.559881, std dev=0.021199m|0.006704rad, update time=0.072349s delay=0.191759s
[INFO] [1771004903.545164404] [icp_odometry]: Odom: ratio=0.557606, std dev=0.021232m|0.006714rad, update time=0.082346s delay=0.203287s
[INFO] [1771004903.653093670] [icp_odometry]: Odom: ratio=0.565170, std dev=0.021317m|0.006741rad, update time=0.092119s delay=0.212129s
[INFO] [1771004903.742011807] [icp_odometry]: Odom: ratio=0.565172, std dev=0.021463m|0.006787rad, update time=0.084665s delay=0.200287s
[INFO] [1771004903.834955436] [icp_odometry]: Odom: ratio=0.577387, std dev=0.021721m|0.006869rad, update time=0.077107s delay=0.193254s
[INFO] [1771004903.939753035] [icp_odometry]: Odom: ratio=0.567161, std dev=0.021229m|0.006713rad, update time=0.077485s delay=0.199054s
[INFO] [1771004904.041221905] [icp_odometry]: Odom: ratio=0.565479, std dev=0.020949m|0.006625rad, update time=0.083119s delay=0.200566s
[INFO] [1771004904.139633574] [icp_odometry]: Odom: ratio=0.577717, std dev=0.021240m|0.006717rad, update time=0.079034s delay=0.199146s
[INFO] [1771004904.237877109] [icp_odometry]: Odom: ratio=0.576939, std dev=0.021597m|0.006830rad, update time=0.077642s delay=0.197093s
[INFO] [1771004904.338690275] [icp_odometry]: Odom: ratio=0.576317, std dev=0.021337m|0.006747rad, update time=0.082580s delay=0.198285s
[INFO] [1771004904.442524191] [icp_odometry]: Odom: ratio=0.561273, std dev=0.021504m|0.006800rad, update time=0.081695s delay=0.200868s
[INFO] [1771004904.537958919] [icp_odometry]: Odom: ratio=0.571639, std dev=0.021674m|0.006854rad, update time=0.069755s delay=0.197305s
[INFO] [1771004904.645949083] [icp_odometry]: Odom: ratio=0.565416, std dev=0.021783m|0.006888rad, update time=0.086407s delay=0.204258s
[INFO] [1771004904.733838255] [icp_odometry]: Odom: ratio=0.579762, std dev=0.021365m|0.006756rad, update time=0.077083s delay=0.190674s
[INFO] [1771004904.842757893] [icp_odometry]: Odom: ratio=0.569753, std dev=0.021801m|0.006894rad, update time=0.080595s delay=0.201167s
[INFO] [1771004904.955949400] [icp_odometry]: Odom: ratio=0.574912, std dev=0.021544m|0.006813rad, update time=0.098172s delay=0.214159s
[INFO] [1771004905.045570827] [icp_odometry]: Odom: ratio=0.559477, std dev=0.021697m|0.006861rad, update time=0.080849s delay=0.204882s
[INFO] [1771004905.141409187] [icp_odometry]: Odom: ratio=0.560517, std dev=0.021405m|0.006769rad, update time=0.077992s delay=0.199700s
[INFO] [1771004905.236582145] [icp_odometry]: Odom: ratio=0.562027, std dev=0.020963m|0.006629rad, update time=0.075060s delay=0.194886s
[INFO] [1771004905.339093005] [icp_odometry]: Odom: ratio=0.562387, std dev=0.021508m|0.006802rad, update time=0.080488s delay=0.197397s
[INFO] [1771004905.435423862] [icp_odometry]: Odom: ratio=0.559431, std dev=0.020984m|0.006636rad, update time=0.074675s delay=0.193696s
[INFO] [1771004905.553006506] [icp_odometry]: Odom: ratio=0.567759, std dev=0.021213m|0.006708rad, update time=0.091202s delay=0.211298s
[INFO] [1771004905.645779504] [icp_odometry]: Odom: ratio=0.565595, std dev=0.021607m|0.006833rad, update time=0.085215s delay=0.204082s
[INFO] [1771004905.732899080] [icp_odometry]: Odom: ratio=0.571573, std dev=0.021482m|0.006793rad, update time=0.075492s delay=0.192196s
[INFO] [1771004905.827815741] [icp_odometry]: Odom: ratio=0.576993, std dev=0.021091m|0.006670rad, update time=0.068793s delay=0.186957s
[INFO] [1771004905.938860545] [icp_odometry]: Odom: ratio=0.558660, std dev=0.021290m|0.006732rad, update time=0.076196s delay=0.197261s
[INFO] [1771004906.043462234] [icp_odometry]: Odom: ratio=0.580827, std dev=0.021028m|0.006650rad, update time=0.081924s delay=0.202712s
[INFO] [1771004906.137960351] [icp_odometry]: Odom: ratio=0.561073, std dev=0.021365m|0.006756rad, update time=0.077912s delay=0.197587s
[INFO] [1771004906.237316183] [icp_odometry]: Odom: ratio=0.561580, std dev=0.021442m|0.006781rad, update time=0.079481s delay=0.195557s
[INFO] [1771004906.346316465] [icp_odometry]: Odom: ratio=0.567653, std dev=0.022077m|0.006981rad, update time=0.090097s delay=0.204696s
[INFO] [1771004906.441046719] [icp_odometry]: Odom: ratio=0.564764, std dev=0.021131m|0.006682rad, update time=0.078924s delay=0.200476s
[INFO] [1771004906.542486723] [icp_odometry]: Odom: ratio=0.570308, std dev=0.021414m|0.006772rad, update time=0.078909s delay=0.200801s
[INFO] [1771004906.656195337] [icp_odometry]: Odom: ratio=0.558799, std dev=0.021286m|0.006731rad, update time=0.081666s delay=0.215526s
[INFO] [1771004906.752103555] [icp_odometry]: Odom: ratio=0.564847, std dev=0.021355m|0.006753rad, update time=0.087278s delay=0.210364s
[INFO] [1771004906.833168925] [icp_odometry]: Odom: ratio=0.560519, std dev=0.021232m|0.006714rad, update time=0.076086s delay=0.191432s
[INFO] [1771004906.941122928] [icp_odometry]: Odom: ratio=0.569107, std dev=0.021265m|0.006725rad, update time=0.083999s delay=0.199514s
[INFO] [1771004907.049675032] [icp_odometry]: Odom: ratio=0.562392, std dev=0.021463m|0.006787rad, update time=0.090298s delay=0.209155s
[INFO] [1771004907.139457330] [icp_odometry]: Odom: ratio=0.564417, std dev=0.021455m|0.006785rad, update time=0.078812s delay=0.197681s
[INFO] [1771004907.237465272] [icp_odometry]: Odom: ratio=0.573133, std dev=0.021282m|0.006730rad, update time=0.078052s delay=0.195774s
[INFO] [1771004907.334731876] [icp_odometry]: Odom: ratio=0.579006, std dev=0.021328m|0.006744rad, update time=0.072662s delay=0.193010s
[INFO] [1771004907.439355804] [icp_odometry]: Odom: ratio=0.573998, std dev=0.021304m|0.006737rad, update time=0.080187s delay=0.197706s
[INFO] [1771004907.540875236] [icp_odometry]: Odom: ratio=0.558924, std dev=0.022142m|0.007002rad, update time=0.081260s delay=0.200177s
[INFO] [1771004907.643861441] [icp_odometry]: Odom: ratio=0.562987, std dev=0.022706m|0.007180rad, update time=0.082400s delay=0.202216s
[INFO] [1771004907.748263825] [icp_odometry]: Odom: ratio=0.544193, std dev=0.022747m|0.007193rad, update time=0.082974s delay=0.206356s
[INFO] [1771004907.854605641] [icp_odometry]: Odom: ratio=0.539069, std dev=0.022499m|0.007115rad, update time=0.090349s delay=0.212800s
[INFO] [1771004907.947080453] [icp_odometry]: Odom: ratio=0.538401, std dev=0.023254m|0.007354rad, update time=0.081580s delay=0.205384s
[INFO] [1771004908.042168033] [icp_odometry]: Odom: ratio=0.551267, std dev=0.022441m|0.007096rad, update time=0.081277s delay=0.200469s
[INFO] [1771004908.144462212] [icp_odometry]: Odom: ratio=0.552789, std dev=0.022329m|0.007061rad, update time=0.082065s delay=0.202757s
[INFO] [1771004908.240503075] [icp_odometry]: Odom: ratio=0.564510, std dev=0.022244m|0.007034rad, update time=0.079735s delay=0.199814s
[INFO] [1771004908.338544459] [icp_odometry]: Odom: ratio=0.560123, std dev=0.021954m|0.006943rad, update time=0.079000s delay=0.198052s
[INFO] [1771004908.436937439] [icp_odometry]: Odom: ratio=0.560207, std dev=0.021489m|0.006795rad, update time=0.077523s delay=0.196406s
[INFO] [1771004908.535809701] [icp_odometry]: Odom: ratio=0.564718, std dev=0.021836m|0.006905rad, update time=0.076887s delay=0.195572s
[INFO] [1771004908.635459528] [icp_odometry]: Odom: ratio=0.566886, std dev=0.021020m|0.006647rad, update time=0.073599s delay=0.194944s
[INFO] [1771004908.740568755] [icp_odometry]: Odom: ratio=0.565673, std dev=0.021624m|0.006838rad, update time=0.077900s delay=0.198817s
[INFO] [1771004908.851626199] [icp_odometry]: Odom: ratio=0.574006, std dev=0.021505m|0.006801rad, update time=0.082957s delay=0.209904s
[INFO] [1771004908.948546966] [icp_odometry]: Odom: ratio=0.552265, std dev=0.021580m|0.006824rad, update time=0.084230s delay=0.207915s
[INFO] [1771004909.041173112] [icp_odometry]: Odom: ratio=0.570712, std dev=0.021867m|0.006915rad, update time=0.078580s delay=0.200428s
[INFO] [1771004909.137730537] [icp_odometry]: Odom: ratio=0.557240, std dev=0.021514m|0.006803rad, update time=0.078947s delay=0.196004s
[INFO] [1771004909.245192586] [icp_odometry]: Odom: ratio=0.575479, std dev=0.021360m|0.006755rad, update time=0.083200s delay=0.204453s
[INFO] [1771004909.338098582] [icp_odometry]: Odom: ratio=0.575248, std dev=0.021229m|0.006713rad, update time=0.077448s delay=0.196374s
[INFO] [1771004909.439650622] [icp_odometry]: Odom: ratio=0.577176, std dev=0.020948m|0.006624rad, update time=0.081481s delay=0.199232s
[INFO] [1771004909.541480176] [icp_odometry]: Odom: ratio=0.571170, std dev=0.020751m|0.006562rad, update time=0.080370s delay=0.200640s
[INFO] [1771004909.642605385] [icp_odometry]: Odom: ratio=0.571832, std dev=0.020855m|0.006595rad, update time=0.082277s delay=0.200950s
[INFO] [1771004909.744408667] [icp_odometry]: Odom: ratio=0.569897, std dev=0.020853m|0.006594rad, update time=0.083178s delay=0.202603s
[INFO] [1771004909.859932227] [icp_odometry]: Odom: ratio=0.577160, std dev=0.020829m|0.006587rad, update time=0.083447s delay=0.218232s
[INFO] [1771004909.943354195] [icp_odometry]: Odom: ratio=0.569477, std dev=0.020761m|0.006565rad, update time=0.082931s delay=0.201455s
[INFO] [1771004910.037781079] [icp_odometry]: Odom: ratio=0.569933, std dev=0.020750m|0.006562rad, update time=0.077635s delay=0.196074s
[INFO] [1771004910.144959405] [icp_odometry]: Odom: ratio=0.571484, std dev=0.020525m|0.006491rad, update time=0.085678s delay=0.203276s
[INFO] [1771004910.236878357] [icp_odometry]: Odom: ratio=0.572072, std dev=0.021033m|0.006651rad, update time=0.074467s delay=0.195254s
[INFO] [1771004910.347956570] [icp_odometry]: Odom: ratio=0.581022, std dev=0.020932m|0.006619rad, update time=0.086019s delay=0.207336s
[INFO] [1771004910.446530453] [icp_odometry]: Odom: ratio=0.575905, std dev=0.020733m|0.006556rad, update time=0.086340s delay=0.204897s
[INFO] [1771004910.530303218] [icp_odometry]: Odom: ratio=0.589819, std dev=0.021190m|0.006701rad, update time=0.069815s delay=0.188517s
[INFO] [1771004910.646959972] [icp_odometry]: Odom: ratio=0.578210, std dev=0.021212m|0.006708rad, update time=0.082905s delay=0.205243s
[INFO] [1771004910.738114864] [icp_odometry]: Odom: ratio=0.585162, std dev=0.020836m|0.006589rad, update time=0.074334s delay=0.197358s
[INFO] [1771004910.838299878] [icp_odometry]: Odom: ratio=0.581039, std dev=0.020929m|0.006618rad, update time=0.076095s delay=0.197458s
[INFO] [1771004910.946743019] [icp_odometry]: Odom: ratio=0.570704, std dev=0.020917m|0.006614rad, update time=0.081767s delay=0.206068s
[INFO] [1771004911.042682981] [icp_odometry]: Odom: ratio=0.566732, std dev=0.020793m|0.006575rad, update time=0.077922s delay=0.201041s
[INFO] [1771004911.142962911] [icp_odometry]: Odom: ratio=0.575446, std dev=0.020929m|0.006618rad, update time=0.077422s delay=0.202080s
[INFO] [1771004911.234484568] [icp_odometry]: Odom: ratio=0.575296, std dev=0.020860m|0.006597rad, update time=0.078156s delay=0.193939s
[INFO] [1771004911.338529180] [icp_odometry]: Odom: ratio=0.573770, std dev=0.021457m|0.006785rad, update time=0.077821s delay=0.198145s
[INFO] [1771004911.434002502] [icp_odometry]: Odom: ratio=0.576369, std dev=0.020824m|0.006585rad, update time=0.075285s delay=0.193546s
[INFO] [1771004911.543498769] [icp_odometry]: Odom: ratio=0.574212, std dev=0.020965m|0.006630rad, update time=0.079618s delay=0.202828s
[INFO] [1771004911.637458627] [icp_odometry]: Odom: ratio=0.576070, std dev=0.020479m|0.006476rad, update time=0.079742s delay=0.196697s
[INFO] [1771004911.727807665] [icp_odometry]: Odom: ratio=0.578172, std dev=0.020931m|0.006619rad, update time=0.069387s delay=0.186001s
[INFO] [1771004911.850915887] [icp_odometry]: Odom: ratio=0.584507, std dev=0.021042m|0.006654rad, update time=0.086034s delay=0.209047s
[INFO] [1771004911.956986205] [icp_odometry]: Odom: ratio=0.591321, std dev=0.021019m|0.006647rad, update time=0.093603s delay=0.215306s
[INFO] [1771004912.038751665] [icp_odometry]: Odom: ratio=0.596182, std dev=0.021159m|0.006691rad, update time=0.074334s delay=0.196971s
[INFO] [1771004912.131613979] [icp_odometry]: Odom: ratio=0.590899, std dev=0.020946m|0.006624rad, update time=0.075999s delay=0.188220s
[INFO] [1771004912.237644743] [icp_odometry]: Odom: ratio=0.601149, std dev=0.020781m|0.006571rad, update time=0.077898s delay=0.197094s
[INFO] [1771004912.334941908] [icp_odometry]: Odom: ratio=0.591510, std dev=0.020841m|0.006590rad, update time=0.074222s delay=0.193001s
[INFO] [1771004912.436163664] [icp_odometry]: Odom: ratio=0.601496, std dev=0.020909m|0.006612rad, update time=0.078546s delay=0.195568s
[INFO] [1771004912.527073107] [icp_odometry]: Odom: ratio=0.594947, std dev=0.020980m|0.006635rad, update time=0.069613s delay=0.185375s
[INFO] [1771004912.645350336] [icp_odometry]: Odom: ratio=0.577552, std dev=0.020587m|0.006510rad, update time=0.084841s delay=0.204596s
[INFO] [1771004912.737958272] [icp_odometry]: Odom: ratio=0.604779, std dev=0.021198m|0.006703rad, update time=0.077749s delay=0.196149s
[INFO] [1771004912.839858102] [icp_odometry]: Odom: ratio=0.595562, std dev=0.020851m|0.006594rad, update time=0.080931s delay=0.199336s
[INFO] [1771004912.937631923] [icp_odometry]: Odom: ratio=0.579603, std dev=0.020718m|0.006552rad, update time=0.075454s delay=0.197311s
[INFO] [1771004913.059740653] [icp_odometry]: Odom: ratio=0.598097, std dev=0.020773m|0.006569rad, update time=0.088749s delay=0.218845s
[INFO] [1771004913.250910921] [icp_odometry]: Odom: ratio=0.608649, std dev=0.020803m|0.006579rad, update time=0.090040s delay=0.210356s
[INFO] [1771004913.336873878] [icp_odometry]: Odom: ratio=0.614236, std dev=0.020385m|0.006446rad, update time=0.072582s delay=0.196345s
[INFO] [1771004913.434942431] [icp_odometry]: Odom: ratio=0.596554, std dev=0.020418m|0.006457rad, update time=0.075081s delay=0.194222s
[INFO] [1771004913.522995192] [icp_odometry]: Odom: ratio=0.607413, std dev=0.020996m|0.006639rad, update time=0.065743s delay=0.182490s
[INFO] [1771004913.638851405] [icp_odometry]: Odom: ratio=0.594526, std dev=0.020878m|0.006602rad, update time=0.077165s delay=0.196949s
[INFO] [1771004913.739441522] [icp_odometry]: Odom: ratio=0.614941, std dev=0.020428m|0.006460rad, update time=0.080263s delay=0.198696s
[INFO] [1771004913.837216432] [icp_odometry]: Odom: ratio=0.599145, std dev=0.020149m|0.006372rad, update time=0.080990s delay=0.197028s
[INFO] [1771004913.941615073] [icp_odometry]: Odom: ratio=0.599289, std dev=0.020715m|0.006551rad, update time=0.079816s delay=0.199903s
[INFO] [1771004914.060244155] [icp_odometry]: Odom: ratio=0.613137, std dev=0.020472m|0.006474rad, update time=0.091471s delay=0.219575s
[INFO] [1771004914.237748930] [icp_odometry]: Odom: ratio=0.602730, std dev=0.020449m|0.006466rad, update time=0.077227s delay=0.195982s
[INFO] [1771004914.336867953] [icp_odometry]: Odom: ratio=0.598992, std dev=0.020304m|0.006421rad, update time=0.077641s delay=0.196088s
[INFO] [1771004914.432960209] [icp_odometry]: Odom: ratio=0.596381, std dev=0.020654m|0.006531rad, update time=0.075062s delay=0.192284s
[INFO] [1771004914.534452567] [icp_odometry]: Odom: ratio=0.603993, std dev=0.020594m|0.006513rad, update time=0.075829s delay=0.193875s
[INFO] [1771004914.634360740] [icp_odometry]: Odom: ratio=0.597311, std dev=0.021008m|0.006643rad, update time=0.078162s delay=0.192633s
[INFO] [1771004914.734365843] [icp_odometry]: Odom: ratio=0.592465, std dev=0.020560m|0.006502rad, update time=0.075852s delay=0.193693s
[INFO] [1771004914.846502400] [icp_odometry]: Odom: ratio=0.599064, std dev=0.020251m|0.006404rad, update time=0.085315s delay=0.205920s
[INFO] [1771004914.932681301] [icp_odometry]: Odom: ratio=0.586105, std dev=0.020689m|0.006542rad, update time=0.076107s delay=0.190999s
[INFO] [1771004915.037806688] [icp_odometry]: Odom: ratio=0.597794, std dev=0.020676m|0.006538rad, update time=0.073614s delay=0.197138s
[INFO] [1771004915.145448808] [icp_odometry]: Odom: ratio=0.586339, std dev=0.020341m|0.006432rad, update time=0.081479s delay=0.203576s
[INFO] [1771004915.243872541] [icp_odometry]: Odom: ratio=0.601748, std dev=0.020640m|0.006527rad, update time=0.083860s delay=0.202055s
[INFO] [1771004915.330517156] [icp_odometry]: Odom: ratio=0.593813, std dev=0.020397m|0.006450rad, update time=0.073382s delay=0.186791s
[INFO] [1771004915.442916953] [icp_odometry]: Odom: ratio=0.608903, std dev=0.020667m|0.006536rad, update time=0.080307s delay=0.202357s
[INFO] [1771004915.535972234] [icp_odometry]: Odom: ratio=0.598738, std dev=0.020478m|0.006476rad, update time=0.075303s delay=0.194288s
[INFO] [1771004915.636227459] [icp_odometry]: Odom: ratio=0.590777, std dev=0.020552m|0.006499rad, update time=0.078708s delay=0.194547s
[INFO] [1771004915.733442733] [icp_odometry]: Odom: ratio=0.603567, std dev=0.020473m|0.006474rad, update time=0.076192s delay=0.192815s
[INFO] [1771004915.833908717] [icp_odometry]: Odom: ratio=0.607063, std dev=0.020070m|0.006347rad, update time=0.078222s delay=0.192197s
[INFO] [1771004915.942961961] [icp_odometry]: Odom: ratio=0.613247, std dev=0.020312m|0.006423rad, update time=0.079279s delay=0.202264s
[INFO] [1771004916.032540282] [icp_odometry]: Odom: ratio=0.599503, std dev=0.020590m|0.006511rad, update time=0.072128s delay=0.190687s
[INFO] [1771004916.139781459] [icp_odometry]: Odom: ratio=0.604076, std dev=0.020766m|0.006567rad, update time=0.077985s delay=0.197872s
[INFO] [1771004916.231599639] [icp_odometry]: Odom: ratio=0.591653, std dev=0.020145m|0.006370rad, update time=0.075141s delay=0.187470s
[INFO] [1771004916.331696330] [icp_odometry]: Odom: ratio=0.599299, std dev=0.020204m|0.006389rad, update time=0.074243s delay=0.191238s
[INFO] [1771004916.427579427] [icp_odometry]: Odom: ratio=0.591875, std dev=0.020466m|0.006472rad, update time=0.069611s delay=0.187059s
[INFO] [1771004916.532531112] [icp_odometry]: Odom: ratio=0.604003, std dev=0.020030m|0.006334rad, update time=0.074250s delay=0.191726s
[INFO] [1771004916.637987839] [icp_odometry]: Odom: ratio=0.587059, std dev=0.020175m|0.006380rad, update time=0.078331s delay=0.197202s
[INFO] [1771004916.731703304] [icp_odometry]: Odom: ratio=0.612231, std dev=0.020323m|0.006427rad, update time=0.071652s delay=0.191110s
[INFO] [1771004916.836548681] [icp_odometry]: Odom: ratio=0.596309, std dev=0.019887m|0.006289rad, update time=0.076312s delay=0.194790s
[INFO] [1771004916.929519639] [icp_odometry]: Odom: ratio=0.610231, std dev=0.020340m|0.006432rad, update time=0.073236s delay=0.188761s
[INFO] [1771004917.035032881] [icp_odometry]: Odom: ratio=0.598454, std dev=0.020201m|0.006388rad, update time=0.074063s delay=0.194514s
[INFO] [1771004917.134107967] [icp_odometry]: Odom: ratio=0.610663, std dev=0.020840m|0.006590rad, update time=0.074166s delay=0.193364s
[INFO] [1771004917.240782531] [icp_odometry]: Odom: ratio=0.587580, std dev=0.020413m|0.006455rad, update time=0.078039s delay=0.200049s
[INFO] [1771004917.336297038] [icp_odometry]: Odom: ratio=0.593192, std dev=0.020980m|0.006634rad, update time=0.080228s delay=0.195962s
[INFO] [1771004917.438880668] [icp_odometry]: Odom: ratio=0.588345, std dev=0.020454m|0.006468rad, update time=0.079527s delay=0.198772s
[INFO] [1771004917.531069389] [icp_odometry]: Odom: ratio=0.593264, std dev=0.021197m|0.006703rad, update time=0.073090s delay=0.189254s
[INFO] [1771004917.626587897] [icp_odometry]: Odom: ratio=0.594588, std dev=0.019915m|0.006298rad, update time=0.068975s delay=0.185962s
[INFO] [1771004917.730333234] [icp_odometry]: Odom: ratio=0.592162, std dev=0.019748m|0.006245rad, update time=0.069559s delay=0.188592s
[INFO] [1771004917.835922734] [icp_odometry]: Odom: ratio=0.587517, std dev=0.020003m|0.006326rad, update time=0.075523s delay=0.195365s
[INFO] [1771004917.933772175] [icp_odometry]: Odom: ratio=0.614417, std dev=0.020765m|0.006566rad, update time=0.074547s delay=0.192855s
[INFO] [1771004918.033796895] [icp_odometry]: Odom: ratio=0.602914, std dev=0.020050m|0.006340rad, update time=0.074333s delay=0.193039s
[INFO] [1771004918.130683644] [icp_odometry]: Odom: ratio=0.607727, std dev=0.020181m|0.006382rad, update time=0.071711s delay=0.190117s
[INFO] [1771004918.241731585] [icp_odometry]: Odom: ratio=0.601611, std dev=0.020177m|0.006380rad, update time=0.080164s delay=0.200913s
[INFO] [1771004918.346606371] [icp_odometry]: Odom: ratio=0.616910, std dev=0.019949m|0.006308rad, update time=0.079202s delay=0.205828s
[INFO] [1771004918.450649383] [icp_odometry]: Odom: ratio=0.611009, std dev=0.020000m|0.006325rad, update time=0.087255s delay=0.210049s
[INFO] [1771004918.530658970] [icp_odometry]: Odom: ratio=0.610504, std dev=0.019995m|0.006323rad, update time=0.070431s delay=0.190089s
[INFO] [1771004918.630631592] [icp_odometry]: Odom: ratio=0.620527, std dev=0.020669m|0.006536rad, update time=0.069418s delay=0.189893s
[INFO] [1771004918.728721330] [icp_odometry]: Odom: ratio=0.608706, std dev=0.020312m|0.006423rad, update time=0.070974s delay=0.187987s
[INFO] [1771004918.828409078] [icp_odometry]: Odom: ratio=0.602196, std dev=0.020082m|0.006351rad, update time=0.067821s delay=0.187846s
[INFO] [1771004918.924590682] [icp_odometry]: Odom: ratio=0.606830, std dev=0.019996m|0.006323rad, update time=0.066882s delay=0.183775s
[INFO] [1771004919.031156762] [icp_odometry]: Odom: ratio=0.597984, std dev=0.020286m|0.006415rad, update time=0.066977s delay=0.190528s
[INFO] [1771004919.124159849] [icp_odometry]: Odom: ratio=0.595281, std dev=0.020096m|0.006355rad, update time=0.065708s delay=0.183557s
[INFO] [1771004919.228455670] [icp_odometry]: Odom: ratio=0.595516, std dev=0.020387m|0.006447rad, update time=0.066773s delay=0.187797s
[INFO] [1771004919.332779492] [icp_odometry]: Odom: ratio=0.585654, std dev=0.020196m|0.006386rad, update time=0.075029s delay=0.192251s
[INFO] [1771004919.425097882] [icp_odometry]: Odom: ratio=0.584902, std dev=0.020597m|0.006513rad, update time=0.065214s delay=0.184693s
[INFO] [1771004919.532578331] [icp_odometry]: Odom: ratio=0.581030, std dev=0.020720m|0.006552rad, update time=0.076574s delay=0.191615s
[INFO] [1771004919.626074525] [icp_odometry]: Odom: ratio=0.564159, std dev=0.020942m|0.006622rad, update time=0.071110s delay=0.185405s
[INFO] [1771004919.723271621] [icp_odometry]: Odom: ratio=0.557292, std dev=0.019978m|0.006318rad, update time=0.066501s delay=0.182731s
[INFO] [1771004919.829347892] [icp_odometry]: Odom: ratio=0.549084, std dev=0.020643m|0.006528rad, update time=0.067480s delay=0.187581s
[INFO] [1771004919.929246527] [icp_odometry]: Odom: ratio=0.543878, std dev=0.019949m|0.006308rad, update time=0.071471s delay=0.188482s
[INFO] [1771004920.030690916] [icp_odometry]: Odom: ratio=0.542589, std dev=0.020216m|0.006393rad, update time=0.071230s delay=0.189725s
[INFO] [1771004920.134694534] [icp_odometry]: Odom: ratio=0.534112, std dev=0.020468m|0.006472rad, update time=0.070560s delay=0.192972s
[INFO] [1771004920.231547938] [icp_odometry]: Odom: ratio=0.540170, std dev=0.020209m|0.006391rad, update time=0.070249s delay=0.190997s
[INFO] [1771004920.327394298] [icp_odometry]: Odom: ratio=0.526051, std dev=0.020423m|0.006458rad, update time=0.068933s delay=0.185707s
[INFO] [1771004920.432232186] [icp_odometry]: Odom: ratio=0.538604, std dev=0.020907m|0.006611rad, update time=0.071478s delay=0.191604s
[INFO] [1771004920.531304744] [icp_odometry]: Odom: ratio=0.529447, std dev=0.020728m|0.006555rad, update time=0.073599s delay=0.190605s
[INFO] [1771004920.623831654] [icp_odometry]: Odom: ratio=0.538414, std dev=0.021074m|0.006664rad, update time=0.068358s delay=0.183455s
[INFO] [1771004920.746126534] [icp_odometry]: Odom: ratio=0.550234, std dev=0.020441m|0.006464rad, update time=0.082423s delay=0.205366s
[INFO] [1771004920.825330236] [icp_odometry]: Odom: ratio=0.552691, std dev=0.020583m|0.006509rad, update time=0.064284s delay=0.184549s
[INFO] [1771004920.935760841] [icp_odometry]: Odom: ratio=0.542031, std dev=0.020539m|0.006495rad, update time=0.072691s delay=0.193933s
[INFO] [1771004921.025957298] [icp_odometry]: Odom: ratio=0.551277, std dev=0.020748m|0.006561rad, update time=0.068717s delay=0.185354s
[INFO] [1771004921.139972579] [icp_odometry]: Odom: ratio=0.535038, std dev=0.020714m|0.006550rad, update time=0.071019s delay=0.199278s
[INFO] [1771004921.236062723] [icp_odometry]: Odom: ratio=0.534006, std dev=0.020466m|0.006472rad, update time=0.072214s delay=0.195697s
[INFO] [1771004921.328945774] [icp_odometry]: Odom: ratio=0.524145, std dev=0.019956m|0.006311rad, update time=0.070205s delay=0.188150s
[INFO] [1771004921.433764782] [icp_odometry]: Odom: ratio=0.516726, std dev=0.020710m|0.006549rad, update time=0.072638s delay=0.193188s
[INFO] [1771004921.538690770] [icp_odometry]: Odom: ratio=0.524773, std dev=0.020458m|0.006469rad, update time=0.076385s delay=0.196799s
[INFO] [1771004921.635006298] [icp_odometry]: Odom: ratio=0.534874, std dev=0.021254m|0.006721rad, update time=0.077693s delay=0.193126s
[INFO] [1771004921.740107653] [icp_odometry]: Odom: ratio=0.538509, std dev=0.021699m|0.006862rad, update time=0.075475s delay=0.199364s
[INFO] [1771004921.831641342] [icp_odometry]: Odom: ratio=0.556996, std dev=0.021407m|0.006769rad, update time=0.075248s delay=0.191058s
[INFO] [1771004921.931356771] [icp_odometry]: Odom: ratio=0.562419, std dev=0.020301m|0.006420rad, update time=0.074518s delay=0.190528s
[INFO] [1771004922.029470670] [icp_odometry]: Odom: ratio=0.557520, std dev=0.020884m|0.006604rad, update time=0.070242s delay=0.188812s
[INFO] [1771004922.137821775] [icp_odometry]: Odom: ratio=0.561392, std dev=0.020642m|0.006528rad, update time=0.078022s delay=0.197166s
[INFO] [1771004922.240994323] [icp_odometry]: Odom: ratio=0.548640, std dev=0.021201m|0.006704rad, update time=0.080729s delay=0.200458s
[INFO] [1771004922.331415044] [icp_odometry]: Odom: ratio=0.550108, std dev=0.020211m|0.006391rad, update time=0.071370s delay=0.190653s
[INFO] [1771004922.432936107] [icp_odometry]: Odom: ratio=0.560766, std dev=0.020469m|0.006473rad, update time=0.069057s delay=0.191084s
[INFO] [1771004922.530133716] [icp_odometry]: Odom: ratio=0.555816, std dev=0.019811m|0.006265rad, update time=0.070120s delay=0.189298s
[INFO] [1771004922.638357744] [icp_odometry]: Odom: ratio=0.562065, std dev=0.020814m|0.006582rad, update time=0.078999s delay=0.197591s
[INFO] [1771004922.722847496] [icp_odometry]: Odom: ratio=0.554230, std dev=0.020659m|0.006533rad, update time=0.068661s delay=0.181988s
[INFO] [1771004922.831639961] [icp_odometry]: Odom: ratio=0.566709, std dev=0.020831m|0.006587rad, update time=0.073473s delay=0.190909s
[INFO] [1771004922.927661335] [icp_odometry]: Odom: ratio=0.559821, std dev=0.020542m|0.006496rad, update time=0.070180s delay=0.187082s
[INFO] [1771004923.035199419] [icp_odometry]: Odom: ratio=0.560433, std dev=0.020467m|0.006472rad, update time=0.076210s delay=0.194537s
[INFO] [1771004923.121156264] [icp_odometry]: Odom: ratio=0.573310, std dev=0.020964m|0.006629rad, update time=0.062734s delay=0.179410s
[INFO] [1771004923.234786987] [icp_odometry]: Odom: ratio=0.559488, std dev=0.020279m|0.006413rad, update time=0.072406s delay=0.194419s
[INFO] [1771004923.332185243] [icp_odometry]: Odom: ratio=0.582847, std dev=0.020178m|0.006381rad, update time=0.070033s delay=0.191911s
[INFO] [1771004923.440683010] [icp_odometry]: Odom: ratio=0.562374, std dev=0.020547m|0.006498rad, update time=0.075442s delay=0.200126s
[INFO] [1771004923.529541401] [icp_odometry]: Odom: ratio=0.561339, std dev=0.020121m|0.006363rad, update time=0.067769s delay=0.189144s
[INFO] [1771004923.641234549] [icp_odometry]: Odom: ratio=0.567966, std dev=0.020776m|0.006570rad, update time=0.077245s delay=0.201106s
[INFO] [1771004923.739798160] [icp_odometry]: Odom: ratio=0.559215, std dev=0.021001m|0.006641rad, update time=0.083461s delay=0.199086s
[INFO] [1771004923.821351068] [icp_odometry]: Odom: ratio=0.565304, std dev=0.020858m|0.006596rad, update time=0.066502s delay=0.180536s
[INFO] [1771004923.934085566] [icp_odometry]: Odom: ratio=0.567633, std dev=0.020606m|0.006516rad, update time=0.071055s delay=0.193399s
[INFO] [1771004924.044835927] [icp_odometry]: Odom: ratio=0.567197, std dev=0.020160m|0.006375rad, update time=0.086100s delay=0.203906s
[INFO] [1771004924.137312499] [icp_odometry]: Odom: ratio=0.571902, std dev=0.020116m|0.006361rad, update time=0.075851s delay=0.196479s
[INFO] [1771004924.228927119] [icp_odometry]: Odom: ratio=0.560710, std dev=0.020166m|0.006377rad, update time=0.071627s delay=0.188325s
[INFO] [1771004924.334324229] [icp_odometry]: Odom: ratio=0.563770, std dev=0.019990m|0.006321rad, update time=0.072676s delay=0.193446s
[INFO] [1771004924.430969209] [icp_odometry]: Odom: ratio=0.567237, std dev=0.019649m|0.006214rad, update time=0.072985s delay=0.190634s
[INFO] [1771004924.534608494] [icp_odometry]: Odom: ratio=0.565335, std dev=0.019887m|0.006289rad, update time=0.073105s delay=0.194217s
[INFO] [1771004924.632838525] [icp_odometry]: Odom: ratio=0.568419, std dev=0.019616m|0.006203rad, update time=0.074218s delay=0.192516s
[INFO] [1771004924.737187084] [icp_odometry]: Odom: ratio=0.557885, std dev=0.019807m|0.006264rad, update time=0.074528s delay=0.196521s
[INFO] [1771004924.826764541] [icp_odometry]: Odom: ratio=0.561614, std dev=0.019447m|0.006150rad, update time=0.069852s delay=0.186127s
[INFO] [1771004924.923863715] [icp_odometry]: Odom: ratio=0.569931, std dev=0.019323m|0.006111rad, update time=0.068003s delay=0.181959s
[INFO] [1771004925.035917836] [icp_odometry]: Odom: ratio=0.575181, std dev=0.019663m|0.006218rad, update time=0.074601s delay=0.195162s
[INFO] [1771004925.134942328] [icp_odometry]: Odom: ratio=0.585409, std dev=0.019605m|0.006200rad, update time=0.076364s delay=0.194542s
[INFO] [1771004925.230531078] [icp_odometry]: Odom: ratio=0.582479, std dev=0.019740m|0.006242rad, update time=0.072049s delay=0.189753s
[INFO] [1771004925.331770946] [icp_odometry]: Odom: ratio=0.591928, std dev=0.019589m|0.006195rad, update time=0.071315s delay=0.191157s
[INFO] [1771004925.430520452] [icp_odometry]: Odom: ratio=0.592584, std dev=0.019785m|0.006256rad, update time=0.072926s delay=0.189874s
[INFO] [1771004925.531480023] [icp_odometry]: Odom: ratio=0.588960, std dev=0.019809m|0.006264rad, update time=0.072780s delay=0.191133s
[INFO] [1771004925.639980574] [icp_odometry]: Odom: ratio=0.588301, std dev=0.019534m|0.006177rad, update time=0.075914s delay=0.199254s
[INFO] [1771004925.738917670] [icp_odometry]: Odom: ratio=0.582870, std dev=0.019360m|0.006122rad, update time=0.075509s delay=0.198545s
[INFO] [1771004925.827903810] [icp_odometry]: Odom: ratio=0.581167, std dev=0.019410m|0.006138rad, update time=0.067570s delay=0.187483s
[INFO] [1771004925.926327512] [icp_odometry]: Odom: ratio=0.582766, std dev=0.019771m|0.006252rad, update time=0.071292s delay=0.186154s
[INFO] [1771004926.030115123] [icp_odometry]: Odom: ratio=0.565308, std dev=0.019237m|0.006083rad, update time=0.072943s delay=0.189461s
[INFO] [1771004926.133052270] [icp_odometry]: Odom: ratio=0.576771, std dev=0.019509m|0.006169rad, update time=0.074068s delay=0.192175s
[INFO] [1771004926.227042273] [icp_odometry]: Odom: ratio=0.579515, std dev=0.019623m|0.006205rad, update time=0.069527s delay=0.186746s
[INFO] [1771004926.335535272] [icp_odometry]: Odom: ratio=0.581139, std dev=0.019361m|0.006123rad, update time=0.073029s delay=0.195218s
[INFO] [1771004926.429337076] [icp_odometry]: Odom: ratio=0.573658, std dev=0.019341m|0.006116rad, update time=0.071136s delay=0.188933s
[INFO] [1771004926.535762639] [icp_odometry]: Odom: ratio=0.568015, std dev=0.019488m|0.006163rad, update time=0.076126s delay=0.195337s
[INFO] [1771004926.633767414] [icp_odometry]: Odom: ratio=0.581231, std dev=0.019228m|0.006080rad, update time=0.073406s delay=0.192978s
[INFO] [1771004926.743660367] [icp_odometry]: Odom: ratio=0.591311, std dev=0.020034m|0.006335rad, update time=0.078629s delay=0.202924s
[INFO] [1771004926.835254571] [icp_odometry]: Odom: ratio=0.582775, std dev=0.019433m|0.006145rad, update time=0.076785s delay=0.194520s
[INFO] [1771004926.924338091] [icp_odometry]: Odom: ratio=0.577982, std dev=0.019668m|0.006220rad, update time=0.069329s delay=0.183421s
[INFO] [1771004927.028565749] [icp_odometry]: Odom: ratio=0.587952, std dev=0.019616m|0.006203rad, update time=0.073165s delay=0.188236s
[INFO] [1771004927.131957601] [icp_odometry]: Odom: ratio=0.591003, std dev=0.019556m|0.006184rad, update time=0.073653s delay=0.191187s
[INFO] [1771004927.227507693] [icp_odometry]: Odom: ratio=0.590793, std dev=0.019490m|0.006163rad, update time=0.067583s delay=0.186853s
[INFO] [1771004927.346311246] [icp_odometry]: Odom: ratio=0.580092, std dev=0.019238m|0.006084rad, update time=0.087600s delay=0.205462s
[INFO] [1771004927.434428138] [icp_odometry]: Odom: ratio=0.577515, std dev=0.019688m|0.006226rad, update time=0.074534s delay=0.193695s
[INFO] [1771004927.533202509] [icp_odometry]: Odom: ratio=0.589277, std dev=0.019433m|0.006145rad, update time=0.072848s delay=0.192546s
[INFO] [1771004927.630228655] [icp_odometry]: Odom: ratio=0.576357, std dev=0.019036m|0.006020rad, update time=0.073600s delay=0.189921s
[INFO] [1771004927.728456766] [icp_odometry]: Odom: ratio=0.596662, std dev=0.019197m|0.006071rad, update time=0.068545s delay=0.187674s
[INFO] [1771004927.834237217] [icp_odometry]: Odom: ratio=0.585668, std dev=0.019395m|0.006133rad, update time=0.075391s delay=0.193551s
[INFO] [1771004927.931595920] [icp_odometry]: Odom: ratio=0.589391, std dev=0.019481m|0.006160rad, update time=0.074370s delay=0.191251s
[INFO] [1771004928.022990340] [icp_odometry]: Odom: ratio=0.596248, std dev=0.019222m|0.006079rad, update time=0.066371s delay=0.182155s
[INFO] [1771004928.135770088] [icp_odometry]: Odom: ratio=0.592776, std dev=0.018988m|0.006005rad, update time=0.075984s delay=0.195011s
[INFO] [1771004928.224115948] [icp_odometry]: Odom: ratio=0.576605, std dev=0.019095m|0.006038rad, update time=0.064259s delay=0.183645s
[INFO] [1771004928.332936575] [icp_odometry]: Odom: ratio=0.586460, std dev=0.019297m|0.006102rad, update time=0.070502s delay=0.192129s
[INFO] [1771004928.429461295] [icp_odometry]: Odom: ratio=0.588145, std dev=0.019279m|0.006097rad, update time=0.072762s delay=0.188974s
[INFO] [1771004928.528966221] [icp_odometry]: Odom: ratio=0.582190, std dev=0.019265m|0.006092rad, update time=0.072431s delay=0.188616s
[INFO] [1771004928.634430980] [icp_odometry]: Odom: ratio=0.590495, std dev=0.019250m|0.006087rad, update time=0.074464s delay=0.194032s
[INFO] [1771004928.726652983] [icp_odometry]: Odom: ratio=0.588621, std dev=0.018895m|0.005975rad, update time=0.068437s delay=0.185963s
[INFO] [1771004928.833220759] [icp_odometry]: Odom: ratio=0.589171, std dev=0.019730m|0.006239rad, update time=0.073010s delay=0.192796s
[INFO] [1771004928.935653024] [icp_odometry]: Odom: ratio=0.582836, std dev=0.018897m|0.005976rad, update time=0.074833s delay=0.194840s
[INFO] [1771004929.031525688] [icp_odometry]: Odom: ratio=0.590250, std dev=0.018955m|0.005994rad, update time=0.076445s delay=0.190505s
[INFO] [1771004929.118750228] [icp_odometry]: Odom: ratio=0.575013, std dev=0.018924m|0.005984rad, update time=0.063320s delay=0.178024s
[INFO] [1771004929.224587577] [icp_odometry]: Odom: ratio=0.584886, std dev=0.018826m|0.005953rad, update time=0.068502s delay=0.183942s
[INFO] [1771004929.329689923] [icp_odometry]: Odom: ratio=0.580861, std dev=0.018691m|0.005911rad, update time=0.068920s delay=0.189052s
[INFO] [1771004929.425098155] [icp_odometry]: Odom: ratio=0.586207, std dev=0.018587m|0.005878rad, update time=0.067582s delay=0.184644s
[INFO] [1771004929.525098778] [icp_odometry]: Odom: ratio=0.583597, std dev=0.018829m|0.005954rad, update time=0.066083s delay=0.184326s
[INFO] [1771004929.627347324] [icp_odometry]: Odom: ratio=0.578294, std dev=0.018994m|0.006007rad, update time=0.068439s delay=0.186986s
[INFO] [1771004929.730316121] [icp_odometry]: Odom: ratio=0.582820, std dev=0.018970m|0.005999rad, update time=0.071306s delay=0.189539s
[INFO] [1771004929.829273826] [icp_odometry]: Odom: ratio=0.585346, std dev=0.018833m|0.005956rad, update time=0.070290s delay=0.188626s
[INFO] [1771004929.926277444] [icp_odometry]: Odom: ratio=0.583826, std dev=0.018874m|0.005968rad, update time=0.070180s delay=0.185409s
[INFO] [1771004930.033480731] [icp_odometry]: Odom: ratio=0.590029, std dev=0.019177m|0.006064rad, update time=0.074916s delay=0.193079s
[INFO] [1771004930.118380961] [icp_odometry]: Odom: ratio=0.587879, std dev=0.018856m|0.005963rad, update time=0.063941s delay=0.177603s
[INFO] [1771004930.229354915] [icp_odometry]: Odom: ratio=0.580016, std dev=0.019511m|0.006170rad, update time=0.071055s delay=0.188997s
[INFO] [1771004930.323015402] [icp_odometry]: Odom: ratio=0.577290, std dev=0.019151m|0.006056rad, update time=0.066458s delay=0.182662s
[INFO] [1771004930.426387381] [icp_odometry]: Odom: ratio=0.581156, std dev=0.019264m|0.006092rad, update time=0.070417s delay=0.185740s
[INFO] [1771004930.539196282] [icp_odometry]: Odom: ratio=0.583203, std dev=0.018719m|0.005919rad, update time=0.078688s delay=0.198799s
[INFO] [1771004930.626953705] [icp_odometry]: Odom: ratio=0.580788, std dev=0.018939m|0.005989rad, update time=0.069896s delay=0.186151s
[INFO] [1771004930.729952871] [icp_odometry]: Odom: ratio=0.587847, std dev=0.018768m|0.005935rad, update time=0.073199s delay=0.189221s
[INFO] [1771004930.825374158] [icp_odometry]: Odom: ratio=0.582289, std dev=0.018608m|0.005884rad, update time=0.068684s delay=0.184689s
[INFO] [1771004930.921295656] [icp_odometry]: Odom: ratio=0.587186, std dev=0.019038m|0.006020rad, update time=0.065905s delay=0.180931s
[INFO] [1771004931.040542745] [icp_odometry]: Odom: ratio=0.574069, std dev=0.019309m|0.006106rad, update time=0.081731s delay=0.199701s
[INFO] [1771004931.132704041] [icp_odometry]: Odom: ratio=0.572925, std dev=0.018915m|0.005982rad, update time=0.071820s delay=0.191959s
[INFO] [1771004931.221979120] [icp_odometry]: Odom: ratio=0.572687, std dev=0.019060m|0.006027rad, update time=0.066553s delay=0.181670s
[INFO] [1771004931.323072392] [icp_odometry]: Odom: ratio=0.583356, std dev=0.019053m|0.006025rad, update time=0.067192s delay=0.182677s
[INFO] [1771004931.433270413] [icp_odometry]: Odom: ratio=0.576860, std dev=0.018772m|0.005936rad, update time=0.072354s delay=0.192932s
[INFO] [1771004931.545582847] [icp_odometry]: Odom: ratio=0.567987, std dev=0.018985m|0.006003rad, update time=0.085607s delay=0.205123s
[INFO] [1771004931.632252999] [icp_odometry]: Odom: ratio=0.572121, std dev=0.019155m|0.006057rad, update time=0.075693s delay=0.191315s
[INFO] [1771004931.731090507] [icp_odometry]: Odom: ratio=0.588492, std dev=0.019140m|0.006053rad, update time=0.073524s delay=0.190303s
[INFO] [1771004931.819939266] [icp_odometry]: Odom: ratio=0.579812, std dev=0.018994m|0.006006rad, update time=0.067052s delay=0.179524s
[INFO] [1771004931.924102539] [icp_odometry]: Odom: ratio=0.586915, std dev=0.019415m|0.006140rad, update time=0.069429s delay=0.183240s
[INFO] [1771004932.032728726] [icp_odometry]: Odom: ratio=0.583870, std dev=0.019730m|0.006239rad, update time=0.077396s delay=0.192045s
[INFO] [1771004932.129069824] [icp_odometry]: Odom: ratio=0.563058, std dev=0.019525m|0.006174rad, update time=0.072452s delay=0.188668s
[INFO] [1771004932.225861722] [icp_odometry]: Odom: ratio=0.575851, std dev=0.018815m|0.005950rad, update time=0.072093s delay=0.185505s
[INFO] [1771004932.324397331] [icp_odometry]: Odom: ratio=0.559664, std dev=0.019334m|0.006114rad, update time=0.068256s delay=0.183765s
[INFO] [1771004932.429863019] [icp_odometry]: Odom: ratio=0.555892, std dev=0.019790m|0.006258rad, update time=0.067703s delay=0.189442s
[INFO] [1771004932.525304148] [icp_odometry]: Odom: ratio=0.549596, std dev=0.019837m|0.006273rad, update time=0.067908s delay=0.184587s
[INFO] [1771004932.627116806] [icp_odometry]: Odom: ratio=0.572184, std dev=0.019467m|0.006156rad, update time=0.068563s delay=0.186438s
[INFO] [1771004932.724922021] [icp_odometry]: Odom: ratio=0.572202, std dev=0.018924m|0.005984rad, update time=0.066086s delay=0.184501s
[INFO] [1771004932.821716511] [icp_odometry]: Odom: ratio=0.566779, std dev=0.019083m|0.006035rad, update time=0.065301s delay=0.180996s
[INFO] [1771004932.928523720] [icp_odometry]: Odom: ratio=0.557124, std dev=0.019677m|0.006222rad, update time=0.071302s delay=0.188043s
[INFO] [1771004933.034582133] [icp_odometry]: Odom: ratio=0.548113, std dev=0.019390m|0.006132rad, update time=0.071669s delay=0.193869s
[INFO] [1771004933.119929036] [icp_odometry]: Odom: ratio=0.548568, std dev=0.019539m|0.006179rad, update time=0.062150s delay=0.178978s
[INFO] [1771004933.214746878] [icp_odometry]: Odom: ratio=0.544181, std dev=0.019400m|0.006135rad, update time=0.059210s delay=0.174026s
[INFO] [1771004933.315669519] [icp_odometry]: Odom: ratio=0.556824, std dev=0.019445m|0.006149rad, update time=0.062430s delay=0.174898s
[INFO] [1771004933.426192960] [icp_odometry]: Odom: ratio=0.557231, std dev=0.019237m|0.006083rad, update time=0.066241s delay=0.185686s
[INFO] [1771004933.526005257] [icp_odometry]: Odom: ratio=0.561711, std dev=0.019446m|0.006150rad, update time=0.065990s delay=0.185057s
[INFO] [1771004933.627008669] [icp_odometry]: Odom: ratio=0.563062, std dev=0.020047m|0.006339rad, update time=0.065320s delay=0.186732s
[INFO] [1771004933.725971943] [icp_odometry]: Odom: ratio=0.574339, std dev=0.019623m|0.006205rad, update time=0.065015s delay=0.185014s
[INFO] [1771004933.818400161] [icp_odometry]: Odom: ratio=0.580377, std dev=0.019238m|0.006084rad, update time=0.060890s delay=0.177628s
[INFO] [1771004933.913142256] [icp_odometry]: Odom: ratio=0.564409, std dev=0.019186m|0.006067rad, update time=0.056575s delay=0.172727s
[INFO] [1771004934.032210554] [icp_odometry]: Odom: ratio=0.583446, std dev=0.019239m|0.006084rad, update time=0.070232s delay=0.191313s
[INFO] [1771004934.126054312] [icp_odometry]: Odom: ratio=0.567196, std dev=0.019201m|0.006072rad, update time=0.065047s delay=0.185266s
[INFO] [1771004934.234577103] [icp_odometry]: Odom: ratio=0.571158, std dev=0.019594m|0.006196rad, update time=0.073779s delay=0.193707s
[INFO] [1771004934.314520544] [icp_odometry]: Odom: ratio=0.566310, std dev=0.019373m|0.006126rad, update time=0.061275s delay=0.173787s
[INFO] [1771004934.424459580] [icp_odometry]: Odom: ratio=0.569590, std dev=0.019547m|0.006181rad, update time=0.068058s delay=0.184124s
[INFO] [1771004934.526815778] [icp_odometry]: Odom: ratio=0.570285, std dev=0.019381m|0.006129rad, update time=0.068802s delay=0.185897s
[INFO] [1771004934.631434106] [icp_odometry]: Odom: ratio=0.568260, std dev=0.019411m|0.006138rad, update time=0.069661s delay=0.191078s
[INFO] [1771004934.724898843] [icp_odometry]: Odom: ratio=0.581333, std dev=0.019887m|0.006289rad, update time=0.067905s delay=0.184113s
[INFO] [1771004934.839358716] [icp_odometry]: Odom: ratio=0.570454, std dev=0.018921m|0.005983rad, update time=0.081463s delay=0.199009s
[INFO] [1771004934.926947109] [icp_odometry]: Odom: ratio=0.572623, std dev=0.019142m|0.006053rad, update time=0.070811s delay=0.186204s
[INFO] [1771004935.019042035] [icp_odometry]: Odom: ratio=0.579102, std dev=0.019497m|0.006166rad, update time=0.062233s delay=0.178263s
[INFO] [1771004935.128848297] [icp_odometry]: Odom: ratio=0.585275, std dev=0.018809m|0.005948rad, update time=0.069308s delay=0.187862s
[INFO] [1771004935.232918990] [icp_odometry]: Odom: ratio=0.558769, std dev=0.019177m|0.006064rad, update time=0.072650s delay=0.192150s
[INFO] [1771004935.329289113] [icp_odometry]: Odom: ratio=0.573242, std dev=0.018947m|0.005992rad, update time=0.070558s delay=0.185482s
[INFO] [1771004935.420957559] [icp_odometry]: Odom: ratio=0.572138, std dev=0.019169m|0.006062rad, update time=0.066144s delay=0.180509s
[INFO] [1771004935.529465118] [icp_odometry]: Odom: ratio=0.573087, std dev=0.019025m|0.006016rad, update time=0.069385s delay=0.188670s
[INFO] [1771004935.624629724] [icp_odometry]: Odom: ratio=0.568128, std dev=0.018549m|0.005866rad, update time=0.067898s delay=0.183824s
[INFO] [1771004935.723180503] [icp_odometry]: Odom: ratio=0.577387, std dev=0.019128m|0.006049rad, update time=0.063455s delay=0.182201s
[INFO] [1771004935.823284010] [icp_odometry]: Odom: ratio=0.573518, std dev=0.019058m|0.006027rad, update time=0.066463s delay=0.182331s
[INFO] [1771004935.924124601] [icp_odometry]: Odom: ratio=0.576455, std dev=0.019411m|0.006138rad, update time=0.067860s delay=0.183036s
[INFO] [1771004936.029875195] [icp_odometry]: Odom: ratio=0.566104, std dev=0.019580m|0.006192rad, update time=0.067719s delay=0.189423s
[INFO] [1771004936.117773935] [icp_odometry]: Odom: ratio=0.571618, std dev=0.019507m|0.006169rad, update time=0.062331s delay=0.176998s
[INFO] [1771004936.216077248] [icp_odometry]: Odom: ratio=0.564772, std dev=0.019953m|0.006310rad, update time=0.057708s delay=0.175634s
[INFO] [1771004936.315584734] [icp_odometry]: Odom: ratio=0.563602, std dev=0.019456m|0.006153rad, update time=0.060783s delay=0.175187s
[INFO] [1771004936.423025502] [icp_odometry]: Odom: ratio=0.564011, std dev=0.019064m|0.006028rad, update time=0.065610s delay=0.182558s
[INFO] [1771004936.513677047] [icp_odometry]: Odom: ratio=0.555707, std dev=0.019315m|0.006108rad, update time=0.060336s delay=0.173214s
[INFO] [1771004936.617692090] [icp_odometry]: Odom: ratio=0.578151, std dev=0.019552m|0.006183rad, update time=0.059410s delay=0.176838s
[INFO] [1771004936.720506864] [icp_odometry]: Odom: ratio=0.570761, std dev=0.018796m|0.005944rad, update time=0.063550s delay=0.179649s
[INFO] [1771004936.821956213] [icp_odometry]: Odom: ratio=0.562667, std dev=0.019253m|0.006088rad, update time=0.063438s delay=0.181638s
[INFO] [1771004936.921125126] [icp_odometry]: Odom: ratio=0.563475, std dev=0.019390m|0.006132rad, update time=0.064699s delay=0.179935s
[INFO] [1771004937.024205222] [icp_odometry]: Odom: ratio=0.554909, std dev=0.018796m|0.005944rad, update time=0.067578s delay=0.183219s
[INFO] [1771004937.113241028] [icp_odometry]: Odom: ratio=0.558767, std dev=0.019187m|0.006067rad, update time=0.056756s delay=0.172394s
[INFO] [1771004937.220649571] [icp_odometry]: Odom: ratio=0.557139, std dev=0.018855m|0.005963rad, update time=0.059706s delay=0.180372s
[INFO] [1771004937.323985229] [icp_odometry]: Odom: ratio=0.550895, std dev=0.019011m|0.006012rad, update time=0.064191s delay=0.183082s
[INFO] [1771004937.420170865] [icp_odometry]: Odom: ratio=0.561816, std dev=0.019462m|0.006155rad, update time=0.064666s delay=0.179470s
[INFO] [1771004937.524443453] [icp_odometry]: Odom: ratio=0.547390, std dev=0.019788m|0.006257rad, update time=0.066767s delay=0.183953s
[INFO] [1771004937.622925141] [icp_odometry]: Odom: ratio=0.545703, std dev=0.020340m|0.006432rad, update time=0.064694s delay=0.182114s
[INFO] [1771004937.728781947] [icp_odometry]: Odom: ratio=0.551378, std dev=0.020123m|0.006364rad, update time=0.068839s delay=0.188233s
[INFO] [1771004937.822220090] [icp_odometry]: Odom: ratio=0.567188, std dev=0.018979m|0.006002rad, update time=0.064838s delay=0.181910s
[INFO] [1771004937.926651020] [icp_odometry]: Odom: ratio=0.569243, std dev=0.018933m|0.005987rad, update time=0.066280s delay=0.186167s
[INFO] [1771004938.027701026] [icp_odometry]: Odom: ratio=0.575726, std dev=0.019086m|0.006035rad, update time=0.069097s delay=0.187251s
[INFO] [1771004938.131444026] [icp_odometry]: Odom: ratio=0.565758, std dev=0.019813m|0.006265rad, update time=0.073052s delay=0.190534s
[INFO] [1771004938.223226301] [icp_odometry]: Odom: ratio=0.567261, std dev=0.019096m|0.006039rad, update time=0.065601s delay=0.182384s
[INFO] [1771004938.320978458] [icp_odometry]: Odom: ratio=0.573894, std dev=0.019496m|0.006165rad, update time=0.063047s delay=0.180460s
[INFO] [1771004938.428520350] [icp_odometry]: Odom: ratio=0.577826, std dev=0.019168m|0.006061rad, update time=0.067314s delay=0.188089s
[INFO] [1771004938.531000424] [icp_odometry]: Odom: ratio=0.569353, std dev=0.019686m|0.006225rad, update time=0.070973s delay=0.190072s
[INFO] [1771004938.631484265] [icp_odometry]: Odom: ratio=0.579091, std dev=0.019571m|0.006189rad, update time=0.074509s delay=0.190968s
[INFO] [1771004938.725773896] [icp_odometry]: Odom: ratio=0.574561, std dev=0.019463m|0.006155rad, update time=0.069404s delay=0.185337s
[INFO] [1771004938.827315472] [icp_odometry]: Odom: ratio=0.570678, std dev=0.019188m|0.006068rad, update time=0.070227s delay=0.186446s
[INFO] [1771004938.921528651] [icp_odometry]: Odom: ratio=0.578284, std dev=0.019011m|0.006012rad, update time=0.065348s delay=0.180803s
[INFO] [1771004939.027767103] [icp_odometry]: Odom: ratio=0.570372, std dev=0.019197m|0.006071rad, update time=0.069522s delay=0.186919s
[INFO] [1771004939.134132280] [icp_odometry]: Odom: ratio=0.575294, std dev=0.019209m|0.006074rad, update time=0.073357s delay=0.193405s
[INFO] [1771004939.233953377] [icp_odometry]: Odom: ratio=0.565578, std dev=0.019257m|0.006090rad, update time=0.075583s delay=0.193234s
[INFO] [1771004939.331553145] [icp_odometry]: Odom: ratio=0.578606, std dev=0.019626m|0.006206rad, update time=0.073813s delay=0.191231s
[INFO] [1771004939.429155152] [icp_odometry]: Odom: ratio=0.570894, std dev=0.019163m|0.006060rad, update time=0.073407s delay=0.188745s
[INFO] [1771004939.529276196] [icp_odometry]: Odom: ratio=0.561687, std dev=0.019536m|0.006178rad, update time=0.072152s delay=0.188482s
[INFO] [1771004939.629514301] [icp_odometry]: Odom: ratio=0.568768, std dev=0.019309m|0.006106rad, update time=0.069880s delay=0.189078s
[INFO] [1771004939.727635559] [icp_odometry]: Odom: ratio=0.567519, std dev=0.019591m|0.006195rad, update time=0.071207s delay=0.182660s
[INFO] [1771004939.827365101] [icp_odometry]: Odom: ratio=0.573180, std dev=0.019461m|0.006154rad, update time=0.070281s delay=0.186645s
[INFO] [1771004939.924168935] [icp_odometry]: Odom: ratio=0.576210, std dev=0.019650m|0.006214rad, update time=0.069835s delay=0.183713s
[INFO] [1771004940.027943585] [icp_odometry]: Odom: ratio=0.578421, std dev=0.019395m|0.006133rad, update time=0.070651s delay=0.187135s
[INFO] [1771004940.126042987] [icp_odometry]: Odom: ratio=0.573690, std dev=0.019491m|0.006164rad, update time=0.070544s delay=0.185308s
[INFO] [1771004940.225408291] [icp_odometry]: Odom: ratio=0.576794, std dev=0.019408m|0.006137rad, update time=0.069440s delay=0.184912s
[INFO] [1771004940.325492694] [icp_odometry]: Odom: ratio=0.569997, std dev=0.019435m|0.006146rad, update time=0.069237s delay=0.185104s
[INFO] [1771004940.423074861] [icp_odometry]: Odom: ratio=0.568467, std dev=0.019071m|0.006031rad, update time=0.064403s delay=0.182282s
[INFO] [1771004940.530517837] [icp_odometry]: Odom: ratio=0.573105, std dev=0.019594m|0.006196rad, update time=0.071571s delay=0.190174s
[INFO] [1771004940.631882607] [icp_odometry]: Odom: ratio=0.573548, std dev=0.019085m|0.006035rad, update time=0.071337s delay=0.191560s
[INFO] [1771004940.737505996] [icp_odometry]: Odom: ratio=0.569395, std dev=0.019474m|0.006158rad, update time=0.075736s delay=0.196612s
[INFO] [1771004940.843832228] [icp_odometry]: Odom: ratio=0.567273, std dev=0.019117m|0.006045rad, update time=0.082950s delay=0.202840s
[INFO] [1771004940.930811670] [icp_odometry]: Odom: ratio=0.563618, std dev=0.019706m|0.006232rad, update time=0.074525s delay=0.189782s
[INFO] [1771004941.028074753] [icp_odometry]: Odom: ratio=0.563661, std dev=0.019485m|0.006162rad, update time=0.067940s delay=0.187067s
[INFO] [1771004941.127124718] [icp_odometry]: Odom: ratio=0.561079, std dev=0.019216m|0.006077rad, update time=0.066817s delay=0.186789s
[INFO] [1771004941.227876761] [icp_odometry]: Odom: ratio=0.569984, std dev=0.019795m|0.006260rad, update time=0.069841s delay=0.187550s
[INFO] [1771004941.327110413] [icp_odometry]: Odom: ratio=0.559480, std dev=0.019197m|0.006071rad, update time=0.072653s delay=0.186280s
[INFO] [1771004941.432112659] [icp_odometry]: Odom: ratio=0.577419, std dev=0.019333m|0.006113rad, update time=0.074953s delay=0.191626s
[INFO] [1771004941.524096189] [icp_odometry]: Odom: ratio=0.559358, std dev=0.019332m|0.006113rad, update time=0.064541s delay=0.183695s
[INFO] [1771004941.637206701] [icp_odometry]: Odom: ratio=0.582171, std dev=0.019397m|0.006134rad, update time=0.074539s delay=0.196724s
[INFO] [1771004941.729390142] [icp_odometry]: Odom: ratio=0.561714, std dev=0.019627m|0.006207rad, update time=0.069675s delay=0.188350s
[INFO] [1771004941.828581296] [icp_odometry]: Odom: ratio=0.549057, std dev=0.019879m|0.006286rad, update time=0.071923s delay=0.188124s
[INFO] [1771004941.910651503] [icp_odometry]: Odom: ratio=0.550139, std dev=0.019191m|0.006069rad, update time=0.056288s delay=0.170138s
[INFO] [1771004942.017131372] [icp_odometry]: Odom: ratio=0.549588, std dev=0.020230m|0.006397rad, update time=0.059837s delay=0.176260s
[INFO] [1771004942.133395567] [icp_odometry]: Odom: ratio=0.540819, std dev=0.019809m|0.006264rad, update time=0.074357s delay=0.192638s
[INFO] [1771004942.219154901] [icp_odometry]: Odom: ratio=0.544949, std dev=0.019817m|0.006267rad, update time=0.062638s delay=0.178815s
[INFO] [1771004942.325459627] [icp_odometry]: Odom: ratio=0.536200, std dev=0.019440m|0.006148rad, update time=0.069750s delay=0.184625s
[INFO] [1771004942.426397597] [icp_odometry]: Odom: ratio=0.547207, std dev=0.019509m|0.006169rad, update time=0.065905s delay=0.186071s
[INFO] [1771004942.519411565] [icp_odometry]: Odom: ratio=0.556055, std dev=0.018944m|0.005991rad, update time=0.064200s delay=0.178596s
[INFO] [1771004942.627355327] [icp_odometry]: Odom: ratio=0.545210, std dev=0.019525m|0.006174rad, update time=0.071445s delay=0.186989s
[INFO] [1771004942.723394334] [icp_odometry]: Odom: ratio=0.531085, std dev=0.020026m|0.006333rad, update time=0.068204s delay=0.182513s
[INFO] [1771004942.827045043] [icp_odometry]: Odom: ratio=0.519421, std dev=0.019695m|0.006228rad, update time=0.070692s delay=0.186505s
[INFO] [1771004942.926141250] [icp_odometry]: Odom: ratio=0.522655, std dev=0.019713m|0.006234rad, update time=0.070710s delay=0.185746s
[INFO] [1771004943.026316279] [icp_odometry]: Odom: ratio=0.518519, std dev=0.018954m|0.005994rad, update time=0.068256s delay=0.185996s
[INFO] [1771004943.127346957] [icp_odometry]: Odom: ratio=0.517524, std dev=0.018886m|0.005972rad, update time=0.065177s delay=0.186591s
[INFO] [1771004943.217291884] [icp_odometry]: Odom: ratio=0.532188, std dev=0.018605m|0.005883rad, update time=0.061851s delay=0.176493s
[INFO] [1771004943.326792760] [icp_odometry]: Odom: ratio=0.523642, std dev=0.019060m|0.006027rad, update time=0.067673s delay=0.186441s
[INFO] [1771004943.431371631] [icp_odometry]: Odom: ratio=0.535681, std dev=0.019057m|0.006026rad, update time=0.072529s delay=0.190880s
[INFO] [1771004943.527758586] [icp_odometry]: Odom: ratio=0.541796, std dev=0.018522m|0.005857rad, update time=0.068132s delay=0.187336s
[INFO] [1771004943.622296065] [icp_odometry]: Odom: ratio=0.543838, std dev=0.018789m|0.005942rad, update time=0.064879s delay=0.181916s
[INFO] [1771004943.717424510] [icp_odometry]: Odom: ratio=0.534638, std dev=0.018963m|0.005997rad, update time=0.063257s delay=0.176835s
[INFO] [1771004943.818211915] [icp_odometry]: Odom: ratio=0.550172, std dev=0.018515m|0.005855rad, update time=0.058915s delay=0.177309s
[INFO] [1771004943.921247082] [icp_odometry]: Odom: ratio=0.553251, std dev=0.018842m|0.005958rad, update time=0.067515s delay=0.180462s
[INFO] [1771004944.025658459] [icp_odometry]: Odom: ratio=0.551448, std dev=0.019389m|0.006131rad, update time=0.072332s delay=0.185268s
[INFO] [1771004944.121326732] [icp_odometry]: Odom: ratio=0.549738, std dev=0.019493m|0.006164rad, update time=0.067650s delay=0.180453s
[INFO] [1771004944.229394371] [icp_odometry]: Odom: ratio=0.545654, std dev=0.019104m|0.006041rad, update time=0.068567s delay=0.188558s
[INFO] [1771004944.331043695] [icp_odometry]: Odom: ratio=0.559938, std dev=0.019776m|0.006254rad, update time=0.076142s delay=0.190695s
[INFO] [1771004944.422616425] [icp_odometry]: Odom: ratio=0.550913, std dev=0.019333m|0.006114rad, update time=0.067989s delay=0.182204s
[INFO] [1771004944.522296653] [icp_odometry]: Odom: ratio=0.552419, std dev=0.019057m|0.006026rad, update time=0.068438s delay=0.181887s
[INFO] [1771004944.625285098] [icp_odometry]: Odom: ratio=0.549178, std dev=0.019457m|0.006153rad, update time=0.066458s delay=0.184967s
[INFO] [1771004944.731682532] [icp_odometry]: Odom: ratio=0.564925, std dev=0.019439m|0.006147rad, update time=0.071042s delay=0.191276s
[INFO] [1771004944.826707325] [icp_odometry]: Odom: ratio=0.556002, std dev=0.019707m|0.006232rad, update time=0.068262s delay=0.186328s
[INFO] [1771004944.924957133] [icp_odometry]: Odom: ratio=0.561878, std dev=0.020042m|0.006338rad, update time=0.069570s delay=0.184629s
[INFO] [1771004945.023412580] [icp_odometry]: Odom: ratio=0.557775, std dev=0.019709m|0.006232rad, update time=0.068648s delay=0.182953s
[INFO] [1771004945.127861398] [icp_odometry]: Odom: ratio=0.559699, std dev=0.019189m|0.006068rad, update time=0.072644s delay=0.187520s
[INFO] [1771004945.218105952] [icp_odometry]: Odom: ratio=0.561129, std dev=0.019366m|0.006124rad, update time=0.064958s delay=0.177689s
[INFO] [1771004945.327505864] [icp_odometry]: Odom: ratio=0.544551, std dev=0.020036m|0.006336rad, update time=0.073451s delay=0.187016s
[INFO] [1771004945.427746529] [icp_odometry]: Odom: ratio=0.561690, std dev=0.019468m|0.006156rad, update time=0.067451s delay=0.186905s
[INFO] [1771004945.526811790] [icp_odometry]: Odom: ratio=0.565283, std dev=0.019889m|0.006290rad, update time=0.070218s delay=0.186541s
[INFO] [1771004945.628449657] [icp_odometry]: Odom: ratio=0.561164, std dev=0.019610m|0.006201rad, update time=0.070697s delay=0.187634s
[INFO] [1771004945.736205573] [icp_odometry]: Odom: ratio=0.562813, std dev=0.019148m|0.006055rad, update time=0.077638s delay=0.195236s
[INFO] [1771004945.832324774] [icp_odometry]: Odom: ratio=0.558814, std dev=0.019175m|0.006064rad, update time=0.074010s delay=0.191381s
[INFO] [1771004945.937789566] [icp_odometry]: Odom: ratio=0.561282, std dev=0.019585m|0.006193rad, update time=0.079328s delay=0.197281s
[INFO] [1771004946.025365159] [icp_odometry]: Odom: ratio=0.557252, std dev=0.020145m|0.006370rad, update time=0.064407s delay=0.184976s
[INFO] [1771004946.124548632] [icp_odometry]: Odom: ratio=0.557088, std dev=0.019889m|0.006289rad, update time=0.070008s delay=0.183623s
[INFO] [1771004946.218774452] [icp_odometry]: Odom: ratio=0.554015, std dev=0.019640m|0.006211rad, update time=0.066370s delay=0.178451s
[INFO] [1771004946.320279195] [icp_odometry]: Odom: ratio=0.549401, std dev=0.019790m|0.006258rad, update time=0.066701s delay=0.179877s
[INFO] [1771004946.427359726] [icp_odometry]: Odom: ratio=0.563330, std dev=0.020170m|0.006378rad, update time=0.069699s delay=0.186995s
[INFO] [1771004946.528689166] [icp_odometry]: Odom: ratio=0.557292, std dev=0.018960m|0.005996rad, update time=0.066584s delay=0.188237s
[INFO] [1771004946.624513381] [icp_odometry]: Odom: ratio=0.553234, std dev=0.020043m|0.006338rad, update time=0.068099s delay=0.184070s
[INFO] [1771004946.725795299] [icp_odometry]: Odom: ratio=0.563776, std dev=0.019162m|0.006060rad, update time=0.067154s delay=0.184859s
[INFO] [1771004946.828253165] [icp_odometry]: Odom: ratio=0.577512, std dev=0.020126m|0.006364rad, update time=0.072961s delay=0.187835s
[INFO] [1771004946.929870839] [icp_odometry]: Odom: ratio=0.570194, std dev=0.020296m|0.006418rad, update time=0.073123s delay=0.189068s
[INFO] [1771004947.028221162] [icp_odometry]: Odom: ratio=0.557792, std dev=0.020067m|0.006346rad, update time=0.069223s delay=0.187363s
[INFO] [1771004947.124918817] [icp_odometry]: Odom: ratio=0.547585, std dev=0.019818m|0.006267rad, update time=0.070142s delay=0.184571s
[INFO] [1771004947.216519645] [icp_odometry]: Odom: ratio=0.547228, std dev=0.020370m|0.006442rad, update time=0.064022s delay=0.175702s
[INFO] [1771004947.324440943] [icp_odometry]: Odom: ratio=0.540339, std dev=0.020458m|0.006469rad, update time=0.069415s delay=0.183440s
[INFO] [1771004947.421904001] [icp_odometry]: Odom: ratio=0.546815, std dev=0.019459m|0.006153rad, update time=0.068845s delay=0.180843s
[INFO] [1771004947.525778623] [icp_odometry]: Odom: ratio=0.539109, std dev=0.019552m|0.006183rad, update time=0.067080s delay=0.184715s
[INFO] [1771004947.623118925] [icp_odometry]: Odom: ratio=0.555439, std dev=0.019441m|0.006148rad, update time=0.066063s delay=0.182740s
[INFO] [1771004947.726503864] [icp_odometry]: Odom: ratio=0.541574, std dev=0.019974m|0.006316rad, update time=0.071571s delay=0.185628s
[INFO] [1771004947.823357429] [icp_odometry]: Odom: ratio=0.545231, std dev=0.018772m|0.005936rad, update time=0.064759s delay=0.183079s
[INFO] [1771004947.917531663] [icp_odometry]: Odom: ratio=0.533140, std dev=0.019041m|0.006021rad, update time=0.064250s delay=0.177125s
[INFO] [1771004948.020162079] [icp_odometry]: Odom: ratio=0.536648, std dev=0.019300m|0.006103rad, update time=0.065323s delay=0.179683s
[INFO] [1771004948.119074534] [icp_odometry]: Odom: ratio=0.523510, std dev=0.018587m|0.005878rad, update time=0.065339s delay=0.178190s
[INFO] [1771004948.214331816] [icp_odometry]: Odom: ratio=0.518935, std dev=0.019014m|0.006013rad, update time=0.060501s delay=0.173442s
[INFO] [1771004948.316953176] [icp_odometry]: Odom: ratio=0.528776, std dev=0.019200m|0.006072rad, update time=0.062091s delay=0.176607s
[INFO] [1771004948.416075815] [icp_odometry]: Odom: ratio=0.531130, std dev=0.019798m|0.006261rad, update time=0.059888s delay=0.175720s
[INFO] [1771004948.512305772] [icp_odometry]: Odom: ratio=0.529204, std dev=0.018644m|0.005896rad, update time=0.056889s delay=0.171959s
[INFO] [1771004948.613367875] [icp_odometry]: Odom: ratio=0.540595, std dev=0.018863m|0.005965rad, update time=0.055768s delay=0.172552s
[INFO] [1771004948.707918539] [icp_odometry]: Odom: ratio=0.538987, std dev=0.018614m|0.005886rad, update time=0.049667s delay=0.167504s
[INFO] [1771004948.818585697] [icp_odometry]: Odom: ratio=0.530879, std dev=0.019290m|0.006100rad, update time=0.060821s delay=0.177414s
[INFO] [1771004948.905530034] [icp_odometry]: Odom: ratio=0.521144, std dev=0.018373m|0.005810rad, update time=0.048650s delay=0.165201s
[INFO] [1771004949.017521913] [icp_odometry]: Odom: ratio=0.531301, std dev=0.018563m|0.005870rad, update time=0.060792s delay=0.177000s
[INFO] [1771004949.102478305] [icp_odometry]: Odom: ratio=0.508143, std dev=0.018137m|0.005736rad, update time=0.050608s delay=0.162160s
[INFO] [1771004949.210519768] [icp_odometry]: Odom: ratio=0.514892, std dev=0.018118m|0.005730rad, update time=0.057971s delay=0.170198s
[INFO] [1771004949.305589235] [icp_odometry]: Odom: ratio=0.509488, std dev=0.018354m|0.005804rad, update time=0.052451s delay=0.164745s
[INFO] [1771004949.419795114] [icp_odometry]: Odom: ratio=0.518133, std dev=0.018816m|0.005950rad, update time=0.061017s delay=0.179385s
[INFO] [1771004949.510696621] [icp_odometry]: Odom: ratio=0.511312, std dev=0.017914m|0.005665rad, update time=0.056108s delay=0.170049s
[INFO] [1771004949.612592834] [icp_odometry]: Odom: ratio=0.509696, std dev=0.018483m|0.005845rad, update time=0.055744s delay=0.172238s
[INFO] [1771004949.713888865] [icp_odometry]: Odom: ratio=0.517024, std dev=0.018539m|0.005863rad, update time=0.057890s delay=0.173535s
[INFO] [1771004949.814023637] [icp_odometry]: Odom: ratio=0.504270, std dev=0.018601m|0.005882rad, update time=0.056046s delay=0.173481s
[INFO] [1771004949.910671114] [icp_odometry]: Odom: ratio=0.515152, std dev=0.018738m|0.005926rad, update time=0.057538s delay=0.170298s
[INFO] [1771004950.008744915] [icp_odometry]: Odom: ratio=0.514238, std dev=0.018978m|0.006002rad, update time=0.051682s delay=0.168404s
[INFO] [1771004950.101658463] [icp_odometry]: Odom: ratio=0.519731, std dev=0.018898m|0.005976rad, update time=0.046564s delay=0.161150s
[INFO] [1771004950.213646981] [icp_odometry]: Odom: ratio=0.504583, std dev=0.018092m|0.005721rad, update time=0.061895s delay=0.173250s
[INFO] [1771004950.307303213] [icp_odometry]: Odom: ratio=0.512297, std dev=0.018570m|0.005872rad, update time=0.053652s delay=0.166944s
[INFO] [1771004950.409066621] [icp_odometry]: Odom: ratio=0.504031, std dev=0.019235m|0.006083rad, update time=0.055326s delay=0.168745s
[INFO] [1771004950.510483552] [icp_odometry]: Odom: ratio=0.526669, std dev=0.018254m|0.005772rad, update time=0.057583s delay=0.170053s
[INFO] [1771004950.612568732] [icp_odometry]: Odom: ratio=0.508962, std dev=0.018457m|0.005837rad, update time=0.056879s delay=0.172284s
[INFO] [1771004950.712730738] [icp_odometry]: Odom: ratio=0.513196, std dev=0.018805m|0.005947rad, update time=0.058831s delay=0.172087s
[INFO] [1771004950.817278184] [icp_odometry]: Odom: ratio=0.493424, std dev=0.019577m|0.006191rad, update time=0.062635s delay=0.177017s
[INFO] [1771004950.913793880] [icp_odometry]: Odom: ratio=0.497894, std dev=0.019074m|0.006032rad, update time=0.059014s delay=0.172856s
[INFO] [1771004951.010273510] [icp_odometry]: Odom: ratio=0.489779, std dev=0.019205m|0.006073rad, update time=0.055344s delay=0.169421s
[INFO] [1771004951.109973227] [icp_odometry]: Odom: ratio=0.501061, std dev=0.019063m|0.006028rad, update time=0.052570s delay=0.169587s
[INFO] [1771004951.216905432] [icp_odometry]: Odom: ratio=0.516241, std dev=0.018708m|0.005916rad, update time=0.057077s delay=0.176462s
[INFO] [1771004951.309732065] [icp_odometry]: Odom: ratio=0.515385, std dev=0.018438m|0.005830rad, update time=0.057697s delay=0.168844s
[INFO] [1771004951.411350028] [icp_odometry]: Odom: ratio=0.506199, std dev=0.019752m|0.006246rad, update time=0.058303s delay=0.170864s
[INFO] [1771004951.522727036] [icp_odometry]: Odom: ratio=0.518133, std dev=0.018989m|0.006005rad, update time=0.066909s delay=0.182275s
[INFO] [1771004951.605134919] [icp_odometry]: Odom: ratio=0.540495, std dev=0.018654m|0.005899rad, update time=0.051945s delay=0.164772s
[INFO] [1771004951.707553743] [icp_odometry]: Odom: ratio=0.519836, std dev=0.019175m|0.006064rad, update time=0.052116s delay=0.167228s
[INFO] [1771004951.812491764] [icp_odometry]: Odom: ratio=0.497551, std dev=0.019220m|0.006078rad, update time=0.056198s delay=0.172146s
[INFO] [1771004951.907875546] [icp_odometry]: Odom: ratio=0.498373, std dev=0.019923m|0.006300rad, update time=0.054644s delay=0.167521s
[INFO] [1771004952.008784971] [icp_odometry]: Odom: ratio=0.493123, std dev=0.019031m|0.006018rad, update time=0.054609s delay=0.168404s
[INFO] [1771004952.109495028] [icp_odometry]: Odom: ratio=0.507493, std dev=0.019116m|0.006045rad, update time=0.055632s delay=0.169159s
[INFO] [1771004952.213883685] [icp_odometry]: Odom: ratio=0.491491, std dev=0.019017m|0.006014rad, update time=0.060681s delay=0.173466s
[INFO] [1771004952.304413657] [icp_odometry]: Odom: ratio=0.505402, std dev=0.019005m|0.006010rad, update time=0.050420s delay=0.164056s
[INFO] [1771004952.418419658] [icp_odometry]: Odom: ratio=0.503873, std dev=0.019581m|0.006192rad, update time=0.063807s delay=0.177986s
[INFO] [1771004952.517387188] [icp_odometry]: Odom: ratio=0.515867, std dev=0.019366m|0.006124rad, update time=0.054831s delay=0.177028s
[INFO] [1771004952.610627148] [icp_odometry]: Odom: ratio=0.492289, std dev=0.019109m|0.006043rad, update time=0.054653s delay=0.170196s
[INFO] [1771004952.713519813] [icp_odometry]: Odom: ratio=0.495347, std dev=0.018619m|0.005888rad, update time=0.055709s delay=0.172568s
[INFO] [1771004952.809066545] [icp_odometry]: Odom: ratio=0.476632, std dev=0.018729m|0.005923rad, update time=0.052825s delay=0.168692s
[INFO] [1771004952.909663575] [icp_odometry]: Odom: ratio=0.480469, std dev=0.019198m|0.006071rad, update time=0.053912s delay=0.169229s
[INFO] [1771004953.006706682] [icp_odometry]: Odom: ratio=0.494097, std dev=0.019195m|0.006070rad, update time=0.054722s delay=0.166320s
[INFO] [1771004953.102705399] [icp_odometry]: Odom: ratio=0.477993, std dev=0.019163m|0.006060rad, update time=0.045819s delay=0.162393s
[INFO] [1771004953.205301190] [icp_odometry]: Odom: ratio=0.485714, std dev=0.018693m|0.005911rad, update time=0.046951s delay=0.164924s
[INFO] [1771004953.311922152] [icp_odometry]: Odom: ratio=0.451772, std dev=0.018628m|0.005891rad, update time=0.052327s delay=0.171599s
[INFO] [1771004953.403995349] [icp_odometry]: Odom: ratio=0.472532, std dev=0.018911m|0.005980rad, update time=0.049337s delay=0.163496s
[INFO] [1771004953.501049592] [icp_odometry]: Odom: ratio=0.449718, std dev=0.018700m|0.005914rad, update time=0.049576s delay=0.160046s
[INFO] [1771004953.602004107] [icp_odometry]: Odom: ratio=0.473734, std dev=0.019067m|0.006030rad, update time=0.049780s delay=0.161573s
[INFO] [1771004953.712621823] [icp_odometry]: Odom: ratio=0.449723, std dev=0.018898m|0.005976rad, update time=0.060547s delay=0.172202s
[INFO] [1771004953.805855735] [icp_odometry]: Odom: ratio=0.463869, std dev=0.019871m|0.006284rad, update time=0.051364s delay=0.165251s
[INFO] [1771004953.915137403] [icp_odometry]: Odom: ratio=0.468156, std dev=0.019646m|0.006213rad, update time=0.058409s delay=0.174672s
[INFO] [1771004954.004710796] [icp_odometry]: Odom: ratio=0.468856, std dev=0.019204m|0.006073rad, update time=0.047640s delay=0.163803s
[INFO] [1771004954.114031697] [icp_odometry]: Odom: ratio=0.467125, std dev=0.018567m|0.005871rad, update time=0.059466s delay=0.173530s
[INFO] [1771004954.202800389] [icp_odometry]: Odom: ratio=0.451646, std dev=0.018315m|0.005792rad, update time=0.048689s delay=0.162346s
[INFO] [1771004954.307500129] [icp_odometry]: Odom: ratio=0.458824, std dev=0.018405m|0.005820rad, update time=0.050348s delay=0.166492s
[INFO] [1771004954.404729355] [icp_odometry]: Odom: ratio=0.449364, std dev=0.018306m|0.005789rad, update time=0.049296s delay=0.164169s
[INFO] [1771004954.499584414] [icp_odometry]: Odom: ratio=0.453285, std dev=0.018875m|0.005969rad, update time=0.047059s delay=0.159099s
[INFO] [1771004954.602455799] [icp_odometry]: Odom: ratio=0.456879, std dev=0.018941m|0.005990rad, update time=0.049455s delay=0.161468s
[INFO] [1771004954.696974878] [icp_odometry]: Odom: ratio=0.468270, std dev=0.018886m|0.005972rad, update time=0.042381s delay=0.156532s
[INFO] [1771004954.811428863] [icp_odometry]: Odom: ratio=0.452642, std dev=0.019549m|0.006182rad, update time=0.053041s delay=0.170503s
[INFO] [1771004954.908727243] [icp_odometry]: Odom: ratio=0.453209, std dev=0.019578m|0.006191rad, update time=0.052442s delay=0.168365s
[INFO] [1771004955.008332684] [icp_odometry]: Odom: ratio=0.464304, std dev=0.019269m|0.006093rad, update time=0.051124s delay=0.167874s
[INFO] [1771004955.105312301] [icp_odometry]: Odom: ratio=0.475500, std dev=0.018973m|0.006000rad, update time=0.050527s delay=0.164983s
[INFO] [1771004955.206978970] [icp_odometry]: Odom: ratio=0.484789, std dev=0.018868m|0.005967rad, update time=0.050517s delay=0.166680s
[INFO] [1771004955.311886205] [icp_odometry]: Odom: ratio=0.490689, std dev=0.018633m|0.005892rad, update time=0.055470s delay=0.171438s
[INFO] [1771004955.407244450] [icp_odometry]: Odom: ratio=0.482776, std dev=0.018238m|0.005767rad, update time=0.054600s delay=0.166807s
[INFO] [1771004955.505883456] [icp_odometry]: Odom: ratio=0.489025, std dev=0.018822m|0.005952rad, update time=0.054026s delay=0.165284s
[INFO] [1771004955.605848718] [icp_odometry]: Odom: ratio=0.466024, std dev=0.018995m|0.006007rad, update time=0.055054s delay=0.165329s
[INFO] [1771004955.720870180] [icp_odometry]: Odom: ratio=0.469596, std dev=0.018977m|0.006001rad, update time=0.066611s delay=0.179920s
[INFO] [1771004955.809071684] [icp_odometry]: Odom: ratio=0.453842, std dev=0.020317m|0.006425rad, update time=0.054913s delay=0.168122s
[INFO] [1771004955.906355504] [icp_odometry]: Odom: ratio=0.465782, std dev=0.018760m|0.005932rad, update time=0.054652s delay=0.165885s
[INFO] [1771004956.009882112] [icp_odometry]: Odom: ratio=0.458811, std dev=0.018451m|0.005835rad, update time=0.054452s delay=0.169444s
[INFO] [1771004956.114550683] [icp_odometry]: Odom: ratio=0.463084, std dev=0.020612m|0.006518rad, update time=0.059563s delay=0.174221s
[INFO] [1771004956.210643611] [icp_odometry]: Odom: ratio=0.464112, std dev=0.020007m|0.006327rad, update time=0.057114s delay=0.170333s
[INFO] [1771004956.306944163] [icp_odometry]: Odom: ratio=0.473011, std dev=0.019353m|0.006120rad, update time=0.053158s delay=0.166645s
[INFO] [1771004956.411523963] [icp_odometry]: Odom: ratio=0.483853, std dev=0.020635m|0.006525rad, update time=0.055715s delay=0.171081s
[INFO] [1771004956.507368306] [icp_odometry]: Odom: ratio=0.474267, std dev=0.020280m|0.006413rad, update time=0.053567s delay=0.167002s
[INFO] [1771004956.606717578] [icp_odometry]: Odom: ratio=0.473160, std dev=0.020355m|0.006437rad, update time=0.053438s delay=0.166349s
[INFO] [1771004956.716510784] [icp_odometry]: Odom: ratio=0.468596, std dev=0.019857m|0.006279rad, update time=0.062495s delay=0.175508s
[INFO] [1771004956.820040689] [icp_odometry]: Odom: ratio=0.482123, std dev=0.020100m|0.006356rad, update time=0.062524s delay=0.178964s
[INFO] [1771004956.908057385] [icp_odometry]: Odom: ratio=0.455668, std dev=0.019385m|0.006130rad, update time=0.054981s delay=0.167710s
[INFO] [1771004957.008572588] [icp_odometry]: Odom: ratio=0.469363, std dev=0.019451m|0.006151rad, update time=0.054689s delay=0.168108s
[INFO] [1771004957.112567726] [icp_odometry]: Odom: ratio=0.447194, std dev=0.018673m|0.005905rad, update time=0.059198s delay=0.172155s
[INFO] [1771004957.214924979] [icp_odometry]: Odom: ratio=0.442807, std dev=0.019968m|0.006314rad, update time=0.059484s delay=0.174431s
[INFO] [1771004957.310032432] [icp_odometry]: Odom: ratio=0.443732, std dev=0.018758m|0.005932rad, update time=0.053671s delay=0.169620s
[INFO] [1771004957.418853858] [icp_odometry]: Odom: ratio=0.430904, std dev=0.020768m|0.006567rad, update time=0.064582s delay=0.178347s
[INFO] [1771004957.511136023] [icp_odometry]: Odom: ratio=0.453842, std dev=0.019426m|0.006143rad, update time=0.057135s delay=0.170721s
[INFO] [1771004957.608480229] [icp_odometry]: Odom: ratio=0.444248, std dev=0.019668m|0.006220rad, update time=0.057005s delay=0.168143s
[INFO] [1771004957.708936838] [icp_odometry]: Odom: ratio=0.454261, std dev=0.020295m|0.006418rad, update time=0.053096s delay=0.168420s
[INFO] [1771004957.802705297] [icp_odometry]: Odom: ratio=0.431904, std dev=0.022292m|0.007049rad, update time=0.052763s delay=0.162228s
[INFO] [1771004957.908037540] [icp_odometry]: Odom: ratio=0.435705, std dev=0.020148m|0.006371rad, update time=0.055740s delay=0.167111s
[INFO] [1771004958.003497325] [icp_odometry]: Odom: ratio=0.425124, std dev=0.022957m|0.007260rad, update time=0.053061s delay=0.163160s
[INFO] [1771004958.103851722] [icp_odometry]: Odom: ratio=0.429026, std dev=0.022345m|0.007066rad, update time=0.049532s delay=0.163480s
[INFO] [1771004958.202471974] [icp_odometry]: Odom: ratio=0.428295, std dev=0.021686m|0.006858rad, update time=0.047116s delay=0.162154s
[INFO] [1771004958.302159243] [icp_odometry]: Odom: ratio=0.442063, std dev=0.021975m|0.006949rad, update time=0.048575s delay=0.161760s
[INFO] [1771004958.397919871] [icp_odometry]: Odom: ratio=0.412657, std dev=0.023591m|0.007460rad, update time=0.043953s delay=0.157583s
[INFO] [1771004958.510901290] [icp_odometry]: Odom: ratio=0.426893, std dev=0.022724m|0.007186rad, update time=0.053989s delay=0.170587s
[INFO] [1771004958.603533291] [icp_odometry]: Odom: ratio=0.422661, std dev=0.024761m|0.007830rad, update time=0.049460s delay=0.162975s
[INFO] [1771004958.709764927] [icp_odometry]: Odom: ratio=0.447419, std dev=0.022627m|0.007155rad, update time=0.055512s delay=0.169223s
[INFO] [1771004958.811633299] [icp_odometry]: Odom: ratio=0.466403, std dev=0.021600m|0.006830rad, update time=0.060184s delay=0.171179s
[INFO] [1771004958.910579740] [icp_odometry]: Odom: ratio=0.426952, std dev=0.021321m|0.006742rad, update time=0.059252s delay=0.170253s
[INFO] [1771004959.003043480] [icp_odometry]: Odom: ratio=0.458144, std dev=0.022524m|0.007123rad, update time=0.049699s delay=0.162644s
[INFO] [1771004959.112729802] [icp_odometry]: Odom: ratio=0.445686, std dev=0.022656m|0.007164rad, update time=0.057110s delay=0.172379s
[INFO] [1771004959.204887482] [icp_odometry]: Odom: ratio=0.440147, std dev=0.021393m|0.006765rad, update time=0.053107s delay=0.164432s
[INFO] [1771004959.308556080] [icp_odometry]: Odom: ratio=0.423174, std dev=0.022158m|0.007007rad, update time=0.052914s delay=0.168080s
[INFO] [1771004959.409497122] [icp_odometry]: Odom: ratio=0.431533, std dev=0.022555m|0.007132rad, update time=0.055837s delay=0.169095s
[INFO] [1771004959.507803700] [icp_odometry]: Odom: ratio=0.442079, std dev=0.021200m|0.006704rad, update time=0.055864s delay=0.167506s
[INFO] [1771004959.615654787] [icp_odometry]: Odom: ratio=0.432432, std dev=0.021992m|0.006955rad, update time=0.062149s delay=0.175391s
[INFO] [1771004959.706282043] [icp_odometry]: Odom: ratio=0.433773, std dev=0.022472m|0.007106rad, update time=0.054593s delay=0.165916s
[INFO] [1771004959.805221604] [icp_odometry]: Odom: ratio=0.448399, std dev=0.021936m|0.006937rad, update time=0.054392s delay=0.164715s
[INFO] [1771004959.915083805] [icp_odometry]: Odom: ratio=0.448125, std dev=0.020905m|0.006611rad, update time=0.062903s delay=0.174667s
[INFO] [1771004960.008861000] [icp_odometry]: Odom: ratio=0.435353, std dev=0.021776m|0.006886rad, update time=0.058140s delay=0.168411s
[INFO] [1771004960.107820145] [icp_odometry]: Odom: ratio=0.443022, std dev=0.021288m|0.006732rad, update time=0.054233s delay=0.167360s
[INFO] [1771004960.207341775] [icp_odometry]: Odom: ratio=0.434478, std dev=0.021216m|0.006709rad, update time=0.053129s delay=0.166940s
[INFO] [1771004960.310560725] [icp_odometry]: Odom: ratio=0.408269, std dev=0.021272m|0.006727rad, update time=0.055671s delay=0.170055s
[INFO] [1771004960.411461413] [icp_odometry]: Odom: ratio=0.414665, std dev=0.022098m|0.006988rad, update time=0.057398s delay=0.170984s
[INFO] [1771004960.511087207] [icp_odometry]: Odom: ratio=0.396652, std dev=0.022384m|0.007078rad, update time=0.059332s delay=0.170637s
[INFO] [1771004960.613116033] [icp_odometry]: Odom: ratio=0.581055, std dev=0.018473m|0.005842rad, update time=0.062116s delay=0.172780s
[INFO] [1771004960.712323508] [icp_odometry]: Odom: ratio=0.637606, std dev=0.018248m|0.005771rad, update time=0.059197s delay=0.171805s
[INFO] [1771004960.814923778] [icp_odometry]: Odom: ratio=0.595223, std dev=0.018530m|0.005860rad, update time=0.060674s delay=0.174548s
[INFO] [1771004960.912861446] [icp_odometry]: Odom: ratio=0.612069, std dev=0.017872m|0.005652rad, update time=0.060714s delay=0.172532s
[INFO] [1771004961.010944272] [icp_odometry]: Odom: ratio=0.612725, std dev=0.018869m|0.005967rad, update time=0.060268s delay=0.170437s
[INFO] [1771004961.106791079] [icp_odometry]: Odom: ratio=0.596022, std dev=0.019237m|0.006083rad, update time=0.057193s delay=0.166337s
[INFO] [1771004961.211474114] [icp_odometry]: Odom: ratio=0.588276, std dev=0.019450m|0.006151rad, update time=0.057770s delay=0.171038s
[INFO] [1771004961.318654137] [icp_odometry]: Odom: ratio=0.595451, std dev=0.021511m|0.006802rad, update time=0.065164s delay=0.178175s
[INFO] [1771004961.409153068] [icp_odometry]: Odom: ratio=0.584564, std dev=0.019953m|0.006310rad, update time=0.058951s delay=0.168840s
[INFO] [1771004961.505117992] [icp_odometry]: Odom: ratio=0.571798, std dev=0.021033m|0.006651rad, update time=0.055039s delay=0.164721s
[INFO] [1771004961.615688763] [icp_odometry]: Odom: ratio=0.599324, std dev=0.020779m|0.006571rad, update time=0.061814s delay=0.175189s
[INFO] [1771004961.714415036] [icp_odometry]: Odom: ratio=0.585686, std dev=0.021263m|0.006724rad, update time=0.059772s delay=0.174091s
[INFO] [1771004961.810632609] [icp_odometry]: Odom: ratio=0.594046, std dev=0.020709m|0.006549rad, update time=0.056461s delay=0.170269s
[INFO] [1771004961.908854799] [icp_odometry]: Odom: ratio=0.576087, std dev=0.022058m|0.006975rad, update time=0.055806s delay=0.168319s
[INFO] [1771004962.024295060] [icp_odometry]: Odom: ratio=0.576845, std dev=0.021100m|0.006672rad, update time=0.071639s delay=0.183744s
[INFO] [1771004962.111272583] [icp_odometry]: Odom: ratio=0.557866, std dev=0.021663m|0.006850rad, update time=0.059836s delay=0.170290s
[INFO] [1771004962.201551634] [icp_odometry]: Odom: ratio=0.539164, std dev=0.022105m|0.006990rad, update time=0.051976s delay=0.161268s
[INFO] [1771004962.308795915] [icp_odometry]: Odom: ratio=0.561973, std dev=0.020574m|0.006506rad, update time=0.058306s delay=0.168488s
[INFO] [1771004962.411668036] [icp_odometry]: Odom: ratio=0.531250, std dev=0.021247m|0.006719rad, update time=0.059717s delay=0.171198s
[INFO] [1771004962.507690305] [icp_odometry]: Odom: ratio=0.555085, std dev=0.020431m|0.006461rad, update time=0.053029s delay=0.167342s
[INFO] [1771004962.610135787] [icp_odometry]: Odom: ratio=0.540244, std dev=0.020859m|0.006596rad, update time=0.058762s delay=0.169052s
[INFO] [1771004962.707934089] [icp_odometry]: Odom: ratio=0.564699, std dev=0.020511m|0.006486rad, update time=0.054584s delay=0.167324s
[INFO] [1771004962.807709617] [icp_odometry]: Odom: ratio=0.551119, std dev=0.020184m|0.006383rad, update time=0.054414s delay=0.167163s
[INFO] [1771004962.908821993] [icp_odometry]: Odom: ratio=0.531813, std dev=0.021678m|0.006855rad, update time=0.054611s delay=0.168497s
[INFO] [1771004963.015340167] [icp_odometry]: Odom: ratio=0.529273, std dev=0.022094m|0.006987rad, update time=0.059998s delay=0.174968s
[INFO] [1771004963.109939377] [icp_odometry]: Odom: ratio=0.547759, std dev=0.021785m|0.006889rad, update time=0.059409s delay=0.169585s
[INFO] [1771004963.210146760] [icp_odometry]: Odom: ratio=0.533958, std dev=0.021003m|0.006642rad, update time=0.056987s delay=0.169052s
[INFO] [1771004963.305198754] [icp_odometry]: Odom: ratio=0.547225, std dev=0.022181m|0.007014rad, update time=0.052226s delay=0.164967s
[INFO] [1771004963.412648995] [icp_odometry]: Odom: ratio=0.541088, std dev=0.020258m|0.006406rad, update time=0.055970s delay=0.172243s
[INFO] [1771004963.503541221] [icp_odometry]: Odom: ratio=0.548446, std dev=0.020310m|0.006423rad, update time=0.051392s delay=0.163004s
[INFO] [1771004963.611626524] [icp_odometry]: Odom: ratio=0.526498, std dev=0.020565m|0.006503rad, update time=0.053944s delay=0.171318s
[INFO] [1771004963.707125415] [icp_odometry]: Odom: ratio=0.518474, std dev=0.023884m|0.007553rad, update time=0.051990s delay=0.166786s
[INFO] [1771004963.813331546] [icp_odometry]: Odom: ratio=0.515029, std dev=0.021562m|0.006819rad, update time=0.059307s delay=0.172756s
[INFO] [1771004963.911897557] [icp_odometry]: Odom: ratio=0.532777, std dev=0.023486m|0.007427rad, update time=0.056559s delay=0.171536s
[INFO] [1771004964.003374380] [icp_odometry]: Odom: ratio=0.520548, std dev=0.023484m|0.007426rad, update time=0.052017s delay=0.163048s
[INFO] [1771004964.111107447] [icp_odometry]: Odom: ratio=0.519839, std dev=0.023935m|0.007569rad, update time=0.053221s delay=0.170725s
[INFO] [1771004964.215484231] [icp_odometry]: Odom: ratio=0.527020, std dev=0.023524m|0.007439rad, update time=0.064416s delay=0.175227s
[INFO] [1771004964.306604305] [icp_odometry]: Odom: ratio=0.508606, std dev=0.023126m|0.007313rad, update time=0.054248s delay=0.166060s
[INFO] [1771004964.410796410] [icp_odometry]: Odom: ratio=0.520913, std dev=0.023734m|0.007505rad, update time=0.055838s delay=0.170273s
[INFO] [1771004964.511630056] [icp_odometry]: Odom: ratio=0.506452, std dev=0.023028m|0.007282rad, update time=0.057699s delay=0.171159s
[INFO] [1771004964.605925991] [icp_odometry]: Odom: ratio=0.513383, std dev=0.022988m|0.007269rad, update time=0.052297s delay=0.165653s
[INFO] [1771004964.717507487] [icp_odometry]: Odom: ratio=0.515486, std dev=0.024381m|0.007710rad, update time=0.061847s delay=0.177009s
[INFO] [1771004964.805050342] [icp_odometry]: Odom: ratio=0.513053, std dev=0.024403m|0.007717rad, update time=0.049133s delay=0.164576s
[INFO] [1771004964.908434929] [icp_odometry]: Odom: ratio=0.504971, std dev=0.023387m|0.007396rad, update time=0.054038s delay=0.168114s
[INFO] [1771004965.006876808] [icp_odometry]: Odom: ratio=0.531811, std dev=0.024324m|0.007692rad, update time=0.053361s delay=0.166333s
[INFO] [1771004965.112219067] [icp_odometry]: Odom: ratio=0.510903, std dev=0.023565m|0.007452rad, update time=0.056888s delay=0.171858s
[INFO] [1771004965.197844348] [icp_odometry]: Odom: ratio=0.512848, std dev=0.023899m|0.007558rad, update time=0.045488s delay=0.157355s
[INFO] [1771004965.314090655] [icp_odometry]: Odom: ratio=0.517096, std dev=0.023370m|0.007390rad, update time=0.062259s delay=0.173561s
[INFO] [1771004965.410622479] [icp_odometry]: Odom: ratio=0.510406, std dev=0.024273m|0.007676rad, update time=0.053800s delay=0.170257s
[INFO] [1771004965.500318789] [icp_odometry]: Odom: ratio=0.520521, std dev=0.023764m|0.007515rad, update time=0.047728s delay=0.159733s
[INFO] [1771004965.620213230] [icp_odometry]: Odom: ratio=0.513118, std dev=0.024487m|0.007744rad, update time=0.058845s delay=0.179915s
[INFO] [1771004965.714696883] [icp_odometry]: Odom: ratio=0.512075, std dev=0.024292m|0.007682rad, update time=0.055877s delay=0.174293s
[INFO] [1771004965.802890162] [icp_odometry]: Odom: ratio=0.512158, std dev=0.024464m|0.007736rad, update time=0.048965s delay=0.162364s
[INFO] [1771004965.912288858] [icp_odometry]: Odom: ratio=0.508560, std dev=0.024481m|0.007741rad, update time=0.054872s delay=0.171912s
[INFO] [1771004966.007698881] [icp_odometry]: Odom: ratio=0.514489, std dev=0.024714m|0.007815rad, update time=0.053754s delay=0.166887s
[INFO] [1771004966.110283024] [icp_odometry]: Odom: ratio=0.500750, std dev=0.024314m|0.007689rad, update time=0.051624s delay=0.169906s
[INFO] [1771004966.203899157] [icp_odometry]: Odom: ratio=0.482549, std dev=0.025210m|0.007972rad, update time=0.049495s delay=0.163414s
[INFO] [1771004966.313252347] [icp_odometry]: Odom: ratio=0.497677, std dev=0.024577m|0.007772rad, update time=0.054800s delay=0.172817s
[INFO] [1771004966.408742182] [icp_odometry]: Odom: ratio=0.487468, std dev=0.024515m|0.007752rad, update time=0.056193s delay=0.168406s
[INFO] [1771004966.504725474] [icp_odometry]: Odom: ratio=0.486528, std dev=0.025258m|0.007987rad, update time=0.053368s delay=0.164317s
[INFO] [1771004966.603452899] [icp_odometry]: Odom: ratio=0.504012, std dev=0.024747m|0.007826rad, update time=0.051862s delay=0.163165s
[INFO] [1771004966.707792657] [icp_odometry]: Odom: ratio=0.507028, std dev=0.024601m|0.007779rad, update time=0.051837s delay=0.167310s
[INFO] [1771004966.806377837] [icp_odometry]: Odom: ratio=0.498258, std dev=0.024320m|0.007691rad, update time=0.051916s delay=0.165912s
[INFO] [1771004966.904235310] [icp_odometry]: Odom: ratio=0.500983, std dev=0.023628m|0.007472rad, update time=0.049002s delay=0.163684s
[INFO] [1771004967.012639506] [icp_odometry]: Odom: ratio=0.490585, std dev=0.024650m|0.007795rad, update time=0.052935s delay=0.172218s
[INFO] [1771004967.101026040] [icp_odometry]: Odom: ratio=0.502483, std dev=0.024123m|0.007628rad, update time=0.048161s delay=0.160557s
[INFO] [1771004967.214727869] [icp_odometry]: Odom: ratio=0.504016, std dev=0.023626m|0.007471rad, update time=0.057569s delay=0.174319s
[INFO] [1771004967.301963513] [icp_odometry]: Odom: ratio=0.498278, std dev=0.024308m|0.007687rad, update time=0.049804s delay=0.161585s
[INFO] [1771004967.410737898] [icp_odometry]: Odom: ratio=0.485867, std dev=0.024955m|0.007892rad, update time=0.055011s delay=0.170273s
[INFO] [1771004967.514721804] [icp_odometry]: Odom: ratio=0.483749, std dev=0.025604m|0.008097rad, update time=0.062479s delay=0.174346s
[INFO] [1771004967.613168834] [icp_odometry]: Odom: ratio=0.481793, std dev=0.025734m|0.008138rad, update time=0.061441s delay=0.172735s
[INFO] [1771004967.706386585] [icp_odometry]: Odom: ratio=0.479335, std dev=0.027171m|0.008592rad, update time=0.054983s delay=0.166039s
[INFO] [1771004967.805479720] [icp_odometry]: Odom: ratio=0.494011, std dev=0.025904m|0.008192rad, update time=0.053487s delay=0.165001s
[INFO] [1771004967.916813558] [icp_odometry]: Odom: ratio=0.483738, std dev=0.026240m|0.008298rad, update time=0.062404s delay=0.176213s
[INFO] [1771004968.013689299] [icp_odometry]: Odom: ratio=0.500479, std dev=0.026301m|0.008317rad, update time=0.061720s delay=0.173141s
[INFO] [1771004968.109205663] [icp_odometry]: Odom: ratio=0.496234, std dev=0.026143m|0.008267rad, update time=0.055301s delay=0.168935s
[INFO] [1771004968.206545645] [icp_odometry]: Odom: ratio=0.499076, std dev=0.025358m|0.008019rad, update time=0.053642s delay=0.165981s
[INFO] [1771004968.310995167] [icp_odometry]: Odom: ratio=0.515861, std dev=0.025298m|0.008000rad, update time=0.056398s delay=0.170563s
[INFO] [1771004968.404430526] [icp_odometry]: Odom: ratio=0.501140, std dev=0.025116m|0.007942rad, update time=0.051833s delay=0.164154s
[INFO] [1771004968.509387747] [icp_odometry]: Odom: ratio=0.507377, std dev=0.025553m|0.008081rad, update time=0.051456s delay=0.168994s
[INFO] [1771004968.618402781] [icp_odometry]: Odom: ratio=0.504721, std dev=0.025122m|0.007944rad, update time=0.063050s delay=0.177927s
[INFO] [1771004968.718471151] [icp_odometry]: Odom: ratio=0.511508, std dev=0.024970m|0.007896rad, update time=0.065583s delay=0.178184s
[INFO] [1771004968.819193209] [icp_odometry]: Odom: ratio=0.490385, std dev=0.025293m|0.007998rad, update time=0.063955s delay=0.178842s
[INFO] [1771004968.918960288] [icp_odometry]: Odom: ratio=0.503477, std dev=0.025243m|0.007982rad, update time=0.063327s delay=0.178545s
[INFO] [1771004969.008354699] [icp_odometry]: Odom: ratio=0.501850, std dev=0.025025m|0.007914rad, update time=0.056308s delay=0.167794s
[INFO] [1771004969.116044500] [icp_odometry]: Odom: ratio=0.500236, std dev=0.024722m|0.007818rad, update time=0.059970s delay=0.175663s
[INFO] [1771004969.212553508] [icp_odometry]: Odom: ratio=0.508360, std dev=0.023819m|0.007532rad, update time=0.057466s delay=0.172206s
[INFO] [1771004969.306362449] [icp_odometry]: Odom: ratio=0.505660, std dev=0.024813m|0.007847rad, update time=0.053127s delay=0.165938s
[INFO] [1771004969.416435377] [icp_odometry]: Odom: ratio=0.504558, std dev=0.024719m|0.007817rad, update time=0.057029s delay=0.176004s
[INFO] [1771004969.513025092] [icp_odometry]: Odom: ratio=0.517807, std dev=0.024735m|0.007822rad, update time=0.054247s delay=0.172599s
[INFO] [1771004969.616995397] [icp_odometry]: Odom: ratio=0.502063, std dev=0.025067m|0.007927rad, update time=0.063169s delay=0.176623s
[INFO] [1771004969.710959447] [icp_odometry]: Odom: ratio=0.504923, std dev=0.024731m|0.007821rad, update time=0.058150s delay=0.170464s
[INFO] [1771004969.806505028] [icp_odometry]: Odom: ratio=0.487059, std dev=0.025006m|0.007908rad, update time=0.055427s delay=0.166126s
[INFO] [1771004969.910520262] [icp_odometry]: Odom: ratio=0.502854, std dev=0.025009m|0.007908rad, update time=0.055195s delay=0.170167s
[INFO] [1771004970.007276127] [icp_odometry]: Odom: ratio=0.495939, std dev=0.025057m|0.007924rad, update time=0.053928s delay=0.166853s
[INFO] [1771004970.113593462] [icp_odometry]: Odom: ratio=0.502132, std dev=0.024094m|0.007619rad, update time=0.055247s delay=0.173288s
[INFO] [1771004970.205568544] [icp_odometry]: Odom: ratio=0.499263, std dev=0.025028m|0.007915rad, update time=0.050859s delay=0.165201s
[INFO] [1771004970.311231839] [icp_odometry]: Odom: ratio=0.489402, std dev=0.024742m|0.007824rad, update time=0.053497s delay=0.170808s
[INFO] [1771004970.408425287] [icp_odometry]: Odom: ratio=0.508890, std dev=0.025087m|0.007933rad, update time=0.051105s delay=0.167826s
[INFO] [1771004970.517473922] [icp_odometry]: Odom: ratio=0.492115, std dev=0.024487m|0.007744rad, update time=0.058317s delay=0.177150s
[INFO] [1771004970.605286867] [icp_odometry]: Odom: ratio=0.510118, std dev=0.024491m|0.007745rad, update time=0.050858s delay=0.164901s
[INFO] [1771004970.721330191] [icp_odometry]: Odom: ratio=0.501376, std dev=0.024551m|0.007764rad, update time=0.067235s delay=0.180977s
[INFO] [1771004970.805554652] [icp_odometry]: Odom: ratio=0.516525, std dev=0.025571m|0.008086rad, update time=0.048209s delay=0.165068s
[INFO] [1771004970.908063656] [icp_odometry]: Odom: ratio=0.499308, std dev=0.024825m|0.007850rad, update time=0.053356s delay=0.167667s
[INFO] [1771004971.006282358] [icp_odometry]: Odom: ratio=0.515425, std dev=0.025564m|0.008084rad, update time=0.051118s delay=0.165912s
[INFO] [1771004971.123154256] [icp_odometry]: Odom: ratio=0.495822, std dev=0.024926m|0.007882rad, update time=0.064139s delay=0.182742s
[INFO] [1771004971.215769329] [icp_odometry]: Odom: ratio=0.508873, std dev=0.025379m|0.008025rad, update time=0.060804s delay=0.175350s
[INFO] [1771004971.308044325] [icp_odometry]: Odom: ratio=0.499072, std dev=0.024875m|0.007866rad, update time=0.053825s delay=0.167584s
[INFO] [1771004971.409803093] [icp_odometry]: Odom: ratio=0.506744, std dev=0.025164m|0.007958rad, update time=0.053776s delay=0.169489s
[INFO] [1771004971.511622151] [icp_odometry]: Odom: ratio=0.501200, std dev=0.024683m|0.007806rad, update time=0.059853s delay=0.171294s
[INFO] [1771004971.608644842] [icp_odometry]: Odom: ratio=0.508019, std dev=0.025178m|0.007962rad, update time=0.050918s delay=0.168279s
[INFO] [1771004971.708743869] [icp_odometry]: Odom: ratio=0.494101, std dev=0.025016m|0.007911rad, update time=0.056247s delay=0.168446s
[INFO] [1771004971.809727664] [icp_odometry]: Odom: ratio=0.504695, std dev=0.025435m|0.008043rad, update time=0.053585s delay=0.169186s
[INFO] [1771004971.909616060] [icp_odometry]: Odom: ratio=0.507794, std dev=0.025145m|0.007952rad, update time=0.057274s delay=0.169110s
[INFO] [1771004972.003394759] [icp_odometry]: Odom: ratio=0.509100, std dev=0.025312m|0.008004rad, update time=0.050063s delay=0.163072s
[INFO] [1771004972.112141815] [icp_odometry]: Odom: ratio=0.499759, std dev=0.025646m|0.008110rad, update time=0.055620s delay=0.171772s
[INFO] [1771004972.214662659] [icp_odometry]: Odom: ratio=0.481619, std dev=0.025462m|0.008052rad, update time=0.061372s delay=0.174339s
[INFO] [1771004972.313744881] [icp_odometry]: Odom: ratio=0.484045, std dev=0.025501m|0.008064rad, update time=0.058460s delay=0.173302s
[INFO] [1771004972.416865075] [icp_odometry]: Odom: ratio=0.496585, std dev=0.025492m|0.008061rad, update time=0.059395s delay=0.176432s
[INFO] [1771004972.509232587] [icp_odometry]: Odom: ratio=0.489916, std dev=0.025769m|0.008149rad, update time=0.056038s delay=0.168901s
[INFO] [1771004972.616253692] [icp_odometry]: Odom: ratio=0.490638, std dev=0.025330m|0.008010rad, update time=0.060250s delay=0.175903s
[INFO] [1771004972.709897538] [icp_odometry]: Odom: ratio=0.476168, std dev=0.025334m|0.008011rad, update time=0.057541s delay=0.169521s
[INFO] [1771004972.810545450] [icp_odometry]: Odom: ratio=0.482627, std dev=0.025987m|0.008218rad, update time=0.057337s delay=0.170058s
[INFO] [1771004972.909481618] [icp_odometry]: Odom: ratio=0.464775, std dev=0.026308m|0.008319rad, update time=0.056716s delay=0.168952s
[INFO] [1771004973.003560425] [icp_odometry]: Odom: ratio=0.488867, std dev=0.025699m|0.008127rad, update time=0.053658s delay=0.163016s
[INFO] [1771004973.115917661] [icp_odometry]: Odom: ratio=0.486486, std dev=0.025655m|0.008113rad, update time=0.059293s delay=0.175473s
[INFO] [1771004973.209912465] [icp_odometry]: Odom: ratio=0.494747, std dev=0.025545m|0.008078rad, update time=0.056587s delay=0.169432s
[INFO] [1771004973.316677016] [icp_odometry]: Odom: ratio=0.495977, std dev=0.024471m|0.007739rad, update time=0.057793s delay=0.176331s
[INFO] [1771004973.412101888] [icp_odometry]: Odom: ratio=0.493046, std dev=0.025221m|0.007975rad, update time=0.055109s delay=0.171677s
[INFO] [1771004973.520294748] [icp_odometry]: Odom: ratio=0.509654, std dev=0.024656m|0.007797rad, update time=0.062660s delay=0.179783s
[INFO] [1771004973.603621992] [icp_odometry]: Odom: ratio=0.501027, std dev=0.023910m|0.007561rad, update time=0.052096s delay=0.163170s
[INFO] [1771004973.708433672] [icp_odometry]: Odom: ratio=0.494001, std dev=0.023981m|0.007583rad, update time=0.053881s delay=0.167836s
[INFO] [1771004973.819592560] [icp_odometry]: Odom: ratio=0.499227, std dev=0.024004m|0.007591rad, update time=0.062639s delay=0.179164s
[INFO] [1771004973.902889404] [icp_odometry]: Odom: ratio=0.504673, std dev=0.025008m|0.007908rad, update time=0.050543s delay=0.162519s
[INFO] [1771004974.005171615] [icp_odometry]: Odom: ratio=0.513158, std dev=0.024061m|0.007609rad, update time=0.053065s delay=0.164634s
[INFO] [1771004974.115593292] [icp_odometry]: Odom: ratio=0.521397, std dev=0.024247m|0.007667rad, update time=0.060327s delay=0.175156s
[INFO] [1771004974.208876518] [icp_odometry]: Odom: ratio=0.512054, std dev=0.024673m|0.007802rad, update time=0.054382s delay=0.168448s
[INFO] [1771004974.312144333] [icp_odometry]: Odom: ratio=0.508274, std dev=0.024993m|0.007904rad, update time=0.059241s delay=0.171781s
[INFO] [1771004974.407558709] [icp_odometry]: Odom: ratio=0.505955, std dev=0.024539m|0.007760rad, update time=0.052001s delay=0.167105s
[INFO] [1771004974.512366676] [icp_odometry]: Odom: ratio=0.517573, std dev=0.024913m|0.007878rad, update time=0.058401s delay=0.171914s
[INFO] [1771004974.615764000] [icp_odometry]: Odom: ratio=0.498119, std dev=0.024737m|0.007823rad, update time=0.059096s delay=0.174842s
[INFO] [1771004974.708775472] [icp_odometry]: Odom: ratio=0.506576, std dev=0.024599m|0.007779rad, update time=0.056216s delay=0.168276s
[INFO] [1771004974.811888401] [icp_odometry]: Odom: ratio=0.494826, std dev=0.025586m|0.008091rad, update time=0.058981s delay=0.171473s
[INFO] [1771004974.923643952] [icp_odometry]: Odom: ratio=0.479869, std dev=0.024538m|0.007760rad, update time=0.065450s delay=0.183293s
[INFO] [1771004975.010505566] [icp_odometry]: Odom: ratio=0.481533, std dev=0.025194m|0.007967rad, update time=0.056011s delay=0.169920s
[INFO] [1771004975.106543420] [icp_odometry]: Odom: ratio=0.488595, std dev=0.024834m|0.007853rad, update time=0.055979s delay=0.166140s
[INFO] [1771004975.213815894] [icp_odometry]: Odom: ratio=0.507266, std dev=0.024080m|0.007615rad, update time=0.061365s delay=0.173344s
[INFO] [1771004975.312655771] [icp_odometry]: Odom: ratio=0.490675, std dev=0.024311m|0.007688rad, update time=0.056840s delay=0.172138s
[INFO] [1771004975.417027019] [icp_odometry]: Odom: ratio=0.498027, std dev=0.023868m|0.007548rad, update time=0.062521s delay=0.176573s
[INFO] [1771004975.511640021] [icp_odometry]: Odom: ratio=0.479078, std dev=0.023504m|0.007433rad, update time=0.057485s delay=0.171076s
[INFO] [1771004975.614980063] [icp_odometry]: Odom: ratio=0.499348, std dev=0.024176m|0.007645rad, update time=0.059226s delay=0.174628s
[INFO] [1771004975.719812608] [icp_odometry]: Odom: ratio=0.493007, std dev=0.022387m|0.007079rad, update time=0.061577s delay=0.179354s
[INFO] [1771004975.811590690] [icp_odometry]: Odom: ratio=0.498276, std dev=0.022501m|0.007116rad, update time=0.059739s delay=0.171187s
[INFO] [1771004975.915127155] [icp_odometry]: Odom: ratio=0.482509, std dev=0.021862m|0.006914rad, update time=0.062712s delay=0.174679s
[INFO] [1771004976.023282893] [icp_odometry]: Odom: ratio=0.497682, std dev=0.023336m|0.007380rad, update time=0.071323s delay=0.182861s
[INFO] [1771004976.119789309] [icp_odometry]: Odom: ratio=0.482716, std dev=0.021569m|0.006821rad, update time=0.067047s delay=0.179177s
[INFO] [1771004976.213613706] [icp_odometry]: Odom: ratio=0.502639, std dev=0.022409m|0.007086rad, update time=0.062199s delay=0.173219s
[INFO] [1771004976.318961150] [icp_odometry]: Odom: ratio=0.501623, std dev=0.022359m|0.007070rad, update time=0.065274s delay=0.178444s
[INFO] [1771004976.428893945] [icp_odometry]: Odom: ratio=0.501865, std dev=0.021403m|0.006768rad, update time=0.066936s delay=0.188401s
[INFO] [1771004976.517995577] [icp_odometry]: Odom: ratio=0.511281, std dev=0.021638m|0.006842rad, update time=0.063909s delay=0.177432s
[INFO] [1771004976.619278968] [icp_odometry]: Odom: ratio=0.501782, std dev=0.021882m|0.006920rad, update time=0.063873s delay=0.178774s
[INFO] [1771004976.729240756] [icp_odometry]: Odom: ratio=0.517638, std dev=0.021246m|0.006718rad, update time=0.074504s delay=0.188846s
[INFO] [1771004976.826675974] [icp_odometry]: Odom: ratio=0.510621, std dev=0.021006m|0.006643rad, update time=0.073589s delay=0.186089s
[INFO] [1771004976.924846450] [icp_odometry]: Odom: ratio=0.520292, std dev=0.020941m|0.006622rad, update time=0.067364s delay=0.184362s
[INFO] [1771004977.023202534] [icp_odometry]: Odom: ratio=0.517499, std dev=0.021083m|0.006667rad, update time=0.070948s delay=0.182787s
[INFO] [1771004977.124411361] [icp_odometry]: Odom: ratio=0.509965, std dev=0.021456m|0.006785rad, update time=0.066409s delay=0.183937s
[INFO] [1771004977.220025968] [icp_odometry]: Odom: ratio=0.520385, std dev=0.020940m|0.006622rad, update time=0.066603s delay=0.179623s
[INFO] [1771004977.319396905] [icp_odometry]: Odom: ratio=0.529412, std dev=0.021742m|0.006875rad, update time=0.065809s delay=0.178785s
[INFO] [1771004977.419872650] [icp_odometry]: Odom: ratio=0.517279, std dev=0.022540m|0.007128rad, update time=0.064472s delay=0.179444s
[INFO] [1771004977.518316640] [icp_odometry]: Odom: ratio=0.521915, std dev=0.021141m|0.006685rad, update time=0.065288s delay=0.177905s
[INFO] [1771004977.621749486] [icp_odometry]: Odom: ratio=0.510324, std dev=0.021986m|0.006953rad, update time=0.066006s delay=0.181207s
[INFO] [1771004977.722382132] [icp_odometry]: Odom: ratio=0.537445, std dev=0.022593m|0.007145rad, update time=0.066938s delay=0.181849s
[INFO] [1771004977.823684307] [icp_odometry]: Odom: ratio=0.525788, std dev=0.022127m|0.006997rad, update time=0.070405s delay=0.183196s
[INFO] [1771004977.918648395] [icp_odometry]: Odom: ratio=0.537357, std dev=0.022277m|0.007045rad, update time=0.064399s delay=0.178109s
[INFO] [1771004978.025243052] [icp_odometry]: Odom: ratio=0.550905, std dev=0.021580m|0.006824rad, update time=0.072665s delay=0.184531s
[INFO] [1771004978.125872434] [icp_odometry]: Odom: ratio=0.541971, std dev=0.021847m|0.006909rad, update time=0.069317s delay=0.185406s
[INFO] [1771004978.213921164] [icp_odometry]: Odom: ratio=0.543009, std dev=0.021757m|0.006880rad, update time=0.061741s delay=0.173355s
[INFO] [1771004978.318400864] [icp_odometry]: Odom: ratio=0.546582, std dev=0.021563m|0.006819rad, update time=0.064839s delay=0.177926s
[INFO] [1771004978.421205622] [icp_odometry]: Odom: ratio=0.571754, std dev=0.021846m|0.006908rad, update time=0.066598s delay=0.180698s
[INFO] [1771004978.527769622] [icp_odometry]: Odom: ratio=0.577953, std dev=0.020833m|0.006588rad, update time=0.068164s delay=0.187317s
[INFO] [1771004978.625246729] [icp_odometry]: Odom: ratio=0.558618, std dev=0.020720m|0.006552rad, update time=0.068496s delay=0.184688s
[INFO] [1771004978.727027546] [icp_odometry]: Odom: ratio=0.584951, std dev=0.020078m|0.006349rad, update time=0.067799s delay=0.186506s
[INFO] [1771004978.818862782] [icp_odometry]: Odom: ratio=0.570600, std dev=0.021060m|0.006660rad, update time=0.065128s delay=0.178436s
[INFO] [1771004978.920763123] [icp_odometry]: Odom: ratio=0.574389, std dev=0.020322m|0.006426rad, update time=0.065104s delay=0.180314s
[INFO] [1771004979.025974370] [icp_odometry]: Odom: ratio=0.572710, std dev=0.020735m|0.006557rad, update time=0.067826s delay=0.185435s
[INFO] [1771004979.125950416] [icp_odometry]: Odom: ratio=0.573442, std dev=0.020154m|0.006373rad, update time=0.071824s delay=0.185420s
[INFO] [1771004979.227521690] [icp_odometry]: Odom: ratio=0.564860, std dev=0.020387m|0.006447rad, update time=0.074126s delay=0.187135s
[INFO] [1771004979.315918752] [icp_odometry]: Odom: ratio=0.586126, std dev=0.020194m|0.006386rad, update time=0.064522s delay=0.175461s
[INFO] [1771004979.424378853] [icp_odometry]: Odom: ratio=0.579705, std dev=0.020342m|0.006433rad, update time=0.068427s delay=0.184044s
[INFO] [1771004979.520636652] [icp_odometry]: Odom: ratio=0.577891, std dev=0.020408m|0.006454rad, update time=0.067181s delay=0.180066s
[INFO] [1771004979.622056431] [icp_odometry]: Odom: ratio=0.588509, std dev=0.020598m|0.006514rad, update time=0.067045s delay=0.181640s
[INFO] [1771004979.718601888] [icp_odometry]: Odom: ratio=0.584823, std dev=0.020061m|0.006344rad, update time=0.065524s delay=0.178252s
[INFO] [1771004979.818787575] [icp_odometry]: Odom: ratio=0.595594, std dev=0.020425m|0.006459rad, update time=0.063389s delay=0.178290s
[INFO] [1771004979.913818000] [icp_odometry]: Odom: ratio=0.596591, std dev=0.020331m|0.006429rad, update time=0.062264s delay=0.173390s
[INFO] [1771004980.021358740] [icp_odometry]: Odom: ratio=0.606262, std dev=0.020102m|0.006357rad, update time=0.064516s delay=0.180950s
[INFO] [1771004980.124594234] [icp_odometry]: Odom: ratio=0.604861, std dev=0.020635m|0.006525rad, update time=0.066003s delay=0.184086s
[INFO] [1771004980.225251426] [icp_odometry]: Odom: ratio=0.583433, std dev=0.019933m|0.006303rad, update time=0.072564s delay=0.184746s
[INFO] [1771004980.321265791] [icp_odometry]: Odom: ratio=0.582516, std dev=0.020233m|0.006398rad, update time=0.066839s delay=0.180710s
[INFO] [1771004980.410870898] [icp_odometry]: Odom: ratio=0.590337, std dev=0.020404m|0.006452rad, update time=0.060340s delay=0.170370s
[INFO] [1771004980.519760327] [icp_odometry]: Odom: ratio=0.607419, std dev=0.019992m|0.006322rad, update time=0.064641s delay=0.179273s
[INFO] [1771004980.622613503] [icp_odometry]: Odom: ratio=0.591794, std dev=0.020286m|0.006415rad, update time=0.064324s delay=0.182040s
[INFO] [1771004980.722103132] [icp_odometry]: Odom: ratio=0.597445, std dev=0.019892m|0.006290rad, update time=0.068464s delay=0.181588s
[INFO] [1771004980.820811676] [icp_odometry]: Odom: ratio=0.592745, std dev=0.019568m|0.006188rad, update time=0.064283s delay=0.180375s
[INFO] [1771004980.929254081] [icp_odometry]: Odom: ratio=0.605873, std dev=0.020770m|0.006568rad, update time=0.065190s delay=0.188747s
[INFO] [1771004981.018290399] [icp_odometry]: Odom: ratio=0.593135, std dev=0.019402m|0.006135rad, update time=0.063730s delay=0.177835s
[INFO] [1771004981.115496808] [icp_odometry]: Odom: ratio=0.617421, std dev=0.020118m|0.006362rad, update time=0.063144s delay=0.174977s
[INFO] [1771004981.219102684] [icp_odometry]: Odom: ratio=0.607064, std dev=0.020019m|0.006331rad, update time=0.067493s delay=0.178693s
[INFO] [1771004981.323885018] [icp_odometry]: Odom: ratio=0.618905, std dev=0.020171m|0.006379rad, update time=0.070254s delay=0.183466s
[INFO] [1771004981.410825836] [icp_odometry]: Odom: ratio=0.607449, std dev=0.020226m|0.006396rad, update time=0.059806s delay=0.170228s
[INFO] [1771004981.517856509] [icp_odometry]: Odom: ratio=0.631489, std dev=0.020637m|0.006526rad, update time=0.064677s delay=0.176698s
[INFO] [1771004981.620617521] [icp_odometry]: Odom: ratio=0.599217, std dev=0.020275m|0.006412rad, update time=0.064842s delay=0.180188s
[INFO] [1771004981.715832274] [icp_odometry]: Odom: ratio=0.610969, std dev=0.020303m|0.006420rad, update time=0.063423s delay=0.175431s
[INFO] [1771004981.818456577] [icp_odometry]: Odom: ratio=0.594851, std dev=0.020801m|0.006578rad, update time=0.065507s delay=0.177859s
[INFO] [1771004981.919128457] [icp_odometry]: Odom: ratio=0.613191, std dev=0.020023m|0.006332rad, update time=0.061453s delay=0.178545s
[INFO] [1771004982.017436667] [icp_odometry]: Odom: ratio=0.600883, std dev=0.020217m|0.006393rad, update time=0.061576s delay=0.176890s
[INFO] [1771004982.112899012] [icp_odometry]: Odom: ratio=0.608881, std dev=0.020827m|0.006586rad, update time=0.058341s delay=0.172371s
[INFO] [1771004982.225445503] [icp_odometry]: Odom: ratio=0.601938, std dev=0.021027m|0.006649rad, update time=0.072089s delay=0.184972s
[INFO] [1771004982.316155099] [icp_odometry]: Odom: ratio=0.602114, std dev=0.020775m|0.006570rad, update time=0.063462s delay=0.175611s
[INFO] [1771004982.410975532] [icp_odometry]: Odom: ratio=0.600759, std dev=0.020364m|0.006440rad, update time=0.059321s delay=0.170450s
[INFO] [1771004982.528183186] [icp_odometry]: Odom: ratio=0.616332, std dev=0.020171m|0.006379rad, update time=0.072397s delay=0.187681s
[INFO] [1771004982.616014052] [icp_odometry]: Odom: ratio=0.610741, std dev=0.021516m|0.006804rad, update time=0.063258s delay=0.175515s
[INFO] [1771004982.718812410] [icp_odometry]: Odom: ratio=0.617506, std dev=0.020232m|0.006398rad, update time=0.064138s delay=0.178317s
[INFO] [1771004982.821200097] [icp_odometry]: Odom: ratio=0.594701, std dev=0.020957m|0.006627rad, update time=0.065570s delay=0.180777s
[INFO] [1771004982.924415270] [icp_odometry]: Odom: ratio=0.605814, std dev=0.020462m|0.006471rad, update time=0.065935s delay=0.183876s
[INFO] [1771004983.020213948] [icp_odometry]: Odom: ratio=0.613204, std dev=0.019802m|0.006262rad, update time=0.065989s delay=0.179654s
[INFO] [1771004983.125903292] [icp_odometry]: Odom: ratio=0.587476, std dev=0.020218m|0.006394rad, update time=0.066957s delay=0.185470s
[INFO] [1771004983.231727713] [icp_odometry]: Odom: ratio=0.587554, std dev=0.019376m|0.006127rad, update time=0.073411s delay=0.191101s
[INFO] [1771004983.327988423] [icp_odometry]: Odom: ratio=0.595633, std dev=0.020260m|0.006407rad, update time=0.069582s delay=0.187545s
[INFO] [1771004983.428265025] [icp_odometry]: Odom: ratio=0.579813, std dev=0.019691m|0.006227rad, update time=0.074322s delay=0.187723s
[INFO] [1771004983.526788410] [icp_odometry]: Odom: ratio=0.580357, std dev=0.019629m|0.006207rad, update time=0.074689s delay=0.186292s
[INFO] [1771004983.624671740] [icp_odometry]: Odom: ratio=0.581319, std dev=0.020236m|0.006399rad, update time=0.071045s delay=0.184164s
[INFO] [1771004983.723510145] [icp_odometry]: Odom: ratio=0.570298, std dev=0.020378m|0.006444rad, update time=0.066653s delay=0.183084s
[INFO] [1771004983.820564133] [icp_odometry]: Odom: ratio=0.560601, std dev=0.019877m|0.006286rad, update time=0.067211s delay=0.180037s
[INFO] [1771004983.929520253] [icp_odometry]: Odom: ratio=0.556190, std dev=0.020514m|0.006487rad, update time=0.073953s delay=0.189099s
[INFO] [1771004984.030693751] [icp_odometry]: Odom: ratio=0.562064, std dev=0.019764m|0.006250rad, update time=0.070160s delay=0.190154s
[INFO] [1771004984.126538894] [icp_odometry]: Odom: ratio=0.560754, std dev=0.020358m|0.006438rad, update time=0.068204s delay=0.186068s
[INFO] [1771004984.226077037] [icp_odometry]: Odom: ratio=0.576295, std dev=0.019902m|0.006294rad, update time=0.067073s delay=0.185409s
[INFO] [1771004984.335304303] [icp_odometry]: Odom: ratio=0.564673, std dev=0.020553m|0.006499rad, update time=0.081084s delay=0.194685s
[INFO] [1771004984.429343396] [icp_odometry]: Odom: ratio=0.566414, std dev=0.020287m|0.006415rad, update time=0.069273s delay=0.188764s
[INFO] [1771004984.521036483] [icp_odometry]: Odom: ratio=0.554262, std dev=0.019767m|0.006251rad, update time=0.065002s delay=0.180500s
[INFO] [1771004984.618877635] [icp_odometry]: Odom: ratio=0.571874, std dev=0.019899m|0.006293rad, update time=0.066003s delay=0.178250s
[INFO] [1771004984.729606204] [icp_odometry]: Odom: ratio=0.548332, std dev=0.019386m|0.006130rad, update time=0.072339s delay=0.189115s
[INFO] [1771004984.821799310] [icp_odometry]: Odom: ratio=0.571429, std dev=0.020030m|0.006334rad, update time=0.068760s delay=0.181268s
[INFO] [1771004984.922153866] [icp_odometry]: Odom: ratio=0.570500, std dev=0.020336m|0.006431rad, update time=0.069210s delay=0.181622s
[INFO] [1771004985.024129666] [icp_odometry]: Odom: ratio=0.579145, std dev=0.020856m|0.006595rad, update time=0.069950s delay=0.183531s
[INFO] [1771004985.126376516] [icp_odometry]: Odom: ratio=0.556362, std dev=0.020393m|0.006449rad, update time=0.069292s delay=0.185919s
[INFO] [1771004985.226392020] [icp_odometry]: Odom: ratio=0.571525, std dev=0.020209m|0.006391rad, update time=0.067856s delay=0.185802s
[INFO] [1771004985.324654820] [icp_odometry]: Odom: ratio=0.548801, std dev=0.019212m|0.006075rad, update time=0.070015s delay=0.184220s
[INFO] [1771004985.423738642] [icp_odometry]: Odom: ratio=0.556701, std dev=0.020443m|0.006464rad, update time=0.069943s delay=0.183266s
[INFO] [1771004985.522266827] [icp_odometry]: Odom: ratio=0.559719, std dev=0.020319m|0.006425rad, update time=0.068742s delay=0.181689s
[INFO] [1771004985.628804810] [icp_odometry]: Odom: ratio=0.581269, std dev=0.020931m|0.006619rad, update time=0.076601s delay=0.188240s
[INFO] [1771004985.734156670] [icp_odometry]: Odom: ratio=0.566134, std dev=0.020888m|0.006605rad, update time=0.080292s delay=0.193634s
[INFO] [1771004985.837279936] [icp_odometry]: Odom: ratio=0.587508, std dev=0.020210m|0.006391rad, update time=0.078411s delay=0.196615s
[INFO] [1771004985.923376978] [icp_odometry]: Odom: ratio=0.585020, std dev=0.020697m|0.006545rad, update time=0.067232s delay=0.182888s
[INFO] [1771004986.026451698] [icp_odometry]: Odom: ratio=0.597025, std dev=0.021105m|0.006674rad, update time=0.069764s delay=0.185814s
[INFO] [1771004986.129841278] [icp_odometry]: Odom: ratio=0.586822, std dev=0.020688m|0.006542rad, update time=0.073840s delay=0.189313s
[INFO] [1771004986.221199025] [icp_odometry]: Odom: ratio=0.592203, std dev=0.021170m|0.006695rad, update time=0.064912s delay=0.180613s
[INFO] [1771004986.326905234] [icp_odometry]: Odom: ratio=0.587604, std dev=0.021065m|0.006661rad, update time=0.070235s delay=0.186388s
[INFO] [1771004986.423765998] [icp_odometry]: Odom: ratio=0.576136, std dev=0.020796m|0.006576rad, update time=0.070161s delay=0.183166s
[INFO] [1771004986.536163652] [icp_odometry]: Odom: ratio=0.567719, std dev=0.020087m|0.006352rad, update time=0.080487s delay=0.195669s
[INFO] [1771004986.618848825] [icp_odometry]: Odom: ratio=0.560235, std dev=0.020369m|0.006441rad, update time=0.065911s delay=0.178273s
[INFO] [1771004986.725609120] [icp_odometry]: Odom: ratio=0.577616, std dev=0.020484m|0.006477rad, update time=0.070967s delay=0.185058s
[INFO] [1771004986.829165874] [icp_odometry]: Odom: ratio=0.582889, std dev=0.020437m|0.006463rad, update time=0.076163s delay=0.188653s
[INFO] [1771004986.926233142] [icp_odometry]: Odom: ratio=0.598993, std dev=0.020640m|0.006527rad, update time=0.069267s delay=0.185749s
[INFO] [1771004987.023652455] [icp_odometry]: Odom: ratio=0.601342, std dev=0.020470m|0.006473rad, update time=0.068395s delay=0.183177s
[INFO] [1771004987.125592606] [icp_odometry]: Odom: ratio=0.608366, std dev=0.021397m|0.006766rad, update time=0.067938s delay=0.184990s
[INFO] [1771004987.220168775] [icp_odometry]: Odom: ratio=0.628959, std dev=0.021084m|0.006668rad, update time=0.064768s delay=0.179737s
[INFO] [1771004987.331647387] [icp_odometry]: Odom: ratio=0.619919, std dev=0.020776m|0.006570rad, update time=0.071027s delay=0.191083s
[INFO] [1771004987.431126935] [icp_odometry]: Odom: ratio=0.637037, std dev=0.020893m|0.006607rad, update time=0.068651s delay=0.190583s
[INFO] [1771004987.527928977] [icp_odometry]: Odom: ratio=0.628457, std dev=0.021087m|0.006668rad, update time=0.074068s delay=0.187305s
[INFO] [1771004987.623908910] [icp_odometry]: Odom: ratio=0.628534, std dev=0.021363m|0.006755rad, update time=0.069595s delay=0.183262s
[INFO] [1771004987.727157652] [icp_odometry]: Odom: ratio=0.629966, std dev=0.021131m|0.006682rad, update time=0.070183s delay=0.186680s
[INFO] [1771004987.820359531] [icp_odometry]: Odom: ratio=0.648466, std dev=0.020196m|0.006386rad, update time=0.068172s delay=0.179833s
[INFO] [1771004987.925469685] [icp_odometry]: Odom: ratio=0.639661, std dev=0.021203m|0.006705rad, update time=0.069148s delay=0.184854s
[INFO] [1771004988.025726638] [icp_odometry]: Odom: ratio=0.660775, std dev=0.020936m|0.006620rad, update time=0.069802s delay=0.185208s
[INFO] [1771004988.123755542] [icp_odometry]: Odom: ratio=0.654275, std dev=0.020556m|0.006500rad, update time=0.069479s delay=0.183226s
[INFO] [1771004988.225307646] [icp_odometry]: Odom: ratio=0.633741, std dev=0.020466m|0.006472rad, update time=0.068778s delay=0.184354s
[INFO] [1771004988.328655464] [icp_odometry]: Odom: ratio=0.659329, std dev=0.020924m|0.006617rad, update time=0.072433s delay=0.188115s
[INFO] [1771004988.425903059] [icp_odometry]: Odom: ratio=0.640938, std dev=0.020850m|0.006593rad, update time=0.069976s delay=0.185364s
[INFO] [1771004988.536613803] [icp_odometry]: Odom: ratio=0.649178, std dev=0.020560m|0.006502rad, update time=0.079548s delay=0.196056s
[INFO] [1771004988.628652791] [icp_odometry]: Odom: ratio=0.638445, std dev=0.020944m|0.006623rad, update time=0.074776s delay=0.188065s
[INFO] [1771004988.728420446] [icp_odometry]: Odom: ratio=0.641419, std dev=0.020975m|0.006633rad, update time=0.073097s delay=0.187863s
[INFO] [1771004988.834852345] [icp_odometry]: Odom: ratio=0.632911, std dev=0.021173m|0.006696rad, update time=0.076880s delay=0.194206s
[INFO] [1771004988.918634774] [icp_odometry]: Odom: ratio=0.649259, std dev=0.021522m|0.006806rad, update time=0.064744s delay=0.178086s
[INFO] [1771004989.021358890] [icp_odometry]: Odom: ratio=0.661833, std dev=0.020150m|0.006372rad, update time=0.067835s delay=0.180847s
[INFO] [1771004989.125600789] [icp_odometry]: Odom: ratio=0.666110, std dev=0.020801m|0.006578rad, update time=0.069951s delay=0.184939s
[INFO] [1771004989.225939857] [icp_odometry]: Odom: ratio=0.655509, std dev=0.020551m|0.006499rad, update time=0.071954s delay=0.185401s
[INFO] [1771004989.329675945] [icp_odometry]: Odom: ratio=0.648331, std dev=0.020765m|0.006567rad, update time=0.071168s delay=0.189143s
[INFO] [1771004989.421323495] [icp_odometry]: Odom: ratio=0.670142, std dev=0.021558m|0.006817rad, update time=0.065693s delay=0.180671s
[INFO] [1771004989.528139088] [icp_odometry]: Odom: ratio=0.641050, std dev=0.020884m|0.006604rad, update time=0.071984s delay=0.187519s
[INFO] [1771004989.637016517] [icp_odometry]: Odom: ratio=0.654699, std dev=0.021041m|0.006654rad, update time=0.081034s delay=0.196347s
[INFO] [1771004989.726858688] [icp_odometry]: Odom: ratio=0.648506, std dev=0.020017m|0.006330rad, update time=0.069661s delay=0.186492s
[INFO] [1771004989.830579864] [icp_odometry]: Odom: ratio=0.660525, std dev=0.020482m|0.006477rad, update time=0.078071s delay=0.190068s
[INFO] [1771004989.918901499] [icp_odometry]: Odom: ratio=0.644525, std dev=0.020386m|0.006447rad, update time=0.064528s delay=0.178221s
[INFO] [1771004990.024530073] [icp_odometry]: Odom: ratio=0.629483, std dev=0.020605m|0.006516rad, update time=0.070468s delay=0.183867s
[INFO] [1771004990.124194044] [icp_odometry]: Odom: ratio=0.641866, std dev=0.020393m|0.006449rad, update time=0.068888s delay=0.183654s
[INFO] [1771004990.233513985] [icp_odometry]: Odom: ratio=0.640902, std dev=0.020595m|0.006513rad, update time=0.075590s delay=0.193000s
[INFO] [1771004990.327864194] [icp_odometry]: Odom: ratio=0.644063, std dev=0.020236m|0.006399rad, update time=0.071035s delay=0.187207s
[INFO] [1771004990.427973461] [icp_odometry]: Odom: ratio=0.646707, std dev=0.020451m|0.006467rad, update time=0.073166s delay=0.187427s
[INFO] [1771004990.530061361] [icp_odometry]: Odom: ratio=0.637467, std dev=0.020193m|0.006386rad, update time=0.072862s delay=0.189540s
[INFO] [1771004990.633575970] [icp_odometry]: Odom: ratio=0.645468, std dev=0.020881m|0.006603rad, update time=0.076028s delay=0.193029s
[INFO] [1771004990.732134876] [icp_odometry]: Odom: ratio=0.643263, std dev=0.021602m|0.006831rad, update time=0.076372s delay=0.191348s
[INFO] [1771004990.833237460] [icp_odometry]: Odom: ratio=0.624165, std dev=0.021291m|0.006733rad, update time=0.077255s delay=0.192685s
[INFO] [1771004990.927173734] [icp_odometry]: Odom: ratio=0.629770, std dev=0.020660m|0.006533rad, update time=0.071539s delay=0.186655s
[INFO] [1771004991.029468169] [icp_odometry]: Odom: ratio=0.660636, std dev=0.020402m|0.006452rad, update time=0.072522s delay=0.188870s
[INFO] [1771004991.130846891] [icp_odometry]: Odom: ratio=0.641084, std dev=0.020302m|0.006420rad, update time=0.072816s delay=0.190212s
[INFO] [1771004991.230929534] [icp_odometry]: Odom: ratio=0.638443, std dev=0.020581m|0.006508rad, update time=0.074331s delay=0.190188s
[INFO] [1771004991.329942153] [icp_odometry]: Odom: ratio=0.642495, std dev=0.021297m|0.006735rad, update time=0.073014s delay=0.189363s
[INFO] [1771004991.431301995] [icp_odometry]: Odom: ratio=0.624301, std dev=0.020570m|0.006505rad, update time=0.075530s delay=0.190731s
[INFO] [1771004991.532293727] [icp_odometry]: Odom: ratio=0.633273, std dev=0.020847m|0.006592rad, update time=0.074933s delay=0.191786s
[INFO] [1771004991.627116912] [icp_odometry]: Odom: ratio=0.649655, std dev=0.020662m|0.006534rad, update time=0.069972s delay=0.186513s
[INFO] [1771004991.734797881] [icp_odometry]: Odom: ratio=0.646699, std dev=0.020115m|0.006361rad, update time=0.077173s delay=0.194243s
[INFO] [1771004991.834788297] [icp_odometry]: Odom: ratio=0.648955, std dev=0.020421m|0.006458rad, update time=0.079266s delay=0.194189s
[INFO] [1771004991.923266450] [icp_odometry]: Odom: ratio=0.665261, std dev=0.020512m|0.006486rad, update time=0.068601s delay=0.182714s
[INFO] [1771004992.030950011] [icp_odometry]: Odom: ratio=0.653274, std dev=0.020699m|0.006546rad, update time=0.074639s delay=0.190310s
[INFO] [1771004992.142695513] [icp_odometry]: Odom: ratio=0.646465, std dev=0.020919m|0.006615rad, update time=0.082357s delay=0.202202s
[INFO] [1771004992.230959514] [icp_odometry]: Odom: ratio=0.639586, std dev=0.020765m|0.006567rad, update time=0.072755s delay=0.190441s
[INFO] [1771004992.330640926] [icp_odometry]: Odom: ratio=0.645965, std dev=0.020538m|0.006495rad, update time=0.073808s delay=0.190189s
[INFO] [1771004992.430004662] [icp_odometry]: Odom: ratio=0.662162, std dev=0.020112m|0.006360rad, update time=0.072834s delay=0.189350s
[INFO] [1771004992.532733866] [icp_odometry]: Odom: ratio=0.661038, std dev=0.019672m|0.006221rad, update time=0.078129s delay=0.192099s
[INFO] [1771004992.636141846] [icp_odometry]: Odom: ratio=0.663194, std dev=0.020137m|0.006368rad, update time=0.082191s delay=0.195623s
[INFO] [1771004992.737372979] [icp_odometry]: Odom: ratio=0.676765, std dev=0.019989m|0.006321rad, update time=0.082232s delay=0.196060s
[INFO] [1771004992.845222818] [icp_odometry]: Odom: ratio=0.645483, std dev=0.019558m|0.006185rad, update time=0.084982s delay=0.204581s
[INFO] [1771004992.929072802] [icp_odometry]: Odom: ratio=0.643077, std dev=0.020071m|0.006347rad, update time=0.073848s delay=0.188594s
[INFO] [1771004993.021243795] [icp_odometry]: Odom: ratio=0.655493, std dev=0.020208m|0.006390rad, update time=0.067887s delay=0.180585s
[INFO] [1771004993.129397325] [icp_odometry]: Odom: ratio=0.663040, std dev=0.019620m|0.006204rad, update time=0.073942s delay=0.188737s
[INFO] [1771004993.229229590] [icp_odometry]: Odom: ratio=0.647006, std dev=0.019499m|0.006166rad, update time=0.071197s delay=0.188663s
[INFO] [1771004993.329861053] [icp_odometry]: Odom: ratio=0.671117, std dev=0.019981m|0.006318rad, update time=0.073171s delay=0.189212s
[INFO] [1771004993.430384992] [icp_odometry]: Odom: ratio=0.656020, std dev=0.019437m|0.006147rad, update time=0.072807s delay=0.189671s
[INFO] [1771004993.526112723] [icp_odometry]: Odom: ratio=0.648148, std dev=0.019869m|0.006283rad, update time=0.071218s delay=0.185389s
[INFO] [1771004993.630374622] [icp_odometry]: Odom: ratio=0.647981, std dev=0.019789m|0.006258rad, update time=0.074939s delay=0.189760s
[INFO] [1771004993.730987844] [icp_odometry]: Odom: ratio=0.667070, std dev=0.020523m|0.006490rad, update time=0.073246s delay=0.190485s
[INFO] [1771004993.835688800] [icp_odometry]: Odom: ratio=0.637992, std dev=0.019532m|0.006177rad, update time=0.081061s delay=0.194945s
[INFO] [1771004993.944562613] [icp_odometry]: Odom: ratio=0.690276, std dev=0.020236m|0.006399rad, update time=0.084069s delay=0.204033s
[INFO] [1771004994.034182568] [icp_odometry]: Odom: ratio=0.657705, std dev=0.020219m|0.006394rad, update time=0.079195s delay=0.193672s
[INFO] [1771004994.129360327] [icp_odometry]: Odom: ratio=0.667730, std dev=0.019990m|0.006321rad, update time=0.076268s delay=0.188806s
[INFO] [1771004994.231753070] [icp_odometry]: Odom: ratio=0.658374, std dev=0.020137m|0.006368rad, update time=0.075054s delay=0.191035s
[INFO] [1771004994.337335914] [icp_odometry]: Odom: ratio=0.661534, std dev=0.019906m|0.006295rad, update time=0.076938s delay=0.196735s
[INFO] [1771004994.424057107] [icp_odometry]: Odom: ratio=0.660520, std dev=0.019904m|0.006294rad, update time=0.067104s delay=0.183328s
[INFO] [1771004994.532265583] [icp_odometry]: Odom: ratio=0.670464, std dev=0.020059m|0.006343rad, update time=0.075245s delay=0.191595s
[INFO] [1771004994.632712495] [icp_odometry]: Odom: ratio=0.667406, std dev=0.020102m|0.006357rad, update time=0.074200s delay=0.192134s
[INFO] [1771004994.728563847] [icp_odometry]: Odom: ratio=0.659732, std dev=0.020002m|0.006325rad, update time=0.074714s delay=0.187914s
[INFO] [1771004994.830519422] [icp_odometry]: Odom: ratio=0.653825, std dev=0.019906m|0.006295rad, update time=0.074648s delay=0.189903s
[INFO] [1771004994.930846586] [icp_odometry]: Odom: ratio=0.640975, std dev=0.019897m|0.006292rad, update time=0.073509s delay=0.190269s
[INFO] [1771004995.031757834] [icp_odometry]: Odom: ratio=0.657485, std dev=0.019732m|0.006240rad, update time=0.073650s delay=0.191039s
[INFO] [1771004995.135752908] [icp_odometry]: Odom: ratio=0.651937, std dev=0.019833m|0.006272rad, update time=0.080845s delay=0.194972s
[INFO] [1771004995.224649509] [icp_odometry]: Odom: ratio=0.660044, std dev=0.019332m|0.006113rad, update time=0.071991s delay=0.184046s
[INFO] [1771004995.333904488] [icp_odometry]: Odom: ratio=0.651470, std dev=0.019633m|0.006209rad, update time=0.074064s delay=0.193285s
[INFO] [1771004995.432757517] [icp_odometry]: Odom: ratio=0.655191, std dev=0.020355m|0.006437rad, update time=0.076693s delay=0.192017s
[INFO] [1771004995.534969582] [icp_odometry]: Odom: ratio=0.642533, std dev=0.020455m|0.006469rad, update time=0.078411s delay=0.194422s
[INFO] [1771004995.628564083] [icp_odometry]: Odom: ratio=0.649918, std dev=0.019543m|0.006180rad, update time=0.074086s delay=0.187983s
[INFO] [1771004995.730151068] [icp_odometry]: Odom: ratio=0.659432, std dev=0.020348m|0.006435rad, update time=0.072277s delay=0.189433s
[INFO] [1771004995.828158467] [icp_odometry]: Odom: ratio=0.668860, std dev=0.019363m|0.006123rad, update time=0.072079s delay=0.187566s
[INFO] [1771004995.936384928] [icp_odometry]: Odom: ratio=0.667943, std dev=0.019422m|0.006142rad, update time=0.076245s delay=0.195854s
[INFO] [1771004996.033945014] [icp_odometry]: Odom: ratio=0.667848, std dev=0.019456m|0.006153rad, update time=0.075249s delay=0.193187s
[INFO] [1771004996.134656672] [icp_odometry]: Odom: ratio=0.649094, std dev=0.019651m|0.006214rad, update time=0.073868s delay=0.194020s
[INFO] [1771004996.231499131] [icp_odometry]: Odom: ratio=0.636438, std dev=0.020737m|0.006558rad, update time=0.076542s delay=0.190804s
[INFO] [1771004996.341081450] [icp_odometry]: Odom: ratio=0.660450, std dev=0.019932m|0.006303rad, update time=0.088317s delay=0.200392s
[INFO] [1771004996.448468936] [icp_odometry]: Odom: ratio=0.652068, std dev=0.020080m|0.006350rad, update time=0.092708s delay=0.207854s
[INFO] [1771004996.535236723] [icp_odometry]: Odom: ratio=0.668943, std dev=0.019703m|0.006231rad, update time=0.074595s delay=0.194585s
[INFO] [1771004996.634117561] [icp_odometry]: Odom: ratio=0.652561, std dev=0.019562m|0.006186rad, update time=0.075117s delay=0.193425s
[INFO] [1771004996.729425501] [icp_odometry]: Odom: ratio=0.651242, std dev=0.019491m|0.006163rad, update time=0.073465s delay=0.188827s
[INFO] [1771004996.832961166] [icp_odometry]: Odom: ratio=0.657973, std dev=0.020322m|0.006426rad, update time=0.075781s delay=0.192370s
[INFO] [1771004996.930467394] [icp_odometry]: Odom: ratio=0.651872, std dev=0.019688m|0.006226rad, update time=0.072706s delay=0.189807s
[INFO] [1771004997.038179692] [icp_odometry]: Odom: ratio=0.664317, std dev=0.019841m|0.006274rad, update time=0.082206s delay=0.197455s
[INFO] [1771004997.132523085] [icp_odometry]: Odom: ratio=0.660558, std dev=0.019680m|0.006224rad, update time=0.075116s delay=0.191929s
[INFO] [1771004997.226071120] [icp_odometry]: Odom: ratio=0.675448, std dev=0.018478m|0.005843rad, update time=0.066346s delay=0.185434s
[INFO] [1771004997.335523194] [icp_odometry]: Odom: ratio=0.670193, std dev=0.019474m|0.006158rad, update time=0.075468s delay=0.194979s
[INFO] [1771004997.429503533] [icp_odometry]: Odom: ratio=0.672249, std dev=0.019106m|0.006042rad, update time=0.071441s delay=0.188927s
[INFO] [1771004997.522195664] [icp_odometry]: Odom: ratio=0.653072, std dev=0.019997m|0.006323rad, update time=0.064075s delay=0.181478s
[INFO] [1771004997.628577162] [icp_odometry]: Odom: ratio=0.655733, std dev=0.019692m|0.006227rad, update time=0.071936s delay=0.187876s
[INFO] [1771004997.730721640] [icp_odometry]: Odom: ratio=0.665867, std dev=0.019371m|0.006126rad, update time=0.074488s delay=0.190080s
[INFO] [1771004997.846662655] [icp_odometry]: Odom: ratio=0.671291, std dev=0.018873m|0.005968rad, update time=0.088730s delay=0.205153s
[INFO] [1771004997.942578905] [icp_odometry]: Odom: ratio=0.684404, std dev=0.019608m|0.006201rad, update time=0.084424s delay=0.201911s
[INFO] [1771004998.030796825] [icp_odometry]: Odom: ratio=0.663644, std dev=0.018820m|0.005951rad, update time=0.073338s delay=0.190108s
[INFO] [1771004998.132305312] [icp_odometry]: Odom: ratio=0.666578, std dev=0.019992m|0.006322rad, update time=0.073675s delay=0.191650s
[INFO] [1771004998.240140911] [icp_odometry]: Odom: ratio=0.642257, std dev=0.019721m|0.006236rad, update time=0.080089s delay=0.199589s
[INFO] [1771004998.339909942] [icp_odometry]: Odom: ratio=0.643915, std dev=0.020823m|0.006585rad, update time=0.084429s delay=0.199090s
[INFO] [1771004998.423695411] [icp_odometry]: Odom: ratio=0.646668, std dev=0.020221m|0.006394rad, update time=0.067909s delay=0.182943s
[INFO] [1771004998.536498424] [icp_odometry]: Odom: ratio=0.662949, std dev=0.019376m|0.006127rad, update time=0.080300s delay=0.195746s
[INFO] [1771004998.640386262] [icp_odometry]: Odom: ratio=0.661792, std dev=0.019178m|0.006065rad, update time=0.081669s delay=0.199785s
[INFO] [1771004998.737289620] [icp_odometry]: Odom: ratio=0.665426, std dev=0.019549m|0.006182rad, update time=0.078987s delay=0.196667s
[INFO] [1771004998.839671099] [icp_odometry]: Odom: ratio=0.654077, std dev=0.019499m|0.006166rad, update time=0.078371s delay=0.198923s
[INFO] [1771004998.935823101] [icp_odometry]: Odom: ratio=0.657271, std dev=0.020344m|0.006433rad, update time=0.076940s delay=0.195134s
[INFO] [1771004999.035210678] [icp_odometry]: Odom: ratio=0.656843, std dev=0.020181m|0.006382rad, update time=0.078298s delay=0.194383s
[INFO] [1771004999.129554198] [icp_odometry]: Odom: ratio=0.649987, std dev=0.020032m|0.006335rad, update time=0.072709s delay=0.188910s
[INFO] [1771004999.242854285] [icp_odometry]: Odom: ratio=0.664786, std dev=0.020724m|0.006553rad, update time=0.085669s delay=0.202233s
[INFO] [1771004999.337855046] [icp_odometry]: Odom: ratio=0.643189, std dev=0.019833m|0.006272rad, update time=0.078023s delay=0.197188s
[INFO] [1771004999.445506349] [icp_odometry]: Odom: ratio=0.667775, std dev=0.021038m|0.006653rad, update time=0.087696s delay=0.204911s
[INFO] [1771004999.530427285] [icp_odometry]: Odom: ratio=0.658142, std dev=0.020122m|0.006363rad, update time=0.075840s delay=0.189868s
[INFO] [1771004999.628645155] [icp_odometry]: Odom: ratio=0.655039, std dev=0.019744m|0.006244rad, update time=0.069247s delay=0.187863s
[INFO] [1771004999.734188733] [icp_odometry]: Odom: ratio=0.656372, std dev=0.020062m|0.006344rad, update time=0.074859s delay=0.193474s
[INFO] [1771004999.834050376] [icp_odometry]: Odom: ratio=0.663784, std dev=0.019865m|0.006282rad, update time=0.075901s delay=0.193394s
[INFO] [1771004999.931965227] [icp_odometry]: Odom: ratio=0.668857, std dev=0.020325m|0.006427rad, update time=0.073982s delay=0.191258s
[INFO] [1771005000.031324131] [icp_odometry]: Odom: ratio=0.650777, std dev=0.019754m|0.006247rad, update time=0.074916s delay=0.190691s
[INFO] [1771005000.132303606] [icp_odometry]: Odom: ratio=0.663410, std dev=0.019979m|0.006318rad, update time=0.075281s delay=0.191583s
[INFO] [1771005000.234134601] [icp_odometry]: Odom: ratio=0.646041, std dev=0.020308m|0.006422rad, update time=0.075272s delay=0.193359s
[INFO] [1771005000.337604088] [icp_odometry]: Odom: ratio=0.666752, std dev=0.019751m|0.006246rad, update time=0.073000s delay=0.196915s
[INFO] [1771005000.437141590] [icp_odometry]: Odom: ratio=0.659481, std dev=0.019603m|0.006199rad, update time=0.080284s delay=0.196553s
[INFO] [1771005000.542232384] [icp_odometry]: Odom: ratio=0.662950, std dev=0.019837m|0.006273rad, update time=0.086513s delay=0.201468s
[INFO] [1771005000.632950716] [icp_odometry]: Odom: ratio=0.650875, std dev=0.020138m|0.006368rad, update time=0.076673s delay=0.192281s
[INFO] [1771005000.743873948] [icp_odometry]: Odom: ratio=0.655712, std dev=0.019623m|0.006205rad, update time=0.086150s delay=0.203231s
[INFO] [1771005000.834281868] [icp_odometry]: Odom: ratio=0.654404, std dev=0.020348m|0.006434rad, update time=0.069753s delay=0.193652s
[INFO] [1771005000.933445693] [icp_odometry]: Odom: ratio=0.656339, std dev=0.019427m|0.006143rad, update time=0.077127s delay=0.192788s
[INFO] [1771005001.033550256] [icp_odometry]: Odom: ratio=0.651133, std dev=0.019605m|0.006200rad, update time=0.077465s delay=0.192900s
[INFO] [1771005001.136540429] [icp_odometry]: Odom: ratio=0.646849, std dev=0.019990m|0.006322rad, update time=0.076026s delay=0.195844s
[INFO] [1771005001.241372974] [icp_odometry]: Odom: ratio=0.654695, std dev=0.019819m|0.006267rad, update time=0.084393s delay=0.200617s
[INFO] [1771005001.332102826] [icp_odometry]: Odom: ratio=0.649753, std dev=0.020077m|0.006349rad, update time=0.075292s delay=0.191457s
[INFO] [1771005001.427117186] [icp_odometry]: Odom: ratio=0.662573, std dev=0.019755m|0.006247rad, update time=0.072545s delay=0.186271s
[INFO] [1771005001.529580876] [icp_odometry]: Odom: ratio=0.641933, std dev=0.020235m|0.006399rad, update time=0.072043s delay=0.188835s
[INFO] [1771005001.641400109] [icp_odometry]: Odom: ratio=0.663067, std dev=0.019718m|0.006235rad, update time=0.083259s delay=0.200843s
[INFO] [1771005001.736702160] [icp_odometry]: Odom: ratio=0.649507, std dev=0.020279m|0.006413rad, update time=0.078373s delay=0.195980s
[INFO] [1771005001.829427669] [icp_odometry]: Odom: ratio=0.651188, std dev=0.019929m|0.006302rad, update time=0.072889s delay=0.188701s
[INFO] [1771005001.934357625] [icp_odometry]: Odom: ratio=0.662660, std dev=0.019684m|0.006224rad, update time=0.075441s delay=0.193696s
[INFO] [1771005002.037576223] [icp_odometry]: Odom: ratio=0.656909, std dev=0.020170m|0.006378rad, update time=0.078148s delay=0.196735s
[INFO] [1771005002.137268899] [icp_odometry]: Odom: ratio=0.662275, std dev=0.019558m|0.006185rad, update time=0.077732s delay=0.196493s
[INFO] [1771005002.225818607] [icp_odometry]: Odom: ratio=0.660363, std dev=0.019951m|0.006309rad, update time=0.071603s delay=0.185108s
[INFO] [1771005002.333011686] [icp_odometry]: Odom: ratio=0.658484, std dev=0.020037m|0.006336rad, update time=0.074321s delay=0.192418s
[INFO] [1771005002.439953652] [icp_odometry]: Odom: ratio=0.673180, std dev=0.020180m|0.006381rad, update time=0.079105s delay=0.199303s
[INFO] [1771005002.529958101] [icp_odometry]: Odom: ratio=0.659512, std dev=0.020331m|0.006429rad, update time=0.073948s delay=0.189301s
[INFO] [1771005002.627601999] [icp_odometry]: Odom: ratio=0.666317, std dev=0.019971m|0.006315rad, update time=0.073030s delay=0.186947s
[INFO] [1771005002.735481951] [icp_odometry]: Odom: ratio=0.666224, std dev=0.019885m|0.006288rad, update time=0.078479s delay=0.194754s
[INFO] [1771005002.834849335] [icp_odometry]: Odom: ratio=0.662276, std dev=0.019889m|0.006289rad, update time=0.075538s delay=0.194327s
[INFO] [1771005002.938102462] [icp_odometry]: Odom: ratio=0.660606, std dev=0.020411m|0.006454rad, update time=0.076554s delay=0.197305s
[INFO] [1771005003.037232525] [icp_odometry]: Odom: ratio=0.664453, std dev=0.019818m|0.006267rad, update time=0.075369s delay=0.196443s
[INFO] [1771005003.133022819] [icp_odometry]: Odom: ratio=0.658077, std dev=0.019504m|0.006168rad, update time=0.076327s delay=0.192339s
[INFO] [1771005003.229910752] [icp_odometry]: Odom: ratio=0.647247, std dev=0.019906m|0.006295rad, update time=0.074692s delay=0.189206s
[INFO] [1771005003.333222377] [icp_odometry]: Odom: ratio=0.658466, std dev=0.019971m|0.006315rad, update time=0.073694s delay=0.192559s
[INFO] [1771005003.438313299] [icp_odometry]: Odom: ratio=0.639214, std dev=0.019993m|0.006322rad, update time=0.075467s delay=0.197727s
[INFO] [1771005003.529797707] [icp_odometry]: Odom: ratio=0.656275, std dev=0.020385m|0.006446rad, update time=0.074391s delay=0.189157s
[INFO] [1771005003.621240961] [icp_odometry]: Odom: ratio=0.656881, std dev=0.019901m|0.006293rad, update time=0.066122s delay=0.180325s
[INFO] [1771005003.729245366] [icp_odometry]: Odom: ratio=0.661608, std dev=0.020090m|0.006353rad, update time=0.072748s delay=0.188610s
[INFO] [1771005003.843026846] [icp_odometry]: Odom: ratio=0.661299, std dev=0.019955m|0.006310rad, update time=0.084208s delay=0.202210s
[INFO] [1771005003.932367143] [icp_odometry]: Odom: ratio=0.650986, std dev=0.019866m|0.006282rad, update time=0.074503s delay=0.191605s
[INFO] [1771005004.031092488] [icp_odometry]: Odom: ratio=0.663479, std dev=0.020120m|0.006363rad, update time=0.074036s delay=0.190293s
[INFO] [1771005004.134351663] [icp_odometry]: Odom: ratio=0.640782, std dev=0.019729m|0.006239rad, update time=0.077690s delay=0.193595s
[INFO] [1771005004.231633339] [icp_odometry]: Odom: ratio=0.664269, std dev=0.019511m|0.006170rad, update time=0.075093s delay=0.190980s
[INFO] [1771005004.334439089] [icp_odometry]: Odom: ratio=0.661734, std dev=0.019746m|0.006244rad, update time=0.076115s delay=0.193695s
[INFO] [1771005004.439809637] [icp_odometry]: Odom: ratio=0.661677, std dev=0.019987m|0.006321rad, update time=0.077342s delay=0.199065s
[INFO] [1771005004.543029355] [icp_odometry]: Odom: ratio=0.646906, std dev=0.020266m|0.006409rad, update time=0.086727s delay=0.202303s
[INFO] [1771005004.635287167] [icp_odometry]: Odom: ratio=0.658891, std dev=0.019528m|0.006175rad, update time=0.079517s delay=0.194412s
[INFO] [1771005004.723550432] [icp_odometry]: Odom: ratio=0.660644, std dev=0.020147m|0.006371rad, update time=0.070592s delay=0.182783s
[INFO] [1771005004.830651796] [icp_odometry]: Odom: ratio=0.651869, std dev=0.020209m|0.006391rad, update time=0.075055s delay=0.189951s
[INFO] [1771005004.934781467] [icp_odometry]: Odom: ratio=0.658996, std dev=0.020251m|0.006404rad, update time=0.075185s delay=0.194042s
[INFO] [1771005005.034489824] [icp_odometry]: Odom: ratio=0.648543, std dev=0.020430m|0.006460rad, update time=0.076366s delay=0.193759s
[INFO] [1771005005.130426426] [icp_odometry]: Odom: ratio=0.649693, std dev=0.019914m|0.006297rad, update time=0.074894s delay=0.189747s
[INFO] [1771005005.242543526] [icp_odometry]: Odom: ratio=0.656806, std dev=0.020271m|0.006410rad, update time=0.082779s delay=0.201862s
[INFO] [1771005005.335867425] [icp_odometry]: Odom: ratio=0.662159, std dev=0.019865m|0.006282rad, update time=0.079221s delay=0.195120s
[INFO] [1771005005.434740775] [icp_odometry]: Odom: ratio=0.659613, std dev=0.020100m|0.006356rad, update time=0.075731s delay=0.194034s
[INFO] [1771005005.538183189] [icp_odometry]: Odom: ratio=0.653135, std dev=0.019341m|0.006116rad, update time=0.075572s delay=0.197501s
[INFO] [1771005005.648381594] [icp_odometry]: Odom: ratio=0.652501, std dev=0.019831m|0.006271rad, update time=0.083248s delay=0.207568s
[INFO] [1771005005.739261019] [icp_odometry]: Odom: ratio=0.665800, std dev=0.020078m|0.006349rad, update time=0.077333s delay=0.198527s
[INFO] [1771005005.826528792] [icp_odometry]: Odom: ratio=0.646130, std dev=0.020043m|0.006338rad, update time=0.072550s delay=0.185863s
[INFO] [1771005005.930017511] [icp_odometry]: Odom: ratio=0.660134, std dev=0.020157m|0.006374rad, update time=0.069101s delay=0.189209s
[INFO] [1771005006.032210503] [icp_odometry]: Odom: ratio=0.657711, std dev=0.019657m|0.006216rad, update time=0.074443s delay=0.191517s
[INFO] [1771005006.131938381] [icp_odometry]: Odom: ratio=0.655538, std dev=0.020154m|0.006373rad, update time=0.074683s delay=0.191295s
[INFO] [1771005006.233856227] [icp_odometry]: Odom: ratio=0.658446, std dev=0.019991m|0.006322rad, update time=0.073756s delay=0.193148s
[INFO] [1771005006.332193845] [icp_odometry]: Odom: ratio=0.650868, std dev=0.019898m|0.006292rad, update time=0.075330s delay=0.191508s
[INFO] [1771005006.435579009] [icp_odometry]: Odom: ratio=0.666222, std dev=0.019695m|0.006228rad, update time=0.076022s delay=0.194812s
[INFO] [1771005006.540768879] [icp_odometry]: Odom: ratio=0.652774, std dev=0.019985m|0.006320rad, update time=0.078768s delay=0.199934s
[INFO] [1771005006.657188920] [icp_odometry]: Odom: ratio=0.652864, std dev=0.020260m|0.006407rad, update time=0.088566s delay=0.216499s
[INFO] [1771005006.745363638] [icp_odometry]: Odom: ratio=0.653449, std dev=0.019985m|0.006320rad, update time=0.086807s delay=0.204551s
[INFO] [1771005006.834382771] [icp_odometry]: Odom: ratio=0.654604, std dev=0.019968m|0.006314rad, update time=0.079092s delay=0.193540s
[INFO] [1771005006.932028940] [icp_odometry]: Odom: ratio=0.660367, std dev=0.019057m|0.006026rad, update time=0.076232s delay=0.191372s
[INFO] [1771005007.033879296] [icp_odometry]: Odom: ratio=0.666579, std dev=0.019968m|0.006314rad, update time=0.074411s delay=0.192990s
[INFO] [1771005007.134562856] [icp_odometry]: Odom: ratio=0.681818, std dev=0.019822m|0.006268rad, update time=0.073562s delay=0.193753s
[INFO] [1771005007.231703119] [icp_odometry]: Odom: ratio=0.665195, std dev=0.020442m|0.006464rad, update time=0.075280s delay=0.190892s
[INFO] [1771005007.327880179] [icp_odometry]: Odom: ratio=0.659376, std dev=0.019719m|0.006236rad, update time=0.069940s delay=0.187101s
[INFO] [1771005007.429671908] [icp_odometry]: Odom: ratio=0.677540, std dev=0.020289m|0.006416rad, update time=0.074167s delay=0.188837s
[INFO] [1771005007.536559184] [icp_odometry]: Odom: ratio=0.653836, std dev=0.020317m|0.006425rad, update time=0.080673s delay=0.195826s
[INFO] [1771005007.634976485] [icp_odometry]: Odom: ratio=0.669042, std dev=0.020088m|0.006352rad, update time=0.073578s delay=0.194167s
[INFO] [1771005007.735740273] [icp_odometry]: Odom: ratio=0.655489, std dev=0.019269m|0.006094rad, update time=0.077802s delay=0.195006s
[INFO] [1771005007.836957453] [icp_odometry]: Odom: ratio=0.651499, std dev=0.020221m|0.006394rad, update time=0.079933s delay=0.196175s
[INFO] [1771005007.933833066] [icp_odometry]: Odom: ratio=0.660197, std dev=0.020477m|0.006475rad, update time=0.075937s delay=0.192982s
[INFO] [1771005008.038615913] [icp_odometry]: Odom: ratio=0.652997, std dev=0.019449m|0.006150rad, update time=0.084430s delay=0.197928s
[INFO] [1771005008.126545534] [icp_odometry]: Odom: ratio=0.659109, std dev=0.019928m|0.006302rad, update time=0.064648s delay=0.185714s
[INFO] [1771005008.230273686] [icp_odometry]: Odom: ratio=0.640381, std dev=0.019804m|0.006263rad, update time=0.074509s delay=0.189422s
[INFO] [1771005008.333447002] [icp_odometry]: Odom: ratio=0.649548, std dev=0.020082m|0.006351rad, update time=0.074728s delay=0.192759s
[INFO] [1771005008.425954039] [icp_odometry]: Odom: ratio=0.644869, std dev=0.020224m|0.006395rad, update time=0.065827s delay=0.185311s
[INFO] [1771005008.538655128] [icp_odometry]: Odom: ratio=0.655301, std dev=0.020251m|0.006404rad, update time=0.081191s delay=0.197855s
[INFO] [1771005008.637855402] [icp_odometry]: Odom: ratio=0.647216, std dev=0.019974m|0.006316rad, update time=0.073543s delay=0.196978s
[INFO] [1771005008.738976131] [icp_odometry]: Odom: ratio=0.653857, std dev=0.019849m|0.006277rad, update time=0.073851s delay=0.198155s
[INFO] [1771005008.843746945] [icp_odometry]: Odom: ratio=0.659794, std dev=0.019595m|0.006196rad, update time=0.088511s delay=0.203024s
[INFO] [1771005008.937221281] [icp_odometry]: Odom: ratio=0.651733, std dev=0.019740m|0.006242rad, update time=0.077531s delay=0.196483s
[INFO] [1771005009.034279269] [icp_odometry]: Odom: ratio=0.665802, std dev=0.019960m|0.006312rad, update time=0.075252s delay=0.193410s
[INFO] [1771005009.134446139] [icp_odometry]: Odom: ratio=0.643853, std dev=0.019897m|0.006292rad, update time=0.076961s delay=0.193748s
[INFO] [1771005009.227403272] [icp_odometry]: Odom: ratio=0.657665, std dev=0.019578m|0.006191rad, update time=0.070462s delay=0.186679s
[INFO] [1771005009.339832639] [icp_odometry]: Odom: ratio=0.658135, std dev=0.019822m|0.006268rad, update time=0.080609s delay=0.199112s
[INFO] [1771005009.428379563] [icp_odometry]: Odom: ratio=0.669594, std dev=0.020072m|0.006347rad, update time=0.070508s delay=0.187532s
[INFO] [1771005009.534124717] [icp_odometry]: Odom: ratio=0.654155, std dev=0.019733m|0.006240rad, update time=0.074589s delay=0.193276s
[INFO] [1771005009.629720027] [icp_odometry]: Odom: ratio=0.659959, std dev=0.019982m|0.006319rad, update time=0.073317s delay=0.188899s
[INFO] [1771005009.734480217] [icp_odometry]: Odom: ratio=0.666493, std dev=0.019640m|0.006211rad, update time=0.075663s delay=0.193703s
[INFO] [1771005009.840172089] [icp_odometry]: Odom: ratio=0.664171, std dev=0.020382m|0.006445rad, update time=0.077397s delay=0.199431s
[INFO] [1771005009.945332070] [icp_odometry]: Odom: ratio=0.646478, std dev=0.019909m|0.006296rad, update time=0.084382s delay=0.204652s
[INFO] [1771005010.039274103] [icp_odometry]: Odom: ratio=0.662092, std dev=0.020050m|0.006340rad, update time=0.083171s delay=0.198380s
[INFO] [1771005010.134557626] [icp_odometry]: Odom: ratio=0.663007, std dev=0.020146m|0.006371rad, update time=0.078315s delay=0.193640s
[INFO] [1771005010.230589080] [icp_odometry]: Odom: ratio=0.659524, std dev=0.020120m|0.006362rad, update time=0.071512s delay=0.189757s
[INFO] [1771005010.340026113] [icp_odometry]: Odom: ratio=0.667598, std dev=0.020020m|0.006331rad, update time=0.079146s delay=0.199214s
[INFO] [1771005010.429568242] [icp_odometry]: Odom: ratio=0.667879, std dev=0.019906m|0.006295rad, update time=0.072940s delay=0.188818s
[INFO] [1771005010.529237813] [icp_odometry]: Odom: ratio=0.662461, std dev=0.019720m|0.006236rad, update time=0.071857s delay=0.188468s
[INFO] [1771005010.630989381] [icp_odometry]: Odom: ratio=0.647636, std dev=0.019566m|0.006187rad, update time=0.070776s delay=0.190295s
[INFO] [1771005010.731640684] [icp_odometry]: Odom: ratio=0.658787, std dev=0.019849m|0.006277rad, update time=0.074935s delay=0.190825s
[INFO] [1771005010.844050883] [icp_odometry]: Odom: ratio=0.657499, std dev=0.019843m|0.006275rad, update time=0.082160s delay=0.203302s
[INFO] [1771005010.946294180] [icp_odometry]: Odom: ratio=0.664164, std dev=0.020301m|0.006420rad, update time=0.090230s delay=0.205562s
[INFO] [1771005011.036398473] [icp_odometry]: Odom: ratio=0.652276, std dev=0.019678m|0.006223rad, update time=0.077533s delay=0.195577s
[INFO] [1771005011.131276701] [icp_odometry]: Odom: ratio=0.661340, std dev=0.020289m|0.006416rad, update time=0.071800s delay=0.190492s
[INFO] [1771005011.233609730] [icp_odometry]: Odom: ratio=0.661718, std dev=0.020245m|0.006402rad, update time=0.074536s delay=0.192783s
[INFO] [1771005011.332109979] [icp_odometry]: Odom: ratio=0.648520, std dev=0.020369m|0.006441rad, update time=0.074567s delay=0.191238s
[INFO] [1771005011.429988829] [icp_odometry]: Odom: ratio=0.656967, std dev=0.020174m|0.006380rad, update time=0.070581s delay=0.189302s
[INFO] [1771005011.533706196] [icp_odometry]: Odom: ratio=0.662939, std dev=0.019437m|0.006147rad, update time=0.075958s delay=0.193011s
[INFO] [1771005011.633496220] [icp_odometry]: Odom: ratio=0.655387, std dev=0.020195m|0.006386rad, update time=0.077109s delay=0.192564s
[INFO] [1771005011.730242964] [icp_odometry]: Odom: ratio=0.646994, std dev=0.020099m|0.006356rad, update time=0.074562s delay=0.189403s
[INFO] [1771005011.835429410] [icp_odometry]: Odom: ratio=0.647295, std dev=0.021176m|0.006697rad, update time=0.078172s delay=0.194534s
[INFO] [1771005011.931537315] [icp_odometry]: Odom: ratio=0.648533, std dev=0.020313m|0.006424rad, update time=0.075752s delay=0.190701s
[INFO] [1771005012.032229516] [icp_odometry]: Odom: ratio=0.675754, std dev=0.020955m|0.006626rad, update time=0.075938s delay=0.191507s
[INFO] [1771005012.135164327] [icp_odometry]: Odom: ratio=0.675291, std dev=0.019614m|0.006202rad, update time=0.073485s delay=0.194370s
[INFO] [1771005012.236975769] [icp_odometry]: Odom: ratio=0.663731, std dev=0.020030m|0.006334rad, update time=0.076247s delay=0.196204s
[INFO] [1771005012.327328679] [icp_odometry]: Odom: ratio=0.670028, std dev=0.019955m|0.006310rad, update time=0.069970s delay=0.186580s
[INFO] [1771005012.440826053] [icp_odometry]: Odom: ratio=0.651301, std dev=0.020409m|0.006454rad, update time=0.081101s delay=0.199912s
[INFO] [1771005012.539005362] [icp_odometry]: Odom: ratio=0.658763, std dev=0.020433m|0.006462rad, update time=0.081183s delay=0.198157s
[INFO] [1771005012.629571432] [icp_odometry]: Odom: ratio=0.652699, std dev=0.020718m|0.006551rad, update time=0.071358s delay=0.188794s
[INFO] [1771005012.740776018] [icp_odometry]: Odom: ratio=0.666583, std dev=0.019661m|0.006217rad, update time=0.079468s delay=0.199974s
[INFO] [1771005012.831635154] [icp_odometry]: Odom: ratio=0.673941, std dev=0.019592m|0.006196rad, update time=0.072440s delay=0.190770s
[INFO] [1771005012.947782321] [icp_odometry]: Odom: ratio=0.672843, std dev=0.019441m|0.006148rad, update time=0.083178s delay=0.207020s
[INFO] [1771005013.033181002] [icp_odometry]: Odom: ratio=0.669997, std dev=0.019853m|0.006278rad, update time=0.074555s delay=0.192421s
[INFO] [1771005013.125201877] [icp_odometry]: Odom: ratio=0.666839, std dev=0.020000m|0.006324rad, update time=0.071876s delay=0.184373s
[INFO] [1771005013.232485904] [icp_odometry]: Odom: ratio=0.645665, std dev=0.020387m|0.006447rad, update time=0.074187s delay=0.191568s
[INFO] [1771005013.332837196] [icp_odometry]: Odom: ratio=0.650550, std dev=0.019939m|0.006305rad, update time=0.074174s delay=0.192024s
[INFO] [1771005013.432674742] [icp_odometry]: Odom: ratio=0.644951, std dev=0.019761m|0.006249rad, update time=0.073390s delay=0.191916s
[INFO] [1771005013.530999144] [icp_odometry]: Odom: ratio=0.663863, std dev=0.019647m|0.006213rad, update time=0.068925s delay=0.190180s
[INFO] [1771005013.628015978] [icp_odometry]: Odom: ratio=0.665650, std dev=0.019988m|0.006321rad, update time=0.069631s delay=0.187279s
[INFO] [1771005013.724269712] [icp_odometry]: Odom: ratio=0.672662, std dev=0.020343m|0.006433rad, update time=0.067464s delay=0.183589s
[INFO] [1771005013.836053615] [icp_odometry]: Odom: ratio=0.659532, std dev=0.020358m|0.006438rad, update time=0.079901s delay=0.195221s
[INFO] [1771005013.930615000] [icp_odometry]: Odom: ratio=0.657875, std dev=0.020549m|0.006498rad, update time=0.072868s delay=0.189754s
[INFO] [1771005014.048844163] [icp_odometry]: Odom: ratio=0.646708, std dev=0.020222m|0.006395rad, update time=0.090131s delay=0.207409s
[INFO] [1771005014.140668359] [icp_odometry]: Odom: ratio=0.649865, std dev=0.020602m|0.006515rad, update time=0.081081s delay=0.195743s
[INFO] [1771005014.231933367] [icp_odometry]: Odom: ratio=0.662344, std dev=0.019500m|0.006166rad, update time=0.074695s delay=0.191242s
[INFO] [1771005014.340055408] [icp_odometry]: Odom: ratio=0.654196, std dev=0.020007m|0.006327rad, update time=0.081512s delay=0.199166s
[INFO] [1771005014.433025470] [icp_odometry]: Odom: ratio=0.667409, std dev=0.019442m|0.006148rad, update time=0.073818s delay=0.192228s
[INFO] [1771005014.531608153] [icp_odometry]: Odom: ratio=0.639901, std dev=0.020138m|0.006368rad, update time=0.074191s delay=0.190680s
[INFO] [1771005014.636476219] [icp_odometry]: Odom: ratio=0.649278, std dev=0.020178m|0.006381rad, update time=0.076882s delay=0.195599s
[INFO] [1771005014.734222392] [icp_odometry]: Odom: ratio=0.646472, std dev=0.020609m|0.006517rad, update time=0.076810s delay=0.193457s
[INFO] [1771005014.830656613] [icp_odometry]: Odom: ratio=0.652421, std dev=0.020287m|0.006415rad, update time=0.074381s delay=0.189756s
[INFO] [1771005014.940868267] [icp_odometry]: Odom: ratio=0.652771, std dev=0.020188m|0.006384rad, update time=0.080096s delay=0.200057s
[INFO] [1771005015.026164256] [icp_odometry]: Odom: ratio=0.659308, std dev=0.020244m|0.006402rad, update time=0.068793s delay=0.185382s
[INFO] [1771005015.138171338] [icp_odometry]: Odom: ratio=0.635981, std dev=0.019880m|0.006287rad, update time=0.081125s delay=0.197224s
[INFO] [1771005015.239223408] [icp_odometry]: Odom: ratio=0.655138, std dev=0.020173m|0.006379rad, update time=0.084117s delay=0.198318s
[INFO] [1771005015.322451542] [icp_odometry]: Odom: ratio=0.635630, std dev=0.020616m|0.006519rad, update time=0.065903s delay=0.181659s
[INFO] [1771005015.439405942] [icp_odometry]: Odom: ratio=0.654473, std dev=0.020067m|0.006346rad, update time=0.082006s delay=0.198494s
[INFO] [1771005015.544530797] [icp_odometry]: Odom: ratio=0.649219, std dev=0.019757m|0.006248rad, update time=0.084586s delay=0.203622s
[INFO] [1771005015.640487932] [icp_odometry]: Odom: ratio=0.633778, std dev=0.020307m|0.006422rad, update time=0.080067s delay=0.199596s
[INFO] [1771005015.733588709] [icp_odometry]: Odom: ratio=0.659403, std dev=0.020209m|0.006390rad, update time=0.074430s delay=0.192731s
[INFO] [1771005015.833236280] [icp_odometry]: Odom: ratio=0.631296, std dev=0.019828m|0.006270rad, update time=0.074761s delay=0.191724s
[INFO] [1771005015.929684152] [icp_odometry]: Odom: ratio=0.652802, std dev=0.019719m|0.006236rad, update time=0.070755s delay=0.188888s
[INFO] [1771005016.035719760] [icp_odometry]: Odom: ratio=0.643947, std dev=0.020062m|0.006344rad, update time=0.075117s delay=0.194859s
[INFO] [1771005016.146889984] [icp_odometry]: Odom: ratio=0.645661, std dev=0.019847m|0.006276rad, update time=0.083131s delay=0.205955s
[INFO] [1771005016.239815459] [icp_odometry]: Odom: ratio=0.643949, std dev=0.020534m|0.006493rad, update time=0.082577s delay=0.198993s
[INFO] [1771005016.328466668] [icp_odometry]: Odom: ratio=0.648580, std dev=0.020268m|0.006409rad, update time=0.071764s delay=0.187698s
[INFO] [1771005016.433462494] [icp_odometry]: Odom: ratio=0.637604, std dev=0.020290m|0.006416rad, update time=0.075619s delay=0.192652s
[INFO] [1771005016.533925455] [icp_odometry]: Odom: ratio=0.653836, std dev=0.020388m|0.006447rad, update time=0.075662s delay=0.193148s
[INFO] [1771005016.638653208] [icp_odometry]: Odom: ratio=0.644795, std dev=0.020166m|0.006377rad, update time=0.080609s delay=0.197729s
[INFO] [1771005016.743041717] [icp_odometry]: Odom: ratio=0.633778, std dev=0.020137m|0.006368rad, update time=0.082766s delay=0.202245s
[INFO] [1771005016.834137750] [icp_odometry]: Odom: ratio=0.647528, std dev=0.020292m|0.006417rad, update time=0.075709s delay=0.193146s
[INFO] [1771005016.935377282] [icp_odometry]: Odom: ratio=0.649123, std dev=0.020544m|0.006497rad, update time=0.076569s delay=0.194493s
[INFO] [1771005017.039454676] [icp_odometry]: Odom: ratio=0.651385, std dev=0.020508m|0.006485rad, update time=0.084894s delay=0.198594s
[INFO] [1771005017.138701272] [icp_odometry]: Odom: ratio=0.648441, std dev=0.020929m|0.006618rad, update time=0.076792s delay=0.197934s
[INFO] [1771005017.245726132] [icp_odometry]: Odom: ratio=0.633873, std dev=0.021346m|0.006750rad, update time=0.085839s delay=0.204875s
[INFO] [1771005017.331945606] [icp_odometry]: Odom: ratio=0.637850, std dev=0.019705m|0.006231rad, update time=0.073702s delay=0.191079s
[INFO] [1771005017.434138036] [icp_odometry]: Odom: ratio=0.638590, std dev=0.020256m|0.006405rad, update time=0.077669s delay=0.193400s
[INFO] [1771005017.542734888] [icp_odometry]: Odom: ratio=0.645648, std dev=0.020492m|0.006480rad, update time=0.079328s delay=0.201807s
[INFO] [1771005017.637097470] [icp_odometry]: Odom: ratio=0.634850, std dev=0.020970m|0.006631rad, update time=0.075414s delay=0.196120s
[INFO] [1771005017.739543573] [icp_odometry]: Odom: ratio=0.625697, std dev=0.021886m|0.006921rad, update time=0.083912s delay=0.198652s
[INFO] [1771005017.840246446] [icp_odometry]: Odom: ratio=0.628146, std dev=0.021486m|0.006795rad, update time=0.081828s delay=0.199310s
[INFO] [1771005017.934910223] [icp_odometry]: Odom: ratio=0.630192, std dev=0.021197m|0.006703rad, update time=0.077276s delay=0.194013s
[INFO] [1771005018.040262926] [icp_odometry]: Odom: ratio=0.628181, std dev=0.020834m|0.006588rad, update time=0.081766s delay=0.199358s
[INFO] [1771005018.151998643] [icp_odometry]: Odom: ratio=0.622887, std dev=0.020461m|0.006470rad, update time=0.081603s delay=0.211155s
[INFO] [1771005018.236020694] [icp_odometry]: Odom: ratio=0.631579, std dev=0.020088m|0.006353rad, update time=0.074596s delay=0.195182s
[INFO] [1771005018.325599264] [icp_odometry]: Odom: ratio=0.612193, std dev=0.020649m|0.006530rad, update time=0.069545s delay=0.181739s
[INFO] [1771005018.442391514] [icp_odometry]: Odom: ratio=0.618068, std dev=0.020427m|0.006460rad, update time=0.083559s delay=0.201464s
[INFO] [1771005018.533523227] [icp_odometry]: Odom: ratio=0.616195, std dev=0.020807m|0.006580rad, update time=0.076907s delay=0.192689s
[INFO] [1771005018.645946680] [icp_odometry]: Odom: ratio=0.630388, std dev=0.020676m|0.006538rad, update time=0.086458s delay=0.205080s
[INFO] [1771005018.744871218] [icp_odometry]: Odom: ratio=0.635197, std dev=0.021017m|0.006646rad, update time=0.078774s delay=0.203965s
[INFO] [1771005018.839272553] [icp_odometry]: Odom: ratio=0.624940, std dev=0.021548m|0.006814rad, update time=0.079244s delay=0.198502s
[INFO] [1771005018.937361988] [icp_odometry]: Odom: ratio=0.627275, std dev=0.020996m|0.006639rad, update time=0.076531s delay=0.196489s
[INFO] [1771005019.041840452] [icp_odometry]: Odom: ratio=0.635151, std dev=0.020032m|0.006335rad, update time=0.080243s delay=0.201024s
[INFO] [1771005019.137803027] [icp_odometry]: Odom: ratio=0.617041, std dev=0.020581m|0.006508rad, update time=0.079460s delay=0.196847s
[INFO] [1771005019.248077699] [icp_odometry]: Odom: ratio=0.631123, std dev=0.020518m|0.006488rad, update time=0.082302s delay=0.207141s
[INFO] [1771005019.345062871] [icp_odometry]: Odom: ratio=0.633621, std dev=0.020472m|0.006474rad, update time=0.085741s delay=0.204173s
[INFO] [1771005019.445145626] [icp_odometry]: Odom: ratio=0.634770, std dev=0.020707m|0.006548rad, update time=0.089502s delay=0.204208s
[INFO] [1771005019.539370059] [icp_odometry]: Odom: ratio=0.629391, std dev=0.020355m|0.006437rad, update time=0.079763s delay=0.198556s
[INFO] [1771005019.645644203] [icp_odometry]: Odom: ratio=0.633527, std dev=0.020126m|0.006364rad, update time=0.085368s delay=0.204917s
[INFO] [1771005019.740315980] [icp_odometry]: Odom: ratio=0.626141, std dev=0.020152m|0.006373rad, update time=0.076704s delay=0.199393s
[INFO] [1771005019.832355886] [icp_odometry]: Odom: ratio=0.631140, std dev=0.020378m|0.006444rad, update time=0.073197s delay=0.191552s
[INFO] [1771005019.934711203] [icp_odometry]: Odom: ratio=0.635219, std dev=0.020123m|0.006363rad, update time=0.075820s delay=0.193893s
[INFO] [1771005020.036319676] [icp_odometry]: Odom: ratio=0.639252, std dev=0.020404m|0.006452rad, update time=0.079091s delay=0.195396s
[INFO] [1771005020.149333966] [icp_odometry]: Odom: ratio=0.628565, std dev=0.020668m|0.006536rad, update time=0.086794s delay=0.208405s
[INFO] [1771005020.249000674] [icp_odometry]: Odom: ratio=0.645356, std dev=0.020809m|0.006580rad, update time=0.085361s delay=0.208209s
[INFO] [1771005020.347085789] [icp_odometry]: Odom: ratio=0.631086, std dev=0.020819m|0.006583rad, update time=0.084833s delay=0.206267s
[INFO] [1771005020.440369804] [icp_odometry]: Odom: ratio=0.638628, std dev=0.020478m|0.006476rad, update time=0.082296s delay=0.199492s
[INFO] [1771005020.551898537] [icp_odometry]: Odom: ratio=0.618815, std dev=0.020484m|0.006477rad, update time=0.092891s delay=0.211085s
[INFO] [1771005020.642034567] [icp_odometry]: Odom: ratio=0.640996, std dev=0.020715m|0.006551rad, update time=0.082485s delay=0.201089s
[INFO] [1771005020.738217470] [icp_odometry]: Odom: ratio=0.625834, std dev=0.020169m|0.006378rad, update time=0.078977s delay=0.197366s
[INFO] [1771005020.838839060] [icp_odometry]: Odom: ratio=0.622698, std dev=0.020166m|0.006377rad, update time=0.079529s delay=0.198120s
[INFO] [1771005020.936375612] [icp_odometry]: Odom: ratio=0.632768, std dev=0.020421m|0.006458rad, update time=0.077097s delay=0.195399s
[INFO] [1771005021.033353647] [icp_odometry]: Odom: ratio=0.632566, std dev=0.020292m|0.006417rad, update time=0.076927s delay=0.192508s
[INFO] [1771005021.136056016] [icp_odometry]: Odom: ratio=0.640610, std dev=0.020188m|0.006384rad, update time=0.078963s delay=0.195068s
[INFO] [1771005021.231440394] [icp_odometry]: Odom: ratio=0.643543, std dev=0.020195m|0.006386rad, update time=0.073092s delay=0.190527s
[INFO] [1771005021.356543694] [icp_odometry]: Odom: ratio=0.638896, std dev=0.020348m|0.006435rad, update time=0.088336s delay=0.215642s
[INFO] [1771005021.433444178] [icp_odometry]: Odom: ratio=0.637144, std dev=0.019708m|0.006232rad, update time=0.074117s delay=0.192613s
[INFO] [1771005021.531704083] [icp_odometry]: Odom: ratio=0.639352, std dev=0.020242m|0.006401rad, update time=0.075288s delay=0.190759s
[INFO] [1771005021.635016905] [icp_odometry]: Odom: ratio=0.629444, std dev=0.019878m|0.006286rad, update time=0.076524s delay=0.194050s
[INFO] [1771005021.732694358] [icp_odometry]: Odom: ratio=0.638206, std dev=0.020614m|0.006519rad, update time=0.073272s delay=0.191826s
[INFO] [1771005021.836648995] [icp_odometry]: Odom: ratio=0.630106, std dev=0.019897m|0.006292rad, update time=0.078430s delay=0.195647s
[INFO] [1771005021.931656816] [icp_odometry]: Odom: ratio=0.647327, std dev=0.020534m|0.006493rad, update time=0.076112s delay=0.190710s
[INFO] [1771005022.039830773] [icp_odometry]: Odom: ratio=0.643808, std dev=0.019995m|0.006323rad, update time=0.081892s delay=0.198843s
[INFO] [1771005022.133821661] [icp_odometry]: Odom: ratio=0.653992, std dev=0.020257m|0.006406rad, update time=0.077472s delay=0.192883s
[INFO] [1771005022.239457415] [icp_odometry]: Odom: ratio=0.639263, std dev=0.020211m|0.006391rad, update time=0.079742s delay=0.198520s
[INFO] [1771005022.343011206] [icp_odometry]: Odom: ratio=0.643836, std dev=0.020685m|0.006541rad, update time=0.081099s delay=0.202223s
[INFO] [1771005022.434228043] [icp_odometry]: Odom: ratio=0.645267, std dev=0.020645m|0.006529rad, update time=0.078622s delay=0.193286s
[INFO] [1771005022.527583677] [icp_odometry]: Odom: ratio=0.635636, std dev=0.020682m|0.006540rad, update time=0.072278s delay=0.186776s
[INFO] [1771005022.627201679] [icp_odometry]: Odom: ratio=0.652702, std dev=0.020788m|0.006574rad, update time=0.072671s delay=0.186355s
[INFO] [1771005022.738932531] [icp_odometry]: Odom: ratio=0.654417, std dev=0.020329m|0.006429rad, update time=0.078993s delay=0.198096s
[INFO] [1771005022.827159757] [icp_odometry]: Odom: ratio=0.641579, std dev=0.020292m|0.006417rad, update time=0.069616s delay=0.186072s
[INFO] [1771005022.937235702] [icp_odometry]: Odom: ratio=0.645897, std dev=0.020794m|0.006576rad, update time=0.076744s delay=0.196398s
[INFO] [1771005023.034645369] [icp_odometry]: Odom: ratio=0.641412, std dev=0.020747m|0.006561rad, update time=0.076945s delay=0.193808s
[INFO] [1771005023.134224681] [icp_odometry]: Odom: ratio=0.642138, std dev=0.020618m|0.006520rad, update time=0.078481s delay=0.193202s
[INFO] [1771005023.234010721] [icp_odometry]: Odom: ratio=0.629892, std dev=0.019868m|0.006283rad, update time=0.077062s delay=0.193091s
[INFO] [1771005023.334970916] [icp_odometry]: Odom: ratio=0.640452, std dev=0.020126m|0.006364rad, update time=0.077705s delay=0.194068s
[INFO] [1771005023.456374914] [icp_odometry]: Odom: ratio=0.634772, std dev=0.020129m|0.006365rad, update time=0.087010s delay=0.215464s
[INFO] [1771005023.543231339] [icp_odometry]: Odom: ratio=0.647926, std dev=0.020535m|0.006494rad, update time=0.083168s delay=0.202397s
[INFO] [1771005023.631933814] [icp_odometry]: Odom: ratio=0.632054, std dev=0.020036m|0.006336rad, update time=0.072122s delay=0.191087s
[INFO] [1771005023.737561664] [icp_odometry]: Odom: ratio=0.634659, std dev=0.019893m|0.006291rad, update time=0.077548s delay=0.196660s
[INFO] [1771005023.851849215] [icp_odometry]: Odom: ratio=0.640490, std dev=0.020581m|0.006508rad, update time=0.089972s delay=0.210899s
[INFO] [1771005023.931295966] [icp_odometry]: Odom: ratio=0.651057, std dev=0.020183m|0.006383rad, update time=0.071646s delay=0.190464s
[INFO] [1771005024.044779073] [icp_odometry]: Odom: ratio=0.636386, std dev=0.020366m|0.006440rad, update time=0.079089s delay=0.203989s
[INFO] [1771005024.133259716] [icp_odometry]: Odom: ratio=0.646556, std dev=0.020002m|0.006325rad, update time=0.071900s delay=0.192441s
[INFO] [1771005024.234905215] [icp_odometry]: Odom: ratio=0.636903, std dev=0.020223m|0.006395rad, update time=0.079327s delay=0.193987s
[INFO] [1771005024.329945101] [icp_odometry]: Odom: ratio=0.638539, std dev=0.020513m|0.006487rad, update time=0.073409s delay=0.189132s
[INFO] [1771005024.435582455] [icp_odometry]: Odom: ratio=0.642695, std dev=0.020424m|0.006459rad, update time=0.075599s delay=0.194747s
[INFO] [1771005024.546502622] [icp_odometry]: Odom: ratio=0.638398, std dev=0.020424m|0.006459rad, update time=0.079294s delay=0.205565s
[INFO] [1771005024.637717923] [icp_odometry]: Odom: ratio=0.634586, std dev=0.020163m|0.006376rad, update time=0.079160s delay=0.196885s
[INFO] [1771005024.737985900] [icp_odometry]: Odom: ratio=0.635309, std dev=0.020649m|0.006530rad, update time=0.076640s delay=0.197047s
[INFO] [1771005024.836037926] [icp_odometry]: Odom: ratio=0.638854, std dev=0.020230m|0.006397rad, update time=0.078072s delay=0.195114s
[INFO] [1771005024.922496385] [icp_odometry]: Odom: ratio=0.629355, std dev=0.020878m|0.006602rad, update time=0.065206s delay=0.181560s
[INFO] [1771005025.040281790] [icp_odometry]: Odom: ratio=0.642857, std dev=0.019995m|0.006323rad, update time=0.082296s delay=0.199236s
[INFO] [1771005025.138210899] [icp_odometry]: Odom: ratio=0.632012, std dev=0.020784m|0.006573rad, update time=0.079010s delay=0.197254s
[INFO] [1771005025.231137142] [icp_odometry]: Odom: ratio=0.646731, std dev=0.020000m|0.006324rad, update time=0.071108s delay=0.190293s
[INFO] [1771005025.344324142] [icp_odometry]: Odom: ratio=0.637538, std dev=0.020786m|0.006573rad, update time=0.083244s delay=0.203461s
[INFO] [1771005025.442680147] [icp_odometry]: Odom: ratio=0.641433, std dev=0.020179m|0.006381rad, update time=0.083641s delay=0.201826s
[INFO] [1771005025.546276691] [icp_odometry]: Odom: ratio=0.627220, std dev=0.020364m|0.006440rad, update time=0.083094s delay=0.205353s
[INFO] [1771005025.635462192] [icp_odometry]: Odom: ratio=0.653652, std dev=0.019988m|0.006321rad, update time=0.079032s delay=0.194551s
[INFO] [1771005025.733899671] [icp_odometry]: Odom: ratio=0.624379, std dev=0.020284m|0.006414rad, update time=0.078414s delay=0.193015s
[INFO] [1771005025.834742869] [icp_odometry]: Odom: ratio=0.639476, std dev=0.020386m|0.006447rad, update time=0.077046s delay=0.193804s
[INFO] [1771005025.939594403] [icp_odometry]: Odom: ratio=0.631332, std dev=0.020111m|0.006360rad, update time=0.078901s delay=0.198806s
[INFO] [1771005026.036197417] [icp_odometry]: Odom: ratio=0.631355, std dev=0.020484m|0.006478rad, update time=0.079340s delay=0.195183s
[INFO] [1771005026.140070804] [icp_odometry]: Odom: ratio=0.636888, std dev=0.019887m|0.006289rad, update time=0.081271s delay=0.198938s
[INFO] [1771005026.234659921] [icp_odometry]: Odom: ratio=0.643434, std dev=0.020314m|0.006424rad, update time=0.076161s delay=0.193785s
[INFO] [1771005026.336445937] [icp_odometry]: Odom: ratio=0.644038, std dev=0.020083m|0.006351rad, update time=0.079549s delay=0.195402s
[INFO] [1771005026.439194707] [icp_odometry]: Odom: ratio=0.633351, std dev=0.020619m|0.006520rad, update time=0.077086s delay=0.198159s
[INFO] [1771005026.542860343] [icp_odometry]: Odom: ratio=0.647558, std dev=0.020444m|0.006465rad, update time=0.078149s delay=0.201925s
[INFO] [1771005026.646338291] [icp_odometry]: Odom: ratio=0.643327, std dev=0.020792m|0.006575rad, update time=0.089106s delay=0.205369s
[INFO] [1771005026.734143454] [icp_odometry]: Odom: ratio=0.637185, std dev=0.020365m|0.006440rad, update time=0.079166s delay=0.193281s
[INFO] [1771005026.835318152] [icp_odometry]: Odom: ratio=0.642199, std dev=0.020594m|0.006512rad, update time=0.076818s delay=0.194432s
[INFO] [1771005026.938129772] [icp_odometry]: Odom: ratio=0.637685, std dev=0.020232m|0.006398rad, update time=0.079052s delay=0.197255s
[INFO] [1771005027.033213404] [icp_odometry]: Odom: ratio=0.641624, std dev=0.020005m|0.006326rad, update time=0.074427s delay=0.192290s
[INFO] [1771005027.135092991] [icp_odometry]: Odom: ratio=0.653797, std dev=0.019988m|0.006321rad, update time=0.077666s delay=0.194085s
[INFO] [1771005027.234529098] [icp_odometry]: Odom: ratio=0.639535, std dev=0.019933m|0.006303rad, update time=0.075297s delay=0.193580s
[INFO] [1771005027.336952001] [icp_odometry]: Odom: ratio=0.657105, std dev=0.020615m|0.006519rad, update time=0.077147s delay=0.195983s
[INFO] [1771005027.440236054] [icp_odometry]: Odom: ratio=0.653187, std dev=0.020563m|0.006503rad, update time=0.083580s delay=0.199410s
[INFO] [1771005027.540198677] [icp_odometry]: Odom: ratio=0.648360, std dev=0.020598m|0.006514rad, update time=0.080300s delay=0.199249s
[INFO] [1771005027.636762393] [icp_odometry]: Odom: ratio=0.644178, std dev=0.019910m|0.006296rad, update time=0.075100s delay=0.195711s
[INFO] [1771005027.737004514] [icp_odometry]: Odom: ratio=0.644046, std dev=0.020190m|0.006385rad, update time=0.079980s delay=0.196109s
[INFO] [1771005027.830531866] [icp_odometry]: Odom: ratio=0.637180, std dev=0.020110m|0.006359rad, update time=0.075782s delay=0.189653s
[INFO] [1771005027.941021361] [icp_odometry]: Odom: ratio=0.646398, std dev=0.020245m|0.006402rad, update time=0.082582s delay=0.200083s
[INFO] [1771005028.043869079] [icp_odometry]: Odom: ratio=0.648283, std dev=0.020114m|0.006361rad, update time=0.086570s delay=0.202958s
[INFO] [1771005028.135353798] [icp_odometry]: Odom: ratio=0.642075, std dev=0.020527m|0.006491rad, update time=0.078248s delay=0.194488s
[INFO] [1771005028.233109877] [icp_odometry]: Odom: ratio=0.633707, std dev=0.020259m|0.006406rad, update time=0.075129s delay=0.192230s
[INFO] [1771005028.335827542] [icp_odometry]: Odom: ratio=0.639289, std dev=0.020322m|0.006426rad, update time=0.077866s delay=0.194875s
[INFO] [1771005028.427880537] [icp_odometry]: Odom: ratio=0.628195, std dev=0.020363m|0.006440rad, update time=0.065973s delay=0.186845s
[INFO] [1771005028.536020669] [icp_odometry]: Odom: ratio=0.638520, std dev=0.020216m|0.006393rad, update time=0.079032s delay=0.195117s
[INFO] [1771005028.630722687] [icp_odometry]: Odom: ratio=0.633558, std dev=0.021034m|0.006652rad, update time=0.071283s delay=0.189733s
[INFO] [1771005028.732537247] [icp_odometry]: Odom: ratio=0.639361, std dev=0.020199m|0.006388rad, update time=0.076218s delay=0.191568s
[INFO] [1771005028.837661431] [icp_odometry]: Odom: ratio=0.647134, std dev=0.020440m|0.006464rad, update time=0.081793s delay=0.196621s
[INFO] [1771005028.929661816] [icp_odometry]: Odom: ratio=0.652495, std dev=0.019861m|0.006281rad, update time=0.074403s delay=0.188693s
[INFO] [1771005029.035630509] [icp_odometry]: Odom: ratio=0.635995, std dev=0.020775m|0.006570rad, update time=0.077743s delay=0.194665s
[INFO] [1771005029.134824272] [icp_odometry]: Odom: ratio=0.650669, std dev=0.020003m|0.006326rad, update time=0.079551s delay=0.193902s
[INFO] [1771005029.230990279] [icp_odometry]: Odom: ratio=0.628579, std dev=0.020289m|0.006416rad, update time=0.073531s delay=0.190085s
[INFO] [1771005029.338688698] [icp_odometry]: Odom: ratio=0.638563, std dev=0.020147m|0.006371rad, update time=0.079816s delay=0.197742s
[INFO] [1771005029.434876241] [icp_odometry]: Odom: ratio=0.641431, std dev=0.020325m|0.006427rad, update time=0.078814s delay=0.193972s
[INFO] [1771005029.530637209] [icp_odometry]: Odom: ratio=0.634665, std dev=0.020166m|0.006377rad, update time=0.072597s delay=0.189636s
[INFO] [1771005029.646072930] [icp_odometry]: Odom: ratio=0.642081, std dev=0.020386m|0.006447rad, update time=0.086609s delay=0.205075s
[INFO] [1771005029.751195130] [icp_odometry]: Odom: ratio=0.622155, std dev=0.019884m|0.006288rad, update time=0.081694s delay=0.210347s
[INFO] [1771005029.850529057] [icp_odometry]: Odom: ratio=0.641916, std dev=0.020128m|0.006365rad, update time=0.088118s delay=0.209675s
[INFO] [1771005029.933082704] [icp_odometry]: Odom: ratio=0.632279, std dev=0.020224m|0.006396rad, update time=0.074012s delay=0.192073s
[INFO] [1771005030.054273031] [icp_odometry]: Odom: ratio=0.639474, std dev=0.019914m|0.006297rad, update time=0.096705s delay=0.213419s
[INFO] [1771005030.136658096] [icp_odometry]: Odom: ratio=0.630683, std dev=0.020502m|0.006483rad, update time=0.077785s delay=0.195788s
[INFO] [1771005030.235944566] [icp_odometry]: Odom: ratio=0.644798, std dev=0.020190m|0.006385rad, update time=0.078572s delay=0.194982s
[INFO] [1771005030.332240561] [icp_odometry]: Odom: ratio=0.622951, std dev=0.020330m|0.006429rad, update time=0.077582s delay=0.191314s
[INFO] [1771005030.439009731] [icp_odometry]: Odom: ratio=0.625631, std dev=0.020432m|0.006461rad, update time=0.082155s delay=0.198045s
[INFO] [1771005030.539314030] [icp_odometry]: Odom: ratio=0.631004, std dev=0.020211m|0.006391rad, update time=0.079546s delay=0.198467s
[INFO] [1771005030.637106718] [icp_odometry]: Odom: ratio=0.621654, std dev=0.020193m|0.006385rad, update time=0.078955s delay=0.196234s
[INFO] [1771005030.734797003] [icp_odometry]: Odom: ratio=0.616699, std dev=0.020492m|0.006480rad, update time=0.072648s delay=0.193732s
[INFO] [1771005030.841578878] [icp_odometry]: Odom: ratio=0.619407, std dev=0.020166m|0.006377rad, update time=0.080562s delay=0.200723s
[INFO] [1771005030.945484426] [icp_odometry]: Odom: ratio=0.621873, std dev=0.020223m|0.006395rad, update time=0.087944s delay=0.204731s
[INFO] [1771005031.032519289] [icp_odometry]: Odom: ratio=0.625387, std dev=0.020679m|0.006539rad, update time=0.074296s delay=0.191550s
[INFO] [1771005031.138006365] [icp_odometry]: Odom: ratio=0.619207, std dev=0.020764m|0.006566rad, update time=0.077694s delay=0.196963s
[INFO] [1771005031.232711935] [icp_odometry]: Odom: ratio=0.631112, std dev=0.020412m|0.006455rad, update time=0.075179s delay=0.191742s
[INFO] [1771005031.335371711] [icp_odometry]: Odom: ratio=0.621975, std dev=0.020586m|0.006510rad, update time=0.076449s delay=0.194291s
[INFO] [1771005031.440095144] [icp_odometry]: Odom: ratio=0.625741, std dev=0.020427m|0.006459rad, update time=0.079738s delay=0.199243s
[INFO] [1771005031.530843388] [icp_odometry]: Odom: ratio=0.626670, std dev=0.020818m|0.006583rad, update time=0.074190s delay=0.189769s
[INFO] [1771005031.630725815] [icp_odometry]: Odom: ratio=0.622346, std dev=0.020498m|0.006482rad, update time=0.072448s delay=0.189688s
[INFO] [1771005031.729405960] [icp_odometry]: Odom: ratio=0.623413, std dev=0.020500m|0.006483rad, update time=0.072746s delay=0.188524s
[INFO] [1771005031.836769743] [icp_odometry]: Odom: ratio=0.612445, std dev=0.020302m|0.006420rad, update time=0.076301s delay=0.195800s
[INFO] [1771005031.931606294] [icp_odometry]: Odom: ratio=0.625221, std dev=0.020584m|0.006509rad, update time=0.067889s delay=0.190633s
[INFO] [1771005032.036034453] [icp_odometry]: Odom: ratio=0.635303, std dev=0.020509m|0.006485rad, update time=0.079704s delay=0.195070s
[INFO] [1771005032.130843578] [icp_odometry]: Odom: ratio=0.625247, std dev=0.020909m|0.006612rad, update time=0.074429s delay=0.189777s
[INFO] [1771005032.232114216] [icp_odometry]: Odom: ratio=0.636159, std dev=0.020448m|0.006466rad, update time=0.076121s delay=0.191038s
[INFO] [1771005032.324509495] [icp_odometry]: Odom: ratio=0.625094, std dev=0.020274m|0.006411rad, update time=0.067731s delay=0.183535s
[INFO] [1771005032.439006110] [icp_odometry]: Odom: ratio=0.621903, std dev=0.020989m|0.006637rad, update time=0.077712s delay=0.197994s
[INFO] [1771005032.526170578] [icp_odometry]: Odom: ratio=0.619581, std dev=0.020726m|0.006554rad, update time=0.066792s delay=0.185288s
[INFO] [1771005032.629638830] [icp_odometry]: Odom: ratio=0.629724, std dev=0.020817m|0.006583rad, update time=0.072541s delay=0.188612s
[INFO] [1771005032.727564611] [icp_odometry]: Odom: ratio=0.639394, std dev=0.020860m|0.006596rad, update time=0.071497s delay=0.186694s
[INFO] [1771005032.840515475] [icp_odometry]: Odom: ratio=0.634679, std dev=0.020805m|0.006579rad, update time=0.078221s delay=0.199592s
[INFO] [1771005032.936973780] [icp_odometry]: Odom: ratio=0.638191, std dev=0.020444m|0.006465rad, update time=0.076751s delay=0.196008s
[INFO] [1771005033.039505679] [icp_odometry]: Odom: ratio=0.635773, std dev=0.020781m|0.006572rad, update time=0.070209s delay=0.198560s
[INFO] [1771005033.142577532] [icp_odometry]: Odom: ratio=0.627621, std dev=0.020534m|0.006493rad, update time=0.073518s delay=0.201698s
[INFO] [1771005033.229625644] [icp_odometry]: Odom: ratio=0.627317, std dev=0.020186m|0.006383rad, update time=0.072654s delay=0.188704s
[INFO] [1771005033.334976684] [icp_odometry]: Odom: ratio=0.607939, std dev=0.020877m|0.006602rad, update time=0.075774s delay=0.194011s
[INFO] [1771005033.434422999] [icp_odometry]: Odom: ratio=0.621285, std dev=0.020658m|0.006532rad, update time=0.076208s delay=0.193477s
[INFO] [1771005033.539203075] [icp_odometry]: Odom: ratio=0.619708, std dev=0.020554m|0.006500rad, update time=0.080011s delay=0.198229s
[INFO] [1771005033.640477392] [icp_odometry]: Odom: ratio=0.617632, std dev=0.020598m|0.006514rad, update time=0.082070s delay=0.199476s
[INFO] [1771005033.735941933] [icp_odometry]: Odom: ratio=0.638066, std dev=0.020850m|0.006593rad, update time=0.076920s delay=0.194990s
[INFO] [1771005033.826461209] [icp_odometry]: Odom: ratio=0.621178, std dev=0.020171m|0.006379rad, update time=0.068832s delay=0.185427s
[INFO] [1771005033.934476408] [icp_odometry]: Odom: ratio=0.639304, std dev=0.020518m|0.006488rad, update time=0.075067s delay=0.193400s
[INFO] [1771005034.041428465] [icp_odometry]: Odom: ratio=0.620612, std dev=0.020730m|0.006556rad, update time=0.080679s delay=0.200527s
[INFO] [1771005034.137287420] [icp_odometry]: Odom: ratio=0.627860, std dev=0.020685m|0.006541rad, update time=0.081472s delay=0.196448s
[INFO] [1771005034.252041805] [icp_odometry]: Odom: ratio=0.630275, std dev=0.020354m|0.006436rad, update time=0.095126s delay=0.211020s
[INFO] [1771005034.339468010] [icp_odometry]: Odom: ratio=0.640082, std dev=0.020612m|0.006518rad, update time=0.082426s delay=0.198406s
[INFO] [1771005034.440662997] [icp_odometry]: Odom: ratio=0.621524, std dev=0.020155m|0.006374rad, update time=0.080455s delay=0.199627s
[INFO] [1771005034.539285283] [icp_odometry]: Odom: ratio=0.647272, std dev=0.020445m|0.006465rad, update time=0.078413s delay=0.198323s
[INFO] [1771005034.630688207] [icp_odometry]: Odom: ratio=0.631108, std dev=0.020329m|0.006429rad, update time=0.076095s delay=0.189592s
[INFO] [1771005034.733850464] [icp_odometry]: Odom: ratio=0.638889, std dev=0.020658m|0.006533rad, update time=0.076845s delay=0.192724s
[INFO] [1771005034.840223268] [icp_odometry]: Odom: ratio=0.641039, std dev=0.020569m|0.006505rad, update time=0.080118s delay=0.199241s
[INFO] [1771005034.942805824] [icp_odometry]: Odom: ratio=0.636528, std dev=0.020313m|0.006424rad, update time=0.086105s delay=0.201834s
[INFO] [1771005035.035184783] [icp_odometry]: Odom: ratio=0.638999, std dev=0.020651m|0.006530rad, update time=0.075642s delay=0.194125s
[INFO] [1771005035.129951891] [icp_odometry]: Odom: ratio=0.629601, std dev=0.020462m|0.006471rad, update time=0.069408s delay=0.188997s
[INFO] [1771005035.231771476] [icp_odometry]: Odom: ratio=0.640661, std dev=0.020459m|0.006470rad, update time=0.076651s delay=0.190621s
[INFO] [1771005035.325009409] [icp_odometry]: Odom: ratio=0.622854, std dev=0.019870m|0.006284rad, update time=0.068122s delay=0.183989s
[INFO] [1771005035.433550003] [icp_odometry]: Odom: ratio=0.641587, std dev=0.020381m|0.006445rad, update time=0.075735s delay=0.192644s
[INFO] [1771005035.536475644] [icp_odometry]: Odom: ratio=0.619120, std dev=0.020051m|0.006341rad, update time=0.076349s delay=0.195378s
[INFO] [1771005035.633215751] [icp_odometry]: Odom: ratio=0.641335, std dev=0.020537m|0.006494rad, update time=0.076813s delay=0.192330s
[INFO] [1771005035.728904716] [icp_odometry]: Odom: ratio=0.621066, std dev=0.020515m|0.006487rad, update time=0.071097s delay=0.187824s
[INFO] [1771005035.833061729] [icp_odometry]: Odom: ratio=0.643151, std dev=0.020275m|0.006412rad, update time=0.074678s delay=0.192187s
[INFO] [1771005035.935815011] [icp_odometry]: Odom: ratio=0.629875, std dev=0.020137m|0.006368rad, update time=0.077066s delay=0.194883s
[INFO] [1771005036.046575877] [icp_odometry]: Odom: ratio=0.633044, std dev=0.020384m|0.006446rad, update time=0.087218s delay=0.205537s
[INFO] [1771005036.125706104] [icp_odometry]: Odom: ratio=0.619295, std dev=0.020559m|0.006501rad, update time=0.068735s delay=0.184794s
[INFO] [1771005036.231382148] [icp_odometry]: Odom: ratio=0.644507, std dev=0.020466m|0.006472rad, update time=0.074458s delay=0.190440s
[INFO] [1771005036.330909298] [icp_odometry]: Odom: ratio=0.630073, std dev=0.020471m|0.006473rad, update time=0.074870s delay=0.189951s
[INFO] [1771005036.434835039] [icp_odometry]: Odom: ratio=0.633070, std dev=0.020416m|0.006456rad, update time=0.077229s delay=0.193799s
[INFO] [1771005036.535167979] [icp_odometry]: Odom: ratio=0.629367, std dev=0.020452m|0.006467rad, update time=0.077090s delay=0.194106s
[INFO] [1771005036.635595386] [icp_odometry]: Odom: ratio=0.621835, std dev=0.020606m|0.006516rad, update time=0.079615s delay=0.194519s
[INFO] [1771005036.730845807] [icp_odometry]: Odom: ratio=0.628941, std dev=0.020307m|0.006422rad, update time=0.070312s delay=0.189926s
[INFO] [1771005036.834481873] [icp_odometry]: Odom: ratio=0.622252, std dev=0.020120m|0.006362rad, update time=0.076023s delay=0.193593s
[INFO] [1771005036.928896297] [icp_odometry]: Odom: ratio=0.631297, std dev=0.020913m|0.006613rad, update time=0.072258s delay=0.187775s
[INFO] [1771005037.034696696] [icp_odometry]: Odom: ratio=0.630676, std dev=0.019924m|0.006301rad, update time=0.076518s delay=0.193789s
[INFO] [1771005037.146060976] [icp_odometry]: Odom: ratio=0.627602, std dev=0.020186m|0.006383rad, update time=0.080667s delay=0.205165s
[INFO] [1771005037.228090795] [icp_odometry]: Odom: ratio=0.635472, std dev=0.020292m|0.006417rad, update time=0.068025s delay=0.186988s
[INFO] [1771005037.340638925] [icp_odometry]: Odom: ratio=0.635770, std dev=0.020343m|0.006433rad, update time=0.081111s delay=0.199538s
[INFO] [1771005037.439860081] [icp_odometry]: Odom: ratio=0.639719, std dev=0.020168m|0.006378rad, update time=0.078176s delay=0.198814s
[INFO] [1771005037.527204107] [icp_odometry]: Odom: ratio=0.632718, std dev=0.020477m|0.006475rad, update time=0.067959s delay=0.185986s
[INFO] [1771005037.636734016] [icp_odometry]: Odom: ratio=0.640118, std dev=0.020383m|0.006446rad, update time=0.076642s delay=0.195659s
[INFO] [1771005037.734242471] [icp_odometry]: Odom: ratio=0.636870, std dev=0.020558m|0.006501rad, update time=0.075855s delay=0.193282s
[INFO] [1771005037.831044852] [icp_odometry]: Odom: ratio=0.637634, std dev=0.020499m|0.006482rad, update time=0.073509s delay=0.190065s
[INFO] [1771005037.944347280] [icp_odometry]: Odom: ratio=0.641904, std dev=0.020190m|0.006385rad, update time=0.083331s delay=0.203277s
[INFO] [1771005038.037470457] [icp_odometry]: Odom: ratio=0.629426, std dev=0.020434m|0.006462rad, update time=0.075817s delay=0.196465s
[INFO] [1771005038.137967115] [icp_odometry]: Odom: ratio=0.639657, std dev=0.020664m|0.006535rad, update time=0.079328s delay=0.197000s
[INFO] [1771005038.234048862] [icp_odometry]: Odom: ratio=0.632567, std dev=0.020466m|0.006472rad, update time=0.077308s delay=0.193064s
[INFO] [1771005038.327991077] [icp_odometry]: Odom: ratio=0.619175, std dev=0.020080m|0.006350rad, update time=0.066509s delay=0.187033s
[INFO] [1771005038.447203509] [icp_odometry]: Odom: ratio=0.632445, std dev=0.020764m|0.006566rad, update time=0.088733s delay=0.206239s
[INFO] [1771005038.539903055] [icp_odometry]: Odom: ratio=0.626183, std dev=0.020321m|0.006426rad, update time=0.079943s delay=0.198743s
[INFO] [1771005038.636433075] [icp_odometry]: Odom: ratio=0.624533, std dev=0.020507m|0.006485rad, update time=0.076751s delay=0.195338s
[INFO] [1771005038.736920260] [icp_odometry]: Odom: ratio=0.642449, std dev=0.020340m|0.006432rad, update time=0.077358s delay=0.195631s
[INFO] [1771005038.848316668] [icp_odometry]: Odom: ratio=0.632353, std dev=0.020224m|0.006395rad, update time=0.086116s delay=0.207278s
[INFO] [1771005038.934442443] [icp_odometry]: Odom: ratio=0.648263, std dev=0.020269m|0.006410rad, update time=0.077263s delay=0.193470s
[INFO] [1771005039.043876317] [icp_odometry]: Odom: ratio=0.624617, std dev=0.020479m|0.006476rad, update time=0.087527s delay=0.202809s
[INFO] [1771005039.138702051] [icp_odometry]: Odom: ratio=0.642065, std dev=0.020817m|0.006583rad, update time=0.080721s delay=0.197748s
[INFO] [1771005039.236335214] [icp_odometry]: Odom: ratio=0.630311, std dev=0.019992m|0.006322rad, update time=0.075804s delay=0.195299s
[INFO] [1771005039.332791375] [icp_odometry]: Odom: ratio=0.642063, std dev=0.020464m|0.006471rad, update time=0.072187s delay=0.191642s
[INFO] [1771005039.442368070] [icp_odometry]: Odom: ratio=0.631187, std dev=0.019915m|0.006298rad, update time=0.079984s delay=0.201436s
[INFO] [1771005039.535636724] [icp_odometry]: Odom: ratio=0.638156, std dev=0.020370m|0.006441rad, update time=0.080925s delay=0.194620s
[INFO] [1771005039.636534452] [icp_odometry]: Odom: ratio=0.626854, std dev=0.020312m|0.006423rad, update time=0.077519s delay=0.195595s
[INFO] [1771005039.736381390] [icp_odometry]: Odom: ratio=0.632756, std dev=0.019980m|0.006318rad, update time=0.078661s delay=0.195461s
[INFO] [1771005039.834375622] [icp_odometry]: Odom: ratio=0.635282, std dev=0.020484m|0.006477rad, update time=0.074110s delay=0.193337s
[INFO] [1771005039.939561312] [icp_odometry]: Odom: ratio=0.637037, std dev=0.020751m|0.006562rad, update time=0.078336s delay=0.198557s
[INFO] [1771005040.036914113] [icp_odometry]: Odom: ratio=0.634962, std dev=0.020550m|0.006499rad, update time=0.077536s delay=0.195973s
[INFO] [1771005040.128941763] [icp_odometry]: Odom: ratio=0.620392, std dev=0.020189m|0.006384rad, update time=0.071367s delay=0.187897s
[INFO] [1771005040.225728687] [icp_odometry]: Odom: ratio=0.645926, std dev=0.020445m|0.006465rad, update time=0.068619s delay=0.184716s
[INFO] [1771005040.329505942] [icp_odometry]: Odom: ratio=0.617032, std dev=0.020188m|0.006384rad, update time=0.073093s delay=0.188449s
[INFO] [1771005040.444156259] [icp_odometry]: Odom: ratio=0.639458, std dev=0.020710m|0.006549rad, update time=0.086864s delay=0.203112s
[INFO] [1771005040.541638601] [icp_odometry]: Odom: ratio=0.622087, std dev=0.020440m|0.006464rad, update time=0.084130s delay=0.200709s
[INFO] [1771005040.647253394] [icp_odometry]: Odom: ratio=0.635524, std dev=0.020699m|0.006546rad, update time=0.078358s delay=0.206187s
[INFO] [1771005040.740990033] [icp_odometry]: Odom: ratio=0.619697, std dev=0.020719m|0.006552rad, update time=0.084413s delay=0.200014s
[INFO] [1771005040.838623036] [icp_odometry]: Odom: ratio=0.644251, std dev=0.020661m|0.006534rad, update time=0.079987s delay=0.197835s
[INFO] [1771005040.934491656] [icp_odometry]: Odom: ratio=0.630730, std dev=0.020327m|0.006428rad, update time=0.078370s delay=0.193464s
[INFO] [1771005041.039218897] [icp_odometry]: Odom: ratio=0.637123, std dev=0.020343m|0.006433rad, update time=0.079741s delay=0.198252s
[INFO] [1771005041.139995244] [icp_odometry]: Odom: ratio=0.628445, std dev=0.020552m|0.006499rad, update time=0.078062s delay=0.198968s
[INFO] [1771005041.240132273] [icp_odometry]: Odom: ratio=0.637159, std dev=0.020122m|0.006363rad, update time=0.078705s delay=0.199093s
[INFO] [1771005041.331363735] [icp_odometry]: Odom: ratio=0.644549, std dev=0.020391m|0.006448rad, update time=0.075919s delay=0.190352s
[INFO] [1771005041.434366178] [icp_odometry]: Odom: ratio=0.624224, std dev=0.020774m|0.006569rad, update time=0.077988s delay=0.193399s
[INFO] [1771005041.535336516] [icp_odometry]: Odom: ratio=0.635593, std dev=0.020427m|0.006460rad, update time=0.078038s delay=0.194357s
[INFO] [1771005041.642863570] [icp_odometry]: Odom: ratio=0.619122, std dev=0.020636m|0.006526rad, update time=0.077808s delay=0.201897s
[INFO] [1771005041.732824394] [icp_odometry]: Odom: ratio=0.638043, std dev=0.020399m|0.006451rad, update time=0.076490s delay=0.191795s
[INFO] [1771005041.841454047] [icp_odometry]: Odom: ratio=0.628625, std dev=0.020413m|0.006455rad, update time=0.084461s delay=0.200490s
[INFO] [1771005041.935187742] [icp_odometry]: Odom: ratio=0.638667, std dev=0.020534m|0.006494rad, update time=0.075676s delay=0.194027s
[INFO] [1771005042.033646919] [icp_odometry]: Odom: ratio=0.640795, std dev=0.019767m|0.006251rad, update time=0.077558s delay=0.192537s
[INFO] [1771005042.139730048] [icp_odometry]: Odom: ratio=0.643580, std dev=0.020144m|0.006370rad, update time=0.077671s delay=0.198715s
[INFO] [1771005042.242676778] [icp_odometry]: Odom: ratio=0.633018, std dev=0.019992m|0.006322rad, update time=0.083348s delay=0.201605s
[INFO] [1771005042.334177657] [icp_odometry]: Odom: ratio=0.634089, std dev=0.020335m|0.006430rad, update time=0.072382s delay=0.192808s
[INFO] [1771005042.436449834] [icp_odometry]: Odom: ratio=0.639526, std dev=0.020462m|0.006471rad, update time=0.076793s delay=0.195401s
[INFO] [1771005042.540987565] [icp_odometry]: Odom: ratio=0.634083, std dev=0.020568m|0.006504rad, update time=0.079279s delay=0.199885s
[INFO] [1771005042.645665492] [icp_odometry]: Odom: ratio=0.638874, std dev=0.020106m|0.006358rad, update time=0.086457s delay=0.204529s
[INFO] [1771005042.733766153] [icp_odometry]: Odom: ratio=0.639795, std dev=0.020488m|0.006479rad, update time=0.074169s delay=0.192569s
[INFO] [1771005042.830355791] [icp_odometry]: Odom: ratio=0.636315, std dev=0.020503m|0.006484rad, update time=0.070393s delay=0.189385s
[INFO] [1771005042.924610497] [icp_odometry]: Odom: ratio=0.640592, std dev=0.019850m|0.006277rad, update time=0.066827s delay=0.183627s
[INFO] [1771005043.033710215] [icp_odometry]: Odom: ratio=0.639501, std dev=0.020443m|0.006465rad, update time=0.076459s delay=0.192505s
[INFO] [1771005043.134761164] [icp_odometry]: Odom: ratio=0.639529, std dev=0.020653m|0.006531rad, update time=0.077531s delay=0.193700s
[INFO] [1771005043.241156081] [icp_odometry]: Odom: ratio=0.640629, std dev=0.020301m|0.006420rad, update time=0.083569s delay=0.200037s
[INFO] [1771005043.328601455] [icp_odometry]: Odom: ratio=0.624461, std dev=0.020429m|0.006460rad, update time=0.070597s delay=0.187543s
[INFO] [1771005043.434837326] [icp_odometry]: Odom: ratio=0.634217, std dev=0.020402m|0.006452rad, update time=0.074925s delay=0.193769s
[INFO] [1771005043.532725794] [icp_odometry]: Odom: ratio=0.650781, std dev=0.020520m|0.006489rad, update time=0.072773s delay=0.191728s
[INFO] [1771005043.640610172] [icp_odometry]: Odom: ratio=0.625529, std dev=0.020370m|0.006442rad, update time=0.078640s delay=0.199606s
[INFO] [1771005043.736393957] [icp_odometry]: Odom: ratio=0.639886, std dev=0.020268m|0.006409rad, update time=0.078684s delay=0.195382s
[INFO] [1771005043.802974167] [rclcpp]: signal_handler(signum=2)
