[INFO] [1773308014.047178105] [icp_odometry]: Odometry: frame_id               = leo04/base_footprint
[INFO] [1773308014.049244549] [icp_odometry]: Odometry: odom_frame_id          = odom
[INFO] [1773308014.050254122] [icp_odometry]: Odometry: publish_tf             = true
[INFO] [1773308014.051005158] [icp_odometry]: Odometry: wait_for_transform     = 0.200000
[INFO] [1773308014.051056392] [icp_odometry]: Odometry: log_to_rosout_level    = 4
[INFO] [1773308014.051158700] [icp_odometry]: Odometry: initial_pose           = xyz=0.000000,0.000000,0.000000 rpy=0.000000,-0.000000,0.000000
[INFO] [1773308014.051190829] [icp_odometry]: Odometry: ground_truth_frame_id  = 
[INFO] [1773308014.051214670] [icp_odometry]: Odometry: ground_truth_base_frame_id = leo04/base_footprint
[INFO] [1773308014.051236175] [icp_odometry]: Odometry: config_path            = 
[INFO] [1773308014.051265296] [icp_odometry]: Odometry: publish_null_when_lost = true
[INFO] [1773308014.051287441] [icp_odometry]: Odometry: publish_compressed_sensor_data = false
[INFO] [1773308014.051308817] [icp_odometry]: Odometry: guess_frame_id         = 
[INFO] [1773308014.051329394] [icp_odometry]: Odometry: guess_min_translation  = 0.000000
[INFO] [1773308014.051353139] [icp_odometry]: Odometry: guess_min_rotation     = 0.000000
[INFO] [1773308014.051375828] [icp_odometry]: Odometry: guess_min_time         = 0.000000
[INFO] [1773308014.051397621] [icp_odometry]: Odometry: expected_update_rate   = 15.000000 Hz
[INFO] [1773308014.051423446] [icp_odometry]: Odometry: max_update_rate        = 0.000000 Hz
[INFO] [1773308014.051464663] [icp_odometry]: Odometry: min_update_rate        = 0.000000 Hz
[INFO] [1773308014.051489720] [icp_odometry]: Odometry: wait_imu_to_init       = false
[INFO] [1773308014.051510361] [icp_odometry]: Odometry: always_check_imu_tf    = true
[INFO] [1773308014.051529273] [icp_odometry]: Odometry: sensor_data_compression_format = .jpg
[INFO] [1773308014.051548410] [icp_odometry]: Odometry: sensor_data_parallel_compression = true
[INFO] [1773308014.051575035] [icp_odometry]: Odometry: stereoParams_=0 visParams_=0 icpParams_=1
[INFO] [1773308014.054398531] [icp_odometry]: Setting odometry parameter "Icp/CorrespondenceRatio"="0.01"
[INFO] [1773308014.056209222] [icp_odometry]: Setting odometry parameter "Icp/Epsilon"="0.001"
[INFO] [1773308014.056637110] [icp_odometry]: Setting odometry parameter "Icp/Iterations"="10"
[INFO] [1773308014.056731993] [icp_odometry]: Setting odometry parameter "Icp/MaxCorrespondenceDistance"="1"
[INFO] [1773308014.056813916] [icp_odometry]: Setting odometry parameter "Icp/MaxTranslation"="2"
[INFO] [1773308014.057290094] [icp_odometry]: Setting odometry parameter "Icp/OutlierRatio"="0.7"
[INFO] [1773308014.058224208] [icp_odometry]: Setting odometry parameter "Icp/PointToPlaneK"="20"
[INFO] [1773308014.058398391] [icp_odometry]: Setting odometry parameter "Icp/PointToPlaneRadius"="0"
[INFO] [1773308014.058490074] [icp_odometry]: Setting odometry parameter "Icp/RangeMin"="0.3"
[INFO] [1773308014.058599390] [icp_odometry]: Setting odometry parameter "Icp/VoxelSize"="0.1"
[INFO] [1773308014.059790314] [icp_odometry]: Setting odometry parameter "Odom/ScanKeyFrameThr"="0.4"
[INFO] [1773308014.059910286] [icp_odometry]: Setting odometry parameter "OdomF2M/BundleAdjustment"="false"
[INFO] [1773308014.060313917] [icp_odometry]: Setting odometry parameter "OdomF2M/ScanMaxSize"="15000"
[INFO] [1773308014.060428641] [icp_odometry]: Setting odometry parameter "OdomF2M/ScanSubtractRadius"="0.1"
[WARN] [1773308014.080481924] [icp_odometry]: IcpOdometry: Transferring value 0.3 of "Icp/RangeMin" to ros parameter "scan_range_min" for convenience. "Icp/RangeMin" is set to 0.
[WARN] [1773308014.081424679] [icp_odometry]: IcpOdometry: Transferring value 0.1 of "Icp/VoxelSize" to ros parameter "scan_voxel_size" for convenience. "Icp/VoxelSize" is set to 0.
[WARN] [1773308014.081460137] [icp_odometry]: IcpOdometry: Transferring value 20 of "Icp/PointToPlaneK" to ros parameter "scan_normal_k" for convenience.
[INFO] [1773308014.092203444] [icp_odometry]: IcpOdometry: qos                    = 0
[INFO] [1773308014.092487711] [icp_odometry]: IcpOdometry: scan_cloud_max_points  = -1
[INFO] [1773308014.092518528] [icp_odometry]: IcpOdometry: scan_cloud_is_2d       = false
[INFO] [1773308014.092539745] [icp_odometry]: IcpOdometry: scan_downsampling_step = 1
[INFO] [1773308014.092558338] [icp_odometry]: IcpOdometry: scan_range_min         = 0.300000 m
[INFO] [1773308014.092587427] [icp_odometry]: IcpOdometry: scan_range_max         = 0.000000 m
[INFO] [1773308014.092608035] [icp_odometry]: IcpOdometry: scan_voxel_size        = 0.100000 m
[INFO] [1773308014.092628772] [icp_odometry]: IcpOdometry: scan_normal_k          = 20
[INFO] [1773308014.092646405] [icp_odometry]: IcpOdometry: scan_normal_radius     = 0.000000 m
[INFO] [1773308014.092665029] [icp_odometry]: IcpOdometry: scan_normal_ground_up  = 0.000000
[INFO] [1773308014.092683206] [icp_odometry]: IcpOdometry: deskewing              = false
[INFO] [1773308014.092699815] [icp_odometry]: IcpOdometry: deskewing_slerp        = false
[INFO] [1773308014.100719086] [icp_odometry]: 
icp_odometry subscribed to /scan and /leo04/livox/lidar (make sure only one of this topic is published, otherwise remap one to a dummy topic name).
[ERROR] [1773308014.113711789] [icp_odometry]: We didn't receive IMU newer than previous image (0.000000) and we just received a new image (1773308014.106603). The previous image is dropped!
[INFO] [1773308014.120098648] [icp_odometry]: Odom: ratio=0.000000, std dev=0.000000m|0.000000rad, update time=0.005872s delay=0.013483s
[WARN] [1773308014.120828787] [icp_odometry]: Odometry: Aborting odometry update, higher frame rate detected (81.674339 Hz) than the expected one (15.000000 Hz). (stamps: previous=1773308014.106603s new=1773308014.118847s)
[WARN] [1773308014.123381457] [icp_odometry]: Odometry: Aborting odometry update, higher frame rate detected (81.585372 Hz) than the expected one (15.000000 Hz). (stamps: previous=1773308014.106603s new=1773308014.118860s)
[WARN] [1773308014.140455751] [icp_odometry]: Odometry: Aborting odometry update, higher frame rate detected (68.337852 Hz) than the expected one (15.000000 Hz). (stamps: previous=1773308014.106603s new=1773308014.121236s)
[WARN] [1773308014.141295078] [icp_odometry]: Odometry: Aborting odometry update, higher frame rate detected (37.341785 Hz) than the expected one (15.000000 Hz). (stamps: previous=1773308014.106603s new=1773308014.133383s)
[WARN] [1773308014.142077954] [icp_odometry]: Odometry: Aborting odometry update, higher frame rate detected (31.027319 Hz) than the expected one (15.000000 Hz). (stamps: previous=1773308014.106603s new=1773308014.138833s)
[WARN] [1773308014.143566233] [icp_odometry]: Odometry: Aborting odometry update, higher frame rate detected (29.061924 Hz) than the expected one (15.000000 Hz). (stamps: previous=1773308014.106603s new=1773308014.141012s)
[WARN] [1773308014.146828626] [icp_odometry]: Odometry: Aborting odometry update, higher frame rate detected (27.794334 Hz) than the expected one (15.000000 Hz). (stamps: previous=1773308014.106603s new=1773308014.142582s)
[WARN] [1773308014.161702806] [icp_odometry]: Odometry: Aborting odometry update, higher frame rate detected (25.323947 Hz) than the expected one (15.000000 Hz). (stamps: previous=1773308014.106603s new=1773308014.146091s)
[WARN] [1773308014.164284597] [icp_odometry]: Odometry: Aborting odometry update, higher frame rate detected (18.725658 Hz) than the expected one (15.000000 Hz). (stamps: previous=1773308014.106603s new=1773308014.160006s)
[WARN] [1773308014.165458880] [icp_odometry]: Odometry: Aborting odometry update, higher frame rate detected (18.197731 Hz) than the expected one (15.000000 Hz). (stamps: previous=1773308014.106603s new=1773308014.161555s)
[INFO] [1773308014.191675878] [icp_odometry]: Odom: ratio=0.000000, std dev=0.000000m|0.000000rad, update time=0.000316s delay=0.006669s
[WARN] [1773308014.191995730] [icp_odometry]: Odometry: Aborting odometry update, higher frame rate detected (187.379557 Hz) than the expected one (15.000000 Hz). (stamps: previous=1773308014.185001s new=1773308014.190338s)
[WARN] [1773308014.194735543] [icp_odometry]: Odometry: Aborting odometry update, higher frame rate detected (149.056612 Hz) than the expected one (15.000000 Hz). (stamps: previous=1773308014.185001s new=1773308014.191710s)
[WARN] [1773308014.194830234] [icp_odometry]: Odometry: Aborting odometry update, higher frame rate detected (149.056612 Hz) than the expected one (15.000000 Hz). (stamps: previous=1773308014.185001s new=1773308014.191710s)
[WARN] [1773308014.194869724] [icp_odometry]: Odometry: Aborting odometry update, higher frame rate detected (149.056612 Hz) than the expected one (15.000000 Hz). (stamps: previous=1773308014.185001s new=1773308014.191710s)
[WARN] [1773308014.194905789] [icp_odometry]: Odometry: Aborting odometry update, higher frame rate detected (149.056612 Hz) than the expected one (15.000000 Hz). (stamps: previous=1773308014.185001s new=1773308014.191710s)
[WARN] [1773308014.194941119] [icp_odometry]: Odometry: Aborting odometry update, higher frame rate detected (149.056612 Hz) than the expected one (15.000000 Hz). (stamps: previous=1773308014.185001s new=1773308014.191710s)
[WARN] [1773308014.195069475] [icp_odometry]: Odometry: Aborting odometry update, higher frame rate detected (148.292462 Hz) than the expected one (15.000000 Hz). (stamps: previous=1773308014.185001s new=1773308014.191745s)
[WARN] [1773308014.195392527] [icp_odometry]: Odometry: Aborting odometry update, higher frame rate detected (147.947231 Hz) than the expected one (15.000000 Hz). (stamps: previous=1773308014.185001s new=1773308014.191760s)
[WARN] [1773308014.195905570] [icp_odometry]: Odometry: Aborting odometry update, higher frame rate detected (147.546487 Hz) than the expected one (15.000000 Hz). (stamps: previous=1773308014.185001s new=1773308014.191779s)
[WARN] [1773308014.196784002] [icp_odometry]: Odometry: Aborting odometry update, higher frame rate detected (147.220218 Hz) than the expected one (15.000000 Hz). (stamps: previous=1773308014.185001s new=1773308014.191794s)
[WARN] [1773308014.197463100] [icp_odometry]: Odometry: Aborting odometry update, higher frame rate detected (146.941704 Hz) than the expected one (15.000000 Hz). (stamps: previous=1773308014.185001s new=1773308014.191807s)
[WARN] [1773308014.198124564] [icp_odometry]: Odometry: Aborting odometry update, higher frame rate detected (146.689889 Hz) than the expected one (15.000000 Hz). (stamps: previous=1773308014.185001s new=1773308014.191818s)
[WARN] [1773308014.198978483] [icp_odometry]: Odometry: Aborting odometry update, higher frame rate detected (146.188840 Hz) than the expected one (15.000000 Hz). (stamps: previous=1773308014.185001s new=1773308014.191842s)
[WARN] [1773308014.199490086] [icp_odometry]: Odometry: Aborting odometry update, higher frame rate detected (96.743259 Hz) than the expected one (15.000000 Hz). (stamps: previous=1773308014.185001s new=1773308014.195338s)
[WARN] [1773308014.200229665] [icp_odometry]: Odometry: Aborting odometry update, higher frame rate detected (96.003662 Hz) than the expected one (15.000000 Hz). (stamps: previous=1773308014.185001s new=1773308014.195417s)
[WARN] [1773308014.200833048] [icp_odometry]: Odometry: Aborting odometry update, higher frame rate detected (95.887339 Hz) than the expected one (15.000000 Hz). (stamps: previous=1773308014.185001s new=1773308014.195430s)
[WARN] [1773308014.201354603] [icp_odometry]: Odometry: Aborting odometry update, higher frame rate detected (95.766925 Hz) than the expected one (15.000000 Hz). (stamps: previous=1773308014.185001s new=1773308014.195443s)
[WARN] [1773308014.202642842] [icp_odometry]: Odometry: Aborting odometry update, higher frame rate detected (95.646812 Hz) than the expected one (15.000000 Hz). (stamps: previous=1773308014.185001s new=1773308014.195456s)
[WARN] [1773308014.203532347] [icp_odometry]: Odometry: Aborting odometry update, higher frame rate detected (78.224212 Hz) than the expected one (15.000000 Hz). (stamps: previous=1773308014.185001s new=1773308014.197785s)
[WARN] [1773308014.205025778] [icp_odometry]: Odometry: Aborting odometry update, higher frame rate detected (58.556766 Hz) than the expected one (15.000000 Hz). (stamps: previous=1773308014.185001s new=1773308014.202079s)
[WARN] [1773308014.207360648] [icp_odometry]: Odometry: Aborting odometry update, higher frame rate detected (53.947420 Hz) than the expected one (15.000000 Hz). (stamps: previous=1773308014.185001s new=1773308014.203538s)
[WARN] [1773308014.209397267] [icp_odometry]: Odometry: Aborting odometry update, higher frame rate detected (43.732121 Hz) than the expected one (15.000000 Hz). (stamps: previous=1773308014.185001s new=1773308014.207868s)
[WARN] [1773308014.210652322] [icp_odometry]: Odometry: Aborting odometry update, higher frame rate detected (41.207486 Hz) than the expected one (15.000000 Hz). (stamps: previous=1773308014.185001s new=1773308014.209269s)
[WARN] [1773308014.215468435] [icp_odometry]: Odometry: Aborting odometry update, higher frame rate detected (34.037216 Hz) than the expected one (15.000000 Hz). (stamps: previous=1773308014.185001s new=1773308014.214381s)
[WARN] [1773308014.216346419] [icp_odometry]: Odometry: Aborting odometry update, higher frame rate detected (32.956988 Hz) than the expected one (15.000000 Hz). (stamps: previous=1773308014.185001s new=1773308014.215344s)
[WARN] [1773308014.216867143] [icp_odometry]: Odometry: Aborting odometry update, higher frame rate detected (32.845238 Hz) than the expected one (15.000000 Hz). (stamps: previous=1773308014.185001s new=1773308014.215447s)
[WARN] [1773308014.223503163] [icp_odometry]: Odometry: Aborting odometry update, higher frame rate detected (29.734816 Hz) than the expected one (15.000000 Hz). (stamps: previous=1773308014.185001s new=1773308014.218632s)
[WARN] [1773308014.224155795] [icp_odometry]: Odometry: Aborting odometry update, higher frame rate detected (26.376119 Hz) than the expected one (15.000000 Hz). (stamps: previous=1773308014.185001s new=1773308014.222914s)
[WARN] [1773308014.225490276] [icp_odometry]: Odometry: Aborting odometry update, higher frame rate detected (26.040256 Hz) than the expected one (15.000000 Hz). (stamps: previous=1773308014.185001s new=1773308014.223403s)
[WARN] [1773308014.226030264] [icp_odometry]: Odometry: Aborting odometry update, higher frame rate detected (25.463080 Hz) than the expected one (15.000000 Hz). (stamps: previous=1773308014.185001s new=1773308014.224274s)
[WARN] [1773308014.226551276] [icp_odometry]: Odometry: Aborting odometry update, higher frame rate detected (24.777755 Hz) than the expected one (15.000000 Hz). (stamps: previous=1773308014.185001s new=1773308014.225360s)
[WARN] [1773308014.231099251] [icp_odometry]: Odometry: Aborting odometry update, higher frame rate detected (24.102841 Hz) than the expected one (15.000000 Hz). (stamps: previous=1773308014.185001s new=1773308014.226490s)
[WARN] [1773308014.232867444] [icp_odometry]: Odometry: Aborting odometry update, higher frame rate detected (21.529566 Hz) than the expected one (15.000000 Hz). (stamps: previous=1773308014.185001s new=1773308014.231449s)
[WARN] [1773308014.233530701] [icp_odometry]: Odometry: Aborting odometry update, higher frame rate detected (21.254093 Hz) than the expected one (15.000000 Hz). (stamps: previous=1773308014.185001s new=1773308014.232051s)
[WARN] [1773308014.234656278] [icp_odometry]: Odometry: Aborting odometry update, higher frame rate detected (20.696668 Hz) than the expected one (15.000000 Hz). (stamps: previous=1773308014.185001s new=1773308014.233318s)
[WARN] [1773308014.236345268] [icp_odometry]: Odometry: Aborting odometry update, higher frame rate detected (19.834319 Hz) than the expected one (15.000000 Hz). (stamps: previous=1773308014.185001s new=1773308014.235419s)
[WARN] [1773308014.236786309] [icp_odometry]: Odometry: Aborting odometry update, higher frame rate detected (19.793416 Hz) than the expected one (15.000000 Hz). (stamps: previous=1773308014.185001s new=1773308014.235523s)
[WARN] [1773308014.237644932] [icp_odometry]: Odometry: Aborting odometry update, higher frame rate detected (19.575220 Hz) than the expected one (15.000000 Hz). (stamps: previous=1773308014.185001s new=1773308014.236086s)
[WARN] [1773308014.239304513] [icp_odometry]: Odometry: Aborting odometry update, higher frame rate detected (19.052028 Hz) than the expected one (15.000000 Hz). (stamps: previous=1773308014.185001s new=1773308014.237489s)
[WARN] [1773308014.239904312] [icp_odometry]: Odometry: Aborting odometry update, higher frame rate detected (18.832353 Hz) than the expected one (15.000000 Hz). (stamps: previous=1773308014.185001s new=1773308014.238101s)
[WARN] [1773308014.240488941] [icp_odometry]: Odometry: Aborting odometry update, higher frame rate detected (18.425729 Hz) than the expected one (15.000000 Hz). (stamps: previous=1773308014.185001s new=1773308014.239273s)
[WARN] [1773308014.242843844] [icp_odometry]: Odometry: Aborting odometry update, higher frame rate detected (17.682191 Hz) than the expected one (15.000000 Hz). (stamps: previous=1773308014.185001s new=1773308014.241555s)
[WARN] [1773308014.243325430] [icp_odometry]: Odometry: Aborting odometry update, higher frame rate detected (17.548802 Hz) than the expected one (15.000000 Hz). (stamps: previous=1773308014.185001s new=1773308014.241985s)
[WARN] [1773308014.245914357] [icp_odometry]: Odometry: Aborting odometry update, higher frame rate detected (16.741590 Hz) than the expected one (15.000000 Hz). (stamps: previous=1773308014.185001s new=1773308014.244733s)
[WARN] [1773308014.246815894] [icp_odometry]: Odometry: Aborting odometry update, higher frame rate detected (16.560473 Hz) than the expected one (15.000000 Hz). (stamps: previous=1773308014.185001s new=1773308014.245386s)
[WARN] [1773308014.247996866] [icp_odometry]: Odometry: Aborting odometry update, higher frame rate detected (16.395528 Hz) than the expected one (15.000000 Hz). (stamps: previous=1773308014.185001s new=1773308014.245993s)
[WARN] [1773308014.248518389] [icp_odometry]: Odometry: Aborting odometry update, higher frame rate detected (16.045232 Hz) than the expected one (15.000000 Hz). (stamps: previous=1773308014.185001s new=1773308014.247325s)
[WARN] [1773308014.249853510] [icp_odometry]: Odometry: Aborting odometry update, higher frame rate detected (15.915971 Hz) than the expected one (15.000000 Hz). (stamps: previous=1773308014.185001s new=1773308014.247831s)
[WARN] [1773308014.250656516] [icp_odometry]: Odometry: Aborting odometry update, higher frame rate detected (15.471998 Hz) than the expected one (15.000000 Hz). (stamps: previous=1773308014.185001s new=1773308014.249634s)
[WARN] [1773308014.252970777] [icp_odometry]: Odometry: Aborting odometry update, higher frame rate detected (15.402794 Hz) than the expected one (15.000000 Hz). (stamps: previous=1773308014.185001s new=1773308014.249924s)
[INFO] [1773308014.253689268] [icp_odometry]: Odom: ratio=0.000000, std dev=0.000000m|0.000000rad, update time=0.000336s delay=0.001097s
[WARN] [1773308014.255565593] [icp_odometry]: Odometry: Aborting odometry update, higher frame rate detected (521.096285 Hz) than the expected one (15.000000 Hz). (stamps: previous=1773308014.252588s new=1773308014.254507s)
[WARN] [1773308014.256010825] [icp_odometry]: Odometry: Aborting odometry update, higher frame rate detected (412.014145 Hz) than the expected one (15.000000 Hz). (stamps: previous=1773308014.252588s new=1773308014.255015s)
[WARN] [1773308014.256438265] [icp_odometry]: Odometry: Aborting odometry update, higher frame rate detected (373.258343 Hz) than the expected one (15.000000 Hz). (stamps: previous=1773308014.252588s new=1773308014.255267s)
[WARN] [1773308014.258435491] [icp_odometry]: Odometry: Aborting odometry update, higher frame rate detected (294.605886 Hz) than the expected one (15.000000 Hz). (stamps: previous=1773308014.252588s new=1773308014.255983s)
[WARN] [1773308014.258793680] [icp_odometry]: Odometry: Aborting odometry update, higher frame rate detected (278.561732 Hz) than the expected one (15.000000 Hz). (stamps: previous=1773308014.252588s new=1773308014.256178s)
[WARN] [1773308014.259534059] [icp_odometry]: Odometry: Aborting odometry update, higher frame rate detected (189.675937 Hz) than the expected one (15.000000 Hz). (stamps: previous=1773308014.252588s new=1773308014.257860s)
[WARN] [1773308014.260576017] [icp_odometry]: Odometry: Aborting odometry update, higher frame rate detected (150.446716 Hz) than the expected one (15.000000 Hz). (stamps: previous=1773308014.252588s new=1773308014.259235s)
[WARN] [1773308014.261201480] [icp_odometry]: Odometry: Aborting odometry update, higher frame rate detected (135.134480 Hz) than the expected one (15.000000 Hz). (stamps: previous=1773308014.252588s new=1773308014.259988s)
[WARN] [1773308014.262059976] [icp_odometry]: Odometry: Aborting odometry update, higher frame rate detected (118.859216 Hz) than the expected one (15.000000 Hz). (stamps: previous=1773308014.252588s new=1773308014.261002s)
[WARN] [1773308014.262431894] [icp_odometry]: Odometry: Aborting odometry update, higher frame rate detected (112.874512 Hz) than the expected one (15.000000 Hz). (stamps: previous=1773308014.252588s new=1773308014.261448s)
[WARN] [1773308014.263040108] [icp_odometry]: Odometry: Aborting odometry update, higher frame rate detected (106.543653 Hz) than the expected one (15.000000 Hz). (stamps: previous=1773308014.252588s new=1773308014.261974s)
[WARN] [1773308014.267368716] [icp_odometry]: Odometry: Aborting odometry update, higher frame rate detected (79.553591 Hz) than the expected one (15.000000 Hz). (stamps: previous=1773308014.252588s new=1773308014.265158s)
[WARN] [1773308014.268771807] [icp_odometry]: Odometry: Aborting odometry update, higher frame rate detected (65.956473 Hz) than the expected one (15.000000 Hz). (stamps: previous=1773308014.252588s new=1773308014.267750s)
[WARN] [1773308014.269351125] [icp_odometry]: Odometry: Aborting odometry update, higher frame rate detected (64.251965 Hz) than the expected one (15.000000 Hz). (stamps: previous=1773308014.252588s new=1773308014.268152s)
[WARN] [1773308014.270839052] [icp_odometry]: Odometry: Aborting odometry update, higher frame rate detected (60.850511 Hz) than the expected one (15.000000 Hz). (stamps: previous=1773308014.252588s new=1773308014.269022s)
[INFO] [1773308014.271469891] [icp_odometry]: Odom: ratio=0.000000, std dev=0.000000m|0.000000rad, update time=0.000130s delay=0.001221s
[INFO] [1773308014.272034168] [icp_odometry]: Odom: ratio=0.000000, std dev=0.000000m|0.000000rad, update time=0.000101s delay=0.000784s
[WARN] [1773308014.272846294] [icp_odometry]: Odometry: Aborting odometry update, higher frame rate detected (1384.258746 Hz) than the expected one (15.000000 Hz). (stamps: previous=1773308014.271247s new=1773308014.271970s)
[WARN] [1773308014.274158726] [icp_odometry]: Odometry: Aborting odometry update, higher frame rate detected (501.411118 Hz) than the expected one (15.000000 Hz). (stamps: previous=1773308014.271247s new=1773308014.273242s)
[WARN] [1773308014.279433416] [icp_odometry]: Odometry: Aborting odometry update, higher frame rate detected (206.483730 Hz) than the expected one (15.000000 Hz). (stamps: previous=1773308014.271247s new=1773308014.276090s)
[WARN] [1773308014.281849761] [icp_odometry]: Odometry: Aborting odometry update, higher frame rate detected (121.152629 Hz) than the expected one (15.000000 Hz). (stamps: previous=1773308014.271247s new=1773308014.279501s)
[WARN] [1773308014.286455339] [icp_odometry]: Odometry: Aborting odometry update, higher frame rate detected (83.218666 Hz) than the expected one (15.000000 Hz). (stamps: previous=1773308014.271247s new=1773308014.283264s)
[WARN] [1773308014.291212442] [icp_odometry]: Odometry: Aborting odometry update, higher frame rate detected (69.086393 Hz) than the expected one (15.000000 Hz). (stamps: previous=1773308014.271247s new=1773308014.285722s)
[WARN] [1773308014.294373071] [icp_odometry]: Odometry: Aborting odometry update, higher frame rate detected (48.135145 Hz) than the expected one (15.000000 Hz). (stamps: previous=1773308014.271247s new=1773308014.292022s)
[WARN] [1773308014.295057832] [icp_odometry]: Odometry: Aborting odometry update, higher frame rate detected (43.974670 Hz) than the expected one (15.000000 Hz). (stamps: previous=1773308014.271247s new=1773308014.293988s)
[WARN] [1773308014.297217400] [icp_odometry]: Odometry: Aborting odometry update, higher frame rate detected (41.961083 Hz) than the expected one (15.000000 Hz). (stamps: previous=1773308014.271247s new=1773308014.295079s)
[WARN] [1773308014.300254920] [icp_odometry]: Odometry: Aborting odometry update, higher frame rate detected (36.355240 Hz) than the expected one (15.000000 Hz). (stamps: previous=1773308014.271247s new=1773308014.298753s)
[WARN] [1773308014.301217579] [icp_odometry]: Odometry: Aborting odometry update, higher frame rate detected (36.054602 Hz) than the expected one (15.000000 Hz). (stamps: previous=1773308014.271247s new=1773308014.298983s)
[WARN] [1773308014.302257521] [icp_odometry]: Odometry: Aborting odometry update, higher frame rate detected (34.312042 Hz) than the expected one (15.000000 Hz). (stamps: previous=1773308014.271247s new=1773308014.300391s)
[WARN] [1773308014.302854887] [icp_odometry]: Odometry: Aborting odometry update, higher frame rate detected (33.004186 Hz) than the expected one (15.000000 Hz). (stamps: previous=1773308014.271247s new=1773308014.301546s)
[WARN] [1773308014.303676582] [icp_odometry]: Odometry: Aborting odometry update, higher frame rate detected (32.506425 Hz) than the expected one (15.000000 Hz). (stamps: previous=1773308014.271247s new=1773308014.302010s)
[WARN] [1773308014.305338627] [icp_odometry]: Odometry: Aborting odometry update, higher frame rate detected (31.444388 Hz) than the expected one (15.000000 Hz). (stamps: previous=1773308014.271247s new=1773308014.303049s)
[WARN] [1773308014.306116512] [icp_odometry]: Odometry: Aborting odometry update, higher frame rate detected (30.660341 Hz) than the expected one (15.000000 Hz). (stamps: previous=1773308014.271247s new=1773308014.303863s)
[WARN] [1773308014.306971839] [icp_odometry]: Odometry: Aborting odometry update, higher frame rate detected (28.941004 Hz) than the expected one (15.000000 Hz). (stamps: previous=1773308014.271247s new=1773308014.305800s)
[WARN] [1773308014.315864039] [icp_odometry]: Odometry: Aborting odometry update, higher frame rate detected (25.225862 Hz) than the expected one (15.000000 Hz). (stamps: previous=1773308014.271247s new=1773308014.310889s)
[WARN] [1773308014.318781554] [icp_odometry]: Odometry: Aborting odometry update, higher frame rate detected (22.359604 Hz) than the expected one (15.000000 Hz). (stamps: previous=1773308014.271247s new=1773308014.315971s)
[WARN] [1773308014.319879099] [icp_odometry]: Odometry: Aborting odometry update, higher frame rate detected (21.549366 Hz) than the expected one (15.000000 Hz). (stamps: previous=1773308014.271247s new=1773308014.317652s)
[WARN] [1773308014.321872100] [icp_odometry]: Odometry: Aborting odometry update, higher frame rate detected (20.847270 Hz) than the expected one (15.000000 Hz). (stamps: previous=1773308014.271247s new=1773308014.319215s)
[WARN] [1773308014.327838656] [icp_odometry]: Odometry: Aborting odometry update, higher frame rate detected (19.142196 Hz) than the expected one (15.000000 Hz). (stamps: previous=1773308014.271247s new=1773308014.323488s)
[WARN] [1773308014.328680383] [icp_odometry]: Odometry: Aborting odometry update, higher frame rate detected (18.122797 Hz) than the expected one (15.000000 Hz). (stamps: previous=1773308014.271247s new=1773308014.326426s)
[WARN] [1773308014.329230131] [icp_odometry]: Odometry: Aborting odometry update, higher frame rate detected (17.586623 Hz) than the expected one (15.000000 Hz). (stamps: previous=1773308014.271247s new=1773308014.328109s)
[WARN] [1773308014.331550025] [icp_odometry]: Odometry: Aborting odometry update, higher frame rate detected (16.918178 Hz) than the expected one (15.000000 Hz). (stamps: previous=1773308014.271247s new=1773308014.330355s)
[WARN] [1773308014.331650637] [icp_odometry]: Odometry: Aborting odometry update, higher frame rate detected (16.918178 Hz) than the expected one (15.000000 Hz). (stamps: previous=1773308014.271247s new=1773308014.330355s)
[WARN] [1773308014.333187653] [icp_odometry]: Odometry: Aborting odometry update, higher frame rate detected (16.432527 Hz) than the expected one (15.000000 Hz). (stamps: previous=1773308014.271247s new=1773308014.332102s)
[WARN] [1773308014.335525211] [icp_odometry]: Odometry: Aborting odometry update, higher frame rate detected (16.082331 Hz) than the expected one (15.000000 Hz). (stamps: previous=1773308014.271247s new=1773308014.333427s)
[WARN] [1773308014.336276791] [icp_odometry]: Odometry: Aborting odometry update, higher frame rate detected (15.682924 Hz) than the expected one (15.000000 Hz). (stamps: previous=1773308014.271247s new=1773308014.335011s)
[WARN] [1773308014.336636004] [icp_odometry]: Odometry: Aborting odometry update, higher frame rate detected (15.572236 Hz) than the expected one (15.000000 Hz). (stamps: previous=1773308014.271247s new=1773308014.335464s)
[WARN] [1773308014.336946256] [icp_odometry]: Odometry: Aborting odometry update, higher frame rate detected (15.488910 Hz) than the expected one (15.000000 Hz). (stamps: previous=1773308014.271247s new=1773308014.335809s)
[WARN] [1773308014.339890620] [icp_odometry]: Odometry: Aborting odometry update, higher frame rate detected (15.123929 Hz) than the expected one (15.000000 Hz). (stamps: previous=1773308014.271247s new=1773308014.337368s)
[INFO] [1773308014.342062700] [icp_odometry]: Odom: ratio=0.000000, std dev=99.995000m|99.995000rad, update time=0.001409s delay=0.003846s
[WARN] [1773308014.351928728] [icp_odometry]: Odometry: Aborting odometry update, higher frame rate detected (304.685747 Hz) than the expected one (15.000000 Hz). (stamps: previous=1773308014.338211s new=1773308014.341493s)
[WARN] [1773308014.359731960] [icp_odometry]: Odometry: Aborting odometry update, higher frame rate detected (171.721760 Hz) than the expected one (15.000000 Hz). (stamps: previous=1773308014.338211s new=1773308014.344034s)
[WARN] [1773308014.363367486] [icp_odometry]: Odometry: Aborting odometry update, higher frame rate detected (171.210058 Hz) than the expected one (15.000000 Hz). (stamps: previous=1773308014.338211s new=1773308014.344052s)
[WARN] [1773308014.364123449] [icp_odometry]: Odometry: Aborting odometry update, higher frame rate detected (43.075495 Hz) than the expected one (15.000000 Hz). (stamps: previous=1773308014.338211s new=1773308014.361426s)
[WARN] [1773308014.366283049] [icp_odometry]: Odometry: Aborting odometry update, higher frame rate detected (41.176337 Hz) than the expected one (15.000000 Hz). (stamps: previous=1773308014.338211s new=1773308014.362497s)
[WARN] [1773308014.374732128] [icp_odometry]: Odometry: Aborting odometry update, higher frame rate detected (38.639374 Hz) than the expected one (15.000000 Hz). (stamps: previous=1773308014.338211s new=1773308014.364091s)
[WARN] [1773308014.375149776] [icp_odometry]: Odometry: Aborting odometry update, higher frame rate detected (27.798755 Hz) than the expected one (15.000000 Hz). (stamps: previous=1773308014.338211s new=1773308014.374184s)
[INFO] [1773308014.376956146] [icp_odometry]: Odom: ratio=0.000000, std dev=0.000000m|0.000000rad, update time=0.000496s delay=0.001620s
[WARN] [1773308014.378637424] [icp_odometry]: Odometry: Aborting odometry update, higher frame rate detected (2906.655579 Hz) than the expected one (15.000000 Hz). (stamps: previous=1773308014.375329s new=1773308014.375673s)
[WARN] [1773308014.380080805] [icp_odometry]: Odometry: Aborting odometry update, higher frame rate detected (328.913425 Hz) than the expected one (15.000000 Hz). (stamps: previous=1773308014.375329s new=1773308014.378369s)
[WARN] [1773308014.380892323] [icp_odometry]: Odometry: Aborting odometry update, higher frame rate detected (243.218556 Hz) than the expected one (15.000000 Hz). (stamps: previous=1773308014.375329s new=1773308014.379441s)
[WARN] [1773308014.381765156] [icp_odometry]: Odometry: Aborting odometry update, higher frame rate detected (211.865636 Hz) than the expected one (15.000000 Hz). (stamps: previous=1773308014.375329s new=1773308014.380049s)
[INFO] [1773308014.382732807] [icp_odometry]: Odom: ratio=0.000000, std dev=0.000000m|0.000000rad, update time=0.000361s delay=0.002361s
[WARN] [1773308014.383703179] [icp_odometry]: Odometry: Aborting odometry update, higher frame rate detected (933.311972 Hz) than the expected one (15.000000 Hz). (stamps: previous=1773308014.380369s new=1773308014.381440s)
[WARN] [1773308014.384933944] [icp_odometry]: Odometry: Aborting odometry update, higher frame rate detected (365.134848 Hz) than the expected one (15.000000 Hz). (stamps: previous=1773308014.380369s new=1773308014.383107s)
[WARN] [1773308014.385963678] [icp_odometry]: Odometry: Aborting odometry update, higher frame rate detected (243.826532 Hz) than the expected one (15.000000 Hz). (stamps: previous=1773308014.380369s new=1773308014.384470s)
[WARN] [1773308014.386514035] [icp_odometry]: Odometry: Aborting odometry update, higher frame rate detected (192.549419 Hz) than the expected one (15.000000 Hz). (stamps: previous=1773308014.380369s new=1773308014.385562s)
[INFO] [1773308014.388378647] [icp_odometry]: Odom: ratio=0.000000, std dev=0.000000m|0.000000rad, update time=0.000481s delay=0.002323s
[WARN] [1773308014.396871568] [icp_odometry]: Odometry: Aborting odometry update, higher frame rate detected (868.385921 Hz) than the expected one (15.000000 Hz). (stamps: previous=1773308014.386051s new=1773308014.387203s)
[WARN] [1773308014.397996058] [icp_odometry]: Odometry: Aborting odometry update, higher frame rate detected (106.738873 Hz) than the expected one (15.000000 Hz). (stamps: previous=1773308014.386051s new=1773308014.395420s)
[WARN] [1773308014.402206389] [icp_odometry]: Odometry: Aborting odometry update, higher frame rate detected (75.331442 Hz) than the expected one (15.000000 Hz). (stamps: previous=1773308014.386051s new=1773308014.399326s)
[WARN] [1773308014.402338266] [icp_odometry]: Odometry: Aborting odometry update, higher frame rate detected (75.331442 Hz) than the expected one (15.000000 Hz). (stamps: previous=1773308014.386051s new=1773308014.399326s)
[WARN] [1773308014.403090517] [icp_odometry]: Odometry: Aborting odometry update, higher frame rate detected (65.851883 Hz) than the expected one (15.000000 Hz). (stamps: previous=1773308014.386051s new=1773308014.401237s)
[WARN] [1773308014.404025272] [icp_odometry]: Odometry: Aborting odometry update, higher frame rate detected (61.878406 Hz) than the expected one (15.000000 Hz). (stamps: previous=1773308014.386051s new=1773308014.402212s)
[WARN] [1773308014.404693456] [icp_odometry]: Odometry: Aborting odometry update, higher frame rate detected (57.779945 Hz) than the expected one (15.000000 Hz). (stamps: previous=1773308014.386051s new=1773308014.403358s)
[WARN] [1773308014.405515695] [icp_odometry]: Odometry: Aborting odometry update, higher frame rate detected (57.031219 Hz) than the expected one (15.000000 Hz). (stamps: previous=1773308014.386051s new=1773308014.403585s)
[WARN] [1773308014.406234537] [icp_odometry]: Odometry: Aborting odometry update, higher frame rate detected (55.455271 Hz) than the expected one (15.000000 Hz). (stamps: previous=1773308014.386051s new=1773308014.404084s)
[WARN] [1773308014.407601532] [icp_odometry]: Odometry: Aborting odometry update, higher frame rate detected (51.326562 Hz) than the expected one (15.000000 Hz). (stamps: previous=1773308014.386051s new=1773308014.405534s)
[WARN] [1773308014.407789571] [icp_odometry]: Odometry: Aborting odometry update, higher frame rate detected (49.850294 Hz) than the expected one (15.000000 Hz). (stamps: previous=1773308014.386051s new=1773308014.406111s)
[WARN] [1773308014.408887179] [icp_odometry]: Odometry: Aborting odometry update, higher frame rate detected (47.095790 Hz) than the expected one (15.000000 Hz). (stamps: previous=1773308014.386051s new=1773308014.407284s)
[WARN] [1773308014.409784460] [icp_odometry]: Odometry: Aborting odometry update, higher frame rate detected (45.297795 Hz) than the expected one (15.000000 Hz). (stamps: previous=1773308014.386051s new=1773308014.408127s)
[WARN] [1773308014.411112157] [icp_odometry]: Odometry: Aborting odometry update, higher frame rate detected (42.672744 Hz) than the expected one (15.000000 Hz). (stamps: previous=1773308014.386051s new=1773308014.409485s)
[WARN] [1773308014.411733556] [icp_odometry]: Odometry: Aborting odometry update, higher frame rate detected (41.117806 Hz) than the expected one (15.000000 Hz). (stamps: previous=1773308014.386051s new=1773308014.410372s)
[WARN] [1773308014.412491632] [icp_odometry]: Odometry: Aborting odometry update, higher frame rate detected (39.910403 Hz) than the expected one (15.000000 Hz). (stamps: previous=1773308014.386051s new=1773308014.411107s)
[WARN] [1773308014.413200042] [icp_odometry]: Odometry: Aborting odometry update, higher frame rate detected (38.597416 Hz) than the expected one (15.000000 Hz). (stamps: previous=1773308014.386051s new=1773308014.411960s)
[WARN] [1773308014.417948889] [icp_odometry]: Odometry: Aborting odometry update, higher frame rate detected (33.194340 Hz) than the expected one (15.000000 Hz). (stamps: previous=1773308014.386051s new=1773308014.416177s)
[WARN] [1773308014.419588373] [icp_odometry]: Odometry: Aborting odometry update, higher frame rate detected (31.586944 Hz) than the expected one (15.000000 Hz). (stamps: previous=1773308014.386051s new=1773308014.417710s)
[WARN] [1773308014.420302416] [icp_odometry]: Odometry: Aborting odometry update, higher frame rate detected (31.010802 Hz) than the expected one (15.000000 Hz). (stamps: previous=1773308014.386051s new=1773308014.418298s)
[WARN] [1773308014.420880709] [icp_odometry]: Odometry: Aborting odometry update, higher frame rate detected (29.619536 Hz) than the expected one (15.000000 Hz). (stamps: previous=1773308014.386051s new=1773308014.419813s)
[WARN] [1773308014.422459551] [icp_odometry]: Odometry: Aborting odometry update, higher frame rate detected (28.397262 Hz) than the expected one (15.000000 Hz). (stamps: previous=1773308014.386051s new=1773308014.421266s)
[WARN] [1773308014.423958230] [icp_odometry]: Odometry: Aborting odometry update, higher frame rate detected (27.619362 Hz) than the expected one (15.000000 Hz). (stamps: previous=1773308014.386051s new=1773308014.422258s)
[WARN] [1773308014.424056154] [icp_odometry]: Odometry: Aborting odometry update, higher frame rate detected (27.619362 Hz) than the expected one (15.000000 Hz). (stamps: previous=1773308014.386051s new=1773308014.422258s)
[WARN] [1773308014.424392710] [icp_odometry]: Odometry: Aborting odometry update, higher frame rate detected (26.667243 Hz) than the expected one (15.000000 Hz). (stamps: previous=1773308014.386051s new=1773308014.423550s)
[INFO] [1773308014.425229733] [icp_odometry]: Odom: ratio=0.000000, std dev=0.000000m|0.000000rad, update time=0.000183s delay=0.001217s
[INFO] [1773308014.427154988] [icp_odometry]: Odom: ratio=0.000000, std dev=0.000000m|0.000000rad, update time=0.000153s delay=0.002062s
[WARN] [1773308014.429409439] [icp_odometry]: Odometry: Aborting odometry update, higher frame rate detected (348.856691 Hz) than the expected one (15.000000 Hz). (stamps: previous=1773308014.425089s new=1773308014.427955s)
[WARN] [1773308014.430194236] [icp_odometry]: Odometry: Aborting odometry update, higher frame rate detected (233.691999 Hz) than the expected one (15.000000 Hz). (stamps: previous=1773308014.425089s new=1773308014.429368s)
[WARN] [1773308014.431029819] [icp_odometry]: Odometry: Aborting odometry update, higher frame rate detected (206.138694 Hz) than the expected one (15.000000 Hz). (stamps: previous=1773308014.425089s new=1773308014.429940s)
[WARN] [1773308014.434360054] [icp_odometry]: Odometry: Aborting odometry update, higher frame rate detected (140.885560 Hz) than the expected one (15.000000 Hz). (stamps: previous=1773308014.425089s new=1773308014.432187s)
[WARN] [1773308014.435035151] [icp_odometry]: Odometry: Aborting odometry update, higher frame rate detected (117.652286 Hz) than the expected one (15.000000 Hz). (stamps: previous=1773308014.425089s new=1773308014.433589s)
[WARN] [1773308014.435513632] [icp_odometry]: Odometry: Aborting odometry update, higher frame rate detected (110.650135 Hz) than the expected one (15.000000 Hz). (stamps: previous=1773308014.425089s new=1773308014.434126s)
[WARN] [1773308014.436630441] [icp_odometry]: Odometry: Aborting odometry update, higher frame rate detected (94.855127 Hz) than the expected one (15.000000 Hz). (stamps: previous=1773308014.425089s new=1773308014.435631s)
[WARN] [1773308014.437195934] [icp_odometry]: Odometry: Aborting odometry update, higher frame rate detected (90.574069 Hz) than the expected one (15.000000 Hz). (stamps: previous=1773308014.425089s new=1773308014.436130s)
[WARN] [1773308014.438760600] [icp_odometry]: Odometry: Aborting odometry update, higher frame rate detected (80.721786 Hz) than the expected one (15.000000 Hz). (stamps: previous=1773308014.425089s new=1773308014.437477s)
[WARN] [1773308014.439702203] [icp_odometry]: Odometry: Aborting odometry update, higher frame rate detected (78.942689 Hz) than the expected one (15.000000 Hz). (stamps: previous=1773308014.425089s new=1773308014.437756s)
[WARN] [1773308014.440575003] [icp_odometry]: Odometry: Aborting odometry update, higher frame rate detected (68.448260 Hz) than the expected one (15.000000 Hz). (stamps: previous=1773308014.425089s new=1773308014.439698s)
[WARN] [1773308014.442908049] [icp_odometry]: Odometry: Aborting odometry update, higher frame rate detected (61.461307 Hz) than the expected one (15.000000 Hz). (stamps: previous=1773308014.425089s new=1773308014.441359s)
[WARN] [1773308014.443569865] [icp_odometry]: Odometry: Aborting odometry update, higher frame rate detected (58.822018 Hz) than the expected one (15.000000 Hz). (stamps: previous=1773308014.425089s new=1773308014.442089s)
[WARN] [1773308014.444799639] [icp_odometry]: Odometry: Aborting odometry update, higher frame rate detected (54.438959 Hz) than the expected one (15.000000 Hz). (stamps: previous=1773308014.425089s new=1773308014.443458s)
[WARN] [1773308014.446029348] [icp_odometry]: Odometry: Aborting odometry update, higher frame rate detected (52.682995 Hz) than the expected one (15.000000 Hz). (stamps: previous=1773308014.425089s new=1773308014.444070s)
[WARN] [1773308014.446370224] [icp_odometry]: Odometry: Aborting odometry update, higher frame rate detected (49.170631 Hz) than the expected one (15.000000 Hz). (stamps: previous=1773308014.425089s new=1773308014.445426s)
[WARN] [1773308014.447065482] [icp_odometry]: Odometry: Aborting odometry update, higher frame rate detected (47.700489 Hz) than the expected one (15.000000 Hz). (stamps: previous=1773308014.425089s new=1773308014.446053s)
[WARN] [1773308014.447933130] [icp_odometry]: Odometry: Aborting odometry update, higher frame rate detected (46.956070 Hz) than the expected one (15.000000 Hz). (stamps: previous=1773308014.425089s new=1773308014.446385s)
[WARN] [1773308014.448640452] [icp_odometry]: Odometry: Aborting odometry update, higher frame rate detected (44.720639 Hz) than the expected one (15.000000 Hz). (stamps: previous=1773308014.425089s new=1773308014.447450s)
[WARN] [1773308014.452546452] [icp_odometry]: Odometry: Aborting odometry update, higher frame rate detected (40.307367 Hz) than the expected one (15.000000 Hz). (stamps: previous=1773308014.425089s new=1773308014.449898s)
[WARN] [1773308014.452912129] [icp_odometry]: Odometry: Aborting odometry update, higher frame rate detected (37.701609 Hz) than the expected one (15.000000 Hz). (stamps: previous=1773308014.425089s new=1773308014.451613s)
[WARN] [1773308014.453400019] [icp_odometry]: Odometry: Aborting odometry update, higher frame rate detected (37.069184 Hz) than the expected one (15.000000 Hz). (stamps: previous=1773308014.425089s new=1773308014.452065s)
[WARN] [1773308014.454694307] [icp_odometry]: Odometry: Aborting odometry update, higher frame rate detected (35.722654 Hz) than the expected one (15.000000 Hz). (stamps: previous=1773308014.425089s new=1773308014.453082s)
[WARN] [1773308014.455320570] [icp_odometry]: Odometry: Aborting odometry update, higher frame rate detected (35.168232 Hz) than the expected one (15.000000 Hz). (stamps: previous=1773308014.425089s new=1773308014.453524s)
[WARN] [1773308014.455609221] [icp_odometry]: Odometry: Aborting odometry update, higher frame rate detected (34.484975 Hz) than the expected one (15.000000 Hz). (stamps: previous=1773308014.425089s new=1773308014.454087s)
[WARN] [1773308014.456916789] [icp_odometry]: Odometry: Aborting odometry update, higher frame rate detected (33.209847 Hz) than the expected one (15.000000 Hz). (stamps: previous=1773308014.425089s new=1773308014.455200s)
[WARN] [1773308014.457279458] [icp_odometry]: Odometry: Aborting odometry update, higher frame rate detected (32.168608 Hz) than the expected one (15.000000 Hz). (stamps: previous=1773308014.425089s new=1773308014.456175s)
[INFO] [1773308014.458772729] [icp_odometry]: Odom: ratio=0.000000, std dev=0.000000m|0.000000rad, update time=0.000172s delay=0.001166s
[WARN] [1773308014.459181129] [icp_odometry]: Odometry: Aborting odometry update, higher frame rate detected (1608.862294 Hz) than the expected one (15.000000 Hz). (stamps: previous=1773308014.457603s new=1773308014.458225s)
[WARN] [1773308014.460532314] [icp_odometry]: Odometry: Aborting odometry update, higher frame rate detected (633.676386 Hz) than the expected one (15.000000 Hz). (stamps: previous=1773308014.457603s new=1773308014.459181s)
[WARN] [1773308014.461784616] [icp_odometry]: Odometry: Aborting odometry update, higher frame rate detected (393.905334 Hz) than the expected one (15.000000 Hz). (stamps: previous=1773308014.457603s new=1773308014.460142s)
[WARN] [1773308014.462848080] [icp_odometry]: Odometry: Aborting odometry update, higher frame rate detected (257.984008 Hz) than the expected one (15.000000 Hz). (stamps: previous=1773308014.457603s new=1773308014.461479s)
[WARN] [1773308014.463424261] [icp_odometry]: Odometry: Aborting odometry update, higher frame rate detected (224.450367 Hz) than the expected one (15.000000 Hz). (stamps: previous=1773308014.457603s new=1773308014.462058s)
[WARN] [1773308014.464519981] [icp_odometry]: Odometry: Aborting odometry update, higher frame rate detected (177.057031 Hz) than the expected one (15.000000 Hz). (stamps: previous=1773308014.457603s new=1773308014.463251s)
[WARN] [1773308014.466876612] [icp_odometry]: Odometry: Aborting odometry update, higher frame rate detected (132.869896 Hz) than the expected one (15.000000 Hz). (stamps: previous=1773308014.457603s new=1773308014.465129s)
[WARN] [1773308014.467244370] [icp_odometry]: Odometry: Aborting odometry update, higher frame rate detected (116.002544 Hz) than the expected one (15.000000 Hz). (stamps: previous=1773308014.457603s new=1773308014.466223s)
[WARN] [1773308014.468446814] [icp_odometry]: Odometry: Aborting odometry update, higher frame rate detected (100.812498 Hz) than the expected one (15.000000 Hz). (stamps: previous=1773308014.457603s new=1773308014.467522s)
[INFO] [1773308014.469316798] [icp_odometry]: Odom: ratio=0.000000, std dev=0.000000m|0.000000rad, update time=0.000174s delay=0.001246s
[WARN] [1773308014.470935450] [icp_odometry]: Odometry: Aborting odometry update, higher frame rate detected (651.896798 Hz) than the expected one (15.000000 Hz). (stamps: previous=1773308014.468066s new=1773308014.469600s)
[WARN] [1773308014.472752253] [icp_odometry]: Odometry: Aborting odometry update, higher frame rate detected (468.584963 Hz) than the expected one (15.000000 Hz). (stamps: previous=1773308014.468066s new=1773308014.470200s)
[WARN] [1773308014.473128843] [icp_odometry]: Odometry: Aborting odometry update, higher frame rate detected (253.432266 Hz) than the expected one (15.000000 Hz). (stamps: previous=1773308014.468066s new=1773308014.472012s)
[WARN] [1773308014.474936909] [icp_odometry]: Odometry: Aborting odometry update, higher frame rate detected (185.309888 Hz) than the expected one (15.000000 Hz). (stamps: previous=1773308014.468066s new=1773308014.473463s)
[INFO] [1773308014.476205212] [icp_odometry]: Odom: ratio=0.000000, std dev=0.000000m|0.000000rad, update time=0.000923s delay=0.002147s
[WARN] [1773308014.476664365] [icp_odometry]: Odometry: Aborting odometry update, higher frame rate detected (864.270348 Hz) than the expected one (15.000000 Hz). (stamps: previous=1773308014.474051s new=1773308014.475208s)
[WARN] [1773308014.477024410] [icp_odometry]: Odometry: Aborting odometry update, higher frame rate detected (509.945775 Hz) than the expected one (15.000000 Hz). (stamps: previous=1773308014.474051s new=1773308014.476012s)
[WARN] [1773308014.479090502] [icp_odometry]: Odometry: Aborting odometry update, higher frame rate detected (248.742972 Hz) than the expected one (15.000000 Hz). (stamps: previous=1773308014.474051s new=1773308014.478071s)
[WARN] [1773308014.479703069] [icp_odometry]: Odometry: Aborting odometry update, higher frame rate detected (233.835312 Hz) than the expected one (15.000000 Hz). (stamps: previous=1773308014.474051s new=1773308014.478328s)
[INFO] [1773308014.480755812] [icp_odometry]: Odom: ratio=0.000000, std dev=0.000000m|0.000000rad, update time=0.000171s delay=0.001614s
[WARN] [1773308014.486086824] [icp_odometry]: Odometry: Aborting odometry update, higher frame rate detected (170.465515 Hz) than the expected one (15.000000 Hz). (stamps: previous=1773308014.479136s new=1773308014.485002s)
[INFO] [1773308014.486946696] [icp_odometry]: Odom: ratio=0.000000, std dev=0.000000m|0.000000rad, update time=0.000182s delay=0.001495s
[WARN] [1773308014.487797639] [icp_odometry]: Odometry: Aborting odometry update, higher frame rate detected (1790.906917 Hz) than the expected one (15.000000 Hz). (stamps: previous=1773308014.485447s new=1773308014.486006s)
[WARN] [1773308014.488545443] [icp_odometry]: Odometry: Aborting odometry update, higher frame rate detected (464.434060 Hz) than the expected one (15.000000 Hz). (stamps: previous=1773308014.485447s new=1773308014.487601s)
[WARN] [1773308014.489176538] [icp_odometry]: Odometry: Aborting odometry update, higher frame rate detected (459.297416 Hz) than the expected one (15.000000 Hz). (stamps: previous=1773308014.485447s new=1773308014.487625s)
[WARN] [1773308014.490015097] [icp_odometry]: Odometry: Aborting odometry update, higher frame rate detected (417.343682 Hz) than the expected one (15.000000 Hz). (stamps: previous=1773308014.485447s new=1773308014.487844s)
[WARN] [1773308014.490934267] [icp_odometry]: Odometry: Aborting odometry update, higher frame rate detected (240.568053 Hz) than the expected one (15.000000 Hz). (stamps: previous=1773308014.485447s new=1773308014.489604s)
[WARN] [1773308014.491639157] [icp_odometry]: Odometry: Aborting odometry update, higher frame rate detected (229.109302 Hz) than the expected one (15.000000 Hz). (stamps: previous=1773308014.485447s new=1773308014.489812s)
[WARN] [1773308014.492989862] [icp_odometry]: Odometry: Aborting odometry update, higher frame rate detected (174.828227 Hz) than the expected one (15.000000 Hz). (stamps: previous=1773308014.485447s new=1773308014.491167s)
[WARN] [1773308014.493440343] [icp_odometry]: Odometry: Aborting odometry update, higher frame rate detected (159.485304 Hz) than the expected one (15.000000 Hz). (stamps: previous=1773308014.485447s new=1773308014.491718s)
[WARN] [1773308014.494754247] [icp_odometry]: Odometry: Aborting odometry update, higher frame rate detected (121.524715 Hz) than the expected one (15.000000 Hz). (stamps: previous=1773308014.485447s new=1773308014.493676s)
[WARN] [1773308014.496273919] [icp_odometry]: Odometry: Aborting odometry update, higher frame rate detected (103.881117 Hz) than the expected one (15.000000 Hz). (stamps: previous=1773308014.485447s new=1773308014.495074s)
[WARN] [1773308014.496748305] [icp_odometry]: Odometry: Aborting odometry update, higher frame rate detected (102.998477 Hz) than the expected one (15.000000 Hz). (stamps: previous=1773308014.485447s new=1773308014.495156s)
[WARN] [1773308014.497254404] [icp_odometry]: Odometry: Aborting odometry update, higher frame rate detected (94.525917 Hz) than the expected one (15.000000 Hz). (stamps: previous=1773308014.485447s new=1773308014.496027s)
[INFO] [1773308014.498947426] [icp_odometry]: Odom: ratio=0.000000, std dev=0.000000m|0.000000rad, update time=0.000279s delay=0.001634s
[WARN] [1773308014.500896074] [icp_odometry]: Odometry: Aborting odometry update, higher frame rate detected (459.398028 Hz) than the expected one (15.000000 Hz). (stamps: previous=1773308014.497309s new=1773308014.499485s)
[WARN] [1773308014.501527233] [icp_odometry]: Odometry: Aborting odometry update, higher frame rate detected (349.496209 Hz) than the expected one (15.000000 Hz). (stamps: previous=1773308014.497309s new=1773308014.500170s)
[WARN] [1773308014.501930064] [icp_odometry]: Odometry: Aborting odometry update, higher frame rate detected (254.385250 Hz) than the expected one (15.000000 Hz). (stamps: previous=1773308014.497309s new=1773308014.501240s)
[WARN] [1773308014.503126620] [icp_odometry]: Odometry: Aborting odometry update, higher frame rate detected (214.575331 Hz) than the expected one (15.000000 Hz). (stamps: previous=1773308014.497309s new=1773308014.501969s)
[WARN] [1773308014.503494026] [icp_odometry]: Odometry: Aborting odometry update, higher frame rate detected (195.320108 Hz) than the expected one (15.000000 Hz). (stamps: previous=1773308014.497309s new=1773308014.502429s)
[WARN] [1773308014.504488334] [icp_odometry]: Odometry: Aborting odometry update, higher frame rate detected (170.819581 Hz) than the expected one (15.000000 Hz). (stamps: previous=1773308014.497309s new=1773308014.503163s)
[WARN] [1773308014.505211849] [icp_odometry]: Odometry: Aborting odometry update, higher frame rate detected (149.321941 Hz) than the expected one (15.000000 Hz). (stamps: previous=1773308014.497309s new=1773308014.504006s)
[WARN] [1773308014.506037863] [icp_odometry]: Odometry: Aborting odometry update, higher frame rate detected (139.665812 Hz) than the expected one (15.000000 Hz). (stamps: previous=1773308014.497309s new=1773308014.504469s)
[WARN] [1773308014.506998763] [icp_odometry]: Odometry: Aborting odometry update, higher frame rate detected (124.382551 Hz) than the expected one (15.000000 Hz). (stamps: previous=1773308014.497309s new=1773308014.505348s)
[WARN] [1773308014.507699653] [icp_odometry]: Odometry: Aborting odometry update, higher frame rate detected (109.729594 Hz) than the expected one (15.000000 Hz). (stamps: previous=1773308014.497309s new=1773308014.506422s)
[WARN] [1773308014.508269594] [icp_odometry]: Odometry: Aborting odometry update, higher frame rate detected (98.432424 Hz) than the expected one (15.000000 Hz). (stamps: previous=1773308014.497309s new=1773308014.507468s)
[WARN] [1773308014.509423716] [icp_odometry]: Odometry: Aborting odometry update, higher frame rate detected (93.530996 Hz) than the expected one (15.000000 Hz). (stamps: previous=1773308014.497309s new=1773308014.508000s)
[WARN] [1773308014.510296804] [icp_odometry]: Odometry: Aborting odometry update, higher frame rate detected (89.679367 Hz) than the expected one (15.000000 Hz). (stamps: previous=1773308014.497309s new=1773308014.508460s)
[WARN] [1773308014.511274440] [icp_odometry]: Odometry: Aborting odometry update, higher frame rate detected (82.393117 Hz) than the expected one (15.000000 Hz). (stamps: previous=1773308014.497309s new=1773308014.509446s)
[WARN] [1773308014.511712632] [icp_odometry]: Odometry: Aborting odometry update, higher frame rate detected (77.324337 Hz) than the expected one (15.000000 Hz). (stamps: previous=1773308014.497309s new=1773308014.510241s)
[WARN] [1773308014.512748927] [icp_odometry]: Odometry: Aborting odometry update, higher frame rate detected (70.835371 Hz) than the expected one (15.000000 Hz). (stamps: previous=1773308014.497309s new=1773308014.511426s)
[WARN] [1773308014.513646368] [icp_odometry]: Odometry: Aborting odometry update, higher frame rate detected (67.028430 Hz) than the expected one (15.000000 Hz). (stamps: previous=1773308014.497309s new=1773308014.512228s)
[WARN] [1773308014.514847948] [icp_odometry]: Odometry: Aborting odometry update, higher frame rate detected (63.014438 Hz) than the expected one (15.000000 Hz). (stamps: previous=1773308014.497309s new=1773308014.513178s)
[WARN] [1773308014.515463427] [icp_odometry]: Odometry: Aborting odometry update, higher frame rate detected (59.699446 Hz) than the expected one (15.000000 Hz). (stamps: previous=1773308014.497309s new=1773308014.514059s)
[WARN] [1773308014.516546027] [icp_odometry]: Odometry: Aborting odometry update, higher frame rate detected (55.609673 Hz) than the expected one (15.000000 Hz). (stamps: previous=1773308014.497309s new=1773308014.515291s)
[WARN] [1773308014.517260325] [icp_odometry]: Odometry: Aborting odometry update, higher frame rate detected (53.421097 Hz) than the expected one (15.000000 Hz). (stamps: previous=1773308014.497309s new=1773308014.516028s)
[WARN] [1773308014.518679353] [icp_odometry]: Odometry: Aborting odometry update, higher frame rate detected (49.689658 Hz) than the expected one (15.000000 Hz). (stamps: previous=1773308014.497309s new=1773308014.517434s)
[WARN] [1773308014.518951843] [icp_odometry]: Odometry: Aborting odometry update, higher frame rate detected (49.119382 Hz) than the expected one (15.000000 Hz). (stamps: previous=1773308014.497309s new=1773308014.517667s)
[WARN] [1773308014.520376632] [icp_odometry]: Odometry: Aborting odometry update, higher frame rate detected (46.109494 Hz) than the expected one (15.000000 Hz). (stamps: previous=1773308014.497309s new=1773308014.518996s)
[WARN] [1773308014.520768486] [icp_odometry]: Odometry: Aborting odometry update, higher frame rate detected (44.299321 Hz) than the expected one (15.000000 Hz). (stamps: previous=1773308014.497309s new=1773308014.519882s)
[WARN] [1773308014.522749871] [icp_odometry]: Odometry: Aborting odometry update, higher frame rate detected (40.849499 Hz) than the expected one (15.000000 Hz). (stamps: previous=1773308014.497309s new=1773308014.521789s)
[WARN] [1773308014.524796763] [icp_odometry]: Odometry: Aborting odometry update, higher frame rate detected (38.667515 Hz) than the expected one (15.000000 Hz). (stamps: previous=1773308014.497309s new=1773308014.523170s)
[WARN] [1773308014.525000642] [icp_odometry]: Odometry: Aborting odometry update, higher frame rate detected (38.219331 Hz) than the expected one (15.000000 Hz). (stamps: previous=1773308014.497309s new=1773308014.523474s)
[INFO] [1773308014.526321459] [icp_odometry]: Odom: ratio=0.000000, std dev=0.000000m|0.000000rad, update time=0.000454s delay=0.002311s
[WARN] [1773308014.527809706] [icp_odometry]: Odometry: Aborting odometry update, higher frame rate detected (972.254057 Hz) than the expected one (15.000000 Hz). (stamps: previous=1773308014.524006s new=1773308014.525034s)
[WARN] [1773308014.528669353] [icp_odometry]: Odometry: Aborting odometry update, higher frame rate detected (461.419582 Hz) than the expected one (15.000000 Hz). (stamps: previous=1773308014.524006s new=1773308014.526173s)
[WARN] [1773308014.529163868] [icp_odometry]: Odometry: Aborting odometry update, higher frame rate detected (276.523207 Hz) than the expected one (15.000000 Hz). (stamps: previous=1773308014.524006s new=1773308014.527622s)
[WARN] [1773308014.530091934] [icp_odometry]: Odometry: Aborting odometry update, higher frame rate detected (243.854884 Hz) than the expected one (15.000000 Hz). (stamps: previous=1773308014.524006s new=1773308014.528107s)
[WARN] [1773308014.531850111] [icp_odometry]: Odometry: Aborting odometry update, higher frame rate detected (164.224902 Hz) than the expected one (15.000000 Hz). (stamps: previous=1773308014.524006s new=1773308014.530095s)
[WARN] [1773308014.532333552] [icp_odometry]: Odometry: Aborting odometry update, higher frame rate detected (140.828795 Hz) than the expected one (15.000000 Hz). (stamps: previous=1773308014.524006s new=1773308014.531107s)
[WARN] [1773308014.533041450] [icp_odometry]: Odometry: Aborting odometry update, higher frame rate detected (131.813451 Hz) than the expected one (15.000000 Hz). (stamps: previous=1773308014.524006s new=1773308014.531592s)
[WARN] [1773308014.534350843] [icp_odometry]: Odometry: Aborting odometry update, higher frame rate detected (121.962896 Hz) than the expected one (15.000000 Hz). (stamps: previous=1773308014.524006s new=1773308014.532205s)
[WARN] [1773308014.534869518] [icp_odometry]: Odometry: Aborting odometry update, higher frame rate detected (105.307791 Hz) than the expected one (15.000000 Hz). (stamps: previous=1773308014.524006s new=1773308014.533502s)
[WARN] [1773308014.536314787] [icp_odometry]: Odometry: Aborting odometry update, higher frame rate detected (97.974866 Hz) than the expected one (15.000000 Hz). (stamps: previous=1773308014.524006s new=1773308014.534213s)
[WARN] [1773308014.537271462] [icp_odometry]: Odometry: Aborting odometry update, higher frame rate detected (88.573383 Hz) than the expected one (15.000000 Hz). (stamps: previous=1773308014.524006s new=1773308014.535296s)
[WARN] [1773308014.538804319] [icp_odometry]: Odometry: Aborting odometry update, higher frame rate detected (72.422972 Hz) than the expected one (15.000000 Hz). (stamps: previous=1773308014.524006s new=1773308014.537814s)
[WARN] [1773308014.540436219] [icp_odometry]: Odometry: Aborting odometry update, higher frame rate detected (65.448054 Hz) than the expected one (15.000000 Hz). (stamps: previous=1773308014.524006s new=1773308014.539285s)
[WARN] [1773308014.540846602] [icp_odometry]: Odometry: Aborting odometry update, higher frame rate detected (63.424173 Hz) than the expected one (15.000000 Hz). (stamps: previous=1773308014.524006s new=1773308014.539773s)
[WARN] [1773308014.542721167] [icp_odometry]: Odometry: Aborting odometry update, higher frame rate detected (56.611697 Hz) than the expected one (15.000000 Hz). (stamps: previous=1773308014.524006s new=1773308014.541670s)
[WARN] [1773308014.544262280] [icp_odometry]: Odometry: Aborting odometry update, higher frame rate detected (52.046260 Hz) than the expected one (15.000000 Hz). (stamps: previous=1773308014.524006s new=1773308014.543220s)
[WARN] [1773308014.544882399] [icp_odometry]: Odometry: Aborting odometry update, higher frame rate detected (50.922759 Hz) than the expected one (15.000000 Hz). (stamps: previous=1773308014.524006s new=1773308014.543643s)
[WARN] [1773308014.546312404] [icp_odometry]: Odometry: Aborting odometry update, higher frame rate detected (47.034528 Hz) than the expected one (15.000000 Hz). (stamps: previous=1773308014.524006s new=1773308014.545267s)
[WARN] [1773308014.546675201] [icp_odometry]: Odometry: Aborting odometry update, higher frame rate detected (46.305479 Hz) than the expected one (15.000000 Hz). (stamps: previous=1773308014.524006s new=1773308014.545602s)
[WARN] [1773308014.547272567] [icp_odometry]: Odometry: Aborting odometry update, higher frame rate detected (45.514074 Hz) than the expected one (15.000000 Hz). (stamps: previous=1773308014.524006s new=1773308014.545977s)
[WARN] [1773308014.548672330] [icp_odometry]: Odometry: Aborting odometry update, higher frame rate detected (42.602527 Hz) than the expected one (15.000000 Hz). (stamps: previous=1773308014.524006s new=1773308014.547479s)
[WARN] [1773308014.549224063] [icp_odometry]: Odometry: Aborting odometry update, higher frame rate detected (41.499411 Hz) than the expected one (15.000000 Hz). (stamps: previous=1773308014.524006s new=1773308014.548103s)
[WARN] [1773308014.551434544] [icp_odometry]: Odometry: Aborting odometry update, higher frame rate detected (39.743251 Hz) than the expected one (15.000000 Hz). (stamps: previous=1773308014.524006s new=1773308014.549167s)
[WARN] [1773308014.553044588] [icp_odometry]: Odometry: Aborting odometry update, higher frame rate detected (38.843701 Hz) than the expected one (15.000000 Hz). (stamps: previous=1773308014.524006s new=1773308014.549750s)
[WARN] [1773308014.553829417] [icp_odometry]: Odometry: Aborting odometry update, higher frame rate detected (36.764084 Hz) than the expected one (15.000000 Hz). (stamps: previous=1773308014.524006s new=1773308014.551206s)
[WARN] [1773308014.554663495] [icp_odometry]: Odometry: Aborting odometry update, higher frame rate detected (33.832945 Hz) than the expected one (15.000000 Hz). (stamps: previous=1773308014.524006s new=1773308014.553563s)
[WARN] [1773308014.555261181] [icp_odometry]: Odometry: Aborting odometry update, higher frame rate detected (33.312186 Hz) than the expected one (15.000000 Hz). (stamps: previous=1773308014.524006s new=1773308014.554025s)
[WARN] [1773308014.556168351] [icp_odometry]: Odometry: Aborting odometry update, higher frame rate detected (32.189099 Hz) than the expected one (15.000000 Hz). (stamps: previous=1773308014.524006s new=1773308014.555072s)
[WARN] [1773308014.556994557] [icp_odometry]: Odometry: Aborting odometry update, higher frame rate detected (31.720001 Hz) than the expected one (15.000000 Hz). (stamps: previous=1773308014.524006s new=1773308014.555532s)
[WARN] [1773308014.557579379] [icp_odometry]: Odometry: Aborting odometry update, higher frame rate detected (31.122865 Hz) than the expected one (15.000000 Hz). (stamps: previous=1773308014.524006s new=1773308014.556137s)
[WARN] [1773308014.558969446] [icp_odometry]: Odometry: Aborting odometry update, higher frame rate detected (29.706806 Hz) than the expected one (15.000000 Hz). (stamps: previous=1773308014.524006s new=1773308014.557668s)
[WARN] [1773308014.559448280] [icp_odometry]: Odometry: Aborting odometry update, higher frame rate detected (29.361391 Hz) than the expected one (15.000000 Hz). (stamps: previous=1773308014.524006s new=1773308014.558064s)
[WARN] [1773308014.560460797] [icp_odometry]: Odometry: Aborting odometry update, higher frame rate detected (28.428443 Hz) than the expected one (15.000000 Hz). (stamps: previous=1773308014.524006s new=1773308014.559182s)
[WARN] [1773308014.560997969] [icp_odometry]: Odometry: Aborting odometry update, higher frame rate detected (27.688647 Hz) than the expected one (15.000000 Hz). (stamps: previous=1773308014.524006s new=1773308014.560122s)
[WARN] [1773308014.562045591] [icp_odometry]: Odometry: Aborting odometry update, higher frame rate detected (26.994021 Hz) than the expected one (15.000000 Hz). (stamps: previous=1773308014.524006s new=1773308014.561051s)
[WARN] [1773308014.562481191] [icp_odometry]: Odometry: Aborting odometry update, higher frame rate detected (26.563040 Hz) than the expected one (15.000000 Hz). (stamps: previous=1773308014.524006s new=1773308014.561652s)
[WARN] [1773308014.564348556] [icp_odometry]: Odometry: Aborting odometry update, higher frame rate detected (25.463080 Hz) than the expected one (15.000000 Hz). (stamps: previous=1773308014.524006s new=1773308014.563278s)
[WARN] [1773308014.564780348] [icp_odometry]: Odometry: Aborting odometry update, higher frame rate detected (25.220704 Hz) than the expected one (15.000000 Hz). (stamps: previous=1773308014.524006s new=1773308014.563656s)
[WARN] [1773308014.566539485] [icp_odometry]: Odometry: Aborting odometry update, higher frame rate detected (24.277791 Hz) than the expected one (15.000000 Hz). (stamps: previous=1773308014.524006s new=1773308014.565196s)
[WARN] [1773308014.566823111] [icp_odometry]: Odometry: Aborting odometry update, higher frame rate detected (23.826399 Hz) than the expected one (15.000000 Hz). (stamps: previous=1773308014.524006s new=1773308014.565976s)
[INFO] [1773308014.568763855] [icp_odometry]: Odom: ratio=0.000000, std dev=0.000000m|0.000000rad, update time=0.000190s delay=0.001103s
[INFO] [1773308014.569335844] [icp_odometry]: Odom: ratio=0.000000, std dev=0.000000m|0.000000rad, update time=0.000154s delay=0.001226s
[WARN] [1773308014.570326248] [icp_odometry]: Odometry: Aborting odometry update, higher frame rate detected (1025.502200 Hz) than the expected one (15.000000 Hz). (stamps: previous=1773308014.568105s new=1773308014.569080s)
[WARN] [1773308014.570827163] [icp_odometry]: Odometry: Aborting odometry update, higher frame rate detected (682.777796 Hz) than the expected one (15.000000 Hz). (stamps: previous=1773308014.568105s new=1773308014.569570s)
[WARN] [1773308014.571276203] [icp_odometry]: Odometry: Aborting odometry update, higher frame rate detected (509.264692 Hz) than the expected one (15.000000 Hz). (stamps: previous=1773308014.568105s new=1773308014.570069s)
[WARN] [1773308014.572469207] [icp_odometry]: Odometry: Aborting odometry update, higher frame rate detected (290.645416 Hz) than the expected one (15.000000 Hz). (stamps: previous=1773308014.568105s new=1773308014.571546s)
[WARN] [1773308014.572977290] [icp_odometry]: Odometry: Aborting odometry update, higher frame rate detected (255.921899 Hz) than the expected one (15.000000 Hz). (stamps: previous=1773308014.568105s new=1773308014.572013s)
[INFO] [1773308014.575369250] [icp_odometry]: Odom: ratio=0.000000, std dev=0.000000m|0.000000rad, update time=0.000644s delay=0.001941s
[WARN] [1773308014.576645521] [icp_odometry]: Odometry: Aborting odometry update, higher frame rate detected (483.214747 Hz) than the expected one (15.000000 Hz). (stamps: previous=1773308014.573422s new=1773308014.575492s)
[WARN] [1773308014.577030784] [icp_odometry]: Odometry: Aborting odometry update, higher frame rate detected (379.678103 Hz) than the expected one (15.000000 Hz). (stamps: previous=1773308014.573422s new=1773308014.576056s)
[WARN] [1773308014.579127213] [icp_odometry]: Odometry: Aborting odometry update, higher frame rate detected (234.777722 Hz) than the expected one (15.000000 Hz). (stamps: previous=1773308014.573422s new=1773308014.577682s)
[WARN] [1773308014.579618015] [icp_odometry]: Odometry: Aborting odometry update, higher frame rate detected (196.169683 Hz) than the expected one (15.000000 Hz). (stamps: previous=1773308014.573422s new=1773308014.578520s)
[INFO] [1773308014.581110102] [icp_odometry]: Odom: ratio=0.000000, std dev=0.000000m|0.000000rad, update time=0.000386s delay=0.001904s
[INFO] [1773308014.582003223] [icp_odometry]: Odom: ratio=0.000000, std dev=0.000000m|0.000000rad, update time=0.000128s delay=0.001562s
[WARN] [1773308014.582843702] [icp_odometry]: Odometry: Aborting odometry update, higher frame rate detected (1019.271932 Hz) than the expected one (15.000000 Hz). (stamps: previous=1773308014.580437s new=1773308014.581418s)
[WARN] [1773308014.583955807] [icp_odometry]: Odometry: Aborting odometry update, higher frame rate detected (599.614582 Hz) than the expected one (15.000000 Hz). (stamps: previous=1773308014.580437s new=1773308014.582105s)
[WARN] [1773308014.584356814] [icp_odometry]: Odometry: Aborting odometry update, higher frame rate detected (329.249078 Hz) than the expected one (15.000000 Hz). (stamps: previous=1773308014.580437s new=1773308014.583474s)
[WARN] [1773308014.585147947] [icp_odometry]: Odometry: Aborting odometry update, higher frame rate detected (272.764779 Hz) than the expected one (15.000000 Hz). (stamps: previous=1773308014.580437s new=1773308014.584103s)
[INFO] [1773308014.587301466] [icp_odometry]: Odom: ratio=0.000000, std dev=0.000000m|0.000000rad, update time=0.000535s delay=0.002137s
[WARN] [1773308014.589710739] [icp_odometry]: Odometry: Aborting odometry update, higher frame rate detected (302.488389 Hz) than the expected one (15.000000 Hz). (stamps: previous=1773308014.585160s new=1773308014.588466s)
[WARN] [1773308014.590188708] [icp_odometry]: Odometry: Aborting odometry update, higher frame rate detected (259.035573 Hz) than the expected one (15.000000 Hz). (stamps: previous=1773308014.585160s new=1773308014.589021s)
[WARN] [1773308014.591049700] [icp_odometry]: Odometry: Aborting odometry update, higher frame rate detected (230.785958 Hz) than the expected one (15.000000 Hz). (stamps: previous=1773308014.585160s new=1773308014.589494s)
[WARN] [1773308014.591577112] [icp_odometry]: Odometry: Aborting odometry update, higher frame rate detected (197.434758 Hz) than the expected one (15.000000 Hz). (stamps: previous=1773308014.585160s new=1773308014.590225s)
[WARN] [1773308014.593039342] [icp_odometry]: Odometry: Aborting odometry update, higher frame rate detected (156.498041 Hz) than the expected one (15.000000 Hz). (stamps: previous=1773308014.585160s new=1773308014.591550s)
[WARN] [1773308014.594258906] [icp_odometry]: Odometry: Aborting odometry update, higher frame rate detected (126.228000 Hz) than the expected one (15.000000 Hz). (stamps: previous=1773308014.585160s new=1773308014.593083s)
[WARN] [1773308014.595099065] [icp_odometry]: Odometry: Aborting odometry update, higher frame rate detected (119.734627 Hz) than the expected one (15.000000 Hz). (stamps: previous=1773308014.585160s new=1773308014.593512s)
[WARN] [1773308014.595458247] [icp_odometry]: Odometry: Aborting odometry update, higher frame rate detected (111.803385 Hz) than the expected one (15.000000 Hz). (stamps: previous=1773308014.585160s new=1773308014.594105s)
[WARN] [1773308014.596242628] [icp_odometry]: Odometry: Aborting odometry update, higher frame rate detected (100.970246 Hz) than the expected one (15.000000 Hz). (stamps: previous=1773308014.585160s new=1773308014.595064s)
[WARN] [1773308014.596872731] [icp_odometry]: Odometry: Aborting odometry update, higher frame rate detected (96.407484 Hz) than the expected one (15.000000 Hz). (stamps: previous=1773308014.585160s new=1773308014.595533s)
[INFO] [1773308014.597493778] [icp_odometry]: Odom: ratio=0.000000, std dev=0.000000m|0.000000rad, update time=0.000182s delay=0.001491s
[WARN] [1773308014.598465397] [icp_odometry]: Odometry: Aborting odometry update, higher frame rate detected (721.042462 Hz) than the expected one (15.000000 Hz). (stamps: previous=1773308014.595999s new=1773308014.597386s)
[WARN] [1773308014.598918886] [icp_odometry]: Odometry: Aborting odometry update, higher frame rate detected (561.937835 Hz) than the expected one (15.000000 Hz). (stamps: previous=1773308014.595999s new=1773308014.597778s)
[WARN] [1773308014.600582756] [icp_odometry]: Odometry: Aborting odometry update, higher frame rate detected (287.537122 Hz) than the expected one (15.000000 Hz). (stamps: previous=1773308014.595999s new=1773308014.599477s)
[WARN] [1773308014.602318083] [icp_odometry]: Odometry: Aborting odometry update, higher frame rate detected (246.535238 Hz) than the expected one (15.000000 Hz). (stamps: previous=1773308014.595999s new=1773308014.600055s)
[WARN] [1773308014.602850711] [icp_odometry]: Odometry: Aborting odometry update, higher frame rate detected (179.827817 Hz) than the expected one (15.000000 Hz). (stamps: previous=1773308014.595999s new=1773308014.601560s)
[WARN] [1773308014.603459822] [icp_odometry]: Odometry: Aborting odometry update, higher frame rate detected (164.392255 Hz) than the expected one (15.000000 Hz). (stamps: previous=1773308014.595999s new=1773308014.602082s)
[WARN] [1773308014.604333742] [icp_odometry]: Odometry: Aborting odometry update, higher frame rate detected (136.840690 Hz) than the expected one (15.000000 Hz). (stamps: previous=1773308014.595999s new=1773308014.603307s)
[WARN] [1773308014.606074958] [icp_odometry]: Odometry: Aborting odometry update, higher frame rate detected (125.439005 Hz) than the expected one (15.000000 Hz). (stamps: previous=1773308014.595999s new=1773308014.603971s)
[WARN] [1773308014.606726214] [icp_odometry]: Odometry: Aborting odometry update, higher frame rate detected (104.666583 Hz) than the expected one (15.000000 Hz). (stamps: previous=1773308014.595999s new=1773308014.605553s)
[WARN] [1773308014.607476098] [icp_odometry]: Odometry: Aborting odometry update, higher frame rate detected (98.859311 Hz) than the expected one (15.000000 Hz). (stamps: previous=1773308014.595999s new=1773308014.606114s)
[WARN] [1773308014.608552137] [icp_odometry]: Odometry: Aborting odometry update, higher frame rate detected (86.698582 Hz) than the expected one (15.000000 Hz). (stamps: previous=1773308014.595999s new=1773308014.607533s)
[WARN] [1773308014.608895830] [icp_odometry]: Odometry: Aborting odometry update, higher frame rate detected (85.890771 Hz) than the expected one (15.000000 Hz). (stamps: previous=1773308014.595999s new=1773308014.607641s)
[WARN] [1773308014.611744927] [icp_odometry]: Odometry: Aborting odometry update, higher frame rate detected (71.441049 Hz) than the expected one (15.000000 Hz). (stamps: previous=1773308014.595999s new=1773308014.609996s)
[WARN] [1773308014.612826183] [icp_odometry]: Odometry: Aborting odometry update, higher frame rate detected (64.887129 Hz) than the expected one (15.000000 Hz). (stamps: previous=1773308014.595999s new=1773308014.611410s)
[WARN] [1773308014.613904174] [icp_odometry]: Odometry: Aborting odometry update, higher frame rate detected (62.265135 Hz) than the expected one (15.000000 Hz). (stamps: previous=1773308014.595999s new=1773308014.612059s)
[WARN] [1773308014.614917908] [icp_odometry]: Odometry: Aborting odometry update, higher frame rate detected (56.267661 Hz) than the expected one (15.000000 Hz). (stamps: previous=1773308014.595999s new=1773308014.613771s)
[WARN] [1773308014.616474989] [icp_odometry]: Odometry: Aborting odometry update, higher frame rate detected (51.789843 Hz) than the expected one (15.000000 Hz). (stamps: previous=1773308014.595999s new=1773308014.615308s)
[WARN] [1773308014.617010625] [icp_odometry]: Odometry: Aborting odometry update, higher frame rate detected (50.315547 Hz) than the expected one (15.000000 Hz). (stamps: previous=1773308014.595999s new=1773308014.615873s)
[WARN] [1773308014.622615119] [icp_odometry]: Odometry: Aborting odometry update, higher frame rate detected (46.691053 Hz) than the expected one (15.000000 Hz). (stamps: previous=1773308014.595999s new=1773308014.617416s)
[WARN] [1773308014.623358155] [icp_odometry]: Odometry: Aborting odometry update, higher frame rate detected (38.340911 Hz) than the expected one (15.000000 Hz). (stamps: previous=1773308014.595999s new=1773308014.622081s)
[WARN] [1773308014.624774591] [icp_odometry]: Odometry: Aborting odometry update, higher frame rate detected (36.911617 Hz) than the expected one (15.000000 Hz). (stamps: previous=1773308014.595999s new=1773308014.623091s)
[WARN] [1773308014.625597661] [icp_odometry]: Odometry: Aborting odometry update, higher frame rate detected (36.071036 Hz) than the expected one (15.000000 Hz). (stamps: previous=1773308014.595999s new=1773308014.623722s)
[WARN] [1773308014.626520671] [icp_odometry]: Odometry: Aborting odometry update, higher frame rate detected (33.724132 Hz) than the expected one (15.000000 Hz). (stamps: previous=1773308014.595999s new=1773308014.625651s)
[WARN] [1773308014.628554314] [icp_odometry]: Odometry: Aborting odometry update, higher frame rate detected (31.705375 Hz) than the expected one (15.000000 Hz). (stamps: previous=1773308014.595999s new=1773308014.627539s)
[WARN] [1773308014.628955481] [icp_odometry]: Odometry: Aborting odometry update, higher frame rate detected (31.107400 Hz) than the expected one (15.000000 Hz). (stamps: previous=1773308014.595999s new=1773308014.628145s)
[WARN] [1773308014.630417583] [icp_odometry]: Odometry: Aborting odometry update, higher frame rate detected (29.824677 Hz) than the expected one (15.000000 Hz). (stamps: previous=1773308014.595999s new=1773308014.629528s)
[WARN] [1773308014.631060263] [icp_odometry]: Odometry: Aborting odometry update, higher frame rate detected (29.359541 Hz) than the expected one (15.000000 Hz). (stamps: previous=1773308014.595999s new=1773308014.630059s)
[WARN] [1773308014.632400888] [icp_odometry]: Odometry: Aborting odometry update, higher frame rate detected (28.270362 Hz) than the expected one (15.000000 Hz). (stamps: previous=1773308014.595999s new=1773308014.631371s)
[WARN] [1773308014.633649030] [icp_odometry]: Odometry: Aborting odometry update, higher frame rate detected (27.674215 Hz) than the expected one (15.000000 Hz). (stamps: previous=1773308014.595999s new=1773308014.632133s)
[WARN] [1773308014.636172771] [icp_odometry]: Odometry: Aborting odometry update, higher frame rate detected (25.428500 Hz) than the expected one (15.000000 Hz). (stamps: previous=1773308014.595999s new=1773308014.635325s)
[WARN] [1773308014.636944448] [icp_odometry]: Odometry: Aborting odometry update, higher frame rate detected (25.007178 Hz) than the expected one (15.000000 Hz). (stamps: previous=1773308014.595999s new=1773308014.635987s)
[WARN] [1773308014.637512340] [icp_odometry]: Odometry: Aborting odometry update, higher frame rate detected (24.874592 Hz) than the expected one (15.000000 Hz). (stamps: previous=1773308014.595999s new=1773308014.636200s)
[WARN] [1773308014.639082638] [icp_odometry]: Odometry: Aborting odometry update, higher frame rate detected (24.136962 Hz) than the expected one (15.000000 Hz). (stamps: previous=1773308014.595999s new=1773308014.637429s)
[WARN] [1773308014.640599174] [icp_odometry]: Odometry: Aborting odometry update, higher frame rate detected (23.953627 Hz) than the expected one (15.000000 Hz). (stamps: previous=1773308014.595999s new=1773308014.637746s)
[WARN] [1773308014.641033558] [icp_odometry]: Odometry: Aborting odometry update, higher frame rate detected (22.753334 Hz) than the expected one (15.000000 Hz). (stamps: previous=1773308014.595999s new=1773308014.639948s)
[WARN] [1773308014.642698996] [icp_odometry]: Odometry: Aborting odometry update, higher frame rate detected (22.047087 Hz) than the expected one (15.000000 Hz). (stamps: previous=1773308014.595999s new=1773308014.641356s)
[WARN] [1773308014.643432719] [icp_odometry]: Odometry: Aborting odometry update, higher frame rate detected (21.727079 Hz) than the expected one (15.000000 Hz). (stamps: previous=1773308014.595999s new=1773308014.642024s)
[WARN] [1773308014.644752255] [icp_odometry]: Odometry: Aborting odometry update, higher frame rate detected (21.129356 Hz) than the expected one (15.000000 Hz). (stamps: previous=1773308014.595999s new=1773308014.643326s)
[WARN] [1773308014.645681250] [icp_odometry]: Odometry: Aborting odometry update, higher frame rate detected (20.826050 Hz) than the expected one (15.000000 Hz). (stamps: previous=1773308014.595999s new=1773308014.644016s)
[WARN] [1773308014.646339514] [icp_odometry]: Odometry: Aborting odometry update, higher frame rate detected (20.207475 Hz) than the expected one (15.000000 Hz). (stamps: previous=1773308014.595999s new=1773308014.645485s)
[WARN] [1773308014.647289245] [icp_odometry]: Odometry: Aborting odometry update, higher frame rate detected (20.021118 Hz) than the expected one (15.000000 Hz). (stamps: previous=1773308014.595999s new=1773308014.645946s)
[WARN] [1773308014.648824437] [icp_odometry]: Odometry: Aborting odometry update, higher frame rate detected (19.367325 Hz) than the expected one (15.000000 Hz). (stamps: previous=1773308014.595999s new=1773308014.647632s)
[WARN] [1773308014.650134118] [icp_odometry]: Odometry: Aborting odometry update, higher frame rate detected (19.176591 Hz) than the expected one (15.000000 Hz). (stamps: previous=1773308014.595999s new=1773308014.648146s)
[WARN] [1773308014.652229331] [icp_odometry]: Odometry: Aborting odometry update, higher frame rate detected (18.094105 Hz) than the expected one (15.000000 Hz). (stamps: previous=1773308014.595999s new=1773308014.651265s)
[WARN] [1773308014.652668227] [icp_odometry]: Odometry: Aborting odometry update, higher frame rate detected (17.937791 Hz) than the expected one (15.000000 Hz). (stamps: previous=1773308014.595999s new=1773308014.651747s)
[WARN] [1773308014.654736719] [icp_odometry]: Odometry: Aborting odometry update, higher frame rate detected (17.338641 Hz) than the expected one (15.000000 Hz). (stamps: previous=1773308014.595999s new=1773308014.653673s)
[WARN] [1773308014.656389324] [icp_odometry]: Odometry: Aborting odometry update, higher frame rate detected (16.816634 Hz) than the expected one (15.000000 Hz). (stamps: previous=1773308014.595999s new=1773308014.655464s)
[WARN] [1773308014.656813820] [icp_odometry]: Odometry: Aborting odometry update, higher frame rate detected (16.621637 Hz) than the expected one (15.000000 Hz). (stamps: previous=1773308014.595999s new=1773308014.656161s)
[WARN] [1773308014.658169806] [icp_odometry]: Odometry: Aborting odometry update, higher frame rate detected (16.283816 Hz) than the expected one (15.000000 Hz). (stamps: previous=1773308014.595999s new=1773308014.657409s)
[WARN] [1773308014.658627583] [icp_odometry]: Odometry: Aborting odometry update, higher frame rate detected (16.223100 Hz) than the expected one (15.000000 Hz). (stamps: previous=1773308014.595999s new=1773308014.657639s)
[WARN] [1773308014.660751469] [icp_odometry]: Odometry: Aborting odometry update, higher frame rate detected (15.722548 Hz) than the expected one (15.000000 Hz). (stamps: previous=1773308014.595999s new=1773308014.659602s)
[WARN] [1773308014.661116442] [icp_odometry]: Odometry: Aborting odometry update, higher frame rate detected (15.611069 Hz) than the expected one (15.000000 Hz). (stamps: previous=1773308014.595999s new=1773308014.660056s)
[WARN] [1773308014.662663603] [icp_odometry]: Odometry: Aborting odometry update, higher frame rate detected (15.298801 Hz) than the expected one (15.000000 Hz). (stamps: previous=1773308014.595999s new=1773308014.661363s)
[WARN] [1773308014.663167046] [icp_odometry]: Odometry: Aborting odometry update, higher frame rate detected (15.104213 Hz) than the expected one (15.000000 Hz). (stamps: previous=1773308014.595999s new=1773308014.662205s)
[INFO] [1773308014.669404652] [icp_odometry]: Odom: ratio=0.000000, std dev=0.000000m|0.000000rad, update time=0.005061s delay=0.006150s
[WARN] [1773308014.671280369] [icp_odometry]: Odometry: Aborting odometry update, higher frame rate detected (168.907216 Hz) than the expected one (15.000000 Hz). (stamps: previous=1773308014.663249s new=1773308014.669169s)
[WARN] [1773308014.672685925] [icp_odometry]: Odometry: Aborting odometry update, higher frame rate detected (117.398718 Hz) than the expected one (15.000000 Hz). (stamps: previous=1773308014.663249s new=1773308014.671767s)
[WARN] [1773308014.673268410] [icp_odometry]: Odometry: Aborting odometry update, higher frame rate detected (115.794379 Hz) than the expected one (15.000000 Hz). (stamps: previous=1773308014.663249s new=1773308014.671885s)
[INFO] [1773308014.674867157] [icp_odometry]: Odom: ratio=0.000000, std dev=0.000000m|0.000000rad, update time=0.000243s delay=0.001412s
[INFO] [1773308014.675215266] [icp_odometry]: Odom: ratio=0.000000, std dev=0.000000m|0.000000rad, update time=0.000144s delay=0.001150s
[WARN] [1773308014.676458576] [icp_odometry]: Odometry: Aborting odometry update, higher frame rate detected (761.493101 Hz) than the expected one (15.000000 Hz). (stamps: previous=1773308014.674061s new=1773308014.675375s)
[WARN] [1773308014.677112072] [icp_odometry]: Odometry: Aborting odometry update, higher frame rate detected (499.321905 Hz) than the expected one (15.000000 Hz). (stamps: previous=1773308014.674061s new=1773308014.676064s)
[WARN] [1773308014.679952721] [icp_odometry]: Odometry: Aborting odometry update, higher frame rate detected (270.967375 Hz) than the expected one (15.000000 Hz). (stamps: previous=1773308014.674061s new=1773308014.677752s)
[WARN] [1773308014.680803088] [icp_odometry]: Odometry: Aborting odometry update, higher frame rate detected (186.812043 Hz) than the expected one (15.000000 Hz). (stamps: previous=1773308014.674061s new=1773308014.679414s)
[INFO] [1773308014.682071231] [icp_odometry]: Odom: ratio=0.000000, std dev=0.000000m|0.000000rad, update time=0.000801s delay=0.001978s
[WARN] [1773308014.683007201] [icp_odometry]: Odometry: Aborting odometry update, higher frame rate detected (647.969102 Hz) than the expected one (15.000000 Hz). (stamps: previous=1773308014.680088s new=1773308014.681631s)
[WARN] [1773308014.683562358] [icp_odometry]: Odometry: Aborting odometry update, higher frame rate detected (449.984336 Hz) than the expected one (15.000000 Hz). (stamps: previous=1773308014.680088s new=1773308014.682310s)
[WARN] [1773308014.684820740] [icp_odometry]: Odometry: Aborting odometry update, higher frame rate detected (306.220632 Hz) than the expected one (15.000000 Hz). (stamps: previous=1773308014.680088s new=1773308014.683353s)
[WARN] [1773308014.684990506] [icp_odometry]: Odometry: Aborting odometry update, higher frame rate detected (257.730367 Hz) than the expected one (15.000000 Hz). (stamps: previous=1773308014.680088s new=1773308014.683968s)
[INFO] [1773308014.686785836] [icp_odometry]: Odom: ratio=0.000000, std dev=0.000000m|0.000000rad, update time=0.000917s delay=0.002569s
[WARN] [1773308014.690333327] [icp_odometry]: Odometry: Aborting odometry update, higher frame rate detected (267.715836 Hz) than the expected one (15.000000 Hz). (stamps: previous=1773308014.684210s new=1773308014.687945s)
[WARN] [1773308014.690570232] [icp_odometry]: Odometry: Aborting odometry update, higher frame rate detected (267.715836 Hz) than the expected one (15.000000 Hz). (stamps: previous=1773308014.684210s new=1773308014.687945s)
[WARN] [1773308014.692429084] [icp_odometry]: Odometry: Aborting odometry update, higher frame rate detected (186.504691 Hz) than the expected one (15.000000 Hz). (stamps: previous=1773308014.684210s new=1773308014.689572s)
[WARN] [1773308014.692837227] [icp_odometry]: Odometry: Aborting odometry update, higher frame rate detected (132.467044 Hz) than the expected one (15.000000 Hz). (stamps: previous=1773308014.684210s new=1773308014.691759s)
[WARN] [1773308014.694620013] [icp_odometry]: Odometry: Aborting odometry update, higher frame rate detected (108.134062 Hz) than the expected one (15.000000 Hz). (stamps: previous=1773308014.684210s new=1773308014.693458s)
[WARN] [1773308014.695322599] [icp_odometry]: Odometry: Aborting odometry update, higher frame rate detected (104.841874 Hz) than the expected one (15.000000 Hz). (stamps: previous=1773308014.684210s new=1773308014.693748s)
[INFO] [1773308014.696577013] [icp_odometry]: Odom: ratio=0.000000, std dev=0.000000m|0.000000rad, update time=0.000171s delay=0.001170s
[WARN] [1773308014.696934178] [icp_odometry]: Odometry: Aborting odometry update, higher frame rate detected (2918.791928 Hz) than the expected one (15.000000 Hz). (stamps: previous=1773308014.695403s new=1773308014.695746s)
[WARN] [1773308014.699292633] [icp_odometry]: Odometry: Aborting odometry update, higher frame rate detected (385.825039 Hz) than the expected one (15.000000 Hz). (stamps: previous=1773308014.695403s new=1773308014.697995s)
[WARN] [1773308014.700341440] [icp_odometry]: Odometry: Aborting odometry update, higher frame rate detected (249.038356 Hz) than the expected one (15.000000 Hz). (stamps: previous=1773308014.695403s new=1773308014.699419s)
[WARN] [1773308014.700982616] [icp_odometry]: Odometry: Aborting odometry update, higher frame rate detected (208.009522 Hz) than the expected one (15.000000 Hz). (stamps: previous=1773308014.695403s new=1773308014.700211s)
[WARN] [1773308014.702563570] [icp_odometry]: Odometry: Aborting odometry update, higher frame rate detected (165.208130 Hz) than the expected one (15.000000 Hz). (stamps: previous=1773308014.695403s new=1773308014.701456s)
[WARN] [1773308014.703180425] [icp_odometry]: Odometry: Aborting odometry update, higher frame rate detected (147.942013 Hz) than the expected one (15.000000 Hz). (stamps: previous=1773308014.695403s new=1773308014.702163s)
[WARN] [1773308014.704461240] [icp_odometry]: Odometry: Aborting odometry update, higher frame rate detected (131.656224 Hz) than the expected one (15.000000 Hz). (stamps: previous=1773308014.695403s new=1773308014.702999s)
[WARN] [1773308014.705150801] [icp_odometry]: Odometry: Aborting odometry update, higher frame rate detected (115.247129 Hz) than the expected one (15.000000 Hz). (stamps: previous=1773308014.695403s new=1773308014.704080s)
[WARN] [1773308014.706379550] [icp_odometry]: Odometry: Aborting odometry update, higher frame rate detected (100.992126 Hz) than the expected one (15.000000 Hz). (stamps: previous=1773308014.695403s new=1773308014.705305s)
[WARN] [1773308014.706928787] [icp_odometry]: Odometry: Aborting odometry update, higher frame rate detected (93.422666 Hz) than the expected one (15.000000 Hz). (stamps: previous=1773308014.695403s new=1773308014.706107s)
[WARN] [1773308014.708568495] [icp_odometry]: Odometry: Aborting odometry update, higher frame rate detected (83.852539 Hz) than the expected one (15.000000 Hz). (stamps: previous=1773308014.695403s new=1773308014.707329s)
[WARN] [1773308014.710835811] [icp_odometry]: Odometry: Aborting odometry update, higher frame rate detected (71.294114 Hz) than the expected one (15.000000 Hz). (stamps: previous=1773308014.695403s new=1773308014.709430s)
[WARN] [1773308014.711973165] [icp_odometry]: Odometry: Aborting odometry update, higher frame rate detected (68.600514 Hz) than the expected one (15.000000 Hz). (stamps: previous=1773308014.695403s new=1773308014.709980s)
[WARN] [1773308014.712552418] [icp_odometry]: Odometry: Aborting odometry update, higher frame rate detected (62.435678 Hz) than the expected one (15.000000 Hz). (stamps: previous=1773308014.695403s new=1773308014.711420s)
[WARN] [1773308014.713143608] [icp_odometry]: Odometry: Aborting odometry update, higher frame rate detected (59.279259 Hz) than the expected one (15.000000 Hz). (stamps: previous=1773308014.695403s new=1773308014.712272s)
[WARN] [1773308014.714605230] [icp_odometry]: Odometry: Aborting odometry update, higher frame rate detected (56.559023 Hz) than the expected one (15.000000 Hz). (stamps: previous=1773308014.695403s new=1773308014.713084s)
[WARN] [1773308014.715632211] [icp_odometry]: Odometry: Aborting odometry update, higher frame rate detected (52.852279 Hz) than the expected one (15.000000 Hz). (stamps: previous=1773308014.695403s new=1773308014.714324s)
[WARN] [1773308014.716632184] [icp_odometry]: Odometry: Aborting odometry update, higher frame rate detected (50.166900 Hz) than the expected one (15.000000 Hz). (stamps: previous=1773308014.695403s new=1773308014.715337s)
[WARN] [1773308014.717161484] [icp_odometry]: Odometry: Aborting odometry update, higher frame rate detected (47.856145 Hz) than the expected one (15.000000 Hz). (stamps: previous=1773308014.695403s new=1773308014.716299s)
[WARN] [1773308014.718677156] [icp_odometry]: Odometry: Aborting odometry update, higher frame rate detected (45.395357 Hz) than the expected one (15.000000 Hz). (stamps: previous=1773308014.695403s new=1773308014.717432s)
[WARN] [1773308014.719452448] [icp_odometry]: Odometry: Aborting odometry update, higher frame rate detected (44.353192 Hz) than the expected one (15.000000 Hz). (stamps: previous=1773308014.695403s new=1773308014.717949s)
[WARN] [1773308014.720961816] [icp_odometry]: Odometry: Aborting odometry update, higher frame rate detected (41.694541 Hz) than the expected one (15.000000 Hz). (stamps: previous=1773308014.695403s new=1773308014.719387s)
[WARN] [1773308014.721210753] [icp_odometry]: Odometry: Aborting odometry update, higher frame rate detected (40.710331 Hz) than the expected one (15.000000 Hz). (stamps: previous=1773308014.695403s new=1773308014.719967s)
[WARN] [1773308014.722355819] [icp_odometry]: Odometry: Aborting odometry update, higher frame rate detected (38.656111 Hz) than the expected one (15.000000 Hz). (stamps: previous=1773308014.695403s new=1773308014.721272s)
[WARN] [1773308014.723269005] [icp_odometry]: Odometry: Aborting odometry update, higher frame rate detected (38.344767 Hz) than the expected one (15.000000 Hz). (stamps: previous=1773308014.695403s new=1773308014.721482s)
[WARN] [1773308014.724593374] [icp_odometry]: Odometry: Aborting odometry update, higher frame rate detected (36.105813 Hz) than the expected one (15.000000 Hz). (stamps: previous=1773308014.695403s new=1773308014.723099s)
[WARN] [1773308014.725045870] [icp_odometry]: Odometry: Aborting odometry update, higher frame rate detected (35.244771 Hz) than the expected one (15.000000 Hz). (stamps: previous=1773308014.695403s new=1773308014.723776s)
[WARN] [1773308014.726749389] [icp_odometry]: Odometry: Aborting odometry update, higher frame rate detected (32.811578 Hz) than the expected one (15.000000 Hz). (stamps: previous=1773308014.695403s new=1773308014.725880s)
[WARN] [1773308014.728743511] [icp_odometry]: Odometry: Aborting odometry update, higher frame rate detected (30.905691 Hz) than the expected one (15.000000 Hz). (stamps: previous=1773308014.695403s new=1773308014.727760s)
[WARN] [1773308014.729560597] [icp_odometry]: Odometry: Aborting odometry update, higher frame rate detected (30.369520 Hz) than the expected one (15.000000 Hz). (stamps: previous=1773308014.695403s new=1773308014.728331s)
[WARN] [1773308014.730866789] [icp_odometry]: Odometry: Aborting odometry update, higher frame rate detected (29.540681 Hz) than the expected one (15.000000 Hz). (stamps: previous=1773308014.695403s new=1773308014.729255s)
[WARN] [1773308014.731444346] [icp_odometry]: Odometry: Aborting odometry update, higher frame rate detected (28.660189 Hz) than the expected one (15.000000 Hz). (stamps: previous=1773308014.695403s new=1773308014.730295s)
[WARN] [1773308014.733016852] [icp_odometry]: Odometry: Aborting odometry update, higher frame rate detected (27.966315 Hz) than the expected one (15.000000 Hz). (stamps: previous=1773308014.695403s new=1773308014.731160s)
[WARN] [1773308014.734373862] [icp_odometry]: Odometry: Aborting odometry update, higher frame rate detected (27.145842 Hz) than the expected one (15.000000 Hz). (stamps: previous=1773308014.695403s new=1773308014.732241s)
[WARN] [1773308014.734851992] [icp_odometry]: Odometry: Aborting odometry update, higher frame rate detected (26.393048 Hz) than the expected one (15.000000 Hz). (stamps: previous=1773308014.695403s new=1773308014.733292s)
[WARN] [1773308014.736086917] [icp_odometry]: Odometry: Aborting odometry update, higher frame rate detected (25.835745 Hz) than the expected one (15.000000 Hz). (stamps: previous=1773308014.695403s new=1773308014.734109s)
[WARN] [1773308014.736907971] [icp_odometry]: Odometry: Aborting odometry update, higher frame rate detected (24.881675 Hz) than the expected one (15.000000 Hz). (stamps: previous=1773308014.695403s new=1773308014.735593s)
[WARN] [1773308014.738205683] [icp_odometry]: Odometry: Aborting odometry update, higher frame rate detected (24.571489 Hz) than the expected one (15.000000 Hz). (stamps: previous=1773308014.695403s new=1773308014.736101s)
[WARN] [1773308014.738908429] [icp_odometry]: Odometry: Aborting odometry update, higher frame rate detected (23.500793 Hz) than the expected one (15.000000 Hz). (stamps: previous=1773308014.695403s new=1773308014.737955s)
[WARN] [1773308014.740378147] [icp_odometry]: Odometry: Aborting odometry update, higher frame rate detected (22.751112 Hz) than the expected one (15.000000 Hz). (stamps: previous=1773308014.695403s new=1773308014.739357s)
[WARN] [1773308014.740913015] [icp_odometry]: Odometry: Aborting odometry update, higher frame rate detected (22.477634 Hz) than the expected one (15.000000 Hz). (stamps: previous=1773308014.695403s new=1773308014.739892s)
[WARN] [1773308014.742806461] [icp_odometry]: Odometry: Aborting odometry update, higher frame rate detected (21.703133 Hz) than the expected one (15.000000 Hz). (stamps: previous=1773308014.695403s new=1773308014.741479s)
[WARN] [1773308014.743952647] [icp_odometry]: Odometry: Aborting odometry update, higher frame rate detected (21.448864 Hz) than the expected one (15.000000 Hz). (stamps: previous=1773308014.695403s new=1773308014.742026s)
[WARN] [1773308014.745229078] [icp_odometry]: Odometry: Aborting odometry update, higher frame rate detected (20.587360 Hz) than the expected one (15.000000 Hz). (stamps: previous=1773308014.695403s new=1773308014.743977s)
[WARN] [1773308014.747013912] [icp_odometry]: Odometry: Aborting odometry update, higher frame rate detected (19.868425 Hz) than the expected one (15.000000 Hz). (stamps: previous=1773308014.695403s new=1773308014.745734s)
[WARN] [1773308014.748637108] [icp_odometry]: Odometry: Aborting odometry update, higher frame rate detected (19.251053 Hz) than the expected one (15.000000 Hz). (stamps: previous=1773308014.695403s new=1773308014.747348s)
[WARN] [1773308014.749993734] [icp_odometry]: Odometry: Aborting odometry update, higher frame rate detected (18.969996 Hz) than the expected one (15.000000 Hz). (stamps: previous=1773308014.695403s new=1773308014.748118s)
[WARN] [1773308014.750350707] [icp_odometry]: Odometry: Aborting odometry update, higher frame rate detected (18.600678 Hz) than the expected one (15.000000 Hz). (stamps: previous=1773308014.695403s new=1773308014.749165s)
[WARN] [1773308014.750991018] [icp_odometry]: Odometry: Aborting odometry update, higher frame rate detected (18.491936 Hz) than the expected one (15.000000 Hz). (stamps: previous=1773308014.695403s new=1773308014.749481s)
[WARN] [1773308014.752515267] [icp_odometry]: Odometry: Aborting odometry update, higher frame rate detected (17.913276 Hz) than the expected one (15.000000 Hz). (stamps: previous=1773308014.695403s new=1773308014.751228s)
[WARN] [1773308014.753836147] [icp_odometry]: Odometry: Aborting odometry update, higher frame rate detected (17.591638 Hz) than the expected one (15.000000 Hz). (stamps: previous=1773308014.695403s new=1773308014.752248s)
[WARN] [1773308014.755201894] [icp_odometry]: Odometry: Aborting odometry update, higher frame rate detected (17.273021 Hz) than the expected one (15.000000 Hz). (stamps: previous=1773308014.695403s new=1773308014.753297s)
[WARN] [1773308014.755725721] [icp_odometry]: Odometry: Aborting odometry update, higher frame rate detected (17.012326 Hz) than the expected one (15.000000 Hz). (stamps: previous=1773308014.695403s new=1773308014.754184s)
[WARN] [1773308014.761956223] [icp_odometry]: Odometry: Aborting odometry update, higher frame rate detected (16.697336 Hz) than the expected one (15.000000 Hz). (stamps: previous=1773308014.695403s new=1773308014.755293s)
[WARN] [1773308014.762687514] [icp_odometry]: Odometry: Aborting odometry update, higher frame rate detected (15.075223 Hz) than the expected one (15.000000 Hz). (stamps: previous=1773308014.695403s new=1773308014.761737s)
[INFO] [1773308014.765981075] [icp_odometry]: Odom: ratio=0.000000, std dev=0.000000m|0.000000rad, update time=0.002884s delay=0.003847s
[WARN] [1773308014.767514251] [icp_odometry]: Odometry: Aborting odometry update, higher frame rate detected (312.937701 Hz) than the expected one (15.000000 Hz). (stamps: previous=1773308014.762127s new=1773308014.765322s)
[WARN] [1773308014.768065216] [icp_odometry]: Odometry: Aborting odometry update, higher frame rate detected (273.726033 Hz) than the expected one (15.000000 Hz). (stamps: previous=1773308014.762127s new=1773308014.765780s)
[WARN] [1773308014.768911967] [icp_odometry]: Odometry: Aborting odometry update, higher frame rate detected (183.069443 Hz) than the expected one (15.000000 Hz). (stamps: previous=1773308014.762127s new=1773308014.767589s)
[WARN] [1773308014.770069610] [icp_odometry]: Odometry: Aborting odometry update, higher frame rate detected (163.539751 Hz) than the expected one (15.000000 Hz). (stamps: previous=1773308014.762127s new=1773308014.768241s)
[WARN] [1773308014.771026477] [icp_odometry]: Odometry: Aborting odometry update, higher frame rate detected (138.252489 Hz) than the expected one (15.000000 Hz). (stamps: previous=1773308014.762127s new=1773308014.769360s)
[WARN] [1773308014.771763688] [icp_odometry]: Odometry: Aborting odometry update, higher frame rate detected (124.135906 Hz) than the expected one (15.000000 Hz). (stamps: previous=1773308014.762127s new=1773308014.770182s)
[WARN] [1773308014.772653481] [icp_odometry]: Odometry: Aborting odometry update, higher frame rate detected (109.426141 Hz) than the expected one (15.000000 Hz). (stamps: previous=1773308014.762127s new=1773308014.771265s)
[INFO] [1773308014.774564015] [icp_odometry]: Odom: ratio=0.000000, std dev=0.000000m|0.000000rad, update time=0.001058s delay=0.002356s
[WARN] [1773308014.776001412] [icp_odometry]: Odometry: Aborting odometry update, higher frame rate detected (494.319859 Hz) than the expected one (15.000000 Hz). (stamps: previous=1773308014.772202s new=1773308014.774225s)
[WARN] [1773308014.776382834] [icp_odometry]: Odometry: Aborting odometry update, higher frame rate detected (331.486920 Hz) than the expected one (15.000000 Hz). (stamps: previous=1773308014.772202s new=1773308014.775218s)
[WARN] [1773308014.776885445] [icp_odometry]: Odometry: Aborting odometry update, higher frame rate detected (298.973840 Hz) than the expected one (15.000000 Hz). (stamps: previous=1773308014.772202s new=1773308014.775547s)
[WARN] [1773308014.777140622] [icp_odometry]: Odometry: Aborting odometry update, higher frame rate detected (262.160385 Hz) than the expected one (15.000000 Hz). (stamps: previous=1773308014.772202s new=1773308014.776016s)
[WARN] [1773308014.779025460] [icp_odometry]: Odometry: Aborting odometry update, higher frame rate detected (179.128934 Hz) than the expected one (15.000000 Hz). (stamps: previous=1773308014.772202s new=1773308014.777784s)
[INFO] [1773308014.780671696] [icp_odometry]: Odom: ratio=0.000000, std dev=0.000000m|0.000000rad, update time=0.000716s delay=0.001575s
[INFO] [1773308014.780855127] [icp_odometry]: Odom: ratio=0.000000, std dev=0.000000m|0.000000rad, update time=0.000083s delay=0.001760s
[WARN] [1773308014.782031138] [icp_odometry]: Odometry: Aborting odometry update, higher frame rate detected (908.251191 Hz) than the expected one (15.000000 Hz). (stamps: previous=1773308014.779093s new=1773308014.780194s)
[WARN] [1773308014.782933924] [icp_odometry]: Odometry: Aborting odometry update, higher frame rate detected (503.880827 Hz) than the expected one (15.000000 Hz). (stamps: previous=1773308014.779093s new=1773308014.781077s)
[WARN] [1773308014.783800292] [icp_odometry]: Odometry: Aborting odometry update, higher frame rate detected (397.112668 Hz) than the expected one (15.000000 Hz). (stamps: previous=1773308014.779093s new=1773308014.781611s)
[INFO] [1773308014.784975407] [icp_odometry]: Odom: ratio=0.000000, std dev=0.000000m|0.000000rad, update time=0.000208s delay=0.001514s
[WARN] [1773308014.786936919] [icp_odometry]: Odometry: Aborting odometry update, higher frame rate detected (387.894571 Hz) than the expected one (15.000000 Hz). (stamps: previous=1773308014.783456s new=1773308014.786034s)
[WARN] [1773308014.788465647] [icp_odometry]: Odometry: Aborting odometry update, higher frame rate detected (240.017396 Hz) than the expected one (15.000000 Hz). (stamps: previous=1773308014.783456s new=1773308014.787623s)
[WARN] [1773308014.788866558] [icp_odometry]: Odometry: Aborting odometry update, higher frame rate detected (225.064606 Hz) than the expected one (15.000000 Hz). (stamps: previous=1773308014.783456s new=1773308014.787899s)
[WARN] [1773308014.790420312] [icp_odometry]: Odometry: Aborting odometry update, higher frame rate detected (179.489216 Hz) than the expected one (15.000000 Hz). (stamps: previous=1773308014.783456s new=1773308014.789028s)
[WARN] [1773308014.791090224] [icp_odometry]: Odometry: Aborting odometry update, higher frame rate detected (153.575629 Hz) than the expected one (15.000000 Hz). (stamps: previous=1773308014.783456s new=1773308014.789968s)
[WARN] [1773308014.791186932] [icp_odometry]: Odometry: Aborting odometry update, higher frame rate detected (153.575629 Hz) than the expected one (15.000000 Hz). (stamps: previous=1773308014.783456s new=1773308014.789968s)
[WARN] [1773308014.792596200] [icp_odometry]: Odometry: Aborting odometry update, higher frame rate detected (124.945754 Hz) than the expected one (15.000000 Hz). (stamps: previous=1773308014.783456s new=1773308014.791460s)
[WARN] [1773308014.793088090] [icp_odometry]: Odometry: Aborting odometry update, higher frame rate detected (120.936048 Hz) than the expected one (15.000000 Hz). (stamps: previous=1773308014.783456s new=1773308014.791725s)
[WARN] [1773308014.794528399] [icp_odometry]: Odometry: Aborting odometry update, higher frame rate detected (105.178394 Hz) than the expected one (15.000000 Hz). (stamps: previous=1773308014.783456s new=1773308014.792964s)
[WARN] [1773308014.794900509] [icp_odometry]: Odometry: Aborting odometry update, higher frame rate detected (98.524911 Hz) than the expected one (15.000000 Hz). (stamps: previous=1773308014.783456s new=1773308014.793606s)
[WARN] [1773308014.796556794] [icp_odometry]: Odometry: Aborting odometry update, higher frame rate detected (82.605692 Hz) than the expected one (15.000000 Hz). (stamps: previous=1773308014.783456s new=1773308014.795562s)
[WARN] [1773308014.797309365] [icp_odometry]: Odometry: Aborting odometry update, higher frame rate detected (80.005799 Hz) than the expected one (15.000000 Hz). (stamps: previous=1773308014.783456s new=1773308014.795955s)
[WARN] [1773308014.798814061] [icp_odometry]: Odometry: Aborting odometry update, higher frame rate detected (71.424017 Hz) than the expected one (15.000000 Hz). (stamps: previous=1773308014.783456s new=1773308014.797457s)
[WARN] [1773308014.799168346] [icp_odometry]: Odometry: Aborting odometry update, higher frame rate detected (68.326719 Hz) than the expected one (15.000000 Hz). (stamps: previous=1773308014.783456s new=1773308014.798092s)
[WARN] [1773308014.800751124] [icp_odometry]: Odometry: Aborting odometry update, higher frame rate detected (61.040021 Hz) than the expected one (15.000000 Hz). (stamps: previous=1773308014.783456s new=1773308014.799839s)
[WARN] [1773308014.802346031] [icp_odometry]: Odometry: Aborting odometry update, higher frame rate detected (55.933749 Hz) than the expected one (15.000000 Hz). (stamps: previous=1773308014.783456s new=1773308014.801335s)
[WARN] [1773308014.802711708] [icp_odometry]: Odometry: Aborting odometry update, higher frame rate detected (54.730919 Hz) than the expected one (15.000000 Hz). (stamps: previous=1773308014.783456s new=1773308014.801728s)
[WARN] [1773308014.805006673] [icp_odometry]: Odometry: Aborting odometry update, higher frame rate detected (49.844962 Hz) than the expected one (15.000000 Hz). (stamps: previous=1773308014.783456s new=1773308014.803519s)
[WARN] [1773308014.805151990] [icp_odometry]: Odometry: Aborting odometry update, higher frame rate detected (48.291988 Hz) than the expected one (15.000000 Hz). (stamps: previous=1773308014.783456s new=1773308014.804164s)
[WARN] [1773308014.806666190] [icp_odometry]: Odometry: Aborting odometry update, higher frame rate detected (45.237702 Hz) than the expected one (15.000000 Hz). (stamps: previous=1773308014.783456s new=1773308014.805562s)
[WARN] [1773308014.807121823] [icp_odometry]: Odometry: Aborting odometry update, higher frame rate detected (44.742106 Hz) than the expected one (15.000000 Hz). (stamps: previous=1773308014.783456s new=1773308014.805807s)
[WARN] [1773308014.809055078] [icp_odometry]: Odometry: Aborting odometry update, higher frame rate detected (40.820080 Hz) than the expected one (15.000000 Hz). (stamps: previous=1773308014.783456s new=1773308014.807954s)
[WARN] [1773308014.810360854] [icp_odometry]: Odometry: Aborting odometry update, higher frame rate detected (40.457833 Hz) than the expected one (15.000000 Hz). (stamps: previous=1773308014.783456s new=1773308014.808173s)
[WARN] [1773308014.811208310] [icp_odometry]: Odometry: Aborting odometry update, higher frame rate detected (38.215152 Hz) than the expected one (15.000000 Hz). (stamps: previous=1773308014.783456s new=1773308014.809624s)
[WARN] [1773308014.812039028] [icp_odometry]: Odometry: Aborting odometry update, higher frame rate detected (37.508420 Hz) than the expected one (15.000000 Hz). (stamps: previous=1773308014.783456s new=1773308014.810117s)
[WARN] [1773308014.812599625] [icp_odometry]: Odometry: Aborting odometry update, higher frame rate detected (36.053982 Hz) than the expected one (15.000000 Hz). (stamps: previous=1773308014.783456s new=1773308014.811193s)
[WARN] [1773308014.813555724] [icp_odometry]: Odometry: Aborting odometry update, higher frame rate detected (35.038085 Hz) than the expected one (15.000000 Hz). (stamps: previous=1773308014.783456s new=1773308014.811997s)
[WARN] [1773308014.814961696] [icp_odometry]: Odometry: Aborting odometry update, higher frame rate detected (33.208532 Hz) than the expected one (15.000000 Hz). (stamps: previous=1773308014.783456s new=1773308014.813569s)
[WARN] [1773308014.816062217] [icp_odometry]: Odometry: Aborting odometry update, higher frame rate detected (32.691380 Hz) than the expected one (15.000000 Hz). (stamps: previous=1773308014.783456s new=1773308014.814045s)
[WARN] [1773308014.816769923] [icp_odometry]: Odometry: Aborting odometry update, higher frame rate detected (31.143895 Hz) than the expected one (15.000000 Hz). (stamps: previous=1773308014.783456s new=1773308014.815565s)
[WARN] [1773308014.817467228] [icp_odometry]: Odometry: Aborting odometry update, higher frame rate detected (30.709279 Hz) than the expected one (15.000000 Hz). (stamps: previous=1773308014.783456s new=1773308014.816020s)
[WARN] [1773308014.818670697] [icp_odometry]: Odometry: Aborting odometry update, higher frame rate detected (29.380106 Hz) than the expected one (15.000000 Hz). (stamps: previous=1773308014.783456s new=1773308014.817493s)
[WARN] [1773308014.819141114] [icp_odometry]: Odometry: Aborting odometry update, higher frame rate detected (28.907893 Hz) than the expected one (15.000000 Hz). (stamps: previous=1773308014.783456s new=1773308014.818049s)
[WARN] [1773308014.820731765] [icp_odometry]: Odometry: Aborting odometry update, higher frame rate detected (28.582067 Hz) than the expected one (15.000000 Hz). (stamps: previous=1773308014.783456s new=1773308014.818443s)
[WARN] [1773308014.821393517] [icp_odometry]: Odometry: Aborting odometry update, higher frame rate detected (27.357071 Hz) than the expected one (15.000000 Hz). (stamps: previous=1773308014.783456s new=1773308014.820010s)
[WARN] [1773308014.822594041] [icp_odometry]: Odometry: Aborting odometry update, higher frame rate detected (26.338851 Hz) than the expected one (15.000000 Hz). (stamps: previous=1773308014.783456s new=1773308014.821423s)
[WARN] [1773308014.823286643] [icp_odometry]: Odometry: Aborting odometry update, higher frame rate detected (25.923410 Hz) than the expected one (15.000000 Hz). (stamps: previous=1773308014.783456s new=1773308014.822031s)
[WARN] [1773308014.824777290] [icp_odometry]: Odometry: Aborting odometry update, higher frame rate detected (25.724351 Hz) than the expected one (15.000000 Hz). (stamps: previous=1773308014.783456s new=1773308014.822330s)
[WARN] [1773308014.825271132] [icp_odometry]: Odometry: Aborting odometry update, higher frame rate detected (24.632096 Hz) than the expected one (15.000000 Hz). (stamps: previous=1773308014.783456s new=1773308014.824054s)
[WARN] [1773308014.830622113] [icp_odometry]: Odometry: Aborting odometry update, higher frame rate detected (23.719146 Hz) than the expected one (15.000000 Hz). (stamps: previous=1773308014.783456s new=1773308014.825616s)
[WARN] [1773308014.831256088] [icp_odometry]: Odometry: Aborting odometry update, higher frame rate detected (21.427716 Hz) than the expected one (15.000000 Hz). (stamps: previous=1773308014.783456s new=1773308014.830125s)
[WARN] [1773308014.832963895] [icp_odometry]: Odometry: Aborting odometry update, higher frame rate detected (20.948895 Hz) than the expected one (15.000000 Hz). (stamps: previous=1773308014.783456s new=1773308014.831192s)
[WARN] [1773308014.833983325] [icp_odometry]: Odometry: Aborting odometry update, higher frame rate detected (20.363566 Hz) than the expected one (15.000000 Hz). (stamps: previous=1773308014.783456s new=1773308014.832564s)
[INFO] [1773308014.835368944] [icp_odometry]: Odom: ratio=0.000000, std dev=0.000000m|0.000000rad, update time=0.000384s delay=0.002137s
[WARN] [1773308014.836677184] [icp_odometry]: Odometry: Aborting odometry update, higher frame rate detected (884.687619 Hz) than the expected one (15.000000 Hz). (stamps: previous=1773308014.833227s new=1773308014.834357s)
[WARN] [1773308014.836965067] [icp_odometry]: Odometry: Aborting odometry update, higher frame rate detected (450.903462 Hz) than the expected one (15.000000 Hz). (stamps: previous=1773308014.833227s new=1773308014.835444s)
[WARN] [1773308014.837774217] [icp_odometry]: Odometry: Aborting odometry update, higher frame rate detected (318.304925 Hz) than the expected one (15.000000 Hz). (stamps: previous=1773308014.833227s new=1773308014.836368s)
[WARN] [1773308014.839037399] [icp_odometry]: Odometry: Aborting odometry update, higher frame rate detected (209.558031 Hz) than the expected one (15.000000 Hz). (stamps: previous=1773308014.833227s new=1773308014.837999s)
[WARN] [1773308014.839516841] [icp_odometry]: Odometry: Aborting odometry update, higher frame rate detected (190.919204 Hz) than the expected one (15.000000 Hz). (stamps: previous=1773308014.833227s new=1773308014.838464s)
[WARN] [1773308014.840263652] [icp_odometry]: Odometry: Aborting odometry update, higher frame rate detected (165.091081 Hz) than the expected one (15.000000 Hz). (stamps: previous=1773308014.833227s new=1773308014.839284s)
[WARN] [1773308014.841198503] [icp_odometry]: Odometry: Aborting odometry update, higher frame rate detected (144.875963 Hz) than the expected one (15.000000 Hz). (stamps: previous=1773308014.833227s new=1773308014.840129s)
[WARN] [1773308014.842847876] [icp_odometry]: Odometry: Aborting odometry update, higher frame rate detected (126.731448 Hz) than the expected one (15.000000 Hz). (stamps: previous=1773308014.833227s new=1773308014.841117s)
[WARN] [1773308014.843061932] [icp_odometry]: Odometry: Aborting odometry update, higher frame rate detected (123.075912 Hz) than the expected one (15.000000 Hz). (stamps: previous=1773308014.833227s new=1773308014.841352s)
[WARN] [1773308014.844587012] [icp_odometry]: Odometry: Aborting odometry update, higher frame rate detected (111.833196 Hz) than the expected one (15.000000 Hz). (stamps: previous=1773308014.833227s new=1773308014.842169s)
[WARN] [1773308014.845825905] [icp_odometry]: Odometry: Aborting odometry update, higher frame rate detected (91.245981 Hz) than the expected one (15.000000 Hz). (stamps: previous=1773308014.833227s new=1773308014.844186s)
[WARN] [1773308014.846540428] [icp_odometry]: Odometry: Aborting odometry update, higher frame rate detected (81.539377 Hz) than the expected one (15.000000 Hz). (stamps: previous=1773308014.833227s new=1773308014.845491s)
[WARN] [1773308014.847709527] [icp_odometry]: Odometry: Aborting odometry update, higher frame rate detected (77.643539 Hz) than the expected one (15.000000 Hz). (stamps: previous=1773308014.833227s new=1773308014.846106s)
[WARN] [1773308014.848769566] [icp_odometry]: Odometry: Aborting odometry update, higher frame rate detected (71.917560 Hz) than the expected one (15.000000 Hz). (stamps: previous=1773308014.833227s new=1773308014.847131s)
[WARN] [1773308014.849348275] [icp_odometry]: Odometry: Aborting odometry update, higher frame rate detected (67.808649 Hz) than the expected one (15.000000 Hz). (stamps: previous=1773308014.833227s new=1773308014.847974s)
[WARN] [1773308014.850502430] [icp_odometry]: Odometry: Aborting odometry update, higher frame rate detected (61.200339 Hz) than the expected one (15.000000 Hz). (stamps: previous=1773308014.833227s new=1773308014.849566s)
[WARN] [1773308014.851034577] [icp_odometry]: Odometry: Aborting odometry update, higher frame rate detected (59.941749 Hz) than the expected one (15.000000 Hz). (stamps: previous=1773308014.833227s new=1773308014.849910s)
[WARN] [1773308014.852389539] [icp_odometry]: Odometry: Aborting odometry update, higher frame rate detected (55.766420 Hz) than the expected one (15.000000 Hz). (stamps: previous=1773308014.833227s new=1773308014.851159s)
[WARN] [1773308014.852785938] [icp_odometry]: Odometry: Aborting odometry update, higher frame rate detected (53.742812 Hz) than the expected one (15.000000 Hz). (stamps: previous=1773308014.833227s new=1773308014.851834s)
[WARN] [1773308014.854972610] [icp_odometry]: Odometry: Aborting odometry update, higher frame rate detected (49.954789 Hz) than the expected one (15.000000 Hz). (stamps: previous=1773308014.833227s new=1773308014.853245s)
[WARN] [1773308014.856276979] [icp_odometry]: Odometry: Aborting odometry update, higher frame rate detected (48.000183 Hz) than the expected one (15.000000 Hz). (stamps: previous=1773308014.833227s new=1773308014.854060s)
[WARN] [1773308014.856707170] [icp_odometry]: Odometry: Aborting odometry update, higher frame rate detected (44.377125 Hz) than the expected one (15.000000 Hz). (stamps: previous=1773308014.833227s new=1773308014.855761s)
[WARN] [1773308014.858445154] [icp_odometry]: Odometry: Aborting odometry update, higher frame rate detected (41.473149 Hz) than the expected one (15.000000 Hz). (stamps: previous=1773308014.833227s new=1773308014.857339s)
[WARN] [1773308014.859366084] [icp_odometry]: Odometry: Aborting odometry update, higher frame rate detected (40.108095 Hz) than the expected one (15.000000 Hz). (stamps: previous=1773308014.833227s new=1773308014.858159s)
[WARN] [1773308014.860677557] [icp_odometry]: Odometry: Aborting odometry update, higher frame rate detected (38.285615 Hz) than the expected one (15.000000 Hz). (stamps: previous=1773308014.833227s new=1773308014.859346s)
[WARN] [1773308014.861826527] [icp_odometry]: Odometry: Aborting odometry update, higher frame rate detected (37.038740 Hz) than the expected one (15.000000 Hz). (stamps: previous=1773308014.833227s new=1773308014.860225s)
[WARN] [1773308014.862873446] [icp_odometry]: Odometry: Aborting odometry update, higher frame rate detected (35.789104 Hz) than the expected one (15.000000 Hz). (stamps: previous=1773308014.833227s new=1773308014.861168s)
[WARN] [1773308014.863239891] [icp_odometry]: Odometry: Aborting odometry update, higher frame rate detected (34.780370 Hz) than the expected one (15.000000 Hz). (stamps: previous=1773308014.833227s new=1773308014.861979s)
[WARN] [1773308014.864799373] [icp_odometry]: Odometry: Aborting odometry update, higher frame rate detected (32.984461 Hz) than the expected one (15.000000 Hz). (stamps: previous=1773308014.833227s new=1773308014.863544s)
[WARN] [1773308014.865156954] [icp_odometry]: Odometry: Aborting odometry update, higher frame rate detected (32.403711 Hz) than the expected one (15.000000 Hz). (stamps: previous=1773308014.833227s new=1773308014.864087s)
[WARN] [1773308014.866611759] [icp_odometry]: Odometry: Aborting odometry update, higher frame rate detected (30.945823 Hz) than the expected one (15.000000 Hz). (stamps: previous=1773308014.833227s new=1773308014.865541s)
[INFO] [1773308014.867363211] [icp_odometry]: Odom: ratio=0.000000, std dev=0.000000m|0.000000rad, update time=0.000324s delay=0.001233s
[WARN] [1773308014.869086091] [icp_odometry]: Odometry: Aborting odometry update, higher frame rate detected (630.627575 Hz) than the expected one (15.000000 Hz). (stamps: previous=1773308014.866126s new=1773308014.867712s)
[WARN] [1773308014.869823558] [icp_odometry]: Odometry: Aborting odometry update, higher frame rate detected (514.196886 Hz) than the expected one (15.000000 Hz). (stamps: previous=1773308014.866126s new=1773308014.868071s)
[WARN] [1773308014.870676197] [icp_odometry]: Odometry: Aborting odometry update, higher frame rate detected (313.475635 Hz) than the expected one (15.000000 Hz). (stamps: previous=1773308014.866126s new=1773308014.869316s)
[WARN] [1773308014.871226905] [icp_odometry]: Odometry: Aborting odometry update, higher frame rate detected (246.607714 Hz) than the expected one (15.000000 Hz). (stamps: previous=1773308014.866126s new=1773308014.870181s)
[INFO] [1773308014.872950905] [icp_odometry]: Odom: ratio=0.000000, std dev=0.000000m|0.000000rad, update time=0.000427s delay=0.001436s
[WARN] [1773308014.873309894] [icp_odometry]: Odometry: Aborting odometry update, higher frame rate detected (2262.299892 Hz) than the expected one (15.000000 Hz). (stamps: previous=1773308014.871510s new=1773308014.871952s)
[WARN] [1773308014.874766876] [icp_odometry]: Odometry: Aborting odometry update, higher frame rate detected (487.539695 Hz) than the expected one (15.000000 Hz). (stamps: previous=1773308014.871510s new=1773308014.873561s)
[WARN] [1773308014.875714175] [icp_odometry]: Odometry: Aborting odometry update, higher frame rate detected (406.070675 Hz) than the expected one (15.000000 Hz). (stamps: previous=1773308014.871510s new=1773308014.873973s)
[WARN] [1773308014.876694083] [icp_odometry]: Odometry: Aborting odometry update, higher frame rate detected (240.678487 Hz) than the expected one (15.000000 Hz). (stamps: previous=1773308014.871510s new=1773308014.875665s)
[WARN] [1773308014.879181279] [icp_odometry]: Odometry: Aborting odometry update, higher frame rate detected (148.476194 Hz) than the expected one (15.000000 Hz). (stamps: previous=1773308014.871510s new=1773308014.878245s)
[WARN] [1773308014.879288707] [icp_odometry]: Odometry: Aborting odometry update, higher frame rate detected (148.476194 Hz) than the expected one (15.000000 Hz). (stamps: previous=1773308014.871510s new=1773308014.878245s)
[INFO] [1773308014.880399403] [icp_odometry]: Odom: ratio=0.000000, std dev=0.000000m|0.000000rad, update time=0.000560s delay=0.001849s
[WARN] [1773308014.882380917] [icp_odometry]: Odometry: Aborting odometry update, higher frame rate detected (638.694076 Hz) than the expected one (15.000000 Hz). (stamps: previous=1773308014.878517s new=1773308014.880083s)
[WARN] [1773308014.883199571] [icp_odometry]: Odometry: Aborting odometry update, higher frame rate detected (343.823592 Hz) than the expected one (15.000000 Hz). (stamps: previous=1773308014.878517s new=1773308014.881426s)
[WARN] [1773308014.883788552] [icp_odometry]: Odometry: Aborting odometry update, higher frame rate detected (278.395327 Hz) than the expected one (15.000000 Hz). (stamps: previous=1773308014.878517s new=1773308014.882109s)
[INFO] [1773308014.885340962] [icp_odometry]: Odom: ratio=0.000000, std dev=0.000000m|0.000000rad, update time=0.000275s delay=0.002105s
[WARN] [1773308014.886335046] [icp_odometry]: Odometry: Aborting odometry update, higher frame rate detected (476.463024 Hz) than the expected one (15.000000 Hz). (stamps: previous=1773308014.883231s new=1773308014.885330s)
[WARN] [1773308014.887203430] [icp_odometry]: Odometry: Aborting odometry update, higher frame rate detected (335.383336 Hz) than the expected one (15.000000 Hz). (stamps: previous=1773308014.883231s new=1773308014.886213s)
[WARN] [1773308014.888810657] [icp_odometry]: Odometry: Aborting odometry update, higher frame rate detected (221.370349 Hz) than the expected one (15.000000 Hz). (stamps: previous=1773308014.883231s new=1773308014.887748s)
[INFO] [1773308014.890436957] [icp_odometry]: Odom: ratio=0.000000, std dev=0.000000m|0.000000rad, update time=0.000141s delay=0.001175s
[INFO] [1773308014.891303549] [icp_odometry]: Odom: ratio=0.000000, std dev=0.000000m|0.000000rad, update time=0.000284s delay=0.001565s
[WARN] [1773308014.892808437] [icp_odometry]: Odometry: Aborting odometry update, higher frame rate detected (555.242785 Hz) than the expected one (15.000000 Hz). (stamps: previous=1773308014.889735s new=1773308014.891536s)
[WARN] [1773308014.893787545] [icp_odometry]: Odometry: Aborting odometry update, higher frame rate detected (400.946755 Hz) than the expected one (15.000000 Hz). (stamps: previous=1773308014.889735s new=1773308014.892229s)
[WARN] [1773308014.894906146] [icp_odometry]: Odometry: Aborting odometry update, higher frame rate detected (278.284501 Hz) than the expected one (15.000000 Hz). (stamps: previous=1773308014.889735s new=1773308014.893328s)
[WARN] [1773308014.895091721] [icp_odometry]: Odometry: Aborting odometry update, higher frame rate detected (260.160278 Hz) than the expected one (15.000000 Hz). (stamps: previous=1773308014.889735s new=1773308014.893579s)
[WARN] [1773308014.896061165] [icp_odometry]: Odometry: Aborting odometry update, higher frame rate detected (235.238587 Hz) than the expected one (15.000000 Hz). (stamps: previous=1773308014.889735s new=1773308014.893986s)
[WARN] [1773308014.896914380] [icp_odometry]: Odometry: Aborting odometry update, higher frame rate detected (178.412693 Hz) than the expected one (15.000000 Hz). (stamps: previous=1773308014.889735s new=1773308014.895340s)
[WARN] [1773308014.897599557] [icp_odometry]: Odometry: Aborting odometry update, higher frame rate detected (160.535232 Hz) than the expected one (15.000000 Hz). (stamps: previous=1773308014.889735s new=1773308014.895964s)
[WARN] [1773308014.898868404] [icp_odometry]: Odometry: Aborting odometry update, higher frame rate detected (130.096278 Hz) than the expected one (15.000000 Hz). (stamps: previous=1773308014.889735s new=1773308014.897421s)
[WARN] [1773308014.899968573] [icp_odometry]: Odometry: Aborting odometry update, higher frame rate detected (121.584602 Hz) than the expected one (15.000000 Hz). (stamps: previous=1773308014.889735s new=1773308014.897959s)
[WARN] [1773308014.900715480] [icp_odometry]: Odometry: Aborting odometry update, higher frame rate detected (104.219257 Hz) than the expected one (15.000000 Hz). (stamps: previous=1773308014.889735s new=1773308014.899330s)
[WARN] [1773308014.901224843] [icp_odometry]: Odometry: Aborting odometry update, higher frame rate detected (95.939979 Hz) than the expected one (15.000000 Hz). (stamps: previous=1773308014.889735s new=1773308014.900158s)
[WARN] [1773308014.902064074] [icp_odometry]: Odometry: Aborting odometry update, higher frame rate detected (86.571529 Hz) than the expected one (15.000000 Hz). (stamps: previous=1773308014.889735s new=1773308014.901286s)
[WARN] [1773308014.903144242] [icp_odometry]: Odometry: Aborting odometry update, higher frame rate detected (80.315263 Hz) than the expected one (15.000000 Hz). (stamps: previous=1773308014.889735s new=1773308014.902186s)
[WARN] [1773308014.904744109] [icp_odometry]: Odometry: Aborting odometry update, higher frame rate detected (73.589445 Hz) than the expected one (15.000000 Hz). (stamps: previous=1773308014.889735s new=1773308014.903324s)
[WARN] [1773308014.905130363] [icp_odometry]: Odometry: Aborting odometry update, higher frame rate detected (68.783889 Hz) than the expected one (15.000000 Hz). (stamps: previous=1773308014.889735s new=1773308014.904273s)
[WARN] [1773308014.906490829] [icp_odometry]: Odometry: Aborting odometry update, higher frame rate detected (64.138973 Hz) than the expected one (15.000000 Hz). (stamps: previous=1773308014.889735s new=1773308014.905326s)
[WARN] [1773308014.906777848] [icp_odometry]: Odometry: Aborting odometry update, higher frame rate detected (61.708165 Hz) than the expected one (15.000000 Hz). (stamps: previous=1773308014.889735s new=1773308014.905940s)
[WARN] [1773308014.908482102] [icp_odometry]: Odometry: Aborting odometry update, higher frame rate detected (57.131431 Hz) than the expected one (15.000000 Hz). (stamps: previous=1773308014.889735s new=1773308014.907238s)
[WARN] [1773308014.908992745] [icp_odometry]: Odometry: Aborting odometry update, higher frame rate detected (55.080948 Hz) than the expected one (15.000000 Hz). (stamps: previous=1773308014.889735s new=1773308014.907890s)
[WARN] [1773308014.910543362] [icp_odometry]: Odometry: Aborting odometry update, higher frame rate detected (50.328830 Hz) than the expected one (15.000000 Hz). (stamps: previous=1773308014.889735s new=1773308014.909604s)
[WARN] [1773308014.911090103] [icp_odometry]: Odometry: Aborting odometry update, higher frame rate detected (49.160257 Hz) than the expected one (15.000000 Hz). (stamps: previous=1773308014.889735s new=1773308014.910076s)
[WARN] [1773308014.912707058] [icp_odometry]: Odometry: Aborting odometry update, higher frame rate detected (46.097838 Hz) than the expected one (15.000000 Hz). (stamps: previous=1773308014.889735s new=1773308014.911428s)
[WARN] [1773308014.913293544] [icp_odometry]: Odometry: Aborting odometry update, higher frame rate detected (44.585156 Hz) than the expected one (15.000000 Hz). (stamps: previous=1773308014.889735s new=1773308014.912164s)
[WARN] [1773308014.915069513] [icp_odometry]: Odometry: Aborting odometry update, higher frame rate detected (42.332926 Hz) than the expected one (15.000000 Hz). (stamps: previous=1773308014.889735s new=1773308014.913357s)
[WARN] [1773308014.915779971] [icp_odometry]: Odometry: Aborting odometry update, higher frame rate detected (41.255314 Hz) than the expected one (15.000000 Hz). (stamps: previous=1773308014.889735s new=1773308014.913974s)
[WARN] [1773308014.916658436] [icp_odometry]: Odometry: Aborting odometry update, higher frame rate detected (39.520810 Hz) than the expected one (15.000000 Hz). (stamps: previous=1773308014.889735s new=1773308014.915038s)
[WARN] [1773308014.917528388] [icp_odometry]: Odometry: Aborting odometry update, higher frame rate detected (38.082606 Hz) than the expected one (15.000000 Hz). (stamps: previous=1773308014.889735s new=1773308014.915993s)
[WARN] [1773308014.918740144] [icp_odometry]: Odometry: Aborting odometry update, higher frame rate detected (36.040042 Hz) than the expected one (15.000000 Hz). (stamps: previous=1773308014.889735s new=1773308014.917482s)
[WARN] [1773308014.919110174] [icp_odometry]: Odometry: Aborting odometry update, higher frame rate detected (35.709272 Hz) than the expected one (15.000000 Hz). (stamps: previous=1773308014.889735s new=1773308014.917739s)
[WARN] [1773308014.919946365] [icp_odometry]: Odometry: Aborting odometry update, higher frame rate detected (34.911222 Hz) than the expected one (15.000000 Hz). (stamps: previous=1773308014.889735s new=1773308014.918379s)
[WARN] [1773308014.920874271] [icp_odometry]: Odometry: Aborting odometry update, higher frame rate detected (33.635156 Hz) than the expected one (15.000000 Hz). (stamps: previous=1773308014.889735s new=1773308014.919466s)
[WARN] [1773308014.921810050] [icp_odometry]: Odometry: Aborting odometry update, higher frame rate detected (32.770560 Hz) than the expected one (15.000000 Hz). (stamps: previous=1773308014.889735s new=1773308014.920250s)
[WARN] [1773308014.923248919] [icp_odometry]: Odometry: Aborting odometry update, higher frame rate detected (31.722400 Hz) than the expected one (15.000000 Hz). (stamps: previous=1773308014.889735s new=1773308014.921258s)
[WARN] [1773308014.924212794] [icp_odometry]: Odometry: Aborting odometry update, higher frame rate detected (30.748451 Hz) than the expected one (15.000000 Hz). (stamps: previous=1773308014.889735s new=1773308014.922257s)
[WARN] [1773308014.925599949] [icp_odometry]: Odometry: Aborting odometry update, higher frame rate detected (29.009863 Hz) than the expected one (15.000000 Hz). (stamps: previous=1773308014.889735s new=1773308014.924206s)
[WARN] [1773308014.926393290] [icp_odometry]: Odometry: Aborting odometry update, higher frame rate detected (28.200035 Hz) than the expected one (15.000000 Hz). (stamps: previous=1773308014.889735s new=1773308014.925196s)
[WARN] [1773308014.927239562] [icp_odometry]: Odometry: Aborting odometry update, higher frame rate detected (27.972470 Hz) than the expected one (15.000000 Hz). (stamps: previous=1773308014.889735s new=1773308014.925484s)
[WARN] [1773308014.928107818] [icp_odometry]: Odometry: Aborting odometry update, higher frame rate detected (27.533423 Hz) than the expected one (15.000000 Hz). (stamps: previous=1773308014.889735s new=1773308014.926054s)
[WARN] [1773308014.928593340] [icp_odometry]: Odometry: Aborting odometry update, higher frame rate detected (26.593693 Hz) than the expected one (15.000000 Hz). (stamps: previous=1773308014.889735s new=1773308014.927338s)
[WARN] [1773308014.929155312] [icp_odometry]: Odometry: Aborting odometry update, higher frame rate detected (26.259040 Hz) than the expected one (15.000000 Hz). (stamps: previous=1773308014.889735s new=1773308014.927817s)
[WARN] [1773308014.930834574] [icp_odometry]: Odometry: Aborting odometry update, higher frame rate detected (25.077301 Hz) than the expected one (15.000000 Hz). (stamps: previous=1773308014.889735s new=1773308014.929611s)
[WARN] [1773308014.932597167] [icp_odometry]: Odometry: Aborting odometry update, higher frame rate detected (24.774535 Hz) than the expected one (15.000000 Hz). (stamps: previous=1773308014.889735s new=1773308014.930099s)
[WARN] [1773308014.932789814] [icp_odometry]: Odometry: Aborting odometry update, higher frame rate detected (24.201584 Hz) than the expected one (15.000000 Hz). (stamps: previous=1773308014.889735s new=1773308014.931054s)
[WARN] [1773308014.933412813] [icp_odometry]: Odometry: Aborting odometry update, higher frame rate detected (23.754476 Hz) than the expected one (15.000000 Hz). (stamps: previous=1773308014.889735s new=1773308014.931832s)
[INFO] [1773308014.934789856] [icp_odometry]: Odom: ratio=0.000000, std dev=0.000000m|0.000000rad, update time=0.000217s delay=0.001704s
[WARN] [1773308014.935270322] [icp_odometry]: Odometry: Aborting odometry update, higher frame rate detected (1504.952996 Hz) than the expected one (15.000000 Hz). (stamps: previous=1773308014.933082s new=1773308014.933747s)
[WARN] [1773308014.936188851] [icp_odometry]: Odometry: Aborting odometry update, higher frame rate detected (513.001957 Hz) than the expected one (15.000000 Hz). (stamps: previous=1773308014.933082s new=1773308014.935031s)
[WARN] [1773308014.936664037] [icp_odometry]: Odometry: Aborting odometry update, higher frame rate detected (412.500393 Hz) than the expected one (15.000000 Hz). (stamps: previous=1773308014.933082s new=1773308014.935506s)
[WARN] [1773308014.937062132] [icp_odometry]: Odometry: Aborting odometry update, higher frame rate detected (380.539285 Hz) than the expected one (15.000000 Hz). (stamps: previous=1773308014.933082s new=1773308014.935710s)
[WARN] [1773308014.939136288] [icp_odometry]: Odometry: Aborting odometry update, higher frame rate detected (242.389274 Hz) than the expected one (15.000000 Hz). (stamps: previous=1773308014.933082s new=1773308014.937208s)
[INFO] [1773308014.940030657] [icp_odometry]: Odom: ratio=0.000000, std dev=0.000000m|0.000000rad, update time=0.000189s delay=0.001773s
[WARN] [1773308014.940853599] [icp_odometry]: Odometry: Aborting odometry update, higher frame rate detected (1079.614929 Hz) than the expected one (15.000000 Hz). (stamps: previous=1773308014.938254s new=1773308014.939180s)
[WARN] [1773308014.941585338] [icp_odometry]: Odometry: Aborting odometry update, higher frame rate detected (534.374315 Hz) than the expected one (15.000000 Hz). (stamps: previous=1773308014.938254s new=1773308014.940125s)
[WARN] [1773308014.942471547] [icp_odometry]: Odometry: Aborting odometry update, higher frame rate detected (308.677068 Hz) than the expected one (15.000000 Hz). (stamps: previous=1773308014.938254s new=1773308014.941494s)
[WARN] [1773308014.943041648] [icp_odometry]: Odometry: Aborting odometry update, higher frame rate detected (261.800387 Hz) than the expected one (15.000000 Hz). (stamps: previous=1773308014.938254s new=1773308014.942074s)
[WARN] [1773308014.944163353] [icp_odometry]: Odometry: Aborting odometry update, higher frame rate detected (208.900488 Hz) than the expected one (15.000000 Hz). (stamps: previous=1773308014.938254s new=1773308014.943041s)
[WARN] [1773308014.945185759] [icp_odometry]: Odometry: Aborting odometry update, higher frame rate detected (173.929256 Hz) than the expected one (15.000000 Hz). (stamps: previous=1773308014.938254s new=1773308014.944004s)
[WARN] [1773308014.946333993] [icp_odometry]: Odometry: Aborting odometry update, higher frame rate detected (145.262312 Hz) than the expected one (15.000000 Hz). (stamps: previous=1773308014.938254s new=1773308014.945138s)
[WARN] [1773308014.947609560] [icp_odometry]: Odometry: Aborting odometry update, higher frame rate detected (127.886819 Hz) than the expected one (15.000000 Hz). (stamps: previous=1773308014.938254s new=1773308014.946074s)
[WARN] [1773308014.948638654] [icp_odometry]: Odometry: Aborting odometry update, higher frame rate detected (107.529713 Hz) than the expected one (15.000000 Hz). (stamps: previous=1773308014.938254s new=1773308014.947554s)
[WARN] [1773308014.949151377] [icp_odometry]: Odometry: Aborting odometry update, higher frame rate detected (104.554392 Hz) than the expected one (15.000000 Hz). (stamps: previous=1773308014.938254s new=1773308014.947819s)
[WARN] [1773308014.950403263] [icp_odometry]: Odometry: Aborting odometry update, higher frame rate detected (89.335548 Hz) than the expected one (15.000000 Hz). (stamps: previous=1773308014.938254s new=1773308014.949448s)
[WARN] [1773308014.950992853] [icp_odometry]: Odometry: Aborting odometry update, higher frame rate detected (86.815226 Hz) than the expected one (15.000000 Hz). (stamps: previous=1773308014.938254s new=1773308014.949773s)
[WARN] [1773308014.952782551] [icp_odometry]: Odometry: Aborting odometry update, higher frame rate detected (74.248610 Hz) than the expected one (15.000000 Hz). (stamps: previous=1773308014.938254s new=1773308014.951722s)
[WARN] [1773308014.954552760] [icp_odometry]: Odometry: Aborting odometry update, higher frame rate detected (66.811686 Hz) than the expected one (15.000000 Hz). (stamps: previous=1773308014.938254s new=1773308014.953222s)
[WARN] [1773308014.954965671] [icp_odometry]: Odometry: Aborting odometry update, higher frame rate detected (64.695963 Hz) than the expected one (15.000000 Hz). (stamps: previous=1773308014.938254s new=1773308014.953711s)
[WARN] [1773308014.956513184] [icp_odometry]: Odometry: Aborting odometry update, higher frame rate detected (58.200871 Hz) than the expected one (15.000000 Hz). (stamps: previous=1773308014.938254s new=1773308014.955436s)
[WARN] [1773308014.957395361] [icp_odometry]: Odometry: Aborting odometry update, higher frame rate detected (56.533865 Hz) than the expected one (15.000000 Hz). (stamps: previous=1773308014.938254s new=1773308014.955943s)
[WARN] [1773308014.959087871] [icp_odometry]: Odometry: Aborting odometry update, higher frame rate detected (52.460276 Hz) than the expected one (15.000000 Hz). (stamps: previous=1773308014.938254s new=1773308014.957316s)
[WARN] [1773308014.960030114] [icp_odometry]: Odometry: Aborting odometry update, higher frame rate detected (50.605118 Hz) than the expected one (15.000000 Hz). (stamps: previous=1773308014.938254s new=1773308014.958015s)
[WARN] [1773308014.961583323] [icp_odometry]: Odometry: Aborting odometry update, higher frame rate detected (46.153636 Hz) than the expected one (15.000000 Hz). (stamps: previous=1773308014.938254s new=1773308014.959921s)
[WARN] [1773308014.961953385] [icp_odometry]: Odometry: Aborting odometry update, higher frame rate detected (44.977684 Hz) than the expected one (15.000000 Hz). (stamps: previous=1773308014.938254s new=1773308014.960487s)
[WARN] [1773308014.962478364] [icp_odometry]: Odometry: Aborting odometry update, higher frame rate detected (43.242476 Hz) than the expected one (15.000000 Hz). (stamps: previous=1773308014.938254s new=1773308014.961380s)
[WARN] [1773308014.967384337] [icp_odometry]: Odometry: Aborting odometry update, higher frame rate detected (41.799667 Hz) than the expected one (15.000000 Hz). (stamps: previous=1773308014.938254s new=1773308014.962178s)
[WARN] [1773308014.968322164] [icp_odometry]: Odometry: Aborting odometry update, higher frame rate detected (35.261661 Hz) than the expected one (15.000000 Hz). (stamps: previous=1773308014.938254s new=1773308014.966614s)
[WARN] [1773308014.968986252] [icp_odometry]: Odometry: Aborting odometry update, higher frame rate detected (33.887615 Hz) than the expected one (15.000000 Hz). (stamps: previous=1773308014.938254s new=1773308014.967763s)
[WARN] [1773308014.969483870] [icp_odometry]: Odometry: Aborting odometry update, higher frame rate detected (33.545308 Hz) than the expected one (15.000000 Hz). (stamps: previous=1773308014.938254s new=1773308014.968065s)
[WARN] [1773308014.970387648] [icp_odometry]: Odometry: Aborting odometry update, higher frame rate detected (32.163675 Hz) than the expected one (15.000000 Hz). (stamps: previous=1773308014.938254s new=1773308014.969345s)
[WARN] [1773308014.971054904] [icp_odometry]: Odometry: Aborting odometry update, higher frame rate detected (31.962203 Hz) than the expected one (15.000000 Hz). (stamps: previous=1773308014.938254s new=1773308014.969541s)
[WARN] [1773308014.971643374] [icp_odometry]: Odometry: Aborting odometry update, higher frame rate detected (31.153610 Hz) than the expected one (15.000000 Hz). (stamps: previous=1773308014.938254s new=1773308014.970353s)
[WARN] [1773308014.972850427] [icp_odometry]: Odometry: Aborting odometry update, higher frame rate detected (30.084164 Hz) than the expected one (15.000000 Hz). (stamps: previous=1773308014.938254s new=1773308014.971494s)
[WARN] [1773308014.973368302] [icp_odometry]: Odometry: Aborting odometry update, higher frame rate detected (29.594248 Hz) than the expected one (15.000000 Hz). (stamps: previous=1773308014.938254s new=1773308014.972044s)
[WARN] [1773308014.974410740] [icp_odometry]: Odometry: Aborting odometry update, higher frame rate detected (29.409772 Hz) than the expected one (15.000000 Hz). (stamps: previous=1773308014.938254s new=1773308014.972256s)
[WARN] [1773308014.975200817] [icp_odometry]: Odometry: Aborting odometry update, higher frame rate detected (27.865612 Hz) than the expected one (15.000000 Hz). (stamps: previous=1773308014.938254s new=1773308014.974141s)
[WARN] [1773308014.976424766] [icp_odometry]: Odometry: Aborting odometry update, higher frame rate detected (27.019584 Hz) than the expected one (15.000000 Hz). (stamps: previous=1773308014.938254s new=1773308014.975264s)
[WARN] [1773308014.976793804] [icp_odometry]: Odometry: Aborting odometry update, higher frame rate detected (26.886736 Hz) than the expected one (15.000000 Hz). (stamps: previous=1773308014.938254s new=1773308014.975447s)
[WARN] [1773308014.977546120] [icp_odometry]: Odometry: Aborting odometry update, higher frame rate detected (26.416320 Hz) than the expected one (15.000000 Hz). (stamps: previous=1773308014.938254s new=1773308014.976110s)
[WARN] [1773308014.978976796] [icp_odometry]: Odometry: Aborting odometry update, higher frame rate detected (25.477774 Hz) than the expected one (15.000000 Hz). (stamps: previous=1773308014.938254s new=1773308014.977504s)
[WARN] [1773308014.980057828] [icp_odometry]: Odometry: Aborting odometry update, higher frame rate detected (24.328204 Hz) than the expected one (15.000000 Hz). (stamps: previous=1773308014.938254s new=1773308014.979359s)
[WARN] [1773308014.981350388] [icp_odometry]: Odometry: Aborting odometry update, higher frame rate detected (23.761743 Hz) than the expected one (15.000000 Hz). (stamps: previous=1773308014.938254s new=1773308014.980339s)
[WARN] [1773308014.982079055] [icp_odometry]: Odometry: Aborting odometry update, higher frame rate detected (23.202819 Hz) than the expected one (15.000000 Hz). (stamps: previous=1773308014.938254s new=1773308014.981352s)
[INFO] [1773308014.983319388] [icp_odometry]: Odom: ratio=0.000000, std dev=0.000000m|0.000000rad, update time=0.000189s delay=0.001021s
[WARN] [1773308014.985976414] [icp_odometry]: Odometry: Aborting odometry update, higher frame rate detected (525.009889 Hz) than the expected one (15.000000 Hz). (stamps: previous=1773308014.982293s new=1773308014.984198s)
[WARN] [1773308014.986961635] [icp_odometry]: Odometry: Aborting odometry update, higher frame rate detected (329.300777 Hz) than the expected one (15.000000 Hz). (stamps: previous=1773308014.982293s new=1773308014.985330s)
[WARN] [1773308014.988045131] [icp_odometry]: Odometry: Aborting odometry update, higher frame rate detected (262.718697 Hz) than the expected one (15.000000 Hz). (stamps: previous=1773308014.982293s new=1773308014.986099s)
[WARN] [1773308014.988481723] [icp_odometry]: Odometry: Aborting odometry update, higher frame rate detected (196.371740 Hz) than the expected one (15.000000 Hz). (stamps: previous=1773308014.982293s new=1773308014.987385s)
[INFO] [1773308014.989123186] [icp_odometry]: Odom: ratio=0.000000, std dev=0.000000m|0.000000rad, update time=0.000162s delay=0.001094s
[INFO] [1773308014.990791920] [icp_odometry]: Odom: ratio=0.000000, std dev=0.000000m|0.000000rad, update time=0.000144s delay=0.001591s
[WARN] [1773308014.991623662] [icp_odometry]: Odometry: Aborting odometry update, higher frame rate detected (1382.433751 Hz) than the expected one (15.000000 Hz). (stamps: previous=1773308014.989195s new=1773308014.989918s)
[WARN] [1773308014.992707158] [icp_odometry]: Odometry: Aborting odometry update, higher frame rate detected (429.524219 Hz) than the expected one (15.000000 Hz). (stamps: previous=1773308014.989195s new=1773308014.991523s)
[WARN] [1773308014.993325389] [icp_odometry]: Odometry: Aborting odometry update, higher frame rate detected (365.484838 Hz) than the expected one (15.000000 Hz). (stamps: previous=1773308014.989195s new=1773308014.991931s)
[WARN] [1773308014.994627037] [icp_odometry]: Odometry: Aborting odometry update, higher frame rate detected (259.773566 Hz) than the expected one (15.000000 Hz). (stamps: previous=1773308014.989195s new=1773308014.993044s)
[INFO] [1773308014.995227347] [icp_odometry]: Odom: ratio=0.000000, std dev=0.000000m|0.000000rad, update time=0.000196s delay=0.001445s
[WARN] [1773308014.996574789] [icp_odometry]: Odometry: Aborting odometry update, higher frame rate detected (782.665423 Hz) than the expected one (15.000000 Hz). (stamps: previous=1773308014.993778s new=1773308014.995055s)
[WARN] [1773308014.997047382] [icp_odometry]: Odometry: Aborting odometry update, higher frame rate detected (626.576636 Hz) than the expected one (15.000000 Hz). (stamps: previous=1773308014.993778s new=1773308014.995374s)
[WARN] [1773308014.998134910] [icp_odometry]: Odometry: Aborting odometry update, higher frame rate detected (514.638528 Hz) than the expected one (15.000000 Hz). (stamps: previous=1773308014.993778s new=1773308014.995721s)
[WARN] [1773308014.999110146] [icp_odometry]: Odometry: Aborting odometry update, higher frame rate detected (297.278616 Hz) than the expected one (15.000000 Hz). (stamps: previous=1773308014.993778s new=1773308014.997142s)
[WARN] [1773308014.999866942] [icp_odometry]: Odometry: Aborting odometry update, higher frame rate detected (229.234519 Hz) than the expected one (15.000000 Hz). (stamps: previous=1773308014.993778s new=1773308014.998140s)
[INFO] [1773308015.001007912] [icp_odometry]: Odom: ratio=0.000000, std dev=0.000000m|0.000000rad, update time=0.000145s delay=0.001740s
[WARN] [1773308015.001254961] [icp_odometry]: Odometry: Aborting odometry update, higher frame rate detected (1216.445476 Hz) than the expected one (15.000000 Hz). (stamps: previous=1773308014.999264s new=1773308015.000086s)
[WARN] [1773308015.002849228] [icp_odometry]: Odometry: Aborting odometry update, higher frame rate detected (512.187569 Hz) than the expected one (15.000000 Hz). (stamps: previous=1773308014.999264s new=1773308015.001217s)
[WARN] [1773308015.004740466] [icp_odometry]: Odometry: Aborting odometry update, higher frame rate detected (353.174806 Hz) than the expected one (15.000000 Hz). (stamps: previous=1773308014.999264s new=1773308015.002096s)
[WARN] [1773308015.005123008] [icp_odometry]: Odometry: Aborting odometry update, higher frame rate detected (211.833535 Hz) than the expected one (15.000000 Hz). (stamps: previous=1773308014.999264s new=1773308015.003985s)
[WARN] [1773308015.006581078] [icp_odometry]: Odometry: Aborting odometry update, higher frame rate detected (161.406296 Hz) than the expected one (15.000000 Hz). (stamps: previous=1773308014.999264s new=1773308015.005460s)
[WARN] [1773308015.006949923] [icp_odometry]: Odometry: Aborting odometry update, higher frame rate detected (150.182756 Hz) than the expected one (15.000000 Hz). (stamps: previous=1773308014.999264s new=1773308015.005923s)
[WARN] [1773308015.008356919] [icp_odometry]: Odometry: Aborting odometry update, higher frame rate detected (124.400997 Hz) than the expected one (15.000000 Hz). (stamps: previous=1773308014.999264s new=1773308015.007303s)
[WARN] [1773308015.008901547] [icp_odometry]: Odometry: Aborting odometry update, higher frame rate detected (117.642386 Hz) than the expected one (15.000000 Hz). (stamps: previous=1773308014.999264s new=1773308015.007765s)
[WARN] [1773308015.010291038] [icp_odometry]: Odometry: Aborting odometry update, higher frame rate detected (114.965984 Hz) than the expected one (15.000000 Hz). (stamps: previous=1773308014.999264s new=1773308015.007962s)
[WARN] [1773308015.010937782] [icp_odometry]: Odometry: Aborting odometry update, higher frame rate detected (97.079134 Hz) than the expected one (15.000000 Hz). (stamps: previous=1773308014.999264s new=1773308015.009565s)
[WARN] [1773308015.012318377] [icp_odometry]: Odometry: Aborting odometry update, higher frame rate detected (91.738933 Hz) than the expected one (15.000000 Hz). (stamps: previous=1773308014.999264s new=1773308015.010165s)
[WARN] [1773308015.013049028] [icp_odometry]: Odometry: Aborting odometry update, higher frame rate detected (80.167893 Hz) than the expected one (15.000000 Hz). (stamps: previous=1773308014.999264s new=1773308015.011738s)
[WARN] [1773308015.014372309] [icp_odometry]: Odometry: Aborting odometry update, higher frame rate detected (77.764462 Hz) than the expected one (15.000000 Hz). (stamps: previous=1773308014.999264s new=1773308015.012124s)
[WARN] [1773308015.015156818] [icp_odometry]: Odometry: Aborting odometry update, higher frame rate detected (67.152916 Hz) than the expected one (15.000000 Hz). (stamps: previous=1773308014.999264s new=1773308015.014156s)
[WARN] [1773308015.016097556] [icp_odometry]: Odometry: Aborting odometry update, higher frame rate detected (62.229106 Hz) than the expected one (15.000000 Hz). (stamps: previous=1773308014.999264s new=1773308015.015334s)
[WARN] [1773308015.017438790] [icp_odometry]: Odometry: Aborting odometry update, higher frame rate detected (58.277695 Hz) than the expected one (15.000000 Hz). (stamps: previous=1773308014.999264s new=1773308015.016423s)
[WARN] [1773308015.018784343] [icp_odometry]: Odometry: Aborting odometry update, higher frame rate detected (54.528133 Hz) than the expected one (15.000000 Hz). (stamps: previous=1773308014.999264s new=1773308015.017603s)
[WARN] [1773308015.019671896] [icp_odometry]: Odometry: Aborting odometry update, higher frame rate detected (53.254917 Hz) than the expected one (15.000000 Hz). (stamps: previous=1773308014.999264s new=1773308015.018042s)
[WARN] [1773308015.020632571] [icp_odometry]: Odometry: Aborting odometry update, higher frame rate detected (50.028674 Hz) than the expected one (15.000000 Hz). (stamps: previous=1773308014.999264s new=1773308015.019253s)
[WARN] [1773308015.021772293] [icp_odometry]: Odometry: Aborting odometry update, higher frame rate detected (48.051875 Hz) than the expected one (15.000000 Hz). (stamps: previous=1773308014.999264s new=1773308015.020075s)
[WARN] [1773308015.022483360] [icp_odometry]: Odometry: Aborting odometry update, higher frame rate detected (45.389462 Hz) than the expected one (15.000000 Hz). (stamps: previous=1773308014.999264s new=1773308015.021296s)
[WARN] [1773308015.022990098] [icp_odometry]: Odometry: Aborting odometry update, higher frame rate detected (43.991274 Hz) than the expected one (15.000000 Hz). (stamps: previous=1773308014.999264s new=1773308015.021996s)
[WARN] [1773308015.024468681] [icp_odometry]: Odometry: Aborting odometry update, higher frame rate detected (41.731046 Hz) than the expected one (15.000000 Hz). (stamps: previous=1773308014.999264s new=1773308015.023227s)
[WARN] [1773308015.025079871] [icp_odometry]: Odometry: Aborting odometry update, higher frame rate detected (40.570931 Hz) than the expected one (15.000000 Hz). (stamps: previous=1773308014.999264s new=1773308015.023912s)
[WARN] [1773308015.026397776] [icp_odometry]: Odometry: Aborting odometry update, higher frame rate detected (38.293655 Hz) than the expected one (15.000000 Hz). (stamps: previous=1773308014.999264s new=1773308015.025378s)
[WARN] [1773308015.027491032] [icp_odometry]: Odometry: Aborting odometry update, higher frame rate detected (37.435773 Hz) than the expected one (15.000000 Hz). (stamps: previous=1773308014.999264s new=1773308015.025977s)
[WARN] [1773308015.028792456] [icp_odometry]: Odometry: Aborting odometry update, higher frame rate detected (35.845076 Hz) than the expected one (15.000000 Hz). (stamps: previous=1773308014.999264s new=1773308015.027162s)
[WARN] [1773308015.029334684] [icp_odometry]: Odometry: Aborting odometry update, higher frame rate detected (34.616465 Hz) than the expected one (15.000000 Hz). (stamps: previous=1773308014.999264s new=1773308015.028152s)
[WARN] [1773308015.030803634] [icp_odometry]: Odometry: Aborting odometry update, higher frame rate detected (33.308482 Hz) than the expected one (15.000000 Hz). (stamps: previous=1773308014.999264s new=1773308015.029287s)
[WARN] [1773308015.031287044] [icp_odometry]: Odometry: Aborting odometry update, higher frame rate detected (32.412225 Hz) than the expected one (15.000000 Hz). (stamps: previous=1773308014.999264s new=1773308015.030117s)
[WARN] [1773308015.033161641] [icp_odometry]: Odometry: Aborting odometry update, higher frame rate detected (31.506509 Hz) than the expected one (15.000000 Hz). (stamps: previous=1773308014.999264s new=1773308015.031004s)
[WARN] [1773308015.034591518] [icp_odometry]: Odometry: Aborting odometry update, higher frame rate detected (29.621209 Hz) than the expected one (15.000000 Hz). (stamps: previous=1773308014.999264s new=1773308015.033024s)
[WARN] [1773308015.035825291] [icp_odometry]: Odometry: Aborting odometry update, higher frame rate detected (29.420912 Hz) than the expected one (15.000000 Hz). (stamps: previous=1773308014.999264s new=1773308015.033254s)
[WARN] [1773308015.036821232] [icp_odometry]: Odometry: Aborting odometry update, higher frame rate detected (27.798018 Hz) than the expected one (15.000000 Hz). (stamps: previous=1773308014.999264s new=1773308015.035238s)
[WARN] [1773308015.037614413] [icp_odometry]: Odometry: Aborting odometry update, higher frame rate detected (27.080467 Hz) than the expected one (15.000000 Hz). (stamps: previous=1773308014.999264s new=1773308015.036191s)
[INFO] [1773308015.038842139] [icp_odometry]: Odom: ratio=0.000000, std dev=0.000000m|0.000000rad, update time=0.000223s delay=0.001280s
[WARN] [1773308015.039119173] [icp_odometry]: Odometry: Aborting odometry update, higher frame rate detected (2322.427464 Hz) than the expected one (15.000000 Hz). (stamps: previous=1773308015.037558s new=1773308015.037988s)
[WARN] [1773308015.040465142] [icp_odometry]: Odometry: Aborting odometry update, higher frame rate detected (568.179897 Hz) than the expected one (15.000000 Hz). (stamps: previous=1773308015.037558s new=1773308015.039318s)
[WARN] [1773308015.041525277] [icp_odometry]: Odometry: Aborting odometry update, higher frame rate detected (428.471141 Hz) than the expected one (15.000000 Hz). (stamps: previous=1773308015.037558s new=1773308015.039891s)
[WARN] [1773308015.042719209] [icp_odometry]: Odometry: Aborting odometry update, higher frame rate detected (258.206353 Hz) than the expected one (15.000000 Hz). (stamps: previous=1773308015.037558s new=1773308015.041430s)
[WARN] [1773308015.043138425] [icp_odometry]: Odometry: Aborting odometry update, higher frame rate detected (227.062798 Hz) than the expected one (15.000000 Hz). (stamps: previous=1773308015.037558s new=1773308015.041962s)
[WARN] [1773308015.044367686] [icp_odometry]: Odometry: Aborting odometry update, higher frame rate detected (182.472113 Hz) than the expected one (15.000000 Hz). (stamps: previous=1773308015.037558s new=1773308015.043038s)
[WARN] [1773308015.044806582] [icp_odometry]: Odometry: Aborting odometry update, higher frame rate detected (161.736166 Hz) than the expected one (15.000000 Hz). (stamps: previous=1773308015.037558s new=1773308015.043741s)
[WARN] [1773308015.046370096] [icp_odometry]: Odometry: Aborting odometry update, higher frame rate detected (133.956245 Hz) than the expected one (15.000000 Hz). (stamps: previous=1773308015.037558s new=1773308015.045023s)
[WARN] [1773308015.046920452] [icp_odometry]: Odometry: Aborting odometry update, higher frame rate detected (121.401604 Hz) than the expected one (15.000000 Hz). (stamps: previous=1773308015.037558s new=1773308015.045795s)
[WARN] [1773308015.048837835] [icp_odometry]: Odometry: Aborting odometry update, higher frame rate detected (99.643741 Hz) than the expected one (15.000000 Hz). (stamps: previous=1773308015.037558s new=1773308015.047593s)
[WARN] [1773308015.049251386] [icp_odometry]: Odometry: Aborting odometry update, higher frame rate detected (94.743709 Hz) than the expected one (15.000000 Hz). (stamps: previous=1773308015.037558s new=1773308015.048112s)
[WARN] [1773308015.050532681] [icp_odometry]: Odometry: Aborting odometry update, higher frame rate detected (85.120325 Hz) than the expected one (15.000000 Hz). (stamps: previous=1773308015.037558s new=1773308015.049306s)
[WARN] [1773308015.051687924] [icp_odometry]: Odometry: Aborting odometry update, higher frame rate detected (79.823085 Hz) than the expected one (15.000000 Hz). (stamps: previous=1773308015.037558s new=1773308015.050085s)
[WARN] [1773308015.053051334] [icp_odometry]: Odometry: Aborting odometry update, higher frame rate detected (72.752099 Hz) than the expected one (15.000000 Hz). (stamps: previous=1773308015.037558s new=1773308015.051303s)
[WARN] [1773308015.053903142] [icp_odometry]: Odometry: Aborting odometry update, higher frame rate detected (71.000846 Hz) than the expected one (15.000000 Hz). (stamps: previous=1773308015.037558s new=1773308015.051642s)
[WARN] [1773308015.055134835] [icp_odometry]: Odometry: Aborting odometry update, higher frame rate detected (63.729662 Hz) than the expected one (15.000000 Hz). (stamps: previous=1773308015.037558s new=1773308015.053249s)
[WARN] [1773308015.055996051] [icp_odometry]: Odometry: Aborting odometry update, higher frame rate detected (59.706245 Hz) than the expected one (15.000000 Hz). (stamps: previous=1773308015.037558s new=1773308015.054306s)
[WARN] [1773308015.056502853] [icp_odometry]: Odometry: Aborting odometry update, higher frame rate detected (55.932257 Hz) than the expected one (15.000000 Hz). (stamps: previous=1773308015.037558s new=1773308015.055436s)
[WARN] [1773308015.057400774] [icp_odometry]: Odometry: Aborting odometry update, higher frame rate detected (53.603384 Hz) than the expected one (15.000000 Hz). (stamps: previous=1773308015.037558s new=1773308015.056213s)
[WARN] [1773308015.058775129] [icp_odometry]: Odometry: Aborting odometry update, higher frame rate detected (49.480387 Hz) than the expected one (15.000000 Hz). (stamps: previous=1773308015.037558s new=1773308015.057768s)
[WARN] [1773308015.060340915] [icp_odometry]: Odometry: Aborting odometry update, higher frame rate detected (46.152113 Hz) than the expected one (15.000000 Hz). (stamps: previous=1773308015.037558s new=1773308015.059225s)
[WARN] [1773308015.060678431] [icp_odometry]: Odometry: Aborting odometry update, higher frame rate detected (44.887671 Hz) than the expected one (15.000000 Hz). (stamps: previous=1773308015.037558s new=1773308015.059835s)
[WARN] [1773308015.062376126] [icp_odometry]: Odometry: Aborting odometry update, higher frame rate detected (42.671876 Hz) than the expected one (15.000000 Hz). (stamps: previous=1773308015.037558s new=1773308015.060992s)
[WARN] [1773308015.062879952] [icp_odometry]: Odometry: Aborting odometry update, higher frame rate detected (41.335002 Hz) than the expected one (15.000000 Hz). (stamps: previous=1773308015.037558s new=1773308015.061750s)
[WARN] [1773308015.064544206] [icp_odometry]: Odometry: Aborting odometry update, higher frame rate detected (38.621939 Hz) than the expected one (15.000000 Hz). (stamps: previous=1773308015.037558s new=1773308015.063450s)
[WARN] [1773308015.064934396] [icp_odometry]: Odometry: Aborting odometry update, higher frame rate detected (37.873187 Hz) than the expected one (15.000000 Hz). (stamps: previous=1773308015.037558s new=1773308015.063962s)
[WARN] [1773308015.066544983] [icp_odometry]: Odometry: Aborting odometry update, higher frame rate detected (35.625257 Hz) than the expected one (15.000000 Hz). (stamps: previous=1773308015.037558s new=1773308015.065628s)
[WARN] [1773308015.067113388] [icp_odometry]: Odometry: Aborting odometry update, higher frame rate detected (35.351415 Hz) than the expected one (15.000000 Hz). (stamps: previous=1773308015.037558s new=1773308015.065845s)
[WARN] [1773308015.068576194] [icp_odometry]: Odometry: Aborting odometry update, higher frame rate detected (33.132719 Hz) than the expected one (15.000000 Hz). (stamps: previous=1773308015.037558s new=1773308015.067739s)
[WARN] [1773308015.069168504] [icp_odometry]: Odometry: Aborting odometry update, higher frame rate detected (32.882060 Hz) than the expected one (15.000000 Hz). (stamps: previous=1773308015.037558s new=1773308015.067969s)
[WARN] [1773308015.070376133] [icp_odometry]: Odometry: Aborting odometry update, higher frame rate detected (31.377581 Hz) than the expected one (15.000000 Hz). (stamps: previous=1773308015.037558s new=1773308015.069427s)
[WARN] [1773308015.070936089] [icp_odometry]: Odometry: Aborting odometry update, higher frame rate detected (30.975076 Hz) than the expected one (15.000000 Hz). (stamps: previous=1773308015.037558s new=1773308015.069842s)
[WARN] [1773308015.072492435] [icp_odometry]: Odometry: Aborting odometry update, higher frame rate detected (29.509090 Hz) than the expected one (15.000000 Hz). (stamps: previous=1773308015.037558s new=1773308015.071445s)
[WARN] [1773308015.072870337] [icp_odometry]: Odometry: Aborting odometry update, higher frame rate detected (29.030745 Hz) than the expected one (15.000000 Hz). (stamps: previous=1773308015.037558s new=1773308015.072004s)
[WARN] [1773308015.074195729] [icp_odometry]: Odometry: Aborting odometry update, higher frame rate detected (28.003846 Hz) than the expected one (15.000000 Hz). (stamps: previous=1773308015.037558s new=1773308015.073267s)
[WARN] [1773308015.074683939] [icp_odometry]: Odometry: Aborting odometry update, higher frame rate detected (27.864686 Hz) than the expected one (15.000000 Hz). (stamps: previous=1773308015.037558s new=1773308015.073445s)
[WARN] [1773308015.075251928] [icp_odometry]: Odometry: Aborting odometry update, higher frame rate detected (27.351362 Hz) than the expected one (15.000000 Hz). (stamps: previous=1773308015.037558s new=1773308015.074119s)
[WARN] [1773308015.076288991] [icp_odometry]: Odometry: Aborting odometry update, higher frame rate detected (26.566910 Hz) than the expected one (15.000000 Hz). (stamps: previous=1773308015.037558s new=1773308015.075198s)
[WARN] [1773308015.076664716] [icp_odometry]: Odometry: Aborting odometry update, higher frame rate detected (26.391055 Hz) than the expected one (15.000000 Hz). (stamps: previous=1773308015.037558s new=1773308015.075449s)
[INFO] [1773308015.077190144] [icp_odometry]: Odom: ratio=0.000000, std dev=0.000000m|0.000000rad, update time=0.000174s delay=0.001145s
[WARN] [1773308015.079936869] [icp_odometry]: Odometry: Aborting odometry update, higher frame rate detected (441.041430 Hz) than the expected one (15.000000 Hz). (stamps: previous=1773308015.076041s new=1773308015.078308s)
[WARN] [1773308015.080017512] [icp_odometry]: Odometry: Aborting odometry update, higher frame rate detected (441.041430 Hz) than the expected one (15.000000 Hz). (stamps: previous=1773308015.076041s new=1773308015.078308s)
[WARN] [1773308015.080837958] [icp_odometry]: Odometry: Aborting odometry update, higher frame rate detected (310.114898 Hz) than the expected one (15.000000 Hz). (stamps: previous=1773308015.076041s new=1773308015.079266s)
[WARN] [1773308015.081253941] [icp_odometry]: Odometry: Aborting odometry update, higher frame rate detected (233.470860 Hz) than the expected one (15.000000 Hz). (stamps: previous=1773308015.076041s new=1773308015.080324s)
[WARN] [1773308015.082975957] [icp_odometry]: Odometry: Aborting odometry update, higher frame rate detected (190.148880 Hz) than the expected one (15.000000 Hz). (stamps: previous=1773308015.076041s new=1773308015.081300s)
[WARN] [1773308015.083736657] [icp_odometry]: Odometry: Aborting odometry update, higher frame rate detected (163.310517 Hz) than the expected one (15.000000 Hz). (stamps: previous=1773308015.076041s new=1773308015.082164s)
[WARN] [1773308015.084795800] [icp_odometry]: Odometry: Aborting odometry update, higher frame rate detected (134.089003 Hz) than the expected one (15.000000 Hz). (stamps: previous=1773308015.076041s new=1773308015.083499s)
[WARN] [1773308015.085133092] [icp_odometry]: Odometry: Aborting odometry update, higher frame rate detected (124.578353 Hz) than the expected one (15.000000 Hz). (stamps: previous=1773308015.076041s new=1773308015.084068s)
[WARN] [1773308015.086788705] [icp_odometry]: Odometry: Aborting odometry update, higher frame rate detected (105.548946 Hz) than the expected one (15.000000 Hz). (stamps: previous=1773308015.076041s new=1773308015.085515s)
[WARN] [1773308015.087316469] [icp_odometry]: Odometry: Aborting odometry update, higher frame rate detected (99.904819 Hz) than the expected one (15.000000 Hz). (stamps: previous=1773308015.076041s new=1773308015.086051s)
[INFO] [1773308015.088935441] [icp_odometry]: Odom: ratio=0.000000, std dev=0.000000m|0.000000rad, update time=0.000207s delay=0.001099s
[WARN] [1773308015.091182563] [icp_odometry]: Odometry: Aborting odometry update, higher frame rate detected (521.809405 Hz) than the expected one (15.000000 Hz). (stamps: previous=1773308015.087832s new=1773308015.089749s)
[INFO] [1773308015.092277548] [rclcpp]: signal_handler(signum=2)
