[INFO] [1718656412.564982168] [point_cloud_assembler]: point_cloud_assembler: topic_queue_size=10
[INFO] [1718656412.565596174] [point_cloud_assembler]: point_cloud_assembler: sync_queue_size=10
[INFO] [1718656412.565644080] [point_cloud_assembler]: point_cloud_assembler: qos=0
[INFO] [1718656412.565663985] [point_cloud_assembler]: point_cloud_assembler: qos_odom=0
[INFO] [1718656412.565679633] [point_cloud_assembler]: point_cloud_assembler: fixed_frame_id=
[INFO] [1718656412.565699538] [point_cloud_assembler]: point_cloud_assembler: frame_id=
[INFO] [1718656412.565713107] [point_cloud_assembler]: point_cloud_assembler: max_clouds=10
[INFO] [1718656412.565724211] [point_cloud_assembler]: point_cloud_assembler: assembling_time=0.000000s
[INFO] [1718656412.565743092] [point_cloud_assembler]: point_cloud_assembler: skip_clouds=0
[INFO] [1718656412.565775509] [point_cloud_assembler]: point_cloud_assembler: circular_buffer=false
[INFO] [1718656412.565789909] [point_cloud_assembler]: point_cloud_assembler: linear_update=0.000000 m
[INFO] [1718656412.565803126] [point_cloud_assembler]: point_cloud_assembler: angular_update=0.000000 rad
[INFO] [1718656412.565815830] [point_cloud_assembler]: point_cloud_assembler: wait_for_transform=0.100000
[INFO] [1718656412.565830039] [point_cloud_assembler]: point_cloud_assembler: range_min=0.000000
[INFO] [1718656412.565841623] [point_cloud_assembler]: point_cloud_assembler: range_max=0.000000
[INFO] [1718656412.565852280] [point_cloud_assembler]: point_cloud_assembler: voxel_size=0.000000m
[INFO] [1718656412.565862776] [point_cloud_assembler]: point_cloud_assembler: noise_radius=0.000000m
[INFO] [1718656412.565880665] [point_cloud_assembler]: point_cloud_assembler: noise_min_neighbors=5
[INFO] [1718656412.565892505] [point_cloud_assembler]: point_cloud_assembler: remove_z=false
[INFO] [1718656412.586939905] [point_cloud_assembler]: 
point_cloud_assembler subscribed to (exact sync):
   /odom_filtered_input_scan,
   /odom
[WARN] [1773307968.058881046] [point_cloud_assembler]: Reseting point cloud assembler as null odometry has been received.
[WARN] [1773307968.119325929] [point_cloud_assembler]: Reseting point cloud assembler as null odometry has been received.
[WARN] [1773307968.137700046] [point_cloud_assembler]: Reseting point cloud assembler as null odometry has been received.
[WARN] [1773307968.143261883] [point_cloud_assembler]: Reseting point cloud assembler as null odometry has been received.
[WARN] [1773307968.153859906] [point_cloud_assembler]: Reseting point cloud assembler as null odometry has been received.
[WARN] [1773307968.207756036] [point_cloud_assembler]: Reseting point cloud assembler as null odometry has been received.
[WARN] [1773307968.251863965] [point_cloud_assembler]: Reseting point cloud assembler as null odometry has been received.
[WARN] [1773307968.262174009] [point_cloud_assembler]: Reseting point cloud assembler as null odometry has been received.
[WARN] [1773307968.265176808] [point_cloud_assembler]: Reseting point cloud assembler as null odometry has been received.
[WARN] [1773307968.271482320] [point_cloud_assembler]: Reseting point cloud assembler as null odometry has been received.
[WARN] [1773307968.304377645] [point_cloud_assembler]: Reseting point cloud assembler as null odometry has been received.
[WARN] [1773307968.359790439] [point_cloud_assembler]: Reseting point cloud assembler as null odometry has been received.
[WARN] [1773307968.360919920] [point_cloud_assembler]: Reseting point cloud assembler as null odometry has been received.
[WARN] [1773307968.371350865] [point_cloud_assembler]: Reseting point cloud assembler as null odometry has been received.
[WARN] [1773307968.371498934] [point_cloud_assembler]: Reseting point cloud assembler as null odometry has been received.
[WARN] [1773307968.372631616] [point_cloud_assembler]: Reseting point cloud assembler as null odometry has been received.
[WARN] [1773307968.372744196] [point_cloud_assembler]: Reseting point cloud assembler as null odometry has been received.
[WARN] [1773307968.409375178] [point_cloud_assembler]: Reseting point cloud assembler as null odometry has been received.
[WARN] [1773307968.456353037] [point_cloud_assembler]: Reseting point cloud assembler as null odometry has been received.
[WARN] [1773307968.459890768] [point_cloud_assembler]: Reseting point cloud assembler as null odometry has been received.
[WARN] [1773307968.466462882] [point_cloud_assembler]: Reseting point cloud assembler as null odometry has been received.
[WARN] [1773307968.471534429] [point_cloud_assembler]: Reseting point cloud assembler as null odometry has been received.
[WARN] [1773307968.508857564] [point_cloud_assembler]: Reseting point cloud assembler as null odometry has been received.
[WARN] [1773307968.570658082] [point_cloud_assembler]: Reseting point cloud assembler as null odometry has been received.
[WARN] [1773307968.570803399] [point_cloud_assembler]: Reseting point cloud assembler as null odometry has been received.
[WARN] [1773307968.618564999] [point_cloud_assembler]: Reseting point cloud assembler as null odometry has been received.
[WARN] [1773307968.654658041] [point_cloud_assembler]: Reseting point cloud assembler as null odometry has been received.
[WARN] [1773307968.658474630] [point_cloud_assembler]: Reseting point cloud assembler as null odometry has been received.
[WARN] [1773307968.662584126] [point_cloud_assembler]: Reseting point cloud assembler as null odometry has been received.
[WARN] [1773307968.679414090] [point_cloud_assembler]: Reseting point cloud assembler as null odometry has been received.
[WARN] [1773307968.682540413] [point_cloud_assembler]: Reseting point cloud assembler as null odometry has been received.
[WARN] [1773307968.748544125] [point_cloud_assembler]: Reseting point cloud assembler as null odometry has been received.
[WARN] [1773307968.764236160] [point_cloud_assembler]: Reseting point cloud assembler as null odometry has been received.
[WARN] [1773307968.765989376] [point_cloud_assembler]: Reseting point cloud assembler as null odometry has been received.
[WARN] [1773307968.768358488] [point_cloud_assembler]: Reseting point cloud assembler as null odometry has been received.
[WARN] [1773307968.774153581] [point_cloud_assembler]: Reseting point cloud assembler as null odometry has been received.
[WARN] [1773307968.811306598] [point_cloud_assembler]: Reseting point cloud assembler as null odometry has been received.
[WARN] [1773307968.817286595] [point_cloud_assembler]: Reseting point cloud assembler as null odometry has been received.
[WARN] [1773307968.854708614] [point_cloud_assembler]: Reseting point cloud assembler as null odometry has been received.
[WARN] [1773307968.858044609] [point_cloud_assembler]: Reseting point cloud assembler as null odometry has been received.
[WARN] [1773307968.866028103] [point_cloud_assembler]: Reseting point cloud assembler as null odometry has been received.
[WARN] [1773307968.868649960] [point_cloud_assembler]: Reseting point cloud assembler as null odometry has been received.
[WARN] [1773307968.874637348] [point_cloud_assembler]: Reseting point cloud assembler as null odometry has been received.
[WARN] [1773307968.880131951] [point_cloud_assembler]: Reseting point cloud assembler as null odometry has been received.
[WARN] [1773307968.919588381] [point_cloud_assembler]: Reseting point cloud assembler as null odometry has been received.
[WARN] [1773307968.963564401] [point_cloud_assembler]: Reseting point cloud assembler as null odometry has been received.
[WARN] [1773307968.971235948] [point_cloud_assembler]: Reseting point cloud assembler as null odometry has been received.
[WARN] [1773307968.975400326] [point_cloud_assembler]: Reseting point cloud assembler as null odometry has been received.
[WARN] [1773307968.976380298] [point_cloud_assembler]: Reseting point cloud assembler as null odometry has been received.
[WARN] [1773307968.984132647] [point_cloud_assembler]: Reseting point cloud assembler as null odometry has been received.
[WARN] [1773307969.016919968] [point_cloud_assembler]: Reseting point cloud assembler as null odometry has been received.
[WARN] [1773307969.021781139] [point_cloud_assembler]: Reseting point cloud assembler as null odometry has been received.
[WARN] [1773307969.022168641] [point_cloud_assembler]: Reseting point cloud assembler as null odometry has been received.
[WARN] [1773307969.061206112] [point_cloud_assembler]: Reseting point cloud assembler as null odometry has been received.
[WARN] [1773307969.072855693] [point_cloud_assembler]: Reseting point cloud assembler as null odometry has been received.
[WARN] [1773307969.120995675] [point_cloud_assembler]: Reseting point cloud assembler as null odometry has been received.
[WARN] [1773307969.167835449] [point_cloud_assembler]: Reseting point cloud assembler as null odometry has been received.
[WARN] [1773307969.172573672] [point_cloud_assembler]: Reseting point cloud assembler as null odometry has been received.
[WARN] [1773307969.178737547] [point_cloud_assembler]: Reseting point cloud assembler as null odometry has been received.
[WARN] [1773307969.195451251] [point_cloud_assembler]: Reseting point cloud assembler as null odometry has been received.
[WARN] [1773307969.257037617] [point_cloud_assembler]: Reseting point cloud assembler as null odometry has been received.
[WARN] [1773307969.278183516] [point_cloud_assembler]: Reseting point cloud assembler as null odometry has been received.
[WARN] [1773307969.288439190] [point_cloud_assembler]: Reseting point cloud assembler as null odometry has been received.
[WARN] [1773307969.293498864] [point_cloud_assembler]: Reseting point cloud assembler as null odometry has been received.
[WARN] [1773307969.358591695] [point_cloud_assembler]: Reseting point cloud assembler as null odometry has been received.
[WARN] [1773307969.380835555] [point_cloud_assembler]: Reseting point cloud assembler as null odometry has been received.
[WARN] [1773307969.436339904] [point_cloud_assembler]: Reseting point cloud assembler as null odometry has been received.
[WARN] [1773307969.478760284] [point_cloud_assembler]: Reseting point cloud assembler as null odometry has been received.
[WARN] [1773307969.482562024] [point_cloud_assembler]: Reseting point cloud assembler as null odometry has been received.
[WARN] [1773307969.482709485] [point_cloud_assembler]: Reseting point cloud assembler as null odometry has been received.
[WARN] [1773307969.551184009] [point_cloud_assembler]: Reseting point cloud assembler as null odometry has been received.
[WARN] [1773307969.585895272] [point_cloud_assembler]: Reseting point cloud assembler as null odometry has been received.
[WARN] [1773307969.588161787] [point_cloud_assembler]: Reseting point cloud assembler as null odometry has been received.
[WARN] [1773307969.597084164] [point_cloud_assembler]: Reseting point cloud assembler as null odometry has been received.
[WARN] [1773307969.630377871] [point_cloud_assembler]: Reseting point cloud assembler as null odometry has been received.
[WARN] [1773307969.686123382] [point_cloud_assembler]: Reseting point cloud assembler as null odometry has been received.
[WARN] [1773307969.693386273] [point_cloud_assembler]: Reseting point cloud assembler as null odometry has been received.
[WARN] [1773307969.759892692] [point_cloud_assembler]: Reseting point cloud assembler as null odometry has been received.
[WARN] [1773307969.781146147] [point_cloud_assembler]: Reseting point cloud assembler as null odometry has been received.
[WARN] [1773307969.784798634] [point_cloud_assembler]: Reseting point cloud assembler as null odometry has been received.
[WARN] [1773307969.785738253] [point_cloud_assembler]: Reseting point cloud assembler as null odometry has been received.
[WARN] [1773307969.834092227] [point_cloud_assembler]: Reseting point cloud assembler as null odometry has been received.
[WARN] [1773307969.882716739] [point_cloud_assembler]: Reseting point cloud assembler as null odometry has been received.
[WARN] [1773307969.884333758] [point_cloud_assembler]: Reseting point cloud assembler as null odometry has been received.
[WARN] [1773307969.890463296] [point_cloud_assembler]: Reseting point cloud assembler as null odometry has been received.
[WARN] [1773307969.894806688] [point_cloud_assembler]: Reseting point cloud assembler as null odometry has been received.
[WARN] [1773307969.966997861] [point_cloud_assembler]: Reseting point cloud assembler as null odometry has been received.
[WARN] [1773307969.991740500] [point_cloud_assembler]: Reseting point cloud assembler as null odometry has been received.
[WARN] [1773307969.996100405] [point_cloud_assembler]: Reseting point cloud assembler as null odometry has been received.
[WARN] [1773307970.006921636] [point_cloud_assembler]: Reseting point cloud assembler as null odometry has been received.
[WARN] [1773307970.011980926] [point_cloud_assembler]: Reseting point cloud assembler as null odometry has been received.
[WARN] [1773307970.040667231] [point_cloud_assembler]: Reseting point cloud assembler as null odometry has been received.
[WARN] [1773307970.044728949] [point_cloud_assembler]: Reseting point cloud assembler as null odometry has been received.
[WARN] [1773307970.089334337] [point_cloud_assembler]: Reseting point cloud assembler as null odometry has been received.
[WARN] [1773307970.099890598] [point_cloud_assembler]: Reseting point cloud assembler as null odometry has been received.
[WARN] [1773307970.138523798] [point_cloud_assembler]: Reseting point cloud assembler as null odometry has been received.
[WARN] [1773307970.143992671] [point_cloud_assembler]: Reseting point cloud assembler as null odometry has been received.
[WARN] [1773307970.170791931] [point_cloud_assembler]: Reseting point cloud assembler as null odometry has been received.
[WARN] [1773307970.182058266] [point_cloud_assembler]: Reseting point cloud assembler as null odometry has been received.
[WARN] [1773307970.192663105] [point_cloud_assembler]: Reseting point cloud assembler as null odometry has been received.
[WARN] [1773307970.194887667] [point_cloud_assembler]: Reseting point cloud assembler as null odometry has been received.
[WARN] [1773307970.199404537] [point_cloud_assembler]: Reseting point cloud assembler as null odometry has been received.
[WARN] [1773307970.205726434] [point_cloud_assembler]: Reseting point cloud assembler as null odometry has been received.
[WARN] [1773307970.273781966] [point_cloud_assembler]: Reseting point cloud assembler as null odometry has been received.
[WARN] [1773307970.286543589] [point_cloud_assembler]: Reseting point cloud assembler as null odometry has been received.
[WARN] [1773307970.293497637] [point_cloud_assembler]: Reseting point cloud assembler as null odometry has been received.
[WARN] [1773307970.298696004] [point_cloud_assembler]: Reseting point cloud assembler as null odometry has been received.
[WARN] [1773307970.309715675] [point_cloud_assembler]: Reseting point cloud assembler as null odometry has been received.
[WARN] [1773307970.347097660] [point_cloud_assembler]: Reseting point cloud assembler as null odometry has been received.
[WARN] [1773307970.375238217] [point_cloud_assembler]: Reseting point cloud assembler as null odometry has been received.
[WARN] [1773307970.382302830] [point_cloud_assembler]: Reseting point cloud assembler as null odometry has been received.
[WARN] [1773307970.393568013] [point_cloud_assembler]: Reseting point cloud assembler as null odometry has been received.
[WARN] [1773307970.399456870] [point_cloud_assembler]: Reseting point cloud assembler as null odometry has been received.
[WARN] [1773307970.403951499] [point_cloud_assembler]: Reseting point cloud assembler as null odometry has been received.
[WARN] [1773307970.447589908] [point_cloud_assembler]: Reseting point cloud assembler as null odometry has been received.
[WARN] [1773307970.485298305] [point_cloud_assembler]: Reseting point cloud assembler as null odometry has been received.
[WARN] [1773307970.490574724] [point_cloud_assembler]: Reseting point cloud assembler as null odometry has been received.
[WARN] [1773307970.496666404] [point_cloud_assembler]: Reseting point cloud assembler as null odometry has been received.
[WARN] [1773307970.502550461] [point_cloud_assembler]: Reseting point cloud assembler as null odometry has been received.
[WARN] [1773307970.547863907] [point_cloud_assembler]: Reseting point cloud assembler as null odometry has been received.
[WARN] [1773307970.548032137] [point_cloud_assembler]: Reseting point cloud assembler as null odometry has been received.
[WARN] [1773307970.584283073] [point_cloud_assembler]: Reseting point cloud assembler as null odometry has been received.
[WARN] [1773307970.585795225] [point_cloud_assembler]: Reseting point cloud assembler as null odometry has been received.
[WARN] [1773307970.586095844] [point_cloud_assembler]: Reseting point cloud assembler as null odometry has been received.
[WARN] [1773307970.598336263] [point_cloud_assembler]: Reseting point cloud assembler as null odometry has been received.
[WARN] [1773307970.602816364] [point_cloud_assembler]: Reseting point cloud assembler as null odometry has been received.
[WARN] [1773307970.619745308] [point_cloud_assembler]: Reseting point cloud assembler as null odometry has been received.
[WARN] [1773307970.651746103] [point_cloud_assembler]: Reseting point cloud assembler as null odometry has been received.
[WARN] [1773307970.696002966] [point_cloud_assembler]: Reseting point cloud assembler as null odometry has been received.
[WARN] [1773307970.701599973] [point_cloud_assembler]: Reseting point cloud assembler as null odometry has been received.
[WARN] [1773307970.706885031] [point_cloud_assembler]: Reseting point cloud assembler as null odometry has been received.
[WARN] [1773307970.712480694] [point_cloud_assembler]: Reseting point cloud assembler as null odometry has been received.
[WARN] [1773307970.751759453] [point_cloud_assembler]: Reseting point cloud assembler as null odometry has been received.
[WARN] [1773307970.756704691] [point_cloud_assembler]: Reseting point cloud assembler as null odometry has been received.
[WARN] [1773307970.789158911] [point_cloud_assembler]: Reseting point cloud assembler as null odometry has been received.
[WARN] [1773307970.800963026] [point_cloud_assembler]: Reseting point cloud assembler as null odometry has been received.
[WARN] [1773307970.806671653] [point_cloud_assembler]: Reseting point cloud assembler as null odometry has been received.
[WARN] [1773307970.808172956] [point_cloud_assembler]: Reseting point cloud assembler as null odometry has been received.
[WARN] [1773307970.817718652] [point_cloud_assembler]: Reseting point cloud assembler as null odometry has been received.
[WARN] [1773307970.823791868] [point_cloud_assembler]: Reseting point cloud assembler as null odometry has been received.
[WARN] [1773307970.856718457] [point_cloud_assembler]: Reseting point cloud assembler as null odometry has been received.
[WARN] [1773307970.902130595] [point_cloud_assembler]: Reseting point cloud assembler as null odometry has been received.
[WARN] [1773307970.907346755] [point_cloud_assembler]: Reseting point cloud assembler as null odometry has been received.
[WARN] [1773307970.910980969] [point_cloud_assembler]: Reseting point cloud assembler as null odometry has been received.
[WARN] [1773307970.912436094] [point_cloud_assembler]: Reseting point cloud assembler as null odometry has been received.
[WARN] [1773307970.917504153] [point_cloud_assembler]: Reseting point cloud assembler as null odometry has been received.
[WARN] [1773307970.919526180] [point_cloud_assembler]: Reseting point cloud assembler as null odometry has been received.
[WARN] [1773307970.956468373] [point_cloud_assembler]: Reseting point cloud assembler as null odometry has been received.
[WARN] [1773307970.961392043] [point_cloud_assembler]: Reseting point cloud assembler as null odometry has been received.
[WARN] [1773307971.000252643] [point_cloud_assembler]: Reseting point cloud assembler as null odometry has been received.
[WARN] [1773307971.006374020] [point_cloud_assembler]: Reseting point cloud assembler as null odometry has been received.
[WARN] [1773307971.010500188] [point_cloud_assembler]: Reseting point cloud assembler as null odometry has been received.
[WARN] [1773307971.016576476] [point_cloud_assembler]: Reseting point cloud assembler as null odometry has been received.
[WARN] [1773307971.086685364] [point_cloud_assembler]: Reseting point cloud assembler as null odometry has been received.
[WARN] [1773307971.094445490] [point_cloud_assembler]: Reseting point cloud assembler as null odometry has been received.
[WARN] [1773307971.104345567] [point_cloud_assembler]: Reseting point cloud assembler as null odometry has been received.
[WARN] [1773307971.110578148] [point_cloud_assembler]: Reseting point cloud assembler as null odometry has been received.
[WARN] [1773307971.121204108] [point_cloud_assembler]: Reseting point cloud assembler as null odometry has been received.
[WARN] [1773307971.128089066] [point_cloud_assembler]: Reseting point cloud assembler as null odometry has been received.
[WARN] [1773307971.160265100] [point_cloud_assembler]: Reseting point cloud assembler as null odometry has been received.
[WARN] [1773307971.164451078] [point_cloud_assembler]: Reseting point cloud assembler as null odometry has been received.
[WARN] [1773307971.198927164] [point_cloud_assembler]: Reseting point cloud assembler as null odometry has been received.
[WARN] [1773307971.210877205] [point_cloud_assembler]: Reseting point cloud assembler as null odometry has been received.
[WARN] [1773307971.214577341] [point_cloud_assembler]: Reseting point cloud assembler as null odometry has been received.
[WARN] [1773307971.215013965] [point_cloud_assembler]: Reseting point cloud assembler as null odometry has been received.
[WARN] [1773307971.216334334] [point_cloud_assembler]: Reseting point cloud assembler as null odometry has been received.
[WARN] [1773307971.221032395] [point_cloud_assembler]: Reseting point cloud assembler as null odometry has been received.
[WARN] [1773307971.264416042] [point_cloud_assembler]: Reseting point cloud assembler as null odometry has been received.
[WARN] [1773307971.296984122] [point_cloud_assembler]: Reseting point cloud assembler as null odometry has been received.
[WARN] [1773307971.303143453] [point_cloud_assembler]: Reseting point cloud assembler as null odometry has been received.
[WARN] [1773307971.310383816] [point_cloud_assembler]: Reseting point cloud assembler as null odometry has been received.
[WARN] [1773307971.314746505] [point_cloud_assembler]: Reseting point cloud assembler as null odometry has been received.
[WARN] [1773307971.318128453] [point_cloud_assembler]: Reseting point cloud assembler as null odometry has been received.
[WARN] [1773307971.320543774] [point_cloud_assembler]: Reseting point cloud assembler as null odometry has been received.
[WARN] [1773307971.363610289] [point_cloud_assembler]: Reseting point cloud assembler as null odometry has been received.
[WARN] [1773307971.402994461] [point_cloud_assembler]: Reseting point cloud assembler as null odometry has been received.
[WARN] [1773307971.408609932] [point_cloud_assembler]: Reseting point cloud assembler as null odometry has been received.
[WARN] [1773307971.416126433] [point_cloud_assembler]: Reseting point cloud assembler as null odometry has been received.
[WARN] [1773307971.419522206] [point_cloud_assembler]: Reseting point cloud assembler as null odometry has been received.
[WARN] [1773307971.420816526] [point_cloud_assembler]: Reseting point cloud assembler as null odometry has been received.
[WARN] [1773307971.425481913] [point_cloud_assembler]: Reseting point cloud assembler as null odometry has been received.
[WARN] [1773307971.430729403] [point_cloud_assembler]: Reseting point cloud assembler as null odometry has been received.
[WARN] [1773307971.499735882] [point_cloud_assembler]: Reseting point cloud assembler as null odometry has been received.
[WARN] [1773307971.512744425] [point_cloud_assembler]: Reseting point cloud assembler as null odometry has been received.
[WARN] [1773307971.513362368] [point_cloud_assembler]: Reseting point cloud assembler as null odometry has been received.
[WARN] [1773307971.518652483] [point_cloud_assembler]: Reseting point cloud assembler as null odometry has been received.
[WARN] [1773307971.519553604] [point_cloud_assembler]: Reseting point cloud assembler as null odometry has been received.
[WARN] [1773307971.520271903] [point_cloud_assembler]: Reseting point cloud assembler as null odometry has been received.
[WARN] [1773307971.536239691] [point_cloud_assembler]: Reseting point cloud assembler as null odometry has been received.
[WARN] [1773307971.569922980] [point_cloud_assembler]: Reseting point cloud assembler as null odometry has been received.
[WARN] [1773307971.602220875] [point_cloud_assembler]: Reseting point cloud assembler as null odometry has been received.
[WARN] [1773307971.612877331] [point_cloud_assembler]: Reseting point cloud assembler as null odometry has been received.
[WARN] [1773307971.618613927] [point_cloud_assembler]: Reseting point cloud assembler as null odometry has been received.
[WARN] [1773307971.622448532] [point_cloud_assembler]: Reseting point cloud assembler as null odometry has been received.
[WARN] [1773307971.625814704] [point_cloud_assembler]: Reseting point cloud assembler as null odometry has been received.
[WARN] [1773307971.627846971] [point_cloud_assembler]: Reseting point cloud assembler as null odometry has been received.
[WARN] [1773307971.635027492] [point_cloud_assembler]: Reseting point cloud assembler as null odometry has been received.
[WARN] [1773307971.673934334] [point_cloud_assembler]: Reseting point cloud assembler as null odometry has been received.
[WARN] [1773307971.706430123] [point_cloud_assembler]: Reseting point cloud assembler as null odometry has been received.
[WARN] [1773307971.712478154] [point_cloud_assembler]: Reseting point cloud assembler as null odometry has been received.
[WARN] [1773307971.718543274] [point_cloud_assembler]: Reseting point cloud assembler as null odometry has been received.
[WARN] [1773307971.720112003] [point_cloud_assembler]: Reseting point cloud assembler as null odometry has been received.
[WARN] [1773307971.722370199] [point_cloud_assembler]: Reseting point cloud assembler as null odometry has been received.
[WARN] [1773307971.724540999] [point_cloud_assembler]: Reseting point cloud assembler as null odometry has been received.
[WARN] [1773307971.729279925] [point_cloud_assembler]: Reseting point cloud assembler as null odometry has been received.
[WARN] [1773307971.734501110] [point_cloud_assembler]: Reseting point cloud assembler as null odometry has been received.
[WARN] [1773307971.773080131] [point_cloud_assembler]: Reseting point cloud assembler as null odometry has been received.
[WARN] [1773307971.780204458] [point_cloud_assembler]: Reseting point cloud assembler as null odometry has been received.
[WARN] [1773307971.806488467] [point_cloud_assembler]: Reseting point cloud assembler as null odometry has been received.
[WARN] [1773307971.813555415] [point_cloud_assembler]: Reseting point cloud assembler as null odometry has been received.
[WARN] [1773307971.817136283] [point_cloud_assembler]: Reseting point cloud assembler as null odometry has been received.
[WARN] [1773307971.822118675] [point_cloud_assembler]: Reseting point cloud assembler as null odometry has been received.
[WARN] [1773307971.825846364] [point_cloud_assembler]: Reseting point cloud assembler as null odometry has been received.
[WARN] [1773307971.829822350] [point_cloud_assembler]: Reseting point cloud assembler as null odometry has been received.
[WARN] [1773307971.872459858] [point_cloud_assembler]: Reseting point cloud assembler as null odometry has been received.
[WARN] [1773307971.922483397] [point_cloud_assembler]: Reseting point cloud assembler as null odometry has been received.
[WARN] [1773307971.923782165] [point_cloud_assembler]: Reseting point cloud assembler as null odometry has been received.
[WARN] [1773307971.926758115] [point_cloud_assembler]: Reseting point cloud assembler as null odometry has been received.
[WARN] [1773307971.929390692] [point_cloud_assembler]: Reseting point cloud assembler as null odometry has been received.
[WARN] [1773307971.933464410] [point_cloud_assembler]: Reseting point cloud assembler as null odometry has been received.
[WARN] [1773307971.940283925] [point_cloud_assembler]: Reseting point cloud assembler as null odometry has been received.
[WARN] [1773307971.945003779] [point_cloud_assembler]: Reseting point cloud assembler as null odometry has been received.
[WARN] [1773307971.976838488] [point_cloud_assembler]: Reseting point cloud assembler as null odometry has been received.
[WARN] [1773307972.010611285] [point_cloud_assembler]: Reseting point cloud assembler as null odometry has been received.
[WARN] [1773307972.010764635] [point_cloud_assembler]: Reseting point cloud assembler as null odometry has been received.
[WARN] [1773307972.022135614] [point_cloud_assembler]: Reseting point cloud assembler as null odometry has been received.
[WARN] [1773307972.026203764] [point_cloud_assembler]: Reseting point cloud assembler as null odometry has been received.
[WARN] [1773307972.027681898] [point_cloud_assembler]: Reseting point cloud assembler as null odometry has been received.
[WARN] [1773307972.038737218] [point_cloud_assembler]: Reseting point cloud assembler as null odometry has been received.
[WARN] [1773307972.049747255] [point_cloud_assembler]: Reseting point cloud assembler as null odometry has been received.
[WARN] [1773307972.077100999] [point_cloud_assembler]: Reseting point cloud assembler as null odometry has been received.
[WARN] [1773307972.083495859] [point_cloud_assembler]: Reseting point cloud assembler as null odometry has been received.
[WARN] [1773307972.115391370] [point_cloud_assembler]: Reseting point cloud assembler as null odometry has been received.
[WARN] [1773307972.120521063] [point_cloud_assembler]: Reseting point cloud assembler as null odometry has been received.
[WARN] [1773307972.126189592] [point_cloud_assembler]: Reseting point cloud assembler as null odometry has been received.
[WARN] [1773307972.132487264] [point_cloud_assembler]: Reseting point cloud assembler as null odometry has been received.
[WARN] [1773307972.148925662] [point_cloud_assembler]: Reseting point cloud assembler as null odometry has been received.
[WARN] [1773307972.181552753] [point_cloud_assembler]: Reseting point cloud assembler as null odometry has been received.
[WARN] [1773307972.232522823] [point_cloud_assembler]: Reseting point cloud assembler as null odometry has been received.
[WARN] [1773307972.234174660] [point_cloud_assembler]: Reseting point cloud assembler as null odometry has been received.
[WARN] [1773307972.238306364] [point_cloud_assembler]: Reseting point cloud assembler as null odometry has been received.
[WARN] [1773307972.255028004] [point_cloud_assembler]: Reseting point cloud assembler as null odometry has been received.
[WARN] [1773307972.282405077] [point_cloud_assembler]: Reseting point cloud assembler as null odometry has been received.
[WARN] [1773307972.325682800] [point_cloud_assembler]: Reseting point cloud assembler as null odometry has been received.
[WARN] [1773307972.326407275] [point_cloud_assembler]: Reseting point cloud assembler as null odometry has been received.
[WARN] [1773307972.337051699] [point_cloud_assembler]: Reseting point cloud assembler as null odometry has been received.
[WARN] [1773307972.340097123] [point_cloud_assembler]: Reseting point cloud assembler as null odometry has been received.
[WARN] [1773307972.342214065] [point_cloud_assembler]: Reseting point cloud assembler as null odometry has been received.
[WARN] [1773307972.409710057] [point_cloud_assembler]: Reseting point cloud assembler as null odometry has been received.
[WARN] [1773307972.424772820] [point_cloud_assembler]: Reseting point cloud assembler as null odometry has been received.
[WARN] [1773307972.436827440] [point_cloud_assembler]: Reseting point cloud assembler as null odometry has been received.
[WARN] [1773307972.442491105] [point_cloud_assembler]: Reseting point cloud assembler as null odometry has been received.
[WARN] [1773307972.448767656] [point_cloud_assembler]: Reseting point cloud assembler as null odometry has been received.
[WARN] [1773307972.490589197] [point_cloud_assembler]: Reseting point cloud assembler as null odometry has been received.
[WARN] [1773307972.492133606] [point_cloud_assembler]: Reseting point cloud assembler as null odometry has been received.
[WARN] [1773307972.519640988] [point_cloud_assembler]: Reseting point cloud assembler as null odometry has been received.
[WARN] [1773307972.534730024] [point_cloud_assembler]: Reseting point cloud assembler as null odometry has been received.
[WARN] [1773307972.536151709] [point_cloud_assembler]: Reseting point cloud assembler as null odometry has been received.
[WARN] [1773307972.537875260] [point_cloud_assembler]: Reseting point cloud assembler as null odometry has been received.
[WARN] [1773307972.543135870] [point_cloud_assembler]: Reseting point cloud assembler as null odometry has been received.
[WARN] [1773307972.590977857] [point_cloud_assembler]: Reseting point cloud assembler as null odometry has been received.
[WARN] [1773307972.636389963] [point_cloud_assembler]: Reseting point cloud assembler as null odometry has been received.
[WARN] [1773307972.642115230] [point_cloud_assembler]: Reseting point cloud assembler as null odometry has been received.
[WARN] [1773307972.642452970] [point_cloud_assembler]: Reseting point cloud assembler as null odometry has been received.
[WARN] [1773307972.643639382] [point_cloud_assembler]: Reseting point cloud assembler as null odometry has been received.
[WARN] [1773307972.646201588] [point_cloud_assembler]: Reseting point cloud assembler as null odometry has been received.
[WARN] [1773307972.647952629] [point_cloud_assembler]: Reseting point cloud assembler as null odometry has been received.
[WARN] [1773307972.652525629] [point_cloud_assembler]: Reseting point cloud assembler as null odometry has been received.
[WARN] [1773307972.657201674] [point_cloud_assembler]: Reseting point cloud assembler as null odometry has been received.
[WARN] [1773307972.695144384] [point_cloud_assembler]: Reseting point cloud assembler as null odometry has been received.
[WARN] [1773307972.696525107] [point_cloud_assembler]: Reseting point cloud assembler as null odometry has been received.
[WARN] [1773307972.734253889] [point_cloud_assembler]: Reseting point cloud assembler as null odometry has been received.
[WARN] [1773307972.740596619] [point_cloud_assembler]: Reseting point cloud assembler as null odometry has been received.
[WARN] [1773307972.741602544] [point_cloud_assembler]: Reseting point cloud assembler as null odometry has been received.
[WARN] [1773307972.751350839] [point_cloud_assembler]: Reseting point cloud assembler as null odometry has been received.
[WARN] [1773307972.795379118] [point_cloud_assembler]: Reseting point cloud assembler as null odometry has been received.
[WARN] [1773307972.833270946] [point_cloud_assembler]: Reseting point cloud assembler as null odometry has been received.
[WARN] [1773307972.840022075] [point_cloud_assembler]: Reseting point cloud assembler as null odometry has been received.
[WARN] [1773307972.840707412] [point_cloud_assembler]: Reseting point cloud assembler as null odometry has been received.
[WARN] [1773307972.845714221] [point_cloud_assembler]: Reseting point cloud assembler as null odometry has been received.
[WARN] [1773307972.850921197] [point_cloud_assembler]: Reseting point cloud assembler as null odometry has been received.
[WARN] [1773307972.856840231] [point_cloud_assembler]: Reseting point cloud assembler as null odometry has been received.
[WARN] [1773307972.862884229] [point_cloud_assembler]: Reseting point cloud assembler as null odometry has been received.
[WARN] [1773307972.900272039] [point_cloud_assembler]: Reseting point cloud assembler as null odometry has been received.
[WARN] [1773307972.900436493] [point_cloud_assembler]: Reseting point cloud assembler as null odometry has been received.
[WARN] [1773307972.945239584] [point_cloud_assembler]: Reseting point cloud assembler as null odometry has been received.
[WARN] [1773307972.961121706] [point_cloud_assembler]: Reseting point cloud assembler as null odometry has been received.
[WARN] [1773307973.000419026] [point_cloud_assembler]: Reseting point cloud assembler as null odometry has been received.
[WARN] [1773307973.044479210] [point_cloud_assembler]: Reseting point cloud assembler as null odometry has been received.
[WARN] [1773307973.049133589] [point_cloud_assembler]: Reseting point cloud assembler as null odometry has been received.
[WARN] [1773307973.051819384] [point_cloud_assembler]: Reseting point cloud assembler as null odometry has been received.
[WARN] [1773307973.055287128] [point_cloud_assembler]: Reseting point cloud assembler as null odometry has been received.
[WARN] [1773307973.060363027] [point_cloud_assembler]: Reseting point cloud assembler as null odometry has been received.
[WARN] [1773307973.066701277] [point_cloud_assembler]: Reseting point cloud assembler as null odometry has been received.
[WARN] [1773307973.098642134] [point_cloud_assembler]: Reseting point cloud assembler as null odometry has been received.
[WARN] [1773307973.139732544] [point_cloud_assembler]: Reseting point cloud assembler as null odometry has been received.
[WARN] [1773307973.160743430] [point_cloud_assembler]: Reseting point cloud assembler as null odometry has been received.
[WARN] [1773307973.199425304] [point_cloud_assembler]: Reseting point cloud assembler as null odometry has been received.
[WARN] [1773307973.242694290] [point_cloud_assembler]: Reseting point cloud assembler as null odometry has been received.
[WARN] [1773307973.249593425] [point_cloud_assembler]: Reseting point cloud assembler as null odometry has been received.
[WARN] [1773307973.256123841] [point_cloud_assembler]: Reseting point cloud assembler as null odometry has been received.
[WARN] [1773307973.259921325] [point_cloud_assembler]: Reseting point cloud assembler as null odometry has been received.
[WARN] [1773307973.271036743] [point_cloud_assembler]: Reseting point cloud assembler as null odometry has been received.
[WARN] [1773307973.302953343] [point_cloud_assembler]: Reseting point cloud assembler as null odometry has been received.
[WARN] [1773307973.354244673] [point_cloud_assembler]: Reseting point cloud assembler as null odometry has been received.
[WARN] [1773307973.355132898] [point_cloud_assembler]: Reseting point cloud assembler as null odometry has been received.
[WARN] [1773307973.359538788] [point_cloud_assembler]: Reseting point cloud assembler as null odometry has been received.
[WARN] [1773307973.361423498] [point_cloud_assembler]: Reseting point cloud assembler as null odometry has been received.
[WARN] [1773307973.362210919] [point_cloud_assembler]: Reseting point cloud assembler as null odometry has been received.
[WARN] [1773307973.408328682] [point_cloud_assembler]: Reseting point cloud assembler as null odometry has been received.
[WARN] [1773307973.441017727] [point_cloud_assembler]: Reseting point cloud assembler as null odometry has been received.
[WARN] [1773307973.446571308] [point_cloud_assembler]: Reseting point cloud assembler as null odometry has been received.
[WARN] [1773307973.453687506] [point_cloud_assembler]: Reseting point cloud assembler as null odometry has been received.
[WARN] [1773307973.459962393] [point_cloud_assembler]: Reseting point cloud assembler as null odometry has been received.
[WARN] [1773307973.475337936] [point_cloud_assembler]: Reseting point cloud assembler as null odometry has been received.
[WARN] [1773307973.508237196] [point_cloud_assembler]: Reseting point cloud assembler as null odometry has been received.
[WARN] [1773307973.557574503] [point_cloud_assembler]: Reseting point cloud assembler as null odometry has been received.
[WARN] [1773307973.558713873] [point_cloud_assembler]: Reseting point cloud assembler as null odometry has been received.
[WARN] [1773307973.563777931] [point_cloud_assembler]: Reseting point cloud assembler as null odometry has been received.
[WARN] [1773307973.564919349] [point_cloud_assembler]: Reseting point cloud assembler as null odometry has been received.
[WARN] [1773307973.568716065] [point_cloud_assembler]: Reseting point cloud assembler as null odometry has been received.
[WARN] [1773307973.574218412] [point_cloud_assembler]: Reseting point cloud assembler as null odometry has been received.
[WARN] [1773307973.607659324] [point_cloud_assembler]: Reseting point cloud assembler as null odometry has been received.
[WARN] [1773307973.613271051] [point_cloud_assembler]: Reseting point cloud assembler as null odometry has been received.
[WARN] [1773307973.651630417] [point_cloud_assembler]: Reseting point cloud assembler as null odometry has been received.
[WARN] [1773307973.656968117] [point_cloud_assembler]: Reseting point cloud assembler as null odometry has been received.
[WARN] [1773307973.659699450] [point_cloud_assembler]: Reseting point cloud assembler as null odometry has been received.
[WARN] [1773307973.665036831] [point_cloud_assembler]: Reseting point cloud assembler as null odometry has been received.
[WARN] [1773307973.675605988] [point_cloud_assembler]: Reseting point cloud assembler as null odometry has been received.
[WARN] [1773307973.713586140] [point_cloud_assembler]: Reseting point cloud assembler as null odometry has been received.
[WARN] [1773307973.745508404] [point_cloud_assembler]: Reseting point cloud assembler as null odometry has been received.
[WARN] [1773307973.746185069] [point_cloud_assembler]: Reseting point cloud assembler as null odometry has been received.
[WARN] [1773307973.751335563] [point_cloud_assembler]: Reseting point cloud assembler as null odometry has been received.
[WARN] [1773307973.756552907] [point_cloud_assembler]: Reseting point cloud assembler as null odometry has been received.
[WARN] [1773307973.759141515] [point_cloud_assembler]: Reseting point cloud assembler as null odometry has been received.
[WARN] [1773307973.762890069] [point_cloud_assembler]: Reseting point cloud assembler as null odometry has been received.
[WARN] [1773307973.765722013] [point_cloud_assembler]: Reseting point cloud assembler as null odometry has been received.
[WARN] [1773307973.768468931] [point_cloud_assembler]: Reseting point cloud assembler as null odometry has been received.
[WARN] [1773307973.772740832] [point_cloud_assembler]: Reseting point cloud assembler as null odometry has been received.
[WARN] [1773307973.811041155] [point_cloud_assembler]: Reseting point cloud assembler as null odometry has been received.
[WARN] [1773307973.817204935] [point_cloud_assembler]: Reseting point cloud assembler as null odometry has been received.
[WARN] [1773307973.860562564] [point_cloud_assembler]: Reseting point cloud assembler as null odometry has been received.
[WARN] [1773307973.863934529] [point_cloud_assembler]: Reseting point cloud assembler as null odometry has been received.
[WARN] [1773307973.866439613] [point_cloud_assembler]: Reseting point cloud assembler as null odometry has been received.
[WARN] [1773307973.868827541] [point_cloud_assembler]: Reseting point cloud assembler as null odometry has been received.
[WARN] [1773307973.872453563] [point_cloud_assembler]: Reseting point cloud assembler as null odometry has been received.
[WARN] [1773307973.879246901] [point_cloud_assembler]: Reseting point cloud assembler as null odometry has been received.
[WARN] [1773307973.889098816] [point_cloud_assembler]: Reseting point cloud assembler as null odometry has been received.
[WARN] [1773307973.916640759] [point_cloud_assembler]: Reseting point cloud assembler as null odometry has been received.
[WARN] [1773307973.916873824] [point_cloud_assembler]: Reseting point cloud assembler as null odometry has been received.
[WARN] [1773307973.917406131] [point_cloud_assembler]: Reseting point cloud assembler as null odometry has been received.
[WARN] [1773307973.960863605] [point_cloud_assembler]: Reseting point cloud assembler as null odometry has been received.
[WARN] [1773307973.962826621] [point_cloud_assembler]: Reseting point cloud assembler as null odometry has been received.
[WARN] [1773307973.965826604] [point_cloud_assembler]: Reseting point cloud assembler as null odometry has been received.
[WARN] [1773307973.972407614] [point_cloud_assembler]: Reseting point cloud assembler as null odometry has been received.
[WARN] [1773307974.021617556] [point_cloud_assembler]: Reseting point cloud assembler as null odometry has been received.
[WARN] [1773307974.022339534] [point_cloud_assembler]: Reseting point cloud assembler as null odometry has been received.
[WARN] [1773307974.054989218] [point_cloud_assembler]: Reseting point cloud assembler as null odometry has been received.
[WARN] [1773307974.060502093] [point_cloud_assembler]: Reseting point cloud assembler as null odometry has been received.
[WARN] [1773307974.068428785] [point_cloud_assembler]: Reseting point cloud assembler as null odometry has been received.
[WARN] [1773307974.072598827] [point_cloud_assembler]: Reseting point cloud assembler as null odometry has been received.
[WARN] [1773307974.077096368] [point_cloud_assembler]: Reseting point cloud assembler as null odometry has been received.
[WARN] [1773307974.082849092] [point_cloud_assembler]: Reseting point cloud assembler as null odometry has been received.
[WARN] [1773307974.120612404] [point_cloud_assembler]: Reseting point cloud assembler as null odometry has been received.
[WARN] [1773307974.154068581] [point_cloud_assembler]: Reseting point cloud assembler as null odometry has been received.
[WARN] [1773307974.172378920] [point_cloud_assembler]: Reseting point cloud assembler as null odometry has been received.
[WARN] [1773307974.176510400] [point_cloud_assembler]: Reseting point cloud assembler as null odometry has been received.
[WARN] [1773307974.193347276] [point_cloud_assembler]: Reseting point cloud assembler as null odometry has been received.
[WARN] [1773307974.220858402] [point_cloud_assembler]: Reseting point cloud assembler as null odometry has been received.
[WARN] [1773307974.225781496] [point_cloud_assembler]: Reseting point cloud assembler as null odometry has been received.
[WARN] [1773307974.254405239] [point_cloud_assembler]: Reseting point cloud assembler as null odometry has been received.
[WARN] [1773307974.258953726] [point_cloud_assembler]: Reseting point cloud assembler as null odometry has been received.
[WARN] [1773307974.264659408] [point_cloud_assembler]: Reseting point cloud assembler as null odometry has been received.
[WARN] [1773307974.270397540] [point_cloud_assembler]: Reseting point cloud assembler as null odometry has been received.
[WARN] [1773307974.270882198] [point_cloud_assembler]: Reseting point cloud assembler as null odometry has been received.
[WARN] [1773307974.277091963] [point_cloud_assembler]: Reseting point cloud assembler as null odometry has been received.
[WARN] [1773307974.288771593] [point_cloud_assembler]: Reseting point cloud assembler as null odometry has been received.
[WARN] [1773307974.321636932] [point_cloud_assembler]: Reseting point cloud assembler as null odometry has been received.
[WARN] [1773307974.325632760] [point_cloud_assembler]: Reseting point cloud assembler as null odometry has been received.
[WARN] [1773307974.369722160] [point_cloud_assembler]: Reseting point cloud assembler as null odometry has been received.
[WARN] [1773307974.374911952] [point_cloud_assembler]: Reseting point cloud assembler as null odometry has been received.
[WARN] [1773307974.376580397] [point_cloud_assembler]: Reseting point cloud assembler as null odometry has been received.
[WARN] [1773307974.392403956] [point_cloud_assembler]: Reseting point cloud assembler as null odometry has been received.
[WARN] [1773307974.425193933] [point_cloud_assembler]: Reseting point cloud assembler as null odometry has been received.
[WARN] [1773307974.448345410] [point_cloud_assembler]: Reseting point cloud assembler as null odometry has been received.
[WARN] [1773307974.469005179] [point_cloud_assembler]: Reseting point cloud assembler as null odometry has been received.
[WARN] [1773307974.471149738] [point_cloud_assembler]: Reseting point cloud assembler as null odometry has been received.
[WARN] [1773307974.474952406] [point_cloud_assembler]: Reseting point cloud assembler as null odometry has been received.
[WARN] [1773307974.480496259] [point_cloud_assembler]: Reseting point cloud assembler as null odometry has been received.
[WARN] [1773307974.497077030] [point_cloud_assembler]: Reseting point cloud assembler as null odometry has been received.
[WARN] [1773307974.529103586] [point_cloud_assembler]: Reseting point cloud assembler as null odometry has been received.
[WARN] [1773307974.530860099] [point_cloud_assembler]: Reseting point cloud assembler as null odometry has been received.
[WARN] [1773307974.557545658] [point_cloud_assembler]: Reseting point cloud assembler as null odometry has been received.
[WARN] [1773307974.563232620] [point_cloud_assembler]: Reseting point cloud assembler as null odometry has been received.
[WARN] [1773307974.568555056] [point_cloud_assembler]: Reseting point cloud assembler as null odometry has been received.
[WARN] [1773307974.576078309] [point_cloud_assembler]: Reseting point cloud assembler as null odometry has been received.
[WARN] [1773307974.580476295] [point_cloud_assembler]: Reseting point cloud assembler as null odometry has been received.
[WARN] [1773307974.591388889] [point_cloud_assembler]: Reseting point cloud assembler as null odometry has been received.
[WARN] [1773307974.630492154] [point_cloud_assembler]: Reseting point cloud assembler as null odometry has been received.
[WARN] [1773307974.635276747] [point_cloud_assembler]: Reseting point cloud assembler as null odometry has been received.
[WARN] [1773307974.663401879] [point_cloud_assembler]: Reseting point cloud assembler as null odometry has been received.
[WARN] [1773307974.674128354] [point_cloud_assembler]: Reseting point cloud assembler as null odometry has been received.
[WARN] [1773307974.702862757] [point_cloud_assembler]: Reseting point cloud assembler as null odometry has been received.
[WARN] [1773307974.729084460] [point_cloud_assembler]: Reseting point cloud assembler as null odometry has been received.
[WARN] [1773307974.734959300] [point_cloud_assembler]: Reseting point cloud assembler as null odometry has been received.
[WARN] [1773307974.773370860] [point_cloud_assembler]: Reseting point cloud assembler as null odometry has been received.
[WARN] [1773307974.778835637] [point_cloud_assembler]: Reseting point cloud assembler as null odometry has been received.
[WARN] [1773307974.784971127] [point_cloud_assembler]: Reseting point cloud assembler as null odometry has been received.
[WARN] [1773307974.785924250] [point_cloud_assembler]: Reseting point cloud assembler as null odometry has been received.
[WARN] [1773307974.801180429] [point_cloud_assembler]: Reseting point cloud assembler as null odometry has been received.
[WARN] [1773307974.834691552] [point_cloud_assembler]: Reseting point cloud assembler as null odometry has been received.
[WARN] [1773307974.884672882] [point_cloud_assembler]: Reseting point cloud assembler as null odometry has been received.
[WARN] [1773307974.889614888] [point_cloud_assembler]: Reseting point cloud assembler as null odometry has been received.
[WARN] [1773307974.895449631] [point_cloud_assembler]: Reseting point cloud assembler as null odometry has been received.
[WARN] [1773307974.932955493] [point_cloud_assembler]: Reseting point cloud assembler as null odometry has been received.
[WARN] [1773307974.935198456] [point_cloud_assembler]: Reseting point cloud assembler as null odometry has been received.
[WARN] [1773307974.978191400] [point_cloud_assembler]: Reseting point cloud assembler as null odometry has been received.
[WARN] [1773307974.983105725] [point_cloud_assembler]: Reseting point cloud assembler as null odometry has been received.
[WARN] [1773307974.985546039] [point_cloud_assembler]: Reseting point cloud assembler as null odometry has been received.
[WARN] [1773307974.990195618] [point_cloud_assembler]: Reseting point cloud assembler as null odometry has been received.
[WARN] [1773307975.000714278] [point_cloud_assembler]: Reseting point cloud assembler as null odometry has been received.
[WARN] [1773307975.005227500] [point_cloud_assembler]: Reseting point cloud assembler as null odometry has been received.
[WARN] [1773307975.037933634] [point_cloud_assembler]: Reseting point cloud assembler as null odometry has been received.
[WARN] [1773307975.076731735] [point_cloud_assembler]: Reseting point cloud assembler as null odometry has been received.
[WARN] [1773307975.088812533] [point_cloud_assembler]: Reseting point cloud assembler as null odometry has been received.
[WARN] [1773307975.090639160] [point_cloud_assembler]: Reseting point cloud assembler as null odometry has been received.
[WARN] [1773307975.094780081] [point_cloud_assembler]: Reseting point cloud assembler as null odometry has been received.
[WARN] [1773307975.100082612] [point_cloud_assembler]: Reseting point cloud assembler as null odometry has been received.
[WARN] [1773307975.104585146] [point_cloud_assembler]: Reseting point cloud assembler as null odometry has been received.
[WARN] [1773307975.143549334] [point_cloud_assembler]: Reseting point cloud assembler as null odometry has been received.
[WARN] [1773307975.181433290] [point_cloud_assembler]: Reseting point cloud assembler as null odometry has been received.
[WARN] [1773307975.187962171] [point_cloud_assembler]: Reseting point cloud assembler as null odometry has been received.
[WARN] [1773307975.193958040] [point_cloud_assembler]: Reseting point cloud assembler as null odometry has been received.
[WARN] [1773307975.242501076] [point_cloud_assembler]: Reseting point cloud assembler as null odometry has been received.
[WARN] [1773307975.286455496] [point_cloud_assembler]: Reseting point cloud assembler as null odometry has been received.
[WARN] [1773307975.289117674] [point_cloud_assembler]: Reseting point cloud assembler as null odometry has been received.
[WARN] [1773307975.294130627] [point_cloud_assembler]: Reseting point cloud assembler as null odometry has been received.
[WARN] [1773307975.303413401] [point_cloud_assembler]: Reseting point cloud assembler as null odometry has been received.
[WARN] [1773307975.308913252] [point_cloud_assembler]: Reseting point cloud assembler as null odometry has been received.
[WARN] [1773307975.348438965] [point_cloud_assembler]: Reseting point cloud assembler as null odometry has been received.
[WARN] [1773307975.393191558] [point_cloud_assembler]: Reseting point cloud assembler as null odometry has been received.
[WARN] [1773307975.394550808] [point_cloud_assembler]: Reseting point cloud assembler as null odometry has been received.
[WARN] [1773307975.398940634] [point_cloud_assembler]: Reseting point cloud assembler as null odometry has been received.
[WARN] [1773307975.403949298] [point_cloud_assembler]: Reseting point cloud assembler as null odometry has been received.
[WARN] [1773307975.415053771] [point_cloud_assembler]: Reseting point cloud assembler as null odometry has been received.
[WARN] [1773307975.446682361] [point_cloud_assembler]: Reseting point cloud assembler as null odometry has been received.
[WARN] [1773307975.448197073] [point_cloud_assembler]: Reseting point cloud assembler as null odometry has been received.
[WARN] [1773307975.485757881] [point_cloud_assembler]: Reseting point cloud assembler as null odometry has been received.
[WARN] [1773307975.492465808] [point_cloud_assembler]: Reseting point cloud assembler as null odometry has been received.
[WARN] [1773307975.496824913] [point_cloud_assembler]: Reseting point cloud assembler as null odometry has been received.
[WARN] [1773307975.502327964] [point_cloud_assembler]: Reseting point cloud assembler as null odometry has been received.
[WARN] [1773307975.508588867] [point_cloud_assembler]: Reseting point cloud assembler as null odometry has been received.
[WARN] [1773307975.547609953] [point_cloud_assembler]: Reseting point cloud assembler as null odometry has been received.
[WARN] [1773307975.590618386] [point_cloud_assembler]: Reseting point cloud assembler as null odometry has been received.
[WARN] [1773307975.602673294] [point_cloud_assembler]: Reseting point cloud assembler as null odometry has been received.
[WARN] [1773307975.604478256] [point_cloud_assembler]: Reseting point cloud assembler as null odometry has been received.
[WARN] [1773307975.607040911] [point_cloud_assembler]: Reseting point cloud assembler as null odometry has been received.
[WARN] [1773307975.651171497] [point_cloud_assembler]: Reseting point cloud assembler as null odometry has been received.
[WARN] [1773307975.703059553] [point_cloud_assembler]: Reseting point cloud assembler as null odometry has been received.
[WARN] [1773307975.707182009] [point_cloud_assembler]: Reseting point cloud assembler as null odometry has been received.
[WARN] [1773307975.708946938] [point_cloud_assembler]: Reseting point cloud assembler as null odometry has been received.
[WARN] [1773307975.751045482] [point_cloud_assembler]: Reseting point cloud assembler as null odometry has been received.
[WARN] [1773307975.790574906] [point_cloud_assembler]: Reseting point cloud assembler as null odometry has been received.
[WARN] [1773307975.794906330] [point_cloud_assembler]: Reseting point cloud assembler as null odometry has been received.
[WARN] [1773307975.801273157] [point_cloud_assembler]: Reseting point cloud assembler as null odometry has been received.
[WARN] [1773307975.868987812] [point_cloud_assembler]: Reseting point cloud assembler as null odometry has been received.
[WARN] [1773307975.895767391] [point_cloud_assembler]: Reseting point cloud assembler as null odometry has been received.
[WARN] [1773307975.901209896] [point_cloud_assembler]: Reseting point cloud assembler as null odometry has been received.
[WARN] [1773307975.905403650] [point_cloud_assembler]: Reseting point cloud assembler as null odometry has been received.
[WARN] [1773307975.906497002] [point_cloud_assembler]: Reseting point cloud assembler as null odometry has been received.
[WARN] [1773307975.908696956] [point_cloud_assembler]: Reseting point cloud assembler as null odometry has been received.
[WARN] [1773307975.911740556] [point_cloud_assembler]: Reseting point cloud assembler as null odometry has been received.
[WARN] [1773307975.917536801] [point_cloud_assembler]: Reseting point cloud assembler as null odometry has been received.
[WARN] [1773307975.955779107] [point_cloud_assembler]: Reseting point cloud assembler as null odometry has been received.
[WARN] [1773307975.960656278] [point_cloud_assembler]: Reseting point cloud assembler as null odometry has been received.
[WARN] [1773307975.999072542] [point_cloud_assembler]: Reseting point cloud assembler as null odometry has been received.
[WARN] [1773307976.005177375] [point_cloud_assembler]: Reseting point cloud assembler as null odometry has been received.
[WARN] [1773307976.005331269] [point_cloud_assembler]: Reseting point cloud assembler as null odometry has been received.
[WARN] [1773307976.007918468] [point_cloud_assembler]: Reseting point cloud assembler as null odometry has been received.
[WARN] [1773307976.011031927] [point_cloud_assembler]: Reseting point cloud assembler as null odometry has been received.
[WARN] [1773307976.022565408] [point_cloud_assembler]: Reseting point cloud assembler as null odometry has been received.
[WARN] [1773307976.060911365] [point_cloud_assembler]: Reseting point cloud assembler as null odometry has been received.
[WARN] [1773307976.092849982] [point_cloud_assembler]: Reseting point cloud assembler as null odometry has been received.
[WARN] [1773307976.104219137] [point_cloud_assembler]: Reseting point cloud assembler as null odometry has been received.
[WARN] [1773307976.104974941] [point_cloud_assembler]: Reseting point cloud assembler as null odometry has been received.
[WARN] [1773307976.110919096] [point_cloud_assembler]: Reseting point cloud assembler as null odometry has been received.
[WARN] [1773307976.112654104] [point_cloud_assembler]: Reseting point cloud assembler as null odometry has been received.
[WARN] [1773307976.121590337] [point_cloud_assembler]: Reseting point cloud assembler as null odometry has been received.
[WARN] [1773307976.128008558] [point_cloud_assembler]: Reseting point cloud assembler as null odometry has been received.
[WARN] [1773307976.160115309] [point_cloud_assembler]: Reseting point cloud assembler as null odometry has been received.
[WARN] [1773307976.199903399] [point_cloud_assembler]: Reseting point cloud assembler as null odometry has been received.
[WARN] [1773307976.210235204] [point_cloud_assembler]: Reseting point cloud assembler as null odometry has been received.
[WARN] [1773307976.212453846] [point_cloud_assembler]: Reseting point cloud assembler as null odometry has been received.
[WARN] [1773307976.213574431] [point_cloud_assembler]: Reseting point cloud assembler as null odometry has been received.
[WARN] [1773307976.216677329] [point_cloud_assembler]: Reseting point cloud assembler as null odometry has been received.
[WARN] [1773307976.220721094] [point_cloud_assembler]: Reseting point cloud assembler as null odometry has been received.
[WARN] [1773307976.264153255] [point_cloud_assembler]: Reseting point cloud assembler as null odometry has been received.
[WARN] [1773307976.303506353] [point_cloud_assembler]: Reseting point cloud assembler as null odometry has been received.
[WARN] [1773307976.309921278] [point_cloud_assembler]: Reseting point cloud assembler as null odometry has been received.
[WARN] [1773307976.312324534] [point_cloud_assembler]: Reseting point cloud assembler as null odometry has been received.
[WARN] [1773307976.314612587] [point_cloud_assembler]: Reseting point cloud assembler as null odometry has been received.
[WARN] [1773307976.321262176] [point_cloud_assembler]: Reseting point cloud assembler as null odometry has been received.
[WARN] [1773307976.326629349] [point_cloud_assembler]: Reseting point cloud assembler as null odometry has been received.
[WARN] [1773307976.364797956] [point_cloud_assembler]: Reseting point cloud assembler as null odometry has been received.
[WARN] [1773307976.369130628] [point_cloud_assembler]: Reseting point cloud assembler as null odometry has been received.
[WARN] [1773307976.402833342] [point_cloud_assembler]: Reseting point cloud assembler as null odometry has been received.
[WARN] [1773307976.414767030] [point_cloud_assembler]: Reseting point cloud assembler as null odometry has been received.
[WARN] [1773307976.416524982] [point_cloud_assembler]: Reseting point cloud assembler as null odometry has been received.
[WARN] [1773307976.419625449] [point_cloud_assembler]: Reseting point cloud assembler as null odometry has been received.
[WARN] [1773307976.426249213] [point_cloud_assembler]: Reseting point cloud assembler as null odometry has been received.
[WARN] [1773307976.464467709] [point_cloud_assembler]: Reseting point cloud assembler as null odometry has been received.
[WARN] [1773307976.470193168] [point_cloud_assembler]: Reseting point cloud assembler as null odometry has been received.
[WARN] [1773307976.502760544] [point_cloud_assembler]: Reseting point cloud assembler as null odometry has been received.
[WARN] [1773307976.514314986] [point_cloud_assembler]: Reseting point cloud assembler as null odometry has been received.
[WARN] [1773307976.515593369] [point_cloud_assembler]: Reseting point cloud assembler as null odometry has been received.
[WARN] [1773307976.521166695] [point_cloud_assembler]: Reseting point cloud assembler as null odometry has been received.
[WARN] [1773307976.524907760] [point_cloud_assembler]: Reseting point cloud assembler as null odometry has been received.
[WARN] [1773307976.531354686] [point_cloud_assembler]: Reseting point cloud assembler as null odometry has been received.
[WARN] [1773307976.541133382] [point_cloud_assembler]: Reseting point cloud assembler as null odometry has been received.
[WARN] [1773307976.569900491] [point_cloud_assembler]: Reseting point cloud assembler as null odometry has been received.
[WARN] [1773307976.607051876] [point_cloud_assembler]: Reseting point cloud assembler as null odometry has been received.
[WARN] [1773307976.613172165] [point_cloud_assembler]: Reseting point cloud assembler as null odometry has been received.
[WARN] [1773307976.618685808] [point_cloud_assembler]: Reseting point cloud assembler as null odometry has been received.
[WARN] [1773307976.622585216] [point_cloud_assembler]: Reseting point cloud assembler as null odometry has been received.
[WARN] [1773307976.640529301] [point_cloud_assembler]: Reseting point cloud assembler as null odometry has been received.
[WARN] [1773307976.673883043] [point_cloud_assembler]: Reseting point cloud assembler as null odometry has been received.
[WARN] [1773307976.707886056] [point_cloud_assembler]: Reseting point cloud assembler as null odometry has been received.
[WARN] [1773307976.712947938] [point_cloud_assembler]: Reseting point cloud assembler as null odometry has been received.
[WARN] [1773307976.724026331] [point_cloud_assembler]: Reseting point cloud assembler as null odometry has been received.
[WARN] [1773307976.724519149] [point_cloud_assembler]: Reseting point cloud assembler as null odometry has been received.
[WARN] [1773307976.725808252] [point_cloud_assembler]: Reseting point cloud assembler as null odometry has been received.
[WARN] [1773307976.729580807] [point_cloud_assembler]: Reseting point cloud assembler as null odometry has been received.
[WARN] [1773307976.734516509] [point_cloud_assembler]: Reseting point cloud assembler as null odometry has been received.
[WARN] [1773307976.773466297] [point_cloud_assembler]: Reseting point cloud assembler as null odometry has been received.
[WARN] [1773307976.816897625] [point_cloud_assembler]: Reseting point cloud assembler as null odometry has been received.
[WARN] [1773307976.818647386] [point_cloud_assembler]: Reseting point cloud assembler as null odometry has been received.
[WARN] [1773307976.822815891] [point_cloud_assembler]: Reseting point cloud assembler as null odometry has been received.
[WARN] [1773307976.823741589] [point_cloud_assembler]: Reseting point cloud assembler as null odometry has been received.
[WARN] [1773307976.824392749] [point_cloud_assembler]: Reseting point cloud assembler as null odometry has been received.
[WARN] [1773307976.829386341] [point_cloud_assembler]: Reseting point cloud assembler as null odometry has been received.
[WARN] [1773307976.845976873] [point_cloud_assembler]: Reseting point cloud assembler as null odometry has been received.
[WARN] [1773307976.878153995] [point_cloud_assembler]: Reseting point cloud assembler as null odometry has been received.
[WARN] [1773307976.906082384] [point_cloud_assembler]: Reseting point cloud assembler as null odometry has been received.
[WARN] [1773307976.910879745] [point_cloud_assembler]: Reseting point cloud assembler as null odometry has been received.
[WARN] [1773307976.916500464] [point_cloud_assembler]: Reseting point cloud assembler as null odometry has been received.
[WARN] [1773307976.923408430] [point_cloud_assembler]: Reseting point cloud assembler as null odometry has been received.
[WARN] [1773307976.930718460] [point_cloud_assembler]: Reseting point cloud assembler as null odometry has been received.
[WARN] [1773307976.934233085] [point_cloud_assembler]: Reseting point cloud assembler as null odometry has been received.
[WARN] [1773307976.945041515] [point_cloud_assembler]: Reseting point cloud assembler as null odometry has been received.
[WARN] [1773307976.977294000] [point_cloud_assembler]: Reseting point cloud assembler as null odometry has been received.
[WARN] [1773307977.016430354] [point_cloud_assembler]: Reseting point cloud assembler as null odometry has been received.
[WARN] [1773307977.021736662] [point_cloud_assembler]: Reseting point cloud assembler as null odometry has been received.
[WARN] [1773307977.023019717] [point_cloud_assembler]: Reseting point cloud assembler as null odometry has been received.
[WARN] [1773307977.023484214] [point_cloud_assembler]: Reseting point cloud assembler as null odometry has been received.
[WARN] [1773307977.027257569] [point_cloud_assembler]: Reseting point cloud assembler as null odometry has been received.
[WARN] [1773307977.030577212] [point_cloud_assembler]: Reseting point cloud assembler as null odometry has been received.
[WARN] [1773307977.044529374] [point_cloud_assembler]: Reseting point cloud assembler as null odometry has been received.
[WARN] [1773307977.079136377] [point_cloud_assembler]: Reseting point cloud assembler as null odometry has been received.
[WARN] [1773307977.082459604] [point_cloud_assembler]: Reseting point cloud assembler as null odometry has been received.
[WARN] [1773307977.110796328] [point_cloud_assembler]: Reseting point cloud assembler as null odometry has been received.
[WARN] [1773307977.122739584] [point_cloud_assembler]: Reseting point cloud assembler as null odometry has been received.
[WARN] [1773307977.126608047] [point_cloud_assembler]: Reseting point cloud assembler as null odometry has been received.
[WARN] [1773307977.132931896] [point_cloud_assembler]: Reseting point cloud assembler as null odometry has been received.
[WARN] [1773307977.135117992] [point_cloud_assembler]: Reseting point cloud assembler as null odometry has been received.
[WARN] [1773307977.139666544] [point_cloud_assembler]: Reseting point cloud assembler as null odometry has been received.
[WARN] [1773307977.149339316] [point_cloud_assembler]: Reseting point cloud assembler as null odometry has been received.
[WARN] [1773307977.181655803] [point_cloud_assembler]: Reseting point cloud assembler as null odometry has been received.
[WARN] [1773307977.209365977] [point_cloud_assembler]: Reseting point cloud assembler as null odometry has been received.
[WARN] [1773307977.221348050] [point_cloud_assembler]: Reseting point cloud assembler as null odometry has been received.
[WARN] [1773307977.226908255] [point_cloud_assembler]: Reseting point cloud assembler as null odometry has been received.
[WARN] [1773307977.232550991] [point_cloud_assembler]: Reseting point cloud assembler as null odometry has been received.
[WARN] [1773307977.243954451] [point_cloud_assembler]: Reseting point cloud assembler as null odometry has been received.
[WARN] [1773307977.282092113] [point_cloud_assembler]: Reseting point cloud assembler as null odometry has been received.
[WARN] [1773307977.286977061] [point_cloud_assembler]: Reseting point cloud assembler as null odometry has been received.
[WARN] [1773307977.326440115] [point_cloud_assembler]: Reseting point cloud assembler as null odometry has been received.
[WARN] [1773307977.330520073] [point_cloud_assembler]: Reseting point cloud assembler as null odometry has been received.
[WARN] [1773307977.336857107] [point_cloud_assembler]: Reseting point cloud assembler as null odometry has been received.
[WARN] [1773307977.339515381] [point_cloud_assembler]: Reseting point cloud assembler as null odometry has been received.
[WARN] [1773307977.386532698] [point_cloud_assembler]: Reseting point cloud assembler as null odometry has been received.
[WARN] [1773307977.424803484] [point_cloud_assembler]: Reseting point cloud assembler as null odometry has been received.
[WARN] [1773307977.430557776] [point_cloud_assembler]: Reseting point cloud assembler as null odometry has been received.
[WARN] [1773307977.431918210] [point_cloud_assembler]: Reseting point cloud assembler as null odometry has been received.
[WARN] [1773307977.437880286] [point_cloud_assembler]: Reseting point cloud assembler as null odometry has been received.
[WARN] [1773307977.442404965] [point_cloud_assembler]: Reseting point cloud assembler as null odometry has been received.
[WARN] [1773307977.486356024] [point_cloud_assembler]: Reseting point cloud assembler as null odometry has been received.
[WARN] [1773307977.490448879] [point_cloud_assembler]: Reseting point cloud assembler as null odometry has been received.
[WARN] [1773307977.491739327] [point_cloud_assembler]: Reseting point cloud assembler as null odometry has been received.
[WARN] [1773307977.536706104] [point_cloud_assembler]: Reseting point cloud assembler as null odometry has been received.
[WARN] [1773307977.541583788] [point_cloud_assembler]: Reseting point cloud assembler as null odometry has been received.
[WARN] [1773307977.571250449] [point_cloud_assembler]: Reseting point cloud assembler as null odometry has been received.
[WARN] [1773307977.591162095] [point_cloud_assembler]: Reseting point cloud assembler as null odometry has been received.
[WARN] [1773307977.630042120] [point_cloud_assembler]: Reseting point cloud assembler as null odometry has been received.
[WARN] [1773307977.636522838] [point_cloud_assembler]: Reseting point cloud assembler as null odometry has been received.
[WARN] [1773307977.641346312] [point_cloud_assembler]: Reseting point cloud assembler as null odometry has been received.
[WARN] [1773307977.642430000] [point_cloud_assembler]: Reseting point cloud assembler as null odometry has been received.
[WARN] [1773307977.646334336] [point_cloud_assembler]: Reseting point cloud assembler as null odometry has been received.
[WARN] [1773307977.648573970] [point_cloud_assembler]: Reseting point cloud assembler as null odometry has been received.
[WARN] [1773307977.658304441] [point_cloud_assembler]: Reseting point cloud assembler as null odometry has been received.
[WARN] [1773307977.690393912] [point_cloud_assembler]: Reseting point cloud assembler as null odometry has been received.
[WARN] [1773307977.741456785] [point_cloud_assembler]: Reseting point cloud assembler as null odometry has been received.
[WARN] [1773307977.742149067] [point_cloud_assembler]: Reseting point cloud assembler as null odometry has been received.
[WARN] [1773307977.747923712] [point_cloud_assembler]: Reseting point cloud assembler as null odometry has been received.
[WARN] [1773307977.795530842] [point_cloud_assembler]: Reseting point cloud assembler as null odometry has been received.
[WARN] [1773307977.839867996] [point_cloud_assembler]: Reseting point cloud assembler as null odometry has been received.
[WARN] [1773307977.841083753] [point_cloud_assembler]: Reseting point cloud assembler as null odometry has been received.
[WARN] [1773307977.845164383] [point_cloud_assembler]: Reseting point cloud assembler as null odometry has been received.
[WARN] [1773307977.862505182] [point_cloud_assembler]: Reseting point cloud assembler as null odometry has been received.
[WARN] [1773307977.931265796] [point_cloud_assembler]: Reseting point cloud assembler as null odometry has been received.
[WARN] [1773307977.946625562] [point_cloud_assembler]: Reseting point cloud assembler as null odometry has been received.
[WARN] [1773307977.950335907] [point_cloud_assembler]: Reseting point cloud assembler as null odometry has been received.
[WARN] [1773307977.952465042] [point_cloud_assembler]: Reseting point cloud assembler as null odometry has been received.
[WARN] [1773307977.956404547] [point_cloud_assembler]: Reseting point cloud assembler as null odometry has been received.
[WARN] [1773307977.962325725] [point_cloud_assembler]: Reseting point cloud assembler as null odometry has been received.
[WARN] [1773307977.994740808] [point_cloud_assembler]: Reseting point cloud assembler as null odometry has been received.
[WARN] [1773307977.999449333] [point_cloud_assembler]: Reseting point cloud assembler as null odometry has been received.
[WARN] [1773307978.000558302] [point_cloud_assembler]: Reseting point cloud assembler as null odometry has been received.
[WARN] [1773307978.045997449] [point_cloud_assembler]: Reseting point cloud assembler as null odometry has been received.
[WARN] [1773307978.047977426] [point_cloud_assembler]: Reseting point cloud assembler as null odometry has been received.
[WARN] [1773307978.051189544] [point_cloud_assembler]: Reseting point cloud assembler as null odometry has been received.
[WARN] [1773307978.054997396] [point_cloud_assembler]: Reseting point cloud assembler as null odometry has been received.
[WARN] [1773307978.060664901] [point_cloud_assembler]: Reseting point cloud assembler as null odometry has been received.
[WARN] [1773307978.066507772] [point_cloud_assembler]: Reseting point cloud assembler as null odometry has been received.
[WARN] [1773307978.135192224] [point_cloud_assembler]: Reseting point cloud assembler as null odometry has been received.
[WARN] [1773307978.143694777] [point_cloud_assembler]: Reseting point cloud assembler as null odometry has been received.
[WARN] [1773307978.150461042] [point_cloud_assembler]: Reseting point cloud assembler as null odometry has been received.
[WARN] [1773307978.155378728] [point_cloud_assembler]: Reseting point cloud assembler as null odometry has been received.
[WARN] [1773307978.161111355] [point_cloud_assembler]: Reseting point cloud assembler as null odometry has been received.
[WARN] [1773307978.228864444] [point_cloud_assembler]: Reseting point cloud assembler as null odometry has been received.
[WARN] [1773307978.242679609] [point_cloud_assembler]: Reseting point cloud assembler as null odometry has been received.
[WARN] [1773307978.249977574] [point_cloud_assembler]: Reseting point cloud assembler as null odometry has been received.
[WARN] [1773307978.250657759] [point_cloud_assembler]: Reseting point cloud assembler as null odometry has been received.
[WARN] [1773307978.255170341] [point_cloud_assembler]: Reseting point cloud assembler as null odometry has been received.
[WARN] [1773307978.260893784] [point_cloud_assembler]: Reseting point cloud assembler as null odometry has been received.
[WARN] [1773307978.265292218] [point_cloud_assembler]: Reseting point cloud assembler as null odometry has been received.
[WARN] [1773307978.270736099] [point_cloud_assembler]: Reseting point cloud assembler as null odometry has been received.
[WARN] [1773307978.306221855] [point_cloud_assembler]: Reseting point cloud assembler as null odometry has been received.
[WARN] [1773307978.353116479] [point_cloud_assembler]: Reseting point cloud assembler as null odometry has been received.
[WARN] [1773307978.358801072] [point_cloud_assembler]: Reseting point cloud assembler as null odometry has been received.
[WARN] [1773307978.364312571] [point_cloud_assembler]: Reseting point cloud assembler as null odometry has been received.
[WARN] [1773307978.365118873] [point_cloud_assembler]: Reseting point cloud assembler as null odometry has been received.
[WARN] [1773307978.371556870] [point_cloud_assembler]: Reseting point cloud assembler as null odometry has been received.
[WARN] [1773307978.439405451] [point_cloud_assembler]: Reseting point cloud assembler as null odometry has been received.
[WARN] [1773307978.441638909] [point_cloud_assembler]: Reseting point cloud assembler as null odometry has been received.
[WARN] [1773307978.448465721] [point_cloud_assembler]: Reseting point cloud assembler as null odometry has been received.
[WARN] [1773307978.453322892] [point_cloud_assembler]: Reseting point cloud assembler as null odometry has been received.
[WARN] [1773307978.454610395] [point_cloud_assembler]: Reseting point cloud assembler as null odometry has been received.
[WARN] [1773307978.457131384] [point_cloud_assembler]: Reseting point cloud assembler as null odometry has been received.
[WARN] [1773307978.459307944] [point_cloud_assembler]: Reseting point cloud assembler as null odometry has been received.
[WARN] [1773307978.464500583] [point_cloud_assembler]: Reseting point cloud assembler as null odometry has been received.
[WARN] [1773307978.470652202] [point_cloud_assembler]: Reseting point cloud assembler as null odometry has been received.
[WARN] [1773307978.507988042] [point_cloud_assembler]: Reseting point cloud assembler as null odometry has been received.
[WARN] [1773307978.546587769] [point_cloud_assembler]: Reseting point cloud assembler as null odometry has been received.
[WARN] [1773307978.552946051] [point_cloud_assembler]: Reseting point cloud assembler as null odometry has been received.
[WARN] [1773307978.556983800] [point_cloud_assembler]: Reseting point cloud assembler as null odometry has been received.
[WARN] [1773307978.558699319] [point_cloud_assembler]: Reseting point cloud assembler as null odometry has been received.
[WARN] [1773307978.560793732] [point_cloud_assembler]: Reseting point cloud assembler as null odometry has been received.
[WARN] [1773307978.564598128] [point_cloud_assembler]: Reseting point cloud assembler as null odometry has been received.
[WARN] [1773307978.569278461] [point_cloud_assembler]: Reseting point cloud assembler as null odometry has been received.
[WARN] [1773307978.575665288] [point_cloud_assembler]: Reseting point cloud assembler as null odometry has been received.
[WARN] [1773307978.608358429] [point_cloud_assembler]: Reseting point cloud assembler as null odometry has been received.
[WARN] [1773307978.612817025] [point_cloud_assembler]: Reseting point cloud assembler as null odometry has been received.
[WARN] [1773307978.656596207] [point_cloud_assembler]: Reseting point cloud assembler as null odometry has been received.
[WARN] [1773307978.657754841] [point_cloud_assembler]: Reseting point cloud assembler as null odometry has been received.
[WARN] [1773307978.659075594] [point_cloud_assembler]: Reseting point cloud assembler as null odometry has been received.
[WARN] [1773307978.663324711] [point_cloud_assembler]: Reseting point cloud assembler as null odometry has been received.
[WARN] [1773307978.668517830] [point_cloud_assembler]: Reseting point cloud assembler as null odometry has been received.
[WARN] [1773307978.674665801] [point_cloud_assembler]: Reseting point cloud assembler as null odometry has been received.
[WARN] [1773307978.712170287] [point_cloud_assembler]: Reseting point cloud assembler as null odometry has been received.
[WARN] [1773307978.745159374] [point_cloud_assembler]: Reseting point cloud assembler as null odometry has been received.
[WARN] [1773307978.751495192] [point_cloud_assembler]: Reseting point cloud assembler as null odometry has been received.
[WARN] [1773307978.763777661] [point_cloud_assembler]: Reseting point cloud assembler as null odometry has been received.
[WARN] [1773307978.773202968] [point_cloud_assembler]: Reseting point cloud assembler as null odometry has been received.
[WARN] [1773307978.774532457] [point_cloud_assembler]: Reseting point cloud assembler as null odometry has been received.
[WARN] [1773307978.812162196] [point_cloud_assembler]: Reseting point cloud assembler as null odometry has been received.
[WARN] [1773307978.816883618] [point_cloud_assembler]: Reseting point cloud assembler as null odometry has been received.
[WARN] [1773307978.857614911] [point_cloud_assembler]: Reseting point cloud assembler as null odometry has been received.
[WARN] [1773307978.862048674] [point_cloud_assembler]: Reseting point cloud assembler as null odometry has been received.
[WARN] [1773307978.866483366] [point_cloud_assembler]: Reseting point cloud assembler as null odometry has been received.
[WARN] [1773307978.867442185] [point_cloud_assembler]: Reseting point cloud assembler as null odometry has been received.
[WARN] [1773307978.869952837] [point_cloud_assembler]: Reseting point cloud assembler as null odometry has been received.
[WARN] [1773307978.872831024] [point_cloud_assembler]: Reseting point cloud assembler as null odometry has been received.
[WARN] [1773307978.878580291] [point_cloud_assembler]: Reseting point cloud assembler as null odometry has been received.
[WARN] [1773307978.916709089] [point_cloud_assembler]: Reseting point cloud assembler as null odometry has been received.
[WARN] [1773307978.950755975] [point_cloud_assembler]: Reseting point cloud assembler as null odometry has been received.
[WARN] [1773307978.955837379] [point_cloud_assembler]: Reseting point cloud assembler as null odometry has been received.
[WARN] [1773307978.962105258] [point_cloud_assembler]: Reseting point cloud assembler as null odometry has been received.
[WARN] [1773307978.966521164] [point_cloud_assembler]: Reseting point cloud assembler as null odometry has been received.
[WARN] [1773307978.971807375] [point_cloud_assembler]: Reseting point cloud assembler as null odometry has been received.
[WARN] [1773307979.016293494] [point_cloud_assembler]: Reseting point cloud assembler as null odometry has been received.
[WARN] [1773307979.021094375] [point_cloud_assembler]: Reseting point cloud assembler as null odometry has been received.
[WARN] [1773307979.066227783] [point_cloud_assembler]: Reseting point cloud assembler as null odometry has been received.
[WARN] [1773307979.066824317] [point_cloud_assembler]: Reseting point cloud assembler as null odometry has been received.
[WARN] [1773307979.071952474] [point_cloud_assembler]: Reseting point cloud assembler as null odometry has been received.
[WARN] [1773307979.073704442] [point_cloud_assembler]: Reseting point cloud assembler as null odometry has been received.
[WARN] [1773307979.078055547] [point_cloud_assembler]: Reseting point cloud assembler as null odometry has been received.
[WARN] [1773307979.145455214] [point_cloud_assembler]: Reseting point cloud assembler as null odometry has been received.
[WARN] [1773307979.154560990] [point_cloud_assembler]: Reseting point cloud assembler as null odometry has been received.
[WARN] [1773307979.165767483] [point_cloud_assembler]: Reseting point cloud assembler as null odometry has been received.
[WARN] [1773307979.171451660] [point_cloud_assembler]: Reseting point cloud assembler as null odometry has been received.
[WARN] [1773307979.178006270] [point_cloud_assembler]: Reseting point cloud assembler as null odometry has been received.
[WARN] [1773307979.182854993] [point_cloud_assembler]: Reseting point cloud assembler as null odometry has been received.
[WARN] [1773307979.193626654] [point_cloud_assembler]: Reseting point cloud assembler as null odometry has been received.
[WARN] [1773307979.221132179] [point_cloud_assembler]: Reseting point cloud assembler as null odometry has been received.
[WARN] [1773307979.242805554] [point_cloud_assembler]: Reseting point cloud assembler as null odometry has been received.
[WARN] [1773307979.265373266] [point_cloud_assembler]: Reseting point cloud assembler as null odometry has been received.
[WARN] [1773307979.272578843] [point_cloud_assembler]: Reseting point cloud assembler as null odometry has been received.
[WARN] [1773307979.276824632] [point_cloud_assembler]: Reseting point cloud assembler as null odometry has been received.
[WARN] [1773307979.277816348] [point_cloud_assembler]: Reseting point cloud assembler as null odometry has been received.
[WARN] [1773307979.325195854] [point_cloud_assembler]: Reseting point cloud assembler as null odometry has been received.
[WARN] [1773307979.364445045] [point_cloud_assembler]: Reseting point cloud assembler as null odometry has been received.
[WARN] [1773307979.365809447] [point_cloud_assembler]: Reseting point cloud assembler as null odometry has been received.
[WARN] [1773307979.371834661] [point_cloud_assembler]: Reseting point cloud assembler as null odometry has been received.
[WARN] [1773307979.376421102] [point_cloud_assembler]: Reseting point cloud assembler as null odometry has been received.
[WARN] [1773307979.382293735] [point_cloud_assembler]: Reseting point cloud assembler as null odometry has been received.
[WARN] [1773307979.425866508] [point_cloud_assembler]: Reseting point cloud assembler as null odometry has been received.
[WARN] [1773307979.469219562] [point_cloud_assembler]: Reseting point cloud assembler as null odometry has been received.
[WARN] [1773307979.481007708] [point_cloud_assembler]: Reseting point cloud assembler as null odometry has been received.
[WARN] [1773307979.481484846] [point_cloud_assembler]: Reseting point cloud assembler as null odometry has been received.
[WARN] [1773307979.497424313] [point_cloud_assembler]: Reseting point cloud assembler as null odometry has been received.
[WARN] [1773307979.530226546] [point_cloud_assembler]: Reseting point cloud assembler as null odometry has been received.
[WARN] [1773307979.568622841] [point_cloud_assembler]: Reseting point cloud assembler as null odometry has been received.
[WARN] [1773307979.581350702] [point_cloud_assembler]: Reseting point cloud assembler as null odometry has been received.
[WARN] [1773307979.586244067] [point_cloud_assembler]: Reseting point cloud assembler as null odometry has been received.
[WARN] [1773307979.596794343] [point_cloud_assembler]: Reseting point cloud assembler as null odometry has been received.
[WARN] [1773307979.665149407] [point_cloud_assembler]: Reseting point cloud assembler as null odometry has been received.
[WARN] [1773307979.668481945] [point_cloud_assembler]: Reseting point cloud assembler as null odometry has been received.
[WARN] [1773307979.674143786] [point_cloud_assembler]: Reseting point cloud assembler as null odometry has been received.
[WARN] [1773307979.681788580] [point_cloud_assembler]: Reseting point cloud assembler as null odometry has been received.
[WARN] [1773307979.703027058] [point_cloud_assembler]: Reseting point cloud assembler as null odometry has been received.
[WARN] [1773307979.728993519] [point_cloud_assembler]: Reseting point cloud assembler as null odometry has been received.
[WARN] [1773307979.730248766] [point_cloud_assembler]: Reseting point cloud assembler as null odometry has been received.
[WARN] [1773307979.734733827] [point_cloud_assembler]: Reseting point cloud assembler as null odometry has been received.
[WARN] [1773307979.762840591] [point_cloud_assembler]: Reseting point cloud assembler as null odometry has been received.
[WARN] [1773307979.773495639] [point_cloud_assembler]: Reseting point cloud assembler as null odometry has been received.
[WARN] [1773307979.781019949] [point_cloud_assembler]: Reseting point cloud assembler as null odometry has been received.
[WARN] [1773307979.785165829] [point_cloud_assembler]: Reseting point cloud assembler as null odometry has been received.
[WARN] [1773307979.786505623] [point_cloud_assembler]: Reseting point cloud assembler as null odometry has been received.
[WARN] [1773307979.795796333] [point_cloud_assembler]: Reseting point cloud assembler as null odometry has been received.
[WARN] [1773307979.801195540] [point_cloud_assembler]: Reseting point cloud assembler as null odometry has been received.
[WARN] [1773307979.834072336] [point_cloud_assembler]: Reseting point cloud assembler as null odometry has been received.
[WARN] [1773307979.883820633] [point_cloud_assembler]: Reseting point cloud assembler as null odometry has been received.
[WARN] [1773307979.885661085] [point_cloud_assembler]: Reseting point cloud assembler as null odometry has been received.
[WARN] [1773307979.889595374] [point_cloud_assembler]: Reseting point cloud assembler as null odometry has been received.
[WARN] [1773307979.895225885] [point_cloud_assembler]: Reseting point cloud assembler as null odometry has been received.
[WARN] [1773307979.900466111] [point_cloud_assembler]: Reseting point cloud assembler as null odometry has been received.
[WARN] [1773307979.933639109] [point_cloud_assembler]: Reseting point cloud assembler as null odometry has been received.
[WARN] [1773307979.977342064] [point_cloud_assembler]: Reseting point cloud assembler as null odometry has been received.
[WARN] [1773307979.984722656] [point_cloud_assembler]: Reseting point cloud assembler as null odometry has been received.
[WARN] [1773307980.000424194] [point_cloud_assembler]: Reseting point cloud assembler as null odometry has been received.
[WARN] [1773307980.068404780] [point_cloud_assembler]: Reseting point cloud assembler as null odometry has been received.
[WARN] [1773307980.077033545] [point_cloud_assembler]: Reseting point cloud assembler as null odometry has been received.
[WARN] [1773307980.088685463] [point_cloud_assembler]: Reseting point cloud assembler as null odometry has been received.
[WARN] [1773307980.089890883] [point_cloud_assembler]: Reseting point cloud assembler as null odometry has been received.
[WARN] [1773307980.090582749] [point_cloud_assembler]: Reseting point cloud assembler as null odometry has been received.
[WARN] [1773307980.096270830] [point_cloud_assembler]: Reseting point cloud assembler as null odometry has been received.
[WARN] [1773307980.105165366] [point_cloud_assembler]: Reseting point cloud assembler as null odometry has been received.
[WARN] [1773307980.147794585] [point_cloud_assembler]: Reseting point cloud assembler as null odometry has been received.
[WARN] [1773307980.189736291] [point_cloud_assembler]: Reseting point cloud assembler as null odometry has been received.
[WARN] [1773307980.194375342] [point_cloud_assembler]: Reseting point cloud assembler as null odometry has been received.
[WARN] [1773307980.196530013] [point_cloud_assembler]: Reseting point cloud assembler as null odometry has been received.
[WARN] [1773307980.262186289] [point_cloud_assembler]: Reseting point cloud assembler as null odometry has been received.
[WARN] [1773307980.287549464] [point_cloud_assembler]: Reseting point cloud assembler as null odometry has been received.
[WARN] [1773307980.289164339] [point_cloud_assembler]: Reseting point cloud assembler as null odometry has been received.
[WARN] [1773307980.294365235] [point_cloud_assembler]: Reseting point cloud assembler as null odometry has been received.
[WARN] [1773307980.300805984] [point_cloud_assembler]: Reseting point cloud assembler as null odometry has been received.
[WARN] [1773307980.347889479] [point_cloud_assembler]: Reseting point cloud assembler as null odometry has been received.
[WARN] [1773307980.381447708] [point_cloud_assembler]: Reseting point cloud assembler as null odometry has been received.
[WARN] [1773307980.386871812] [point_cloud_assembler]: Reseting point cloud assembler as null odometry has been received.
[WARN] [1773307980.392959812] [point_cloud_assembler]: Reseting point cloud assembler as null odometry has been received.
[WARN] [1773307980.393500984] [point_cloud_assembler]: Reseting point cloud assembler as null odometry has been received.
[WARN] [1773307980.404157441] [point_cloud_assembler]: Reseting point cloud assembler as null odometry has been received.
[WARN] [1773307980.447109456] [point_cloud_assembler]: Reseting point cloud assembler as null odometry has been received.
[WARN] [1773307980.486471898] [point_cloud_assembler]: Reseting point cloud assembler as null odometry has been received.
[WARN] [1773307980.491734076] [point_cloud_assembler]: Reseting point cloud assembler as null odometry has been received.
[WARN] [1773307980.492832389] [point_cloud_assembler]: Reseting point cloud assembler as null odometry has been received.
[WARN] [1773307980.497011903] [point_cloud_assembler]: Reseting point cloud assembler as null odometry has been received.
[WARN] [1773307980.500320473] [point_cloud_assembler]: Reseting point cloud assembler as null odometry has been received.
[WARN] [1773307980.503590289] [point_cloud_assembler]: Reseting point cloud assembler as null odometry has been received.
[WARN] [1773307980.509448521] [point_cloud_assembler]: Reseting point cloud assembler as null odometry has been received.
[WARN] [1773307980.546911150] [point_cloud_assembler]: Reseting point cloud assembler as null odometry has been received.
[WARN] [1773307980.596452591] [point_cloud_assembler]: Reseting point cloud assembler as null odometry has been received.
[WARN] [1773307980.599081072] [point_cloud_assembler]: Reseting point cloud assembler as null odometry has been received.
[WARN] [1773307980.602596562] [point_cloud_assembler]: Reseting point cloud assembler as null odometry has been received.
[WARN] [1773307980.603778461] [point_cloud_assembler]: Reseting point cloud assembler as null odometry has been received.
[WARN] [1773307980.613343902] [point_cloud_assembler]: Reseting point cloud assembler as null odometry has been received.
[WARN] [1773307980.651745861] [point_cloud_assembler]: Reseting point cloud assembler as null odometry has been received.
[WARN] [1773307980.652023215] [point_cloud_assembler]: Reseting point cloud assembler as null odometry has been received.
[WARN] [1773307980.696743743] [point_cloud_assembler]: Reseting point cloud assembler as null odometry has been received.
[WARN] [1773307980.701432812] [point_cloud_assembler]: Reseting point cloud assembler as null odometry has been received.
[WARN] [1773307980.703072777] [point_cloud_assembler]: Reseting point cloud assembler as null odometry has been received.
[WARN] [1773307980.704362968] [point_cloud_assembler]: Reseting point cloud assembler as null odometry has been received.
[WARN] [1773307980.707170944] [point_cloud_assembler]: Reseting point cloud assembler as null odometry has been received.
[WARN] [1773307980.713353380] [point_cloud_assembler]: Reseting point cloud assembler as null odometry has been received.
[WARN] [1773307980.719010804] [point_cloud_assembler]: Reseting point cloud assembler as null odometry has been received.
[WARN] [1773307980.751222935] [point_cloud_assembler]: Reseting point cloud assembler as null odometry has been received.
[WARN] [1773307980.789519290] [point_cloud_assembler]: Reseting point cloud assembler as null odometry has been received.
[WARN] [1773307980.796772006] [point_cloud_assembler]: Reseting point cloud assembler as null odometry has been received.
[WARN] [1773307980.800851708] [point_cloud_assembler]: Reseting point cloud assembler as null odometry has been received.
[WARN] [1773307980.802701056] [point_cloud_assembler]: Reseting point cloud assembler as null odometry has been received.
[WARN] [1773307980.806447914] [point_cloud_assembler]: Reseting point cloud assembler as null odometry has been received.
[WARN] [1773307980.807051809] [point_cloud_assembler]: Reseting point cloud assembler as null odometry has been received.
[WARN] [1773307980.808515190] [point_cloud_assembler]: Reseting point cloud assembler as null odometry has been received.
[WARN] [1773307980.812843606] [point_cloud_assembler]: Reseting point cloud assembler as null odometry has been received.
[WARN] [1773307980.881031879] [point_cloud_assembler]: Reseting point cloud assembler as null odometry has been received.
[WARN] [1773307980.889312344] [point_cloud_assembler]: Reseting point cloud assembler as null odometry has been received.
[WARN] [1773307980.900718044] [point_cloud_assembler]: Reseting point cloud assembler as null odometry has been received.
[WARN] [1773307980.902503518] [point_cloud_assembler]: Reseting point cloud assembler as null odometry has been received.
[WARN] [1773307980.904481255] [point_cloud_assembler]: Reseting point cloud assembler as null odometry has been received.
[WARN] [1773307980.906953538] [point_cloud_assembler]: Reseting point cloud assembler as null odometry has been received.
[WARN] [1773307980.907673053] [point_cloud_assembler]: Reseting point cloud assembler as null odometry has been received.
[WARN] [1773307980.911410566] [point_cloud_assembler]: Reseting point cloud assembler as null odometry has been received.
[WARN] [1773307980.918095197] [point_cloud_assembler]: Reseting point cloud assembler as null odometry has been received.
[WARN] [1773307980.954823750] [point_cloud_assembler]: Reseting point cloud assembler as null odometry has been received.
[WARN] [1773307980.960774114] [point_cloud_assembler]: Reseting point cloud assembler as null odometry has been received.
[WARN] [1773307980.960938568] [point_cloud_assembler]: Reseting point cloud assembler as null odometry has been received.
[WARN] [1773307980.989150999] [point_cloud_assembler]: Reseting point cloud assembler as null odometry has been received.
[WARN] [1773307981.000664768] [point_cloud_assembler]: Reseting point cloud assembler as null odometry has been received.
[WARN] [1773307981.006462837] [point_cloud_assembler]: Reseting point cloud assembler as null odometry has been received.
[WARN] [1773307981.006620059] [point_cloud_assembler]: Reseting point cloud assembler as null odometry has been received.
[WARN] [1773307981.008235095] [point_cloud_assembler]: Reseting point cloud assembler as null odometry has been received.
[WARN] [1773307981.011191204] [point_cloud_assembler]: Reseting point cloud assembler as null odometry has been received.
[WARN] [1773307981.012779422] [point_cloud_assembler]: Reseting point cloud assembler as null odometry has been received.
[WARN] [1773307981.056325091] [point_cloud_assembler]: Reseting point cloud assembler as null odometry has been received.
[WARN] [1773307981.104893281] [point_cloud_assembler]: Reseting point cloud assembler as null odometry has been received.
[WARN] [1773307981.109439752] [point_cloud_assembler]: Reseting point cloud assembler as null odometry has been received.
[WARN] [1773307981.110964545] [point_cloud_assembler]: Reseting point cloud assembler as null odometry has been received.
[WARN] [1773307981.160441952] [point_cloud_assembler]: Reseting point cloud assembler as null odometry has been received.
[WARN] [1773307981.193501442] [point_cloud_assembler]: Reseting point cloud assembler as null odometry has been received.
[WARN] [1773307981.209664022] [point_cloud_assembler]: Reseting point cloud assembler as null odometry has been received.
[WARN] [1773307981.211328787] [point_cloud_assembler]: Reseting point cloud assembler as null odometry has been received.
[WARN] [1773307981.216388046] [point_cloud_assembler]: Reseting point cloud assembler as null odometry has been received.
[WARN] [1773307981.221270370] [point_cloud_assembler]: Reseting point cloud assembler as null odometry has been received.
[WARN] [1773307981.226941395] [point_cloud_assembler]: Reseting point cloud assembler as null odometry has been received.
[WARN] [1773307981.264972460] [point_cloud_assembler]: Reseting point cloud assembler as null odometry has been received.
[WARN] [1773307981.303989034] [point_cloud_assembler]: Reseting point cloud assembler as null odometry has been received.
[WARN] [1773307981.308926720] [point_cloud_assembler]: Reseting point cloud assembler as null odometry has been received.
[WARN] [1773307981.315022561] [point_cloud_assembler]: Reseting point cloud assembler as null odometry has been received.
[WARN] [1773307981.316878789] [point_cloud_assembler]: Reseting point cloud assembler as null odometry has been received.
[WARN] [1773307981.339032405] [point_cloud_assembler]: Reseting point cloud assembler as null odometry has been received.
[WARN] [1773307981.365492517] [point_cloud_assembler]: Reseting point cloud assembler as null odometry has been received.
[WARN] [1773307981.397415197] [point_cloud_assembler]: Reseting point cloud assembler as null odometry has been received.
[WARN] [1773307981.408680092] [point_cloud_assembler]: Reseting point cloud assembler as null odometry has been received.
[WARN] [1773307981.414667737] [point_cloud_assembler]: Reseting point cloud assembler as null odometry has been received.
[WARN] [1773307981.419354790] [point_cloud_assembler]: Reseting point cloud assembler as null odometry has been received.
[WARN] [1773307981.425307585] [point_cloud_assembler]: Reseting point cloud assembler as null odometry has been received.
[WARN] [1773307981.436548895] [point_cloud_assembler]: Reseting point cloud assembler as null odometry has been received.
[WARN] [1773307981.464462020] [point_cloud_assembler]: Reseting point cloud assembler as null odometry has been received.
[WARN] [1773307981.502886540] [point_cloud_assembler]: Reseting point cloud assembler as null odometry has been received.
[WARN] [1773307981.503086963] [point_cloud_assembler]: Reseting point cloud assembler as null odometry has been received.
[WARN] [1773307981.507815810] [point_cloud_assembler]: Reseting point cloud assembler as null odometry has been received.
[WARN] [1773307981.513557845] [point_cloud_assembler]: Reseting point cloud assembler as null odometry has been received.
[WARN] [1773307981.518776053] [point_cloud_assembler]: Reseting point cloud assembler as null odometry has been received.
[WARN] [1773307981.519697495] [point_cloud_assembler]: Reseting point cloud assembler as null odometry has been received.
[WARN] [1773307981.521240048] [point_cloud_assembler]: Reseting point cloud assembler as null odometry has been received.
[WARN] [1773307981.525745270] [point_cloud_assembler]: Reseting point cloud assembler as null odometry has been received.
[WARN] [1773307981.593677310] [point_cloud_assembler]: Reseting point cloud assembler as null odometry has been received.
[WARN] [1773307981.602517892] [point_cloud_assembler]: Reseting point cloud assembler as null odometry has been received.
[WARN] [1773307981.617093981] [point_cloud_assembler]: Reseting point cloud assembler as null odometry has been received.
[WARN] [1773307981.619568120] [point_cloud_assembler]: Reseting point cloud assembler as null odometry has been received.
[WARN] [1773307981.626001349] [point_cloud_assembler]: Reseting point cloud assembler as null odometry has been received.
[WARN] [1773307981.640926059] [point_cloud_assembler]: Reseting point cloud assembler as null odometry has been received.
[WARN] [1773307981.673515356] [point_cloud_assembler]: Reseting point cloud assembler as null odometry has been received.
[WARN] [1773307981.701438753] [point_cloud_assembler]: Reseting point cloud assembler as null odometry has been received.
[WARN] [1773307981.713169617] [point_cloud_assembler]: Reseting point cloud assembler as null odometry has been received.
[WARN] [1773307981.719236305] [point_cloud_assembler]: Reseting point cloud assembler as null odometry has been received.
[WARN] [1773307981.724681274] [point_cloud_assembler]: Reseting point cloud assembler as null odometry has been received.
[WARN] [1773307981.729753589] [point_cloud_assembler]: Reseting point cloud assembler as null odometry has been received.
[WARN] [1773307981.797998472] [point_cloud_assembler]: Reseting point cloud assembler as null odometry has been received.
[WARN] [1773307981.811404726] [point_cloud_assembler]: Reseting point cloud assembler as null odometry has been received.
[WARN] [1773307981.817733951] [point_cloud_assembler]: Reseting point cloud assembler as null odometry has been received.
[WARN] [1773307981.824989706] [point_cloud_assembler]: Reseting point cloud assembler as null odometry has been received.
[WARN] [1773307981.828856665] [point_cloud_assembler]: Reseting point cloud assembler as null odometry has been received.
[WARN] [1773307981.830376369] [point_cloud_assembler]: Reseting point cloud assembler as null odometry has been received.
[WARN] [1773307981.897029193] [point_cloud_assembler]: Reseting point cloud assembler as null odometry has been received.
[WARN] [1773307981.923387924] [point_cloud_assembler]: Reseting point cloud assembler as null odometry has been received.
[WARN] [1773307981.923927944] [point_cloud_assembler]: Reseting point cloud assembler as null odometry has been received.
[WARN] [1773307981.929796673] [point_cloud_assembler]: Reseting point cloud assembler as null odometry has been received.
[WARN] [1773307981.931038062] [point_cloud_assembler]: Reseting point cloud assembler as null odometry has been received.
[WARN] [1773307981.944991089] [point_cloud_assembler]: Reseting point cloud assembler as null odometry has been received.
[WARN] [1773307981.978216505] [point_cloud_assembler]: Reseting point cloud assembler as null odometry has been received.
[WARN] [1773307982.023595521] [point_cloud_assembler]: Reseting point cloud assembler as null odometry has been received.
[WARN] [1773307982.028229740] [point_cloud_assembler]: Reseting point cloud assembler as null odometry has been received.
[WARN] [1773307982.033456173] [point_cloud_assembler]: Reseting point cloud assembler as null odometry has been received.
[WARN] [1773307982.039031002] [point_cloud_assembler]: Reseting point cloud assembler as null odometry has been received.
[WARN] [1773307982.039634960] [point_cloud_assembler]: Reseting point cloud assembler as null odometry has been received.
[WARN] [1773307982.044602984] [point_cloud_assembler]: Reseting point cloud assembler as null odometry has been received.
[WARN] [1773307982.077029235] [point_cloud_assembler]: Reseting point cloud assembler as null odometry has been received.
[WARN] [1773307982.084156281] [point_cloud_assembler]: Reseting point cloud assembler as null odometry has been received.
[WARN] [1773307982.126958275] [point_cloud_assembler]: Reseting point cloud assembler as null odometry has been received.
[WARN] [1773307982.134498360] [point_cloud_assembler]: Reseting point cloud assembler as null odometry has been received.
[WARN] [1773307982.149412542] [point_cloud_assembler]: Reseting point cloud assembler as null odometry has been received.
[WARN] [1773307982.160620859] [point_cloud_assembler]: Reseting point cloud assembler as null odometry has been received.
[WARN] [1773307982.181873258] [point_cloud_assembler]: Reseting point cloud assembler as null odometry has been received.
[WARN] [1773307982.210427847] [point_cloud_assembler]: Reseting point cloud assembler as null odometry has been received.
[WARN] [1773307982.221398971] [point_cloud_assembler]: Reseting point cloud assembler as null odometry has been received.
[WARN] [1773307982.227607776] [point_cloud_assembler]: Reseting point cloud assembler as null odometry has been received.
[WARN] [1773307982.232801503] [point_cloud_assembler]: Reseting point cloud assembler as null odometry has been received.
[WARN] [1773307982.234631939] [point_cloud_assembler]: Reseting point cloud assembler as null odometry has been received.
[WARN] [1773307982.281491873] [point_cloud_assembler]: Reseting point cloud assembler as null odometry has been received.
[WARN] [1773307982.286814662] [point_cloud_assembler]: Reseting point cloud assembler as null odometry has been received.
[WARN] [1773307982.326451770] [point_cloud_assembler]: Reseting point cloud assembler as null odometry has been received.
[WARN] [1773307982.331497620] [point_cloud_assembler]: Reseting point cloud assembler as null odometry has been received.
[WARN] [1773307982.332827269] [point_cloud_assembler]: Reseting point cloud assembler as null odometry has been received.
[WARN] [1773307982.337818077] [point_cloud_assembler]: Reseting point cloud assembler as null odometry has been received.
[WARN] [1773307982.348993721] [point_cloud_assembler]: Reseting point cloud assembler as null odometry has been received.
[WARN] [1773307982.386962896] [point_cloud_assembler]: Reseting point cloud assembler as null odometry has been received.
[WARN] [1773307982.436914465] [point_cloud_assembler]: Reseting point cloud assembler as null odometry has been received.
[WARN] [1773307982.437288111] [point_cloud_assembler]: Reseting point cloud assembler as null odometry has been received.
[WARN] [1773307982.443424625] [point_cloud_assembler]: Reseting point cloud assembler as null odometry has been received.
[WARN] [1773307982.444029447] [point_cloud_assembler]: Reseting point cloud assembler as null odometry has been received.
[WARN] [1773307982.448318533] [point_cloud_assembler]: Reseting point cloud assembler as null odometry has been received.
[WARN] [1773307982.486512997] [point_cloud_assembler]: Reseting point cloud assembler as null odometry has been received.
[WARN] [1773307982.490966377] [point_cloud_assembler]: Reseting point cloud assembler as null odometry has been received.
[WARN] [1773307982.530572925] [point_cloud_assembler]: Reseting point cloud assembler as null odometry has been received.
[WARN] [1773307982.538494241] [point_cloud_assembler]: Reseting point cloud assembler as null odometry has been received.
[WARN] [1773307982.540955291] [point_cloud_assembler]: Reseting point cloud assembler as null odometry has been received.
[WARN] [1773307982.544338840] [point_cloud_assembler]: Reseting point cloud assembler as null odometry has been received.
[WARN] [1773307982.547801144] [point_cloud_assembler]: Reseting point cloud assembler as null odometry has been received.
[WARN] [1773307982.548078530] [point_cloud_assembler]: Reseting point cloud assembler as null odometry has been received.
[WARN] [1773307982.585842866] [point_cloud_assembler]: Reseting point cloud assembler as null odometry has been received.
[WARN] [1773307982.591015792] [point_cloud_assembler]: Reseting point cloud assembler as null odometry has been received.
[WARN] [1773307982.624402143] [point_cloud_assembler]: Reseting point cloud assembler as null odometry has been received.
[WARN] [1773307982.629957291] [point_cloud_assembler]: Reseting point cloud assembler as null odometry has been received.
[WARN] [1773307982.635374707] [point_cloud_assembler]: Reseting point cloud assembler as null odometry has been received.
[WARN] [1773307982.642735394] [point_cloud_assembler]: Reseting point cloud assembler as null odometry has been received.
[WARN] [1773307982.646826617] [point_cloud_assembler]: Reseting point cloud assembler as null odometry has been received.
[WARN] [1773307982.690941363] [point_cloud_assembler]: Reseting point cloud assembler as null odometry has been received.
[WARN] [1773307982.696620036] [point_cloud_assembler]: Reseting point cloud assembler as null odometry has been received.
[WARN] [1773307982.728966540] [point_cloud_assembler]: Reseting point cloud assembler as null odometry has been received.
[WARN] [1773307982.740623546] [point_cloud_assembler]: Reseting point cloud assembler as null odometry has been received.
[WARN] [1773307982.741775428] [point_cloud_assembler]: Reseting point cloud assembler as null odometry has been received.
[WARN] [1773307982.745539343] [point_cloud_assembler]: Reseting point cloud assembler as null odometry has been received.
[WARN] [1773307982.746735259] [point_cloud_assembler]: Reseting point cloud assembler as null odometry has been received.
[WARN] [1773307982.751484458] [point_cloud_assembler]: Reseting point cloud assembler as null odometry has been received.
[WARN] [1773307982.756918226] [point_cloud_assembler]: Reseting point cloud assembler as null odometry has been received.
[WARN] [1773307982.789449473] [point_cloud_assembler]: Reseting point cloud assembler as null odometry has been received.
[WARN] [1773307982.795119890] [point_cloud_assembler]: Reseting point cloud assembler as null odometry has been received.
[WARN] [1773307982.839406546] [point_cloud_assembler]: Reseting point cloud assembler as null odometry has been received.
[WARN] [1773307982.841421084] [point_cloud_assembler]: Reseting point cloud assembler as null odometry has been received.
[WARN] [1773307982.845462737] [point_cloud_assembler]: Reseting point cloud assembler as null odometry has been received.
[WARN] [1773307982.847749734] [point_cloud_assembler]: Reseting point cloud assembler as null odometry has been received.
[WARN] [1773307982.850995613] [point_cloud_assembler]: Reseting point cloud assembler as null odometry has been received.
[WARN] [1773307982.862644618] [point_cloud_assembler]: Reseting point cloud assembler as null odometry has been received.
[WARN] [1773307982.929461065] [point_cloud_assembler]: Reseting point cloud assembler as null odometry has been received.
[WARN] [1773307982.933399258] [point_cloud_assembler]: Reseting point cloud assembler as null odometry has been received.
[WARN] [1773307982.951834913] [point_cloud_assembler]: Reseting point cloud assembler as null odometry has been received.
[WARN] [1773307982.963873053] [point_cloud_assembler]: Reseting point cloud assembler as null odometry has been received.
[WARN] [1773307983.000636840] [point_cloud_assembler]: Reseting point cloud assembler as null odometry has been received.
[WARN] [1773307983.032418075] [point_cloud_assembler]: Reseting point cloud assembler as null odometry has been received.
[WARN] [1773307983.045057997] [point_cloud_assembler]: Reseting point cloud assembler as null odometry has been received.
[WARN] [1773307983.049957825] [point_cloud_assembler]: Reseting point cloud assembler as null odometry has been received.
[WARN] [1773307983.050941446] [point_cloud_assembler]: Reseting point cloud assembler as null odometry has been received.
[WARN] [1773307983.055250532] [point_cloud_assembler]: Reseting point cloud assembler as null odometry has been received.
[WARN] [1773307983.060673612] [point_cloud_assembler]: Reseting point cloud assembler as null odometry has been received.
[WARN] [1773307983.129545622] [point_cloud_assembler]: Reseting point cloud assembler as null odometry has been received.
[WARN] [1773307983.143858342] [point_cloud_assembler]: Reseting point cloud assembler as null odometry has been received.
[WARN] [1773307983.150294707] [point_cloud_assembler]: Reseting point cloud assembler as null odometry has been received.
[WARN] [1773307983.155053218] [point_cloud_assembler]: Reseting point cloud assembler as null odometry has been received.
[WARN] [1773307983.156516856] [point_cloud_assembler]: Reseting point cloud assembler as null odometry has been received.
[WARN] [1773307983.160620784] [point_cloud_assembler]: Reseting point cloud assembler as null odometry has been received.
[WARN] [1773307983.161472047] [point_cloud_assembler]: Reseting point cloud assembler as null odometry has been received.
[WARN] [1773307983.229230544] [point_cloud_assembler]: Reseting point cloud assembler as null odometry has been received.
[WARN] [1773307983.236929804] [point_cloud_assembler]: Reseting point cloud assembler as null odometry has been received.
[WARN] [1773307983.242868167] [point_cloud_assembler]: Reseting point cloud assembler as null odometry has been received.
[WARN] [1773307983.248660060] [point_cloud_assembler]: Reseting point cloud assembler as null odometry has been received.
[WARN] [1773307983.250898543] [point_cloud_assembler]: Reseting point cloud assembler as null odometry has been received.
[WARN] [1773307983.254632792] [point_cloud_assembler]: Reseting point cloud assembler as null odometry has been received.
[WARN] [1773307983.257292378] [point_cloud_assembler]: Reseting point cloud assembler as null odometry has been received.
[WARN] [1773307983.265341763] [point_cloud_assembler]: Reseting point cloud assembler as null odometry has been received.
[WARN] [1773307983.303751498] [point_cloud_assembler]: Reseting point cloud assembler as null odometry has been received.
[WARN] [1773307983.353802111] [point_cloud_assembler]: Reseting point cloud assembler as null odometry has been received.
[WARN] [1773307983.354478424] [point_cloud_assembler]: Reseting point cloud assembler as null odometry has been received.
[WARN] [1773307983.359640854] [point_cloud_assembler]: Reseting point cloud assembler as null odometry has been received.
[WARN] [1773307983.359772059] [point_cloud_assembler]: Reseting point cloud assembler as null odometry has been received.
[WARN] [1773307983.364739186] [point_cloud_assembler]: Reseting point cloud assembler as null odometry has been received.
[WARN] [1773307983.432603703] [point_cloud_assembler]: Reseting point cloud assembler as null odometry has been received.
[WARN] [1773307983.447900491] [point_cloud_assembler]: Reseting point cloud assembler as null odometry has been received.
[WARN] [1773307983.453153676] [point_cloud_assembler]: Reseting point cloud assembler as null odometry has been received.
[WARN] [1773307983.455613831] [point_cloud_assembler]: Reseting point cloud assembler as null odometry has been received.
[WARN] [1773307983.457861658] [point_cloud_assembler]: Reseting point cloud assembler as null odometry has been received.
[WARN] [1773307983.457994271] [point_cloud_assembler]: Reseting point cloud assembler as null odometry has been received.
[WARN] [1773307983.480868490] [point_cloud_assembler]: Reseting point cloud assembler as null odometry has been received.
[WARN] [1773307983.546664802] [point_cloud_assembler]: Reseting point cloud assembler as null odometry has been received.
[WARN] [1773307983.552677344] [point_cloud_assembler]: Reseting point cloud assembler as null odometry has been received.
[WARN] [1773307983.554336541] [point_cloud_assembler]: Reseting point cloud assembler as null odometry has been received.
[WARN] [1773307983.560276184] [point_cloud_assembler]: Reseting point cloud assembler as null odometry has been received.
[WARN] [1773307983.563756760] [point_cloud_assembler]: Reseting point cloud assembler as null odometry has been received.
[WARN] [1773307983.569915995] [point_cloud_assembler]: Reseting point cloud assembler as null odometry has been received.
[WARN] [1773307983.608235871] [point_cloud_assembler]: Reseting point cloud assembler as null odometry has been received.
[WARN] [1773307983.657832579] [point_cloud_assembler]: Reseting point cloud assembler as null odometry has been received.
[WARN] [1773307983.662546129] [point_cloud_assembler]: Reseting point cloud assembler as null odometry has been received.
[WARN] [1773307983.663943076] [point_cloud_assembler]: Reseting point cloud assembler as null odometry has been received.
[WARN] [1773307983.713690222] [point_cloud_assembler]: Reseting point cloud assembler as null odometry has been received.
[WARN] [1773307983.713887797] [point_cloud_assembler]: Reseting point cloud assembler as null odometry has been received.
[WARN] [1773307983.756846212] [point_cloud_assembler]: Reseting point cloud assembler as null odometry has been received.
[WARN] [1773307983.761001533] [point_cloud_assembler]: Reseting point cloud assembler as null odometry has been received.
[WARN] [1773307983.767471948] [point_cloud_assembler]: Reseting point cloud assembler as null odometry has been received.
[WARN] [1773307983.769988136] [point_cloud_assembler]: Reseting point cloud assembler as null odometry has been received.
[WARN] [1773307983.774754456] [point_cloud_assembler]: Reseting point cloud assembler as null odometry has been received.
[WARN] [1773307983.817192244] [point_cloud_assembler]: Reseting point cloud assembler as null odometry has been received.
[WARN] [1773307983.857273721] [point_cloud_assembler]: Reseting point cloud assembler as null odometry has been received.
[WARN] [1773307983.862337972] [point_cloud_assembler]: Reseting point cloud assembler as null odometry has been received.
[WARN] [1773307983.863801994] [point_cloud_assembler]: Reseting point cloud assembler as null odometry has been received.
[WARN] [1773307983.867115556] [point_cloud_assembler]: Reseting point cloud assembler as null odometry has been received.
[WARN] [1773307983.874327470] [point_cloud_assembler]: Reseting point cloud assembler as null odometry has been received.
[WARN] [1773307983.917304221] [point_cloud_assembler]: Reseting point cloud assembler as null odometry has been received.
[WARN] [1773307983.950409089] [point_cloud_assembler]: Reseting point cloud assembler as null odometry has been received.
[WARN] [1773307983.961322036] [point_cloud_assembler]: Reseting point cloud assembler as null odometry has been received.
[WARN] [1773307983.968307861] [point_cloud_assembler]: Reseting point cloud assembler as null odometry has been received.
[WARN] [1773307983.968471387] [point_cloud_assembler]: Reseting point cloud assembler as null odometry has been received.
[WARN] [1773307983.974238480] [point_cloud_assembler]: Reseting point cloud assembler as null odometry has been received.
[WARN] [1773307984.016795248] [point_cloud_assembler]: Reseting point cloud assembler as null odometry has been received.
[WARN] [1773307984.021121071] [point_cloud_assembler]: Reseting point cloud assembler as null odometry has been received.
[WARN] [1773307984.022993108] [point_cloud_assembler]: Reseting point cloud assembler as null odometry has been received.
[WARN] [1773307984.060605118] [point_cloud_assembler]: Reseting point cloud assembler as null odometry has been received.
[WARN] [1773307984.064998016] [point_cloud_assembler]: Reseting point cloud assembler as null odometry has been received.
[WARN] [1773307984.073744099] [point_cloud_assembler]: Reseting point cloud assembler as null odometry has been received.
[WARN] [1773307984.074451101] [point_cloud_assembler]: Reseting point cloud assembler as null odometry has been received.
[WARN] [1773307984.079702494] [point_cloud_assembler]: Reseting point cloud assembler as null odometry has been received.
[WARN] [1773307984.122082424] [point_cloud_assembler]: Reseting point cloud assembler as null odometry has been received.
[WARN] [1773307984.165402452] [point_cloud_assembler]: Reseting point cloud assembler as null odometry has been received.
[WARN] [1773307984.177397711] [point_cloud_assembler]: Reseting point cloud assembler as null odometry has been received.
[WARN] [1773307984.183867869] [point_cloud_assembler]: Reseting point cloud assembler as null odometry has been received.
[WARN] [1773307984.221050071] [point_cloud_assembler]: Reseting point cloud assembler as null odometry has been received.
[WARN] [1773307984.227007347] [point_cloud_assembler]: Reseting point cloud assembler as null odometry has been received.
[WARN] [1773307984.254765394] [point_cloud_assembler]: Reseting point cloud assembler as null odometry has been received.
[WARN] [1773307984.265836522] [point_cloud_assembler]: Reseting point cloud assembler as null odometry has been received.
[WARN] [1773307984.271690625] [point_cloud_assembler]: Reseting point cloud assembler as null odometry has been received.
[WARN] [1773307984.272094640] [point_cloud_assembler]: Reseting point cloud assembler as null odometry has been received.
[WARN] [1773307984.276894337] [point_cloud_assembler]: Reseting point cloud assembler as null odometry has been received.
[WARN] [1773307984.326247804] [point_cloud_assembler]: Reseting point cloud assembler as null odometry has been received.
[WARN] [1773307984.353485448] [point_cloud_assembler]: Reseting point cloud assembler as null odometry has been received.
[WARN] [1773307984.370957708] [point_cloud_assembler]: Reseting point cloud assembler as null odometry has been received.
[WARN] [1773307984.373324771] [point_cloud_assembler]: Reseting point cloud assembler as null odometry has been received.
[WARN] [1773307984.376983786] [point_cloud_assembler]: Reseting point cloud assembler as null odometry has been received.
[WARN] [1773307984.426363526] [point_cloud_assembler]: Reseting point cloud assembler as null odometry has been received.
[WARN] [1773307984.463399866] [point_cloud_assembler]: Reseting point cloud assembler as null odometry has been received.
[WARN] [1773307984.470402108] [point_cloud_assembler]: Reseting point cloud assembler as null odometry has been received.
[WARN] [1773307984.476896012] [point_cloud_assembler]: Reseting point cloud assembler as null odometry has been received.
[WARN] [1773307984.481684828] [point_cloud_assembler]: Reseting point cloud assembler as null odometry has been received.
[WARN] [1773307984.487277482] [point_cloud_assembler]: Reseting point cloud assembler as null odometry has been received.
[WARN] [1773307984.530124245] [point_cloud_assembler]: Reseting point cloud assembler as null odometry has been received.
[WARN] [1773307984.569824076] [point_cloud_assembler]: Reseting point cloud assembler as null odometry has been received.
[WARN] [1773307984.575315447] [point_cloud_assembler]: Reseting point cloud assembler as null odometry has been received.
[WARN] [1773307984.581896105] [point_cloud_assembler]: Reseting point cloud assembler as null odometry has been received.
[WARN] [1773307984.582092369] [point_cloud_assembler]: Reseting point cloud assembler as null odometry has been received.
[WARN] [1773307984.597683791] [point_cloud_assembler]: Reseting point cloud assembler as null odometry has been received.
[WARN] [1773307984.630112634] [point_cloud_assembler]: Reseting point cloud assembler as null odometry has been received.
[WARN] [1773307984.680816615] [point_cloud_assembler]: Reseting point cloud assembler as null odometry has been received.
[WARN] [1773307984.682254716] [point_cloud_assembler]: Reseting point cloud assembler as null odometry has been received.
[WARN] [1773307984.682598856] [point_cloud_assembler]: Reseting point cloud assembler as null odometry has been received.
[WARN] [1773307984.687755623] [point_cloud_assembler]: Reseting point cloud assembler as null odometry has been received.
[WARN] [1773307984.696488584] [point_cloud_assembler]: Reseting point cloud assembler as null odometry has been received.
[WARN] [1773307984.735119416] [point_cloud_assembler]: Reseting point cloud assembler as null odometry has been received.
[WARN] [1773307984.767289210] [point_cloud_assembler]: Reseting point cloud assembler as null odometry has been received.
[WARN] [1773307984.782968507] [point_cloud_assembler]: Reseting point cloud assembler as null odometry has been received.
[WARN] [1773307984.785815620] [point_cloud_assembler]: Reseting point cloud assembler as null odometry has been received.
[WARN] [1773307984.790856958] [point_cloud_assembler]: Reseting point cloud assembler as null odometry has been received.
[WARN] [1773307984.801014004] [point_cloud_assembler]: Reseting point cloud assembler as null odometry has been received.
[WARN] [1773307984.834222428] [point_cloud_assembler]: Reseting point cloud assembler as null odometry has been received.
[WARN] [1773307984.885923214] [point_cloud_assembler]: Reseting point cloud assembler as null odometry has been received.
[WARN] [1773307984.890558584] [point_cloud_assembler]: Reseting point cloud assembler as null odometry has been received.
[WARN] [1773307984.895126689] [point_cloud_assembler]: Reseting point cloud assembler as null odometry has been received.
[WARN] [1773307984.900904278] [point_cloud_assembler]: Reseting point cloud assembler as null odometry has been received.
[WARN] [1773307984.933983193] [point_cloud_assembler]: Reseting point cloud assembler as null odometry has been received.
[WARN] [1773307984.938925999] [point_cloud_assembler]: Reseting point cloud assembler as null odometry has been received.
[WARN] [1773307984.973807956] [point_cloud_assembler]: Reseting point cloud assembler as null odometry has been received.
[WARN] [1773307984.985236185] [point_cloud_assembler]: Reseting point cloud assembler as null odometry has been received.
[WARN] [1773307984.995281228] [point_cloud_assembler]: Reseting point cloud assembler as null odometry has been received.
[WARN] [1773307985.063376281] [point_cloud_assembler]: Reseting point cloud assembler as null odometry has been received.
[WARN] [1773307985.076778727] [point_cloud_assembler]: Reseting point cloud assembler as null odometry has been received.
[WARN] [1773307985.082905993] [point_cloud_assembler]: Reseting point cloud assembler as null odometry has been received.
[WARN] [1773307985.084265211] [point_cloud_assembler]: Reseting point cloud assembler as null odometry has been received.
[WARN] [1773307985.089010794] [point_cloud_assembler]: Reseting point cloud assembler as null odometry has been received.
[WARN] [1773307985.095540058] [point_cloud_assembler]: Reseting point cloud assembler as null odometry has been received.
[WARN] [1773307985.099866810] [point_cloud_assembler]: Reseting point cloud assembler as null odometry has been received.
[WARN] [1773307985.138759411] [point_cloud_assembler]: Reseting point cloud assembler as null odometry has been received.
[WARN] [1773307985.143246009] [point_cloud_assembler]: Reseting point cloud assembler as null odometry has been received.
[WARN] [1773307985.189686088] [point_cloud_assembler]: Reseting point cloud assembler as null odometry has been received.
[WARN] [1773307985.193962822] [point_cloud_assembler]: Reseting point cloud assembler as null odometry has been received.
[WARN] [1773307985.195169362] [point_cloud_assembler]: Reseting point cloud assembler as null odometry has been received.
[WARN] [1773307985.198957310] [point_cloud_assembler]: Reseting point cloud assembler as null odometry has been received.
[WARN] [1773307985.267835880] [point_cloud_assembler]: Reseting point cloud assembler as null odometry has been received.
[WARN] [1773307985.281730376] [point_cloud_assembler]: Reseting point cloud assembler as null odometry has been received.
[WARN] [1773307985.287426138] [point_cloud_assembler]: Reseting point cloud assembler as null odometry has been received.
[WARN] [1773307985.292896932] [point_cloud_assembler]: Reseting point cloud assembler as null odometry has been received.
[WARN] [1773307985.293746883] [point_cloud_assembler]: Reseting point cloud assembler as null odometry has been received.
[WARN] [1773307985.304573490] [point_cloud_assembler]: Reseting point cloud assembler as null odometry has been received.
[WARN] [1773307985.310564431] [point_cloud_assembler]: Reseting point cloud assembler as null odometry has been received.
[WARN] [1773307985.376898683] [point_cloud_assembler]: Reseting point cloud assembler as null odometry has been received.
[WARN] [1773307985.382563916] [point_cloud_assembler]: Reseting point cloud assembler as null odometry has been received.
[WARN] [1773307985.392713538] [point_cloud_assembler]: Reseting point cloud assembler as null odometry has been received.
[WARN] [1773307985.392935626] [point_cloud_assembler]: Reseting point cloud assembler as null odometry has been received.
[WARN] [1773307985.400134772] [point_cloud_assembler]: Reseting point cloud assembler as null odometry has been received.
[WARN] [1773307985.408895382] [point_cloud_assembler]: Reseting point cloud assembler as null odometry has been received.
[WARN] [1773307985.447162713] [point_cloud_assembler]: Reseting point cloud assembler as null odometry has been received.
[WARN] [1773307985.448618926] [point_cloud_assembler]: Reseting point cloud assembler as null odometry has been received.
[WARN] [1773307985.480948438] [point_cloud_assembler]: Reseting point cloud assembler as null odometry has been received.
[WARN] [1773307985.486567909] [point_cloud_assembler]: Reseting point cloud assembler as null odometry has been received.
[WARN] [1773307985.491291475] [point_cloud_assembler]: Reseting point cloud assembler as null odometry has been received.
[WARN] [1773307985.496774557] [point_cloud_assembler]: Reseting point cloud assembler as null odometry has been received.
[WARN] [1773307985.499150005] [point_cloud_assembler]: Reseting point cloud assembler as null odometry has been received.
[WARN] [1773307985.503177481] [point_cloud_assembler]: Reseting point cloud assembler as null odometry has been received.
[WARN] [1773307985.509231528] [point_cloud_assembler]: Reseting point cloud assembler as null odometry has been received.
[WARN] [1773307985.546543783] [point_cloud_assembler]: Reseting point cloud assembler as null odometry has been received.
[WARN] [1773307985.547272962] [point_cloud_assembler]: Reseting point cloud assembler as null odometry has been received.
[WARN] [1773307985.586023126] [point_cloud_assembler]: Reseting point cloud assembler as null odometry has been received.
[WARN] [1773307985.591706183] [point_cloud_assembler]: Reseting point cloud assembler as null odometry has been received.
[WARN] [1773307985.596469623] [point_cloud_assembler]: Reseting point cloud assembler as null odometry has been received.
[WARN] [1773307985.604714983] [point_cloud_assembler]: Reseting point cloud assembler as null odometry has been received.
[WARN] [1773307985.652782418] [point_cloud_assembler]: Reseting point cloud assembler as null odometry has been received.
[WARN] [1773307985.696515422] [point_cloud_assembler]: Reseting point cloud assembler as null odometry has been received.
[WARN] [1773307985.702186287] [point_cloud_assembler]: Reseting point cloud assembler as null odometry has been received.
[WARN] [1773307985.703417948] [point_cloud_assembler]: Reseting point cloud assembler as null odometry has been received.
[WARN] [1773307985.704065300] [point_cloud_assembler]: Reseting point cloud assembler as null odometry has been received.
[WARN] [1773307985.706939134] [point_cloud_assembler]: Reseting point cloud assembler as null odometry has been received.
[WARN] [1773307985.753197383] [point_cloud_assembler]: Reseting point cloud assembler as null odometry has been received.
[WARN] [1773307985.758133277] [point_cloud_assembler]: Reseting point cloud assembler as null odometry has been received.
[WARN] [1773307985.795401594] [point_cloud_assembler]: Reseting point cloud assembler as null odometry has been received.
[WARN] [1773307985.800830946] [point_cloud_assembler]: Reseting point cloud assembler as null odometry has been received.
[WARN] [1773307985.805984192] [point_cloud_assembler]: Reseting point cloud assembler as null odometry has been received.
[WARN] [1773307985.820579994] [point_cloud_assembler]: Reseting point cloud assembler as null odometry has been received.
[WARN] [1773307985.856866931] [point_cloud_assembler]: Reseting point cloud assembler as null odometry has been received.
[WARN] [1773307985.895066163] [point_cloud_assembler]: Reseting point cloud assembler as null odometry has been received.
[WARN] [1773307985.901689351] [point_cloud_assembler]: Reseting point cloud assembler as null odometry has been received.
[WARN] [1773307985.904717719] [point_cloud_assembler]: Reseting point cloud assembler as null odometry has been received.
[WARN] [1773307985.906917224] [point_cloud_assembler]: Reseting point cloud assembler as null odometry has been received.
[WARN] [1773307985.912861411] [point_cloud_assembler]: Reseting point cloud assembler as null odometry has been received.
[WARN] [1773307985.917789272] [point_cloud_assembler]: Reseting point cloud assembler as null odometry has been received.
[WARN] [1773307985.985119978] [point_cloud_assembler]: Reseting point cloud assembler as null odometry has been received.
[WARN] [1773307985.994623848] [point_cloud_assembler]: Reseting point cloud assembler as null odometry has been received.
[WARN] [1773307986.005263600] [point_cloud_assembler]: Reseting point cloud assembler as null odometry has been received.
[WARN] [1773307986.011046501] [point_cloud_assembler]: Reseting point cloud assembler as null odometry has been received.
[WARN] [1773307986.055609807] [point_cloud_assembler]: Reseting point cloud assembler as null odometry has been received.
[WARN] [1773307986.060868785] [point_cloud_assembler]: Reseting point cloud assembler as null odometry has been received.
[WARN] [1773307986.104719489] [point_cloud_assembler]: Reseting point cloud assembler as null odometry has been received.
[WARN] [1773307986.109948194] [point_cloud_assembler]: Reseting point cloud assembler as null odometry has been received.
[WARN] [1773307986.111250354] [point_cloud_assembler]: Reseting point cloud assembler as null odometry has been received.
[WARN] [1773307986.122566867] [point_cloud_assembler]: Reseting point cloud assembler as null odometry has been received.
[WARN] [1773307986.160667183] [point_cloud_assembler]: Reseting point cloud assembler as null odometry has been received.
[WARN] [1773307986.161608146] [point_cloud_assembler]: Reseting point cloud assembler as null odometry has been received.
[WARN] [1773307986.210463386] [point_cloud_assembler]: Reseting point cloud assembler as null odometry has been received.
[WARN] [1773307986.215516724] [point_cloud_assembler]: Reseting point cloud assembler as null odometry has been received.
[WARN] [1773307986.217140368] [point_cloud_assembler]: Reseting point cloud assembler as null odometry has been received.
[WARN] [1773307986.222557464] [point_cloud_assembler]: Reseting point cloud assembler as null odometry has been received.
[WARN] [1773307986.259988891] [point_cloud_assembler]: Reseting point cloud assembler as null odometry has been received.
[WARN] [1773307986.264733386] [point_cloud_assembler]: Reseting point cloud assembler as null odometry has been received.
[WARN] [1773307986.304419649] [point_cloud_assembler]: Reseting point cloud assembler as null odometry has been received.
[WARN] [1773307986.309198481] [point_cloud_assembler]: Reseting point cloud assembler as null odometry has been received.
[WARN] [1773307986.310736170] [point_cloud_assembler]: Reseting point cloud assembler as null odometry has been received.
[WARN] [1773307986.314917668] [point_cloud_assembler]: Reseting point cloud assembler as null odometry has been received.
[WARN] [1773307986.315364980] [point_cloud_assembler]: Reseting point cloud assembler as null odometry has been received.
[WARN] [1773307986.321657596] [point_cloud_assembler]: Reseting point cloud assembler as null odometry has been received.
[WARN] [1773307986.332667762] [point_cloud_assembler]: Reseting point cloud assembler as null odometry has been received.
[WARN] [1773307986.365591983] [point_cloud_assembler]: Reseting point cloud assembler as null odometry has been received.
[WARN] [1773307986.398241602] [point_cloud_assembler]: Reseting point cloud assembler as null odometry has been received.
[WARN] [1773307986.410060150] [point_cloud_assembler]: Reseting point cloud assembler as null odometry has been received.
[WARN] [1773307986.414704865] [point_cloud_assembler]: Reseting point cloud assembler as null odometry has been received.
[WARN] [1773307986.425907262] [point_cloud_assembler]: Reseting point cloud assembler as null odometry has been received.
[WARN] [1773307986.464380616] [point_cloud_assembler]: Reseting point cloud assembler as null odometry has been received.
[WARN] [1773307986.497047036] [point_cloud_assembler]: Reseting point cloud assembler as null odometry has been received.
[WARN] [1773307986.514063759] [point_cloud_assembler]: Reseting point cloud assembler as null odometry has been received.
[WARN] [1773307986.519927879] [point_cloud_assembler]: Reseting point cloud assembler as null odometry has been received.
[WARN] [1773307986.524941280] [point_cloud_assembler]: Reseting point cloud assembler as null odometry has been received.
[WARN] [1773307986.568897171] [point_cloud_assembler]: Reseting point cloud assembler as null odometry has been received.
[WARN] [1773307986.602835062] [point_cloud_assembler]: Reseting point cloud assembler as null odometry has been received.
[WARN] [1773307986.620479456] [point_cloud_assembler]: Reseting point cloud assembler as null odometry has been received.
[WARN] [1773307986.625028872] [point_cloud_assembler]: Reseting point cloud assembler as null odometry has been received.
[WARN] [1773307986.631011621] [point_cloud_assembler]: Reseting point cloud assembler as null odometry has been received.
[WARN] [1773307986.636202980] [point_cloud_assembler]: Reseting point cloud assembler as null odometry has been received.
[WARN] [1773307986.669149506] [point_cloud_assembler]: Reseting point cloud assembler as null odometry has been received.
[WARN] [1773307986.674344449] [point_cloud_assembler]: Reseting point cloud assembler as null odometry has been received.
[WARN] [1773307986.701301763] [point_cloud_assembler]: Reseting point cloud assembler as null odometry has been received.
[WARN] [1773307986.719028464] [point_cloud_assembler]: Reseting point cloud assembler as null odometry has been received.
[WARN] [1773307986.720438244] [point_cloud_assembler]: Reseting point cloud assembler as null odometry has been received.
[WARN] [1773307986.724956299] [point_cloud_assembler]: Reseting point cloud assembler as null odometry has been received.
[WARN] [1773307986.726711819] [point_cloud_assembler]: Reseting point cloud assembler as null odometry has been received.
[WARN] [1773307986.730074247] [point_cloud_assembler]: Reseting point cloud assembler as null odometry has been received.
[WARN] [1773307986.734647984] [point_cloud_assembler]: Reseting point cloud assembler as null odometry has been received.
[WARN] [1773307986.740895670] [point_cloud_assembler]: Reseting point cloud assembler as null odometry has been received.
[WARN] [1773307986.773096185] [point_cloud_assembler]: Reseting point cloud assembler as null odometry has been received.
[WARN] [1773307986.813113275] [point_cloud_assembler]: Reseting point cloud assembler as null odometry has been received.
[WARN] [1773307986.818039409] [point_cloud_assembler]: Reseting point cloud assembler as null odometry has been received.
[WARN] [1773307986.824619171] [point_cloud_assembler]: Reseting point cloud assembler as null odometry has been received.
[WARN] [1773307986.830012010] [point_cloud_assembler]: Reseting point cloud assembler as null odometry has been received.
[WARN] [1773307986.835121991] [point_cloud_assembler]: Reseting point cloud assembler as null odometry has been received.
[WARN] [1773307986.840367944] [point_cloud_assembler]: Reseting point cloud assembler as null odometry has been received.
[WARN] [1773307986.879620078] [point_cloud_assembler]: Reseting point cloud assembler as null odometry has been received.
[WARN] [1773307986.923727848] [point_cloud_assembler]: Reseting point cloud assembler as null odometry has been received.
[WARN] [1773307986.929093934] [point_cloud_assembler]: Reseting point cloud assembler as null odometry has been received.
[WARN] [1773307986.938845205] [point_cloud_assembler]: Reseting point cloud assembler as null odometry has been received.
[WARN] [1773307986.947932580] [point_cloud_assembler]: Reseting point cloud assembler as null odometry has been received.
[WARN] [1773307986.977360000] [point_cloud_assembler]: Reseting point cloud assembler as null odometry has been received.
[WARN] [1773307987.016610855] [point_cloud_assembler]: Reseting point cloud assembler as null odometry has been received.
[WARN] [1773307987.028999151] [point_cloud_assembler]: Reseting point cloud assembler as null odometry has been received.
[WARN] [1773307987.033561176] [point_cloud_assembler]: Reseting point cloud assembler as null odometry has been received.
[WARN] [1773307987.035934031] [point_cloud_assembler]: Reseting point cloud assembler as null odometry has been received.
[WARN] [1773307987.082865809] [point_cloud_assembler]: Reseting point cloud assembler as null odometry has been received.
[WARN] [1773307987.115305500] [point_cloud_assembler]: Reseting point cloud assembler as null odometry has been received.
[WARN] [1773307987.133642016] [point_cloud_assembler]: Reseting point cloud assembler as null odometry has been received.
[WARN] [1773307987.182084217] [point_cloud_assembler]: Reseting point cloud assembler as null odometry has been received.
[WARN] [1773307987.220949585] [point_cloud_assembler]: Reseting point cloud assembler as null odometry has been received.
[WARN] [1773307987.227231545] [point_cloud_assembler]: Reseting point cloud assembler as null odometry has been received.
[WARN] [1773307987.232563997] [point_cloud_assembler]: Reseting point cloud assembler as null odometry has been received.
[WARN] [1773307987.234536358] [point_cloud_assembler]: Reseting point cloud assembler as null odometry has been received.
[WARN] [1773307987.239214450] [point_cloud_assembler]: Reseting point cloud assembler as null odometry has been received.
[WARN] [1773307987.282592017] [point_cloud_assembler]: Reseting point cloud assembler as null odometry has been received.
[WARN] [1773307987.320456132] [point_cloud_assembler]: Reseting point cloud assembler as null odometry has been received.
[WARN] [1773307987.332655366] [point_cloud_assembler]: Reseting point cloud assembler as null odometry has been received.
[WARN] [1773307987.338466076] [point_cloud_assembler]: Reseting point cloud assembler as null odometry has been received.
[WARN] [1773307987.339195319] [point_cloud_assembler]: Reseting point cloud assembler as null odometry has been received.
[WARN] [1773307987.348916253] [point_cloud_assembler]: Reseting point cloud assembler as null odometry has been received.
[WARN] [1773307987.386646732] [point_cloud_assembler]: Reseting point cloud assembler as null odometry has been received.
[WARN] [1773307987.432439651] [point_cloud_assembler]: Reseting point cloud assembler as null odometry has been received.
[WARN] [1773307987.436582364] [point_cloud_assembler]: Reseting point cloud assembler as null odometry has been received.
[WARN] [1773307987.437228404] [point_cloud_assembler]: Reseting point cloud assembler as null odometry has been received.
[WARN] [1773307987.443315124] [point_cloud_assembler]: Reseting point cloud assembler as null odometry has been received.
[WARN] [1773307987.448152486] [point_cloud_assembler]: Reseting point cloud assembler as null odometry has been received.
[WARN] [1773307987.453058011] [point_cloud_assembler]: Reseting point cloud assembler as null odometry has been received.
[WARN] [1773307987.486525228] [point_cloud_assembler]: Reseting point cloud assembler as null odometry has been received.
[WARN] [1773307987.530757034] [point_cloud_assembler]: Reseting point cloud assembler as null odometry has been received.
[WARN] [1773307987.537275611] [point_cloud_assembler]: Reseting point cloud assembler as null odometry has been received.
[WARN] [1773307987.547020066] [point_cloud_assembler]: Reseting point cloud assembler as null odometry has been received.
[WARN] [1773307987.548128587] [point_cloud_assembler]: Reseting point cloud assembler as null odometry has been received.
[WARN] [1773307987.585414953] [point_cloud_assembler]: Reseting point cloud assembler as null odometry has been received.
[WARN] [1773307987.590766990] [point_cloud_assembler]: Reseting point cloud assembler as null odometry has been received.
[WARN] [1773307987.624705297] [point_cloud_assembler]: Reseting point cloud assembler as null odometry has been received.
[WARN] [1773307987.630887285] [point_cloud_assembler]: Reseting point cloud assembler as null odometry has been received.
[WARN] [1773307987.635173106] [point_cloud_assembler]: Reseting point cloud assembler as null odometry has been received.
[WARN] [1773307987.636641065] [point_cloud_assembler]: Reseting point cloud assembler as null odometry has been received.
[WARN] [1773307987.641707523] [point_cloud_assembler]: Reseting point cloud assembler as null odometry has been received.
[WARN] [1773307987.644305347] [point_cloud_assembler]: Reseting point cloud assembler as null odometry has been received.
[WARN] [1773307987.652802460] [point_cloud_assembler]: Reseting point cloud assembler as null odometry has been received.
[WARN] [1773307987.658514703] [point_cloud_assembler]: Reseting point cloud assembler as null odometry has been received.
[WARN] [1773307987.725955908] [point_cloud_assembler]: Reseting point cloud assembler as null odometry has been received.
[WARN] [1773307987.729042006] [point_cloud_assembler]: Reseting point cloud assembler as null odometry has been received.
[WARN] [1773307987.736019639] [point_cloud_assembler]: Reseting point cloud assembler as null odometry has been received.
[WARN] [1773307987.740462651] [point_cloud_assembler]: Reseting point cloud assembler as null odometry has been received.
[WARN] [1773307987.740751877] [point_cloud_assembler]: Reseting point cloud assembler as null odometry has been received.
[WARN] [1773307987.742111191] [point_cloud_assembler]: Reseting point cloud assembler as null odometry has been received.
[WARN] [1773307987.751032480] [point_cloud_assembler]: Reseting point cloud assembler as null odometry has been received.
[WARN] [1773307987.751699353] [point_cloud_assembler]: Reseting point cloud assembler as null odometry has been received.
[WARN] [1773307987.753400887] [point_cloud_assembler]: Reseting point cloud assembler as null odometry has been received.
[WARN] [1773307987.757131361] [point_cloud_assembler]: Reseting point cloud assembler as null odometry has been received.
[WARN] [1773307987.796485995] [point_cloud_assembler]: Reseting point cloud assembler as null odometry has been received.
[WARN] [1773307987.838748545] [point_cloud_assembler]: Reseting point cloud assembler as null odometry has been received.
[WARN] [1773307987.840822189] [point_cloud_assembler]: Reseting point cloud assembler as null odometry has been received.
[WARN] [1773307987.841972792] [point_cloud_assembler]: Reseting point cloud assembler as null odometry has been received.
[WARN] [1773307987.845724866] [point_cloud_assembler]: Reseting point cloud assembler as null odometry has been received.
[WARN] [1773307987.851801442] [point_cloud_assembler]: Reseting point cloud assembler as null odometry has been received.
[WARN] [1773307987.856968992] [point_cloud_assembler]: Reseting point cloud assembler as null odometry has been received.
[WARN] [1773307987.895248163] [point_cloud_assembler]: Reseting point cloud assembler as null odometry has been received.
[WARN] [1773307987.933967318] [point_cloud_assembler]: Reseting point cloud assembler as null odometry has been received.
[WARN] [1773307987.938994127] [point_cloud_assembler]: Reseting point cloud assembler as null odometry has been received.
[WARN] [1773307987.945238005] [point_cloud_assembler]: Reseting point cloud assembler as null odometry has been received.
[WARN] [1773307987.946535877] [point_cloud_assembler]: Reseting point cloud assembler as null odometry has been received.
[WARN] [1773307987.946653161] [point_cloud_assembler]: Reseting point cloud assembler as null odometry has been received.
[WARN] [1773307987.951025706] [point_cloud_assembler]: Reseting point cloud assembler as null odometry has been received.
[WARN] [1773307988.019734831] [point_cloud_assembler]: Reseting point cloud assembler as null odometry has been received.
[WARN] [1773307988.032790800] [point_cloud_assembler]: Reseting point cloud assembler as null odometry has been received.
[WARN] [1773307988.044499167] [point_cloud_assembler]: Reseting point cloud assembler as null odometry has been received.
[WARN] [1773307988.046312418] [point_cloud_assembler]: Reseting point cloud assembler as null odometry has been received.
[WARN] [1773307988.049954088] [point_cloud_assembler]: Reseting point cloud assembler as null odometry has been received.
[WARN] [1773307988.050918476] [point_cloud_assembler]: Reseting point cloud assembler as null odometry has been received.
[WARN] [1773307988.055707196] [point_cloud_assembler]: Reseting point cloud assembler as null odometry has been received.
[WARN] [1773307988.057001836] [point_cloud_assembler]: Reseting point cloud assembler as null odometry has been received.
[WARN] [1773307988.123473438] [point_cloud_assembler]: Reseting point cloud assembler as null odometry has been received.
[WARN] [1773307988.143532865] [point_cloud_assembler]: Reseting point cloud assembler as null odometry has been received.
[WARN] [1773307988.148708928] [point_cloud_assembler]: Reseting point cloud assembler as null odometry has been received.
[WARN] [1773307988.150833358] [point_cloud_assembler]: Reseting point cloud assembler as null odometry has been received.
[WARN] [1773307988.154838625] [point_cloud_assembler]: Reseting point cloud assembler as null odometry has been received.
[WARN] [1773307988.199581330] [point_cloud_assembler]: Reseting point cloud assembler as null odometry has been received.
[WARN] [1773307988.249154805] [point_cloud_assembler]: Reseting point cloud assembler as null odometry has been received.
[WARN] [1773307988.249811565] [point_cloud_assembler]: Reseting point cloud assembler as null odometry has been received.
[WARN] [1773307988.253355664] [point_cloud_assembler]: Reseting point cloud assembler as null odometry has been received.
[WARN] [1773307988.255291639] [point_cloud_assembler]: Reseting point cloud assembler as null odometry has been received.
[WARN] [1773307988.256205817] [point_cloud_assembler]: Reseting point cloud assembler as null odometry has been received.
[WARN] [1773307988.266534550] [point_cloud_assembler]: Reseting point cloud assembler as null odometry has been received.
[WARN] [1773307988.303669678] [point_cloud_assembler]: Reseting point cloud assembler as null odometry has been received.
[WARN] [1773307988.336720080] [point_cloud_assembler]: Reseting point cloud assembler as null odometry has been received.
[WARN] [1773307988.343621711] [point_cloud_assembler]: Reseting point cloud assembler as null odometry has been received.
[WARN] [1773307988.348312700] [point_cloud_assembler]: Reseting point cloud assembler as null odometry has been received.
[WARN] [1773307988.354206421] [point_cloud_assembler]: Reseting point cloud assembler as null odometry has been received.
[WARN] [1773307988.355793327] [point_cloud_assembler]: Reseting point cloud assembler as null odometry has been received.
[WARN] [1773307988.360810408] [point_cloud_assembler]: Reseting point cloud assembler as null odometry has been received.
[WARN] [1773307988.364822716] [point_cloud_assembler]: Reseting point cloud assembler as null odometry has been received.
[WARN] [1773307988.403371241] [point_cloud_assembler]: Reseting point cloud assembler as null odometry has been received.
[WARN] [1773307988.448295936] [point_cloud_assembler]: Reseting point cloud assembler as null odometry has been received.
[WARN] [1773307988.452837032] [point_cloud_assembler]: Reseting point cloud assembler as null odometry has been received.
[WARN] [1773307988.457238762] [point_cloud_assembler]: Reseting point cloud assembler as null odometry has been received.
[WARN] [1773307988.459465052] [point_cloud_assembler]: Reseting point cloud assembler as null odometry has been received.
[WARN] [1773307988.470739227] [point_cloud_assembler]: Reseting point cloud assembler as null odometry has been received.
[WARN] [1773307988.476038911] [point_cloud_assembler]: Reseting point cloud assembler as null odometry has been received.
[WARN] [1773307988.541008473] [point_cloud_assembler]: Reseting point cloud assembler as null odometry has been received.
[WARN] [1773307988.553635114] [point_cloud_assembler]: Reseting point cloud assembler as null odometry has been received.
[WARN] [1773307988.558516542] [point_cloud_assembler]: Reseting point cloud assembler as null odometry has been received.
[WARN] [1773307988.559810702] [point_cloud_assembler]: Reseting point cloud assembler as null odometry has been received.
[WARN] [1773307988.563808513] [point_cloud_assembler]: Reseting point cloud assembler as null odometry has been received.
[WARN] [1773307988.570299888] [point_cloud_assembler]: Reseting point cloud assembler as null odometry has been received.
[WARN] [1773307988.607248066] [point_cloud_assembler]: Reseting point cloud assembler as null odometry has been received.
[WARN] [1773307988.609506901] [point_cloud_assembler]: Reseting point cloud assembler as null odometry has been received.
[WARN] [1773307988.652436963] [point_cloud_assembler]: Reseting point cloud assembler as null odometry has been received.
[WARN] [1773307988.657061614] [point_cloud_assembler]: Reseting point cloud assembler as null odometry has been received.
[WARN] [1773307988.663007049] [point_cloud_assembler]: Reseting point cloud assembler as null odometry has been received.
[WARN] [1773307988.731884627] [point_cloud_assembler]: Reseting point cloud assembler as null odometry has been received.
[WARN] [1773307988.756964431] [point_cloud_assembler]: Reseting point cloud assembler as null odometry has been received.
[WARN] [1773307988.763150259] [point_cloud_assembler]: Reseting point cloud assembler as null odometry has been received.
[WARN] [1773307988.768874278] [point_cloud_assembler]: Reseting point cloud assembler as null odometry has been received.
[WARN] [1773307988.774682396] [point_cloud_assembler]: Reseting point cloud assembler as null odometry has been received.
[WARN] [1773307988.812676981] [point_cloud_assembler]: Reseting point cloud assembler as null odometry has been received.
[WARN] [1773307988.816921489] [point_cloud_assembler]: Reseting point cloud assembler as null odometry has been received.
[WARN] [1773307988.846011361] [point_cloud_assembler]: Reseting point cloud assembler as null odometry has been received.
[WARN] [1773307988.862801228] [point_cloud_assembler]: Reseting point cloud assembler as null odometry has been received.
[WARN] [1773307988.867774307] [point_cloud_assembler]: Reseting point cloud assembler as null odometry has been received.
[WARN] [1773307988.873395314] [point_cloud_assembler]: Reseting point cloud assembler as null odometry has been received.
[WARN] [1773307988.917287108] [point_cloud_assembler]: Reseting point cloud assembler as null odometry has been received.
[WARN] [1773307988.961511233] [point_cloud_assembler]: Reseting point cloud assembler as null odometry has been received.
[WARN] [1773307988.966996364] [point_cloud_assembler]: Reseting point cloud assembler as null odometry has been received.
[WARN] [1773307988.973566910] [point_cloud_assembler]: Reseting point cloud assembler as null odometry has been received.
[WARN] [1773307988.983915387] [point_cloud_assembler]: Reseting point cloud assembler as null odometry has been received.
[WARN] [1773307989.016787639] [point_cloud_assembler]: Reseting point cloud assembler as null odometry has been received.
[WARN] [1773307989.058987722] [point_cloud_assembler]: Reseting point cloud assembler as null odometry has been received.
[WARN] [1773307989.060929265] [point_cloud_assembler]: Reseting point cloud assembler as null odometry has been received.
[WARN] [1773307989.066651524] [point_cloud_assembler]: Reseting point cloud assembler as null odometry has been received.
[WARN] [1773307989.072898250] [point_cloud_assembler]: Reseting point cloud assembler as null odometry has been received.
[WARN] [1773307989.079391194] [point_cloud_assembler]: Reseting point cloud assembler as null odometry has been received.
[WARN] [1773307989.082646290] [point_cloud_assembler]: Reseting point cloud assembler as null odometry has been received.
[WARN] [1773307989.089005660] [point_cloud_assembler]: Reseting point cloud assembler as null odometry has been received.
[WARN] [1773307989.121951514] [point_cloud_assembler]: Reseting point cloud assembler as null odometry has been received.
[WARN] [1773307989.166193017] [point_cloud_assembler]: Reseting point cloud assembler as null odometry has been received.
[WARN] [1773307989.166660522] [point_cloud_assembler]: Reseting point cloud assembler as null odometry has been received.
[WARN] [1773307989.171047691] [point_cloud_assembler]: Reseting point cloud assembler as null odometry has been received.
[WARN] [1773307989.176706428] [point_cloud_assembler]: Reseting point cloud assembler as null odometry has been received.
[WARN] [1773307989.221084415] [point_cloud_assembler]: Reseting point cloud assembler as null odometry has been received.
[WARN] [1773307989.271954162] [point_cloud_assembler]: Reseting point cloud assembler as null odometry has been received.
[WARN] [1773307989.277493950] [point_cloud_assembler]: Reseting point cloud assembler as null odometry has been received.
[WARN] [1773307989.282091400] [point_cloud_assembler]: Reseting point cloud assembler as null odometry has been received.
[WARN] [1773307989.294169829] [point_cloud_assembler]: Reseting point cloud assembler as null odometry has been received.
[WARN] [1773307989.320881757] [point_cloud_assembler]: Reseting point cloud assembler as null odometry has been received.
[WARN] [1773307989.326084509] [point_cloud_assembler]: Reseting point cloud assembler as null odometry has been received.
[WARN] [1773307989.371762128] [point_cloud_assembler]: Reseting point cloud assembler as null odometry has been received.
[WARN] [1773307989.376843948] [point_cloud_assembler]: Reseting point cloud assembler as null odometry has been received.
[WARN] [1773307989.378726577] [point_cloud_assembler]: Reseting point cloud assembler as null odometry has been received.
[WARN] [1773307989.382512060] [point_cloud_assembler]: Reseting point cloud assembler as null odometry has been received.
[WARN] [1773307989.388345331] [point_cloud_assembler]: Reseting point cloud assembler as null odometry has been received.
[WARN] [1773307989.425888539] [point_cloud_assembler]: Reseting point cloud assembler as null odometry has been received.
[WARN] [1773307989.475437277] [point_cloud_assembler]: Reseting point cloud assembler as null odometry has been received.
[WARN] [1773307989.477058873] [point_cloud_assembler]: Reseting point cloud assembler as null odometry has been received.
[WARN] [1773307989.481589184] [point_cloud_assembler]: Reseting point cloud assembler as null odometry has been received.
[WARN] [1773307989.524591344] [point_cloud_assembler]: Reseting point cloud assembler as null odometry has been received.
[WARN] [1773307989.574954096] [point_cloud_assembler]: Reseting point cloud assembler as null odometry has been received.
[WARN] [1773307989.585514134] [point_cloud_assembler]: Reseting point cloud assembler as null odometry has been received.
[WARN] [1773307989.630071200] [point_cloud_assembler]: Reseting point cloud assembler as null odometry has been received.
[WARN] [1773307989.681114425] [point_cloud_assembler]: Reseting point cloud assembler as null odometry has been received.
[WARN] [1773307989.685651328] [point_cloud_assembler]: Reseting point cloud assembler as null odometry has been received.
[WARN] [1773307989.691872741] [point_cloud_assembler]: Reseting point cloud assembler as null odometry has been received.
[WARN] [1773307989.696530161] [point_cloud_assembler]: Reseting point cloud assembler as null odometry has been received.
[WARN] [1773307989.736481169] [point_cloud_assembler]: Reseting point cloud assembler as null odometry has been received.
[WARN] [1773307989.767222302] [point_cloud_assembler]: Reseting point cloud assembler as null odometry has been received.
[WARN] [1773307989.780676174] [point_cloud_assembler]: Reseting point cloud assembler as null odometry has been received.
[WARN] [1773307989.790717536] [point_cloud_assembler]: Reseting point cloud assembler as null odometry has been received.
[WARN] [1773307989.802689561] [point_cloud_assembler]: Reseting point cloud assembler as null odometry has been received.
[WARN] [1773307989.869944424] [point_cloud_assembler]: Reseting point cloud assembler as null odometry has been received.
[WARN] [1773307989.886095931] [point_cloud_assembler]: Reseting point cloud assembler as null odometry has been received.
[WARN] [1773307989.889831620] [point_cloud_assembler]: Reseting point cloud assembler as null odometry has been received.
[WARN] [1773307989.894871230] [point_cloud_assembler]: Reseting point cloud assembler as null odometry has been received.
[WARN] [1773307989.897266550] [point_cloud_assembler]: Reseting point cloud assembler as null odometry has been received.
[WARN] [1773307989.933540111] [point_cloud_assembler]: Reseting point cloud assembler as null odometry has been received.
[WARN] [1773307989.939611055] [point_cloud_assembler]: Reseting point cloud assembler as null odometry has been received.
[WARN] [1773307989.972710835] [point_cloud_assembler]: Reseting point cloud assembler as null odometry has been received.
[WARN] [1773307989.983847629] [point_cloud_assembler]: Reseting point cloud assembler as null odometry has been received.
[WARN] [1773307989.984652619] [point_cloud_assembler]: Reseting point cloud assembler as null odometry has been received.
[WARN] [1773307989.989221939] [point_cloud_assembler]: Reseting point cloud assembler as null odometry has been received.
[WARN] [1773307989.994699581] [point_cloud_assembler]: Reseting point cloud assembler as null odometry has been received.
[WARN] [1773307990.039189189] [point_cloud_assembler]: Reseting point cloud assembler as null odometry has been received.
[WARN] [1773307990.073000611] [point_cloud_assembler]: Reseting point cloud assembler as null odometry has been received.
[WARN] [1773307990.083719150] [point_cloud_assembler]: Reseting point cloud assembler as null odometry has been received.
[WARN] [1773307990.092429391] [point_cloud_assembler]: Reseting point cloud assembler as null odometry has been received.
[WARN] [1773307990.100171660] [point_cloud_assembler]: Reseting point cloud assembler as null odometry has been received.
[WARN] [1773307990.106054245] [point_cloud_assembler]: Reseting point cloud assembler as null odometry has been received.
[WARN] [1773307990.139008163] [point_cloud_assembler]: Reseting point cloud assembler as null odometry has been received.
[WARN] [1773307990.143008055] [point_cloud_assembler]: Reseting point cloud assembler as null odometry has been received.
[WARN] [1773307990.176687120] [point_cloud_assembler]: Reseting point cloud assembler as null odometry has been received.
[WARN] [1773307990.189074776] [point_cloud_assembler]: Reseting point cloud assembler as null odometry has been received.
[WARN] [1773307990.190551407] [point_cloud_assembler]: Reseting point cloud assembler as null odometry has been received.
[WARN] [1773307990.193429881] [point_cloud_assembler]: Reseting point cloud assembler as null odometry has been received.
[WARN] [1773307990.199380596] [point_cloud_assembler]: Reseting point cloud assembler as null odometry has been received.
[WARN] [1773307990.205183914] [point_cloud_assembler]: Reseting point cloud assembler as null odometry has been received.
[WARN] [1773307990.243153249] [point_cloud_assembler]: Reseting point cloud assembler as null odometry has been received.
[WARN] [1773307990.244631512] [point_cloud_assembler]: Reseting point cloud assembler as null odometry has been received.
[WARN] [1773307990.275920537] [point_cloud_assembler]: Reseting point cloud assembler as null odometry has been received.
[WARN] [1773307990.281800146] [point_cloud_assembler]: Reseting point cloud assembler as null odometry has been received.
[WARN] [1773307990.288456583] [point_cloud_assembler]: Reseting point cloud assembler as null odometry has been received.
[WARN] [1773307990.293133619] [point_cloud_assembler]: Reseting point cloud assembler as null odometry has been received.
[WARN] [1773307990.294481733] [point_cloud_assembler]: Reseting point cloud assembler as null odometry has been received.
[WARN] [1773307990.299492830] [point_cloud_assembler]: Reseting point cloud assembler as null odometry has been received.
[WARN] [1773307990.362841852] [point_cloud_assembler]: Reseting point cloud assembler as null odometry has been received.
[WARN] [1773307990.381511180] [point_cloud_assembler]: Reseting point cloud assembler as null odometry has been received.
[WARN] [1773307990.386681067] [point_cloud_assembler]: Reseting point cloud assembler as null odometry has been received.
[WARN] [1773307990.392801228] [point_cloud_assembler]: Reseting point cloud assembler as null odometry has been received.
[WARN] [1773307990.394568781] [point_cloud_assembler]: Reseting point cloud assembler as null odometry has been received.
[WARN] [1773307990.403878500] [point_cloud_assembler]: Reseting point cloud assembler as null odometry has been received.
[WARN] [1773307990.447429321] [point_cloud_assembler]: Reseting point cloud assembler as null odometry has been received.
[WARN] [1773307990.491771468] [point_cloud_assembler]: Reseting point cloud assembler as null odometry has been received.
[WARN] [1773307990.498021330] [point_cloud_assembler]: Reseting point cloud assembler as null odometry has been received.
[WARN] [1773307990.504418494] [point_cloud_assembler]: Reseting point cloud assembler as null odometry has been received.
[WARN] [1773307990.509222799] [point_cloud_assembler]: Reseting point cloud assembler as null odometry has been received.
[WARN] [1773307990.548134889] [point_cloud_assembler]: Reseting point cloud assembler as null odometry has been received.
[WARN] [1773307990.590795533] [point_cloud_assembler]: Reseting point cloud assembler as null odometry has been received.
[WARN] [1773307990.591756176] [point_cloud_assembler]: Reseting point cloud assembler as null odometry has been received.
[WARN] [1773307990.597614152] [point_cloud_assembler]: Reseting point cloud assembler as null odometry has been received.
[WARN] [1773307990.602481051] [point_cloud_assembler]: Reseting point cloud assembler as null odometry has been received.
[WARN] [1773307990.603849550] [point_cloud_assembler]: Reseting point cloud assembler as null odometry has been received.
[WARN] [1773307990.614126985] [point_cloud_assembler]: Reseting point cloud assembler as null odometry has been received.
[WARN] [1773307990.652906686] [point_cloud_assembler]: Reseting point cloud assembler as null odometry has been received.
[WARN] [1773307990.684776916] [point_cloud_assembler]: Reseting point cloud assembler as null odometry has been received.
[WARN] [1773307990.690585514] [point_cloud_assembler]: Reseting point cloud assembler as null odometry has been received.
[WARN] [1773307990.696876850] [point_cloud_assembler]: Reseting point cloud assembler as null odometry has been received.
[WARN] [1773307990.699062723] [point_cloud_assembler]: Reseting point cloud assembler as null odometry has been received.
[WARN] [1773307990.700773634] [point_cloud_assembler]: Reseting point cloud assembler as null odometry has been received.
[WARN] [1773307990.703006996] [point_cloud_assembler]: Reseting point cloud assembler as null odometry has been received.
[WARN] [1773307990.708214644] [point_cloud_assembler]: Reseting point cloud assembler as null odometry has been received.
[WARN] [1773307990.708741767] [point_cloud_assembler]: Reseting point cloud assembler as null odometry has been received.
[WARN] [1773307990.752432274] [point_cloud_assembler]: Reseting point cloud assembler as null odometry has been received.
[WARN] [1773307990.795918676] [point_cloud_assembler]: Reseting point cloud assembler as null odometry has been received.
[WARN] [1773307990.801219607] [point_cloud_assembler]: Reseting point cloud assembler as null odometry has been received.
[WARN] [1773307990.869214657] [point_cloud_assembler]: Reseting point cloud assembler as null odometry has been received.
[WARN] [1773307990.889837113] [point_cloud_assembler]: Reseting point cloud assembler as null odometry has been received.
[WARN] [1773307990.900735531] [point_cloud_assembler]: Reseting point cloud assembler as null odometry has been received.
[WARN] [1773307990.901986233] [point_cloud_assembler]: Reseting point cloud assembler as null odometry has been received.
[WARN] [1773307990.906494591] [point_cloud_assembler]: Reseting point cloud assembler as null odometry has been received.
[WARN] [1773307990.907658282] [point_cloud_assembler]: Reseting point cloud assembler as null odometry has been received.
[WARN] [1773307990.912715684] [point_cloud_assembler]: Reseting point cloud assembler as null odometry has been received.
[WARN] [1773307990.961993916] [point_cloud_assembler]: Reseting point cloud assembler as null odometry has been received.
[WARN] [1773307990.989118148] [point_cloud_assembler]: Reseting point cloud assembler as null odometry has been received.
[WARN] [1773307991.005354170] [point_cloud_assembler]: Reseting point cloud assembler as null odometry has been received.
[WARN] [1773307991.057011306] [point_cloud_assembler]: Reseting point cloud assembler as null odometry has been received.
[WARN] [1773307991.094730648] [point_cloud_assembler]: Reseting point cloud assembler as null odometry has been received.
[WARN] [1773307991.099066040] [point_cloud_assembler]: Reseting point cloud assembler as null odometry has been received.
[WARN] [1773307991.099999514] [point_cloud_assembler]: Reseting point cloud assembler as null odometry has been received.
[WARN] [1773307991.104849229] [point_cloud_assembler]: Reseting point cloud assembler as null odometry has been received.
[WARN] [1773307991.111050610] [point_cloud_assembler]: Reseting point cloud assembler as null odometry has been received.
[WARN] [1773307991.112833779] [point_cloud_assembler]: Reseting point cloud assembler as null odometry has been received.
[WARN] [1773307991.127150947] [point_cloud_assembler]: Reseting point cloud assembler as null odometry has been received.
[WARN] [1773307991.195672416] [point_cloud_assembler]: Reseting point cloud assembler as null odometry has been received.
[WARN] [1773307991.211731888] [point_cloud_assembler]: Reseting point cloud assembler as null odometry has been received.
[WARN] [1773307991.216015406] [point_cloud_assembler]: Reseting point cloud assembler as null odometry has been received.
[WARN] [1773307991.217395873] [point_cloud_assembler]: Reseting point cloud assembler as null odometry has been received.
[WARN] [1773307991.221162347] [point_cloud_assembler]: Reseting point cloud assembler as null odometry has been received.
[WARN] [1773307991.232616210] [point_cloud_assembler]: Reseting point cloud assembler as null odometry has been received.
[WARN] [1773307991.263173912] [point_cloud_assembler]: Reseting point cloud assembler as null odometry has been received.
[WARN] [1773307991.265035484] [point_cloud_assembler]: Reseting point cloud assembler as null odometry has been received.
[WARN] [1773307991.304216256] [point_cloud_assembler]: Reseting point cloud assembler as null odometry has been received.
[WARN] [1773307991.310099097] [point_cloud_assembler]: Reseting point cloud assembler as null odometry has been received.
[WARN] [1773307991.311644626] [point_cloud_assembler]: Reseting point cloud assembler as null odometry has been received.
[WARN] [1773307991.315627493] [point_cloud_assembler]: Reseting point cloud assembler as null odometry has been received.
[WARN] [1773307991.320900295] [point_cloud_assembler]: Reseting point cloud assembler as null odometry has been received.
[WARN] [1773307991.364880252] [point_cloud_assembler]: Reseting point cloud assembler as null odometry has been received.
[WARN] [1773307991.403216609] [point_cloud_assembler]: Reseting point cloud assembler as null odometry has been received.
[WARN] [1773307991.416425447] [point_cloud_assembler]: Reseting point cloud assembler as null odometry has been received.
[WARN] [1773307991.426744516] [point_cloud_assembler]: Reseting point cloud assembler as null odometry has been received.
[WARN] [1773307991.493789642] [point_cloud_assembler]: Reseting point cloud assembler as null odometry has been received.
[WARN] [1773307991.515016217] [point_cloud_assembler]: Reseting point cloud assembler as null odometry has been received.
[WARN] [1773307991.521139066] [point_cloud_assembler]: Reseting point cloud assembler as null odometry has been received.
[WARN] [1773307991.587996378] [point_cloud_assembler]: Reseting point cloud assembler as null odometry has been received.
[WARN] [1773307991.613545064] [point_cloud_assembler]: Reseting point cloud assembler as null odometry has been received.
[WARN] [1773307991.620066808] [point_cloud_assembler]: Reseting point cloud assembler as null odometry has been received.
[WARN] [1773307991.625117490] [point_cloud_assembler]: Reseting point cloud assembler as null odometry has been received.
[WARN] [1773307991.630780643] [point_cloud_assembler]: Reseting point cloud assembler as null odometry has been received.
[WARN] [1773307991.699301248] [point_cloud_assembler]: Reseting point cloud assembler as null odometry has been received.
[WARN] [1773307991.707262758] [point_cloud_assembler]: Reseting point cloud assembler as null odometry has been received.
[WARN] [1773307991.718490627] [point_cloud_assembler]: Reseting point cloud assembler as null odometry has been received.
[WARN] [1773307991.720464940] [point_cloud_assembler]: Reseting point cloud assembler as null odometry has been received.
[WARN] [1773307991.725560136] [point_cloud_assembler]: Reseting point cloud assembler as null odometry has been received.
[WARN] [1773307991.729889255] [point_cloud_assembler]: Reseting point cloud assembler as null odometry has been received.
[WARN] [1773307991.735489750] [point_cloud_assembler]: Reseting point cloud assembler as null odometry has been received.
[WARN] [1773307991.740708214] [point_cloud_assembler]: Reseting point cloud assembler as null odometry has been received.
[WARN] [1773307991.752603628] [point_cloud_assembler]: Reseting point cloud assembler as null odometry has been received.
[WARN] [1773307991.773054110] [point_cloud_assembler]: Reseting point cloud assembler as null odometry has been received.
[WARN] [1773307991.774954212] [point_cloud_assembler]: Reseting point cloud assembler as null odometry has been received.
[WARN] [1773307991.819461068] [point_cloud_assembler]: Reseting point cloud assembler as null odometry has been received.
[WARN] [1773307991.825677713] [point_cloud_assembler]: Reseting point cloud assembler as null odometry has been received.
[WARN] [1773307991.835601279] [point_cloud_assembler]: Reseting point cloud assembler as null odometry has been received.
[WARN] [1773307991.904999517] [point_cloud_assembler]: Reseting point cloud assembler as null odometry has been received.
[WARN] [1773307991.912389357] [point_cloud_assembler]: Reseting point cloud assembler as null odometry has been received.
[WARN] [1773307991.924003737] [point_cloud_assembler]: Reseting point cloud assembler as null odometry has been received.
[WARN] [1773307991.926453907] [point_cloud_assembler]: Reseting point cloud assembler as null odometry has been received.
[WARN] [1773307991.928719783] [point_cloud_assembler]: Reseting point cloud assembler as null odometry has been received.
[WARN] [1773307991.929661545] [point_cloud_assembler]: Reseting point cloud assembler as null odometry has been received.
[WARN] [1773307991.934486395] [point_cloud_assembler]: Reseting point cloud assembler as null odometry has been received.
[WARN] [1773307991.940328915] [point_cloud_assembler]: Reseting point cloud assembler as null odometry has been received.
[WARN] [1773307991.977016571] [point_cloud_assembler]: Reseting point cloud assembler as null odometry has been received.
[WARN] [1773307992.029278049] [point_cloud_assembler]: Reseting point cloud assembler as null odometry has been received.
[WARN] [1773307992.034184405] [point_cloud_assembler]: Reseting point cloud assembler as null odometry has been received.
[WARN] [1773307992.038641466] [point_cloud_assembler]: Reseting point cloud assembler as null odometry has been received.
[WARN] [1773307992.077224808] [point_cloud_assembler]: Reseting point cloud assembler as null odometry has been received.
[WARN] [1773307992.082864183] [point_cloud_assembler]: Reseting point cloud assembler as null odometry has been received.
[WARN] [1773307992.122139583] [point_cloud_assembler]: Reseting point cloud assembler as null odometry has been received.
[WARN] [1773307992.128052025] [point_cloud_assembler]: Reseting point cloud assembler as null odometry has been received.
[WARN] [1773307992.133162773] [point_cloud_assembler]: Reseting point cloud assembler as null odometry has been received.
[WARN] [1773307992.134826034] [point_cloud_assembler]: Reseting point cloud assembler as null odometry has been received.
[WARN] [1773307992.182716631] [point_cloud_assembler]: Reseting point cloud assembler as null odometry has been received.
[WARN] [1773307992.220611468] [point_cloud_assembler]: Reseting point cloud assembler as null odometry has been received.
[WARN] [1773307992.228646004] [point_cloud_assembler]: Reseting point cloud assembler as null odometry has been received.
[WARN] [1773307992.233640076] [point_cloud_assembler]: Reseting point cloud assembler as null odometry has been received.
[WARN] [1773307992.237263217] [point_cloud_assembler]: Reseting point cloud assembler as null odometry has been received.
[WARN] [1773307992.244597408] [point_cloud_assembler]: Reseting point cloud assembler as null odometry has been received.
[WARN] [1773307992.282694300] [point_cloud_assembler]: Reseting point cloud assembler as null odometry has been received.
[WARN] [1773307992.286987770] [point_cloud_assembler]: Reseting point cloud assembler as null odometry has been received.
[WARN] [1773307992.337301336] [point_cloud_assembler]: Reseting point cloud assembler as null odometry has been received.
[WARN] [1773307992.387234152] [point_cloud_assembler]: Reseting point cloud assembler as null odometry has been received.
[WARN] [1773307992.435091948] [point_cloud_assembler]: Reseting point cloud assembler as null odometry has been received.
[WARN] [1773307992.436339962] [point_cloud_assembler]: Reseting point cloud assembler as null odometry has been received.
[WARN] [1773307992.439416971] [point_cloud_assembler]: Reseting point cloud assembler as null odometry has been received.
[WARN] [1773307992.455481563] [point_cloud_assembler]: Reseting point cloud assembler as null odometry has been received.
[WARN] [1773307992.486828030] [point_cloud_assembler]: Reseting point cloud assembler as null odometry has been received.
[WARN] [1773307992.524618415] [point_cloud_assembler]: Reseting point cloud assembler as null odometry has been received.
[WARN] [1773307992.536433891] [point_cloud_assembler]: Reseting point cloud assembler as null odometry has been received.
[WARN] [1773307992.536806032] [point_cloud_assembler]: Reseting point cloud assembler as null odometry has been received.
[WARN] [1773307992.541282293] [point_cloud_assembler]: Reseting point cloud assembler as null odometry has been received.
[WARN] [1773307992.541775751] [point_cloud_assembler]: Reseting point cloud assembler as null odometry has been received.
[WARN] [1773307992.543861620] [point_cloud_assembler]: Reseting point cloud assembler as null odometry has been received.
[WARN] [1773307992.548305496] [point_cloud_assembler]: Reseting point cloud assembler as null odometry has been received.
[WARN] [1773307992.615243515] [point_cloud_assembler]: Reseting point cloud assembler as null odometry has been received.
[WARN] [1773307992.635807665] [point_cloud_assembler]: Reseting point cloud assembler as null odometry has been received.
[WARN] [1773307992.638982502] [point_cloud_assembler]: Reseting point cloud assembler as null odometry has been received.
[WARN] [1773307992.644055617] [point_cloud_assembler]: Reseting point cloud assembler as null odometry has been received.
[WARN] [1773307992.647592771] [point_cloud_assembler]: Reseting point cloud assembler as null odometry has been received.
[WARN] [1773307992.652708640] [point_cloud_assembler]: Reseting point cloud assembler as null odometry has been received.
[WARN] [1773307992.720633255] [point_cloud_assembler]: Reseting point cloud assembler as null odometry has been received.
[WARN] [1773307992.741573291] [point_cloud_assembler]: Reseting point cloud assembler as null odometry has been received.
[WARN] [1773307992.743200486] [point_cloud_assembler]: Reseting point cloud assembler as null odometry has been received.
[WARN] [1773307992.746504960] [point_cloud_assembler]: Reseting point cloud assembler as null odometry has been received.
[WARN] [1773307992.818517534] [point_cloud_assembler]: Reseting point cloud assembler as null odometry has been received.
[WARN] [1773307992.829255306] [point_cloud_assembler]: Reseting point cloud assembler as null odometry has been received.
[WARN] [1773307992.841015643] [point_cloud_assembler]: Reseting point cloud assembler as null odometry has been received.
[WARN] [1773307992.841524206] [point_cloud_assembler]: Reseting point cloud assembler as null odometry has been received.
[WARN] [1773307992.895884609] [point_cloud_assembler]: Reseting point cloud assembler as null odometry has been received.
[WARN] [1773307992.897495261] [point_cloud_assembler]: Reseting point cloud assembler as null odometry has been received.
[WARN] [1773307992.934574451] [point_cloud_assembler]: Reseting point cloud assembler as null odometry has been received.
[WARN] [1773307992.939944665] [point_cloud_assembler]: Reseting point cloud assembler as null odometry has been received.
[WARN] [1773307993.008602587] [point_cloud_assembler]: Reseting point cloud assembler as null odometry has been received.
[WARN] [1773307993.058527499] [point_cloud_assembler]: Reseting point cloud assembler as null odometry has been received.
[WARN] [1773307993.100208619] [point_cloud_assembler]: Reseting point cloud assembler as null odometry has been received.
[WARN] [1773307993.144777270] [point_cloud_assembler]: Reseting point cloud assembler as null odometry has been received.
[WARN] [1773307993.151956126] [point_cloud_assembler]: Reseting point cloud assembler as null odometry has been received.
[WARN] [1773307993.156262717] [point_cloud_assembler]: Reseting point cloud assembler as null odometry has been received.
[WARN] [1773307993.157420488] [point_cloud_assembler]: Reseting point cloud assembler as null odometry has been received.
[WARN] [1773307993.160827301] [point_cloud_assembler]: Reseting point cloud assembler as null odometry has been received.
[WARN] [1773307993.205003489] [point_cloud_assembler]: Reseting point cloud assembler as null odometry has been received.
[WARN] [1773307993.239356051] [point_cloud_assembler]: Reseting point cloud assembler as null odometry has been received.
[WARN] [1773307993.249542507] [point_cloud_assembler]: Reseting point cloud assembler as null odometry has been received.
[WARN] [1773307993.257216933] [point_cloud_assembler]: Reseting point cloud assembler as null odometry has been received.
[WARN] [1773307993.266876585] [point_cloud_assembler]: Reseting point cloud assembler as null odometry has been received.
[WARN] [1773307993.333666887] [point_cloud_assembler]: Reseting point cloud assembler as null odometry has been received.
[WARN] [1773307993.355407848] [point_cloud_assembler]: Reseting point cloud assembler as null odometry has been received.
[WARN] [1773307993.359535136] [point_cloud_assembler]: Reseting point cloud assembler as null odometry has been received.
[WARN] [1773307993.403476371] [point_cloud_assembler]: Reseting point cloud assembler as null odometry has been received.
[WARN] [1773307993.448459533] [point_cloud_assembler]: Reseting point cloud assembler as null odometry has been received.
[WARN] [1773307993.453162650] [point_cloud_assembler]: Reseting point cloud assembler as null odometry has been received.
[WARN] [1773307993.460126171] [point_cloud_assembler]: Reseting point cloud assembler as null odometry has been received.
[WARN] [1773307993.475783516] [point_cloud_assembler]: Reseting point cloud assembler as null odometry has been received.
[WARN] [1773307993.544473855] [point_cloud_assembler]: Reseting point cloud assembler as null odometry has been received.
[WARN] [1773307993.553740597] [point_cloud_assembler]: Reseting point cloud assembler as null odometry has been received.
[WARN] [1773307993.559680144] [point_cloud_assembler]: Reseting point cloud assembler as null odometry has been received.
[WARN] [1773307993.565296383] [point_cloud_assembler]: Reseting point cloud assembler as null odometry has been received.
[WARN] [1773307993.570023405] [point_cloud_assembler]: Reseting point cloud assembler as null odometry has been received.
[WARN] [1773307993.575150026] [point_cloud_assembler]: Reseting point cloud assembler as null odometry has been received.
[WARN] [1773307993.642939212] [point_cloud_assembler]: Reseting point cloud assembler as null odometry has been received.
[WARN] [1773307993.652675091] [point_cloud_assembler]: Reseting point cloud assembler as null odometry has been received.
[WARN] [1773307993.657284925] [point_cloud_assembler]: Reseting point cloud assembler as null odometry has been received.
[WARN] [1773307993.658793972] [point_cloud_assembler]: Reseting point cloud assembler as null odometry has been received.
[WARN] [1773307993.680756254] [point_cloud_assembler]: Reseting point cloud assembler as null odometry has been received.
[WARN] [1773307993.713148232] [point_cloud_assembler]: Reseting point cloud assembler as null odometry has been received.
[WARN] [1773307993.751233507] [point_cloud_assembler]: Reseting point cloud assembler as null odometry has been received.
[WARN] [1773307993.756799824] [point_cloud_assembler]: Reseting point cloud assembler as null odometry has been received.
[WARN] [1773307993.762939347] [point_cloud_assembler]: Reseting point cloud assembler as null odometry has been received.
[WARN] [1773307993.764657298] [point_cloud_assembler]: Reseting point cloud assembler as null odometry has been received.
[WARN] [1773307993.769111318] [point_cloud_assembler]: Reseting point cloud assembler as null odometry has been received.
[WARN] [1773307993.818948803] [point_cloud_assembler]: Reseting point cloud assembler as null odometry has been received.
[WARN] [1773307993.851057250] [point_cloud_assembler]: Reseting point cloud assembler as null odometry has been received.
[WARN] [1773307993.863732693] [point_cloud_assembler]: Reseting point cloud assembler as null odometry has been received.
[WARN] [1773307993.874758795] [point_cloud_assembler]: Reseting point cloud assembler as null odometry has been received.
[WARN] [1773307993.897679032] [point_cloud_assembler]: Reseting point cloud assembler as null odometry has been received.
[WARN] [1773307993.917035425] [point_cloud_assembler]: Reseting point cloud assembler as null odometry has been received.
[WARN] [1773307993.945688865] [point_cloud_assembler]: Reseting point cloud assembler as null odometry has been received.
[WARN] [1773307993.961696463] [point_cloud_assembler]: Reseting point cloud assembler as null odometry has been received.
[WARN] [1773307993.962499565] [point_cloud_assembler]: Reseting point cloud assembler as null odometry has been received.
[WARN] [1773307993.967125783] [point_cloud_assembler]: Reseting point cloud assembler as null odometry has been received.
[WARN] [1773307993.968906073] [point_cloud_assembler]: Reseting point cloud assembler as null odometry has been received.
[WARN] [1773307993.971083785] [point_cloud_assembler]: Reseting point cloud assembler as null odometry has been received.
[WARN] [1773307993.974452037] [point_cloud_assembler]: Reseting point cloud assembler as null odometry has been received.
[WARN] [1773307994.042519858] [point_cloud_assembler]: Reseting point cloud assembler as null odometry has been received.
[WARN] [1773307994.055702104] [point_cloud_assembler]: Reseting point cloud assembler as null odometry has been received.
[WARN] [1773307994.056016259] [point_cloud_assembler]: Reseting point cloud assembler as null odometry has been received.
[WARN] [1773307994.068425452] [point_cloud_assembler]: Reseting point cloud assembler as null odometry has been received.
[WARN] [1773307994.073061111] [point_cloud_assembler]: Reseting point cloud assembler as null odometry has been received.
[WARN] [1773307994.121925024] [point_cloud_assembler]: Reseting point cloud assembler as null odometry has been received.
[WARN] [1773307994.162502455] [point_cloud_assembler]: Reseting point cloud assembler as null odometry has been received.
[WARN] [1773307994.166597166] [point_cloud_assembler]: Reseting point cloud assembler as null odometry has been received.
[WARN] [1773307994.172458918] [point_cloud_assembler]: Reseting point cloud assembler as null odometry has been received.
[WARN] [1773307994.221728158] [point_cloud_assembler]: Reseting point cloud assembler as null odometry has been received.
[WARN] [1773307994.265277795] [point_cloud_assembler]: Reseting point cloud assembler as null odometry has been received.
[WARN] [1773307994.270655337] [point_cloud_assembler]: Reseting point cloud assembler as null odometry has been received.
[WARN] [1773307994.271695599] [point_cloud_assembler]: Reseting point cloud assembler as null odometry has been received.
[WARN] [1773307994.276713544] [point_cloud_assembler]: Reseting point cloud assembler as null odometry has been received.
[WARN] [1773307994.287749599] [point_cloud_assembler]: Reseting point cloud assembler as null odometry has been received.
[WARN] [1773307994.321059499] [point_cloud_assembler]: Reseting point cloud assembler as null odometry has been received.
[WARN] [1773307994.371802329] [point_cloud_assembler]: Reseting point cloud assembler as null odometry has been received.
[WARN] [1773307994.373598779] [point_cloud_assembler]: Reseting point cloud assembler as null odometry has been received.
[WARN] [1773307994.381456924] [point_cloud_assembler]: Reseting point cloud assembler as null odometry has been received.
[WARN] [1773307994.386932390] [point_cloud_assembler]: Reseting point cloud assembler as null odometry has been received.
[WARN] [1773307994.393309169] [point_cloud_assembler]: Reseting point cloud assembler as null odometry has been received.
[WARN] [1773307994.426248367] [point_cloud_assembler]: Reseting point cloud assembler as null odometry has been received.
[WARN] [1773307994.469624750] [point_cloud_assembler]: Reseting point cloud assembler as null odometry has been received.
[WARN] [1773307994.475963575] [point_cloud_assembler]: Reseting point cloud assembler as null odometry has been received.
[WARN] [1773307994.481254746] [point_cloud_assembler]: Reseting point cloud assembler as null odometry has been received.
[WARN] [1773307994.482857109] [point_cloud_assembler]: Reseting point cloud assembler as null odometry has been received.
[WARN] [1773307994.486695939] [point_cloud_assembler]: Reseting point cloud assembler as null odometry has been received.
[WARN] [1773307994.555224896] [point_cloud_assembler]: Reseting point cloud assembler as null odometry has been received.
[WARN] [1773307994.580733740] [point_cloud_assembler]: Reseting point cloud assembler as null odometry has been received.
[WARN] [1773307994.581686031] [point_cloud_assembler]: Reseting point cloud assembler as null odometry has been received.
[WARN] [1773307994.585724324] [point_cloud_assembler]: Reseting point cloud assembler as null odometry has been received.
[WARN] [1773307994.592096495] [point_cloud_assembler]: Reseting point cloud assembler as null odometry has been received.
[WARN] [1773307994.630368241] [point_cloud_assembler]: Reseting point cloud assembler as null odometry has been received.
[WARN] [1773307994.671380633] [point_cloud_assembler]: Reseting point cloud assembler as null odometry has been received.
[WARN] [1773307994.736523738] [point_cloud_assembler]: Reseting point cloud assembler as null odometry has been received.
[WARN] [1773307994.774613525] [point_cloud_assembler]: Reseting point cloud assembler as null odometry has been received.
[WARN] [1773307994.784586661] [point_cloud_assembler]: Reseting point cloud assembler as null odometry has been received.
[WARN] [1773307994.791487939] [point_cloud_assembler]: Reseting point cloud assembler as null odometry has been received.
[WARN] [1773307994.859634003] [point_cloud_assembler]: Reseting point cloud assembler as null odometry has been received.
[WARN] [1773307994.885210977] [point_cloud_assembler]: Reseting point cloud assembler as null odometry has been received.
[WARN] [1773307994.886710616] [point_cloud_assembler]: Reseting point cloud assembler as null odometry has been received.
[WARN] [1773307994.890506884] [point_cloud_assembler]: Reseting point cloud assembler as null odometry has been received.
[WARN] [1773307994.895258931] [point_cloud_assembler]: Reseting point cloud assembler as null odometry has been received.
[WARN] [1773307994.895495772] [point_cloud_assembler]: Reseting point cloud assembler as null odometry has been received.
[WARN] [1773307994.900755838] [point_cloud_assembler]: Reseting point cloud assembler as null odometry has been received.
[WARN] [1773307994.939590741] [point_cloud_assembler]: Reseting point cloud assembler as null odometry has been received.
[WARN] [1773307994.973075303] [point_cloud_assembler]: Reseting point cloud assembler as null odometry has been received.
[WARN] [1773307994.989165080] [point_cloud_assembler]: Reseting point cloud assembler as null odometry has been received.
[WARN] [1773307994.994924588] [point_cloud_assembler]: Reseting point cloud assembler as null odometry has been received.
[WARN] [1773307995.063687474] [point_cloud_assembler]: Reseting point cloud assembler as null odometry has been received.
[WARN] [1773307995.084618230] [point_cloud_assembler]: Reseting point cloud assembler as null odometry has been received.
[WARN] [1773307995.087593315] [point_cloud_assembler]: Reseting point cloud assembler as null odometry has been received.
[WARN] [1773307995.089334788] [point_cloud_assembler]: Reseting point cloud assembler as null odometry has been received.
[WARN] [1773307995.091068804] [point_cloud_assembler]: Reseting point cloud assembler as null odometry has been received.
[WARN] [1773307995.094697993] [point_cloud_assembler]: Reseting point cloud assembler as null odometry has been received.
[WARN] [1773307995.105761729] [point_cloud_assembler]: Reseting point cloud assembler as null odometry has been received.
[WARN] [1773307995.144389489] [point_cloud_assembler]: Reseting point cloud assembler as null odometry has been received.
[WARN] [1773307995.177122343] [point_cloud_assembler]: Reseting point cloud assembler as null odometry has been received.
[WARN] [1773307995.193743275] [point_cloud_assembler]: Reseting point cloud assembler as null odometry has been received.
[WARN] [1773307995.195097437] [point_cloud_assembler]: Reseting point cloud assembler as null odometry has been received.
[WARN] [1773307995.199706983] [point_cloud_assembler]: Reseting point cloud assembler as null odometry has been received.
[WARN] [1773307995.204947624] [point_cloud_assembler]: Reseting point cloud assembler as null odometry has been received.
[WARN] [1773307995.272958483] [point_cloud_assembler]: Reseting point cloud assembler as null odometry has been received.
[WARN] [1773307995.282361485] [point_cloud_assembler]: Reseting point cloud assembler as null odometry has been received.
[WARN] [1773307995.287287235] [point_cloud_assembler]: Reseting point cloud assembler as null odometry has been received.
[WARN] [1773307995.293048471] [point_cloud_assembler]: Reseting point cloud assembler as null odometry has been received.
[WARN] [1773307995.294837625] [point_cloud_assembler]: Reseting point cloud assembler as null odometry has been received.
[WARN] [1773307995.304784135] [point_cloud_assembler]: Reseting point cloud assembler as null odometry has been received.
[WARN] [1773307995.374546002] [point_cloud_assembler]: Reseting point cloud assembler as null odometry has been received.
[WARN] [1773307995.387046367] [point_cloud_assembler]: Reseting point cloud assembler as null odometry has been received.
[WARN] [1773307995.393773879] [point_cloud_assembler]: Reseting point cloud assembler as null odometry has been received.
[WARN] [1773307995.404227160] [point_cloud_assembler]: Reseting point cloud assembler as null odometry has been received.
[WARN] [1773307995.409759524] [point_cloud_assembler]: Reseting point cloud assembler as null odometry has been received.
[WARN] [1773307995.448529113] [point_cloud_assembler]: Reseting point cloud assembler as null odometry has been received.
[WARN] [1773307995.492057821] [point_cloud_assembler]: Reseting point cloud assembler as null odometry has been received.
[WARN] [1773307995.493747611] [point_cloud_assembler]: Reseting point cloud assembler as null odometry has been received.
[WARN] [1773307995.498896057] [point_cloud_assembler]: Reseting point cloud assembler as null odometry has been received.
[WARN] [1773307995.499039134] [point_cloud_assembler]: Reseting point cloud assembler as null odometry has been received.
[WARN] [1773307995.503809102] [point_cloud_assembler]: Reseting point cloud assembler as null odometry has been received.
[WARN] [1773307995.546738908] [point_cloud_assembler]: Reseting point cloud assembler as null odometry has been received.
[WARN] [1773307995.552738169] [point_cloud_assembler]: Reseting point cloud assembler as null odometry has been received.
[WARN] [1773307995.579913123] [point_cloud_assembler]: Reseting point cloud assembler as null odometry has been received.
[WARN] [1773307995.585578803] [point_cloud_assembler]: Reseting point cloud assembler as null odometry has been received.
[WARN] [1773307995.596753743] [point_cloud_assembler]: Reseting point cloud assembler as null odometry has been received.
[WARN] [1773307995.609078550] [point_cloud_assembler]: Reseting point cloud assembler as null odometry has been received.
[WARN] [1773307995.676242017] [point_cloud_assembler]: Reseting point cloud assembler as null odometry has been received.
[WARN] [1773307995.685894596] [point_cloud_assembler]: Reseting point cloud assembler as null odometry has been received.
[WARN] [1773307995.698064613] [point_cloud_assembler]: Reseting point cloud assembler as null odometry has been received.
[WARN] [1773307995.703318791] [point_cloud_assembler]: Reseting point cloud assembler as null odometry has been received.
[WARN] [1773307995.704445168] [point_cloud_assembler]: Reseting point cloud assembler as null odometry has been received.
[WARN] [1773307995.708416930] [point_cloud_assembler]: Reseting point cloud assembler as null odometry has been received.
[WARN] [1773307995.751810530] [point_cloud_assembler]: Reseting point cloud assembler as null odometry has been received.
[WARN] [1773307995.796033439] [point_cloud_assembler]: Reseting point cloud assembler as null odometry has been received.
[WARN] [1773307995.798291090] [point_cloud_assembler]: Reseting point cloud assembler as null odometry has been received.
[WARN] [1773307995.810563895] [point_cloud_assembler]: Reseting point cloud assembler as null odometry has been received.
[WARN] [1773307995.812217716] [point_cloud_assembler]: Reseting point cloud assembler as null odometry has been received.
[WARN] [1773307995.824642302] [point_cloud_assembler]: Reseting point cloud assembler as null odometry has been received.
[WARN] [1773307995.850691134] [point_cloud_assembler]: Reseting point cloud assembler as null odometry has been received.
[WARN] [1773307995.856898626] [point_cloud_assembler]: Reseting point cloud assembler as null odometry has been received.
[WARN] [1773307995.895824925] [point_cloud_assembler]: Reseting point cloud assembler as null odometry has been received.
[WARN] [1773307995.900604141] [point_cloud_assembler]: Reseting point cloud assembler as null odometry has been received.
[WARN] [1773307995.901558480] [point_cloud_assembler]: Reseting point cloud assembler as null odometry has been received.
[WARN] [1773307995.906543752] [point_cloud_assembler]: Reseting point cloud assembler as null odometry has been received.
[WARN] [1773307995.906647404] [point_cloud_assembler]: Reseting point cloud assembler as null odometry has been received.
[WARN] [1773307995.957639523] [point_cloud_assembler]: Reseting point cloud assembler as null odometry has been received.
[WARN] [1773307996.000740919] [point_cloud_assembler]: Reseting point cloud assembler as null odometry has been received.
[WARN] [1773307996.006327045] [point_cloud_assembler]: Reseting point cloud assembler as null odometry has been received.
[WARN] [1773307996.007285416] [point_cloud_assembler]: Reseting point cloud assembler as null odometry has been received.
[WARN] [1773307996.011618792] [point_cloud_assembler]: Reseting point cloud assembler as null odometry has been received.
[WARN] [1773307996.080013697] [point_cloud_assembler]: Reseting point cloud assembler as null odometry has been received.
[WARN] [1773307996.098981788] [point_cloud_assembler]: Reseting point cloud assembler as null odometry has been received.
[WARN] [1773307996.106634006] [point_cloud_assembler]: Reseting point cloud assembler as null odometry has been received.
[WARN] [1773307996.111035768] [point_cloud_assembler]: Reseting point cloud assembler as null odometry has been received.
[WARN] [1773307996.112049245] [point_cloud_assembler]: Reseting point cloud assembler as null odometry has been received.
[WARN] [1773307996.127571161] [point_cloud_assembler]: Reseting point cloud assembler as null odometry has been received.
[WARN] [1773307996.195340635] [point_cloud_assembler]: Reseting point cloud assembler as null odometry has been received.
[WARN] [1773307996.211231524] [point_cloud_assembler]: Reseting point cloud assembler as null odometry has been received.
[WARN] [1773307996.212174855] [point_cloud_assembler]: Reseting point cloud assembler as null odometry has been received.
[WARN] [1773307996.225475505] [point_cloud_assembler]: Reseting point cloud assembler as null odometry has been received.
[WARN] [1773307996.260745989] [point_cloud_assembler]: Reseting point cloud assembler as null odometry has been received.
[WARN] [1773307996.303852442] [point_cloud_assembler]: Reseting point cloud assembler as null odometry has been received.
[WARN] [1773307996.309762035] [point_cloud_assembler]: Reseting point cloud assembler as null odometry has been received.
[WARN] [1773307996.310928190] [point_cloud_assembler]: Reseting point cloud assembler as null odometry has been received.
[WARN] [1773307996.315013397] [point_cloud_assembler]: Reseting point cloud assembler as null odometry has been received.
[WARN] [1773307996.317133603] [point_cloud_assembler]: Reseting point cloud assembler as null odometry has been received.
[WARN] [1773307996.321633321] [point_cloud_assembler]: Reseting point cloud assembler as null odometry has been received.
[WARN] [1773307996.326953421] [point_cloud_assembler]: Reseting point cloud assembler as null odometry has been received.
[WARN] [1773307996.365884104] [point_cloud_assembler]: Reseting point cloud assembler as null odometry has been received.
[WARN] [1773307996.403246153] [point_cloud_assembler]: Reseting point cloud assembler as null odometry has been received.
[WARN] [1773307996.414608811] [point_cloud_assembler]: Reseting point cloud assembler as null odometry has been received.
[WARN] [1773307996.416185829] [point_cloud_assembler]: Reseting point cloud assembler as null odometry has been received.
[WARN] [1773307996.421685008] [point_cloud_assembler]: Reseting point cloud assembler as null odometry has been received.
[WARN] [1773307996.432458589] [point_cloud_assembler]: Reseting point cloud assembler as null odometry has been received.
[WARN] [1773307996.503026758] [point_cloud_assembler]: Reseting point cloud assembler as null odometry has been received.
[WARN] [1773307996.514915548] [point_cloud_assembler]: Reseting point cloud assembler as null odometry has been received.
[WARN] [1773307996.516386866] [point_cloud_assembler]: Reseting point cloud assembler as null odometry has been received.
[WARN] [1773307996.527027450] [point_cloud_assembler]: Reseting point cloud assembler as null odometry has been received.
[WARN] [1773307996.537127951] [point_cloud_assembler]: Reseting point cloud assembler as null odometry has been received.
[WARN] [1773307996.604725770] [point_cloud_assembler]: Reseting point cloud assembler as null odometry has been received.
[WARN] [1773307996.607645301] [point_cloud_assembler]: Reseting point cloud assembler as null odometry has been received.
[WARN] [1773307996.612559178] [point_cloud_assembler]: Reseting point cloud assembler as null odometry has been received.
[WARN] [1773307996.619810934] [point_cloud_assembler]: Reseting point cloud assembler as null odometry has been received.
[WARN] [1773307996.620903198] [point_cloud_assembler]: Reseting point cloud assembler as null odometry has been received.
[WARN] [1773307996.689966223] [point_cloud_assembler]: Reseting point cloud assembler as null odometry has been received.
[WARN] [1773307996.719019646] [point_cloud_assembler]: Reseting point cloud assembler as null odometry has been received.
[WARN] [1773307996.725120799] [point_cloud_assembler]: Reseting point cloud assembler as null odometry has been received.
[WARN] [1773307996.729531585] [point_cloud_assembler]: Reseting point cloud assembler as null odometry has been received.
[WARN] [1773307996.735964110] [point_cloud_assembler]: Reseting point cloud assembler as null odometry has been received.
[WARN] [1773307996.774710050] [point_cloud_assembler]: Reseting point cloud assembler as null odometry has been received.
[WARN] [1773307996.823846869] [point_cloud_assembler]: Reseting point cloud assembler as null odometry has been received.
[WARN] [1773307996.834642915] [point_cloud_assembler]: Reseting point cloud assembler as null odometry has been received.
[WARN] [1773307996.902837012] [point_cloud_assembler]: Reseting point cloud assembler as null odometry has been received.
[WARN] [1773307996.916959100] [point_cloud_assembler]: Reseting point cloud assembler as null odometry has been received.
[WARN] [1773307996.918306062] [point_cloud_assembler]: Reseting point cloud assembler as null odometry has been received.
[WARN] [1773307996.923568272] [point_cloud_assembler]: Reseting point cloud assembler as null odometry has been received.
[WARN] [1773307996.924842175] [point_cloud_assembler]: Reseting point cloud assembler as null odometry has been received.
[WARN] [1773307996.928852851] [point_cloud_assembler]: Reseting point cloud assembler as null odometry has been received.
[WARN] [1773307996.930647573] [point_cloud_assembler]: Reseting point cloud assembler as null odometry has been received.
[WARN] [1773307996.940699303] [point_cloud_assembler]: Reseting point cloud assembler as null odometry has been received.
[WARN] [1773307997.007096822] [point_cloud_assembler]: Reseting point cloud assembler as null odometry has been received.
[WARN] [1773307997.029462158] [point_cloud_assembler]: Reseting point cloud assembler as null odometry has been received.
[WARN] [1773307997.029829244] [point_cloud_assembler]: Reseting point cloud assembler as null odometry has been received.
[WARN] [1773307997.033263226] [point_cloud_assembler]: Reseting point cloud assembler as null odometry has been received.
[WARN] [1773307997.077239663] [point_cloud_assembler]: Reseting point cloud assembler as null odometry has been received.
[WARN] [1773307997.083837346] [point_cloud_assembler]: Reseting point cloud assembler as null odometry has been received.
[WARN] [1773307997.122399823] [point_cloud_assembler]: Reseting point cloud assembler as null odometry has been received.
[WARN] [1773307997.127151294] [point_cloud_assembler]: Reseting point cloud assembler as null odometry has been received.
[WARN] [1773307997.133103866] [point_cloud_assembler]: Reseting point cloud assembler as null odometry has been received.
[WARN] [1773307997.138932625] [point_cloud_assembler]: Reseting point cloud assembler as null odometry has been received.
[WARN] [1773307997.206766708] [point_cloud_assembler]: Reseting point cloud assembler as null odometry has been received.
[WARN] [1773307997.216504539] [point_cloud_assembler]: Reseting point cloud assembler as null odometry has been received.
[WARN] [1773307997.221767261] [point_cloud_assembler]: Reseting point cloud assembler as null odometry has been received.
[WARN] [1773307997.226592719] [point_cloud_assembler]: Reseting point cloud assembler as null odometry has been received.
[WARN] [1773307997.228970983] [point_cloud_assembler]: Reseting point cloud assembler as null odometry has been received.
[WARN] [1773307997.230948688] [point_cloud_assembler]: Reseting point cloud assembler as null odometry has been received.
[WARN] [1773307997.233353288] [point_cloud_assembler]: Reseting point cloud assembler as null odometry has been received.
[WARN] [1773307997.238980248] [point_cloud_assembler]: Reseting point cloud assembler as null odometry has been received.
[WARN] [1773307997.243391450] [point_cloud_assembler]: Reseting point cloud assembler as null odometry has been received.
[WARN] [1773307997.248943207] [point_cloud_assembler]: Reseting point cloud assembler as null odometry has been received.
[WARN] [1773307997.282229393] [point_cloud_assembler]: Reseting point cloud assembler as null odometry has been received.
[WARN] [1773307997.331744722] [point_cloud_assembler]: Reseting point cloud assembler as null odometry has been received.
[WARN] [1773307997.334147179] [point_cloud_assembler]: Reseting point cloud assembler as null odometry has been received.
[WARN] [1773307997.337401315] [point_cloud_assembler]: Reseting point cloud assembler as null odometry has been received.
[WARN] [1773307997.343089876] [point_cloud_assembler]: Reseting point cloud assembler as null odometry has been received.
[WARN] [1773307997.349232919] [point_cloud_assembler]: Reseting point cloud assembler as null odometry has been received.
[WARN] [1773307997.386697499] [point_cloud_assembler]: Reseting point cloud assembler as null odometry has been received.
[WARN] [1773307997.430799541] [point_cloud_assembler]: Reseting point cloud assembler as null odometry has been received.
[WARN] [1773307997.433778402] [point_cloud_assembler]: Reseting point cloud assembler as null odometry has been received.
[WARN] [1773307997.435872592] [point_cloud_assembler]: Reseting point cloud assembler as null odometry has been received.
[WARN] [1773307997.436835347] [point_cloud_assembler]: Reseting point cloud assembler as null odometry has been received.
[WARN] [1773307997.438368396] [point_cloud_assembler]: Reseting point cloud assembler as null odometry has been received.
[WARN] [1773307997.439089990] [point_cloud_assembler]: Reseting point cloud assembler as null odometry has been received.
[WARN] [1773307997.454950223] [point_cloud_assembler]: Reseting point cloud assembler as null odometry has been received.
[WARN] [1773307997.487278550] [point_cloud_assembler]: Reseting point cloud assembler as null odometry has been received.
[WARN] [1773307997.524888544] [point_cloud_assembler]: Reseting point cloud assembler as null odometry has been received.
[WARN] [1773307997.531638105] [point_cloud_assembler]: Reseting point cloud assembler as null odometry has been received.
[WARN] [1773307997.537335467] [point_cloud_assembler]: Reseting point cloud assembler as null odometry has been received.
[WARN] [1773307997.541678123] [point_cloud_assembler]: Reseting point cloud assembler as null odometry has been received.
[WARN] [1773307997.547514658] [point_cloud_assembler]: Reseting point cloud assembler as null odometry has been received.
[WARN] [1773307997.553198675] [point_cloud_assembler]: Reseting point cloud assembler as null odometry has been received.
[WARN] [1773307997.586343449] [point_cloud_assembler]: Reseting point cloud assembler as null odometry has been received.
[WARN] [1773307997.591821219] [point_cloud_assembler]: Reseting point cloud assembler as null odometry has been received.
[WARN] [1773307997.635495884] [point_cloud_assembler]: Reseting point cloud assembler as null odometry has been received.
[WARN] [1773307997.640699180] [point_cloud_assembler]: Reseting point cloud assembler as null odometry has been received.
[WARN] [1773307997.642186115] [point_cloud_assembler]: Reseting point cloud assembler as null odometry has been received.
[WARN] [1773307997.644111402] [point_cloud_assembler]: Reseting point cloud assembler as null odometry has been received.
[WARN] [1773307997.653399072] [point_cloud_assembler]: Reseting point cloud assembler as null odometry has been received.
[WARN] [1773307997.720571531] [point_cloud_assembler]: Reseting point cloud assembler as null odometry has been received.
[WARN] [1773307997.735724794] [point_cloud_assembler]: Reseting point cloud assembler as null odometry has been received.
[WARN] [1773307997.741322024] [point_cloud_assembler]: Reseting point cloud assembler as null odometry has been received.
[WARN] [1773307997.743947273] [point_cloud_assembler]: Reseting point cloud assembler as null odometry has been received.
[WARN] [1773307997.746889525] [point_cloud_assembler]: Reseting point cloud assembler as null odometry has been received.
[WARN] [1773307997.757836745] [point_cloud_assembler]: Reseting point cloud assembler as null odometry has been received.
[WARN] [1773307997.796893448] [point_cloud_assembler]: Reseting point cloud assembler as null odometry has been received.
[WARN] [1773307997.840014877] [point_cloud_assembler]: Reseting point cloud assembler as null odometry has been received.
[WARN] [1773307997.844965428] [point_cloud_assembler]: Reseting point cloud assembler as null odometry has been received.
[WARN] [1773307997.847221895] [point_cloud_assembler]: Reseting point cloud assembler as null odometry has been received.
[WARN] [1773307997.851588360] [point_cloud_assembler]: Reseting point cloud assembler as null odometry has been received.
[WARN] [1773307997.919498542] [point_cloud_assembler]: Reseting point cloud assembler as null odometry has been received.
[WARN] [1773307997.928781029] [point_cloud_assembler]: Reseting point cloud assembler as null odometry has been received.
[WARN] [1773307997.940045476] [point_cloud_assembler]: Reseting point cloud assembler as null odometry has been received.
[WARN] [1773307997.944873942] [point_cloud_assembler]: Reseting point cloud assembler as null odometry has been received.
[WARN] [1773307997.951436743] [point_cloud_assembler]: Reseting point cloud assembler as null odometry has been received.
[WARN] [1773307997.967236110] [point_cloud_assembler]: Reseting point cloud assembler as null odometry has been received.
[WARN] [1773307998.034085581] [point_cloud_assembler]: Reseting point cloud assembler as null odometry has been received.
[WARN] [1773307998.039298733] [point_cloud_assembler]: Reseting point cloud assembler as null odometry has been received.
[WARN] [1773307998.046478998] [point_cloud_assembler]: Reseting point cloud assembler as null odometry has been received.
[WARN] [1773307998.051005949] [point_cloud_assembler]: Reseting point cloud assembler as null odometry has been received.
[WARN] [1773307998.051337929] [point_cloud_assembler]: Reseting point cloud assembler as null odometry has been received.
[WARN] [1773307998.056368610] [point_cloud_assembler]: Reseting point cloud assembler as null odometry has been received.
[WARN] [1773307998.061628964] [point_cloud_assembler]: Reseting point cloud assembler as null odometry has been received.
[WARN] [1773307998.066978281] [point_cloud_assembler]: Reseting point cloud assembler as null odometry has been received.
[WARN] [1773307998.100336727] [point_cloud_assembler]: Reseting point cloud assembler as null odometry has been received.
[WARN] [1773307998.144102052] [point_cloud_assembler]: Reseting point cloud assembler as null odometry has been received.
[WARN] [1773307998.149239265] [point_cloud_assembler]: Reseting point cloud assembler as null odometry has been received.
[WARN] [1773307998.155539209] [point_cloud_assembler]: Reseting point cloud assembler as null odometry has been received.
[WARN] [1773307998.160980978] [point_cloud_assembler]: Reseting point cloud assembler as null odometry has been received.
[WARN] [1773307998.172616382] [point_cloud_assembler]: Reseting point cloud assembler as null odometry has been received.
[WARN] [1773307998.240294269] [point_cloud_assembler]: Reseting point cloud assembler as null odometry has been received.
[WARN] [1773307998.244774434] [point_cloud_assembler]: Reseting point cloud assembler as null odometry has been received.
[WARN] [1773307998.255284837] [point_cloud_assembler]: Reseting point cloud assembler as null odometry has been received.
[WARN] [1773307998.271278002] [point_cloud_assembler]: Reseting point cloud assembler as null odometry has been received.
[WARN] [1773307998.337684770] [point_cloud_assembler]: Reseting point cloud assembler as null odometry has been received.
[WARN] [1773307998.349378993] [point_cloud_assembler]: Reseting point cloud assembler as null odometry has been received.
[WARN] [1773307998.354711733] [point_cloud_assembler]: Reseting point cloud assembler as null odometry has been received.
[WARN] [1773307998.355803997] [point_cloud_assembler]: Reseting point cloud assembler as null odometry has been received.
[WARN] [1773307998.362430578] [point_cloud_assembler]: Reseting point cloud assembler as null odometry has been received.
[WARN] [1773307998.365806478] [point_cloud_assembler]: Reseting point cloud assembler as null odometry has been received.
[WARN] [1773307998.371309273] [point_cloud_assembler]: Reseting point cloud assembler as null odometry has been received.
[WARN] [1773307998.439887256] [point_cloud_assembler]: Reseting point cloud assembler as null odometry has been received.
[WARN] [1773307998.453740727] [point_cloud_assembler]: Reseting point cloud assembler as null odometry has been received.
[WARN] [1773307998.459267106] [point_cloud_assembler]: Reseting point cloud assembler as null odometry has been received.
[WARN] [1773307998.527632602] [point_cloud_assembler]: Reseting point cloud assembler as null odometry has been received.
[WARN] [1773307998.546659191] [point_cloud_assembler]: Reseting point cloud assembler as null odometry has been received.
[WARN] [1773307998.554060296] [point_cloud_assembler]: Reseting point cloud assembler as null odometry has been received.
[WARN] [1773307998.560019363] [point_cloud_assembler]: Reseting point cloud assembler as null odometry has been received.
[WARN] [1773307998.566997284] [point_cloud_assembler]: Reseting point cloud assembler as null odometry has been received.
[WARN] [1773307998.575345688] [point_cloud_assembler]: Reseting point cloud assembler as null odometry has been received.
[WARN] [1773307998.613989736] [point_cloud_assembler]: Reseting point cloud assembler as null odometry has been received.
[WARN] [1773307998.658579059] [point_cloud_assembler]: Reseting point cloud assembler as null odometry has been received.
[WARN] [1773307998.659668316] [point_cloud_assembler]: Reseting point cloud assembler as null odometry has been received.
[WARN] [1773307998.663714001] [point_cloud_assembler]: Reseting point cloud assembler as null odometry has been received.
[WARN] [1773307998.669656876] [point_cloud_assembler]: Reseting point cloud assembler as null odometry has been received.
[WARN] [1773307998.674908333] [point_cloud_assembler]: Reseting point cloud assembler as null odometry has been received.
[WARN] [1773307998.680760293] [point_cloud_assembler]: Reseting point cloud assembler as null odometry has been received.
[WARN] [1773307998.691683383] [point_cloud_assembler]: Reseting point cloud assembler as null odometry has been received.
[WARN] [1773307998.714575139] [point_cloud_assembler]: Reseting point cloud assembler as null odometry has been received.
[WARN] [1773307998.758800641] [point_cloud_assembler]: Reseting point cloud assembler as null odometry has been received.
[WARN] [1773307998.764697946] [point_cloud_assembler]: Reseting point cloud assembler as null odometry has been received.
[WARN] [1773307998.769323589] [point_cloud_assembler]: Reseting point cloud assembler as null odometry has been received.
[WARN] [1773307998.837199466] [point_cloud_assembler]: Reseting point cloud assembler as null odometry has been received.
[WARN] [1773307998.856965667] [point_cloud_assembler]: Reseting point cloud assembler as null odometry has been received.
[WARN] [1773307998.864031655] [point_cloud_assembler]: Reseting point cloud assembler as null odometry has been received.
[WARN] [1773307998.874429958] [point_cloud_assembler]: Reseting point cloud assembler as null odometry has been received.
[WARN] [1773307998.880094647] [point_cloud_assembler]: Reseting point cloud assembler as null odometry has been received.
[WARN] [1773307998.884861479] [point_cloud_assembler]: Reseting point cloud assembler as null odometry has been received.
[WARN] [1773307998.950473529] [point_cloud_assembler]: Reseting point cloud assembler as null odometry has been received.
[WARN] [1773307998.956518327] [point_cloud_assembler]: Reseting point cloud assembler as null odometry has been received.
[WARN] [1773307998.968360300] [point_cloud_assembler]: Reseting point cloud assembler as null odometry has been received.
[WARN] [1773307998.969043589] [point_cloud_assembler]: Reseting point cloud assembler as null odometry has been received.
[WARN] [1773307998.973716401] [point_cloud_assembler]: Reseting point cloud assembler as null odometry has been received.
[WARN] [1773307998.984996113] [point_cloud_assembler]: Reseting point cloud assembler as null odometry has been received.
[WARN] [1773307999.051596615] [point_cloud_assembler]: Reseting point cloud assembler as null odometry has been received.
[WARN] [1773307999.077662760] [point_cloud_assembler]: Reseting point cloud assembler as null odometry has been received.
[WARN] [1773307999.144775313] [point_cloud_assembler]: Reseting point cloud assembler as null odometry has been received.
[WARN] [1773307999.161001639] [point_cloud_assembler]: Reseting point cloud assembler as null odometry has been received.
[WARN] [1773307999.166841470] [point_cloud_assembler]: Reseting point cloud assembler as null odometry has been received.
[WARN] [1773307999.168503003] [point_cloud_assembler]: Reseting point cloud assembler as null odometry has been received.
[WARN] [1773307999.172393643] [point_cloud_assembler]: Reseting point cloud assembler as null odometry has been received.
[WARN] [1773307999.173298988] [point_cloud_assembler]: Reseting point cloud assembler as null odometry has been received.
[WARN] [1773307999.177411076] [point_cloud_assembler]: Reseting point cloud assembler as null odometry has been received.
[WARN] [1773307999.189545763] [point_cloud_assembler]: Reseting point cloud assembler as null odometry has been received.
[WARN] [1773307999.221099918] [point_cloud_assembler]: Reseting point cloud assembler as null odometry has been received.
[WARN] [1773307999.260527675] [point_cloud_assembler]: Reseting point cloud assembler as null odometry has been received.
[WARN] [1773307999.265526227] [point_cloud_assembler]: Reseting point cloud assembler as null odometry has been received.
[WARN] [1773307999.272931332] [point_cloud_assembler]: Reseting point cloud assembler as null odometry has been received.
[WARN] [1773307999.276736176] [point_cloud_assembler]: Reseting point cloud assembler as null odometry has been received.
[WARN] [1773307999.288905169] [point_cloud_assembler]: Reseting point cloud assembler as null odometry has been received.
[WARN] [1773307999.355452869] [point_cloud_assembler]: Reseting point cloud assembler as null odometry has been received.
[WARN] [1773307999.371161960] [point_cloud_assembler]: Reseting point cloud assembler as null odometry has been received.
[WARN] [1773307999.373950959] [point_cloud_assembler]: Reseting point cloud assembler as null odometry has been received.
[WARN] [1773307999.377405934] [point_cloud_assembler]: Reseting point cloud assembler as null odometry has been received.
[WARN] [1773307999.377857087] [point_cloud_assembler]: Reseting point cloud assembler as null odometry has been received.
[WARN] [1773307999.393002189] [point_cloud_assembler]: Reseting point cloud assembler as null odometry has been received.
[WARN] [1773307999.463992997] [point_cloud_assembler]: Reseting point cloud assembler as null odometry has been received.
[WARN] [1773307999.470590808] [point_cloud_assembler]: Reseting point cloud assembler as null odometry has been received.
[WARN] [1773307999.474953945] [point_cloud_assembler]: Reseting point cloud assembler as null odometry has been received.
[WARN] [1773307999.475648979] [point_cloud_assembler]: Reseting point cloud assembler as null odometry has been received.
[WARN] [1773307999.477374482] [point_cloud_assembler]: Reseting point cloud assembler as null odometry has been received.
[WARN] [1773307999.481717778] [point_cloud_assembler]: Reseting point cloud assembler as null odometry has been received.
[WARN] [1773307999.486934707] [point_cloud_assembler]: Reseting point cloud assembler as null odometry has been received.
[WARN] [1773307999.555565972] [point_cloud_assembler]: Reseting point cloud assembler as null odometry has been received.
[WARN] [1773307999.563182188] [point_cloud_assembler]: Reseting point cloud assembler as null odometry has been received.
[WARN] [1773307999.574943550] [point_cloud_assembler]: Reseting point cloud assembler as null odometry has been received.
[WARN] [1773307999.576628348] [point_cloud_assembler]: Reseting point cloud assembler as null odometry has been received.
[WARN] [1773307999.580493994] [point_cloud_assembler]: Reseting point cloud assembler as null odometry has been received.
[WARN] [1773307999.581870269] [point_cloud_assembler]: Reseting point cloud assembler as null odometry has been received.
[WARN] [1773307999.586609676] [point_cloud_assembler]: Reseting point cloud assembler as null odometry has been received.
[WARN] [1773307999.591333850] [point_cloud_assembler]: Reseting point cloud assembler as null odometry has been received.
[WARN] [1773307999.659402790] [point_cloud_assembler]: Reseting point cloud assembler as null odometry has been received.
[WARN] [1773307999.674421456] [point_cloud_assembler]: Reseting point cloud assembler as null odometry has been received.
[WARN] [1773307999.681016003] [point_cloud_assembler]: Reseting point cloud assembler as null odometry has been received.
[WARN] [1773307999.681181033] [point_cloud_assembler]: Reseting point cloud assembler as null odometry has been received.
[WARN] [1773307999.685713360] [point_cloud_assembler]: Reseting point cloud assembler as null odometry has been received.
[WARN] [1773307999.691367200] [point_cloud_assembler]: Reseting point cloud assembler as null odometry has been received.
[WARN] [1773307999.696979407] [point_cloud_assembler]: Reseting point cloud assembler as null odometry has been received.
[WARN] [1773307999.738838358] [point_cloud_assembler]: Reseting point cloud assembler as null odometry has been received.
[WARN] [1773307999.774024231] [point_cloud_assembler]: Reseting point cloud assembler as null odometry has been received.
[WARN] [1773307999.781055754] [point_cloud_assembler]: Reseting point cloud assembler as null odometry has been received.
[WARN] [1773307999.783488355] [point_cloud_assembler]: Reseting point cloud assembler as null odometry has been received.
[WARN] [1773307999.785545487] [point_cloud_assembler]: Reseting point cloud assembler as null odometry has been received.
[WARN] [1773307999.853451062] [point_cloud_assembler]: Reseting point cloud assembler as null odometry has been received.
[WARN] [1773307999.867671650] [point_cloud_assembler]: Reseting point cloud assembler as null odometry has been received.
[WARN] [1773307999.884751191] [point_cloud_assembler]: Reseting point cloud assembler as null odometry has been received.
[WARN] [1773307999.885937059] [point_cloud_assembler]: Reseting point cloud assembler as null odometry has been received.
[WARN] [1773307999.889976056] [point_cloud_assembler]: Reseting point cloud assembler as null odometry has been received.
[WARN] [1773307999.896675727] [point_cloud_assembler]: Reseting point cloud assembler as null odometry has been received.
[WARN] [1773307999.897003867] [point_cloud_assembler]: Reseting point cloud assembler as null odometry has been received.
[WARN] [1773307999.935413794] [point_cloud_assembler]: Reseting point cloud assembler as null odometry has been received.
[WARN] [1773307999.940083854] [point_cloud_assembler]: Reseting point cloud assembler as null odometry has been received.
[WARN] [1773307999.972829509] [point_cloud_assembler]: Reseting point cloud assembler as null odometry has been received.
[WARN] [1773307999.978820162] [point_cloud_assembler]: Reseting point cloud assembler as null odometry has been received.
[WARN] [1773307999.980256983] [point_cloud_assembler]: Reseting point cloud assembler as null odometry has been received.
[WARN] [1773307999.985661086] [point_cloud_assembler]: Reseting point cloud assembler as null odometry has been received.
[WARN] [1773307999.989019002] [point_cloud_assembler]: Reseting point cloud assembler as null odometry has been received.
[WARN] [1773307999.990863006] [point_cloud_assembler]: Reseting point cloud assembler as null odometry has been received.
[WARN] [1773308000.058745091] [point_cloud_assembler]: Reseting point cloud assembler as null odometry has been received.
[WARN] [1773308000.071402966] [point_cloud_assembler]: Reseting point cloud assembler as null odometry has been received.
[WARN] [1773308000.078895082] [point_cloud_assembler]: Reseting point cloud assembler as null odometry has been received.
[WARN] [1773308000.084226318] [point_cloud_assembler]: Reseting point cloud assembler as null odometry has been received.
[WARN] [1773308000.105639651] [point_cloud_assembler]: Reseting point cloud assembler as null odometry has been received.
[WARN] [1773308000.144708355] [point_cloud_assembler]: Reseting point cloud assembler as null odometry has been received.
[WARN] [1773308000.176823971] [point_cloud_assembler]: Reseting point cloud assembler as null odometry has been received.
[WARN] [1773308000.188799100] [point_cloud_assembler]: Reseting point cloud assembler as null odometry has been received.
[WARN] [1773308000.190588606] [point_cloud_assembler]: Reseting point cloud assembler as null odometry has been received.
[WARN] [1773308000.194658356] [point_cloud_assembler]: Reseting point cloud assembler as null odometry has been received.
[WARN] [1773308000.199762992] [point_cloud_assembler]: Reseting point cloud assembler as null odometry has been received.
[WARN] [1773308000.205758253] [point_cloud_assembler]: Reseting point cloud assembler as null odometry has been received.
[WARN] [1773308000.243800039] [point_cloud_assembler]: Reseting point cloud assembler as null odometry has been received.
[WARN] [1773308000.288151977] [point_cloud_assembler]: Reseting point cloud assembler as null odometry has been received.
[WARN] [1773308000.292756851] [point_cloud_assembler]: Reseting point cloud assembler as null odometry has been received.
[WARN] [1773308000.298931703] [point_cloud_assembler]: Reseting point cloud assembler as null odometry has been received.
[WARN] [1773308000.305187037] [point_cloud_assembler]: Reseting point cloud assembler as null odometry has been received.
[WARN] [1773308000.315552827] [point_cloud_assembler]: Reseting point cloud assembler as null odometry has been received.
[WARN] [1773308000.376110803] [point_cloud_assembler]: Reseting point cloud assembler as null odometry has been received.
[WARN] [1773308000.387273966] [point_cloud_assembler]: Reseting point cloud assembler as null odometry has been received.
[WARN] [1773308000.400318607] [point_cloud_assembler]: Reseting point cloud assembler as null odometry has been received.
[WARN] [1773308000.448004236] [point_cloud_assembler]: Reseting point cloud assembler as null odometry has been received.
[WARN] [1773308000.492525333] [point_cloud_assembler]: Reseting point cloud assembler as null odometry has been received.
[WARN] [1773308000.497117854] [point_cloud_assembler]: Reseting point cloud assembler as null odometry has been received.
[WARN] [1773308000.498926209] [point_cloud_assembler]: Reseting point cloud assembler as null odometry has been received.
[WARN] [1773308000.501074064] [point_cloud_assembler]: Reseting point cloud assembler as null odometry has been received.
[WARN] [1773308000.520436506] [point_cloud_assembler]: Reseting point cloud assembler as null odometry has been received.
[WARN] [1773308000.553508605] [point_cloud_assembler]: Reseting point cloud assembler as null odometry has been received.
[WARN] [1773308000.583041789] [point_cloud_assembler]: Reseting point cloud assembler as null odometry has been received.
[WARN] [1773308000.591036420] [point_cloud_assembler]: Reseting point cloud assembler as null odometry has been received.
[WARN] [1773308000.592743234] [point_cloud_assembler]: Reseting point cloud assembler as null odometry has been received.
[WARN] [1773308000.602632751] [point_cloud_assembler]: Reseting point cloud assembler as null odometry has been received.
[WARN] [1773308000.619848329] [point_cloud_assembler]: Reseting point cloud assembler as null odometry has been received.
[WARN] [1773308000.686968179] [point_cloud_assembler]: Reseting point cloud assembler as null odometry has been received.
[WARN] [1773308000.691173390] [point_cloud_assembler]: Reseting point cloud assembler as null odometry has been received.
[WARN] [1773308000.698542941] [point_cloud_assembler]: Reseting point cloud assembler as null odometry has been received.
[WARN] [1773308000.704452599] [point_cloud_assembler]: Reseting point cloud assembler as null odometry has been received.
[WARN] [1773308000.709284297] [point_cloud_assembler]: Reseting point cloud assembler as null odometry has been received.
[WARN] [1773308000.714209119] [point_cloud_assembler]: Reseting point cloud assembler as null odometry has been received.
[WARN] [1773308000.781560433] [point_cloud_assembler]: Reseting point cloud assembler as null odometry has been received.
[WARN] [1773308000.795502867] [point_cloud_assembler]: Reseting point cloud assembler as null odometry has been received.
[WARN] [1773308000.801061792] [point_cloud_assembler]: Reseting point cloud assembler as null odometry has been received.
[WARN] [1773308000.803191278] [point_cloud_assembler]: Reseting point cloud assembler as null odometry has been received.
[WARN] [1773308000.806892982] [point_cloud_assembler]: Reseting point cloud assembler as null odometry has been received.
[WARN] [1773308000.810207569] [point_cloud_assembler]: Reseting point cloud assembler as null odometry has been received.
[WARN] [1773308000.851838447] [point_cloud_assembler]: Reseting point cloud assembler as null odometry has been received.
[WARN] [1773308000.884792269] [point_cloud_assembler]: Reseting point cloud assembler as null odometry has been received.
[WARN] [1773308000.894717019] [point_cloud_assembler]: Reseting point cloud assembler as null odometry has been received.
[WARN] [1773308000.895633821] [point_cloud_assembler]: Reseting point cloud assembler as null odometry has been received.
[WARN] [1773308000.901942405] [point_cloud_assembler]: Reseting point cloud assembler as null odometry has been received.
[WARN] [1773308000.903000204] [point_cloud_assembler]: Reseting point cloud assembler as null odometry has been received.
[WARN] [1773308000.911384801] [point_cloud_assembler]: Reseting point cloud assembler as null odometry has been received.
[WARN] [1773308000.977103063] [point_cloud_assembler]: Reseting point cloud assembler as null odometry has been received.
[WARN] [1773308000.994698880] [point_cloud_assembler]: Reseting point cloud assembler as null odometry has been received.
[WARN] [1773308001.006691033] [point_cloud_assembler]: Reseting point cloud assembler as null odometry has been received.
[WARN] [1773308001.012964129] [point_cloud_assembler]: Reseting point cloud assembler as null odometry has been received.
[WARN] [1773308001.017615724] [point_cloud_assembler]: Reseting point cloud assembler as null odometry has been received.
[WARN] [1773308001.023261180] [point_cloud_assembler]: Reseting point cloud assembler as null odometry has been received.
[WARN] [1773308001.029037009] [point_cloud_assembler]: Reseting point cloud assembler as null odometry has been received.
[WARN] [1773308001.056563591] [point_cloud_assembler]: Reseting point cloud assembler as null odometry has been received.
[WARN] [1773308001.100615071] [point_cloud_assembler]: Reseting point cloud assembler as null odometry has been received.
[WARN] [1773308001.106904007] [point_cloud_assembler]: Reseting point cloud assembler as null odometry has been received.
[WARN] [1773308001.111335786] [point_cloud_assembler]: Reseting point cloud assembler as null odometry has been received.
[WARN] [1773308001.180122865] [point_cloud_assembler]: Reseting point cloud assembler as null odometry has been received.
[WARN] [1773308001.200264951] [point_cloud_assembler]: Reseting point cloud assembler as null odometry has been received.
[WARN] [1773308001.204765245] [point_cloud_assembler]: Reseting point cloud assembler as null odometry has been received.
[WARN] [1773308001.211917893] [point_cloud_assembler]: Reseting point cloud assembler as null odometry has been received.
[WARN] [1773308001.213335161] [point_cloud_assembler]: Reseting point cloud assembler as null odometry has been received.
[WARN] [1773308001.227122293] [point_cloud_assembler]: Reseting point cloud assembler as null odometry has been received.
[WARN] [1773308001.260840944] [point_cloud_assembler]: Reseting point cloud assembler as null odometry has been received.
[WARN] [1773308001.310679708] [point_cloud_assembler]: Reseting point cloud assembler as null odometry has been received.
[WARN] [1773308001.317991018] [point_cloud_assembler]: Reseting point cloud assembler as null odometry has been received.
[WARN] [1773308001.318163472] [point_cloud_assembler]: Reseting point cloud assembler as null odometry has been received.
[WARN] [1773308001.324018248] [point_cloud_assembler]: Reseting point cloud assembler as null odometry has been received.
[WARN] [1773308001.366149976] [point_cloud_assembler]: Reseting point cloud assembler as null odometry has been received.
[WARN] [1773308001.409078919] [point_cloud_assembler]: Reseting point cloud assembler as null odometry has been received.
[WARN] [1773308001.416966185] [point_cloud_assembler]: Reseting point cloud assembler as null odometry has been received.
[WARN] [1773308001.421586387] [point_cloud_assembler]: Reseting point cloud assembler as null odometry has been received.
[WARN] [1773308001.427829178] [point_cloud_assembler]: Reseting point cloud assembler as null odometry has been received.
[WARN] [1773308001.431615013] [point_cloud_assembler]: Reseting point cloud assembler as null odometry has been received.
[WARN] [1773308001.499693970] [point_cloud_assembler]: Reseting point cloud assembler as null odometry has been received.
[WARN] [1773308001.503572833] [point_cloud_assembler]: Reseting point cloud assembler as null odometry has been received.
[WARN] [1773308001.516312758] [point_cloud_assembler]: Reseting point cloud assembler as null odometry has been received.
[WARN] [1773308001.520719609] [point_cloud_assembler]: Reseting point cloud assembler as null odometry has been received.
[WARN] [1773308001.525167613] [point_cloud_assembler]: Reseting point cloud assembler as null odometry has been received.
[WARN] [1773308001.526677236] [point_cloud_assembler]: Reseting point cloud assembler as null odometry has been received.
[WARN] [1773308001.531192603] [point_cloud_assembler]: Reseting point cloud assembler as null odometry has been received.
[WARN] [1773308001.538004246] [point_cloud_assembler]: Reseting point cloud assembler as null odometry has been received.
[WARN] [1773308001.605110303] [point_cloud_assembler]: Reseting point cloud assembler as null odometry has been received.
[WARN] [1773308001.615547455] [point_cloud_assembler]: Reseting point cloud assembler as null odometry has been received.
[WARN] [1773308001.625768536] [point_cloud_assembler]: Reseting point cloud assembler as null odometry has been received.
[WARN] [1773308001.631181056] [point_cloud_assembler]: Reseting point cloud assembler as null odometry has been received.
[WARN] [1773308001.699924325] [point_cloud_assembler]: Reseting point cloud assembler as null odometry has been received.
[WARN] [1773308001.713284977] [point_cloud_assembler]: Reseting point cloud assembler as null odometry has been received.
[WARN] [1773308001.719701982] [point_cloud_assembler]: Reseting point cloud assembler as null odometry has been received.
[WARN] [1773308001.720966636] [point_cloud_assembler]: Reseting point cloud assembler as null odometry has been received.
[WARN] [1773308001.725557654] [point_cloud_assembler]: Reseting point cloud assembler as null odometry has been received.
[WARN] [1773308001.729377762] [point_cloud_assembler]: Reseting point cloud assembler as null odometry has been received.
[WARN] [1773308001.796943932] [point_cloud_assembler]: Reseting point cloud assembler as null odometry has been received.
[WARN] [1773308001.823919614] [point_cloud_assembler]: Reseting point cloud assembler as null odometry has been received.
[WARN] [1773308001.824778846] [point_cloud_assembler]: Reseting point cloud assembler as null odometry has been received.
[WARN] [1773308001.829398248] [point_cloud_assembler]: Reseting point cloud assembler as null odometry has been received.
[WARN] [1773308001.836013948] [point_cloud_assembler]: Reseting point cloud assembler as null odometry has been received.
[WARN] [1773308001.876068544] [point_cloud_assembler]: Reseting point cloud assembler as null odometry has been received.
[WARN] [1773308001.880223609] [point_cloud_assembler]: Reseting point cloud assembler as null odometry has been received.
[WARN] [1773308001.912180691] [point_cloud_assembler]: Reseting point cloud assembler as null odometry has been received.
[WARN] [1773308001.917772705] [point_cloud_assembler]: Reseting point cloud assembler as null odometry has been received.
[WARN] [1773308001.924417142] [point_cloud_assembler]: Reseting point cloud assembler as null odometry has been received.
[WARN] [1773308001.928862650] [point_cloud_assembler]: Reseting point cloud assembler as null odometry has been received.
[WARN] [1773308001.930535160] [point_cloud_assembler]: Reseting point cloud assembler as null odometry has been received.
[WARN] [1773308001.940291039] [point_cloud_assembler]: Reseting point cloud assembler as null odometry has been received.
[WARN] [1773308002.008751162] [point_cloud_assembler]: Reseting point cloud assembler as null odometry has been received.
[WARN] [1773308002.023286386] [point_cloud_assembler]: Reseting point cloud assembler as null odometry has been received.
[WARN] [1773308002.024463709] [point_cloud_assembler]: Reseting point cloud assembler as null odometry has been received.
[WARN] [1773308002.025624232] [point_cloud_assembler]: Reseting point cloud assembler as null odometry has been received.
[WARN] [1773308002.029019429] [point_cloud_assembler]: Reseting point cloud assembler as null odometry has been received.
[WARN] [1773308002.033538763] [point_cloud_assembler]: Reseting point cloud assembler as null odometry has been received.
[WARN] [1773308002.039726031] [point_cloud_assembler]: Reseting point cloud assembler as null odometry has been received.
[WARN] [1773308002.077474847] [point_cloud_assembler]: Reseting point cloud assembler as null odometry has been received.
[WARN] [1773308002.083114478] [point_cloud_assembler]: Reseting point cloud assembler as null odometry has been received.
[WARN] [1773308002.127207751] [point_cloud_assembler]: Reseting point cloud assembler as null odometry has been received.
[WARN] [1773308002.130165300] [point_cloud_assembler]: Reseting point cloud assembler as null odometry has been received.
[WARN] [1773308002.144722061] [point_cloud_assembler]: Reseting point cloud assembler as null odometry has been received.
[WARN] [1773308002.184652780] [point_cloud_assembler]: Reseting point cloud assembler as null odometry has been received.
[WARN] [1773308002.214944361] [point_cloud_assembler]: Reseting point cloud assembler as null odometry has been received.
[WARN] [1773308002.221135725] [point_cloud_assembler]: Reseting point cloud assembler as null odometry has been received.
[WARN] [1773308002.226808542] [point_cloud_assembler]: Reseting point cloud assembler as null odometry has been received.
[WARN] [1773308002.233054852] [point_cloud_assembler]: Reseting point cloud assembler as null odometry has been received.
[WARN] [1773308002.233279596] [point_cloud_assembler]: Reseting point cloud assembler as null odometry has been received.
[WARN] [1773308002.238676947] [point_cloud_assembler]: Reseting point cloud assembler as null odometry has been received.
[WARN] [1773308002.243576424] [point_cloud_assembler]: Reseting point cloud assembler as null odometry has been received.
[WARN] [1773308002.250071991] [point_cloud_assembler]: Reseting point cloud assembler as null odometry has been received.
[WARN] [1773308002.282830511] [point_cloud_assembler]: Reseting point cloud assembler as null odometry has been received.
[WARN] [1773308002.288702247] [point_cloud_assembler]: Reseting point cloud assembler as null odometry has been received.
[WARN] [1773308002.332237995] [point_cloud_assembler]: Reseting point cloud assembler as null odometry has been received.
[WARN] [1773308002.333124460] [point_cloud_assembler]: Reseting point cloud assembler as null odometry has been received.
[WARN] [1773308002.336869462] [point_cloud_assembler]: Reseting point cloud assembler as null odometry has been received.
[WARN] [1773308002.339131401] [point_cloud_assembler]: Reseting point cloud assembler as null odometry has been received.
[WARN] [1773308002.386781221] [point_cloud_assembler]: Reseting point cloud assembler as null odometry has been received.
[WARN] [1773308002.430843613] [point_cloud_assembler]: Reseting point cloud assembler as null odometry has been received.
[WARN] [1773308002.432235536] [point_cloud_assembler]: Reseting point cloud assembler as null odometry has been received.
[WARN] [1773308002.436945406] [point_cloud_assembler]: Reseting point cloud assembler as null odometry has been received.
[WARN] [1773308002.442939259] [point_cloud_assembler]: Reseting point cloud assembler as null odometry has been received.
[WARN] [1773308002.485857033] [point_cloud_assembler]: Reseting point cloud assembler as null odometry has been received.
[WARN] [1773308002.536973732] [point_cloud_assembler]: Reseting point cloud assembler as null odometry has been received.
[WARN] [1773308002.537303472] [point_cloud_assembler]: Reseting point cloud assembler as null odometry has been received.
[WARN] [1773308002.541672081] [point_cloud_assembler]: Reseting point cloud assembler as null odometry has been received.
[WARN] [1773308002.542888638] [point_cloud_assembler]: Reseting point cloud assembler as null odometry has been received.
[WARN] [1773308002.544160717] [point_cloud_assembler]: Reseting point cloud assembler as null odometry has been received.
[WARN] [1773308002.551905163] [point_cloud_assembler]: Reseting point cloud assembler as null odometry has been received.
[WARN] [1773308002.586377569] [point_cloud_assembler]: Reseting point cloud assembler as null odometry has been received.
[WARN] [1773308002.626302400] [point_cloud_assembler]: Reseting point cloud assembler as null odometry has been received.
[WARN] [1773308002.637562815] [point_cloud_assembler]: Reseting point cloud assembler as null odometry has been received.
[WARN] [1773308002.638179510] [point_cloud_assembler]: Reseting point cloud assembler as null odometry has been received.
[WARN] [1773308002.642465108] [point_cloud_assembler]: Reseting point cloud assembler as null odometry has been received.
[WARN] [1773308002.648430896] [point_cloud_assembler]: Reseting point cloud assembler as null odometry has been received.
[WARN] [1773308002.716223346] [point_cloud_assembler]: Reseting point cloud assembler as null odometry has been received.
[WARN] [1773308002.739995422] [point_cloud_assembler]: Reseting point cloud assembler as null odometry has been received.
[WARN] [1773308002.742540156] [point_cloud_assembler]: Reseting point cloud assembler as null odometry has been received.
[WARN] [1773308002.747329869] [point_cloud_assembler]: Reseting point cloud assembler as null odometry has been received.
[WARN] [1773308002.815458427] [point_cloud_assembler]: Reseting point cloud assembler as null odometry has been received.
[WARN] [1773308002.835438300] [point_cloud_assembler]: Reseting point cloud assembler as null odometry has been received.
[WARN] [1773308002.842673158] [point_cloud_assembler]: Reseting point cloud assembler as null odometry has been received.
[WARN] [1773308002.847084041] [point_cloud_assembler]: Reseting point cloud assembler as null odometry has been received.
[WARN] [1773308002.851623088] [point_cloud_assembler]: Reseting point cloud assembler as null odometry has been received.
[WARN] [1773308002.857360867] [point_cloud_assembler]: Reseting point cloud assembler as null odometry has been received.
[WARN] [1773308002.863310399] [point_cloud_assembler]: Reseting point cloud assembler as null odometry has been received.
[WARN] [1773308002.930431592] [point_cloud_assembler]: Reseting point cloud assembler as null odometry has been received.
[WARN] [1773308002.939062822] [point_cloud_assembler]: Reseting point cloud assembler as null odometry has been received.
[WARN] [1773308002.940762597] [point_cloud_assembler]: Reseting point cloud assembler as null odometry has been received.
[WARN] [1773308002.951006175] [point_cloud_assembler]: Reseting point cloud assembler as null odometry has been received.
[WARN] [1773308002.952657339] [point_cloud_assembler]: Reseting point cloud assembler as null odometry has been received.
[WARN] [1773308002.956959546] [point_cloud_assembler]: Reseting point cloud assembler as null odometry has been received.
[WARN] [1773308002.967382458] [point_cloud_assembler]: Reseting point cloud assembler as null odometry has been received.
[WARN] [1773308003.035749778] [point_cloud_assembler]: Reseting point cloud assembler as null odometry has been received.
[WARN] [1773308003.050964290] [point_cloud_assembler]: Reseting point cloud assembler as null odometry has been received.
[WARN] [1773308003.052716451] [point_cloud_assembler]: Reseting point cloud assembler as null odometry has been received.
[WARN] [1773308003.099897166] [point_cloud_assembler]: Reseting point cloud assembler as null odometry has been received.
[WARN] [1773308003.143845857] [point_cloud_assembler]: Reseting point cloud assembler as null odometry has been received.
[WARN] [1773308003.149398350] [point_cloud_assembler]: Reseting point cloud assembler as null odometry has been received.
[WARN] [1773308003.154688017] [point_cloud_assembler]: Reseting point cloud assembler as null odometry has been received.
[WARN] [1773308003.161289572] [point_cloud_assembler]: Reseting point cloud assembler as null odometry has been received.
[WARN] [1773308003.172783468] [point_cloud_assembler]: Reseting point cloud assembler as null odometry has been received.
[WARN] [1773308003.204185585] [point_cloud_assembler]: Reseting point cloud assembler as null odometry has been received.
[WARN] [1773308003.243811717] [point_cloud_assembler]: Reseting point cloud assembler as null odometry has been received.
[WARN] [1773308003.256503225] [point_cloud_assembler]: Reseting point cloud assembler as null odometry has been received.
[WARN] [1773308003.271684904] [point_cloud_assembler]: Reseting point cloud assembler as null odometry has been received.
[WARN] [1773308003.339660113] [point_cloud_assembler]: Reseting point cloud assembler as null odometry has been received.
[WARN] [1773308003.354850273] [point_cloud_assembler]: Reseting point cloud assembler as null odometry has been received.
[WARN] [1773308003.356360633] [point_cloud_assembler]: Reseting point cloud assembler as null odometry has been received.
[WARN] [1773308003.360138596] [point_cloud_assembler]: Reseting point cloud assembler as null odometry has been received.
[WARN] [1773308003.365477705] [point_cloud_assembler]: Reseting point cloud assembler as null odometry has been received.
[WARN] [1773308003.371523688] [point_cloud_assembler]: Reseting point cloud assembler as null odometry has been received.
[WARN] [1773308003.404504359] [point_cloud_assembler]: Reseting point cloud assembler as null odometry has been received.
[WARN] [1773308003.448330294] [point_cloud_assembler]: Reseting point cloud assembler as null odometry has been received.
[WARN] [1773308003.454126060] [point_cloud_assembler]: Reseting point cloud assembler as null odometry has been received.
[WARN] [1773308003.477009623] [point_cloud_assembler]: Reseting point cloud assembler as null odometry has been received.
[WARN] [1773308003.487135116] [point_cloud_assembler]: Reseting point cloud assembler as null odometry has been received.
[WARN] [1773308003.554781993] [point_cloud_assembler]: Reseting point cloud assembler as null odometry has been received.
[WARN] [1773308003.560465851] [point_cloud_assembler]: Reseting point cloud assembler as null odometry has been received.
[WARN] [1773308003.569167675] [point_cloud_assembler]: Reseting point cloud assembler as null odometry has been received.
[WARN] [1773308003.571514130] [point_cloud_assembler]: Reseting point cloud assembler as null odometry has been received.
[WARN] [1773308003.613256212] [point_cloud_assembler]: Reseting point cloud assembler as null odometry has been received.
[WARN] [1773308003.658949000] [point_cloud_assembler]: Reseting point cloud assembler as null odometry has been received.
[WARN] [1773308003.659703780] [point_cloud_assembler]: Reseting point cloud assembler as null odometry has been received.
[WARN] [1773308003.728162623] [point_cloud_assembler]: Reseting point cloud assembler as null odometry has been received.
[WARN] [1773308003.746507779] [point_cloud_assembler]: Reseting point cloud assembler as null odometry has been received.
[WARN] [1773308003.751310388] [point_cloud_assembler]: Reseting point cloud assembler as null odometry has been received.
[WARN] [1773308003.764793509] [point_cloud_assembler]: Reseting point cloud assembler as null odometry has been received.
[WARN] [1773308003.769560116] [point_cloud_assembler]: Reseting point cloud assembler as null odometry has been received.
[WARN] [1773308003.780136698] [point_cloud_assembler]: Reseting point cloud assembler as null odometry has been received.
[WARN] [1773308003.818096305] [point_cloud_assembler]: Reseting point cloud assembler as null odometry has been received.
[WARN] [1773308003.851440958] [point_cloud_assembler]: Reseting point cloud assembler as null odometry has been received.
[WARN] [1773308003.864492191] [point_cloud_assembler]: Reseting point cloud assembler as null odometry has been received.
[WARN] [1773308003.864807850] [point_cloud_assembler]: Reseting point cloud assembler as null odometry has been received.
[WARN] [1773308003.865043539] [point_cloud_assembler]: Reseting point cloud assembler as null odometry has been received.
[WARN] [1773308003.870304949] [point_cloud_assembler]: Reseting point cloud assembler as null odometry has been received.
[WARN] [1773308003.938481478] [point_cloud_assembler]: Reseting point cloud assembler as null odometry has been received.
[WARN] [1773308003.955871078] [point_cloud_assembler]: Reseting point cloud assembler as null odometry has been received.
[WARN] [1773308003.961694621] [point_cloud_assembler]: Reseting point cloud assembler as null odometry has been received.
[WARN] [1773308003.962974444] [point_cloud_assembler]: Reseting point cloud assembler as null odometry has been received.
[WARN] [1773308003.967064483] [point_cloud_assembler]: Reseting point cloud assembler as null odometry has been received.
[WARN] [1773308003.968997962] [point_cloud_assembler]: Reseting point cloud assembler as null odometry has been received.
[WARN] [1773308003.973219526] [point_cloud_assembler]: Reseting point cloud assembler as null odometry has been received.
[WARN] [1773308004.041612414] [point_cloud_assembler]: Reseting point cloud assembler as null odometry has been received.
[WARN] [1773308004.068810088] [point_cloud_assembler]: Reseting point cloud assembler as null odometry has been received.
[WARN] [1773308004.074457241] [point_cloud_assembler]: Reseting point cloud assembler as null odometry has been received.
[WARN] [1773308004.084776309] [point_cloud_assembler]: Reseting point cloud assembler as null odometry has been received.
[WARN] [1773308004.150906170] [point_cloud_assembler]: Reseting point cloud assembler as null odometry has been received.
[WARN] [1773308004.155284379] [point_cloud_assembler]: Reseting point cloud assembler as null odometry has been received.
[WARN] [1773308004.168048114] [point_cloud_assembler]: Reseting point cloud assembler as null odometry has been received.
[WARN] [1773308004.170708052] [point_cloud_assembler]: Reseting point cloud assembler as null odometry has been received.
[WARN] [1773308004.171699288] [point_cloud_assembler]: Reseting point cloud assembler as null odometry has been received.
[WARN] [1773308004.174314649] [point_cloud_assembler]: Reseting point cloud assembler as null odometry has been received.
[WARN] [1773308004.177148737] [point_cloud_assembler]: Reseting point cloud assembler as null odometry has been received.
[WARN] [1773308004.183120893] [point_cloud_assembler]: Reseting point cloud assembler as null odometry has been received.
[WARN] [1773308004.189024823] [point_cloud_assembler]: Reseting point cloud assembler as null odometry has been received.
[WARN] [1773308004.221917491] [point_cloud_assembler]: Reseting point cloud assembler as null odometry has been received.
[WARN] [1773308004.265319602] [point_cloud_assembler]: Reseting point cloud assembler as null odometry has been received.
[WARN] [1773308004.271305295] [point_cloud_assembler]: Reseting point cloud assembler as null odometry has been received.
[WARN] [1773308004.276584465] [point_cloud_assembler]: Reseting point cloud assembler as null odometry has been received.
[WARN] [1773308004.288391013] [point_cloud_assembler]: Reseting point cloud assembler as null odometry has been received.
[WARN] [1773308004.288613965] [point_cloud_assembler]: Reseting point cloud assembler as null odometry has been received.
[WARN] [1773308004.328030937] [point_cloud_assembler]: Reseting point cloud assembler as null odometry has been received.
[WARN] [1773308004.359079378] [point_cloud_assembler]: Reseting point cloud assembler as null odometry has been received.
[WARN] [1773308004.365284598] [point_cloud_assembler]: Reseting point cloud assembler as null odometry has been received.
[WARN] [1773308004.370860740] [point_cloud_assembler]: Reseting point cloud assembler as null odometry has been received.
[WARN] [1773308004.372644838] [point_cloud_assembler]: Reseting point cloud assembler as null odometry has been received.
[WARN] [1773308004.375736184] [point_cloud_assembler]: Reseting point cloud assembler as null odometry has been received.
[WARN] [1773308004.376866465] [point_cloud_assembler]: Reseting point cloud assembler as null odometry has been received.
[WARN] [1773308004.383520406] [point_cloud_assembler]: Reseting point cloud assembler as null odometry has been received.
[WARN] [1773308004.449489397] [point_cloud_assembler]: Reseting point cloud assembler as null odometry has been received.
[WARN] [1773308004.470924363] [point_cloud_assembler]: Reseting point cloud assembler as null odometry has been received.
[WARN] [1773308004.475161768] [point_cloud_assembler]: Reseting point cloud assembler as null odometry has been received.
[WARN] [1773308004.477235988] [point_cloud_assembler]: Reseting point cloud assembler as null odometry has been received.
[WARN] [1773308004.481284713] [point_cloud_assembler]: Reseting point cloud assembler as null odometry has been received.
[WARN] [1773308004.486879831] [point_cloud_assembler]: Reseting point cloud assembler as null odometry has been received.
[WARN] [1773308004.494175236] [point_cloud_assembler]: Reseting point cloud assembler as null odometry has been received.
[WARN] [1773308004.530827627] [point_cloud_assembler]: Reseting point cloud assembler as null odometry has been received.
[WARN] [1773308004.563764969] [point_cloud_assembler]: Reseting point cloud assembler as null odometry has been received.
[WARN] [1773308004.569952813] [point_cloud_assembler]: Reseting point cloud assembler as null odometry has been received.
[WARN] [1773308004.576552992] [point_cloud_assembler]: Reseting point cloud assembler as null odometry has been received.
[WARN] [1773308004.581864644] [point_cloud_assembler]: Reseting point cloud assembler as null odometry has been received.
[WARN] [1773308004.591853940] [point_cloud_assembler]: Reseting point cloud assembler as null odometry has been received.
[WARN] [1773308004.659478448] [point_cloud_assembler]: Reseting point cloud assembler as null odometry has been received.
[WARN] [1773308004.663912084] [point_cloud_assembler]: Reseting point cloud assembler as null odometry has been received.
[WARN] [1773308004.674767076] [point_cloud_assembler]: Reseting point cloud assembler as null odometry has been received.
[WARN] [1773308004.681951244] [point_cloud_assembler]: Reseting point cloud assembler as null odometry has been received.
[WARN] [1773308004.686446002] [point_cloud_assembler]: Reseting point cloud assembler as null odometry has been received.
[WARN] [1773308004.691359335] [point_cloud_assembler]: Reseting point cloud assembler as null odometry has been received.
[WARN] [1773308004.692559027] [point_cloud_assembler]: Reseting point cloud assembler as null odometry has been received.
[WARN] [1773308004.696838129] [point_cloud_assembler]: Reseting point cloud assembler as null odometry has been received.
[WARN] [1773308004.735293050] [point_cloud_assembler]: Reseting point cloud assembler as null odometry has been received.
[WARN] [1773308004.781077425] [point_cloud_assembler]: Reseting point cloud assembler as null odometry has been received.
[WARN] [1773308004.784667126] [point_cloud_assembler]: Reseting point cloud assembler as null odometry has been received.
[WARN] [1773308004.785154664] [point_cloud_assembler]: Reseting point cloud assembler as null odometry has been received.
[WARN] [1773308004.790868026] [point_cloud_assembler]: Reseting point cloud assembler as null odometry has been received.
[WARN] [1773308004.859555966] [point_cloud_assembler]: Reseting point cloud assembler as null odometry has been received.
[WARN] [1773308004.868419044] [point_cloud_assembler]: Reseting point cloud assembler as null odometry has been received.
[WARN] [1773308004.873185012] [point_cloud_assembler]: Reseting point cloud assembler as null odometry has been received.
[WARN] [1773308004.879217842] [point_cloud_assembler]: Reseting point cloud assembler as null odometry has been received.
[WARN] [1773308004.884540822] [point_cloud_assembler]: Reseting point cloud assembler as null odometry has been received.
[WARN] [1773308004.884878883] [point_cloud_assembler]: Reseting point cloud assembler as null odometry has been received.
[WARN] [1773308004.885405014] [point_cloud_assembler]: Reseting point cloud assembler as null odometry has been received.
[WARN] [1773308004.890927650] [point_cloud_assembler]: Reseting point cloud assembler as null odometry has been received.
[WARN] [1773308004.934482471] [point_cloud_assembler]: Reseting point cloud assembler as null odometry has been received.
[WARN] [1773308004.976273771] [point_cloud_assembler]: Reseting point cloud assembler as null odometry has been received.
[WARN] [1773308004.984391318] [point_cloud_assembler]: Reseting point cloud assembler as null odometry has been received.
[WARN] [1773308004.984548284] [point_cloud_assembler]: Reseting point cloud assembler as null odometry has been received.
[WARN] [1773308004.985551137] [point_cloud_assembler]: Reseting point cloud assembler as null odometry has been received.
[WARN] [1773308004.989025473] [point_cloud_assembler]: Reseting point cloud assembler as null odometry has been received.
[WARN] [1773308004.994903481] [point_cloud_assembler]: Reseting point cloud assembler as null odometry has been received.
[WARN] [1773308005.001781783] [point_cloud_assembler]: Reseting point cloud assembler as null odometry has been received.
[WARN] [1773308005.038933008] [point_cloud_assembler]: Reseting point cloud assembler as null odometry has been received.
[WARN] [1773308005.083295763] [point_cloud_assembler]: Reseting point cloud assembler as null odometry has been received.
[WARN] [1773308005.085237306] [point_cloud_assembler]: Reseting point cloud assembler as null odometry has been received.
[WARN] [1773308005.087884668] [point_cloud_assembler]: Reseting point cloud assembler as null odometry has been received.
[WARN] [1773308005.094714936] [point_cloud_assembler]: Reseting point cloud assembler as null odometry has been received.
[WARN] [1773308005.096099115] [point_cloud_assembler]: Reseting point cloud assembler as null odometry has been received.
[WARN] [1773308005.163997201] [point_cloud_assembler]: Reseting point cloud assembler as null odometry has been received.
[WARN] [1773308005.189021419] [point_cloud_assembler]: Reseting point cloud assembler as null odometry has been received.
[WARN] [1773308005.190836142] [point_cloud_assembler]: Reseting point cloud assembler as null odometry has been received.
[WARN] [1773308005.194167465] [point_cloud_assembler]: Reseting point cloud assembler as null odometry has been received.
[WARN] [1773308005.195420791] [point_cloud_assembler]: Reseting point cloud assembler as null odometry has been received.
[WARN] [1773308005.199768887] [point_cloud_assembler]: Reseting point cloud assembler as null odometry has been received.
[WARN] [1773308005.243062995] [point_cloud_assembler]: Reseting point cloud assembler as null odometry has been received.
[WARN] [1773308005.276537828] [point_cloud_assembler]: Reseting point cloud assembler as null odometry has been received.
[WARN] [1773308005.288440987] [point_cloud_assembler]: Reseting point cloud assembler as null odometry has been received.
[WARN] [1773308005.290888085] [point_cloud_assembler]: Reseting point cloud assembler as null odometry has been received.
[WARN] [1773308005.293539735] [point_cloud_assembler]: Reseting point cloud assembler as null odometry has been received.
[WARN] [1773308005.301001258] [point_cloud_assembler]: Reseting point cloud assembler as null odometry has been received.
[WARN] [1773308005.343144571] [point_cloud_assembler]: Reseting point cloud assembler as null odometry has been received.
[WARN] [1773308005.349324671] [point_cloud_assembler]: Reseting point cloud assembler as null odometry has been received.
[WARN] [1773308005.376495976] [point_cloud_assembler]: Reseting point cloud assembler as null odometry has been received.
[WARN] [1773308005.392449972] [point_cloud_assembler]: Reseting point cloud assembler as null odometry has been received.
[WARN] [1773308005.393299091] [point_cloud_assembler]: Reseting point cloud assembler as null odometry has been received.
[WARN] [1773308005.394663750] [point_cloud_assembler]: Reseting point cloud assembler as null odometry has been received.
[WARN] [1773308005.400705924] [point_cloud_assembler]: Reseting point cloud assembler as null odometry has been received.
[WARN] [1773308005.448707821] [point_cloud_assembler]: Reseting point cloud assembler as null odometry has been received.
[WARN] [1773308005.492733988] [point_cloud_assembler]: Reseting point cloud assembler as null odometry has been received.
[WARN] [1773308005.497684666] [point_cloud_assembler]: Reseting point cloud assembler as null odometry has been received.
[WARN] [1773308005.547292190] [point_cloud_assembler]: Reseting point cloud assembler as null odometry has been received.
[WARN] [1773308005.585982672] [point_cloud_assembler]: Reseting point cloud assembler as null odometry has been received.
[WARN] [1773308005.598929101] [point_cloud_assembler]: Reseting point cloud assembler as null odometry has been received.
[WARN] [1773308005.604728387] [point_cloud_assembler]: Reseting point cloud assembler as null odometry has been received.
[WARN] [1773308005.619944276] [point_cloud_assembler]: Reseting point cloud assembler as null odometry has been received.
[WARN] [1773308005.680413640] [point_cloud_assembler]: Reseting point cloud assembler as null odometry has been received.
[WARN] [1773308005.698115989] [point_cloud_assembler]: Reseting point cloud assembler as null odometry has been received.
[WARN] [1773308005.702993320] [point_cloud_assembler]: Reseting point cloud assembler as null odometry has been received.
[WARN] [1773308005.703559165] [point_cloud_assembler]: Reseting point cloud assembler as null odometry has been received.
[WARN] [1773308005.752410406] [point_cloud_assembler]: Reseting point cloud assembler as null odometry has been received.
[WARN] [1773308005.790173749] [point_cloud_assembler]: Reseting point cloud assembler as null odometry has been received.
[WARN] [1773308005.795674368] [point_cloud_assembler]: Reseting point cloud assembler as null odometry has been received.
[WARN] [1773308005.807451058] [point_cloud_assembler]: Reseting point cloud assembler as null odometry has been received.
[WARN] [1773308005.809096751] [point_cloud_assembler]: Reseting point cloud assembler as null odometry has been received.
[WARN] [1773308005.851264929] [point_cloud_assembler]: Reseting point cloud assembler as null odometry has been received.
[WARN] [1773308005.895798474] [point_cloud_assembler]: Reseting point cloud assembler as null odometry has been received.
[WARN] [1773308005.896705771] [point_cloud_assembler]: Reseting point cloud assembler as null odometry has been received.
[WARN] [1773308005.902168852] [point_cloud_assembler]: Reseting point cloud assembler as null odometry has been received.
[WARN] [1773308005.907111467] [point_cloud_assembler]: Reseting point cloud assembler as null odometry has been received.
[WARN] [1773308005.907993355] [point_cloud_assembler]: Reseting point cloud assembler as null odometry has been received.
[WARN] [1773308005.917982011] [point_cloud_assembler]: Reseting point cloud assembler as null odometry has been received.
[WARN] [1773308005.985387471] [point_cloud_assembler]: Reseting point cloud assembler as null odometry has been received.
[WARN] [1773308005.994982065] [point_cloud_assembler]: Reseting point cloud assembler as null odometry has been received.
[WARN] [1773308006.007021325] [point_cloud_assembler]: Reseting point cloud assembler as null odometry has been received.
[WARN] [1773308006.012713854] [point_cloud_assembler]: Reseting point cloud assembler as null odometry has been received.
[WARN] [1773308006.016900057] [point_cloud_assembler]: Reseting point cloud assembler as null odometry has been received.
[WARN] [1773308006.018412848] [point_cloud_assembler]: Reseting point cloud assembler as null odometry has been received.
[WARN] [1773308006.058193898] [point_cloud_assembler]: Reseting point cloud assembler as null odometry has been received.
[WARN] [1773308006.061781711] [point_cloud_assembler]: Reseting point cloud assembler as null odometry has been received.
[WARN] [1773308006.100528195] [point_cloud_assembler]: Reseting point cloud assembler as null odometry has been received.
[WARN] [1773308006.104957446] [point_cloud_assembler]: Reseting point cloud assembler as null odometry has been received.
[WARN] [1773308006.106871596] [point_cloud_assembler]: Reseting point cloud assembler as null odometry has been received.
[WARN] [1773308006.111380114] [point_cloud_assembler]: Reseting point cloud assembler as null odometry has been received.
[WARN] [1773308006.112707203] [point_cloud_assembler]: Reseting point cloud assembler as null odometry has been received.
[WARN] [1773308006.116975937] [point_cloud_assembler]: Reseting point cloud assembler as null odometry has been received.
[WARN] [1773308006.117165480] [point_cloud_assembler]: Reseting point cloud assembler as null odometry has been received.
[WARN] [1773308006.185399034] [point_cloud_assembler]: Reseting point cloud assembler as null odometry has been received.
[WARN] [1773308006.199566116] [point_cloud_assembler]: Reseting point cloud assembler as null odometry has been received.
[WARN] [1773308006.206618600] [point_cloud_assembler]: Reseting point cloud assembler as null odometry has been received.
[WARN] [1773308006.210853828] [point_cloud_assembler]: Reseting point cloud assembler as null odometry has been received.
[WARN] [1773308006.214568973] [point_cloud_assembler]: Reseting point cloud assembler as null odometry has been received.
[WARN] [1773308006.217032840] [point_cloud_assembler]: Reseting point cloud assembler as null odometry has been received.
[WARN] [1773308006.217417334] [point_cloud_assembler]: Reseting point cloud assembler as null odometry has been received.
[WARN] [1773308006.221841209] [point_cloud_assembler]: Reseting point cloud assembler as null odometry has been received.
[WARN] [1773308006.222094595] [point_cloud_assembler]: Reseting point cloud assembler as null odometry has been received.
[WARN] [1773308006.289563001] [point_cloud_assembler]: Reseting point cloud assembler as null odometry has been received.
[WARN] [1773308006.309374515] [point_cloud_assembler]: Reseting point cloud assembler as null odometry has been received.
[WARN] [1773308006.311149716] [point_cloud_assembler]: Reseting point cloud assembler as null odometry has been received.
[WARN] [1773308006.316396278] [point_cloud_assembler]: Reseting point cloud assembler as null odometry has been received.
[WARN] [1773308006.322658781] [point_cloud_assembler]: Reseting point cloud assembler as null odometry has been received.
[WARN] [1773308006.365188028] [point_cloud_assembler]: Reseting point cloud assembler as null odometry has been received.
[WARN] [1773308006.409060173] [point_cloud_assembler]: Reseting point cloud assembler as null odometry has been received.
[WARN] [1773308006.415333556] [point_cloud_assembler]: Reseting point cloud assembler as null odometry has been received.
[WARN] [1773308006.416397275] [point_cloud_assembler]: Reseting point cloud assembler as null odometry has been received.
[WARN] [1773308006.423595876] [point_cloud_assembler]: Reseting point cloud assembler as null odometry has been received.
[WARN] [1773308006.423761739] [point_cloud_assembler]: Reseting point cloud assembler as null odometry has been received.
[WARN] [1773308006.428344691] [point_cloud_assembler]: Reseting point cloud assembler as null odometry has been received.
[WARN] [1773308006.469512385] [point_cloud_assembler]: Reseting point cloud assembler as null odometry has been received.
[WARN] [1773308006.502339674] [point_cloud_assembler]: Reseting point cloud assembler as null odometry has been received.
[WARN] [1773308006.508919405] [point_cloud_assembler]: Reseting point cloud assembler as null odometry has been received.
[WARN] [1773308006.515895502] [point_cloud_assembler]: Reseting point cloud assembler as null odometry has been received.
[WARN] [1773308006.525612756] [point_cloud_assembler]: Reseting point cloud assembler as null odometry has been received.
[WARN] [1773308006.570337284] [point_cloud_assembler]: Reseting point cloud assembler as null odometry has been received.
[WARN] [1773308006.614458622] [point_cloud_assembler]: Reseting point cloud assembler as null odometry has been received.
[WARN] [1773308006.625026916] [point_cloud_assembler]: Reseting point cloud assembler as null odometry has been received.
[WARN] [1773308006.693256822] [point_cloud_assembler]: Reseting point cloud assembler as null odometry has been received.
[WARN] [1773308006.707114101] [point_cloud_assembler]: Reseting point cloud assembler as null odometry has been received.
[WARN] [1773308006.714354432] [point_cloud_assembler]: Reseting point cloud assembler as null odometry has been received.
[WARN] [1773308006.718909031] [point_cloud_assembler]: Reseting point cloud assembler as null odometry has been received.
[WARN] [1773308006.720637863] [point_cloud_assembler]: Reseting point cloud assembler as null odometry has been received.
[WARN] [1773308006.725208336] [point_cloud_assembler]: Reseting point cloud assembler as null odometry has been received.
[WARN] [1773308006.730334445] [point_cloud_assembler]: Reseting point cloud assembler as null odometry has been received.
[WARN] [1773308006.736336074] [point_cloud_assembler]: Reseting point cloud assembler as null odometry has been received.
[WARN] [1773308006.804949194] [point_cloud_assembler]: Reseting point cloud assembler as null odometry has been received.
[WARN] [1773308006.812594116] [point_cloud_assembler]: Reseting point cloud assembler as null odometry has been received.
[WARN] [1773308006.819949683] [point_cloud_assembler]: Reseting point cloud assembler as null odometry has been received.
[WARN] [1773308006.824510875] [point_cloud_assembler]: Reseting point cloud assembler as null odometry has been received.
[WARN] [1773308006.824928395] [point_cloud_assembler]: Reseting point cloud assembler as null odometry has been received.
[WARN] [1773308006.829326413] [point_cloud_assembler]: Reseting point cloud assembler as null odometry has been received.
[WARN] [1773308006.830953737] [point_cloud_assembler]: Reseting point cloud assembler as null odometry has been received.
[WARN] [1773308006.841503021] [point_cloud_assembler]: Reseting point cloud assembler as null odometry has been received.
[WARN] [1773308006.879296542] [point_cloud_assembler]: Reseting point cloud assembler as null odometry has been received.
[WARN] [1773308006.923094348] [point_cloud_assembler]: Reseting point cloud assembler as null odometry has been received.
[WARN] [1773308006.928830208] [point_cloud_assembler]: Reseting point cloud assembler as null odometry has been received.
[WARN] [1773308006.940345096] [point_cloud_assembler]: Reseting point cloud assembler as null odometry has been received.
[WARN] [1773308006.979777461] [point_cloud_assembler]: Reseting point cloud assembler as null odometry has been received.
[WARN] [1773308007.024065653] [point_cloud_assembler]: Reseting point cloud assembler as null odometry has been received.
[WARN] [1773308007.026951168] [point_cloud_assembler]: Reseting point cloud assembler as null odometry has been received.
[WARN] [1773308007.029049069] [point_cloud_assembler]: Reseting point cloud assembler as null odometry has been received.
[WARN] [1773308007.030104564] [point_cloud_assembler]: Reseting point cloud assembler as null odometry has been received.
[WARN] [1773308007.034144361] [point_cloud_assembler]: Reseting point cloud assembler as null odometry has been received.
[WARN] [1773308007.036672582] [point_cloud_assembler]: Reseting point cloud assembler as null odometry has been received.
[WARN] [1773308007.102578339] [point_cloud_assembler]: Reseting point cloud assembler as null odometry has been received.
[WARN] [1773308007.121953581] [point_cloud_assembler]: Reseting point cloud assembler as null odometry has been received.
[WARN] [1773308007.122715721] [point_cloud_assembler]: Reseting point cloud assembler as null odometry has been received.
[WARN] [1773308007.126977446] [point_cloud_assembler]: Reseting point cloud assembler as null odometry has been received.
[WARN] [1773308007.129065107] [point_cloud_assembler]: Reseting point cloud assembler as null odometry has been received.
[WARN] [1773308007.133460789] [point_cloud_assembler]: Reseting point cloud assembler as null odometry has been received.
[WARN] [1773308007.139030562] [point_cloud_assembler]: Reseting point cloud assembler as null odometry has been received.
[WARN] [1773308007.207982575] [point_cloud_assembler]: Reseting point cloud assembler as null odometry has been received.
[WARN] [1773308007.215941876] [point_cloud_assembler]: Reseting point cloud assembler as null odometry has been received.
[WARN] [1773308007.221407486] [point_cloud_assembler]: Reseting point cloud assembler as null odometry has been received.
[WARN] [1773308007.227156082] [point_cloud_assembler]: Reseting point cloud assembler as null odometry has been received.
[WARN] [1773308007.231217703] [point_cloud_assembler]: Reseting point cloud assembler as null odometry has been received.
[WARN] [1773308007.300142355] [point_cloud_assembler]: Reseting point cloud assembler as null odometry has been received.
[WARN] [1773308007.321295615] [point_cloud_assembler]: Reseting point cloud assembler as null odometry has been received.
[WARN] [1773308007.333178421] [point_cloud_assembler]: Reseting point cloud assembler as null odometry has been received.
[WARN] [1773308007.337386960] [point_cloud_assembler]: Reseting point cloud assembler as null odometry has been received.
[WARN] [1773308007.338974410] [point_cloud_assembler]: Reseting point cloud assembler as null odometry has been received.
[WARN] [1773308007.381765171] [point_cloud_assembler]: Reseting point cloud assembler as null odometry has been received.
[WARN] [1773308007.420871125] [point_cloud_assembler]: Reseting point cloud assembler as null odometry has been received.
[WARN] [1773308007.425953552] [point_cloud_assembler]: Reseting point cloud assembler as null odometry has been received.
[WARN] [1773308007.431256211] [point_cloud_assembler]: Reseting point cloud assembler as null odometry has been received.
[WARN] [1773308007.432787820] [point_cloud_assembler]: Reseting point cloud assembler as null odometry has been received.
[WARN] [1773308007.436885507] [point_cloud_assembler]: Reseting point cloud assembler as null odometry has been received.
[WARN] [1773308007.444468666] [point_cloud_assembler]: Reseting point cloud assembler as null odometry has been received.
[WARN] [1773308007.448893245] [point_cloud_assembler]: Reseting point cloud assembler as null odometry has been received.
[WARN] [1773308007.517756807] [point_cloud_assembler]: Reseting point cloud assembler as null odometry has been received.
[WARN] [1773308007.530928364] [point_cloud_assembler]: Reseting point cloud assembler as null odometry has been received.
[WARN] [1773308007.536548860] [point_cloud_assembler]: Reseting point cloud assembler as null odometry has been received.
[WARN] [1773308007.537742504] [point_cloud_assembler]: Reseting point cloud assembler as null odometry has been received.
[WARN] [1773308007.543335446] [point_cloud_assembler]: Reseting point cloud assembler as null odometry has been received.
[WARN] [1773308007.548676571] [point_cloud_assembler]: Reseting point cloud assembler as null odometry has been received.
[WARN] [1773308007.558832433] [point_cloud_assembler]: Reseting point cloud assembler as null odometry has been received.
[WARN] [1773308007.592265665] [point_cloud_assembler]: Reseting point cloud assembler as null odometry has been received.
[WARN] [1773308007.635526779] [point_cloud_assembler]: Reseting point cloud assembler as null odometry has been received.
[WARN] [1773308007.641370515] [point_cloud_assembler]: Reseting point cloud assembler as null odometry has been received.
[WARN] [1773308007.643134612] [point_cloud_assembler]: Reseting point cloud assembler as null odometry has been received.
[WARN] [1773308007.647515221] [point_cloud_assembler]: Reseting point cloud assembler as null odometry has been received.
[WARN] [1773308007.692258982] [point_cloud_assembler]: Reseting point cloud assembler as null odometry has been received.
[WARN] [1773308007.724119900] [point_cloud_assembler]: Reseting point cloud assembler as null odometry has been received.
[WARN] [1773308007.734795910] [point_cloud_assembler]: Reseting point cloud assembler as null odometry has been received.
[WARN] [1773308007.740819780] [point_cloud_assembler]: Reseting point cloud assembler as null odometry has been received.
[WARN] [1773308007.741413113] [point_cloud_assembler]: Reseting point cloud assembler as null odometry has been received.
[WARN] [1773308007.746478868] [point_cloud_assembler]: Reseting point cloud assembler as null odometry has been received.
[WARN] [1773308007.748506207] [point_cloud_assembler]: Reseting point cloud assembler as null odometry has been received.
[WARN] [1773308007.752818494] [point_cloud_assembler]: Reseting point cloud assembler as null odometry has been received.
[WARN] [1773308007.757128893] [point_cloud_assembler]: Reseting point cloud assembler as null odometry has been received.
[WARN] [1773308007.763272735] [point_cloud_assembler]: Reseting point cloud assembler as null odometry has been received.
[WARN] [1773308007.791717303] [point_cloud_assembler]: Reseting point cloud assembler as null odometry has been received.
[WARN] [1773308007.834927792] [point_cloud_assembler]: Reseting point cloud assembler as null odometry has been received.
[WARN] [1773308007.840713573] [point_cloud_assembler]: Reseting point cloud assembler as null odometry has been received.
[WARN] [1773308007.844155236] [point_cloud_assembler]: Reseting point cloud assembler as null odometry has been received.
[WARN] [1773308007.847343513] [point_cloud_assembler]: Reseting point cloud assembler as null odometry has been received.
[WARN] [1773308007.849024151] [point_cloud_assembler]: Reseting point cloud assembler as null odometry has been received.
[WARN] [1773308007.852485015] [point_cloud_assembler]: Reseting point cloud assembler as null odometry has been received.
[WARN] [1773308007.895447846] [point_cloud_assembler]: Reseting point cloud assembler as null odometry has been received.
[WARN] [1773308007.934784112] [point_cloud_assembler]: Reseting point cloud assembler as null odometry has been received.
[WARN] [1773308007.940356797] [point_cloud_assembler]: Reseting point cloud assembler as null odometry has been received.
[WARN] [1773308007.942576111] [point_cloud_assembler]: Reseting point cloud assembler as null odometry has been received.
[WARN] [1773308007.945769892] [point_cloud_assembler]: Reseting point cloud assembler as null odometry has been received.
[WARN] [1773308007.945882025] [point_cloud_assembler]: Reseting point cloud assembler as null odometry has been received.
[WARN] [1773308007.950971716] [point_cloud_assembler]: Reseting point cloud assembler as null odometry has been received.
[WARN] [1773308007.951780098] [point_cloud_assembler]: Reseting point cloud assembler as null odometry has been received.
[WARN] [1773308007.956674198] [point_cloud_assembler]: Reseting point cloud assembler as null odometry has been received.
[WARN] [1773308008.025008845] [point_cloud_assembler]: Reseting point cloud assembler as null odometry has been received.
[WARN] [1773308008.045692615] [point_cloud_assembler]: Reseting point cloud assembler as null odometry has been received.
[WARN] [1773308008.051160080] [point_cloud_assembler]: Reseting point cloud assembler as null odometry has been received.
[WARN] [1773308008.053066391] [point_cloud_assembler]: Reseting point cloud assembler as null odometry has been received.
[WARN] [1773308008.061240868] [point_cloud_assembler]: Reseting point cloud assembler as null odometry has been received.
[WARN] [1773308008.100160286] [point_cloud_assembler]: Reseting point cloud assembler as null odometry has been received.
[WARN] [1773308008.149785603] [point_cloud_assembler]: Reseting point cloud assembler as null odometry has been received.
[WARN] [1773308008.151146069] [point_cloud_assembler]: Reseting point cloud assembler as null odometry has been received.
[WARN] [1773308008.155125384] [point_cloud_assembler]: Reseting point cloud assembler as null odometry has been received.
[WARN] [1773308008.157029038] [point_cloud_assembler]: Reseting point cloud assembler as null odometry has been received.
[WARN] [1773308008.161289771] [point_cloud_assembler]: Reseting point cloud assembler as null odometry has been received.
[WARN] [1773308008.200226438] [point_cloud_assembler]: Reseting point cloud assembler as null odometry has been received.
[WARN] [1773308008.205075545] [point_cloud_assembler]: Reseting point cloud assembler as null odometry has been received.
[WARN] [1773308008.267009091] [point_cloud_assembler]: Reseting point cloud assembler as null odometry has been received.
[WARN] [1773308008.271807956] [point_cloud_assembler]: Reseting point cloud assembler as null odometry has been received.
[WARN] [1773308008.339128773] [point_cloud_assembler]: Reseting point cloud assembler as null odometry has been received.
[WARN] [1773308008.343073718] [point_cloud_assembler]: Reseting point cloud assembler as null odometry has been received.
[WARN] [1773308008.356071445] [point_cloud_assembler]: Reseting point cloud assembler as null odometry has been received.
[WARN] [1773308008.360657598] [point_cloud_assembler]: Reseting point cloud assembler as null odometry has been received.
[WARN] [1773308008.364996766] [point_cloud_assembler]: Reseting point cloud assembler as null odometry has been received.
[WARN] [1773308008.404807993] [point_cloud_assembler]: Reseting point cloud assembler as null odometry has been received.
[WARN] [1773308008.453792070] [point_cloud_assembler]: Reseting point cloud assembler as null odometry has been received.
[WARN] [1773308008.454883311] [point_cloud_assembler]: Reseting point cloud assembler as null odometry has been received.
[WARN] [1773308008.465030597] [point_cloud_assembler]: Reseting point cloud assembler as null odometry has been received.
[WARN] [1773308008.533263895] [point_cloud_assembler]: Reseting point cloud assembler as null odometry has been received.
[WARN] [1773308008.541243261] [point_cloud_assembler]: Reseting point cloud assembler as null odometry has been received.
[WARN] [1773308008.553250008] [point_cloud_assembler]: Reseting point cloud assembler as null odometry has been received.
[WARN] [1773308008.556726200] [point_cloud_assembler]: Reseting point cloud assembler as null odometry has been received.
[WARN] [1773308008.560680330] [point_cloud_assembler]: Reseting point cloud assembler as null odometry has been received.
[WARN] [1773308008.564566681] [point_cloud_assembler]: Reseting point cloud assembler as null odometry has been received.
[WARN] [1773308008.570170887] [point_cloud_assembler]: Reseting point cloud assembler as null odometry has been received.
[WARN] [1773308008.614222879] [point_cloud_assembler]: Reseting point cloud assembler as null odometry has been received.
[WARN] [1773308008.646649898] [point_cloud_assembler]: Reseting point cloud assembler as null odometry has been received.
[WARN] [1773308008.663553721] [point_cloud_assembler]: Reseting point cloud assembler as null odometry has been received.
[WARN] [1773308008.670207502] [point_cloud_assembler]: Reseting point cloud assembler as null odometry has been received.
[WARN] [1773308008.738100788] [point_cloud_assembler]: Reseting point cloud assembler as null odometry has been received.
[WARN] [1773308008.752578281] [point_cloud_assembler]: Reseting point cloud assembler as null odometry has been received.
[WARN] [1773308008.757104848] [point_cloud_assembler]: Reseting point cloud assembler as null odometry has been received.
[WARN] [1773308008.758933876] [point_cloud_assembler]: Reseting point cloud assembler as null odometry has been received.
[WARN] [1773308008.759895639] [point_cloud_assembler]: Reseting point cloud assembler as null odometry has been received.
[WARN] [1773308008.769142860] [point_cloud_assembler]: Reseting point cloud assembler as null odometry has been received.
[WARN] [1773308008.775579737] [point_cloud_assembler]: Reseting point cloud assembler as null odometry has been received.
[WARN] [1773308008.842755621] [point_cloud_assembler]: Reseting point cloud assembler as null odometry has been received.
[WARN] [1773308008.851659021] [point_cloud_assembler]: Reseting point cloud assembler as null odometry has been received.
[WARN] [1773308008.862823176] [point_cloud_assembler]: Reseting point cloud assembler as null odometry has been received.
[WARN] [1773308008.863209110] [point_cloud_assembler]: Reseting point cloud assembler as null odometry has been received.
[WARN] [1773308008.868133228] [point_cloud_assembler]: Reseting point cloud assembler as null odometry has been received.
[WARN] [1773308008.874449877] [point_cloud_assembler]: Reseting point cloud assembler as null odometry has been received.
[WARN] [1773308008.880878434] [point_cloud_assembler]: Reseting point cloud assembler as null odometry has been received.
[WARN] [1773308008.917424292] [point_cloud_assembler]: Reseting point cloud assembler as null odometry has been received.
[WARN] [1773308008.963670637] [point_cloud_assembler]: Reseting point cloud assembler as null odometry has been received.
[WARN] [1773308008.968286423] [point_cloud_assembler]: Reseting point cloud assembler as null odometry has been received.
[WARN] [1773308008.975033039] [point_cloud_assembler]: Reseting point cloud assembler as null odometry has been received.
[WARN] [1773308008.978938751] [point_cloud_assembler]: Reseting point cloud assembler as null odometry has been received.
[WARN] [1773308009.018598901] [point_cloud_assembler]: Reseting point cloud assembler as null odometry has been received.
[WARN] [1773308009.067437149] [point_cloud_assembler]: Reseting point cloud assembler as null odometry has been received.
[WARN] [1773308009.069254400] [point_cloud_assembler]: Reseting point cloud assembler as null odometry has been received.
[WARN] [1773308009.074471520] [point_cloud_assembler]: Reseting point cloud assembler as null odometry has been received.
[WARN] [1773308009.084555348] [point_cloud_assembler]: Reseting point cloud assembler as null odometry has been received.
[WARN] [1773308009.122224224] [point_cloud_assembler]: Reseting point cloud assembler as null odometry has been received.
[WARN] [1773308009.156105952] [point_cloud_assembler]: Reseting point cloud assembler as null odometry has been received.
[WARN] [1773308009.167683627] [point_cloud_assembler]: Reseting point cloud assembler as null odometry has been received.
[WARN] [1773308009.168348580] [point_cloud_assembler]: Reseting point cloud assembler as null odometry has been received.
[WARN] [1773308009.171481815] [point_cloud_assembler]: Reseting point cloud assembler as null odometry has been received.
[WARN] [1773308009.172863658] [point_cloud_assembler]: Reseting point cloud assembler as null odometry has been received.
[WARN] [1773308009.184030758] [point_cloud_assembler]: Reseting point cloud assembler as null odometry has been received.
[WARN] [1773308009.252442943] [point_cloud_assembler]: Reseting point cloud assembler as null odometry has been received.
[WARN] [1773308009.254936539] [point_cloud_assembler]: Reseting point cloud assembler as null odometry has been received.
[WARN] [1773308009.265322105] [point_cloud_assembler]: Reseting point cloud assembler as null odometry has been received.
[WARN] [1773308009.270951593] [point_cloud_assembler]: Reseting point cloud assembler as null odometry has been received.
[WARN] [1773308009.273023445] [point_cloud_assembler]: Reseting point cloud assembler as null odometry has been received.
[WARN] [1773308009.277119148] [point_cloud_assembler]: Reseting point cloud assembler as null odometry has been received.
[WARN] [1773308009.282995621] [point_cloud_assembler]: Reseting point cloud assembler as null odometry has been received.
[WARN] [1773308009.289251723] [point_cloud_assembler]: Reseting point cloud assembler as null odometry has been received.
[WARN] [1773308009.356523354] [point_cloud_assembler]: Reseting point cloud assembler as null odometry has been received.
[WARN] [1773308009.359524361] [point_cloud_assembler]: Reseting point cloud assembler as null odometry has been received.
[WARN] [1773308009.371379934] [point_cloud_assembler]: Reseting point cloud assembler as null odometry has been received.
[WARN] [1773308009.372423140] [point_cloud_assembler]: Reseting point cloud assembler as null odometry has been received.
[WARN] [1773308009.376716419] [point_cloud_assembler]: Reseting point cloud assembler as null odometry has been received.
[WARN] [1773308009.377326105] [point_cloud_assembler]: Reseting point cloud assembler as null odometry has been received.
[WARN] [1773308009.378074581] [point_cloud_assembler]: Reseting point cloud assembler as null odometry has been received.
[WARN] [1773308009.387731224] [point_cloud_assembler]: Reseting point cloud assembler as null odometry has been received.
[WARN] [1773308009.455947914] [point_cloud_assembler]: Reseting point cloud assembler as null odometry has been received.
[WARN] [1773308009.469635779] [point_cloud_assembler]: Reseting point cloud assembler as null odometry has been received.
[WARN] [1773308009.475008873] [point_cloud_assembler]: Reseting point cloud assembler as null odometry has been received.
[WARN] [1773308009.477270620] [point_cloud_assembler]: Reseting point cloud assembler as null odometry has been received.
[WARN] [1773308009.487233387] [point_cloud_assembler]: Reseting point cloud assembler as null odometry has been received.
[WARN] [1773308009.525630866] [point_cloud_assembler]: Reseting point cloud assembler as null odometry has been received.
[WARN] [1773308009.569544613] [point_cloud_assembler]: Reseting point cloud assembler as null odometry has been received.
[WARN] [1773308009.575319738] [point_cloud_assembler]: Reseting point cloud assembler as null odometry has been received.
[WARN] [1773308009.580880455] [point_cloud_assembler]: Reseting point cloud assembler as null odometry has been received.
[WARN] [1773308009.583025014] [point_cloud_assembler]: Reseting point cloud assembler as null odometry has been received.
[WARN] [1773308009.583945751] [point_cloud_assembler]: Reseting point cloud assembler as null odometry has been received.
[WARN] [1773308009.650439370] [point_cloud_assembler]: Reseting point cloud assembler as null odometry has been received.
[WARN] [1773308009.669067512] [point_cloud_assembler]: Reseting point cloud assembler as null odometry has been received.
[WARN] [1773308009.675529575] [point_cloud_assembler]: Reseting point cloud assembler as null odometry has been received.
[WARN] [1773308009.677051487] [point_cloud_assembler]: Reseting point cloud assembler as null odometry has been received.
[WARN] [1773308009.681108020] [point_cloud_assembler]: Reseting point cloud assembler as null odometry has been received.
[WARN] [1773308009.686700162] [point_cloud_assembler]: Reseting point cloud assembler as null odometry has been received.
[WARN] [1773308009.686852392] [point_cloud_assembler]: Reseting point cloud assembler as null odometry has been received.
[WARN] [1773308009.692548442] [point_cloud_assembler]: Reseting point cloud assembler as null odometry has been received.
[WARN] [1773308009.735432518] [point_cloud_assembler]: Reseting point cloud assembler as null odometry has been received.
[WARN] [1773308009.768999643] [point_cloud_assembler]: Reseting point cloud assembler as null odometry has been received.
[WARN] [1773308009.774697709] [point_cloud_assembler]: Reseting point cloud assembler as null odometry has been received.
[WARN] [1773308009.780813487] [point_cloud_assembler]: Reseting point cloud assembler as null odometry has been received.
[WARN] [1773308009.785051787] [point_cloud_assembler]: Reseting point cloud assembler as null odometry has been received.
[WARN] [1773308009.803131173] [point_cloud_assembler]: Reseting point cloud assembler as null odometry has been received.
[WARN] [1773308009.869481106] [point_cloud_assembler]: Reseting point cloud assembler as null odometry has been received.
[WARN] [1773308009.879500515] [point_cloud_assembler]: Reseting point cloud assembler as null odometry has been received.
[WARN] [1773308009.883941927] [point_cloud_assembler]: Reseting point cloud assembler as null odometry has been received.
[WARN] [1773308009.885461343] [point_cloud_assembler]: Reseting point cloud assembler as null odometry has been received.
[WARN] [1773308009.890666911] [point_cloud_assembler]: Reseting point cloud assembler as null odometry has been received.
[WARN] [1773308009.901715958] [point_cloud_assembler]: Reseting point cloud assembler as null odometry has been received.
[WARN] [1773308009.907196096] [point_cloud_assembler]: Reseting point cloud assembler as null odometry has been received.
[WARN] [1773308009.968343406] [point_cloud_assembler]: Reseting point cloud assembler as null odometry has been received.
[WARN] [1773308009.983087437] [point_cloud_assembler]: Reseting point cloud assembler as null odometry has been received.
[WARN] [1773308009.983942092] [point_cloud_assembler]: Reseting point cloud assembler as null odometry has been received.
[WARN] [1773308009.985083382] [point_cloud_assembler]: Reseting point cloud assembler as null odometry has been received.
[WARN] [1773308009.990229588] [point_cloud_assembler]: Reseting point cloud assembler as null odometry has been received.
[WARN] [1773308009.995167850] [point_cloud_assembler]: Reseting point cloud assembler as null odometry has been received.
[WARN] [1773308010.007426126] [point_cloud_assembler]: Reseting point cloud assembler as null odometry has been received.
[WARN] [1773308010.039264771] [point_cloud_assembler]: Reseting point cloud assembler as null odometry has been received.
[WARN] [1773308010.084862964] [point_cloud_assembler]: Reseting point cloud assembler as null odometry has been received.
[WARN] [1773308010.096273528] [point_cloud_assembler]: Reseting point cloud assembler as null odometry has been received.
[WARN] [1773308010.106304394] [point_cloud_assembler]: Reseting point cloud assembler as null odometry has been received.
[WARN] [1773308010.172418478] [point_cloud_assembler]: Reseting point cloud assembler as null odometry has been received.
[WARN] [1773308010.190259520] [point_cloud_assembler]: Reseting point cloud assembler as null odometry has been received.
[WARN] [1773308010.195609701] [point_cloud_assembler]: Reseting point cloud assembler as null odometry has been received.
[WARN] [1773308010.197124829] [point_cloud_assembler]: Reseting point cloud assembler as null odometry has been received.
[WARN] [1773308010.199908707] [point_cloud_assembler]: Reseting point cloud assembler as null odometry has been received.
[WARN] [1773308010.243976731] [point_cloud_assembler]: Reseting point cloud assembler as null odometry has been received.
[WARN] [1773308010.283128094] [point_cloud_assembler]: Reseting point cloud assembler as null odometry has been received.
[WARN] [1773308010.289788116] [point_cloud_assembler]: Reseting point cloud assembler as null odometry has been received.
[WARN] [1773308010.294716777] [point_cloud_assembler]: Reseting point cloud assembler as null odometry has been received.
[WARN] [1773308010.300367705] [point_cloud_assembler]: Reseting point cloud assembler as null odometry has been received.
[WARN] [1773308010.304843166] [point_cloud_assembler]: Reseting point cloud assembler as null odometry has been received.
[WARN] [1773308010.344542197] [point_cloud_assembler]: Reseting point cloud assembler as null odometry has been received.
[WARN] [1773308010.386943440] [point_cloud_assembler]: Reseting point cloud assembler as null odometry has been received.
[WARN] [1773308010.393804429] [point_cloud_assembler]: Reseting point cloud assembler as null odometry has been received.
[WARN] [1773308010.410562102] [point_cloud_assembler]: Reseting point cloud assembler as null odometry has been received.
[WARN] [1773308010.416099715] [point_cloud_assembler]: Reseting point cloud assembler as null odometry has been received.
[WARN] [1773308010.475283912] [point_cloud_assembler]: Reseting point cloud assembler as null odometry has been received.
[WARN] [1773308010.493351969] [point_cloud_assembler]: Reseting point cloud assembler as null odometry has been received.
[WARN] [1773308010.499122134] [point_cloud_assembler]: Reseting point cloud assembler as null odometry has been received.
[WARN] [1773308010.504475611] [point_cloud_assembler]: Reseting point cloud assembler as null odometry has been received.
[WARN] [1773308010.508998274] [point_cloud_assembler]: Reseting point cloud assembler as null odometry has been received.
[WARN] [1773308010.548368557] [point_cloud_assembler]: Reseting point cloud assembler as null odometry has been received.
[INFO] [1773308010.572304863] [rclcpp]: signal_handler(signum=2)
