[INFO] [1772811787.385278076] [rtabmap]: rtabmap(maps): latch                      = false
[INFO] [1772811787.385901491] [rtabmap]: rtabmap(maps): map_filter_radius          = 0.000000
[INFO] [1772811787.385942485] [rtabmap]: rtabmap(maps): map_filter_angle           = 30.000000
[INFO] [1772811787.385965526] [rtabmap]: rtabmap(maps): map_cleanup                = true
[INFO] [1772811787.385981462] [rtabmap]: rtabmap(maps): map_always_update          = false
[INFO] [1772811787.386002327] [rtabmap]: rtabmap(maps): map_empty_ray_tracing      = true
[INFO] [1772811787.386019352] [rtabmap]: rtabmap(maps): cloud_output_voxelized     = true
[INFO] [1772811787.386034456] [rtabmap]: rtabmap(maps): cloud_subtract_filtering   = false
[INFO] [1772811787.386049465] [rtabmap]: rtabmap(maps): cloud_subtract_filtering_min_neighbors = 2
[INFO] [1772811787.386149276] [rtabmap]: rtabmap(maps): octomap_tree_depth         = 16
[INFO] [1772811787.421616443] [rtabmap]: rtabmap: frame_id      = leo04/base_footprint
[INFO] [1772811787.421827202] [rtabmap]: rtabmap: map_frame_id  = map
[INFO] [1772811787.422223537] [rtabmap]: rtabmap: log_to_rosout_level  = 4
[INFO] [1772811787.422252882] [rtabmap]: rtabmap: initial_pose  = 
[INFO] [1772811787.422276243] [rtabmap]: rtabmap: use_action_for_goal  = false
[INFO] [1772811787.422299124] [rtabmap]: rtabmap: tf_delay      = 0.050000
[INFO] [1772811787.422329237] [rtabmap]: rtabmap: tf_tolerance  = 0.100000
[INFO] [1772811787.422369846] [rtabmap]: rtabmap: odom_sensor_sync   = false
[INFO] [1772811787.422392535] [rtabmap]: rtabmap: pub_loc_pose_only_when_localizing = false
[INFO] [1772811787.422411992] [rtabmap]: rtabmap: wait_for_transform = 0.500000
[INFO] [1772811787.422433337] [rtabmap]: rtabmap: gen_scan  = false
[INFO] [1772811787.422451321] [rtabmap]: rtabmap: gen_depth  = false
[INFO] [1772811787.422469274] [rtabmap]: rtabmap: scan_cloud_max_points = 0
[INFO] [1772811787.422486843] [rtabmap]: rtabmap: scan_cloud_is_2d = false
[INFO] [1772811787.448254579] [rtabmap]: Setting RTAB-Map parameter "Grid/CellSize"="0.05" (rosparam)
[INFO] [1772811787.448608800] [rtabmap]: Setting RTAB-Map parameter "Grid/MaxGroundAngle"="45" (rosparam)
[INFO] [1772811787.448707812] [rtabmap]: Setting RTAB-Map parameter "Grid/MaxGroundHeight"="0.1" (rosparam)
[INFO] [1772811787.448780870] [rtabmap]: Setting RTAB-Map parameter "Grid/MaxObstacleHeight"="0.7" (rosparam)
[INFO] [1772811787.448867753] [rtabmap]: Setting RTAB-Map parameter "Grid/MinGroundHeight"="-0.1" (rosparam)
[INFO] [1772811787.449104978] [rtabmap]: Setting RTAB-Map parameter "Grid/RangeMax"="3.0" (rosparam)
[INFO] [1772811787.449176309] [rtabmap]: Setting RTAB-Map parameter "Grid/RangeMin"="0.7" (rosparam)
[INFO] [1772811787.449241751] [rtabmap]: Setting RTAB-Map parameter "Grid/RayTracing"="false" (rosparam)
[INFO] [1772811787.449355835] [rtabmap]: Setting RTAB-Map parameter "Grid/Sensor"="0" (rosparam)
[INFO] [1772811787.449799788] [rtabmap]: Setting RTAB-Map parameter "Icp/CorrespondenceRatio"="0.2" (rosparam)
[INFO] [1772811787.449957234] [rtabmap]: Setting RTAB-Map parameter "Icp/Epsilon"="0.001" (rosparam)
[INFO] [1772811787.450103063] [rtabmap]: Setting RTAB-Map parameter "Icp/Iterations"="10" (rosparam)
[INFO] [1772811787.450164153] [rtabmap]: Setting RTAB-Map parameter "Icp/MaxCorrespondenceDistance"="1" (rosparam)
[INFO] [1772811787.450256925] [rtabmap]: Setting RTAB-Map parameter "Icp/MaxTranslation"="3" (rosparam)
[INFO] [1772811787.450328223] [rtabmap]: Setting RTAB-Map parameter "Icp/OutlierRatio"="0.7" (rosparam)
[INFO] [1772811787.450503046] [rtabmap]: Setting RTAB-Map parameter "Icp/PointToPlane"="true" (rosparam)
[INFO] [1772811787.450601897] [rtabmap]: Setting RTAB-Map parameter "Icp/PointToPlaneK"="20" (rosparam)
[INFO] [1772811787.450718446] [rtabmap]: Setting RTAB-Map parameter "Icp/PointToPlaneRadius"="0" (rosparam)
[INFO] [1772811787.450797745] [rtabmap]: Setting RTAB-Map parameter "Icp/RangeMin"="0.3" (rosparam)
[INFO] [1772811787.450899636] [rtabmap]: Setting RTAB-Map parameter "Icp/Strategy"="1" (rosparam)
[INFO] [1772811787.450966039] [rtabmap]: Setting RTAB-Map parameter "Icp/VoxelSize"="0.1" (rosparam)
[INFO] [1772811787.452665174] [rtabmap]: Setting RTAB-Map parameter "Mem/LaserScanNormalK"="20" (rosparam)
[INFO] [1772811787.452778522] [rtabmap]: Setting RTAB-Map parameter "Mem/LaserScanVoxelSize"="0.03" (rosparam)
[INFO] [1772811787.452913439] [rtabmap]: Setting RTAB-Map parameter "Mem/NotLinkedNodesKept"="false" (rosparam)
[INFO] [1772811787.453192041] [rtabmap]: Setting RTAB-Map parameter "Mem/STMSize"="30" (rosparam)
[INFO] [1772811787.454340276] [rtabmap]: Setting RTAB-Map parameter "RGBD/AngularUpdate"="0.05" (rosparam)
[INFO] [1772811787.454428503] [rtabmap]: Setting RTAB-Map parameter "RGBD/CreateOccupancyGrid"="true" (rosparam)
[INFO] [1772811787.454640255] [rtabmap]: Setting RTAB-Map parameter "RGBD/LinearUpdate"="0.05" (rosparam)
[INFO] [1772811787.455309079] [rtabmap]: Setting RTAB-Map parameter "RGBD/ProximityMaxGraphDepth"="0" (rosparam)
[INFO] [1772811787.455512191] [rtabmap]: Setting RTAB-Map parameter "RGBD/ProximityPathMaxNeighbors"="1" (rosparam)
[INFO] [1772811787.455702566] [rtabmap]: Setting RTAB-Map parameter "Reg/Strategy"="1" (rosparam)
[INFO] [1772811787.459468081] [rtabmap]: RTAB-Map detection rate = 1.000000 Hz
[INFO] [1772811787.465936192] [rtabmap]: rtabmap: Deleted database "/root/.ros/rtabmap.db" (--delete_db_on_start or -d are set).
[INFO] [1772811787.466064453] [rtabmap]: rtabmap: Using database from "/root/.ros/rtabmap.db" (0 MB).
[INFO] [1772811787.536632116] [rtabmap]: rtabmap: Database version = "0.22.1".
[INFO] [1772811787.536776761] [rtabmap]: rtabmap: SLAM mode (Mem/IncrementalMemory=true)
[INFO] [1772811787.566348958] [rtabmap]: Setup callbacks
[INFO] [1772811787.566913651] [rtabmap]: rtabmap: subscribe_depth = false
[INFO] [1772811787.566970357] [rtabmap]: rtabmap: subscribe_rgb = false
[INFO] [1772811787.566998838] [rtabmap]: rtabmap: subscribe_stereo = false
[INFO] [1772811787.567024567] [rtabmap]: rtabmap: subscribe_rgbd = false (rgbd_cameras=1)
[INFO] [1772811787.567069528] [rtabmap]: rtabmap: subscribe_sensor_data = false
[INFO] [1772811787.567096953] [rtabmap]: rtabmap: subscribe_odom_info = false
[INFO] [1772811787.567126938] [rtabmap]: rtabmap: subscribe_user_data = false
[INFO] [1772811787.567152507] [rtabmap]: rtabmap: subscribe_scan = false
[INFO] [1772811787.567177180] [rtabmap]: rtabmap: subscribe_scan_cloud = true
[INFO] [1772811787.567200285] [rtabmap]: rtabmap: subscribe_scan_descriptor = false
[INFO] [1772811787.567223454] [rtabmap]: rtabmap: topic_queue_size = 10
[INFO] [1772811787.567246655] [rtabmap]: rtabmap: sync_queue_size  = 200
[INFO] [1772811787.567320514] [rtabmap]: rtabmap: qos_image       = 0
[INFO] [1772811787.567346307] [rtabmap]: rtabmap: qos_camera_info = 0
[INFO] [1772811787.567369187] [rtabmap]: rtabmap: qos_scan        = 0
[INFO] [1772811787.567391012] [rtabmap]: rtabmap: qos_odom        = 0
[INFO] [1772811787.567412357] [rtabmap]: rtabmap: qos_user_data   = 0
[INFO] [1772811787.567434854] [rtabmap]: rtabmap: approx_sync     = true
[INFO] [1772811787.567485480] [rtabmap]: Setup scan callback
[INFO] [1772811787.572888911] [rtabmap]: 
rtabmap subscribed to (approx sync):
   /odom \
   /leo04/livox/lidar
[WARN] [1772811787.575743961] [rtabmap]: There is no image subscription, bag-of-words loop closure detection will be disabled...
[WARN] [1772811787.575843836] [rtabmap]: Setting Kp/MaxFeatures=-1 (bag-of-words disabled)
[INFO] [1772811787.746506462] [rtabmap]: rtabmap (1): Rate=1.00s, Limit=0.000s, Conversion=0.0008s, RTAB-Map=0.0670s, Maps update=0.0018s pub=0.0015s delay=0.2527s (local map=1, WM=1)
[INFO] [1772811788.730353625] [rtabmap]: rtabmap (2): Rate=1.00s, Limit=0.000s, Conversion=0.0004s, RTAB-Map=0.0741s, Maps update=0.0003s pub=0.0003s delay=0.2365s (local map=1, WM=1)
[INFO] [1772811789.817751655] [rtabmap]: rtabmap (3): Rate=1.00s, Limit=0.000s, Conversion=0.0004s, RTAB-Map=0.0631s, Maps update=0.0008s pub=0.0004s delay=0.2239s (local map=1, WM=1)
[INFO] [1772811790.920706643] [rtabmap]: rtabmap (4): Rate=1.00s, Limit=0.000s, Conversion=0.0008s, RTAB-Map=0.0666s, Maps update=0.0002s pub=0.0003s delay=0.2268s (local map=1, WM=1)
[INFO] [1772811792.015667000] [rtabmap]: rtabmap (5): Rate=1.00s, Limit=0.000s, Conversion=0.0003s, RTAB-Map=0.0612s, Maps update=0.0002s pub=0.0004s delay=0.2220s (local map=1, WM=1)
[INFO] [1772811793.022568968] [rtabmap]: rtabmap (6): Rate=1.00s, Limit=0.000s, Conversion=0.0005s, RTAB-Map=0.0632s, Maps update=0.0003s pub=0.0004s delay=0.2287s (local map=1, WM=1)
[INFO] [1772811794.124446316] [rtabmap]: rtabmap (7): Rate=1.00s, Limit=0.000s, Conversion=0.0003s, RTAB-Map=0.0714s, Maps update=0.0002s pub=0.0004s delay=0.2308s (local map=1, WM=1)
[INFO] [1772811795.119768784] [rtabmap]: rtabmap (8): Rate=1.00s, Limit=0.000s, Conversion=0.0004s, RTAB-Map=0.0625s, Maps update=0.0002s pub=0.0004s delay=0.2258s (local map=1, WM=1)
[INFO] [1772811796.224676484] [rtabmap]: rtabmap (9): Rate=1.00s, Limit=0.000s, Conversion=0.0003s, RTAB-Map=0.0692s, Maps update=0.0002s pub=0.0003s delay=0.2309s (local map=1, WM=1)
[INFO] [1772811797.325105331] [rtabmap]: rtabmap (10): Rate=1.00s, Limit=0.000s, Conversion=0.0007s, RTAB-Map=0.0698s, Maps update=0.0003s pub=0.0004s delay=0.2311s (local map=1, WM=1)
[INFO] [1772811798.441531217] [rtabmap]: rtabmap (11): Rate=1.00s, Limit=0.000s, Conversion=0.0105s, RTAB-Map=0.0629s, Maps update=0.0003s pub=0.0003s delay=0.2475s (local map=1, WM=1)
[INFO] [1772811799.516850112] [rtabmap]: rtabmap (12): Rate=1.00s, Limit=0.000s, Conversion=0.0005s, RTAB-Map=0.0597s, Maps update=0.0002s pub=0.0005s delay=0.2230s (local map=1, WM=1)
[INFO] [1772811800.533445398] [rtabmap]: rtabmap (13): Rate=1.00s, Limit=0.000s, Conversion=0.0004s, RTAB-Map=0.0727s, Maps update=0.0003s pub=0.0003s delay=0.2395s (local map=1, WM=1)
[INFO] [1772811801.526315935] [rtabmap]: rtabmap (14): Rate=1.00s, Limit=0.000s, Conversion=0.0005s, RTAB-Map=0.0728s, Maps update=0.0004s pub=0.0003s delay=0.2323s (local map=1, WM=1)
[INFO] [1772811802.629016354] [rtabmap]: rtabmap (15): Rate=1.00s, Limit=0.000s, Conversion=0.0003s, RTAB-Map=0.0690s, Maps update=0.0004s pub=0.0004s delay=0.2351s (local map=1, WM=1)
[INFO] [1772811803.615869069] [rtabmap]: rtabmap (16): Rate=1.00s, Limit=0.000s, Conversion=0.0003s, RTAB-Map=0.0649s, Maps update=0.0002s pub=0.0003s delay=0.2219s (local map=1, WM=1)
[INFO] [1772811804.713570359] [rtabmap]: rtabmap (17): Rate=1.00s, Limit=0.000s, Conversion=0.0003s, RTAB-Map=0.0677s, Maps update=0.0005s pub=0.0005s delay=0.2196s (local map=1, WM=1)
[INFO] [1772811805.821783942] [rtabmap]: rtabmap (18): Rate=1.00s, Limit=0.000s, Conversion=0.0004s, RTAB-Map=0.0690s, Maps update=0.0003s pub=0.0003s delay=0.2280s (local map=1, WM=1)
[INFO] [1772811806.812329049] [rtabmap]: rtabmap (19): Rate=1.00s, Limit=0.000s, Conversion=0.0003s, RTAB-Map=0.0631s, Maps update=0.0003s pub=0.0003s delay=0.2184s (local map=1, WM=1)
[INFO] [1772811807.836216796] [rtabmap]: rtabmap (20): Rate=1.00s, Limit=0.000s, Conversion=0.0003s, RTAB-Map=0.0808s, Maps update=0.0008s pub=0.0005s delay=0.2422s (local map=1, WM=1)
[INFO] [1772811808.936526343] [rtabmap]: rtabmap (21): Rate=1.00s, Limit=0.000s, Conversion=0.0004s, RTAB-Map=0.0828s, Maps update=0.0003s pub=0.0003s delay=0.2428s (local map=1, WM=1)
[INFO] [1772811809.990359068] [rtabmap]: rtabmap (22): Rate=1.00s, Limit=0.000s, Conversion=0.0003s, RTAB-Map=0.1042s, Maps update=0.0004s pub=0.0009s delay=0.2965s (local map=1, WM=1)
[INFO] [1772811810.991856676] [rtabmap]: rtabmap (23): Rate=1.00s, Limit=0.000s, Conversion=0.0005s, RTAB-Map=0.1161s, Maps update=0.0003s pub=0.0005s delay=0.2909s (local map=1, WM=1)
[INFO] [1772811812.065821313] [rtabmap]: rtabmap (24): Rate=1.00s, Limit=0.000s, Conversion=0.0005s, RTAB-Map=0.0827s, Maps update=0.0003s pub=0.0004s delay=0.2721s (local map=1, WM=1)
[INFO] [1772811813.197405423] [rtabmap]: rtabmap (25): Rate=1.00s, Limit=0.000s, Conversion=0.0008s, RTAB-Map=0.1152s, Maps update=0.0004s pub=0.0006s delay=0.3031s (local map=1, WM=1)
[INFO] [1772811814.387991233] [rtabmap]: rtabmap (26): Rate=1.00s, Limit=0.000s, Conversion=0.0003s, RTAB-Map=0.1178s, Maps update=0.0002s pub=0.0003s delay=0.2950s (local map=1, WM=1)
[INFO] [1772811815.372324143] [rtabmap]: rtabmap (27): Rate=1.00s, Limit=0.000s, Conversion=0.0007s, RTAB-Map=0.0978s, Maps update=0.0005s pub=0.0004s delay=0.2783s (local map=1, WM=1)
[INFO] [1772811816.399564910] [rtabmap]: rtabmap (28): Rate=1.00s, Limit=0.000s, Conversion=0.0006s, RTAB-Map=0.1244s, Maps update=0.0007s pub=0.0004s delay=0.3056s (local map=1, WM=1)
[INFO] [1772811817.472115639] [rtabmap]: rtabmap (29): Rate=1.00s, Limit=0.000s, Conversion=0.0004s, RTAB-Map=0.0967s, Maps update=0.0002s pub=0.0007s delay=0.2780s (local map=1, WM=1)
[INFO] [1772811818.533571814] [rtabmap]: rtabmap (30): Rate=1.00s, Limit=0.000s, Conversion=0.0004s, RTAB-Map=0.0664s, Maps update=0.0003s pub=0.0004s delay=0.2397s (local map=1, WM=1)
[INFO] [1772811819.525353191] [rtabmap]: rtabmap (31): Rate=1.00s, Limit=0.000s, Conversion=0.0003s, RTAB-Map=0.0734s, Maps update=0.0003s pub=0.0003s delay=0.2314s (local map=1, WM=1)
[INFO] [1772811820.527216668] [rtabmap]: rtabmap (32): Rate=1.00s, Limit=0.000s, Conversion=0.0004s, RTAB-Map=0.0682s, Maps update=0.0002s pub=0.0003s delay=0.2332s (local map=1, WM=1)
[INFO] [1772811821.539226889] [rtabmap]: rtabmap (33): Rate=1.00s, Limit=0.000s, Conversion=0.0106s, RTAB-Map=0.0759s, Maps update=0.0003s pub=0.0003s delay=0.2452s (local map=1, WM=1)
[INFO] [1772811822.619383083] [rtabmap]: rtabmap (34): Rate=1.00s, Limit=0.000s, Conversion=0.0003s, RTAB-Map=0.0684s, Maps update=0.0003s pub=0.0003s delay=0.2253s (local map=1, WM=1)
[INFO] [1772811823.629766075] [rtabmap]: rtabmap (35): Rate=1.00s, Limit=0.000s, Conversion=0.0005s, RTAB-Map=0.0786s, Maps update=0.0004s pub=0.0004s delay=0.2357s (local map=1, WM=1)
[INFO] [1772811824.732211956] [rtabmap]: rtabmap (36): Rate=1.00s, Limit=0.000s, Conversion=0.0006s, RTAB-Map=0.0753s, Maps update=0.0003s pub=0.0003s delay=0.2383s (local map=1, WM=1)
[INFO] [1772811825.722987088] [rtabmap]: rtabmap (37): Rate=1.00s, Limit=0.000s, Conversion=0.0003s, RTAB-Map=0.0700s, Maps update=0.0003s pub=0.0003s delay=0.2290s (local map=1, WM=1)
[INFO] [1772811826.812884154] [rtabmap]: rtabmap (38): Rate=1.00s, Limit=0.000s, Conversion=0.0003s, RTAB-Map=0.0576s, Maps update=0.0002s pub=0.0003s delay=0.2189s (local map=1, WM=1)
[INFO] [1772811827.833164728] [rtabmap]: rtabmap (39): Rate=1.00s, Limit=0.000s, Conversion=0.0004s, RTAB-Map=0.0770s, Maps update=0.0002s pub=0.0003s delay=0.2391s (local map=1, WM=1)
[INFO] [1772811828.828146799] [rtabmap]: rtabmap (40): Rate=1.00s, Limit=0.000s, Conversion=0.0003s, RTAB-Map=0.0684s, Maps update=0.0002s pub=0.0004s delay=0.2341s (local map=1, WM=1)
[INFO] [1772811829.930760911] [rtabmap]: rtabmap (41): Rate=1.00s, Limit=0.000s, Conversion=0.0003s, RTAB-Map=0.0620s, Maps update=0.0003s pub=0.0004s delay=0.2379s (local map=1, WM=1)
[INFO] [1772811830.924095913] [rtabmap]: rtabmap (42): Rate=1.00s, Limit=0.000s, Conversion=0.0004s, RTAB-Map=0.0751s, Maps update=0.0003s pub=0.0003s delay=0.2309s (local map=1, WM=1)
[INFO] [1772811831.933721597] [rtabmap]: rtabmap (43): Rate=1.00s, Limit=0.000s, Conversion=0.0004s, RTAB-Map=0.0721s, Maps update=0.0002s pub=0.0004s delay=0.2396s (local map=1, WM=1)
[INFO] [1772811833.020647545] [rtabmap]: rtabmap (44): Rate=1.00s, Limit=0.000s, Conversion=0.0004s, RTAB-Map=0.0623s, Maps update=0.0002s pub=0.0004s delay=0.2267s (local map=1, WM=1)
[INFO] [1772811834.126266760] [rtabmap]: rtabmap (45): Rate=1.00s, Limit=0.000s, Conversion=0.0005s, RTAB-Map=0.0709s, Maps update=0.0003s pub=0.0004s delay=0.2323s (local map=1, WM=1)
[INFO] [1772811835.221695358] [rtabmap]: rtabmap (46): Rate=1.00s, Limit=0.000s, Conversion=0.0004s, RTAB-Map=0.0686s, Maps update=0.0003s pub=0.0004s delay=0.2276s (local map=1, WM=1)
[INFO] [1772811836.341026920] [rtabmap]: rtabmap (47): Rate=1.00s, Limit=0.000s, Conversion=0.0004s, RTAB-Map=0.0789s, Maps update=0.0003s pub=0.0004s delay=0.2469s (local map=1, WM=1)
[INFO] [1772811837.428388436] [rtabmap]: rtabmap (48): Rate=1.00s, Limit=0.000s, Conversion=0.0004s, RTAB-Map=0.0738s, Maps update=0.0002s pub=0.0004s delay=0.2356s (local map=1, WM=1)
[INFO] [1772811838.430548852] [rtabmap]: rtabmap (49): Rate=1.00s, Limit=0.000s, Conversion=0.0004s, RTAB-Map=0.0743s, Maps update=0.0003s pub=0.0004s delay=0.2365s (local map=1, WM=1)
[INFO] [1772811839.419274468] [rtabmap]: rtabmap (50): Rate=1.00s, Limit=0.000s, Conversion=0.0004s, RTAB-Map=0.0606s, Maps update=0.0002s pub=0.0003s delay=0.2252s (local map=1, WM=1)
[INFO] [1772811840.428993980] [rtabmap]: rtabmap (51): Rate=1.00s, Limit=0.000s, Conversion=0.0005s, RTAB-Map=0.0669s, Maps update=0.0002s pub=0.0004s delay=0.2349s (local map=1, WM=1)
[INFO] [1772811841.530773405] [rtabmap]: rtabmap (52): Rate=1.00s, Limit=0.000s, Conversion=0.0003s, RTAB-Map=0.0708s, Maps update=0.0003s pub=0.0005s delay=0.2377s (local map=1, WM=1)
[INFO] [1772811842.523279705] [rtabmap]: rtabmap (53): Rate=1.00s, Limit=0.000s, Conversion=0.0003s, RTAB-Map=0.0651s, Maps update=0.0005s pub=0.0004s delay=0.2288s (local map=1, WM=1)
[INFO] [1772811843.633301482] [rtabmap]: rtabmap (54): Rate=1.00s, Limit=0.000s, Conversion=0.0003s, RTAB-Map=0.0698s, Maps update=0.0002s pub=0.0004s delay=0.2393s (local map=1, WM=1)
[INFO] [1772811844.618215949] [rtabmap]: rtabmap (55): Rate=1.00s, Limit=0.000s, Conversion=0.0005s, RTAB-Map=0.0622s, Maps update=0.0003s pub=0.0003s delay=0.2240s (local map=1, WM=1)
[INFO] [1772811845.724813984] [rtabmap]: rtabmap (56): Rate=1.00s, Limit=0.000s, Conversion=0.0003s, RTAB-Map=0.0699s, Maps update=0.0003s pub=0.0004s delay=0.2320s (local map=1, WM=1)
[INFO] [1772811846.728636958] [rtabmap]: rtabmap (57): Rate=1.00s, Limit=0.000s, Conversion=0.0003s, RTAB-Map=0.0734s, Maps update=0.0002s pub=0.0004s delay=0.2345s (local map=1, WM=1)
[INFO] [1772811847.725267154] [rtabmap]: rtabmap (58): Rate=1.00s, Limit=0.000s, Conversion=0.0006s, RTAB-Map=0.0707s, Maps update=0.0003s pub=0.0004s delay=0.2309s (local map=1, WM=1)
[INFO] [1772811848.820056849] [rtabmap]: rtabmap (59): Rate=1.00s, Limit=0.000s, Conversion=0.0009s, RTAB-Map=0.0616s, Maps update=0.0003s pub=0.0004s delay=0.2259s (local map=1, WM=1)
[INFO] [1772811849.823310585] [rtabmap]: rtabmap (60): Rate=1.00s, Limit=0.000s, Conversion=0.0003s, RTAB-Map=0.0675s, Maps update=0.0002s pub=0.0006s delay=0.2291s (local map=1, WM=1)
[INFO] [1772811850.929409786] [rtabmap]: rtabmap (61): Rate=1.00s, Limit=0.000s, Conversion=0.0004s, RTAB-Map=0.0616s, Maps update=0.0002s pub=0.0004s delay=0.2361s (local map=1, WM=1)
[INFO] [1772811851.918908646] [rtabmap]: rtabmap (62): Rate=1.00s, Limit=0.000s, Conversion=0.0007s, RTAB-Map=0.0642s, Maps update=0.0003s pub=0.0003s delay=0.2246s (local map=1, WM=1)
[INFO] [1772811853.027536804] [rtabmap]: rtabmap (63): Rate=1.00s, Limit=0.000s, Conversion=0.0005s, RTAB-Map=0.0683s, Maps update=0.0002s pub=0.0004s delay=0.2346s (local map=1, WM=1)
[INFO] [1772811854.026210532] [rtabmap]: rtabmap (64): Rate=1.00s, Limit=0.000s, Conversion=0.0005s, RTAB-Map=0.0696s, Maps update=0.0003s pub=0.0004s delay=0.2331s (local map=1, WM=1)
[INFO] [1772811855.037462196] [rtabmap]: rtabmap (65): Rate=1.00s, Limit=0.000s, Conversion=0.0003s, RTAB-Map=0.0725s, Maps update=0.0002s pub=0.0004s delay=0.2434s (local map=1, WM=1)
[INFO] [1772811856.024371777] [rtabmap]: rtabmap (66): Rate=1.00s, Limit=0.000s, Conversion=0.0005s, RTAB-Map=0.0656s, Maps update=0.0003s pub=0.0004s delay=0.2302s (local map=1, WM=1)
[INFO] [1772811857.135427257] [rtabmap]: rtabmap (67): Rate=1.00s, Limit=0.000s, Conversion=0.0012s, RTAB-Map=0.0691s, Maps update=0.0003s pub=0.0004s delay=0.2410s (local map=1, WM=1)
[INFO] [1772811858.229301910] [rtabmap]: rtabmap (68): Rate=1.00s, Limit=0.000s, Conversion=0.0003s, RTAB-Map=0.0690s, Maps update=0.0004s pub=0.0005s delay=0.2350s (local map=1, WM=1)
[INFO] [1772811859.334213002] [rtabmap]: rtabmap (69): Rate=1.00s, Limit=0.000s, Conversion=0.0005s, RTAB-Map=0.0785s, Maps update=0.0002s pub=0.0004s delay=0.2399s (local map=1, WM=1)
[INFO] [1772811860.409172524] [rtabmap]: rtabmap (70): Rate=1.00s, Limit=0.000s, Conversion=0.0003s, RTAB-Map=0.0641s, Maps update=0.0003s pub=0.0004s delay=0.2159s (local map=1, WM=1)
[INFO] [1772811861.415680685] [rtabmap]: rtabmap (71): Rate=1.00s, Limit=0.000s, Conversion=0.0004s, RTAB-Map=0.0584s, Maps update=0.0004s pub=0.0005s delay=0.2215s (local map=1, WM=1)
[INFO] [1772811862.528650187] [rtabmap]: rtabmap (72): Rate=1.00s, Limit=0.000s, Conversion=0.0004s, RTAB-Map=0.0733s, Maps update=0.0003s pub=0.0004s delay=0.2343s (local map=1, WM=1)
[INFO] [1772811863.617887517] [rtabmap]: rtabmap (73): Rate=1.00s, Limit=0.000s, Conversion=0.0005s, RTAB-Map=0.0621s, Maps update=0.0003s pub=0.0003s delay=0.2251s (local map=1, WM=1)
[INFO] [1772811864.612711534] [rtabmap]: rtabmap (74): Rate=1.00s, Limit=0.000s, Conversion=0.0004s, RTAB-Map=0.0649s, Maps update=0.0005s pub=0.0006s delay=0.2199s (local map=1, WM=1)
[INFO] [1772811865.625388499] [rtabmap]: rtabmap (75): Rate=1.00s, Limit=0.000s, Conversion=0.0003s, RTAB-Map=0.0721s, Maps update=0.0003s pub=0.0006s delay=0.2323s (local map=1, WM=1)
[INFO] [1772811866.736379464] [rtabmap]: rtabmap (76): Rate=1.00s, Limit=0.000s, Conversion=0.0005s, RTAB-Map=0.0740s, Maps update=0.0002s pub=0.0004s delay=0.2431s (local map=1, WM=1)
[INFO] [1772811867.825387121] [rtabmap]: rtabmap (77): Rate=1.00s, Limit=0.000s, Conversion=0.0010s, RTAB-Map=0.0682s, Maps update=0.0003s pub=0.0004s delay=0.2311s (local map=1, WM=1)
[INFO] [1772811868.927025901] [rtabmap]: rtabmap (78): Rate=1.00s, Limit=0.000s, Conversion=0.0003s, RTAB-Map=0.0676s, Maps update=0.0003s pub=0.0007s delay=0.2336s (local map=1, WM=1)
[INFO] [1772811870.019624283] [rtabmap]: rtabmap (79): Rate=1.00s, Limit=0.000s, Conversion=0.0003s, RTAB-Map=0.0655s, Maps update=0.0002s pub=0.0004s delay=0.2267s (local map=1, WM=1)
[INFO] [1772811871.033436009] [rtabmap]: rtabmap (80): Rate=1.00s, Limit=0.000s, Conversion=0.0004s, RTAB-Map=0.0699s, Maps update=0.0005s pub=0.0005s delay=0.2400s (local map=1, WM=1)
[INFO] [1772811872.119671724] [rtabmap]: rtabmap (81): Rate=1.00s, Limit=0.000s, Conversion=0.0006s, RTAB-Map=0.0662s, Maps update=0.0003s pub=0.0004s delay=0.2268s (local map=1, WM=1)
[INFO] [1772811873.126090666] [rtabmap]: rtabmap (82): Rate=1.00s, Limit=0.000s, Conversion=0.0003s, RTAB-Map=0.0694s, Maps update=0.0006s pub=0.0005s delay=0.2328s (local map=1, WM=1)
[INFO] [1772811874.228547204] [rtabmap]: rtabmap (83): Rate=1.00s, Limit=0.000s, Conversion=0.0003s, RTAB-Map=0.0734s, Maps update=0.0003s pub=0.0004s delay=0.2351s (local map=1, WM=1)
[INFO] [1772811875.318096129] [rtabmap]: rtabmap (84): Rate=1.00s, Limit=0.000s, Conversion=0.0004s, RTAB-Map=0.0688s, Maps update=0.0003s pub=0.0004s delay=0.2248s (local map=1, WM=1)
[INFO] [1772811876.424824536] [rtabmap]: rtabmap (85): Rate=1.00s, Limit=0.000s, Conversion=0.0007s, RTAB-Map=0.0685s, Maps update=0.0003s pub=0.0005s delay=0.2319s (local map=1, WM=1)
[INFO] [1772811877.422281387] [rtabmap]: rtabmap (86): Rate=1.00s, Limit=0.000s, Conversion=0.0005s, RTAB-Map=0.0654s, Maps update=0.0003s pub=0.0004s delay=0.2291s (local map=1, WM=1)
[INFO] [1772811878.520822964] [rtabmap]: rtabmap (87): Rate=1.00s, Limit=0.000s, Conversion=0.0005s, RTAB-Map=0.0628s, Maps update=0.0005s pub=0.0004s delay=0.2281s (local map=1, WM=1)
[INFO] [1772811879.527093228] [rtabmap]: rtabmap (88): Rate=1.00s, Limit=0.000s, Conversion=0.0005s, RTAB-Map=0.0723s, Maps update=0.0003s pub=0.0004s delay=0.2341s (local map=1, WM=1)
[INFO] [1772811880.618281094] [rtabmap]: rtabmap (89): Rate=1.00s, Limit=0.000s, Conversion=0.0004s, RTAB-Map=0.0636s, Maps update=0.0002s pub=0.0003s delay=0.2250s (local map=1, WM=1)
[INFO] [1772811881.727128908] [rtabmap]: rtabmap (90): Rate=1.00s, Limit=0.000s, Conversion=0.0004s, RTAB-Map=0.0688s, Maps update=0.0007s pub=0.0004s delay=0.2339s (local map=1, WM=1)
[INFO] [1772811882.733558218] [rtabmap]: rtabmap (91): Rate=1.00s, Limit=0.000s, Conversion=0.0003s, RTAB-Map=0.0681s, Maps update=0.0003s pub=0.0004s delay=0.2402s (local map=1, WM=1)
[INFO] [1772811883.815890908] [rtabmap]: rtabmap (92): Rate=1.00s, Limit=0.000s, Conversion=0.0005s, RTAB-Map=0.0653s, Maps update=0.0006s pub=0.0008s delay=0.2230s (local map=1, WM=1)
[INFO] [1772811884.824369926] [rtabmap]: rtabmap (93): Rate=1.00s, Limit=0.000s, Conversion=0.0004s, RTAB-Map=0.0656s, Maps update=0.0002s pub=0.0003s delay=0.2314s (local map=1, WM=1)
[INFO] [1772811885.819325756] [rtabmap]: rtabmap (94): Rate=1.00s, Limit=0.000s, Conversion=0.0003s, RTAB-Map=0.0632s, Maps update=0.0002s pub=0.0003s delay=0.2261s (local map=1, WM=1)
[INFO] [1772811886.932941459] [rtabmap]: rtabmap (95): Rate=1.00s, Limit=0.000s, Conversion=0.0005s, RTAB-Map=0.0739s, Maps update=0.0002s pub=0.0003s delay=0.2401s (local map=1, WM=1)
[INFO] [1772811887.925702968] [rtabmap]: rtabmap (96): Rate=1.00s, Limit=0.000s, Conversion=0.0004s, RTAB-Map=0.0628s, Maps update=0.0004s pub=0.0004s delay=0.2324s (local map=1, WM=1)
[INFO] [1772811888.927239713] [rtabmap]: rtabmap (97): Rate=1.00s, Limit=0.000s, Conversion=0.0004s, RTAB-Map=0.0720s, Maps update=0.0003s pub=0.0003s delay=0.2339s (local map=1, WM=1)
[INFO] [1772811890.035329803] [rtabmap]: rtabmap (98): Rate=1.00s, Limit=0.000s, Conversion=0.0006s, RTAB-Map=0.0714s, Maps update=0.0003s pub=0.0005s delay=0.2424s (local map=1, WM=1)
[INFO] [1772811891.033911719] [rtabmap]: rtabmap (99): Rate=1.00s, Limit=0.000s, Conversion=0.0005s, RTAB-Map=0.0735s, Maps update=0.0002s pub=0.0003s delay=0.2410s (local map=1, WM=1)
[INFO] [1772811892.012595844] [rtabmap]: rtabmap (100): Rate=1.00s, Limit=0.000s, Conversion=0.0003s, RTAB-Map=0.0643s, Maps update=0.0002s pub=0.0003s delay=0.2197s (local map=1, WM=1)
[INFO] [1772811893.026056902] [rtabmap]: rtabmap (101): Rate=1.00s, Limit=0.000s, Conversion=0.0003s, RTAB-Map=0.0719s, Maps update=0.0002s pub=0.0003s delay=0.2324s (local map=1, WM=1)
[INFO] [1772811894.109025904] [rtabmap]: rtabmap (102): Rate=1.00s, Limit=0.000s, Conversion=0.0003s, RTAB-Map=0.0632s, Maps update=0.0002s pub=0.0003s delay=0.2160s (local map=1, WM=1)
[INFO] [1772811895.226929253] [rtabmap]: rtabmap (103): Rate=1.00s, Limit=0.000s, Conversion=0.0105s, RTAB-Map=0.0638s, Maps update=0.0003s pub=0.0003s delay=0.2340s (local map=1, WM=1)
[INFO] [1772811896.328569376] [rtabmap]: rtabmap (104): Rate=1.00s, Limit=0.000s, Conversion=0.0003s, RTAB-Map=0.0691s, Maps update=0.0002s pub=0.0003s delay=0.2357s (local map=1, WM=1)
[INFO] [1772811897.333265407] [rtabmap]: rtabmap (105): Rate=1.00s, Limit=0.000s, Conversion=0.0004s, RTAB-Map=0.0752s, Maps update=0.0002s pub=0.0003s delay=0.2403s (local map=1, WM=1)
[INFO] [1772811898.324706451] [rtabmap]: rtabmap (106): Rate=1.00s, Limit=0.000s, Conversion=0.0003s, RTAB-Map=0.0665s, Maps update=0.0003s pub=0.0003s delay=0.2313s (local map=1, WM=1)
[INFO] [1772811899.428397658] [rtabmap]: rtabmap (107): Rate=1.00s, Limit=0.000s, Conversion=0.0003s, RTAB-Map=0.0629s, Maps update=0.0002s pub=0.0003s delay=0.2356s (local map=1, WM=1)
[INFO] [1772811900.425636901] [rtabmap]: rtabmap (108): Rate=1.00s, Limit=0.000s, Conversion=0.0005s, RTAB-Map=0.0663s, Maps update=0.0003s pub=0.0007s delay=0.2327s (local map=1, WM=1)
[INFO] [1772811901.520161082] [rtabmap]: rtabmap (109): Rate=1.00s, Limit=0.000s, Conversion=0.0004s, RTAB-Map=0.0609s, Maps update=0.0002s pub=0.0006s delay=0.2275s (local map=1, WM=1)
[INFO] [1772811902.527385909] [rtabmap]: rtabmap (110): Rate=1.00s, Limit=0.000s, Conversion=0.0003s, RTAB-Map=0.0677s, Maps update=0.0002s pub=0.0005s delay=0.2344s (local map=1, WM=1)
[INFO] [1772811903.620441332] [rtabmap]: rtabmap (111): Rate=1.00s, Limit=0.000s, Conversion=0.0003s, RTAB-Map=0.0639s, Maps update=0.0002s pub=0.0003s delay=0.2276s (local map=1, WM=1)
[INFO] [1772811904.719445422] [rtabmap]: rtabmap (112): Rate=1.00s, Limit=0.000s, Conversion=0.0005s, RTAB-Map=0.0649s, Maps update=0.0002s pub=0.0003s delay=0.2266s (local map=1, WM=1)
[INFO] [1772811905.816771979] [rtabmap]: rtabmap (113): Rate=1.00s, Limit=0.000s, Conversion=0.0006s, RTAB-Map=0.0661s, Maps update=0.0003s pub=0.0005s delay=0.2238s (local map=1, WM=1)
[INFO] [1772811906.926852382] [rtabmap]: rtabmap (114): Rate=1.00s, Limit=0.000s, Conversion=0.0004s, RTAB-Map=0.0715s, Maps update=0.0002s pub=0.0004s delay=0.2340s (local map=1, WM=1)
[INFO] [1772811908.024652588] [rtabmap]: rtabmap (115): Rate=1.00s, Limit=0.000s, Conversion=0.0003s, RTAB-Map=0.0715s, Maps update=0.0003s pub=0.0003s delay=0.2318s (local map=1, WM=1)
[INFO] [1772811909.023371629] [rtabmap]: rtabmap (116): Rate=1.00s, Limit=0.000s, Conversion=0.0004s, RTAB-Map=0.0672s, Maps update=0.0002s pub=0.0003s delay=0.2305s (local map=1, WM=1)
[INFO] [1772811910.120014704] [rtabmap]: rtabmap (117): Rate=1.00s, Limit=0.000s, Conversion=0.0008s, RTAB-Map=0.0711s, Maps update=0.0003s pub=0.0003s delay=0.2272s (local map=1, WM=1)
[INFO] [1772811911.224127431] [rtabmap]: rtabmap (118): Rate=1.00s, Limit=0.000s, Conversion=0.0005s, RTAB-Map=0.0642s, Maps update=0.0004s pub=0.0011s delay=0.2306s (local map=1, WM=1)
[INFO] [1772811912.323720503] [rtabmap]: rtabmap (119): Rate=1.00s, Limit=0.000s, Conversion=0.0004s, RTAB-Map=0.0677s, Maps update=0.0003s pub=0.0003s delay=0.2310s (local map=1, WM=1)
[INFO] [1772811913.319123806] [rtabmap]: rtabmap (120): Rate=1.00s, Limit=0.000s, Conversion=0.0004s, RTAB-Map=0.0629s, Maps update=0.0007s pub=0.0004s delay=0.2256s (local map=1, WM=1)
[INFO] [1772811914.418144153] [rtabmap]: rtabmap (121): Rate=1.00s, Limit=0.000s, Conversion=0.0009s, RTAB-Map=0.0605s, Maps update=0.0002s pub=0.0003s delay=0.2252s (local map=1, WM=1)
[INFO] [1772811915.518935861] [rtabmap]: rtabmap (122): Rate=1.00s, Limit=0.000s, Conversion=0.0005s, RTAB-Map=0.0640s, Maps update=0.0017s pub=0.0003s delay=0.2261s (local map=1, WM=1)
[INFO] [1772811916.527349821] [rtabmap]: rtabmap (123): Rate=1.00s, Limit=0.000s, Conversion=0.0004s, RTAB-Map=0.0672s, Maps update=0.0003s pub=0.0003s delay=0.2345s (local map=1, WM=1)
[INFO] [1772811917.619905097] [rtabmap]: rtabmap (124): Rate=1.00s, Limit=0.000s, Conversion=0.0003s, RTAB-Map=0.0670s, Maps update=0.0002s pub=0.0003s delay=0.2271s (local map=1, WM=1)
[INFO] [1772811918.634830305] [rtabmap]: rtabmap (125): Rate=1.00s, Limit=0.000s, Conversion=0.0003s, RTAB-Map=0.0729s, Maps update=0.0002s pub=0.0003s delay=0.2419s (local map=1, WM=1)
[INFO] [1772811919.722070536] [rtabmap]: rtabmap (126): Rate=1.00s, Limit=0.000s, Conversion=0.0004s, RTAB-Map=0.0652s, Maps update=0.0004s pub=0.0003s delay=0.2290s (local map=1, WM=1)
[INFO] [1772811920.829301171] [rtabmap]: rtabmap (127): Rate=1.00s, Limit=0.000s, Conversion=0.0003s, RTAB-Map=0.0674s, Maps update=0.0002s pub=0.0006s delay=0.2364s (local map=1, WM=1)
[INFO] [1772811921.921069794] [rtabmap]: rtabmap (128): Rate=1.00s, Limit=0.000s, Conversion=0.0003s, RTAB-Map=0.0652s, Maps update=0.0002s pub=0.0003s delay=0.2280s (local map=1, WM=1)
[INFO] [1772811923.027558320] [rtabmap]: rtabmap (129): Rate=1.00s, Limit=0.000s, Conversion=0.0004s, RTAB-Map=0.0722s, Maps update=0.0003s pub=0.0003s delay=0.2346s (local map=1, WM=1)
[INFO] [1772811924.022436196] [rtabmap]: rtabmap (130): Rate=1.00s, Limit=0.000s, Conversion=0.0003s, RTAB-Map=0.0681s, Maps update=0.0003s pub=0.0003s delay=0.2295s (local map=1, WM=1)
[INFO] [1772811925.130572880] [rtabmap]: rtabmap (131): Rate=1.00s, Limit=0.000s, Conversion=0.0003s, RTAB-Map=0.0732s, Maps update=0.0002s pub=0.0003s delay=0.2377s (local map=1, WM=1)
[INFO] [1772811926.220683009] [rtabmap]: rtabmap (132): Rate=1.00s, Limit=0.000s, Conversion=0.0004s, RTAB-Map=0.0641s, Maps update=0.0003s pub=0.0003s delay=0.2269s (local map=1, WM=1)
[INFO] [1772811927.334038126] [rtabmap]: rtabmap (133): Rate=1.00s, Limit=0.000s, Conversion=0.0005s, RTAB-Map=0.0720s, Maps update=0.0004s pub=0.0005s delay=0.2410s (local map=1, WM=1)
[INFO] [1772811928.425436751] [rtabmap]: rtabmap (134): Rate=1.00s, Limit=0.000s, Conversion=0.0003s, RTAB-Map=0.0641s, Maps update=0.0003s pub=0.0003s delay=0.2323s (local map=1, WM=1)
[INFO] [1772811929.523512839] [rtabmap]: rtabmap (135): Rate=1.00s, Limit=0.000s, Conversion=0.0005s, RTAB-Map=0.0707s, Maps update=0.0003s pub=0.0003s delay=0.2306s (local map=1, WM=1)
[INFO] [1772811930.527140766] [rtabmap]: rtabmap (136): Rate=1.00s, Limit=0.000s, Conversion=0.0003s, RTAB-Map=0.0657s, Maps update=0.0003s pub=0.0008s delay=0.2342s (local map=1, WM=1)
[INFO] [1772811931.523369091] [rtabmap]: rtabmap (137): Rate=1.00s, Limit=0.000s, Conversion=0.0005s, RTAB-Map=0.0695s, Maps update=0.0003s pub=0.0003s delay=0.2302s (local map=1, WM=1)
[INFO] [1772811932.630312643] [rtabmap]: rtabmap (138): Rate=1.00s, Limit=0.000s, Conversion=0.0004s, RTAB-Map=0.0700s, Maps update=0.0003s pub=0.0004s delay=0.2374s (local map=1, WM=1)
[INFO] [1772811933.628650518] [rtabmap]: rtabmap (139): Rate=1.00s, Limit=0.000s, Conversion=0.0003s, RTAB-Map=0.0714s, Maps update=0.0004s pub=0.0006s delay=0.2356s (local map=1, WM=1)
[INFO] [1772811934.637314055] [rtabmap]: rtabmap (140): Rate=1.00s, Limit=0.000s, Conversion=0.0005s, RTAB-Map=0.0723s, Maps update=0.0003s pub=0.0007s delay=0.2441s (local map=1, WM=1)
[INFO] [1772811935.735743788] [rtabmap]: rtabmap (141): Rate=1.00s, Limit=0.000s, Conversion=0.0003s, RTAB-Map=0.0723s, Maps update=0.0002s pub=0.0003s delay=0.2427s (local map=1, WM=1)
[INFO] [1772811936.723468599] [rtabmap]: rtabmap (142): Rate=1.00s, Limit=0.000s, Conversion=0.0004s, RTAB-Map=0.0645s, Maps update=0.0003s pub=0.0003s delay=0.2304s (local map=1, WM=1)
[INFO] [1772811937.819730444] [rtabmap]: rtabmap (143): Rate=1.00s, Limit=0.000s, Conversion=0.0005s, RTAB-Map=0.0670s, Maps update=0.0003s pub=0.0003s delay=0.2266s (local map=1, WM=1)
[INFO] [1772811938.829993047] [rtabmap]: rtabmap (144): Rate=1.00s, Limit=0.000s, Conversion=0.0004s, RTAB-Map=0.0733s, Maps update=0.0003s pub=0.0003s delay=0.2368s (local map=1, WM=1)
[INFO] [1772811939.926436915] [rtabmap]: rtabmap (145): Rate=1.00s, Limit=0.000s, Conversion=0.0008s, RTAB-Map=0.0663s, Maps update=0.0003s pub=0.0003s delay=0.2332s (local map=1, WM=1)
[INFO] [1772811940.925129235] [rtabmap]: rtabmap (146): Rate=1.00s, Limit=0.000s, Conversion=0.0004s, RTAB-Map=0.0624s, Maps update=0.0002s pub=0.0003s delay=0.2319s (local map=1, WM=1)
[INFO] [1772811942.029473971] [rtabmap]: rtabmap (147): Rate=1.00s, Limit=0.000s, Conversion=0.0005s, RTAB-Map=0.0673s, Maps update=0.0003s pub=0.0003s delay=0.2363s (local map=1, WM=1)
[INFO] [1772811943.133874997] [rtabmap]: rtabmap (148): Rate=1.00s, Limit=0.000s, Conversion=0.0003s, RTAB-Map=0.0692s, Maps update=0.0003s pub=0.0003s delay=0.2407s (local map=1, WM=1)
[INFO] [1772811944.124724851] [rtabmap]: rtabmap (149): Rate=1.00s, Limit=0.000s, Conversion=0.0005s, RTAB-Map=0.0659s, Maps update=0.0003s pub=0.0003s delay=0.2315s (local map=1, WM=1)
[INFO] [1772811945.219409166] [rtabmap]: rtabmap (150): Rate=1.00s, Limit=0.000s, Conversion=0.0003s, RTAB-Map=0.0700s, Maps update=0.0002s pub=0.0003s delay=0.2263s (local map=1, WM=1)
[INFO] [1772811946.224809510] [rtabmap]: rtabmap (151): Rate=1.00s, Limit=0.000s, Conversion=0.0005s, RTAB-Map=0.0724s, Maps update=0.0002s pub=0.0003s delay=0.2317s (local map=1, WM=1)
[INFO] [1772811947.227871112] [rtabmap]: rtabmap (152): Rate=1.00s, Limit=0.000s, Conversion=0.0003s, RTAB-Map=0.0682s, Maps update=0.0003s pub=0.0003s delay=0.2347s (local map=1, WM=1)
[INFO] [1772811948.234381161] [rtabmap]: rtabmap (153): Rate=1.00s, Limit=0.000s, Conversion=0.0003s, RTAB-Map=0.0728s, Maps update=0.0003s pub=0.0003s delay=0.2412s (local map=1, WM=1)
[INFO] [1772811949.215040207] [rtabmap]: rtabmap (154): Rate=1.00s, Limit=0.000s, Conversion=0.0004s, RTAB-Map=0.0689s, Maps update=0.0003s pub=0.0003s delay=0.2217s (local map=1, WM=1)
[INFO] [1772811950.328157939] [rtabmap]: rtabmap (155): Rate=1.00s, Limit=0.000s, Conversion=0.0004s, RTAB-Map=0.0765s, Maps update=0.0003s pub=0.0003s delay=0.2350s (local map=1, WM=1)
[INFO] [1772811951.420386355] [rtabmap]: rtabmap (156): Rate=1.00s, Limit=0.000s, Conversion=0.0006s, RTAB-Map=0.0663s, Maps update=0.0002s pub=0.0003s delay=0.2271s (local map=1, WM=1)
[INFO] [1772811952.428506927] [rtabmap]: rtabmap (157): Rate=1.00s, Limit=0.000s, Conversion=0.0003s, RTAB-Map=0.0732s, Maps update=0.0007s pub=0.0003s delay=0.2351s (local map=1, WM=1)
[INFO] [1772811953.524512027] [rtabmap]: rtabmap (158): Rate=1.00s, Limit=0.000s, Conversion=0.0006s, RTAB-Map=0.0702s, Maps update=0.0002s pub=0.0003s delay=0.2314s (local map=1, WM=1)
[INFO] [1772811954.534304053] [rtabmap]: rtabmap (159): Rate=1.00s, Limit=0.000s, Conversion=0.0003s, RTAB-Map=0.0688s, Maps update=0.0002s pub=0.0003s delay=0.2411s (local map=1, WM=1)
[INFO] [1772811955.526259613] [rtabmap]: rtabmap (160): Rate=1.00s, Limit=0.000s, Conversion=0.0003s, RTAB-Map=0.0614s, Maps update=0.0002s pub=0.0003s delay=0.2330s (local map=1, WM=1)
[INFO] [1772811956.635317674] [rtabmap]: rtabmap (161): Rate=1.00s, Limit=0.000s, Conversion=0.0005s, RTAB-Map=0.0740s, Maps update=0.0003s pub=0.0004s delay=0.2421s (local map=1, WM=1)
[INFO] [1772811957.627104460] [rtabmap]: rtabmap (162): Rate=1.00s, Limit=0.000s, Conversion=0.0003s, RTAB-Map=0.0752s, Maps update=0.0002s pub=0.0003s delay=0.2338s (local map=1, WM=1)
[INFO] [1772811958.718525518] [rtabmap]: rtabmap (163): Rate=1.00s, Limit=0.000s, Conversion=0.0004s, RTAB-Map=0.0638s, Maps update=0.0003s pub=0.0003s delay=0.2251s (local map=1, WM=1)
[INFO] [1772811959.827035367] [rtabmap]: rtabmap (164): Rate=1.00s, Limit=0.000s, Conversion=0.0003s, RTAB-Map=0.0722s, Maps update=0.0002s pub=0.0003s delay=0.2337s (local map=1, WM=1)
[INFO] [1772811960.928473723] [rtabmap]: rtabmap (165): Rate=1.00s, Limit=0.000s, Conversion=0.0005s, RTAB-Map=0.0701s, Maps update=0.0004s pub=0.0004s delay=0.2352s (local map=1, WM=1)
[INFO] [1772811962.019059807] [rtabmap]: rtabmap (166): Rate=1.00s, Limit=0.000s, Conversion=0.0004s, RTAB-Map=0.0632s, Maps update=0.0003s pub=0.0003s delay=0.2256s (local map=1, WM=1)
[INFO] [1772811963.133878081] [rtabmap]: rtabmap (167): Rate=1.00s, Limit=0.000s, Conversion=0.0005s, RTAB-Map=0.0742s, Maps update=0.0003s pub=0.0003s delay=0.2405s (local map=1, WM=1)
[INFO] [1772811964.219946718] [rtabmap]: rtabmap (168): Rate=1.00s, Limit=0.000s, Conversion=0.0003s, RTAB-Map=0.0645s, Maps update=0.0003s pub=0.0003s delay=0.2266s (local map=1, WM=1)
[INFO] [1772811965.322752100] [rtabmap]: rtabmap (169): Rate=1.00s, Limit=0.000s, Conversion=0.0005s, RTAB-Map=0.0644s, Maps update=0.0003s pub=0.0003s delay=0.2295s (local map=1, WM=1)
[INFO] [1772811966.322830424] [rtabmap]: rtabmap (170): Rate=1.00s, Limit=0.000s, Conversion=0.0004s, RTAB-Map=0.0672s, Maps update=0.0003s pub=0.0003s delay=0.2290s (local map=1, WM=1)
[INFO] [1772811967.434896117] [rtabmap]: rtabmap (171): Rate=1.00s, Limit=0.000s, Conversion=0.0005s, RTAB-Map=0.0825s, Maps update=0.0003s pub=0.0003s delay=0.2416s (local map=1, WM=1)
[INFO] [1772811968.419704564] [rtabmap]: rtabmap (172): Rate=1.00s, Limit=0.000s, Conversion=0.0003s, RTAB-Map=0.0635s, Maps update=0.0003s pub=0.0004s delay=0.2263s (local map=1, WM=1)
[INFO] [1772811969.524567015] [rtabmap]: rtabmap (173): Rate=1.00s, Limit=0.000s, Conversion=0.0004s, RTAB-Map=0.0656s, Maps update=0.0002s pub=0.0003s delay=0.2312s (local map=1, WM=1)
[INFO] [1772811970.520631174] [rtabmap]: rtabmap (174): Rate=1.00s, Limit=0.000s, Conversion=0.0005s, RTAB-Map=0.0615s, Maps update=0.0004s pub=0.0004s delay=0.2273s (local map=1, WM=1)
[INFO] [1772811971.515222351] [rtabmap]: rtabmap (175): Rate=1.00s, Limit=0.000s, Conversion=0.0003s, RTAB-Map=0.0605s, Maps update=0.0003s pub=0.0003s delay=0.2218s (local map=1, WM=1)
[INFO] [1772811972.530198825] [rtabmap]: rtabmap (176): Rate=1.00s, Limit=0.000s, Conversion=0.0003s, RTAB-Map=0.0701s, Maps update=0.0003s pub=0.0003s delay=0.2367s (local map=1, WM=1)
[INFO] [1772811973.618796259] [rtabmap]: rtabmap (177): Rate=1.00s, Limit=0.000s, Conversion=0.0017s, RTAB-Map=0.0610s, Maps update=0.0002s pub=0.0003s delay=0.2253s (local map=1, WM=1)
[INFO] [1772811974.636206838] [rtabmap]: rtabmap (178): Rate=1.00s, Limit=0.000s, Conversion=0.0004s, RTAB-Map=0.0658s, Maps update=0.0003s pub=0.0003s delay=0.2427s (local map=1, WM=1)
[INFO] [1772811975.724824593] [rtabmap]: rtabmap (179): Rate=1.00s, Limit=0.000s, Conversion=0.0003s, RTAB-Map=0.0658s, Maps update=0.0002s pub=0.0003s delay=0.2314s (local map=1, WM=1)
[INFO] [1772811976.829313142] [rtabmap]: rtabmap (180): Rate=1.00s, Limit=0.000s, Conversion=0.0003s, RTAB-Map=0.0714s, Maps update=0.0004s pub=0.0009s delay=0.2358s (local map=1, WM=1)
[INFO] [1772811977.935032264] [rtabmap]: rtabmap (181): Rate=1.00s, Limit=0.000s, Conversion=0.0004s, RTAB-Map=0.0771s, Maps update=0.0003s pub=0.0004s delay=0.2415s (local map=1, WM=1)
[INFO] [1772811979.024176182] [rtabmap]: rtabmap (182): Rate=1.00s, Limit=0.000s, Conversion=0.0003s, RTAB-Map=0.0714s, Maps update=0.0002s pub=0.0003s delay=0.2307s (local map=1, WM=1)
[INFO] [1772811980.126889786] [rtabmap]: rtabmap (183): Rate=1.00s, Limit=0.000s, Conversion=0.0004s, RTAB-Map=0.0731s, Maps update=0.0004s pub=0.0003s delay=0.2334s (local map=1, WM=1)
[INFO] [1772811981.245573323] [rtabmap]: rtabmap (184): Rate=1.00s, Limit=0.000s, Conversion=0.0017s, RTAB-Map=0.0721s, Maps update=0.0003s pub=0.0011s delay=0.2521s (local map=1, WM=1)
[INFO] [1772811982.238057798] [rtabmap]: rtabmap (185): Rate=1.00s, Limit=0.000s, Conversion=0.0005s, RTAB-Map=0.0756s, Maps update=0.0003s pub=0.0003s delay=0.2445s (local map=1, WM=1)
[INFO] [1772811983.320473147] [rtabmap]: rtabmap (186): Rate=1.00s, Limit=0.000s, Conversion=0.0012s, RTAB-Map=0.0651s, Maps update=0.0003s pub=0.0005s delay=0.2271s (local map=1, WM=1)
[INFO] [1772811984.322035558] [rtabmap]: rtabmap (187): Rate=1.00s, Limit=0.000s, Conversion=0.0004s, RTAB-Map=0.0700s, Maps update=0.0002s pub=0.0003s delay=0.2285s (local map=1, WM=1)
[INFO] [1772811985.434654231] [rtabmap]: rtabmap (188): Rate=1.00s, Limit=0.000s, Conversion=0.0003s, RTAB-Map=0.0779s, Maps update=0.0002s pub=0.0003s delay=0.2411s (local map=1, WM=1)
[INFO] [1772811986.522130887] [rtabmap]: rtabmap (189): Rate=1.00s, Limit=0.000s, Conversion=0.0008s, RTAB-Map=0.0671s, Maps update=0.0003s pub=0.0003s delay=0.2286s (local map=1, WM=1)
[INFO] [1772811987.627769879] [rtabmap]: rtabmap (190): Rate=1.00s, Limit=0.000s, Conversion=0.0009s, RTAB-Map=0.0684s, Maps update=0.0003s pub=0.0003s delay=0.2342s (local map=1, WM=1)
[INFO] [1772811988.624247941] [rtabmap]: rtabmap (191): Rate=1.00s, Limit=0.000s, Conversion=0.0003s, RTAB-Map=0.0679s, Maps update=0.0002s pub=0.0003s delay=0.2306s (local map=1, WM=1)
[INFO] [1772811989.731178180] [rtabmap]: rtabmap (192): Rate=1.00s, Limit=0.000s, Conversion=0.0005s, RTAB-Map=0.0755s, Maps update=0.0002s pub=0.0003s delay=0.2376s (local map=1, WM=1)
[INFO] [1772811990.827775878] [rtabmap]: rtabmap (193): Rate=1.00s, Limit=0.000s, Conversion=0.0004s, RTAB-Map=0.0654s, Maps update=0.0002s pub=0.0003s delay=0.2342s (local map=1, WM=1)
[INFO] [1772811991.818144915] [rtabmap]: rtabmap (194): Rate=1.00s, Limit=0.000s, Conversion=0.0003s, RTAB-Map=0.0641s, Maps update=0.0002s pub=0.0003s delay=0.2245s (local map=1, WM=1)
[INFO] [1772811992.926556360] [rtabmap]: rtabmap (195): Rate=1.00s, Limit=0.000s, Conversion=0.0003s, RTAB-Map=0.0689s, Maps update=0.0002s pub=0.0005s delay=0.2331s (local map=1, WM=1)
[INFO] [1772811993.923158971] [rtabmap]: rtabmap (196): Rate=1.00s, Limit=0.000s, Conversion=0.0005s, RTAB-Map=0.0640s, Maps update=0.0003s pub=0.0003s delay=0.2295s (local map=1, WM=1)
[INFO] [1772811995.014373334] [rtabmap]: rtabmap (197): Rate=1.00s, Limit=0.000s, Conversion=0.0004s, RTAB-Map=0.0621s, Maps update=0.0004s pub=0.0003s delay=0.2208s (local map=1, WM=1)
[INFO] [1772811996.121977966] [rtabmap]: rtabmap (198): Rate=1.00s, Limit=0.000s, Conversion=0.0004s, RTAB-Map=0.0678s, Maps update=0.0003s pub=0.0003s delay=0.2284s (local map=1, WM=1)
[INFO] [1772811997.233072263] [rtabmap]: rtabmap (199): Rate=1.00s, Limit=0.000s, Conversion=0.0006s, RTAB-Map=0.0743s, Maps update=0.0003s pub=0.0003s delay=0.2393s (local map=1, WM=1)
[INFO] [1772811998.321648896] [rtabmap]: rtabmap (200): Rate=1.00s, Limit=0.000s, Conversion=0.0004s, RTAB-Map=0.0654s, Maps update=0.0003s pub=0.0003s delay=0.2281s (local map=1, WM=1)
[INFO] [1772811999.317767361] [rtabmap]: rtabmap (201): Rate=1.00s, Limit=0.000s, Conversion=0.0004s, RTAB-Map=0.0637s, Maps update=0.0003s pub=0.0003s delay=0.2241s (local map=1, WM=1)
[INFO] [1772812000.433847026] [rtabmap]: rtabmap (202): Rate=1.00s, Limit=0.000s, Conversion=0.0005s, RTAB-Map=0.0733s, Maps update=0.0002s pub=0.0003s delay=0.2403s (local map=1, WM=1)
[INFO] [1772812001.516162980] [rtabmap]: rtabmap (203): Rate=1.00s, Limit=0.000s, Conversion=0.0003s, RTAB-Map=0.0644s, Maps update=0.0003s pub=0.0003s delay=0.2226s (local map=1, WM=1)
[INFO] [1772812002.530203099] [rtabmap]: rtabmap (204): Rate=1.00s, Limit=0.000s, Conversion=0.0004s, RTAB-Map=0.0708s, Maps update=0.0002s pub=0.0005s delay=0.2366s (local map=1, WM=1)
[INFO] [1772812003.637447142] [rtabmap]: rtabmap (205): Rate=1.00s, Limit=0.000s, Conversion=0.0008s, RTAB-Map=0.0746s, Maps update=0.0003s pub=0.0003s delay=0.2437s (local map=1, WM=1)
[INFO] [1772812004.718439623] [rtabmap]: rtabmap (206): Rate=1.00s, Limit=0.000s, Conversion=0.0005s, RTAB-Map=0.0601s, Maps update=0.0003s pub=0.0003s delay=0.2247s (local map=1, WM=1)
[INFO] [1772812005.828614110] [rtabmap]: rtabmap (207): Rate=1.00s, Limit=0.000s, Conversion=0.0003s, RTAB-Map=0.0601s, Maps update=0.0002s pub=0.0003s delay=0.2349s (local map=1, WM=1)
[INFO] [1772812006.829627060] [rtabmap]: rtabmap (208): Rate=1.00s, Limit=0.000s, Conversion=0.0004s, RTAB-Map=0.0639s, Maps update=0.0004s pub=0.0004s delay=0.2359s (local map=1, WM=1)
[INFO] [1772812007.926695271] [rtabmap]: rtabmap (209): Rate=1.00s, Limit=0.000s, Conversion=0.0004s, RTAB-Map=0.0713s, Maps update=0.0003s pub=0.0004s delay=0.2331s (local map=1, WM=1)
[INFO] [1772812008.934834532] [rtabmap]: rtabmap (210): Rate=1.00s, Limit=0.000s, Conversion=0.0003s, RTAB-Map=0.0763s, Maps update=0.0003s pub=0.0005s delay=0.2409s (local map=1, WM=1)
[INFO] [1772812010.023152500] [rtabmap]: rtabmap (211): Rate=1.00s, Limit=0.000s, Conversion=0.0005s, RTAB-Map=0.0662s, Maps update=0.0002s pub=0.0003s delay=0.2304s (local map=1, WM=1)
[INFO] [1772812011.033138485] [rtabmap]: rtabmap (212): Rate=1.00s, Limit=0.000s, Conversion=0.0003s, RTAB-Map=0.0747s, Maps update=0.0002s pub=0.0003s delay=0.2395s (local map=1, WM=1)
[INFO] [1772812012.018579724] [rtabmap]: rtabmap (213): Rate=1.00s, Limit=0.000s, Conversion=0.0005s, RTAB-Map=0.0674s, Maps update=0.0002s pub=0.0003s delay=0.2249s (local map=1, WM=1)
[INFO] [1772812013.125304227] [rtabmap]: rtabmap (214): Rate=1.00s, Limit=0.000s, Conversion=0.0003s, RTAB-Map=0.0706s, Maps update=0.0002s pub=0.0003s delay=0.2316s (local map=1, WM=1)
[INFO] [1772812014.138884138] [rtabmap]: rtabmap (215): Rate=1.00s, Limit=0.000s, Conversion=0.0003s, RTAB-Map=0.0720s, Maps update=0.0003s pub=0.0003s delay=0.2451s (local map=1, WM=1)
[INFO] [1772812015.148300790] [rtabmap]: rtabmap (216): Rate=1.00s, Limit=0.000s, Conversion=0.0008s, RTAB-Map=0.0753s, Maps update=0.0004s pub=0.0004s delay=0.2545s (local map=1, WM=1)
[INFO] [1772812016.224891732] [rtabmap]: rtabmap (217): Rate=1.00s, Limit=0.000s, Conversion=0.0003s, RTAB-Map=0.0694s, Maps update=0.0003s pub=0.0003s delay=0.2313s (local map=1, WM=1)
[INFO] [1772812017.224282863] [rtabmap]: rtabmap (218): Rate=1.00s, Limit=0.000s, Conversion=0.0003s, RTAB-Map=0.0675s, Maps update=0.0002s pub=0.0003s delay=0.2305s (local map=1, WM=1)
[INFO] [1772812018.328762547] [rtabmap]: rtabmap (219): Rate=1.00s, Limit=0.000s, Conversion=0.0004s, RTAB-Map=0.0750s, Maps update=0.0003s pub=0.0003s delay=0.2352s (local map=1, WM=1)
[INFO] [1772812019.411537846] [rtabmap]: rtabmap (220): Rate=1.00s, Limit=0.000s, Conversion=0.0009s, RTAB-Map=0.0624s, Maps update=0.0003s pub=0.0003s delay=0.2177s (local map=1, WM=1)
[INFO] [1772812020.421867108] [rtabmap]: rtabmap (221): Rate=1.00s, Limit=0.000s, Conversion=0.0004s, RTAB-Map=0.0645s, Maps update=0.0002s pub=0.0003s delay=0.2281s (local map=1, WM=1)
[INFO] [1772812021.524335998] [rtabmap]: rtabmap (222): Rate=1.00s, Limit=0.000s, Conversion=0.0003s, RTAB-Map=0.0681s, Maps update=0.0003s pub=0.0003s delay=0.2307s (local map=1, WM=1)
[INFO] [1772812022.628937063] [rtabmap]: rtabmap (223): Rate=1.00s, Limit=0.000s, Conversion=0.0006s, RTAB-Map=0.0742s, Maps update=0.0003s pub=0.0003s delay=0.2351s (local map=1, WM=1)
[INFO] [1772812023.730868558] [rtabmap]: rtabmap (224): Rate=1.00s, Limit=0.000s, Conversion=0.0005s, RTAB-Map=0.0642s, Maps update=0.0003s pub=0.0003s delay=0.2371s (local map=1, WM=1)
[INFO] [1772812024.727746187] [rtabmap]: rtabmap (225): Rate=1.00s, Limit=0.000s, Conversion=0.0004s, RTAB-Map=0.0718s, Maps update=0.0003s pub=0.0003s delay=0.2340s (local map=1, WM=1)
[INFO] [1772812025.830208677] [rtabmap]: rtabmap (226): Rate=1.00s, Limit=0.000s, Conversion=0.0004s, RTAB-Map=0.0698s, Maps update=0.0003s pub=0.0003s delay=0.2365s (local map=1, WM=1)
[INFO] [1772812026.841272431] [rtabmap]: rtabmap (227): Rate=1.00s, Limit=0.000s, Conversion=0.0005s, RTAB-Map=0.0678s, Maps update=0.0002s pub=0.0003s delay=0.2474s (local map=1, WM=1)
[INFO] [1772812027.940687160] [rtabmap]: rtabmap (228): Rate=1.00s, Limit=0.000s, Conversion=0.0003s, RTAB-Map=0.0823s, Maps update=0.0002s pub=0.0003s delay=0.2470s (local map=1, WM=1)
[INFO] [1772812029.027404076] [rtabmap]: rtabmap (229): Rate=1.00s, Limit=0.000s, Conversion=0.0005s, RTAB-Map=0.0647s, Maps update=0.0002s pub=0.0003s delay=0.2336s (local map=1, WM=1)
[INFO] [1772812030.039539005] [rtabmap]: rtabmap (230): Rate=1.00s, Limit=0.000s, Conversion=0.0003s, RTAB-Map=0.0759s, Maps update=0.0002s pub=0.0003s delay=0.2457s (local map=1, WM=1)
[INFO] [1772812031.124652342] [rtabmap]: rtabmap (231): Rate=1.00s, Limit=0.000s, Conversion=0.0003s, RTAB-Map=0.0633s, Maps update=0.0002s pub=0.0003s delay=0.2309s (local map=1, WM=1)
[INFO] [1772812032.116835494] [rtabmap]: rtabmap (232): Rate=1.00s, Limit=0.000s, Conversion=0.0006s, RTAB-Map=0.0626s, Maps update=0.0003s pub=0.0003s delay=0.2229s (local map=1, WM=1)
[INFO] [1772812033.225980087] [rtabmap]: rtabmap (233): Rate=1.00s, Limit=0.000s, Conversion=0.0003s, RTAB-Map=0.0660s, Maps update=0.0002s pub=0.0003s delay=0.2330s (local map=1, WM=1)
[INFO] [1772812034.213873737] [rtabmap]: rtabmap (234): Rate=1.00s, Limit=0.000s, Conversion=0.0005s, RTAB-Map=0.0629s, Maps update=0.0003s pub=0.0003s delay=0.2201s (local map=1, WM=1)
[INFO] [1772812035.226033978] [rtabmap]: rtabmap (235): Rate=1.00s, Limit=0.000s, Conversion=0.0006s, RTAB-Map=0.0679s, Maps update=0.0003s pub=0.0004s delay=0.2322s (local map=1, WM=1)
[INFO] [1772812036.217897854] [rtabmap]: rtabmap (236): Rate=1.00s, Limit=0.000s, Conversion=0.0005s, RTAB-Map=0.0639s, Maps update=0.0009s pub=0.0003s delay=0.2240s (local map=1, WM=1)
[INFO] [1772812037.333572353] [rtabmap]: rtabmap (237): Rate=1.00s, Limit=0.000s, Conversion=0.0004s, RTAB-Map=0.0760s, Maps update=0.0003s pub=0.0003s delay=0.2397s (local map=1, WM=1)
[INFO] [1772812038.431435985] [rtabmap]: rtabmap (238): Rate=1.00s, Limit=0.000s, Conversion=0.0006s, RTAB-Map=0.0653s, Maps update=0.0003s pub=0.0005s delay=0.2384s (local map=1, WM=1)
[INFO] [1772812039.409630044] [rtabmap]: rtabmap (239): Rate=1.00s, Limit=0.000s, Conversion=0.0003s, RTAB-Map=0.0620s, Maps update=0.0003s pub=0.0003s delay=0.2156s (local map=1, WM=1)
[INFO] [1772812040.520782295] [rtabmap]: rtabmap (240): Rate=1.00s, Limit=0.000s, Conversion=0.0003s, RTAB-Map=0.0698s, Maps update=0.0003s pub=0.0003s delay=0.2278s (local map=1, WM=1)
[INFO] [1772812041.534931058] [rtabmap]: rtabmap (241): Rate=1.00s, Limit=0.000s, Conversion=0.0005s, RTAB-Map=0.0674s, Maps update=0.0002s pub=0.0003s delay=0.2410s (local map=1, WM=1)
[INFO] [1772812042.625236395] [rtabmap]: rtabmap (242): Rate=1.00s, Limit=0.000s, Conversion=0.0008s, RTAB-Map=0.0657s, Maps update=0.0003s pub=0.0006s delay=0.2323s (local map=1, WM=1)
[INFO] [1772812043.615569911] [rtabmap]: rtabmap (243): Rate=1.00s, Limit=0.000s, Conversion=0.0003s, RTAB-Map=0.0663s, Maps update=0.0003s pub=0.0003s delay=0.2218s (local map=1, WM=1)
[INFO] [1772812044.620527582] [rtabmap]: rtabmap (244): Rate=1.00s, Limit=0.000s, Conversion=0.0005s, RTAB-Map=0.0636s, Maps update=0.0003s pub=0.0003s delay=0.2267s (local map=1, WM=1)
[INFO] [1772812045.626990110] [rtabmap]: rtabmap (245): Rate=1.00s, Limit=0.000s, Conversion=0.0003s, RTAB-Map=0.0779s, Maps update=0.0002s pub=0.0003s delay=0.2330s (local map=1, WM=1)
[INFO] [1772812046.628074486] [rtabmap]: rtabmap (246): Rate=1.00s, Limit=0.000s, Conversion=0.0003s, RTAB-Map=0.0712s, Maps update=0.0002s pub=0.0003s delay=0.2341s (local map=1, WM=1)
[INFO] [1772812047.722908631] [rtabmap]: rtabmap (247): Rate=1.00s, Limit=0.000s, Conversion=0.0004s, RTAB-Map=0.0669s, Maps update=0.0002s pub=0.0003s delay=0.2298s (local map=1, WM=1)
[INFO] [1772812048.830786809] [rtabmap]: rtabmap (248): Rate=1.00s, Limit=0.000s, Conversion=0.0003s, RTAB-Map=0.0657s, Maps update=0.0003s pub=0.0003s delay=0.2368s (local map=1, WM=1)
[INFO] [1772812049.911023518] [rtabmap]: rtabmap (249): Rate=1.00s, Limit=0.000s, Conversion=0.0006s, RTAB-Map=0.0586s, Maps update=0.0003s pub=0.0003s delay=0.2163s (local map=1, WM=1)
[INFO] [1772812051.027740294] [rtabmap]: rtabmap (250): Rate=1.00s, Limit=0.000s, Conversion=0.0004s, RTAB-Map=0.0668s, Maps update=0.0005s pub=0.0005s delay=0.2338s (local map=1, WM=1)
[INFO] [1772812052.020083228] [rtabmap]: rtabmap (251): Rate=1.00s, Limit=0.000s, Conversion=0.0005s, RTAB-Map=0.0689s, Maps update=0.0002s pub=0.0003s delay=0.2261s (local map=1, WM=1)
[INFO] [1772812053.123855015] [rtabmap]: rtabmap (252): Rate=1.00s, Limit=0.000s, Conversion=0.0003s, RTAB-Map=0.0650s, Maps update=0.0002s pub=0.0003s delay=0.2299s (local map=1, WM=1)
[INFO] [1772812054.221400715] [rtabmap]: rtabmap (253): Rate=1.00s, Limit=0.000s, Conversion=0.0003s, RTAB-Map=0.0682s, Maps update=0.0003s pub=0.0003s delay=0.2274s (local map=1, WM=1)
[INFO] [1772812055.238335725] [rtabmap]: rtabmap (254): Rate=1.00s, Limit=0.000s, Conversion=0.0003s, RTAB-Map=0.0812s, Maps update=0.0002s pub=0.0003s delay=0.2443s (local map=1, WM=1)
[INFO] [1772812056.319864898] [rtabmap]: rtabmap (255): Rate=1.00s, Limit=0.000s, Conversion=0.0005s, RTAB-Map=0.0636s, Maps update=0.0002s pub=0.0003s delay=0.2258s (local map=1, WM=1)
[INFO] [1772812057.333394374] [rtabmap]: rtabmap (256): Rate=1.00s, Limit=0.000s, Conversion=0.0003s, RTAB-Map=0.0660s, Maps update=0.0003s pub=0.0003s delay=0.2393s (local map=1, WM=1)
[INFO] [1772812058.420969978] [rtabmap]: rtabmap (257): Rate=1.00s, Limit=0.000s, Conversion=0.0003s, RTAB-Map=0.0660s, Maps update=0.0003s pub=0.0003s delay=0.2278s (local map=1, WM=1)
[INFO] [1772812059.431353067] [rtabmap]: rtabmap (258): Rate=1.00s, Limit=0.000s, Conversion=0.0006s, RTAB-Map=0.0728s, Maps update=0.0003s pub=0.0007s delay=0.2381s (local map=1, WM=1)
[INFO] [1772812060.525450096] [rtabmap]: rtabmap (259): Rate=1.00s, Limit=0.000s, Conversion=0.0005s, RTAB-Map=0.0676s, Maps update=0.0003s pub=0.0007s delay=0.2325s (local map=1, WM=1)
[INFO] [1772812061.512501634] [rtabmap]: rtabmap (260): Rate=1.00s, Limit=0.000s, Conversion=0.0005s, RTAB-Map=0.0618s, Maps update=0.0002s pub=0.0003s delay=0.2179s (local map=1, WM=1)
[INFO] [1772812062.639158586] [rtabmap]: rtabmap (261): Rate=1.00s, Limit=0.000s, Conversion=0.0003s, RTAB-Map=0.0707s, Maps update=0.0002s pub=0.0003s delay=0.2451s (local map=1, WM=1)
[INFO] [1772812063.718854699] [rtabmap]: rtabmap (262): Rate=1.00s, Limit=0.000s, Conversion=0.0004s, RTAB-Map=0.0679s, Maps update=0.0003s pub=0.0003s delay=0.2257s (local map=1, WM=1)
[INFO] [1772812064.830425653] [rtabmap]: rtabmap (263): Rate=1.00s, Limit=0.000s, Conversion=0.0004s, RTAB-Map=0.0668s, Maps update=0.0002s pub=0.0003s delay=0.2373s (local map=1, WM=1)
[INFO] [1772812065.827050377] [rtabmap]: rtabmap (264): Rate=1.00s, Limit=0.000s, Conversion=0.0004s, RTAB-Map=0.0682s, Maps update=0.0003s pub=0.0003s delay=0.2329s (local map=1, WM=1)
[INFO] [1772812066.923739918] [rtabmap]: rtabmap (265): Rate=1.00s, Limit=0.000s, Conversion=0.0005s, RTAB-Map=0.0646s, Maps update=0.0003s pub=0.0003s delay=0.2306s (local map=1, WM=1)
[INFO] [1772812068.025103744] [rtabmap]: rtabmap (266): Rate=1.00s, Limit=0.000s, Conversion=0.0004s, RTAB-Map=0.0693s, Maps update=0.0002s pub=0.0003s delay=0.2315s (local map=1, WM=1)
[INFO] [1772812069.027943385] [rtabmap]: rtabmap (267): Rate=1.00s, Limit=0.000s, Conversion=0.0003s, RTAB-Map=0.0635s, Maps update=0.0003s pub=0.0003s delay=0.2339s (local map=1, WM=1)
[INFO] [1772812070.118193232] [rtabmap]: rtabmap (268): Rate=1.00s, Limit=0.000s, Conversion=0.0004s, RTAB-Map=0.0653s, Maps update=0.0002s pub=0.0003s delay=0.2250s (local map=1, WM=1)
[INFO] [1772812071.131015418] [rtabmap]: rtabmap (269): Rate=1.00s, Limit=0.000s, Conversion=0.0004s, RTAB-Map=0.0745s, Maps update=0.0002s pub=0.0003s delay=0.2377s (local map=1, WM=1)
[INFO] [1772812072.211616877] [rtabmap]: rtabmap (270): Rate=1.00s, Limit=0.000s, Conversion=0.0004s, RTAB-Map=0.0618s, Maps update=0.0002s pub=0.0003s delay=0.2185s (local map=1, WM=1)
[INFO] [1772812073.234166206] [rtabmap]: rtabmap (271): Rate=1.00s, Limit=0.000s, Conversion=0.0003s, RTAB-Map=0.0699s, Maps update=0.0003s pub=0.0003s delay=0.2411s (local map=1, WM=1)
[INFO] [1772812074.236582248] [rtabmap]: rtabmap (272): Rate=1.00s, Limit=0.000s, Conversion=0.0105s, RTAB-Map=0.0713s, Maps update=0.0003s pub=0.0004s delay=0.2434s (local map=1, WM=1)
[INFO] [1772812075.330223900] [rtabmap]: rtabmap (273): Rate=1.00s, Limit=0.000s, Conversion=0.0003s, RTAB-Map=0.0693s, Maps update=0.0003s pub=0.0003s delay=0.2370s (local map=1, WM=1)
[INFO] [1772812076.325198515] [rtabmap]: rtabmap (274): Rate=1.00s, Limit=0.000s, Conversion=0.0003s, RTAB-Map=0.0704s, Maps update=0.0002s pub=0.0003s delay=0.2319s (local map=1, WM=1)
[INFO] [1772812077.433170745] [rtabmap]: rtabmap (275): Rate=1.00s, Limit=0.000s, Conversion=0.0003s, RTAB-Map=0.0681s, Maps update=0.0003s pub=0.0004s delay=0.2403s (local map=1, WM=1)
[INFO] [1772812078.436388800] [rtabmap]: rtabmap (276): Rate=1.00s, Limit=0.000s, Conversion=0.0003s, RTAB-Map=0.0669s, Maps update=0.0002s pub=0.0003s delay=0.2432s (local map=1, WM=1)
[INFO] [1772812079.430604539] [rtabmap]: rtabmap (277): Rate=1.00s, Limit=0.000s, Conversion=0.0007s, RTAB-Map=0.0685s, Maps update=0.0002s pub=0.0003s delay=0.2374s (local map=1, WM=1)
[INFO] [1772812080.422169332] [rtabmap]: rtabmap (278): Rate=1.00s, Limit=0.000s, Conversion=0.0003s, RTAB-Map=0.0679s, Maps update=0.0003s pub=0.0003s delay=0.2288s (local map=1, WM=1)
[INFO] [1772812081.518472875] [rtabmap]: rtabmap (279): Rate=1.00s, Limit=0.000s, Conversion=0.0004s, RTAB-Map=0.0648s, Maps update=0.0018s pub=0.0003s delay=0.2253s (local map=1, WM=1)
[INFO] [1772812082.632106882] [rtabmap]: rtabmap (280): Rate=1.00s, Limit=0.000s, Conversion=0.0005s, RTAB-Map=0.0726s, Maps update=0.0003s pub=0.0003s delay=0.2393s (local map=1, WM=1)
[INFO] [1772812083.623363951] [rtabmap]: rtabmap (281): Rate=1.00s, Limit=0.000s, Conversion=0.0006s, RTAB-Map=0.0664s, Maps update=0.0002s pub=0.0003s delay=0.2302s (local map=1, WM=1)
[INFO] [1772812084.623967702] [rtabmap]: rtabmap (282): Rate=1.00s, Limit=0.000s, Conversion=0.0011s, RTAB-Map=0.0613s, Maps update=0.0003s pub=0.0003s delay=0.2305s (local map=1, WM=1)
[INFO] [1772812085.714231758] [rtabmap]: rtabmap (283): Rate=1.00s, Limit=0.000s, Conversion=0.0005s, RTAB-Map=0.0626s, Maps update=0.0003s pub=0.0003s delay=0.2210s (local map=1, WM=1)
[INFO] [1772812086.827239213] [rtabmap]: rtabmap (284): Rate=1.00s, Limit=0.000s, Conversion=0.0004s, RTAB-Map=0.0709s, Maps update=0.0002s pub=0.0003s delay=0.2339s (local map=1, WM=1)
[INFO] [1772812087.925305637] [rtabmap]: rtabmap (285): Rate=1.00s, Limit=0.000s, Conversion=0.0003s, RTAB-Map=0.0669s, Maps update=0.0002s pub=0.0004s delay=0.2323s (local map=1, WM=1)
[INFO] [1772812089.024208763] [rtabmap]: rtabmap (286): Rate=1.00s, Limit=0.000s, Conversion=0.0004s, RTAB-Map=0.0684s, Maps update=0.0002s pub=0.0003s delay=0.2314s (local map=1, WM=1)
[INFO] [1772812090.027022036] [rtabmap]: rtabmap (287): Rate=1.00s, Limit=0.000s, Conversion=0.0005s, RTAB-Map=0.0711s, Maps update=0.0002s pub=0.0003s delay=0.2340s (local map=1, WM=1)
[INFO] [1772812091.128725202] [rtabmap]: rtabmap (288): Rate=1.00s, Limit=0.000s, Conversion=0.0006s, RTAB-Map=0.0695s, Maps update=0.0003s pub=0.0003s delay=0.2359s (local map=1, WM=1)
[INFO] [1772812092.126122146] [rtabmap]: rtabmap (289): Rate=1.00s, Limit=0.000s, Conversion=0.0006s, RTAB-Map=0.0649s, Maps update=0.0003s pub=0.0003s delay=0.2332s (local map=1, WM=1)
[INFO] [1772812093.221032486] [rtabmap]: rtabmap (290): Rate=1.00s, Limit=0.000s, Conversion=0.0003s, RTAB-Map=0.0648s, Maps update=0.0002s pub=0.0003s delay=0.2277s (local map=1, WM=1)
[INFO] [1772812094.214155960] [rtabmap]: rtabmap (291): Rate=1.00s, Limit=0.000s, Conversion=0.0004s, RTAB-Map=0.0631s, Maps update=0.0003s pub=0.0003s delay=0.2208s (local map=1, WM=1)
[INFO] [1772812095.317128485] [rtabmap]: rtabmap (292): Rate=1.00s, Limit=0.000s, Conversion=0.0005s, RTAB-Map=0.0605s, Maps update=0.0003s pub=0.0003s delay=0.2243s (local map=1, WM=1)
[INFO] [1772812096.317269883] [rtabmap]: rtabmap (293): Rate=1.00s, Limit=0.000s, Conversion=0.0003s, RTAB-Map=0.0656s, Maps update=0.0003s pub=0.0003s delay=0.2244s (local map=1, WM=1)
[INFO] [1772812097.432717429] [rtabmap]: rtabmap (294): Rate=1.00s, Limit=0.000s, Conversion=0.0003s, RTAB-Map=0.0650s, Maps update=0.0003s pub=0.0003s delay=0.2399s (local map=1, WM=1)
[INFO] [1772812098.415877975] [rtabmap]: rtabmap (295): Rate=1.00s, Limit=0.000s, Conversion=0.0009s, RTAB-Map=0.0630s, Maps update=0.0003s pub=0.0003s delay=0.2230s (local map=1, WM=1)
[INFO] [1772812099.422569183] [rtabmap]: rtabmap (296): Rate=1.00s, Limit=0.000s, Conversion=0.0005s, RTAB-Map=0.0632s, Maps update=0.0002s pub=0.0003s delay=0.2297s (local map=1, WM=1)
[INFO] [1772812100.432351449] [rtabmap]: rtabmap (297): Rate=1.00s, Limit=0.000s, Conversion=0.0003s, RTAB-Map=0.0660s, Maps update=0.0002s pub=0.0003s delay=0.2390s (local map=1, WM=1)
[INFO] [1772812101.522378856] [rtabmap]: rtabmap (298): Rate=1.00s, Limit=0.000s, Conversion=0.0005s, RTAB-Map=0.0708s, Maps update=0.0002s pub=0.0003s delay=0.2295s (local map=1, WM=1)
[INFO] [1772812102.631641693] [rtabmap]: rtabmap (299): Rate=1.00s, Limit=0.000s, Conversion=0.0005s, RTAB-Map=0.0690s, Maps update=0.0002s pub=0.0003s delay=0.2388s (local map=1, WM=1)
[INFO] [1772812103.722756564] [rtabmap]: rtabmap (300): Rate=1.00s, Limit=0.000s, Conversion=0.0004s, RTAB-Map=0.0679s, Maps update=0.0004s pub=0.0007s delay=0.2298s (local map=1, WM=1)
[INFO] [1772812104.816578511] [rtabmap]: rtabmap (301): Rate=1.00s, Limit=0.000s, Conversion=0.0004s, RTAB-Map=0.0624s, Maps update=0.0002s pub=0.0007s delay=0.2232s (local map=1, WM=1)
[INFO] [1772812105.932700833] [rtabmap]: rtabmap (302): Rate=1.00s, Limit=0.000s, Conversion=0.0003s, RTAB-Map=0.0699s, Maps update=0.0003s pub=0.0005s delay=0.2398s (local map=1, WM=1)
[INFO] [1772812107.022247582] [rtabmap]: rtabmap (303): Rate=1.00s, Limit=0.000s, Conversion=0.0003s, RTAB-Map=0.0664s, Maps update=0.0003s pub=0.0003s delay=0.2293s (local map=1, WM=1)
[INFO] [1772812108.133885739] [rtabmap]: rtabmap (304): Rate=1.00s, Limit=0.000s, Conversion=0.0007s, RTAB-Map=0.0760s, Maps update=0.0002s pub=0.0003s delay=0.2411s (local map=1, WM=1)
[INFO] [1772812109.233672162] [rtabmap]: rtabmap (305): Rate=1.00s, Limit=0.000s, Conversion=0.0006s, RTAB-Map=0.0770s, Maps update=0.0003s pub=0.0003s delay=0.2408s (local map=1, WM=1)
[INFO] [1772812110.218282362] [rtabmap]: rtabmap (306): Rate=1.00s, Limit=0.000s, Conversion=0.0004s, RTAB-Map=0.0633s, Maps update=0.0003s pub=0.0003s delay=0.2253s (local map=1, WM=1)
[INFO] [1772812111.328122853] [rtabmap]: rtabmap (307): Rate=1.00s, Limit=0.000s, Conversion=0.0003s, RTAB-Map=0.0728s, Maps update=0.0003s pub=0.0003s delay=0.2352s (local map=1, WM=1)
[INFO] [1772812112.422794879] [rtabmap]: rtabmap (308): Rate=1.00s, Limit=0.000s, Conversion=0.0005s, RTAB-Map=0.0641s, Maps update=0.0002s pub=0.0003s delay=0.2299s (local map=1, WM=1)
[INFO] [1772812113.430800600] [rtabmap]: rtabmap (309): Rate=1.00s, Limit=0.000s, Conversion=0.0005s, RTAB-Map=0.0713s, Maps update=0.0003s pub=0.0004s delay=0.2379s (local map=1, WM=1)
[INFO] [1772812114.526116586] [rtabmap]: rtabmap (310): Rate=1.00s, Limit=0.000s, Conversion=0.0005s, RTAB-Map=0.0733s, Maps update=0.0003s pub=0.0003s delay=0.2333s (local map=1, WM=1)
[INFO] [1772812115.521983778] [rtabmap]: rtabmap (311): Rate=1.00s, Limit=0.000s, Conversion=0.0003s, RTAB-Map=0.0701s, Maps update=0.0004s pub=0.0004s delay=0.2291s (local map=1, WM=1)
[INFO] [1772812116.628342732] [rtabmap]: rtabmap (312): Rate=1.00s, Limit=0.000s, Conversion=0.0004s, RTAB-Map=0.0695s, Maps update=0.0003s pub=0.0003s delay=0.2353s (local map=1, WM=1)
[INFO] [1772812117.727576750] [rtabmap]: rtabmap (313): Rate=1.00s, Limit=0.000s, Conversion=0.0004s, RTAB-Map=0.0727s, Maps update=0.0002s pub=0.0003s delay=0.2347s (local map=1, WM=1)
[INFO] [1772812118.812487872] [rtabmap]: rtabmap (314): Rate=1.00s, Limit=0.000s, Conversion=0.0003s, RTAB-Map=0.0632s, Maps update=0.0002s pub=0.0003s delay=0.2195s (local map=1, WM=1)
[INFO] [1772812119.933063607] [rtabmap]: rtabmap (315): Rate=1.00s, Limit=0.000s, Conversion=0.0005s, RTAB-Map=0.0771s, Maps update=0.0002s pub=0.0003s delay=0.2401s (local map=1, WM=1)
[INFO] [1772812121.028294566] [rtabmap]: rtabmap (316): Rate=1.00s, Limit=0.000s, Conversion=0.0004s, RTAB-Map=0.0656s, Maps update=0.0003s pub=0.0003s delay=0.2353s (local map=1, WM=1)
[INFO] [1772812122.130283951] [rtabmap]: rtabmap (317): Rate=1.00s, Limit=0.000s, Conversion=0.0004s, RTAB-Map=0.0668s, Maps update=0.0002s pub=0.0003s delay=0.2375s (local map=1, WM=1)
[INFO] [1772812123.149116983] [rtabmap]: rtabmap (318): Rate=1.00s, Limit=0.000s, Conversion=0.0111s, RTAB-Map=0.0698s, Maps update=0.0003s pub=0.0003s delay=0.2562s (local map=1, WM=1)
[INFO] [1772812124.123794080] [rtabmap]: rtabmap (319): Rate=1.00s, Limit=0.000s, Conversion=0.0004s, RTAB-Map=0.0651s, Maps update=0.0003s pub=0.0004s delay=0.2308s (local map=1, WM=1)
[INFO] [1772812125.122187478] [rtabmap]: rtabmap (320): Rate=1.00s, Limit=0.000s, Conversion=0.0005s, RTAB-Map=0.0653s, Maps update=0.0002s pub=0.0003s delay=0.2291s (local map=1, WM=1)
[INFO] [1772812126.218296261] [rtabmap]: rtabmap (321): Rate=1.00s, Limit=0.000s, Conversion=0.0003s, RTAB-Map=0.0654s, Maps update=0.0004s pub=0.0003s delay=0.2253s (local map=1, WM=1)
[INFO] [1772812127.326242153] [rtabmap]: rtabmap (322): Rate=1.00s, Limit=0.000s, Conversion=0.0005s, RTAB-Map=0.0704s, Maps update=0.0003s pub=0.0003s delay=0.2334s (local map=1, WM=1)
[INFO] [1772812128.314258015] [rtabmap]: rtabmap (323): Rate=1.00s, Limit=0.000s, Conversion=0.0004s, RTAB-Map=0.0594s, Maps update=0.0003s pub=0.0003s delay=0.2211s (local map=1, WM=1)
[INFO] [1772812129.426890001] [rtabmap]: rtabmap (324): Rate=1.00s, Limit=0.000s, Conversion=0.0005s, RTAB-Map=0.0678s, Maps update=0.0002s pub=0.0003s delay=0.2341s (local map=1, WM=1)
[INFO] [1772812130.430133722] [rtabmap]: rtabmap (325): Rate=1.00s, Limit=0.000s, Conversion=0.0003s, RTAB-Map=0.0662s, Maps update=0.0003s pub=0.0003s delay=0.2371s (local map=1, WM=1)
[INFO] [1772812131.424756228] [rtabmap]: rtabmap (326): Rate=1.00s, Limit=0.000s, Conversion=0.0004s, RTAB-Map=0.0695s, Maps update=0.0003s pub=0.0003s delay=0.2317s (local map=1, WM=1)
[INFO] [1772812132.516225767] [rtabmap]: rtabmap (327): Rate=1.00s, Limit=0.000s, Conversion=0.0003s, RTAB-Map=0.0597s, Maps update=0.0003s pub=0.0003s delay=0.2231s (local map=1, WM=1)
[INFO] [1772812133.615916987] [rtabmap]: rtabmap (328): Rate=1.00s, Limit=0.000s, Conversion=0.0005s, RTAB-Map=0.0627s, Maps update=0.0003s pub=0.0003s delay=0.2228s (local map=1, WM=1)
[INFO] [1772812134.721930904] [rtabmap]: rtabmap (329): Rate=1.00s, Limit=0.000s, Conversion=0.0004s, RTAB-Map=0.0631s, Maps update=0.0002s pub=0.0003s delay=0.2290s (local map=1, WM=1)
[INFO] [1772812135.734278737] [rtabmap]: rtabmap (330): Rate=1.00s, Limit=0.000s, Conversion=0.0004s, RTAB-Map=0.0741s, Maps update=0.0003s pub=0.0003s delay=0.2412s (local map=1, WM=1)
[INFO] [1772812136.732768298] [rtabmap]: rtabmap (331): Rate=1.00s, Limit=0.000s, Conversion=0.0003s, RTAB-Map=0.0648s, Maps update=0.0003s pub=0.0003s delay=0.2397s (local map=1, WM=1)
[INFO] [1772812137.826033520] [rtabmap]: rtabmap (332): Rate=1.00s, Limit=0.000s, Conversion=0.0003s, RTAB-Map=0.0708s, Maps update=0.0003s pub=0.0003s delay=0.2328s (local map=1, WM=1)
[INFO] [1772812138.923068482] [rtabmap]: rtabmap (333): Rate=1.00s, Limit=0.000s, Conversion=0.0006s, RTAB-Map=0.0648s, Maps update=0.0002s pub=0.0003s delay=0.2301s (local map=1, WM=1)
[INFO] [1772812139.921449559] [rtabmap]: rtabmap (334): Rate=1.00s, Limit=0.000s, Conversion=0.0005s, RTAB-Map=0.0622s, Maps update=0.0003s pub=0.0003s delay=0.2283s (local map=1, WM=1)
[INFO] [1772812141.030628713] [rtabmap]: rtabmap (335): Rate=1.00s, Limit=0.000s, Conversion=0.0005s, RTAB-Map=0.0662s, Maps update=0.0003s pub=0.0003s delay=0.2376s (local map=1, WM=1)
[INFO] [1772812142.029606100] [rtabmap]: rtabmap (336): Rate=1.00s, Limit=0.000s, Conversion=0.0003s, RTAB-Map=0.0707s, Maps update=0.0004s pub=0.0003s delay=0.2366s (local map=1, WM=1)
[INFO] [1772812143.148026203] [rtabmap]: rtabmap (337): Rate=1.00s, Limit=0.000s, Conversion=0.0016s, RTAB-Map=0.0790s, Maps update=0.0003s pub=0.0004s delay=0.2549s (local map=1, WM=1)
[INFO] [1772812144.135220627] [rtabmap]: rtabmap (338): Rate=1.00s, Limit=0.000s, Conversion=0.0004s, RTAB-Map=0.0744s, Maps update=0.0002s pub=0.0003s delay=0.2421s (local map=1, WM=1)
[INFO] [1772812145.236085010] [rtabmap]: rtabmap (339): Rate=1.00s, Limit=0.000s, Conversion=0.0006s, RTAB-Map=0.0699s, Maps update=0.0003s pub=0.0003s delay=0.2429s (local map=1, WM=1)
[INFO] [1772812146.324800688] [rtabmap]: rtabmap (340): Rate=1.00s, Limit=0.000s, Conversion=0.0004s, RTAB-Map=0.0633s, Maps update=0.0007s pub=0.0003s delay=0.2316s (local map=1, WM=1)
[INFO] [1772812147.443670696] [rtabmap]: rtabmap (341): Rate=1.00s, Limit=0.000s, Conversion=0.0005s, RTAB-Map=0.0756s, Maps update=0.0002s pub=0.0003s delay=0.2505s (local map=1, WM=1)
[INFO] [1772812148.522139756] [rtabmap]: rtabmap (342): Rate=1.00s, Limit=0.000s, Conversion=0.0004s, RTAB-Map=0.0668s, Maps update=0.0002s pub=0.0003s delay=0.2290s (local map=1, WM=1)
[INFO] [1772812149.638018454] [rtabmap]: rtabmap (343): Rate=1.00s, Limit=0.000s, Conversion=0.0005s, RTAB-Map=0.0700s, Maps update=0.0003s pub=0.0003s delay=0.2449s (local map=1, WM=1)
[INFO] [1772812150.618558039] [rtabmap]: rtabmap (344): Rate=1.00s, Limit=0.000s, Conversion=0.0004s, RTAB-Map=0.0630s, Maps update=0.0002s pub=0.0003s delay=0.2253s (local map=1, WM=1)
[INFO] [1772812151.737905121] [rtabmap]: rtabmap (345): Rate=1.00s, Limit=0.000s, Conversion=0.0005s, RTAB-Map=0.0732s, Maps update=0.0003s pub=0.0003s delay=0.2447s (local map=1, WM=1)
[INFO] [1772812152.844755261] [rtabmap]: rtabmap (346): Rate=1.00s, Limit=0.000s, Conversion=0.0003s, RTAB-Map=0.0813s, Maps update=0.0002s pub=0.0003s delay=0.2515s (local map=1, WM=1)
[INFO] [1772812153.919970793] [rtabmap]: rtabmap (347): Rate=1.00s, Limit=0.000s, Conversion=0.0003s, RTAB-Map=0.0688s, Maps update=0.0002s pub=0.0003s delay=0.2267s (local map=1, WM=1)
[INFO] [1772812155.037409324] [rtabmap]: rtabmap (348): Rate=1.00s, Limit=0.000s, Conversion=0.0003s, RTAB-Map=0.0733s, Maps update=0.0003s pub=0.0003s delay=0.2442s (local map=1, WM=1)
[INFO] [1772812156.127833769] [rtabmap]: rtabmap (349): Rate=1.00s, Limit=0.000s, Conversion=0.0005s, RTAB-Map=0.0620s, Maps update=0.0003s pub=0.0004s delay=0.2346s (local map=1, WM=1)
[INFO] [1772812157.231014590] [rtabmap]: rtabmap (350): Rate=1.00s, Limit=0.000s, Conversion=0.0005s, RTAB-Map=0.0743s, Maps update=0.0003s pub=0.0003s delay=0.2377s (local map=1, WM=1)
[INFO] [1772812158.332237578] [rtabmap]: rtabmap (351): Rate=1.00s, Limit=0.000s, Conversion=0.0005s, RTAB-Map=0.0737s, Maps update=0.0003s pub=0.0004s delay=0.2390s (local map=1, WM=1)
[INFO] [1772812159.313427268] [rtabmap]: rtabmap (352): Rate=1.00s, Limit=0.000s, Conversion=0.0004s, RTAB-Map=0.0594s, Maps update=0.0003s pub=0.0003s delay=0.2201s (local map=1, WM=1)
[INFO] [1772812160.432863249] [rtabmap]: rtabmap (353): Rate=1.00s, Limit=0.000s, Conversion=0.0004s, RTAB-Map=0.0733s, Maps update=0.0002s pub=0.0003s delay=0.2396s (local map=1, WM=1)
[INFO] [1772812161.425087234] [rtabmap]: rtabmap (354): Rate=1.00s, Limit=0.000s, Conversion=0.0006s, RTAB-Map=0.0643s, Maps update=0.0002s pub=0.0003s delay=0.2318s (local map=1, WM=1)
[INFO] [1772812162.520211949] [rtabmap]: rtabmap (355): Rate=1.00s, Limit=0.000s, Conversion=0.0004s, RTAB-Map=0.0646s, Maps update=0.0003s pub=0.0006s delay=0.2270s (local map=1, WM=1)
[INFO] [1772812163.516126727] [rtabmap]: rtabmap (356): Rate=1.00s, Limit=0.000s, Conversion=0.0006s, RTAB-Map=0.0624s, Maps update=0.0002s pub=0.0003s delay=0.2228s (local map=1, WM=1)
[INFO] [1772812164.526954664] [rtabmap]: rtabmap (357): Rate=1.00s, Limit=0.000s, Conversion=0.0005s, RTAB-Map=0.0743s, Maps update=0.0002s pub=0.0003s delay=0.2336s (local map=1, WM=1)
[INFO] [1772812165.621150000] [rtabmap]: rtabmap (358): Rate=1.00s, Limit=0.000s, Conversion=0.0006s, RTAB-Map=0.0662s, Maps update=0.0002s pub=0.0003s delay=0.2279s (local map=1, WM=1)
[INFO] [1772812166.626965144] [rtabmap]: rtabmap (359): Rate=1.00s, Limit=0.000s, Conversion=0.0005s, RTAB-Map=0.0661s, Maps update=0.0002s pub=0.0003s delay=0.2337s (local map=1, WM=1)
[INFO] [1772812167.729403761] [rtabmap]: rtabmap (360): Rate=1.00s, Limit=0.000s, Conversion=0.0008s, RTAB-Map=0.0717s, Maps update=0.0003s pub=0.0003s delay=0.2362s (local map=1, WM=1)
[INFO] [1772812168.718629267] [rtabmap]: rtabmap (361): Rate=1.00s, Limit=0.000s, Conversion=0.0006s, RTAB-Map=0.0671s, Maps update=0.0004s pub=0.0003s delay=0.2253s (local map=1, WM=1)
[INFO] [1772812169.718660773] [rtabmap]: rtabmap (362): Rate=1.00s, Limit=0.000s, Conversion=0.0004s, RTAB-Map=0.0617s, Maps update=0.0008s pub=0.0005s delay=0.2253s (local map=1, WM=1)
[INFO] [1772812170.826672268] [rtabmap]: rtabmap (363): Rate=1.00s, Limit=0.000s, Conversion=0.0009s, RTAB-Map=0.0680s, Maps update=0.0004s pub=0.0004s delay=0.2333s (local map=1, WM=1)
[INFO] [1772812171.826488406] [rtabmap]: rtabmap (364): Rate=1.00s, Limit=0.000s, Conversion=0.0003s, RTAB-Map=0.0677s, Maps update=0.0003s pub=0.0003s delay=0.2331s (local map=1, WM=1)
[INFO] [1772812172.918810618] [rtabmap]: rtabmap (365): Rate=1.00s, Limit=0.000s, Conversion=0.0003s, RTAB-Map=0.0672s, Maps update=0.0002s pub=0.0003s delay=0.2254s (local map=1, WM=1)
[INFO] [1772812173.932778414] [rtabmap]: rtabmap (366): Rate=1.00s, Limit=0.000s, Conversion=0.0004s, RTAB-Map=0.0701s, Maps update=0.0004s pub=0.0004s delay=0.2393s (local map=1, WM=1)
[INFO] [1772812175.027940827] [rtabmap]: rtabmap (367): Rate=1.00s, Limit=0.000s, Conversion=0.0005s, RTAB-Map=0.0660s, Maps update=0.0002s pub=0.0003s delay=0.2346s (local map=1, WM=1)
[INFO] [1772812176.026018212] [rtabmap]: rtabmap (368): Rate=1.00s, Limit=0.000s, Conversion=0.0007s, RTAB-Map=0.0677s, Maps update=0.0002s pub=0.0003s delay=0.2327s (local map=1, WM=1)
[INFO] [1772812177.037173713] [rtabmap]: rtabmap (369): Rate=1.00s, Limit=0.000s, Conversion=0.0107s, RTAB-Map=0.0692s, Maps update=0.0002s pub=0.0003s delay=0.2438s (local map=1, WM=1)
[INFO] [1772812178.027202481] [rtabmap]: rtabmap (370): Rate=1.00s, Limit=0.000s, Conversion=0.0005s, RTAB-Map=0.0680s, Maps update=0.0003s pub=0.0003s delay=0.2337s (local map=1, WM=1)
[INFO] [1772812179.017391415] [rtabmap]: rtabmap (371): Rate=1.00s, Limit=0.000s, Conversion=0.0003s, RTAB-Map=0.0652s, Maps update=0.0005s pub=0.0004s delay=0.2237s (local map=1, WM=1)
[INFO] [1772812180.127349510] [rtabmap]: rtabmap (372): Rate=1.00s, Limit=0.000s, Conversion=0.0005s, RTAB-Map=0.0681s, Maps update=0.0003s pub=0.0003s delay=0.2339s (local map=1, WM=1)
[INFO] [1772812181.218367578] [rtabmap]: rtabmap (373): Rate=1.00s, Limit=0.000s, Conversion=0.0005s, RTAB-Map=0.0635s, Maps update=0.0002s pub=0.0003s delay=0.2249s (local map=1, WM=1)
[INFO] [1772812182.335389101] [rtabmap]: rtabmap (374): Rate=1.00s, Limit=0.000s, Conversion=0.0005s, RTAB-Map=0.0703s, Maps update=0.0003s pub=0.0003s delay=0.2420s (local map=1, WM=1)
[INFO] [1772812183.323987033] [rtabmap]: rtabmap (375): Rate=1.00s, Limit=0.000s, Conversion=0.0004s, RTAB-Map=0.0684s, Maps update=0.0002s pub=0.0003s delay=0.2304s (local map=1, WM=1)
[INFO] [1772812184.432761692] [rtabmap]: rtabmap (376): Rate=1.00s, Limit=0.000s, Conversion=0.0003s, RTAB-Map=0.0703s, Maps update=0.0003s pub=0.0003s delay=0.2393s (local map=1, WM=1)
[INFO] [1772812185.420921271] [rtabmap]: rtabmap (377): Rate=1.00s, Limit=0.000s, Conversion=0.0005s, RTAB-Map=0.0624s, Maps update=0.0002s pub=0.0006s delay=0.2272s (local map=1, WM=1)
[INFO] [1772812186.523115751] [rtabmap]: rtabmap (378): Rate=1.00s, Limit=0.000s, Conversion=0.0003s, RTAB-Map=0.0669s, Maps update=0.0002s pub=0.0003s delay=0.2296s (local map=1, WM=1)
[INFO] [1772812187.534975470] [rtabmap]: rtabmap (379): Rate=1.00s, Limit=0.000s, Conversion=0.0019s, RTAB-Map=0.0712s, Maps update=0.0002s pub=0.0003s delay=0.2414s (local map=1, WM=1)
[INFO] [1772812188.626045763] [rtabmap]: rtabmap (380): Rate=1.00s, Limit=0.000s, Conversion=0.0005s, RTAB-Map=0.0655s, Maps update=0.0002s pub=0.0003s delay=0.2324s (local map=1, WM=1)
[INFO] [1772812189.719831165] [rtabmap]: rtabmap (381): Rate=1.00s, Limit=0.000s, Conversion=0.0006s, RTAB-Map=0.0648s, Maps update=0.0002s pub=0.0003s delay=0.2264s (local map=1, WM=1)
[INFO] [1772812190.726682891] [rtabmap]: rtabmap (382): Rate=1.00s, Limit=0.000s, Conversion=0.0005s, RTAB-Map=0.0689s, Maps update=0.0003s pub=0.0003s delay=0.2332s (local map=1, WM=1)
[INFO] [1772812191.730878230] [rtabmap]: rtabmap (383): Rate=1.00s, Limit=0.000s, Conversion=0.0005s, RTAB-Map=0.0711s, Maps update=0.0003s pub=0.0003s delay=0.2373s (local map=1, WM=1)
[INFO] [1772812192.832007967] [rtabmap]: rtabmap (384): Rate=1.00s, Limit=0.000s, Conversion=0.0003s, RTAB-Map=0.0641s, Maps update=0.0003s pub=0.0003s delay=0.2386s (local map=1, WM=1)
[INFO] [1772812193.824914282] [rtabmap]: rtabmap (385): Rate=1.00s, Limit=0.000s, Conversion=0.0006s, RTAB-Map=0.0703s, Maps update=0.0003s pub=0.0003s delay=0.2310s (local map=1, WM=1)
[INFO] [1772812194.922264615] [rtabmap]: rtabmap (386): Rate=1.00s, Limit=0.000s, Conversion=0.0008s, RTAB-Map=0.0671s, Maps update=0.0002s pub=0.0003s delay=0.2287s (local map=1, WM=1)
[INFO] [1772812195.927738402] [rtabmap]: rtabmap (387): Rate=1.00s, Limit=0.000s, Conversion=0.0003s, RTAB-Map=0.0686s, Maps update=0.0002s pub=0.0003s delay=0.2341s (local map=1, WM=1)
[INFO] [1772812197.040726113] [rtabmap]: rtabmap (388): Rate=1.00s, Limit=0.000s, Conversion=0.0005s, RTAB-Map=0.0723s, Maps update=0.0003s pub=0.0004s delay=0.2470s (local map=1, WM=1)
[INFO] [1772812198.131592046] [rtabmap]: rtabmap (389): Rate=1.00s, Limit=0.000s, Conversion=0.0007s, RTAB-Map=0.0660s, Maps update=0.0002s pub=0.0003s delay=0.2381s (local map=1, WM=1)
[INFO] [1772812199.111835205] [rtabmap]: rtabmap (390): Rate=1.00s, Limit=0.000s, Conversion=0.0004s, RTAB-Map=0.0606s, Maps update=0.0002s pub=0.0003s delay=0.2183s (local map=1, WM=1)
[INFO] [1772812200.133567096] [rtabmap]: rtabmap (391): Rate=1.00s, Limit=0.000s, Conversion=0.0005s, RTAB-Map=0.0660s, Maps update=0.0003s pub=0.0003s delay=0.2398s (local map=1, WM=1)
[INFO] [1772812201.220110822] [rtabmap]: rtabmap (392): Rate=1.00s, Limit=0.000s, Conversion=0.0003s, RTAB-Map=0.0671s, Maps update=0.0002s pub=0.0003s delay=0.2264s (local map=1, WM=1)
[INFO] [1772812202.330915573] [rtabmap]: rtabmap (393): Rate=1.00s, Limit=0.000s, Conversion=0.0003s, RTAB-Map=0.0664s, Maps update=0.0002s pub=0.0003s delay=0.2374s (local map=1, WM=1)
[INFO] [1772812203.322760152] [rtabmap]: rtabmap (394): Rate=1.00s, Limit=0.000s, Conversion=0.0011s, RTAB-Map=0.0636s, Maps update=0.0002s pub=0.0003s delay=0.2291s (local map=1, WM=1)
[INFO] [1772812204.327810147] [rtabmap]: rtabmap (395): Rate=1.00s, Limit=0.000s, Conversion=0.0005s, RTAB-Map=0.0670s, Maps update=0.0002s pub=0.0003s delay=0.2341s (local map=1, WM=1)
[INFO] [1772812205.419630548] [rtabmap]: rtabmap (396): Rate=1.00s, Limit=0.000s, Conversion=0.0006s, RTAB-Map=0.0628s, Maps update=0.0002s pub=0.0003s delay=0.2259s (local map=1, WM=1)
[INFO] [1772812206.423045091] [rtabmap]: rtabmap (397): Rate=1.00s, Limit=0.000s, Conversion=0.0003s, RTAB-Map=0.0680s, Maps update=0.0008s pub=0.0003s delay=0.2293s (local map=1, WM=1)
[INFO] [1772812207.530025988] [rtabmap]: rtabmap (398): Rate=1.00s, Limit=0.000s, Conversion=0.0003s, RTAB-Map=0.0631s, Maps update=0.0002s pub=0.0003s delay=0.2372s (local map=1, WM=1)
[INFO] [1772812208.525505101] [rtabmap]: rtabmap (399): Rate=1.00s, Limit=0.000s, Conversion=0.0005s, RTAB-Map=0.0664s, Maps update=0.0003s pub=0.0003s delay=0.2320s (local map=1, WM=1)
[INFO] [1772812209.519571011] [rtabmap]: rtabmap (400): Rate=1.00s, Limit=0.000s, Conversion=0.0003s, RTAB-Map=0.0645s, Maps update=0.0002s pub=0.0003s delay=0.2258s (local map=1, WM=1)
[INFO] [1772812210.616625909] [rtabmap]: rtabmap (401): Rate=1.00s, Limit=0.000s, Conversion=0.0004s, RTAB-Map=0.0608s, Maps update=0.0003s pub=0.0003s delay=0.2230s (local map=1, WM=1)
[INFO] [1772812211.634052489] [rtabmap]: rtabmap (402): Rate=1.00s, Limit=0.000s, Conversion=0.0003s, RTAB-Map=0.0723s, Maps update=0.0003s pub=0.0004s delay=0.2403s (local map=1, WM=1)
[INFO] [1772812212.731371013] [rtabmap]: rtabmap (403): Rate=1.00s, Limit=0.000s, Conversion=0.0003s, RTAB-Map=0.0751s, Maps update=0.0004s pub=0.0007s delay=0.2383s (local map=1, WM=1)
[INFO] [1772812213.723335501] [rtabmap]: rtabmap (404): Rate=1.00s, Limit=0.000s, Conversion=0.0004s, RTAB-Map=0.0669s, Maps update=0.0002s pub=0.0003s delay=0.2298s (local map=1, WM=1)
[INFO] [1772812214.735609219] [rtabmap]: rtabmap (405): Rate=1.00s, Limit=0.000s, Conversion=0.0003s, RTAB-Map=0.0723s, Maps update=0.0008s pub=0.0005s delay=0.2419s (local map=1, WM=1)
[INFO] [1772812215.826562932] [rtabmap]: rtabmap (406): Rate=1.00s, Limit=0.000s, Conversion=0.0003s, RTAB-Map=0.0728s, Maps update=0.0004s pub=0.0003s delay=0.2338s (local map=1, WM=1)
[INFO] [1772812216.829646039] [rtabmap]: rtabmap (407): Rate=1.00s, Limit=0.000s, Conversion=0.0003s, RTAB-Map=0.0683s, Maps update=0.0003s pub=0.0003s delay=0.2359s (local map=1, WM=1)
[INFO] [1772812217.926249176] [rtabmap]: rtabmap (408): Rate=1.00s, Limit=0.000s, Conversion=0.0005s, RTAB-Map=0.0659s, Maps update=0.0002s pub=0.0003s delay=0.2325s (local map=1, WM=1)
[INFO] [1772812219.010688536] [rtabmap]: rtabmap (409): Rate=1.00s, Limit=0.000s, Conversion=0.0006s, RTAB-Map=0.0603s, Maps update=0.0002s pub=0.0003s delay=0.2169s (local map=1, WM=1)
[INFO] [1772812220.127347615] [rtabmap]: rtabmap (410): Rate=1.00s, Limit=0.000s, Conversion=0.0003s, RTAB-Map=0.0671s, Maps update=0.0002s pub=0.0003s delay=0.2337s (local map=1, WM=1)
[INFO] [1772812221.132863387] [rtabmap]: rtabmap (411): Rate=1.00s, Limit=0.000s, Conversion=0.0003s, RTAB-Map=0.0754s, Maps update=0.0003s pub=0.0004s delay=0.2389s (local map=1, WM=1)
[INFO] [1772812222.224690157] [rtabmap]: rtabmap (412): Rate=1.00s, Limit=0.000s, Conversion=0.0003s, RTAB-Map=0.0743s, Maps update=0.0004s pub=0.0004s delay=0.2309s (local map=1, WM=1)
[INFO] [1772812223.325629710] [rtabmap]: rtabmap (413): Rate=1.00s, Limit=0.000s, Conversion=0.0004s, RTAB-Map=0.0653s, Maps update=0.0004s pub=0.0004s delay=0.2319s (local map=1, WM=1)
[INFO] [1772812224.428340914] [rtabmap]: rtabmap (414): Rate=1.00s, Limit=0.000s, Conversion=0.0009s, RTAB-Map=0.0683s, Maps update=0.0003s pub=0.0003s delay=0.2347s (local map=1, WM=1)
[INFO] [1772812225.429043196] [rtabmap]: rtabmap (415): Rate=1.00s, Limit=0.000s, Conversion=0.0003s, RTAB-Map=0.0735s, Maps update=0.0002s pub=0.0003s delay=0.2353s (local map=1, WM=1)
[INFO] [1772812226.439548305] [rtabmap]: rtabmap (416): Rate=1.00s, Limit=0.000s, Conversion=0.0003s, RTAB-Map=0.0704s, Maps update=0.0002s pub=0.0003s delay=0.2456s (local map=1, WM=1)
[INFO] [1772812227.514459985] [rtabmap]: rtabmap (417): Rate=1.00s, Limit=0.000s, Conversion=0.0004s, RTAB-Map=0.0631s, Maps update=0.0002s pub=0.0003s delay=0.2215s (local map=1, WM=1)
[INFO] [1772812228.620103169] [rtabmap]: rtabmap (418): Rate=1.00s, Limit=0.000s, Conversion=0.0004s, RTAB-Map=0.0676s, Maps update=0.0002s pub=0.0003s delay=0.2264s (local map=1, WM=1)
[INFO] [1772812229.620618692] [rtabmap]: rtabmap (419): Rate=1.00s, Limit=0.000s, Conversion=0.0003s, RTAB-Map=0.0670s, Maps update=0.0002s pub=0.0003s delay=0.2267s (local map=1, WM=1)
[INFO] [1772812230.720096528] [rtabmap]: rtabmap (420): Rate=1.00s, Limit=0.000s, Conversion=0.0004s, RTAB-Map=0.0659s, Maps update=0.0002s pub=0.0004s delay=0.2273s (local map=1, WM=1)
[INFO] [1772812231.718737294] [rtabmap]: rtabmap (421): Rate=1.00s, Limit=0.000s, Conversion=0.0006s, RTAB-Map=0.0652s, Maps update=0.0002s pub=0.0003s delay=0.2251s (local map=1, WM=1)
[INFO] [1772812232.727102132] [rtabmap]: rtabmap (422): Rate=1.00s, Limit=0.000s, Conversion=0.0003s, RTAB-Map=0.0643s, Maps update=0.0002s pub=0.0003s delay=0.2334s (local map=1, WM=1)
[INFO] [1772812233.720232455] [rtabmap]: rtabmap (423): Rate=1.00s, Limit=0.000s, Conversion=0.0003s, RTAB-Map=0.0677s, Maps update=0.0002s pub=0.0005s delay=0.2265s (local map=1, WM=1)
[INFO] [1772812234.825597036] [rtabmap]: rtabmap (424): Rate=1.00s, Limit=0.000s, Conversion=0.0005s, RTAB-Map=0.0729s, Maps update=0.0002s pub=0.0003s delay=0.2318s (local map=1, WM=1)
[INFO] [1772812235.927792508] [rtabmap]: rtabmap (425): Rate=1.00s, Limit=0.000s, Conversion=0.0005s, RTAB-Map=0.0722s, Maps update=0.0002s pub=0.0003s delay=0.2338s (local map=1, WM=1)
[INFO] [1772812237.043411005] [rtabmap]: rtabmap (426): Rate=1.00s, Limit=0.000s, Conversion=0.0003s, RTAB-Map=0.0763s, Maps update=0.0003s pub=0.0003s delay=0.2496s (local map=1, WM=1)
[INFO] [1772812238.017903775] [rtabmap]: rtabmap (427): Rate=1.00s, Limit=0.000s, Conversion=0.0006s, RTAB-Map=0.0605s, Maps update=0.0007s pub=0.0004s delay=0.2240s (local map=1, WM=1)
[INFO] [1772812239.037904882] [rtabmap]: rtabmap (428): Rate=1.00s, Limit=0.000s, Conversion=0.0007s, RTAB-Map=0.0745s, Maps update=0.0003s pub=0.0003s delay=0.2440s (local map=1, WM=1)
[INFO] [1772812240.113763478] [rtabmap]: rtabmap (429): Rate=1.00s, Limit=0.000s, Conversion=0.0003s, RTAB-Map=0.0635s, Maps update=0.0002s pub=0.0003s delay=0.2209s (local map=1, WM=1)
[INFO] [1772812241.128173403] [rtabmap]: rtabmap (430): Rate=1.00s, Limit=0.000s, Conversion=0.0005s, RTAB-Map=0.0688s, Maps update=0.0003s pub=0.0003s delay=0.2343s (local map=1, WM=1)
[INFO] [1772812242.228155289] [rtabmap]: rtabmap (431): Rate=1.00s, Limit=0.000s, Conversion=0.0003s, RTAB-Map=0.0691s, Maps update=0.0003s pub=0.0003s delay=0.2344s (local map=1, WM=1)
[INFO] [1772812243.227627830] [rtabmap]: rtabmap (432): Rate=1.00s, Limit=0.000s, Conversion=0.0004s, RTAB-Map=0.0695s, Maps update=0.0003s pub=0.0003s delay=0.2336s (local map=1, WM=1)
[INFO] [1772812244.225061896] [rtabmap]: rtabmap (433): Rate=1.00s, Limit=0.000s, Conversion=0.0006s, RTAB-Map=0.0671s, Maps update=0.0003s pub=0.0003s delay=0.2310s (local map=1, WM=1)
[INFO] [1772812245.221594008] [rtabmap]: rtabmap (434): Rate=1.00s, Limit=0.000s, Conversion=0.0004s, RTAB-Map=0.0633s, Maps update=0.0002s pub=0.0003s delay=0.2274s (local map=1, WM=1)
[INFO] [1772812246.340027328] [rtabmap]: rtabmap (435): Rate=1.00s, Limit=0.000s, Conversion=0.0105s, RTAB-Map=0.0715s, Maps update=0.0003s pub=0.0003s delay=0.2455s (local map=1, WM=1)
[INFO] [1772812247.427982467] [rtabmap]: rtabmap (436): Rate=1.00s, Limit=0.000s, Conversion=0.0006s, RTAB-Map=0.0700s, Maps update=0.0002s pub=0.0003s delay=0.2340s (local map=1, WM=1)
[INFO] [1772812248.427788940] [rtabmap]: rtabmap (437): Rate=1.00s, Limit=0.000s, Conversion=0.0017s, RTAB-Map=0.0712s, Maps update=0.0003s pub=0.0003s delay=0.2337s (local map=1, WM=1)
[INFO] [1772812249.514747209] [rtabmap]: rtabmap (438): Rate=1.00s, Limit=0.000s, Conversion=0.0009s, RTAB-Map=0.0615s, Maps update=0.0004s pub=0.0003s delay=0.2216s (local map=1, WM=1)
[INFO] [1772812250.528902501] [rtabmap]: rtabmap (439): Rate=1.00s, Limit=0.000s, Conversion=0.0005s, RTAB-Map=0.0726s, Maps update=0.0002s pub=0.0003s delay=0.2349s (local map=1, WM=1)
[INFO] [1772812251.624725322] [rtabmap]: rtabmap (440): Rate=1.00s, Limit=0.000s, Conversion=0.0006s, RTAB-Map=0.0691s, Maps update=0.0002s pub=0.0003s delay=0.2307s (local map=1, WM=1)
[INFO] [1772812252.733758326] [rtabmap]: rtabmap (441): Rate=1.00s, Limit=0.000s, Conversion=0.0005s, RTAB-Map=0.0728s, Maps update=0.0003s pub=0.0003s delay=0.2407s (local map=1, WM=1)
[INFO] [1772812253.716462856] [rtabmap]: rtabmap (442): Rate=1.00s, Limit=0.000s, Conversion=0.0005s, RTAB-Map=0.0636s, Maps update=0.0003s pub=0.0003s delay=0.2226s (local map=1, WM=1)
[INFO] [1772812254.824179908] [rtabmap]: rtabmap (443): Rate=1.00s, Limit=0.000s, Conversion=0.0006s, RTAB-Map=0.0681s, Maps update=0.0003s pub=0.0003s delay=0.2303s (local map=1, WM=1)
[INFO] [1772812255.921613957] [rtabmap]: rtabmap (444): Rate=1.00s, Limit=0.000s, Conversion=0.0005s, RTAB-Map=0.0697s, Maps update=0.0005s pub=0.0003s delay=0.2277s (local map=1, WM=1)
[INFO] [1772812257.027580064] [rtabmap]: rtabmap (445): Rate=1.00s, Limit=0.000s, Conversion=0.0005s, RTAB-Map=0.0661s, Maps update=0.0003s pub=0.0003s delay=0.2344s (local map=1, WM=1)
[INFO] [1772812258.034732601] [rtabmap]: rtabmap (446): Rate=1.00s, Limit=0.000s, Conversion=0.0003s, RTAB-Map=0.0635s, Maps update=0.0002s pub=0.0003s delay=0.2415s (local map=1, WM=1)
[INFO] [1772812259.126588267] [rtabmap]: rtabmap (447): Rate=1.00s, Limit=0.000s, Conversion=0.0003s, RTAB-Map=0.0698s, Maps update=0.0003s pub=0.0006s delay=0.2336s (local map=1, WM=1)
[INFO] [1772812260.119161609] [rtabmap]: rtabmap (448): Rate=1.00s, Limit=0.000s, Conversion=0.0005s, RTAB-Map=0.0659s, Maps update=0.0002s pub=0.0003s delay=0.2250s (local map=1, WM=1)
[INFO] [1772812261.236178621] [rtabmap]: rtabmap (449): Rate=1.00s, Limit=0.000s, Conversion=0.0003s, RTAB-Map=0.0670s, Maps update=0.0002s pub=0.0003s delay=0.2421s (local map=1, WM=1)
[INFO] [1772812262.262547324] [rtabmap]: rtabmap (450): Rate=1.00s, Limit=0.000s, Conversion=0.0005s, RTAB-Map=0.1060s, Maps update=0.0004s pub=0.0004s delay=0.2685s (local map=1, WM=1)
[INFO] [1772812263.379771671] [rtabmap]: rtabmap (451): Rate=1.00s, Limit=0.000s, Conversion=0.0017s, RTAB-Map=0.0906s, Maps update=0.0004s pub=0.0005s delay=0.2867s (local map=1, WM=1)
[INFO] [1772812264.428045983] [rtabmap]: rtabmap (452): Rate=1.00s, Limit=0.000s, Conversion=0.0003s, RTAB-Map=0.1344s, Maps update=0.0002s pub=0.0003s delay=0.3349s (local map=1, WM=1)
[INFO] [1772812265.419028387] [rtabmap]: rtabmap (453): Rate=1.00s, Limit=0.000s, Conversion=0.0005s, RTAB-Map=0.0631s, Maps update=0.0003s pub=0.0003s delay=0.2250s (local map=1, WM=1)
[INFO] [1772812266.526849859] [rtabmap]: rtabmap (454): Rate=1.00s, Limit=0.000s, Conversion=0.0003s, RTAB-Map=0.0706s, Maps update=0.0002s pub=0.0003s delay=0.2336s (local map=1, WM=1)
[INFO] [1772812267.527457898] [rtabmap]: rtabmap (455): Rate=1.00s, Limit=0.000s, Conversion=0.0004s, RTAB-Map=0.0700s, Maps update=0.0003s pub=0.0006s delay=0.2342s (local map=1, WM=1)
[INFO] [1772812268.634038108] [rtabmap]: rtabmap (456): Rate=1.00s, Limit=0.000s, Conversion=0.0005s, RTAB-Map=0.0741s, Maps update=0.0003s pub=0.0003s delay=0.2413s (local map=1, WM=1)
[INFO] [1772812269.632820480] [rtabmap]: rtabmap (457): Rate=1.00s, Limit=0.000s, Conversion=0.0005s, RTAB-Map=0.0678s, Maps update=0.0005s pub=0.0003s delay=0.2386s (local map=1, WM=1)
[INFO] [1772812270.728100336] [rtabmap]: rtabmap (458): Rate=1.00s, Limit=0.000s, Conversion=0.0004s, RTAB-Map=0.0718s, Maps update=0.0003s pub=0.0003s delay=0.2339s (local map=1, WM=1)
[INFO] [1772812271.819279530] [rtabmap]: rtabmap (459): Rate=1.00s, Limit=0.000s, Conversion=0.0004s, RTAB-Map=0.0647s, Maps update=0.0002s pub=0.0006s delay=0.2252s (local map=1, WM=1)
[INFO] [1772812272.929825870] [rtabmap]: rtabmap (460): Rate=1.00s, Limit=0.000s, Conversion=0.0004s, RTAB-Map=0.0670s, Maps update=0.0006s pub=0.0003s delay=0.2367s (local map=1, WM=1)
[INFO] [1772812273.927393989] [rtabmap]: rtabmap (461): Rate=1.00s, Limit=0.000s, Conversion=0.0006s, RTAB-Map=0.0703s, Maps update=0.0003s pub=0.0003s delay=0.2343s (local map=1, WM=1)
[INFO] [1772812275.053687440] [rtabmap]: rtabmap (462): Rate=1.00s, Limit=0.000s, Conversion=0.0006s, RTAB-Map=0.0789s, Maps update=0.0004s pub=0.0003s delay=0.2605s (local map=1, WM=1)
[INFO] [1772812276.145042799] [rtabmap]: rtabmap (463): Rate=1.00s, Limit=0.000s, Conversion=0.0003s, RTAB-Map=0.0837s, Maps update=0.0005s pub=0.0003s delay=0.2523s (local map=1, WM=1)
[INFO] [1772812277.132617269] [rtabmap]: rtabmap (464): Rate=1.00s, Limit=0.000s, Conversion=0.0006s, RTAB-Map=0.0781s, Maps update=0.0005s pub=0.0003s delay=0.2393s (local map=1, WM=1)
[INFO] [1772812278.249627272] [rtabmap]: rtabmap (465): Rate=1.00s, Limit=0.000s, Conversion=0.0105s, RTAB-Map=0.0707s, Maps update=0.0004s pub=0.0003s delay=0.2554s (local map=1, WM=1)
[INFO] [1772812279.333343726] [rtabmap]: rtabmap (466): Rate=1.00s, Limit=0.000s, Conversion=0.0007s, RTAB-Map=0.0697s, Maps update=0.0003s pub=0.0003s delay=0.2406s (local map=1, WM=1)
[INFO] [1772812280.323898018] [rtabmap]: rtabmap (467): Rate=1.00s, Limit=0.000s, Conversion=0.0005s, RTAB-Map=0.0707s, Maps update=0.0002s pub=0.0003s delay=0.2306s (local map=1, WM=1)
[INFO] [1772812281.424666237] [rtabmap]: rtabmap (468): Rate=1.00s, Limit=0.000s, Conversion=0.0004s, RTAB-Map=0.0649s, Maps update=0.0002s pub=0.0003s delay=0.2315s (local map=1, WM=1)
[INFO] [1772812282.517961828] [rtabmap]: rtabmap (469): Rate=1.00s, Limit=0.000s, Conversion=0.0004s, RTAB-Map=0.0663s, Maps update=0.0003s pub=0.0003s delay=0.2250s (local map=1, WM=1)
[INFO] [1772812283.527888228] [rtabmap]: rtabmap (470): Rate=1.00s, Limit=0.000s, Conversion=0.0005s, RTAB-Map=0.0696s, Maps update=0.0002s pub=0.0003s delay=0.2347s (local map=1, WM=1)
[INFO] [1772812284.638420968] [rtabmap]: rtabmap (471): Rate=1.00s, Limit=0.000s, Conversion=0.0003s, RTAB-Map=0.0816s, Maps update=0.0007s pub=0.0003s delay=0.2452s (local map=1, WM=1)
[INFO] [1772812285.852528223] [rtabmap]: rtabmap (472): Rate=1.00s, Limit=0.000s, Conversion=0.0003s, RTAB-Map=0.1444s, Maps update=0.0003s pub=0.0004s delay=0.3591s (local map=1, WM=1)
[INFO] [1772812286.922075545] [rtabmap]: rtabmap (473): Rate=1.00s, Limit=0.000s, Conversion=0.0003s, RTAB-Map=0.1442s, Maps update=0.0003s pub=0.0006s delay=0.3286s (local map=1, WM=1)
[INFO] [1772812288.039084044] [rtabmap]: rtabmap (474): Rate=1.00s, Limit=0.000s, Conversion=0.0040s, RTAB-Map=0.1087s, Maps update=0.0002s pub=0.0003s delay=0.3458s (local map=1, WM=1)
[INFO] [1772812289.023042572] [rtabmap]: rtabmap (475): Rate=1.00s, Limit=0.000s, Conversion=0.0003s, RTAB-Map=0.1316s, Maps update=0.0004s pub=0.0003s delay=0.3297s (local map=1, WM=1)
[INFO] [1772812290.121918370] [rtabmap]: rtabmap (476): Rate=1.00s, Limit=0.000s, Conversion=0.0005s, RTAB-Map=0.1194s, Maps update=0.0005s pub=0.0003s delay=0.3286s (local map=1, WM=1)
[INFO] [1772812291.172875085] [rtabmap]: rtabmap (477): Rate=1.00s, Limit=0.000s, Conversion=0.0010s, RTAB-Map=0.0945s, Maps update=0.0015s pub=0.0010s delay=0.2799s (local map=1, WM=1)
[INFO] [1772812292.205963908] [rtabmap]: rtabmap (478): Rate=1.00s, Limit=0.000s, Conversion=0.0003s, RTAB-Map=0.0878s, Maps update=0.0002s pub=0.0003s delay=0.3128s (local map=1, WM=1)
[INFO] [1772812293.157300623] [rtabmap]: rtabmap (479): Rate=1.00s, Limit=0.000s, Conversion=0.0010s, RTAB-Map=0.0864s, Maps update=0.0003s pub=0.0004s delay=0.2638s (local map=1, WM=1)
[INFO] [1772812294.228690317] [rtabmap]: rtabmap (480): Rate=1.00s, Limit=0.000s, Conversion=0.0003s, RTAB-Map=0.0656s, Maps update=0.0003s pub=0.0007s delay=0.2358s (local map=1, WM=1)
[INFO] [1772812295.215964615] [rtabmap]: rtabmap (481): Rate=1.00s, Limit=0.000s, Conversion=0.0005s, RTAB-Map=0.0594s, Maps update=0.0003s pub=0.0006s delay=0.2228s (local map=1, WM=1)
[INFO] [1772812296.334467890] [rtabmap]: rtabmap (482): Rate=1.00s, Limit=0.000s, Conversion=0.0006s, RTAB-Map=0.0735s, Maps update=0.0003s pub=0.0003s delay=0.2416s (local map=1, WM=1)
[INFO] [1772812297.430590050] [rtabmap]: rtabmap (483): Rate=1.00s, Limit=0.000s, Conversion=0.0003s, RTAB-Map=0.0727s, Maps update=0.0002s pub=0.0003s delay=0.2370s (local map=1, WM=1)
[INFO] [1772812298.520397960] [rtabmap]: rtabmap (484): Rate=1.00s, Limit=0.000s, Conversion=0.0003s, RTAB-Map=0.0605s, Maps update=0.0003s pub=0.0015s delay=0.2266s (local map=1, WM=1)
[INFO] [1772812299.654121733] [rtabmap]: rtabmap (485): Rate=1.00s, Limit=0.000s, Conversion=0.0108s, RTAB-Map=0.0821s, Maps update=0.0003s pub=0.0003s delay=0.2615s (local map=1, WM=1)
[INFO] [1772812300.626215119] [rtabmap]: rtabmap (486): Rate=1.00s, Limit=0.000s, Conversion=0.0005s, RTAB-Map=0.0703s, Maps update=0.0003s pub=0.0003s delay=0.2333s (local map=1, WM=1)
[INFO] [1772812301.732640475] [rtabmap]: rtabmap (487): Rate=1.00s, Limit=0.000s, Conversion=0.0006s, RTAB-Map=0.0732s, Maps update=0.0002s pub=0.0003s delay=0.2399s (local map=1, WM=1)
[INFO] [1772812302.831388940] [rtabmap]: rtabmap (488): Rate=1.00s, Limit=0.000s, Conversion=0.0004s, RTAB-Map=0.0669s, Maps update=0.0003s pub=0.0003s delay=0.2385s (local map=1, WM=1)
[INFO] [1772812303.824299575] [rtabmap]: rtabmap (489): Rate=1.00s, Limit=0.000s, Conversion=0.0005s, RTAB-Map=0.0719s, Maps update=0.0003s pub=0.0003s delay=0.2314s (local map=1, WM=1)
[INFO] [1772812304.912060466] [rtabmap]: rtabmap (490): Rate=1.00s, Limit=0.000s, Conversion=0.0006s, RTAB-Map=0.0621s, Maps update=0.0002s pub=0.0003s delay=0.2192s (local map=1, WM=1)
[INFO] [1772812305.929799442] [rtabmap]: rtabmap (491): Rate=1.00s, Limit=0.000s, Conversion=0.0105s, RTAB-Map=0.0633s, Maps update=0.0002s pub=0.0003s delay=0.2370s (local map=1, WM=1)
[INFO] [1772812306.930454011] [rtabmap]: rtabmap (492): Rate=1.00s, Limit=0.000s, Conversion=0.0003s, RTAB-Map=0.0650s, Maps update=0.0002s pub=0.0003s delay=0.2375s (local map=1, WM=1)
[INFO] [1772812308.033128925] [rtabmap]: rtabmap (493): Rate=1.00s, Limit=0.000s, Conversion=0.0005s, RTAB-Map=0.0793s, Maps update=0.0004s pub=0.0004s delay=0.2404s (local map=1, WM=1)
[INFO] [1772812309.039864998] [rtabmap]: rtabmap (494): Rate=1.00s, Limit=0.000s, Conversion=0.0005s, RTAB-Map=0.0740s, Maps update=0.0002s pub=0.0003s delay=0.2470s (local map=1, WM=1)
[INFO] [1772812310.023528155] [rtabmap]: rtabmap (495): Rate=1.00s, Limit=0.000s, Conversion=0.0004s, RTAB-Map=0.0674s, Maps update=0.0002s pub=0.0004s delay=0.2304s (local map=1, WM=1)
[INFO] [1772812311.128076706] [rtabmap]: rtabmap (496): Rate=1.00s, Limit=0.000s, Conversion=0.0005s, RTAB-Map=0.0689s, Maps update=0.0004s pub=0.0003s delay=0.2347s (local map=1, WM=1)
[INFO] [1772812312.230351157] [rtabmap]: rtabmap (497): Rate=1.00s, Limit=0.000s, Conversion=0.0005s, RTAB-Map=0.0651s, Maps update=0.0003s pub=0.0003s delay=0.2373s (local map=1, WM=1)
[INFO] [1772812313.321713973] [rtabmap]: rtabmap (498): Rate=1.00s, Limit=0.000s, Conversion=0.0005s, RTAB-Map=0.0629s, Maps update=0.0003s pub=0.0003s delay=0.2287s (local map=1, WM=1)
[INFO] [1772812314.424858793] [rtabmap]: rtabmap (499): Rate=1.00s, Limit=0.000s, Conversion=0.0004s, RTAB-Map=0.0682s, Maps update=0.0003s pub=0.0004s delay=0.2314s (local map=1, WM=1)
[INFO] [1772812315.523752319] [rtabmap]: rtabmap (500): Rate=1.00s, Limit=0.000s, Conversion=0.0004s, RTAB-Map=0.0704s, Maps update=0.0002s pub=0.0003s delay=0.2310s (local map=1, WM=1)
[INFO] [1772812316.527766564] [rtabmap]: rtabmap (501): Rate=1.00s, Limit=0.000s, Conversion=0.0003s, RTAB-Map=0.0663s, Maps update=0.0002s pub=0.0003s delay=0.2349s (local map=1, WM=1)
[INFO] [1772812317.528476463] [rtabmap]: rtabmap (502): Rate=1.00s, Limit=0.000s, Conversion=0.0003s, RTAB-Map=0.0729s, Maps update=0.0003s pub=0.0003s delay=0.2355s (local map=1, WM=1)
[INFO] [1772812318.626599880] [rtabmap]: rtabmap (503): Rate=1.00s, Limit=0.000s, Conversion=0.0005s, RTAB-Map=0.0662s, Maps update=0.0002s pub=0.0003s delay=0.2338s (local map=1, WM=1)
[INFO] [1772812319.630983163] [rtabmap]: rtabmap (504): Rate=1.00s, Limit=0.000s, Conversion=0.0003s, RTAB-Map=0.0665s, Maps update=0.0003s pub=0.0003s delay=0.2382s (local map=1, WM=1)
[INFO] [1772812320.718567407] [rtabmap]: rtabmap (505): Rate=1.00s, Limit=0.000s, Conversion=0.0006s, RTAB-Map=0.0652s, Maps update=0.0003s pub=0.0003s delay=0.2257s (local map=1, WM=1)
[INFO] [1772812321.733011189] [rtabmap]: rtabmap (506): Rate=1.00s, Limit=0.000s, Conversion=0.0006s, RTAB-Map=0.0759s, Maps update=0.0002s pub=0.0003s delay=0.2401s (local map=1, WM=1)
[INFO] [1772812322.820928278] [rtabmap]: rtabmap (507): Rate=1.00s, Limit=0.000s, Conversion=0.0005s, RTAB-Map=0.0631s, Maps update=0.0002s pub=0.0003s delay=0.2280s (local map=1, WM=1)
[INFO] [1772812323.928043132] [rtabmap]: rtabmap (508): Rate=1.00s, Limit=0.000s, Conversion=0.0004s, RTAB-Map=0.0710s, Maps update=0.0002s pub=0.0003s delay=0.2351s (local map=1, WM=1)
[INFO] [1772812325.018718947] [rtabmap]: rtabmap (509): Rate=1.00s, Limit=0.000s, Conversion=0.0005s, RTAB-Map=0.0603s, Maps update=0.0002s pub=0.0003s delay=0.2259s (local map=1, WM=1)
[INFO] [1772812326.030745456] [rtabmap]: rtabmap (510): Rate=1.00s, Limit=0.000s, Conversion=0.0003s, RTAB-Map=0.0724s, Maps update=0.0002s pub=0.0003s delay=0.2379s (local map=1, WM=1)
[INFO] [1772812327.024218223] [rtabmap]: rtabmap (511): Rate=1.00s, Limit=0.000s, Conversion=0.0005s, RTAB-Map=0.0728s, Maps update=0.0002s pub=0.0003s delay=0.2313s (local map=1, WM=1)
[INFO] [1772812328.029947123] [rtabmap]: rtabmap (512): Rate=1.00s, Limit=0.000s, Conversion=0.0003s, RTAB-Map=0.0659s, Maps update=0.0003s pub=0.0003s delay=0.2370s (local map=1, WM=1)
[INFO] [1772812329.025564738] [rtabmap]: rtabmap (513): Rate=1.00s, Limit=0.000s, Conversion=0.0006s, RTAB-Map=0.0725s, Maps update=0.0003s pub=0.0003s delay=0.2326s (local map=1, WM=1)
[INFO] [1772812330.035752523] [rtabmap]: rtabmap (514): Rate=1.00s, Limit=0.000s, Conversion=0.0005s, RTAB-Map=0.0706s, Maps update=0.0002s pub=0.0003s delay=0.2428s (local map=1, WM=1)
[INFO] [1772812331.122698280] [rtabmap]: rtabmap (515): Rate=1.00s, Limit=0.000s, Conversion=0.0005s, RTAB-Map=0.0652s, Maps update=0.0002s pub=0.0005s delay=0.2298s (local map=1, WM=1)
[INFO] [1772812332.121928220] [rtabmap]: rtabmap (516): Rate=1.00s, Limit=0.000s, Conversion=0.0004s, RTAB-Map=0.0667s, Maps update=0.0002s pub=0.0003s delay=0.2290s (local map=1, WM=1)
[INFO] [1772812333.228297414] [rtabmap]: rtabmap (517): Rate=1.00s, Limit=0.000s, Conversion=0.0005s, RTAB-Map=0.0745s, Maps update=0.0002s pub=0.0003s delay=0.2353s (local map=1, WM=1)
[INFO] [1772812334.324438551] [rtabmap]: rtabmap (518): Rate=1.00s, Limit=0.000s, Conversion=0.0005s, RTAB-Map=0.0686s, Maps update=0.0003s pub=0.0003s delay=0.2314s (local map=1, WM=1)
[INFO] [1772812335.442526962] [rtabmap]: rtabmap (519): Rate=1.00s, Limit=0.000s, Conversion=0.0005s, RTAB-Map=0.0787s, Maps update=0.0025s pub=0.0017s delay=0.2495s (local map=2, WM=2)
[INFO] [1772812336.438859227] [rtabmap]: rtabmap (520): Rate=1.00s, Limit=0.000s, Conversion=0.0004s, RTAB-Map=0.0747s, Maps update=0.0021s pub=0.0054s delay=0.2458s (local map=3, WM=3)
[INFO] [1772812337.537948633] [rtabmap]: rtabmap (521): Rate=1.00s, Limit=0.000s, Conversion=0.0003s, RTAB-Map=0.0763s, Maps update=0.0018s pub=0.0026s delay=0.2449s (local map=4, WM=4)
[INFO] [1772812338.549828800] [rtabmap]: rtabmap (522): Rate=1.00s, Limit=0.000s, Conversion=0.0003s, RTAB-Map=0.0768s, Maps update=0.0019s pub=0.0029s delay=0.2567s (local map=5, WM=5)
[INFO] [1772812339.539040514] [rtabmap]: rtabmap (523): Rate=1.00s, Limit=0.000s, Conversion=0.0003s, RTAB-Map=0.0729s, Maps update=0.0019s pub=0.0023s delay=0.2459s (local map=6, WM=6)
[INFO] [1772812340.625484749] [rtabmap]: rtabmap (524): Rate=1.00s, Limit=0.000s, Conversion=0.0003s, RTAB-Map=0.0635s, Maps update=0.0018s pub=0.0026s delay=0.2326s (local map=7, WM=7)
[INFO] [1772812341.623171496] [rtabmap]: rtabmap (525): Rate=1.00s, Limit=0.000s, Conversion=0.0006s, RTAB-Map=0.0638s, Maps update=0.0033s pub=0.0043s delay=0.2302s (local map=8, WM=8)
[INFO] [1772812342.726650151] [rtabmap]: rtabmap (526): Rate=1.00s, Limit=0.000s, Conversion=0.0003s, RTAB-Map=0.0669s, Maps update=0.0026s pub=0.0027s delay=0.2336s (local map=9, WM=9)
[INFO] [1772812343.738436492] [rtabmap]: rtabmap (527): Rate=1.00s, Limit=0.000s, Conversion=0.0008s, RTAB-Map=0.0680s, Maps update=0.0017s pub=0.0031s delay=0.2454s (local map=10, WM=10)
[INFO] [1772812344.742312267] [rtabmap]: rtabmap (528): Rate=1.00s, Limit=0.000s, Conversion=0.0005s, RTAB-Map=0.0711s, Maps update=0.0021s pub=0.0028s delay=0.2492s (local map=11, WM=11)
[INFO] [1772812345.840353954] [rtabmap]: rtabmap (529): Rate=1.00s, Limit=0.000s, Conversion=0.0003s, RTAB-Map=0.0790s, Maps update=0.0018s pub=0.0034s delay=0.2473s (local map=12, WM=12)
[INFO] [1772812346.942767674] [rtabmap]: rtabmap (530): Rate=1.00s, Limit=0.000s, Conversion=0.0005s, RTAB-Map=0.0715s, Maps update=0.0019s pub=0.0025s delay=0.2497s (local map=13, WM=13)
[INFO] [1772812347.926772284] [rtabmap]: rtabmap (531): Rate=1.00s, Limit=0.000s, Conversion=0.0004s, RTAB-Map=0.0695s, Maps update=0.0003s pub=0.0045s delay=0.2335s (local map=14, WM=14)
[INFO] [1772812349.032474894] [rtabmap]: rtabmap (532): Rate=1.00s, Limit=0.000s, Conversion=0.0008s, RTAB-Map=0.0667s, Maps update=0.0020s pub=0.0027s delay=0.2394s (local map=15, WM=15)
[INFO] [1772812350.134569786] [rtabmap]: rtabmap (533): Rate=1.00s, Limit=0.000s, Conversion=0.0009s, RTAB-Map=0.0697s, Maps update=0.0021s pub=0.0031s delay=0.2414s (local map=16, WM=16)
[INFO] [1772812351.233041185] [rtabmap]: rtabmap (534): Rate=1.00s, Limit=0.000s, Conversion=0.0006s, RTAB-Map=0.0732s, Maps update=0.0003s pub=0.0010s delay=0.2398s (local map=16, WM=16)
[INFO] [1772812352.386859012] [rtabmap]: rtabmap (535): Rate=1.00s, Limit=0.000s, Conversion=0.0005s, RTAB-Map=0.1150s, Maps update=0.0004s pub=0.0021s delay=0.2936s (local map=16, WM=16)
[INFO] [1772812353.459916640] [rtabmap]: rtabmap (536): Rate=1.00s, Limit=0.000s, Conversion=0.0003s, RTAB-Map=0.0915s, Maps update=0.0004s pub=0.0024s delay=0.2669s (local map=16, WM=16)
[INFO] [1772812354.523200755] [rtabmap]: rtabmap (537): Rate=1.00s, Limit=0.000s, Conversion=0.0003s, RTAB-Map=0.1419s, Maps update=0.0004s pub=0.0018s delay=0.3300s (local map=16, WM=16)
[INFO] [1772812355.501414110] [rtabmap]: rtabmap (538): Rate=1.00s, Limit=0.000s, Conversion=0.0003s, RTAB-Map=0.0994s, Maps update=0.0022s pub=0.0067s delay=0.3073s (local map=16, WM=16)
[INFO] [1772812356.619394582] [rtabmap]: rtabmap (539): Rate=1.00s, Limit=0.000s, Conversion=0.0105s, RTAB-Map=0.0964s, Maps update=0.0003s pub=0.0038s delay=0.3262s (local map=16, WM=16)
[INFO] [1772812357.740370940] [rtabmap]: rtabmap (540): Rate=1.00s, Limit=0.000s, Conversion=0.0126s, RTAB-Map=0.1412s, Maps update=0.0004s pub=0.0014s delay=0.3471s (local map=16, WM=16)
[INFO] [1772812358.861169659] [rtabmap]: rtabmap (541): Rate=1.00s, Limit=0.000s, Conversion=0.0003s, RTAB-Map=0.1122s, Maps update=0.0004s pub=0.0013s delay=0.3680s (local map=16, WM=16)
[INFO] [1772812359.768560718] [rtabmap]: rtabmap (542): Rate=1.00s, Limit=0.000s, Conversion=0.0003s, RTAB-Map=0.1010s, Maps update=0.0003s pub=0.0031s delay=0.2687s (local map=16, WM=16)
[INFO] [1772812360.941767390] [rtabmap]: rtabmap (543): Rate=1.00s, Limit=0.000s, Conversion=0.0003s, RTAB-Map=0.0670s, Maps update=0.0003s pub=0.0048s delay=0.2485s (local map=16, WM=16)
[INFO] [1772812361.939878377] [rtabmap]: rtabmap (544): Rate=1.00s, Limit=0.000s, Conversion=0.0003s, RTAB-Map=0.0790s, Maps update=0.0003s pub=0.0011s delay=0.2466s (local map=16, WM=16)
[INFO] [1772812363.023651856] [rtabmap]: rtabmap (545): Rate=1.00s, Limit=0.000s, Conversion=0.0003s, RTAB-Map=0.0671s, Maps update=0.0004s pub=0.0012s delay=0.2304s (local map=16, WM=16)
[INFO] [1772812364.041506229] [rtabmap]: rtabmap (546): Rate=1.00s, Limit=0.000s, Conversion=0.0004s, RTAB-Map=0.0663s, Maps update=0.0004s pub=0.0037s delay=0.2482s (local map=16, WM=16)
[INFO] [1772812365.132871733] [rtabmap]: rtabmap (547): Rate=1.00s, Limit=0.000s, Conversion=0.0004s, RTAB-Map=0.0727s, Maps update=0.0004s pub=0.0009s delay=0.2396s (local map=16, WM=16)
[INFO] [1772812366.226975034] [rtabmap]: rtabmap (548): Rate=1.00s, Limit=0.000s, Conversion=0.0006s, RTAB-Map=0.0681s, Maps update=0.0003s pub=0.0011s delay=0.2338s (local map=16, WM=16)
[INFO] [1772812367.239329427] [rtabmap]: rtabmap (549): Rate=1.00s, Limit=0.000s, Conversion=0.0003s, RTAB-Map=0.0768s, Maps update=0.0003s pub=0.0011s delay=0.2461s (local map=16, WM=16)
[INFO] [1772812368.217851242] [rtabmap]: rtabmap (550): Rate=1.00s, Limit=0.000s, Conversion=0.0005s, RTAB-Map=0.0616s, Maps update=0.0003s pub=0.0015s delay=0.2245s (local map=16, WM=16)
[INFO] [1772812369.327056157] [rtabmap]: rtabmap (551): Rate=1.00s, Limit=0.000s, Conversion=0.0004s, RTAB-Map=0.0647s, Maps update=0.0003s pub=0.0010s delay=0.2338s (local map=16, WM=16)
[INFO] [1772812370.318634871] [rtabmap]: rtabmap (552): Rate=1.00s, Limit=0.000s, Conversion=0.0004s, RTAB-Map=0.0613s, Maps update=0.0004s pub=0.0015s delay=0.2254s (local map=16, WM=16)
[INFO] [1772812371.429616396] [rtabmap]: rtabmap (553): Rate=1.00s, Limit=0.000s, Conversion=0.0004s, RTAB-Map=0.0703s, Maps update=0.0004s pub=0.0014s delay=0.2364s (local map=16, WM=16)
[INFO] [1772812372.423533403] [rtabmap]: rtabmap (554): Rate=1.00s, Limit=0.000s, Conversion=0.0003s, RTAB-Map=0.0656s, Maps update=0.0003s pub=0.0010s delay=0.2303s (local map=16, WM=16)
[INFO] [1772812373.427778025] [rtabmap]: rtabmap (555): Rate=1.00s, Limit=0.000s, Conversion=0.0005s, RTAB-Map=0.0672s, Maps update=0.0006s pub=0.0012s delay=0.2344s (local map=16, WM=16)
[INFO] [1772812374.428221738] [rtabmap]: rtabmap (556): Rate=1.00s, Limit=0.000s, Conversion=0.0004s, RTAB-Map=0.0726s, Maps update=0.0003s pub=0.0011s delay=0.2349s (local map=16, WM=16)
[INFO] [1772812375.439457530] [rtabmap]: rtabmap (557): Rate=1.00s, Limit=0.000s, Conversion=0.0004s, RTAB-Map=0.0761s, Maps update=0.0003s pub=0.0012s delay=0.2460s (local map=16, WM=16)
[INFO] [1772812376.524701144] [rtabmap]: rtabmap (558): Rate=1.00s, Limit=0.000s, Conversion=0.0005s, RTAB-Map=0.0662s, Maps update=0.0003s pub=0.0009s delay=0.2313s (local map=16, WM=16)
[INFO] [1772812377.631018080] [rtabmap]: rtabmap (559): Rate=1.00s, Limit=0.000s, Conversion=0.0003s, RTAB-Map=0.0710s, Maps update=0.0003s pub=0.0015s delay=0.2377s (local map=16, WM=16)
[INFO] [1772812378.624886574] [rtabmap]: rtabmap (560): Rate=1.00s, Limit=0.000s, Conversion=0.0004s, RTAB-Map=0.0634s, Maps update=0.0009s pub=0.0010s delay=0.2316s (local map=16, WM=16)
[INFO] [1772812379.626576125] [rtabmap]: rtabmap (561): Rate=1.00s, Limit=0.000s, Conversion=0.0005s, RTAB-Map=0.0675s, Maps update=0.0004s pub=0.0012s delay=0.2332s (local map=16, WM=16)
[INFO] [1772812380.727755240] [rtabmap]: rtabmap (562): Rate=1.00s, Limit=0.000s, Conversion=0.0005s, RTAB-Map=0.0674s, Maps update=0.0004s pub=0.0013s delay=0.2343s (local map=16, WM=16)
[INFO] [1772812381.833195568] [rtabmap]: rtabmap (563): Rate=1.00s, Limit=0.000s, Conversion=0.0003s, RTAB-Map=0.0704s, Maps update=0.0003s pub=0.0008s delay=0.2398s (local map=16, WM=16)
[INFO] [1772812382.817741446] [rtabmap]: rtabmap (564): Rate=1.00s, Limit=0.000s, Conversion=0.0003s, RTAB-Map=0.0592s, Maps update=0.0003s pub=0.0013s delay=0.2243s (local map=16, WM=16)
[INFO] [1772812383.828174872] [rtabmap]: rtabmap (565): Rate=1.00s, Limit=0.000s, Conversion=0.0005s, RTAB-Map=0.0733s, Maps update=0.0004s pub=0.0014s delay=0.2347s (local map=16, WM=16)
[INFO] [1772812384.918685016] [rtabmap]: rtabmap (566): Rate=1.00s, Limit=0.000s, Conversion=0.0014s, RTAB-Map=0.0635s, Maps update=0.0003s pub=0.0007s delay=0.2250s (local map=16, WM=16)
[INFO] [1772812386.024610962] [rtabmap]: rtabmap (567): Rate=1.00s, Limit=0.000s, Conversion=0.0004s, RTAB-Map=0.0746s, Maps update=0.0006s pub=0.0012s delay=0.2312s (local map=16, WM=16)
[INFO] [1772812387.129858995] [rtabmap]: rtabmap (568): Rate=1.00s, Limit=0.000s, Conversion=0.0004s, RTAB-Map=0.0672s, Maps update=0.0003s pub=0.0009s delay=0.2363s (local map=16, WM=16)
[INFO] [1772812388.233506361] [rtabmap]: rtabmap (569): Rate=1.00s, Limit=0.000s, Conversion=0.0003s, RTAB-Map=0.0663s, Maps update=0.0003s pub=0.0011s delay=0.2401s (local map=16, WM=16)
[INFO] [1772812389.231966705] [rtabmap]: rtabmap (570): Rate=1.00s, Limit=0.000s, Conversion=0.0003s, RTAB-Map=0.0805s, Maps update=0.0003s pub=0.0014s delay=0.2384s (local map=16, WM=16)
[INFO] [1772812390.328942848] [rtabmap]: rtabmap (571): Rate=1.00s, Limit=0.000s, Conversion=0.0006s, RTAB-Map=0.0704s, Maps update=0.0003s pub=0.0008s delay=0.2355s (local map=16, WM=16)
[INFO] [1772812391.325776604] [rtabmap]: rtabmap (572): Rate=1.00s, Limit=0.000s, Conversion=0.0003s, RTAB-Map=0.0729s, Maps update=0.0003s pub=0.0010s delay=0.2323s (local map=16, WM=16)
[INFO] [1772812392.327011514] [rtabmap]: rtabmap (573): Rate=1.00s, Limit=0.000s, Conversion=0.0005s, RTAB-Map=0.0675s, Maps update=0.0004s pub=0.0009s delay=0.2335s (local map=16, WM=16)
[INFO] [1772812393.436154795] [rtabmap]: rtabmap (574): Rate=1.00s, Limit=0.000s, Conversion=0.0025s, RTAB-Map=0.0732s, Maps update=0.0003s pub=0.0009s delay=0.2428s (local map=16, WM=16)
[INFO] [1772812394.419002338] [rtabmap]: rtabmap (575): Rate=1.00s, Limit=0.000s, Conversion=0.0003s, RTAB-Map=0.0666s, Maps update=0.0003s pub=0.0009s delay=0.2255s (local map=16, WM=16)
[INFO] [1772812395.435114982] [rtabmap]: rtabmap (576): Rate=1.00s, Limit=0.000s, Conversion=0.0004s, RTAB-Map=0.0727s, Maps update=0.0003s pub=0.0012s delay=0.2415s (local map=16, WM=16)
[INFO] [1772812396.425452273] [rtabmap]: rtabmap (577): Rate=1.00s, Limit=0.000s, Conversion=0.0004s, RTAB-Map=0.0702s, Maps update=0.0004s pub=0.0008s delay=0.2319s (local map=16, WM=16)
[INFO] [1772812397.530117949] [rtabmap]: rtabmap (578): Rate=1.00s, Limit=0.000s, Conversion=0.0003s, RTAB-Map=0.0652s, Maps update=0.0003s pub=0.0011s delay=0.2366s (local map=16, WM=16)
[INFO] [1772812398.528034400] [rtabmap]: rtabmap (579): Rate=1.00s, Limit=0.000s, Conversion=0.0003s, RTAB-Map=0.0638s, Maps update=0.0003s pub=0.0009s delay=0.2342s (local map=16, WM=16)
[INFO] [1772812399.637676484] [rtabmap]: rtabmap (580): Rate=1.00s, Limit=0.000s, Conversion=0.0005s, RTAB-Map=0.0720s, Maps update=0.0004s pub=0.0010s delay=0.2439s (local map=16, WM=16)
[INFO] [1772812400.735869600] [rtabmap]: rtabmap (581): Rate=1.00s, Limit=0.000s, Conversion=0.0005s, RTAB-Map=0.0653s, Maps update=0.0005s pub=0.0008s delay=0.2423s (local map=16, WM=16)
[INFO] [1772812401.729458276] [rtabmap]: rtabmap (582): Rate=1.00s, Limit=0.000s, Conversion=0.0005s, RTAB-Map=0.0782s, Maps update=0.0003s pub=0.0010s delay=0.2359s (local map=16, WM=16)
[INFO] [1772812402.816396192] [rtabmap]: rtabmap (583): Rate=1.00s, Limit=0.000s, Conversion=0.0005s, RTAB-Map=0.0627s, Maps update=0.0003s pub=0.0008s delay=0.2227s (local map=16, WM=16)
[INFO] [1772812403.916934131] [rtabmap]: rtabmap (584): Rate=1.00s, Limit=0.000s, Conversion=0.0003s, RTAB-Map=0.0668s, Maps update=0.0003s pub=0.0011s delay=0.2232s (local map=16, WM=16)
[INFO] [1772812405.022038991] [rtabmap]: rtabmap (585): Rate=1.00s, Limit=0.000s, Conversion=0.0003s, RTAB-Map=0.0667s, Maps update=0.0003s pub=0.0010s delay=0.2284s (local map=16, WM=16)
[INFO] [1772812406.022332426] [rtabmap]: rtabmap (586): Rate=1.00s, Limit=0.000s, Conversion=0.0003s, RTAB-Map=0.0668s, Maps update=0.0003s pub=0.0015s delay=0.2287s (local map=16, WM=16)
[INFO] [1772812407.131908747] [rtabmap]: rtabmap (587): Rate=1.00s, Limit=0.000s, Conversion=0.0003s, RTAB-Map=0.0666s, Maps update=0.0003s pub=0.0009s delay=0.2382s (local map=16, WM=16)
[INFO] [1772812408.142995669] [rtabmap]: rtabmap (588): Rate=1.00s, Limit=0.000s, Conversion=0.0003s, RTAB-Map=0.0761s, Maps update=0.0005s pub=0.0011s delay=0.2492s (local map=16, WM=16)
[INFO] [1772812409.228021643] [rtabmap]: rtabmap (589): Rate=1.00s, Limit=0.000s, Conversion=0.0004s, RTAB-Map=0.0709s, Maps update=0.0003s pub=0.0011s delay=0.2344s (local map=16, WM=16)
[INFO] [1772812410.220465989] [rtabmap]: rtabmap (590): Rate=1.00s, Limit=0.000s, Conversion=0.0003s, RTAB-Map=0.0630s, Maps update=0.0006s pub=0.0019s delay=0.2268s (local map=16, WM=16)
[INFO] [1772812411.316363980] [rtabmap]: rtabmap (591): Rate=1.00s, Limit=0.000s, Conversion=0.0004s, RTAB-Map=0.0627s, Maps update=0.0003s pub=0.0013s delay=0.2229s (local map=16, WM=16)
[INFO] [1772812412.325323624] [rtabmap]: rtabmap (592): Rate=1.00s, Limit=0.000s, Conversion=0.0004s, RTAB-Map=0.0701s, Maps update=0.0003s pub=0.0010s delay=0.2317s (local map=16, WM=16)
[INFO] [1772812413.428371640] [rtabmap]: rtabmap (593): Rate=1.00s, Limit=0.000s, Conversion=0.0005s, RTAB-Map=0.0692s, Maps update=0.0003s pub=0.0015s delay=0.2348s (local map=16, WM=16)
[INFO] [1772812414.418937612] [rtabmap]: rtabmap (594): Rate=1.00s, Limit=0.000s, Conversion=0.0004s, RTAB-Map=0.0619s, Maps update=0.0003s pub=0.0010s delay=0.2252s (local map=16, WM=16)
[INFO] [1772812415.529931201] [rtabmap]: rtabmap (595): Rate=1.00s, Limit=0.000s, Conversion=0.0004s, RTAB-Map=0.0687s, Maps update=0.0003s pub=0.0008s delay=0.2363s (local map=16, WM=16)
[INFO] [1772812416.624237294] [rtabmap]: rtabmap (596): Rate=1.00s, Limit=0.000s, Conversion=0.0005s, RTAB-Map=0.0667s, Maps update=0.0003s pub=0.0011s delay=0.2305s (local map=16, WM=16)
[INFO] [1772812417.635167058] [rtabmap]: rtabmap (597): Rate=1.00s, Limit=0.000s, Conversion=0.0005s, RTAB-Map=0.0665s, Maps update=0.0004s pub=0.0009s delay=0.2414s (local map=16, WM=16)
[INFO] [1772812418.627052599] [rtabmap]: rtabmap (598): Rate=1.00s, Limit=0.000s, Conversion=0.0003s, RTAB-Map=0.0690s, Maps update=0.0003s pub=0.0010s delay=0.2332s (local map=16, WM=16)
[INFO] [1772812419.730656731] [rtabmap]: rtabmap (599): Rate=1.00s, Limit=0.000s, Conversion=0.0003s, RTAB-Map=0.0710s, Maps update=0.0003s pub=0.0015s delay=0.2371s (local map=16, WM=16)
[INFO] [1772812420.826262936] [rtabmap]: rtabmap (600): Rate=1.00s, Limit=0.000s, Conversion=0.0004s, RTAB-Map=0.0686s, Maps update=0.0003s pub=0.0011s delay=0.2325s (local map=16, WM=16)
[INFO] [1772812421.933104212] [rtabmap]: rtabmap (601): Rate=1.00s, Limit=0.000s, Conversion=0.0003s, RTAB-Map=0.0737s, Maps update=0.0003s pub=0.0011s delay=0.2396s (local map=16, WM=16)
[INFO] [1772812422.926397773] [rtabmap]: rtabmap (602): Rate=1.00s, Limit=0.000s, Conversion=0.0005s, RTAB-Map=0.0703s, Maps update=0.0004s pub=0.0008s delay=0.2327s (local map=16, WM=16)
[INFO] [1772812423.918700993] [rtabmap]: rtabmap (603): Rate=1.00s, Limit=0.000s, Conversion=0.0004s, RTAB-Map=0.0610s, Maps update=0.0004s pub=0.0016s delay=0.2250s (local map=16, WM=16)
[INFO] [1772812425.025955212] [rtabmap]: rtabmap (604): Rate=1.00s, Limit=0.000s, Conversion=0.0005s, RTAB-Map=0.0692s, Maps update=0.0003s pub=0.0009s delay=0.2323s (local map=16, WM=16)
[INFO] [1772812426.036087699] [rtabmap]: rtabmap (605): Rate=1.00s, Limit=0.000s, Conversion=0.0003s, RTAB-Map=0.0713s, Maps update=0.0006s pub=0.0012s delay=0.2422s (local map=16, WM=16)
[INFO] [1772812427.140601657] [rtabmap]: rtabmap (606): Rate=1.00s, Limit=0.000s, Conversion=0.0005s, RTAB-Map=0.0817s, Maps update=0.0003s pub=0.0008s delay=0.2471s (local map=16, WM=16)
[INFO] [1772812428.128554156] [rtabmap]: rtabmap (607): Rate=1.00s, Limit=0.000s, Conversion=0.0005s, RTAB-Map=0.0741s, Maps update=0.0004s pub=0.0014s delay=0.2348s (local map=16, WM=16)
[INFO] [1772812429.122285141] [rtabmap]: rtabmap (608): Rate=1.00s, Limit=0.000s, Conversion=0.0003s, RTAB-Map=0.0714s, Maps update=0.0003s pub=0.0011s delay=0.2284s (local map=16, WM=16)
[INFO] [1772812430.218209758] [rtabmap]: rtabmap (609): Rate=1.00s, Limit=0.000s, Conversion=0.0005s, RTAB-Map=0.0637s, Maps update=0.0005s pub=0.0010s delay=0.2254s (local map=16, WM=16)
[INFO] [1772812431.231484345] [rtabmap]: rtabmap (610): Rate=1.00s, Limit=0.000s, Conversion=0.0003s, RTAB-Map=0.0747s, Maps update=0.0003s pub=0.0012s delay=0.2378s (local map=16, WM=16)
[INFO] [1772812432.326458078] [rtabmap]: rtabmap (611): Rate=1.00s, Limit=0.000s, Conversion=0.0003s, RTAB-Map=0.0646s, Maps update=0.0004s pub=0.0013s delay=0.2327s (local map=16, WM=16)
[INFO] [1772812433.429814489] [rtabmap]: rtabmap (612): Rate=1.00s, Limit=0.000s, Conversion=0.0003s, RTAB-Map=0.0681s, Maps update=0.0004s pub=0.0008s delay=0.2359s (local map=16, WM=16)
[INFO] [1772812434.541240318] [rtabmap]: rtabmap (613): Rate=1.00s, Limit=0.000s, Conversion=0.0003s, RTAB-Map=0.0709s, Maps update=0.0003s pub=0.0008s delay=0.2476s (local map=16, WM=16)
[INFO] [1772812435.628473958] [rtabmap]: rtabmap (614): Rate=1.00s, Limit=0.000s, Conversion=0.0005s, RTAB-Map=0.0728s, Maps update=0.0003s pub=0.0010s delay=0.2347s (local map=16, WM=16)
[INFO] [1772812436.736817817] [rtabmap]: rtabmap (615): Rate=1.00s, Limit=0.000s, Conversion=0.0003s, RTAB-Map=0.0639s, Maps update=0.0006s pub=0.0017s delay=0.2432s (local map=16, WM=16)
[INFO] [1772812437.725652333] [rtabmap]: rtabmap (616): Rate=1.00s, Limit=0.000s, Conversion=0.0004s, RTAB-Map=0.0702s, Maps update=0.0003s pub=0.0011s delay=0.2320s (local map=16, WM=16)
[INFO] [1772812438.830721544] [rtabmap]: rtabmap (617): Rate=1.00s, Limit=0.000s, Conversion=0.0003s, RTAB-Map=0.0692s, Maps update=0.0003s pub=0.0008s delay=0.2378s (local map=16, WM=16)
[INFO] [1772812439.821309693] [rtabmap]: rtabmap (618): Rate=1.00s, Limit=0.000s, Conversion=0.0003s, RTAB-Map=0.0641s, Maps update=0.0003s pub=0.0010s delay=0.2276s (local map=16, WM=16)
[INFO] [1772812440.836104976] [rtabmap]: rtabmap (619): Rate=1.00s, Limit=0.000s, Conversion=0.0003s, RTAB-Map=0.0743s, Maps update=0.0004s pub=0.0012s delay=0.2423s (local map=16, WM=16)
[INFO] [1772812441.917612324] [rtabmap]: rtabmap (620): Rate=1.00s, Limit=0.000s, Conversion=0.0003s, RTAB-Map=0.0645s, Maps update=0.0005s pub=0.0014s delay=0.2246s (local map=16, WM=16)
[INFO] [1772812442.931168041] [rtabmap]: rtabmap (621): Rate=1.00s, Limit=0.000s, Conversion=0.0003s, RTAB-Map=0.0725s, Maps update=0.0003s pub=0.0014s delay=0.2373s (local map=16, WM=16)
[INFO] [1772812444.020804777] [rtabmap]: rtabmap (622): Rate=1.00s, Limit=0.000s, Conversion=0.0008s, RTAB-Map=0.0597s, Maps update=0.0003s pub=0.0007s delay=0.2271s (local map=16, WM=16)
[INFO] [1772812445.026482636] [rtabmap]: rtabmap (623): Rate=1.00s, Limit=0.000s, Conversion=0.0003s, RTAB-Map=0.0654s, Maps update=0.0003s pub=0.0019s delay=0.2327s (local map=16, WM=16)
[INFO] [1772812446.121574294] [rtabmap]: rtabmap (624): Rate=1.00s, Limit=0.000s, Conversion=0.0004s, RTAB-Map=0.0644s, Maps update=0.0004s pub=0.0016s delay=0.2277s (local map=16, WM=16)
[INFO] [1772812447.222464917] [rtabmap]: rtabmap (625): Rate=1.00s, Limit=0.000s, Conversion=0.0005s, RTAB-Map=0.0673s, Maps update=0.0003s pub=0.0010s delay=0.2287s (local map=16, WM=16)
[INFO] [1772812448.219161708] [rtabmap]: rtabmap (626): Rate=1.00s, Limit=0.000s, Conversion=0.0005s, RTAB-Map=0.0636s, Maps update=0.0004s pub=0.0013s delay=0.2253s (local map=16, WM=16)
[INFO] [1772812449.333848650] [rtabmap]: rtabmap (627): Rate=1.00s, Limit=0.000s, Conversion=0.0003s, RTAB-Map=0.0693s, Maps update=0.0003s pub=0.0007s delay=0.2408s (local map=16, WM=16)
[INFO] [1772812450.331868177] [rtabmap]: rtabmap (628): Rate=1.00s, Limit=0.000s, Conversion=0.0005s, RTAB-Map=0.0700s, Maps update=0.0003s pub=0.0010s delay=0.2381s (local map=16, WM=16)
[INFO] [1772812451.329925850] [rtabmap]: rtabmap (629): Rate=1.00s, Limit=0.000s, Conversion=0.0004s, RTAB-Map=0.0748s, Maps update=0.0003s pub=0.0008s delay=0.2361s (local map=16, WM=16)
[INFO] [1772812452.321498419] [rtabmap]: rtabmap (630): Rate=1.00s, Limit=0.000s, Conversion=0.0005s, RTAB-Map=0.0636s, Maps update=0.0003s pub=0.0009s delay=0.2276s (local map=16, WM=16)
[INFO] [1772812453.328949975] [rtabmap]: rtabmap (631): Rate=1.00s, Limit=0.000s, Conversion=0.0006s, RTAB-Map=0.0681s, Maps update=0.0003s pub=0.0008s delay=0.2350s (local map=16, WM=16)
[INFO] [1772812454.418134791] [rtabmap]: rtabmap (632): Rate=1.00s, Limit=0.000s, Conversion=0.0005s, RTAB-Map=0.0598s, Maps update=0.0003s pub=0.0007s delay=0.2252s (local map=16, WM=16)
[INFO] [1772812455.440805373] [rtabmap]: rtabmap (633): Rate=1.00s, Limit=0.000s, Conversion=0.0003s, RTAB-Map=0.0755s, Maps update=0.0003s pub=0.0012s delay=0.2468s (local map=16, WM=16)
[INFO] [1772812456.522876838] [rtabmap]: rtabmap (634): Rate=1.00s, Limit=0.000s, Conversion=0.0004s, RTAB-Map=0.0648s, Maps update=0.0003s pub=0.0009s delay=0.2298s (local map=16, WM=16)
[INFO] [1772812457.534291580] [rtabmap]: rtabmap (635): Rate=1.00s, Limit=0.000s, Conversion=0.0003s, RTAB-Map=0.0699s, Maps update=0.0003s pub=0.0010s delay=0.2403s (local map=16, WM=16)
[INFO] [1772812458.633427227] [rtabmap]: rtabmap (636): Rate=1.00s, Limit=0.000s, Conversion=0.0005s, RTAB-Map=0.0761s, Maps update=0.0003s pub=0.0015s delay=0.2402s (local map=16, WM=16)
[INFO] [1772812459.624624839] [rtabmap]: rtabmap (637): Rate=1.00s, Limit=0.000s, Conversion=0.0004s, RTAB-Map=0.0691s, Maps update=0.0010s pub=0.0014s delay=0.2307s (local map=16, WM=16)
[INFO] [1772812460.719977178] [rtabmap]: rtabmap (638): Rate=1.00s, Limit=0.000s, Conversion=0.0006s, RTAB-Map=0.0644s, Maps update=0.0003s pub=0.0007s delay=0.2270s (local map=16, WM=16)
[INFO] [1772812461.719383221] [rtabmap]: rtabmap (639): Rate=1.00s, Limit=0.000s, Conversion=0.0006s, RTAB-Map=0.0636s, Maps update=0.0003s pub=0.0015s delay=0.2254s (local map=16, WM=16)
[INFO] [1772812462.812408626] [rtabmap]: rtabmap (640): Rate=1.00s, Limit=0.000s, Conversion=0.0006s, RTAB-Map=0.0629s, Maps update=0.0003s pub=0.0008s delay=0.2184s (local map=16, WM=16)
[INFO] [1772812463.938843522] [rtabmap]: rtabmap (641): Rate=1.00s, Limit=0.000s, Conversion=0.0003s, RTAB-Map=0.0698s, Maps update=0.0003s pub=0.0007s delay=0.2458s (local map=16, WM=16)
[INFO] [1772812464.927064767] [rtabmap]: rtabmap (642): Rate=1.00s, Limit=0.000s, Conversion=0.0003s, RTAB-Map=0.0700s, Maps update=0.0003s pub=0.0008s delay=0.2331s (local map=16, WM=16)
[INFO] [1772812465.922033910] [rtabmap]: rtabmap (643): Rate=1.00s, Limit=0.000s, Conversion=0.0003s, RTAB-Map=0.0632s, Maps update=0.0008s pub=0.0009s delay=0.2280s (local map=16, WM=16)
[INFO] [1772812467.017479085] [rtabmap]: rtabmap (644): Rate=1.00s, Limit=0.000s, Conversion=0.0004s, RTAB-Map=0.0658s, Maps update=0.0003s pub=0.0011s delay=0.2234s (local map=16, WM=16)
[INFO] [1772812468.119156394] [rtabmap]: rtabmap (645): Rate=1.00s, Limit=0.000s, Conversion=0.0005s, RTAB-Map=0.0659s, Maps update=0.0003s pub=0.0007s delay=0.2251s (local map=16, WM=16)
[INFO] [1772812469.231594452] [rtabmap]: rtabmap (646): Rate=1.00s, Limit=0.000s, Conversion=0.0105s, RTAB-Map=0.0685s, Maps update=0.0003s pub=0.0012s delay=0.2375s (local map=16, WM=16)
[INFO] [1772812470.249683841] [rtabmap]: rtabmap (647): Rate=1.00s, Limit=0.000s, Conversion=0.0003s, RTAB-Map=0.0800s, Maps update=0.0003s pub=0.0008s delay=0.2555s (local map=16, WM=16)
[INFO] [1772812471.334353066] [rtabmap]: rtabmap (648): Rate=1.00s, Limit=0.000s, Conversion=0.0004s, RTAB-Map=0.0731s, Maps update=0.0004s pub=0.0009s delay=0.2413s (local map=16, WM=16)
[INFO] [1772812472.331481649] [rtabmap]: rtabmap (649): Rate=1.00s, Limit=0.000s, Conversion=0.0005s, RTAB-Map=0.0716s, Maps update=0.0003s pub=0.0017s delay=0.2383s (local map=16, WM=16)
[INFO] [1772812473.325672107] [rtabmap]: rtabmap (650): Rate=1.00s, Limit=0.000s, Conversion=0.0005s, RTAB-Map=0.0713s, Maps update=0.0003s pub=0.0016s delay=0.2325s (local map=16, WM=16)
[INFO] [1772812474.332401044] [rtabmap]: rtabmap (651): Rate=1.00s, Limit=0.000s, Conversion=0.0003s, RTAB-Map=0.0717s, Maps update=0.0003s pub=0.0007s delay=0.2383s (local map=16, WM=16)
[INFO] [1772812475.430577327] [rtabmap]: rtabmap (652): Rate=1.00s, Limit=0.000s, Conversion=0.0003s, RTAB-Map=0.0729s, Maps update=0.0003s pub=0.0009s delay=0.2377s (local map=16, WM=16)
[INFO] [1772812476.420475947] [rtabmap]: rtabmap (653): Rate=1.00s, Limit=0.000s, Conversion=0.0005s, RTAB-Map=0.0682s, Maps update=0.0003s pub=0.0009s delay=0.2274s (local map=16, WM=16)
[INFO] [1772812477.432354866] [rtabmap]: rtabmap (654): Rate=1.00s, Limit=0.000s, Conversion=0.0005s, RTAB-Map=0.0719s, Maps update=0.0003s pub=0.0014s delay=0.2391s (local map=16, WM=16)
[INFO] [1772812478.428194281] [rtabmap]: rtabmap (655): Rate=1.00s, Limit=0.000s, Conversion=0.0004s, RTAB-Map=0.0703s, Maps update=0.0003s pub=0.0010s delay=0.2342s (local map=16, WM=16)
[INFO] [1772812479.530066926] [rtabmap]: rtabmap (656): Rate=1.00s, Limit=0.000s, Conversion=0.0004s, RTAB-Map=0.0676s, Maps update=0.0003s pub=0.0008s delay=0.2368s (local map=16, WM=16)
[INFO] [1772812480.628414384] [rtabmap]: rtabmap (657): Rate=1.00s, Limit=0.000s, Conversion=0.0005s, RTAB-Map=0.0687s, Maps update=0.0003s pub=0.0011s delay=0.2353s (local map=16, WM=16)
[INFO] [1772812481.728452944] [rtabmap]: rtabmap (658): Rate=1.00s, Limit=0.000s, Conversion=0.0006s, RTAB-Map=0.0674s, Maps update=0.0003s pub=0.0008s delay=0.2351s (local map=16, WM=16)
[INFO] [1772812482.820607565] [rtabmap]: rtabmap (659): Rate=1.00s, Limit=0.000s, Conversion=0.0004s, RTAB-Map=0.0625s, Maps update=0.0003s pub=0.0010s delay=0.2275s (local map=16, WM=16)
[INFO] [1772812483.831951425] [rtabmap]: rtabmap (660): Rate=1.00s, Limit=0.000s, Conversion=0.0006s, RTAB-Map=0.0732s, Maps update=0.0003s pub=0.0017s delay=0.2379s (local map=16, WM=16)
[INFO] [1772812484.926098152] [rtabmap]: rtabmap (661): Rate=1.00s, Limit=0.000s, Conversion=0.0005s, RTAB-Map=0.0672s, Maps update=0.0003s pub=0.0011s delay=0.2329s (local map=16, WM=16)
[INFO] [1772812485.932725261] [rtabmap]: rtabmap (662): Rate=1.00s, Limit=0.000s, Conversion=0.0003s, RTAB-Map=0.0690s, Maps update=0.0003s pub=0.0009s delay=0.2395s (local map=16, WM=16)
[INFO] [1772812486.933967308] [rtabmap]: rtabmap (663): Rate=1.00s, Limit=0.000s, Conversion=0.0003s, RTAB-Map=0.0682s, Maps update=0.0003s pub=0.0008s delay=0.2407s (local map=16, WM=16)
[INFO] [1772812488.035244922] [rtabmap]: rtabmap (664): Rate=1.00s, Limit=0.000s, Conversion=0.0004s, RTAB-Map=0.0729s, Maps update=0.0003s pub=0.0008s delay=0.2420s (local map=16, WM=16)
[INFO] [1772812489.131698038] [rtabmap]: rtabmap (665): Rate=1.00s, Limit=0.000s, Conversion=0.0003s, RTAB-Map=0.0654s, Maps update=0.0004s pub=0.0008s delay=0.2384s (local map=16, WM=16)
[INFO] [1772812490.218365993] [rtabmap]: rtabmap (666): Rate=1.00s, Limit=0.000s, Conversion=0.0004s, RTAB-Map=0.0662s, Maps update=0.0003s pub=0.0007s delay=0.2252s (local map=16, WM=16)
[INFO] [1772812491.337078075] [rtabmap]: rtabmap (667): Rate=1.00s, Limit=0.000s, Conversion=0.0003s, RTAB-Map=0.0749s, Maps update=0.0007s pub=0.0011s delay=0.2439s (local map=16, WM=16)
[INFO] [1772812492.313083349] [rtabmap]: rtabmap (668): Rate=1.00s, Limit=0.000s, Conversion=0.0003s, RTAB-Map=0.0595s, Maps update=0.0003s pub=0.0014s delay=0.2199s (local map=16, WM=16)
[INFO] [1772812493.432671944] [rtabmap]: rtabmap (669): Rate=1.00s, Limit=0.000s, Conversion=0.0004s, RTAB-Map=0.0709s, Maps update=0.0003s pub=0.0009s delay=0.2396s (local map=16, WM=16)
[INFO] [1772812494.434392248] [rtabmap]: rtabmap (670): Rate=1.00s, Limit=0.000s, Conversion=0.0004s, RTAB-Map=0.0646s, Maps update=0.0003s pub=0.0009s delay=0.2411s (local map=16, WM=16)
[INFO] [1772812495.528650115] [rtabmap]: rtabmap (671): Rate=1.00s, Limit=0.000s, Conversion=0.0003s, RTAB-Map=0.0656s, Maps update=0.0003s pub=0.0008s delay=0.2358s (local map=16, WM=16)
[INFO] [1772812496.517359507] [rtabmap]: rtabmap (672): Rate=1.00s, Limit=0.000s, Conversion=0.0004s, RTAB-Map=0.0666s, Maps update=0.0004s pub=0.0020s delay=0.2240s (local map=16, WM=16)
[INFO] [1772812497.528518015] [rtabmap]: rtabmap (673): Rate=1.00s, Limit=0.000s, Conversion=0.0004s, RTAB-Map=0.0767s, Maps update=0.0003s pub=0.0008s delay=0.2351s (local map=16, WM=16)
[INFO] [1772812498.630071832] [rtabmap]: rtabmap (674): Rate=1.00s, Limit=0.000s, Conversion=0.0007s, RTAB-Map=0.0721s, Maps update=0.0004s pub=0.0010s delay=0.2367s (local map=16, WM=16)
[INFO] [1772812499.736578407] [rtabmap]: rtabmap (675): Rate=1.00s, Limit=0.000s, Conversion=0.0004s, RTAB-Map=0.0740s, Maps update=0.0003s pub=0.0008s delay=0.2438s (local map=16, WM=16)
[INFO] [1772812500.839030369] [rtabmap]: rtabmap (676): Rate=1.00s, Limit=0.000s, Conversion=0.0005s, RTAB-Map=0.0731s, Maps update=0.0004s pub=0.0008s delay=0.2458s (local map=16, WM=16)
[INFO] [1772812501.927712958] [rtabmap]: rtabmap (677): Rate=1.00s, Limit=0.000s, Conversion=0.0005s, RTAB-Map=0.0758s, Maps update=0.0003s pub=0.0013s delay=0.2342s (local map=16, WM=16)
[INFO] [1772812503.031799412] [rtabmap]: rtabmap (678): Rate=1.00s, Limit=0.000s, Conversion=0.0005s, RTAB-Map=0.0777s, Maps update=0.0003s pub=0.0008s delay=0.2386s (local map=16, WM=16)
[INFO] [1772812504.029458862] [rtabmap]: rtabmap (679): Rate=1.00s, Limit=0.000s, Conversion=0.0004s, RTAB-Map=0.0671s, Maps update=0.0003s pub=0.0012s delay=0.2360s (local map=16, WM=16)
[INFO] [1772812505.131490840] [rtabmap]: rtabmap (680): Rate=1.00s, Limit=0.000s, Conversion=0.0003s, RTAB-Map=0.0736s, Maps update=0.0004s pub=0.0011s delay=0.2383s (local map=16, WM=16)
[INFO] [1772812506.226383227] [rtabmap]: rtabmap (681): Rate=1.00s, Limit=0.000s, Conversion=0.0004s, RTAB-Map=0.0675s, Maps update=0.0003s pub=0.0011s delay=0.2336s (local map=16, WM=16)
[INFO] [1772812507.226675702] [rtabmap]: rtabmap (682): Rate=1.00s, Limit=0.000s, Conversion=0.0005s, RTAB-Map=0.0686s, Maps update=0.0003s pub=0.0008s delay=0.2334s (local map=16, WM=16)
[INFO] [1772812508.323369179] [rtabmap]: rtabmap (683): Rate=1.00s, Limit=0.000s, Conversion=0.0004s, RTAB-Map=0.0624s, Maps update=0.0003s pub=0.0012s delay=0.2306s (local map=16, WM=16)
[INFO] [1772812509.321875509] [rtabmap]: rtabmap (684): Rate=1.00s, Limit=0.000s, Conversion=0.0006s, RTAB-Map=0.0664s, Maps update=0.0003s pub=0.0017s delay=0.2284s (local map=16, WM=16)
[INFO] [1772812510.431612091] [rtabmap]: rtabmap (685): Rate=1.00s, Limit=0.000s, Conversion=0.0004s, RTAB-Map=0.0662s, Maps update=0.0003s pub=0.0013s delay=0.2388s (local map=16, WM=16)
[INFO] [1772812511.438368806] [rtabmap]: rtabmap (686): Rate=1.00s, Limit=0.000s, Conversion=0.0003s, RTAB-Map=0.0790s, Maps update=0.0003s pub=0.0007s delay=0.2454s (local map=16, WM=16)
[INFO] [1772812512.526373642] [rtabmap]: rtabmap (687): Rate=1.00s, Limit=0.000s, Conversion=0.0003s, RTAB-Map=0.0706s, Maps update=0.0003s pub=0.0010s delay=0.2330s (local map=16, WM=16)
[INFO] [1772812513.525680897] [rtabmap]: rtabmap (688): Rate=1.00s, Limit=0.000s, Conversion=0.0005s, RTAB-Map=0.0661s, Maps update=0.0004s pub=0.0010s delay=0.2322s (local map=16, WM=16)
[INFO] [1772812514.626286614] [rtabmap]: rtabmap (689): Rate=1.00s, Limit=0.000s, Conversion=0.0003s, RTAB-Map=0.0649s, Maps update=0.0003s pub=0.0013s delay=0.2335s (local map=16, WM=16)
[INFO] [1772812515.741437445] [rtabmap]: rtabmap (690): Rate=1.00s, Limit=0.000s, Conversion=0.0006s, RTAB-Map=0.0765s, Maps update=0.0003s pub=0.0008s delay=0.2487s (local map=16, WM=16)
[INFO] [1772812516.719211968] [rtabmap]: rtabmap (691): Rate=1.00s, Limit=0.000s, Conversion=0.0003s, RTAB-Map=0.0623s, Maps update=0.0003s pub=0.0009s delay=0.2264s (local map=16, WM=16)
[INFO] [1772812517.727335421] [rtabmap]: rtabmap (692): Rate=1.00s, Limit=0.000s, Conversion=0.0004s, RTAB-Map=0.0739s, Maps update=0.0003s pub=0.0009s delay=0.2345s (local map=16, WM=16)
[INFO] [1772812518.719317573] [rtabmap]: rtabmap (693): Rate=1.00s, Limit=0.000s, Conversion=0.0005s, RTAB-Map=0.0675s, Maps update=0.0003s pub=0.0007s delay=0.2264s (local map=16, WM=16)
[INFO] [1772812519.827819679] [rtabmap]: rtabmap (694): Rate=1.00s, Limit=0.000s, Conversion=0.0004s, RTAB-Map=0.0712s, Maps update=0.0003s pub=0.0011s delay=0.2350s (local map=16, WM=16)
[INFO] [1772812520.927626647] [rtabmap]: rtabmap (695): Rate=1.00s, Limit=0.000s, Conversion=0.0004s, RTAB-Map=0.0681s, Maps update=0.0003s pub=0.0010s delay=0.2348s (local map=16, WM=16)
[INFO] [1772812521.935598574] [rtabmap]: rtabmap (696): Rate=1.00s, Limit=0.000s, Conversion=0.0004s, RTAB-Map=0.0760s, Maps update=0.0003s pub=0.0011s delay=0.2421s (local map=16, WM=16)
[INFO] [1772812523.033939600] [rtabmap]: rtabmap (697): Rate=1.00s, Limit=0.000s, Conversion=0.0003s, RTAB-Map=0.0765s, Maps update=0.0005s pub=0.0013s delay=0.2411s (local map=16, WM=16)
[INFO] [1772812524.128508518] [rtabmap]: rtabmap (698): Rate=1.00s, Limit=0.000s, Conversion=0.0004s, RTAB-Map=0.0651s, Maps update=0.0003s pub=0.0008s delay=0.2357s (local map=16, WM=16)
[INFO] [1772812525.131014739] [rtabmap]: rtabmap (699): Rate=1.00s, Limit=0.000s, Conversion=0.0003s, RTAB-Map=0.0671s, Maps update=0.0003s pub=0.0007s delay=0.2381s (local map=16, WM=16)
[INFO] [1772812526.128606507] [rtabmap]: rtabmap (700): Rate=1.00s, Limit=0.000s, Conversion=0.0005s, RTAB-Map=0.0717s, Maps update=0.0004s pub=0.0008s delay=0.2357s (local map=16, WM=16)
[INFO] [1772812527.132407560] [rtabmap]: rtabmap (701): Rate=1.00s, Limit=0.000s, Conversion=0.0005s, RTAB-Map=0.0723s, Maps update=0.0003s pub=0.0007s delay=0.2390s (local map=16, WM=16)
[INFO] [1772812528.221870882] [rtabmap]: rtabmap (702): Rate=1.00s, Limit=0.000s, Conversion=0.0004s, RTAB-Map=0.0632s, Maps update=0.0003s pub=0.0014s delay=0.2292s (local map=16, WM=16)
[INFO] [1772812529.231272270] [rtabmap]: rtabmap (703): Rate=1.00s, Limit=0.000s, Conversion=0.0005s, RTAB-Map=0.0742s, Maps update=0.0003s pub=0.0008s delay=0.2384s (local map=16, WM=16)
[INFO] [1772812530.327453536] [rtabmap]: rtabmap (704): Rate=1.00s, Limit=0.000s, Conversion=0.0005s, RTAB-Map=0.0684s, Maps update=0.0003s pub=0.0012s delay=0.2346s (local map=16, WM=16)
[INFO] [1772812531.430440461] [rtabmap]: rtabmap (705): Rate=1.00s, Limit=0.000s, Conversion=0.0005s, RTAB-Map=0.0681s, Maps update=0.0004s pub=0.0018s delay=0.2377s (local map=16, WM=16)
[INFO] [1772812532.427414190] [rtabmap]: rtabmap (706): Rate=1.00s, Limit=0.000s, Conversion=0.0003s, RTAB-Map=0.0651s, Maps update=0.0003s pub=0.0015s delay=0.2346s (local map=16, WM=16)
[INFO] [1772812533.424536180] [rtabmap]: rtabmap (707): Rate=1.00s, Limit=0.000s, Conversion=0.0005s, RTAB-Map=0.0668s, Maps update=0.0004s pub=0.0011s delay=0.2317s (local map=16, WM=16)
[INFO] [1772812534.416490876] [rtabmap]: rtabmap (708): Rate=1.00s, Limit=0.000s, Conversion=0.0004s, RTAB-Map=0.0641s, Maps update=0.0003s pub=0.0013s delay=0.2236s (local map=16, WM=16)
[INFO] [1772812535.533598163] [rtabmap]: rtabmap (709): Rate=1.00s, Limit=0.000s, Conversion=0.0003s, RTAB-Map=0.0701s, Maps update=0.0003s pub=0.0009s delay=0.2408s (local map=16, WM=16)
[INFO] [1772812536.532409079] [rtabmap]: rtabmap (710): Rate=1.00s, Limit=0.000s, Conversion=0.0005s, RTAB-Map=0.0712s, Maps update=0.0005s pub=0.0013s delay=0.2396s (local map=16, WM=16)
[INFO] [1772812537.527904002] [rtabmap]: rtabmap (711): Rate=1.00s, Limit=0.000s, Conversion=0.0004s, RTAB-Map=0.0759s, Maps update=0.0003s pub=0.0009s delay=0.2350s (local map=16, WM=16)
[INFO] [1772812538.527868785] [rtabmap]: rtabmap (712): Rate=1.00s, Limit=0.000s, Conversion=0.0003s, RTAB-Map=0.0694s, Maps update=0.0003s pub=0.0012s delay=0.2342s (local map=16, WM=16)
[INFO] [1772812539.621048852] [rtabmap]: rtabmap (713): Rate=1.00s, Limit=0.000s, Conversion=0.0005s, RTAB-Map=0.0668s, Maps update=0.0003s pub=0.0014s delay=0.2281s (local map=16, WM=16)
[INFO] [1772812540.636832684] [rtabmap]: rtabmap (714): Rate=1.00s, Limit=0.000s, Conversion=0.0004s, RTAB-Map=0.0766s, Maps update=0.0004s pub=0.0013s delay=0.2438s (local map=16, WM=16)
[INFO] [1772812541.732731379] [rtabmap]: rtabmap (715): Rate=1.00s, Limit=0.000s, Conversion=0.0005s, RTAB-Map=0.0751s, Maps update=0.0003s pub=0.0008s delay=0.2397s (local map=16, WM=16)
[INFO] [1772812542.726474365] [rtabmap]: rtabmap (716): Rate=1.00s, Limit=0.000s, Conversion=0.0005s, RTAB-Map=0.0700s, Maps update=0.0005s pub=0.0014s delay=0.2334s (local map=16, WM=16)
[INFO] [1772812543.818037252] [rtabmap]: rtabmap (717): Rate=1.00s, Limit=0.000s, Conversion=0.0003s, RTAB-Map=0.0635s, Maps update=0.0003s pub=0.0016s delay=0.2251s (local map=16, WM=16)
[INFO] [1772812544.922935480] [rtabmap]: rtabmap (718): Rate=1.00s, Limit=0.000s, Conversion=0.0003s, RTAB-Map=0.0690s, Maps update=0.0003s pub=0.0014s delay=0.2300s (local map=16, WM=16)
[INFO] [1772812545.931439683] [rtabmap]: rtabmap (719): Rate=1.00s, Limit=0.000s, Conversion=0.0003s, RTAB-Map=0.0666s, Maps update=0.0003s pub=0.0009s delay=0.2384s (local map=16, WM=16)
[INFO] [1772812546.929859833] [rtabmap]: rtabmap (720): Rate=1.00s, Limit=0.000s, Conversion=0.0007s, RTAB-Map=0.0679s, Maps update=0.0003s pub=0.0012s delay=0.2367s (local map=16, WM=16)
[INFO] [1772812548.017040607] [rtabmap]: rtabmap (721): Rate=1.00s, Limit=0.000s, Conversion=0.0003s, RTAB-Map=0.0632s, Maps update=0.0003s pub=0.0016s delay=0.2238s (local map=16, WM=16)
[INFO] [1772812549.125021125] [rtabmap]: rtabmap (722): Rate=1.00s, Limit=0.000s, Conversion=0.0005s, RTAB-Map=0.0704s, Maps update=0.0003s pub=0.0011s delay=0.2320s (local map=16, WM=16)
[INFO] [1772812550.134885378] [rtabmap]: rtabmap (723): Rate=1.00s, Limit=0.000s, Conversion=0.0003s, RTAB-Map=0.0766s, Maps update=0.0003s pub=0.0012s delay=0.2413s (local map=16, WM=16)
[INFO] [1772812551.220347048] [rtabmap]: rtabmap (724): Rate=1.00s, Limit=0.000s, Conversion=0.0003s, RTAB-Map=0.0622s, Maps update=0.0004s pub=0.0011s delay=0.2273s (local map=16, WM=16)
[INFO] [1772812552.231770846] [rtabmap]: rtabmap (725): Rate=1.00s, Limit=0.000s, Conversion=0.0007s, RTAB-Map=0.0764s, Maps update=0.0003s pub=0.0014s delay=0.2379s (local map=16, WM=16)
[INFO] [1772812553.319288016] [rtabmap]: rtabmap (726): Rate=1.00s, Limit=0.000s, Conversion=0.0003s, RTAB-Map=0.0651s, Maps update=0.0004s pub=0.0012s delay=0.2263s (local map=16, WM=16)
[INFO] [1772812554.331083861] [rtabmap]: rtabmap (727): Rate=1.00s, Limit=0.000s, Conversion=0.0107s, RTAB-Map=0.0612s, Maps update=0.0003s pub=0.0008s delay=0.2380s (local map=16, WM=16)
[INFO] [1772812555.429840358] [rtabmap]: rtabmap (728): Rate=1.00s, Limit=0.000s, Conversion=0.0005s, RTAB-Map=0.0708s, Maps update=0.0004s pub=0.0014s delay=0.2368s (local map=16, WM=16)
[INFO] [1772812556.536751460] [rtabmap]: rtabmap (729): Rate=1.00s, Limit=0.000s, Conversion=0.0005s, RTAB-Map=0.0763s, Maps update=0.0004s pub=0.0009s delay=0.2438s (local map=16, WM=16)
[INFO] [1772812557.525465204] [rtabmap]: rtabmap (730): Rate=1.00s, Limit=0.000s, Conversion=0.0005s, RTAB-Map=0.0658s, Maps update=0.0005s pub=0.0014s delay=0.2325s (local map=16, WM=16)
[INFO] [1772812558.529748899] [rtabmap]: rtabmap (731): Rate=1.00s, Limit=0.000s, Conversion=0.0004s, RTAB-Map=0.0691s, Maps update=0.0003s pub=0.0008s delay=0.2367s (local map=16, WM=16)
[INFO] [1772812559.532313426] [rtabmap]: rtabmap (732): Rate=1.00s, Limit=0.000s, Conversion=0.0007s, RTAB-Map=0.0678s, Maps update=0.0003s pub=0.0011s delay=0.2390s (local map=16, WM=16)
[INFO] [1772812560.630224068] [rtabmap]: rtabmap (733): Rate=1.00s, Limit=0.000s, Conversion=0.0004s, RTAB-Map=0.0701s, Maps update=0.0003s pub=0.0008s delay=0.2371s (local map=16, WM=16)
[INFO] [1772812561.628754814] [rtabmap]: rtabmap (734): Rate=1.00s, Limit=0.000s, Conversion=0.0006s, RTAB-Map=0.0730s, Maps update=0.0004s pub=0.0009s delay=0.2356s (local map=16, WM=16)
[INFO] [1772812562.729719105] [rtabmap]: rtabmap (735): Rate=1.00s, Limit=0.000s, Conversion=0.0005s, RTAB-Map=0.0775s, Maps update=0.0003s pub=0.0013s delay=0.2365s (local map=16, WM=16)
[INFO] [1772812563.826776051] [rtabmap]: rtabmap (736): Rate=1.00s, Limit=0.000s, Conversion=0.0004s, RTAB-Map=0.0686s, Maps update=0.0003s pub=0.0009s delay=0.2336s (local map=16, WM=16)
[INFO] [1772812564.930510844] [rtabmap]: rtabmap (737): Rate=1.00s, Limit=0.000s, Conversion=0.0004s, RTAB-Map=0.0689s, Maps update=0.0003s pub=0.0009s delay=0.2374s (local map=16, WM=16)
[INFO] [1772812565.932713918] [rtabmap]: rtabmap (738): Rate=1.00s, Limit=0.000s, Conversion=0.0003s, RTAB-Map=0.0683s, Maps update=0.0003s pub=0.0008s delay=0.2394s (local map=16, WM=16)
[INFO] [1772812567.024965023] [rtabmap]: rtabmap (739): Rate=1.00s, Limit=0.000s, Conversion=0.0005s, RTAB-Map=0.0680s, Maps update=0.0003s pub=0.0013s delay=0.2317s (local map=16, WM=16)
[INFO] [1772812568.128625638] [rtabmap]: rtabmap (740): Rate=1.00s, Limit=0.000s, Conversion=0.0004s, RTAB-Map=0.0734s, Maps update=0.0003s pub=0.0012s delay=0.2353s (local map=16, WM=16)
[INFO] [1772812569.235620327] [rtabmap]: rtabmap (741): Rate=1.00s, Limit=0.000s, Conversion=0.0006s, RTAB-Map=0.0767s, Maps update=0.0003s pub=0.0010s delay=0.2424s (local map=16, WM=16)
[INFO] [1772812570.237293557] [rtabmap]: rtabmap (742): Rate=1.00s, Limit=0.000s, Conversion=0.0004s, RTAB-Map=0.0722s, Maps update=0.0003s pub=0.0014s delay=0.2439s (local map=16, WM=16)
[INFO] [1772812571.332508868] [rtabmap]: rtabmap (743): Rate=1.00s, Limit=0.000s, Conversion=0.0006s, RTAB-Map=0.0672s, Maps update=0.0003s pub=0.0011s delay=0.2392s (local map=16, WM=16)
[INFO] [1772812572.422283657] [rtabmap]: rtabmap (744): Rate=1.00s, Limit=0.000s, Conversion=0.0003s, RTAB-Map=0.0650s, Maps update=0.0003s pub=0.0010s delay=0.2291s (local map=16, WM=16)
[INFO] [1772812573.527683056] [rtabmap]: rtabmap (745): Rate=1.00s, Limit=0.000s, Conversion=0.0003s, RTAB-Map=0.0701s, Maps update=0.0003s pub=0.0011s delay=0.2338s (local map=16, WM=16)
[INFO] [1772812574.641634834] [rtabmap]: rtabmap (746): Rate=1.00s, Limit=0.000s, Conversion=0.0003s, RTAB-Map=0.0770s, Maps update=0.0003s pub=0.0009s delay=0.2484s (local map=16, WM=16)
[INFO] [1772812575.722849083] [rtabmap]: rtabmap (747): Rate=1.00s, Limit=0.000s, Conversion=0.0004s, RTAB-Map=0.0692s, Maps update=0.0004s pub=0.0009s delay=0.2297s (local map=16, WM=16)
[INFO] [1772812576.735437181] [rtabmap]: rtabmap (748): Rate=1.00s, Limit=0.000s, Conversion=0.0006s, RTAB-Map=0.0726s, Maps update=0.0003s pub=0.0009s delay=0.2422s (local map=16, WM=16)
[INFO] [1772812577.719021807] [rtabmap]: rtabmap (749): Rate=1.00s, Limit=0.000s, Conversion=0.0004s, RTAB-Map=0.0638s, Maps update=0.0003s pub=0.0007s delay=0.2256s (local map=16, WM=16)
[INFO] [1772812578.828013754] [rtabmap]: rtabmap (750): Rate=1.00s, Limit=0.000s, Conversion=0.0006s, RTAB-Map=0.0694s, Maps update=0.0003s pub=0.0009s delay=0.2347s (local map=16, WM=16)
[INFO] [1772812579.924327633] [rtabmap]: rtabmap (751): Rate=1.00s, Limit=0.000s, Conversion=0.0005s, RTAB-Map=0.0718s, Maps update=0.0003s pub=0.0010s delay=0.2311s (local map=16, WM=16)
[INFO] [1772812580.922701510] [rtabmap]: rtabmap (752): Rate=1.00s, Limit=0.000s, Conversion=0.0003s, RTAB-Map=0.0676s, Maps update=0.0003s pub=0.0025s delay=0.2293s (local map=16, WM=16)
[INFO] [1772812581.926685642] [rtabmap]: rtabmap (753): Rate=1.00s, Limit=0.000s, Conversion=0.0004s, RTAB-Map=0.0683s, Maps update=0.0004s pub=0.0014s delay=0.2332s (local map=16, WM=16)
[INFO] [1772812583.033099446] [rtabmap]: rtabmap (754): Rate=1.00s, Limit=0.000s, Conversion=0.0003s, RTAB-Map=0.0761s, Maps update=0.0004s pub=0.0016s delay=0.2398s (local map=16, WM=16)
[INFO] [1772812584.026151590] [rtabmap]: rtabmap (755): Rate=1.00s, Limit=0.000s, Conversion=0.0004s, RTAB-Map=0.0691s, Maps update=0.0004s pub=0.0008s delay=0.2328s (local map=16, WM=16)
[INFO] [1772812585.120190120] [rtabmap]: rtabmap (756): Rate=1.00s, Limit=0.000s, Conversion=0.0004s, RTAB-Map=0.0642s, Maps update=0.0003s pub=0.0014s delay=0.2267s (local map=16, WM=16)
[INFO] [1772812586.230553670] [rtabmap]: rtabmap (757): Rate=1.00s, Limit=0.000s, Conversion=0.0003s, RTAB-Map=0.0699s, Maps update=0.0003s pub=0.0012s delay=0.2371s (local map=16, WM=16)
[INFO] [1772812587.228110077] [rtabmap]: rtabmap (758): Rate=1.00s, Limit=0.000s, Conversion=0.0003s, RTAB-Map=0.0633s, Maps update=0.0003s pub=0.0008s delay=0.2339s (local map=16, WM=16)
[INFO] [1772812588.326445150] [rtabmap]: rtabmap (759): Rate=1.00s, Limit=0.000s, Conversion=0.0003s, RTAB-Map=0.0669s, Maps update=0.0004s pub=0.0015s delay=0.2329s (local map=16, WM=16)
[INFO] [1772812589.420367869] [rtabmap]: rtabmap (760): Rate=1.00s, Limit=0.000s, Conversion=0.0003s, RTAB-Map=0.0668s, Maps update=0.0003s pub=0.0012s delay=0.2271s (local map=16, WM=16)
[INFO] [1772812590.428772836] [rtabmap]: rtabmap (761): Rate=1.00s, Limit=0.000s, Conversion=0.0003s, RTAB-Map=0.0708s, Maps update=0.0005s pub=0.0015s delay=0.2353s (local map=16, WM=16)
[INFO] [1772812591.427219579] [rtabmap]: rtabmap (762): Rate=1.00s, Limit=0.000s, Conversion=0.0004s, RTAB-Map=0.0710s, Maps update=0.0003s pub=0.0012s delay=0.2337s (local map=16, WM=16)
[INFO] [1772812592.528829046] [rtabmap]: rtabmap (763): Rate=1.00s, Limit=0.000s, Conversion=0.0003s, RTAB-Map=0.0732s, Maps update=0.0004s pub=0.0008s delay=0.2355s (local map=16, WM=16)
[INFO] [1772812593.537757392] [rtabmap]: rtabmap (764): Rate=1.00s, Limit=0.000s, Conversion=0.0004s, RTAB-Map=0.0690s, Maps update=0.0003s pub=0.0011s delay=0.2444s (local map=16, WM=16)
[INFO] [1772812594.525031563] [rtabmap]: rtabmap (765): Rate=1.00s, Limit=0.000s, Conversion=0.0003s, RTAB-Map=0.0685s, Maps update=0.0004s pub=0.0009s delay=0.2315s (local map=16, WM=16)
[INFO] [1772812595.637995401] [rtabmap]: rtabmap (766): Rate=1.00s, Limit=0.000s, Conversion=0.0005s, RTAB-Map=0.0694s, Maps update=0.0003s pub=0.0010s delay=0.2445s (local map=16, WM=16)
[INFO] [1772812596.733011600] [rtabmap]: rtabmap (767): Rate=1.00s, Limit=0.000s, Conversion=0.0003s, RTAB-Map=0.0672s, Maps update=0.0004s pub=0.0020s delay=0.2396s (local map=16, WM=16)
[INFO] [1772812597.826005260] [rtabmap]: rtabmap (768): Rate=1.00s, Limit=0.000s, Conversion=0.0003s, RTAB-Map=0.0637s, Maps update=0.0003s pub=0.0021s delay=0.2324s (local map=16, WM=16)
[INFO] [1772812598.936375242] [rtabmap]: rtabmap (769): Rate=1.00s, Limit=0.000s, Conversion=0.0004s, RTAB-Map=0.0799s, Maps update=0.0003s pub=0.0015s delay=0.2429s (local map=16, WM=16)
[INFO] [1772812599.930190486] [rtabmap]: rtabmap (770): Rate=1.00s, Limit=0.000s, Conversion=0.0004s, RTAB-Map=0.0635s, Maps update=0.0003s pub=0.0011s delay=0.2367s (local map=16, WM=16)
[INFO] [1772812601.039216035] [rtabmap]: rtabmap (771): Rate=1.00s, Limit=0.000s, Conversion=0.0003s, RTAB-Map=0.0744s, Maps update=0.0003s pub=0.0007s delay=0.2457s (local map=16, WM=16)
[INFO] [1772812602.023591154] [rtabmap]: rtabmap (772): Rate=1.00s, Limit=0.000s, Conversion=0.0003s, RTAB-Map=0.0658s, Maps update=0.0004s pub=0.0008s delay=0.2300s (local map=16, WM=16)
[INFO] [1772812603.144291470] [rtabmap]: rtabmap (773): Rate=1.00s, Limit=0.000s, Conversion=0.0004s, RTAB-Map=0.0713s, Maps update=0.0003s pub=0.0010s delay=0.2506s (local map=16, WM=16)
[INFO] [1772812604.238166251] [rtabmap]: rtabmap (774): Rate=1.00s, Limit=0.000s, Conversion=0.0005s, RTAB-Map=0.0740s, Maps update=0.0004s pub=0.0015s delay=0.2447s (local map=16, WM=16)
[INFO] [1772812605.232546252] [rtabmap]: rtabmap (775): Rate=1.00s, Limit=0.000s, Conversion=0.0004s, RTAB-Map=0.0692s, Maps update=0.0004s pub=0.0018s delay=0.2390s (local map=16, WM=16)
[INFO] [1772812606.226523358] [rtabmap]: rtabmap (776): Rate=1.00s, Limit=0.000s, Conversion=0.0005s, RTAB-Map=0.0738s, Maps update=0.0003s pub=0.0016s delay=0.2329s (local map=16, WM=16)
[INFO] [1772812607.338855909] [rtabmap]: rtabmap (777): Rate=1.00s, Limit=0.000s, Conversion=0.0004s, RTAB-Map=0.0768s, Maps update=0.0003s pub=0.0011s delay=0.2452s (local map=16, WM=16)
[INFO] [1772812608.436656178] [rtabmap]: rtabmap (778): Rate=1.00s, Limit=0.000s, Conversion=0.0003s, RTAB-Map=0.0669s, Maps update=0.0005s pub=0.0015s delay=0.2441s (local map=16, WM=16)
[INFO] [1772812609.452566639] [rtabmap]: rtabmap (779): Rate=1.00s, Limit=0.000s, Conversion=0.0005s, RTAB-Map=0.0774s, Maps update=0.0007s pub=0.0012s delay=0.2590s (local map=16, WM=16)
[INFO] [1772812610.423642579] [rtabmap]: rtabmap (780): Rate=1.00s, Limit=0.000s, Conversion=0.0003s, RTAB-Map=0.0681s, Maps update=0.0003s pub=0.0008s delay=0.2300s (local map=16, WM=16)
[INFO] [1772812611.536474892] [rtabmap]: rtabmap (781): Rate=1.00s, Limit=0.000s, Conversion=0.0005s, RTAB-Map=0.0726s, Maps update=0.0003s pub=0.0014s delay=0.2429s (local map=16, WM=16)
[INFO] [1772812612.521269579] [rtabmap]: rtabmap (782): Rate=1.00s, Limit=0.000s, Conversion=0.0003s, RTAB-Map=0.0648s, Maps update=0.0003s pub=0.0009s delay=0.2276s (local map=16, WM=16)
[INFO] [1772812613.629917641] [rtabmap]: rtabmap (783): Rate=1.00s, Limit=0.000s, Conversion=0.0005s, RTAB-Map=0.0720s, Maps update=0.0003s pub=0.0015s delay=0.2363s (local map=16, WM=16)
[INFO] [1772812614.729764867] [rtabmap]: rtabmap (784): Rate=1.00s, Limit=0.000s, Conversion=0.0003s, RTAB-Map=0.0724s, Maps update=0.0009s pub=0.0010s delay=0.2360s (local map=16, WM=16)
[INFO] [1772812615.826336291] [rtabmap]: rtabmap (785): Rate=1.00s, Limit=0.000s, Conversion=0.0003s, RTAB-Map=0.0674s, Maps update=0.0003s pub=0.0009s delay=0.2329s (local map=16, WM=16)
[INFO] [1772812616.823022073] [rtabmap]: rtabmap (786): Rate=1.00s, Limit=0.000s, Conversion=0.0003s, RTAB-Map=0.0657s, Maps update=0.0003s pub=0.0009s delay=0.2294s (local map=16, WM=16)
[INFO] [1772812617.831673450] [rtabmap]: rtabmap (787): Rate=1.00s, Limit=0.000s, Conversion=0.0003s, RTAB-Map=0.0676s, Maps update=0.0003s pub=0.0008s delay=0.2380s (local map=16, WM=16)
[INFO] [1772812618.941728476] [rtabmap]: rtabmap (788): Rate=1.00s, Limit=0.000s, Conversion=0.0004s, RTAB-Map=0.0762s, Maps update=0.0007s pub=0.0009s delay=0.2481s (local map=16, WM=16)
[INFO] [1772812619.920222290] [rtabmap]: rtabmap (789): Rate=1.00s, Limit=0.000s, Conversion=0.0003s, RTAB-Map=0.0656s, Maps update=0.0011s pub=0.0013s delay=0.2265s (local map=16, WM=16)
[INFO] [1772812621.018955683] [rtabmap]: rtabmap (790): Rate=1.00s, Limit=0.000s, Conversion=0.0004s, RTAB-Map=0.0627s, Maps update=0.0004s pub=0.0008s delay=0.2253s (local map=16, WM=16)
[INFO] [1772812622.031353373] [rtabmap]: rtabmap (791): Rate=1.00s, Limit=0.000s, Conversion=0.0003s, RTAB-Map=0.0708s, Maps update=0.0011s pub=0.0009s delay=0.2376s (local map=16, WM=16)
[INFO] [1772812623.020193010] [rtabmap]: rtabmap (792): Rate=1.00s, Limit=0.000s, Conversion=0.0004s, RTAB-Map=0.0631s, Maps update=0.0003s pub=0.0014s delay=0.2263s (local map=16, WM=16)
[INFO] [1772812624.134820269] [rtabmap]: rtabmap (793): Rate=1.00s, Limit=0.000s, Conversion=0.0011s, RTAB-Map=0.0712s, Maps update=0.0003s pub=0.0011s delay=0.2413s (local map=16, WM=16)
[INFO] [1772812625.205687352] [rtabmap]: rtabmap (794): Rate=1.00s, Limit=0.000s, Conversion=0.0003s, RTAB-Map=0.1292s, Maps update=0.0003s pub=0.0008s delay=0.3121s (local map=16, WM=16)
[INFO] [1772812626.176442032] [rtabmap]: rtabmap (795): Rate=1.00s, Limit=0.000s, Conversion=0.0003s, RTAB-Map=0.1045s, Maps update=0.0003s pub=0.0024s delay=0.2827s (local map=16, WM=16)
[INFO] [1772812627.196374273] [rtabmap]: rtabmap (796): Rate=1.00s, Limit=0.000s, Conversion=0.0003s, RTAB-Map=0.1232s, Maps update=0.0005s pub=0.0008s delay=0.3026s (local map=16, WM=16)
[INFO] [1772812628.350796923] [rtabmap]: rtabmap (797): Rate=1.00s, Limit=0.000s, Conversion=0.0004s, RTAB-Map=0.0877s, Maps update=0.0005s pub=0.0012s delay=0.2518s (local map=16, WM=16)
[INFO] [1772812629.478394485] [rtabmap]: rtabmap (798): Rate=1.00s, Limit=0.000s, Conversion=0.0003s, RTAB-Map=0.1074s, Maps update=0.0003s pub=0.0016s delay=0.2848s (local map=16, WM=16)
[INFO] [1772812630.580144597] [rtabmap]: rtabmap (799): Rate=1.00s, Limit=0.000s, Conversion=0.0004s, RTAB-Map=0.1923s, Maps update=0.0003s pub=0.0010s delay=0.3865s (local map=16, WM=16)
[INFO] [1772812631.481521962] [rtabmap]: rtabmap (800): Rate=1.00s, Limit=0.000s, Conversion=0.0003s, RTAB-Map=0.1119s, Maps update=0.0003s pub=0.0048s delay=0.2878s (local map=16, WM=16)
[INFO] [1772812632.472329159] [rtabmap]: rtabmap (801): Rate=1.00s, Limit=0.000s, Conversion=0.0003s, RTAB-Map=0.0902s, Maps update=0.0004s pub=0.0014s delay=0.2786s (local map=16, WM=16)
[INFO] [1772812633.533602511] [rtabmap]: rtabmap (802): Rate=1.00s, Limit=0.000s, Conversion=0.0003s, RTAB-Map=0.0730s, Maps update=0.0006s pub=0.0014s delay=0.2408s (local map=16, WM=16)
[INFO] [1772812634.522001011] [rtabmap]: rtabmap (803): Rate=1.00s, Limit=0.000s, Conversion=0.0006s, RTAB-Map=0.0661s, Maps update=0.0004s pub=0.0009s delay=0.2282s (local map=16, WM=16)
[INFO] [1772812635.638469107] [rtabmap]: rtabmap (804): Rate=1.00s, Limit=0.000s, Conversion=0.0006s, RTAB-Map=0.0693s, Maps update=0.0004s pub=0.0023s delay=0.2445s (local map=16, WM=16)
[INFO] [1772812636.730497516] [rtabmap]: rtabmap (805): Rate=1.00s, Limit=0.000s, Conversion=0.0004s, RTAB-Map=0.0647s, Maps update=0.0008s pub=0.0009s delay=0.2377s (local map=16, WM=16)
[INFO] [1772812637.737503039] [rtabmap]: rtabmap (806): Rate=1.00s, Limit=0.000s, Conversion=0.0004s, RTAB-Map=0.0738s, Maps update=0.0003s pub=0.0017s delay=0.2439s (local map=16, WM=16)
[INFO] [1772812638.733221713] [rtabmap]: rtabmap (807): Rate=1.00s, Limit=0.000s, Conversion=0.0004s, RTAB-Map=0.0704s, Maps update=0.0003s pub=0.0010s delay=0.2395s (local map=16, WM=16)
[INFO] [1772812639.831945537] [rtabmap]: rtabmap (808): Rate=1.00s, Limit=0.000s, Conversion=0.0005s, RTAB-Map=0.0644s, Maps update=0.0005s pub=0.0023s delay=0.2382s (local map=16, WM=16)
[INFO] [1772812640.838699564] [rtabmap]: rtabmap (809): Rate=1.00s, Limit=0.000s, Conversion=0.0005s, RTAB-Map=0.0735s, Maps update=0.0003s pub=0.0008s delay=0.2449s (local map=16, WM=16)
[INFO] [1772812641.928055809] [rtabmap]: rtabmap (810): Rate=1.00s, Limit=0.000s, Conversion=0.0004s, RTAB-Map=0.0681s, Maps update=0.0003s pub=0.0008s delay=0.2342s (local map=16, WM=16)
[INFO] [1772812642.931606677] [rtabmap]: rtabmap (811): Rate=1.00s, Limit=0.000s, Conversion=0.0003s, RTAB-Map=0.0737s, Maps update=0.0004s pub=0.0008s delay=0.2377s (local map=16, WM=16)
[INFO] [1772812644.030413448] [rtabmap]: rtabmap (812): Rate=1.00s, Limit=0.000s, Conversion=0.0004s, RTAB-Map=0.0721s, Maps update=0.0003s pub=0.0012s delay=0.2366s (local map=16, WM=16)
[INFO] [1772812645.037575841] [rtabmap]: rtabmap (813): Rate=1.00s, Limit=0.000s, Conversion=0.0005s, RTAB-Map=0.0815s, Maps update=0.0003s pub=0.0010s delay=0.2437s (local map=16, WM=16)
[INFO] [1772812646.121380810] [rtabmap]: rtabmap (814): Rate=1.00s, Limit=0.000s, Conversion=0.0003s, RTAB-Map=0.0629s, Maps update=0.0003s pub=0.0014s delay=0.2276s (local map=16, WM=16)
[INFO] [1772812647.249295825] [rtabmap]: rtabmap (815): Rate=1.00s, Limit=0.000s, Conversion=0.0107s, RTAB-Map=0.0811s, Maps update=0.0003s pub=0.0015s delay=0.2554s (local map=16, WM=16)
[INFO] [1772812648.349957992] [rtabmap]: rtabmap (816): Rate=1.00s, Limit=0.000s, Conversion=0.0003s, RTAB-Map=0.0951s, Maps update=0.0004s pub=0.0009s delay=0.2570s (local map=16, WM=16)
[INFO] [1772812649.354807308] [rtabmap]: rtabmap (817): Rate=1.00s, Limit=0.000s, Conversion=0.0106s, RTAB-Map=0.0767s, Maps update=0.0003s pub=0.0013s delay=0.2610s (local map=16, WM=16)
[INFO] [1772812650.504813986] [rtabmap]: rtabmap (818): Rate=1.00s, Limit=0.000s, Conversion=0.0105s, RTAB-Map=0.1183s, Maps update=0.0005s pub=0.0010s delay=0.3119s (local map=16, WM=16)
[INFO] [1772812651.602290628] [rtabmap]: rtabmap (819): Rate=1.00s, Limit=0.000s, Conversion=0.0005s, RTAB-Map=0.1304s, Maps update=0.0004s pub=0.0025s delay=0.3090s (local map=16, WM=16)
[INFO] [1772812652.837852468] [rtabmap]: rtabmap (820): Rate=1.00s, Limit=0.000s, Conversion=0.0009s, RTAB-Map=0.1333s, Maps update=0.0004s pub=0.0223s delay=0.3447s (local map=16, WM=16)
[INFO] [1772812653.845755976] [rtabmap]: rtabmap (821): Rate=1.00s, Limit=0.000s, Conversion=0.0003s, RTAB-Map=0.0855s, Maps update=0.0003s pub=0.0013s delay=0.2491s (local map=16, WM=16)
[INFO] [1772812655.022996461] [rtabmap]: rtabmap (822): Rate=1.00s, Limit=0.000s, Conversion=0.0003s, RTAB-Map=0.1373s, Maps update=0.0004s pub=0.0029s delay=0.3300s (local map=16, WM=16)
[INFO] [1772812656.070467703] [rtabmap]: rtabmap (823): Rate=1.00s, Limit=0.000s, Conversion=0.0005s, RTAB-Map=0.1400s, Maps update=0.0004s pub=0.0012s delay=0.3774s (local map=16, WM=16)
[INFO] [1772812657.004623687] [rtabmap]: rtabmap (824): Rate=1.00s, Limit=0.000s, Conversion=0.0003s, RTAB-Map=0.1128s, Maps update=0.0003s pub=0.0025s delay=0.3107s (local map=16, WM=16)
[INFO] [1772812657.926529491] [rtabmap]: rtabmap (825): Rate=1.00s, Limit=0.000s, Conversion=0.0004s, RTAB-Map=0.0694s, Maps update=0.0003s pub=0.0011s delay=0.2326s (local map=16, WM=16)
[INFO] [1772812659.029619780] [rtabmap]: rtabmap (826): Rate=1.00s, Limit=0.000s, Conversion=0.0005s, RTAB-Map=0.0724s, Maps update=0.0004s pub=0.0012s delay=0.2365s (local map=16, WM=16)
[INFO] [1772812660.033104629] [rtabmap]: rtabmap (827): Rate=1.00s, Limit=0.000s, Conversion=0.0004s, RTAB-Map=0.0774s, Maps update=0.0003s pub=0.0012s delay=0.2393s (local map=16, WM=16)
[INFO] [1772812661.131905480] [rtabmap]: rtabmap (828): Rate=1.00s, Limit=0.000s, Conversion=0.0003s, RTAB-Map=0.0756s, Maps update=0.0003s pub=0.0020s delay=0.2381s (local map=16, WM=16)
[INFO] [1772812662.229256741] [rtabmap]: rtabmap (829): Rate=1.00s, Limit=0.000s, Conversion=0.0009s, RTAB-Map=0.0693s, Maps update=0.0004s pub=0.0010s delay=0.2354s (local map=16, WM=16)
[INFO] [1772812663.320669639] [rtabmap]: rtabmap (830): Rate=1.00s, Limit=0.000s, Conversion=0.0004s, RTAB-Map=0.0685s, Maps update=0.0003s pub=0.0007s delay=0.2278s (local map=16, WM=16)
[INFO] [1772812664.341108203] [rtabmap]: rtabmap (831): Rate=1.00s, Limit=0.000s, Conversion=0.0004s, RTAB-Map=0.0668s, Maps update=0.0003s pub=0.0017s delay=0.2473s (local map=16, WM=16)
[INFO] [1772812665.331295473] [rtabmap]: rtabmap (832): Rate=1.00s, Limit=0.000s, Conversion=0.0006s, RTAB-Map=0.0743s, Maps update=0.0003s pub=0.0010s delay=0.2368s (local map=16, WM=16)
[INFO] [1772812666.425031113] [rtabmap]: rtabmap (833): Rate=1.00s, Limit=0.000s, Conversion=0.0004s, RTAB-Map=0.0655s, Maps update=0.0003s pub=0.0008s delay=0.2320s (local map=16, WM=16)
[INFO] [1772812667.418982810] [rtabmap]: rtabmap (834): Rate=1.00s, Limit=0.000s, Conversion=0.0006s, RTAB-Map=0.0673s, Maps update=0.0003s pub=0.0016s delay=0.2250s (local map=16, WM=16)
[INFO] [1772812668.535216913] [rtabmap]: rtabmap (835): Rate=1.00s, Limit=0.000s, Conversion=0.0005s, RTAB-Map=0.0694s, Maps update=0.0004s pub=0.0011s delay=0.2421s (local map=16, WM=16)
[INFO] [1772812669.520339708] [rtabmap]: rtabmap (836): Rate=1.00s, Limit=0.000s, Conversion=0.0005s, RTAB-Map=0.0679s, Maps update=0.0003s pub=0.0011s delay=0.2272s (local map=16, WM=16)
[INFO] [1772812670.649612628] [rtabmap]: rtabmap (837): Rate=1.00s, Limit=0.000s, Conversion=0.0003s, RTAB-Map=0.0887s, Maps update=0.0003s pub=0.0009s delay=0.2564s (local map=16, WM=16)
[INFO] [1772812671.730003647] [rtabmap]: rtabmap (838): Rate=1.00s, Limit=0.000s, Conversion=0.0004s, RTAB-Map=0.0672s, Maps update=0.0003s pub=0.0012s delay=0.2370s (local map=16, WM=16)
[INFO] [1772812672.727888673] [rtabmap]: rtabmap (839): Rate=1.00s, Limit=0.000s, Conversion=0.0003s, RTAB-Map=0.0759s, Maps update=0.0003s pub=0.0008s delay=0.2348s (local map=16, WM=16)
[INFO] [1772812673.820679350] [rtabmap]: rtabmap (840): Rate=1.00s, Limit=0.000s, Conversion=0.0004s, RTAB-Map=0.0631s, Maps update=0.0004s pub=0.0009s delay=0.2279s (local map=16, WM=16)
[INFO] [1772812674.828728816] [rtabmap]: rtabmap (841): Rate=1.00s, Limit=0.000s, Conversion=0.0003s, RTAB-Map=0.0652s, Maps update=0.0003s pub=0.0010s delay=0.2355s (local map=16, WM=16)
[INFO] [1772812675.831173659] [rtabmap]: rtabmap (842): Rate=1.00s, Limit=0.000s, Conversion=0.0003s, RTAB-Map=0.0704s, Maps update=0.0003s pub=0.0009s delay=0.2373s (local map=16, WM=16)
[INFO] [1772812676.929357335] [rtabmap]: rtabmap (843): Rate=1.00s, Limit=0.000s, Conversion=0.0005s, RTAB-Map=0.0702s, Maps update=0.0009s pub=0.0075s delay=0.2363s (local map=16, WM=16)
[INFO] [1772812677.922750708] [rtabmap]: rtabmap (844): Rate=1.00s, Limit=0.000s, Conversion=0.0003s, RTAB-Map=0.0695s, Maps update=0.0004s pub=0.0013s delay=0.2297s (local map=16, WM=16)
[INFO] [1772812679.014274682] [rtabmap]: rtabmap (845): Rate=1.00s, Limit=0.000s, Conversion=0.0003s, RTAB-Map=0.0631s, Maps update=0.0003s pub=0.0007s delay=0.2213s (local map=16, WM=16)
[INFO] [1772812680.124699322] [rtabmap]: rtabmap (846): Rate=1.00s, Limit=0.000s, Conversion=0.0003s, RTAB-Map=0.0693s, Maps update=0.0003s pub=0.0012s delay=0.2320s (local map=16, WM=16)
[INFO] [1772812681.125524489] [rtabmap]: rtabmap (847): Rate=1.00s, Limit=0.000s, Conversion=0.0003s, RTAB-Map=0.0666s, Maps update=0.0003s pub=0.0008s delay=0.2315s (local map=16, WM=16)
[INFO] [1772812682.142433834] [rtabmap]: rtabmap (848): Rate=1.00s, Limit=0.000s, Conversion=0.0105s, RTAB-Map=0.0660s, Maps update=0.0004s pub=0.0008s delay=0.2483s (local map=16, WM=16)
[INFO] [1772812683.226467739] [rtabmap]: rtabmap (849): Rate=1.00s, Limit=0.000s, Conversion=0.0004s, RTAB-Map=0.0678s, Maps update=0.0015s pub=0.0008s delay=0.2337s (local map=16, WM=16)
[INFO] [1772812684.225116538] [rtabmap]: rtabmap (850): Rate=1.00s, Limit=0.000s, Conversion=0.0005s, RTAB-Map=0.0633s, Maps update=0.0003s pub=0.0008s delay=0.2318s (local map=16, WM=16)
[INFO] [1772812685.323114575] [rtabmap]: rtabmap (851): Rate=1.00s, Limit=0.000s, Conversion=0.0004s, RTAB-Map=0.0653s, Maps update=0.0004s pub=0.0012s delay=0.2303s (local map=16, WM=16)
[INFO] [1772812686.332758852] [rtabmap]: rtabmap (852): Rate=1.00s, Limit=0.000s, Conversion=0.0004s, RTAB-Map=0.0726s, Maps update=0.0004s pub=0.0014s delay=0.2397s (local map=16, WM=16)
[INFO] [1772812687.438980809] [rtabmap]: rtabmap (853): Rate=1.00s, Limit=0.000s, Conversion=0.0006s, RTAB-Map=0.0722s, Maps update=0.0003s pub=0.0008s delay=0.2449s (local map=16, WM=16)
[INFO] [1772812688.526706659] [rtabmap]: rtabmap (854): Rate=1.00s, Limit=0.000s, Conversion=0.0005s, RTAB-Map=0.0707s, Maps update=0.0003s pub=0.0008s delay=0.2338s (local map=16, WM=16)
[INFO] [1772812689.528873667] [rtabmap]: rtabmap (855): Rate=1.00s, Limit=0.000s, Conversion=0.0006s, RTAB-Map=0.0659s, Maps update=0.0003s pub=0.0010s delay=0.2348s (local map=16, WM=16)
[INFO] [1772812690.630580642] [rtabmap]: rtabmap (856): Rate=1.00s, Limit=0.000s, Conversion=0.0003s, RTAB-Map=0.0713s, Maps update=0.0003s pub=0.0009s delay=0.2377s (local map=16, WM=16)
[INFO] [1772812691.627659334] [rtabmap]: rtabmap (857): Rate=1.00s, Limit=0.000s, Conversion=0.0003s, RTAB-Map=0.0723s, Maps update=0.0003s pub=0.0008s delay=0.2346s (local map=16, WM=16)
[INFO] [1772812692.616148814] [rtabmap]: rtabmap (858): Rate=1.00s, Limit=0.000s, Conversion=0.0004s, RTAB-Map=0.0625s, Maps update=0.0008s pub=0.0008s delay=0.2229s (local map=16, WM=16)
[INFO] [1772812693.738214684] [rtabmap]: rtabmap (859): Rate=1.00s, Limit=0.000s, Conversion=0.0105s, RTAB-Map=0.0668s, Maps update=0.0004s pub=0.0007s delay=0.2452s (local map=16, WM=16)
[INFO] [1772812694.822777761] [rtabmap]: rtabmap (860): Rate=1.00s, Limit=0.000s, Conversion=0.0003s, RTAB-Map=0.0666s, Maps update=0.0003s pub=0.0007s delay=0.2297s (local map=16, WM=16)
[INFO] [1772812695.932257438] [rtabmap]: rtabmap (861): Rate=1.00s, Limit=0.000s, Conversion=0.0003s, RTAB-Map=0.0683s, Maps update=0.0003s pub=0.0008s delay=0.2395s (local map=16, WM=16)
[INFO] [1772812696.925293997] [rtabmap]: rtabmap (862): Rate=1.00s, Limit=0.000s, Conversion=0.0005s, RTAB-Map=0.0709s, Maps update=0.0003s pub=0.0015s delay=0.2323s (local map=16, WM=16)
[INFO] [1772812698.030365064] [rtabmap]: rtabmap (863): Rate=1.00s, Limit=0.000s, Conversion=0.0003s, RTAB-Map=0.0791s, Maps update=0.0003s pub=0.0010s delay=0.2377s (local map=16, WM=16)
[INFO] [1772812699.029759426] [rtabmap]: rtabmap (864): Rate=1.00s, Limit=0.000s, Conversion=0.0004s, RTAB-Map=0.0694s, Maps update=0.0003s pub=0.0010s delay=0.2370s (local map=16, WM=16)
[INFO] [1772812700.021083922] [rtabmap]: rtabmap (865): Rate=1.00s, Limit=0.000s, Conversion=0.0005s, RTAB-Map=0.0649s, Maps update=0.0003s pub=0.0009s delay=0.2282s (local map=16, WM=16)
[INFO] [1772812701.039051803] [rtabmap]: rtabmap (866): Rate=1.00s, Limit=0.000s, Conversion=0.0005s, RTAB-Map=0.0731s, Maps update=0.0003s pub=0.0009s delay=0.2461s (local map=16, WM=16)
[INFO] [1772812702.125378816] [rtabmap]: rtabmap (867): Rate=1.00s, Limit=0.000s, Conversion=0.0004s, RTAB-Map=0.0721s, Maps update=0.0003s pub=0.0008s delay=0.2325s (local map=16, WM=16)
[INFO] [1772812703.229967913] [rtabmap]: rtabmap (868): Rate=1.00s, Limit=0.000s, Conversion=0.0004s, RTAB-Map=0.0721s, Maps update=0.0004s pub=0.0008s delay=0.2372s (local map=16, WM=16)
[INFO] [1772812704.329212652] [rtabmap]: rtabmap (869): Rate=1.00s, Limit=0.000s, Conversion=0.0010s, RTAB-Map=0.0677s, Maps update=0.0004s pub=0.0011s delay=0.2363s (local map=16, WM=16)
[INFO] [1772812705.425833039] [rtabmap]: rtabmap (870): Rate=1.00s, Limit=0.000s, Conversion=0.0005s, RTAB-Map=0.0654s, Maps update=0.0003s pub=0.0008s delay=0.2329s (local map=16, WM=16)
[INFO] [1772812706.425540788] [rtabmap]: rtabmap (871): Rate=1.00s, Limit=0.000s, Conversion=0.0006s, RTAB-Map=0.0708s, Maps update=0.0003s pub=0.0010s delay=0.2326s (local map=16, WM=16)
[INFO] [1772812707.529261725] [rtabmap]: rtabmap (872): Rate=1.00s, Limit=0.000s, Conversion=0.0005s, RTAB-Map=0.0676s, Maps update=0.0004s pub=0.0012s delay=0.2364s (local map=16, WM=16)
[INFO] [1772812708.636092312] [rtabmap]: rtabmap (873): Rate=1.00s, Limit=0.000s, Conversion=0.0004s, RTAB-Map=0.0773s, Maps update=0.0003s pub=0.0008s delay=0.2431s (local map=16, WM=16)
[INFO] [1772812709.643087787] [rtabmap]: rtabmap (874): Rate=1.00s, Limit=0.000s, Conversion=0.0003s, RTAB-Map=0.0722s, Maps update=0.0003s pub=0.0008s delay=0.2501s (local map=16, WM=16)
[INFO] [1772812710.731836939] [rtabmap]: rtabmap (875): Rate=1.00s, Limit=0.000s, Conversion=0.0004s, RTAB-Map=0.0709s, Maps update=0.0004s pub=0.0009s delay=0.2389s (local map=16, WM=16)
[INFO] [1772812711.723655661] [rtabmap]: rtabmap (876): Rate=1.00s, Limit=0.000s, Conversion=0.0003s, RTAB-Map=0.0681s, Maps update=0.0003s pub=0.0009s delay=0.2307s (local map=16, WM=16)
[INFO] [1772812712.828374459] [rtabmap]: rtabmap (877): Rate=1.00s, Limit=0.000s, Conversion=0.0003s, RTAB-Map=0.0717s, Maps update=0.0007s pub=0.0009s delay=0.2356s (local map=16, WM=16)
[INFO] [1772812713.830436759] [rtabmap]: rtabmap (878): Rate=1.00s, Limit=0.000s, Conversion=0.0106s, RTAB-Map=0.0639s, Maps update=0.0003s pub=0.0008s delay=0.2376s (local map=16, WM=16)
[INFO] [1772812714.936313232] [rtabmap]: rtabmap (879): Rate=1.00s, Limit=0.000s, Conversion=0.0003s, RTAB-Map=0.0665s, Maps update=0.0003s pub=0.0010s delay=0.2437s (local map=16, WM=16)
[INFO] [1772812715.930099579] [rtabmap]: rtabmap (880): Rate=1.00s, Limit=0.000s, Conversion=0.0003s, RTAB-Map=0.0733s, Maps update=0.0004s pub=0.0010s delay=0.2371s (local map=16, WM=16)
[INFO] [1772812717.020922471] [rtabmap]: rtabmap (881): Rate=1.00s, Limit=0.000s, Conversion=0.0005s, RTAB-Map=0.0677s, Maps update=0.0015s pub=0.0009s delay=0.2280s (local map=16, WM=16)
[INFO] [1772812718.134154767] [rtabmap]: rtabmap (882): Rate=1.00s, Limit=0.000s, Conversion=0.0003s, RTAB-Map=0.0666s, Maps update=0.0003s pub=0.0011s delay=0.2413s (local map=16, WM=16)
[INFO] [1772812719.224808244] [rtabmap]: rtabmap (883): Rate=1.00s, Limit=0.000s, Conversion=0.0003s, RTAB-Map=0.0683s, Maps update=0.0004s pub=0.0009s delay=0.2319s (local map=16, WM=16)
[INFO] [1772812720.223116231] [rtabmap]: rtabmap (884): Rate=1.00s, Limit=0.000s, Conversion=0.0004s, RTAB-Map=0.0731s, Maps update=0.0003s pub=0.0013s delay=0.2302s (local map=16, WM=16)
[INFO] [1772812721.227907560] [rtabmap]: rtabmap (885): Rate=1.00s, Limit=0.000s, Conversion=0.0004s, RTAB-Map=0.0717s, Maps update=0.0004s pub=0.0011s delay=0.2350s (local map=16, WM=16)
[INFO] [1772812722.219999893] [rtabmap]: rtabmap (886): Rate=1.00s, Limit=0.000s, Conversion=0.0005s, RTAB-Map=0.0688s, Maps update=0.0003s pub=0.0008s delay=0.2270s (local map=16, WM=16)
[INFO] [1772812723.327098554] [rtabmap]: rtabmap (887): Rate=1.00s, Limit=0.000s, Conversion=0.0006s, RTAB-Map=0.0658s, Maps update=0.0007s pub=0.0009s delay=0.2342s (local map=16, WM=16)
[INFO] [1772812724.322537730] [rtabmap]: rtabmap (888): Rate=1.00s, Limit=0.000s, Conversion=0.0005s, RTAB-Map=0.0656s, Maps update=0.0003s pub=0.0008s delay=0.2296s (local map=16, WM=16)
[INFO] [1772812725.428042861] [rtabmap]: rtabmap (889): Rate=1.00s, Limit=0.000s, Conversion=0.0003s, RTAB-Map=0.0694s, Maps update=0.0017s pub=0.0010s delay=0.2351s (local map=16, WM=16)
[INFO] [1772812726.532349419] [rtabmap]: rtabmap (890): Rate=1.00s, Limit=0.000s, Conversion=0.0003s, RTAB-Map=0.0744s, Maps update=0.0003s pub=0.0009s delay=0.2395s (local map=16, WM=16)
[INFO] [1772812727.532541986] [rtabmap]: rtabmap (891): Rate=1.00s, Limit=0.000s, Conversion=0.0005s, RTAB-Map=0.0648s, Maps update=0.0004s pub=0.0013s delay=0.2395s (local map=16, WM=16)
[INFO] [1772812728.618032041] [rtabmap]: rtabmap (892): Rate=1.00s, Limit=0.000s, Conversion=0.0005s, RTAB-Map=0.0630s, Maps update=0.0003s pub=0.0020s delay=0.2253s (local map=16, WM=16)
[INFO] [1772812729.650882296] [rtabmap]: rtabmap (893): Rate=1.00s, Limit=0.000s, Conversion=0.0005s, RTAB-Map=0.0773s, Maps update=0.0003s pub=0.0008s delay=0.2579s (local map=16, WM=16)
[INFO] [1772812730.729400893] [rtabmap]: rtabmap (894): Rate=1.00s, Limit=0.000s, Conversion=0.0004s, RTAB-Map=0.0667s, Maps update=0.0003s pub=0.0010s delay=0.2365s (local map=16, WM=16)
[INFO] [1772812731.734696657] [rtabmap]: rtabmap (895): Rate=1.00s, Limit=0.000s, Conversion=0.0003s, RTAB-Map=0.0729s, Maps update=0.0006s pub=0.0008s delay=0.2417s (local map=16, WM=16)
[INFO] [1772812732.833771886] [rtabmap]: rtabmap (896): Rate=1.00s, Limit=0.000s, Conversion=0.0005s, RTAB-Map=0.0742s, Maps update=0.0004s pub=0.0008s delay=0.2410s (local map=16, WM=16)
[INFO] [1772812733.822988561] [rtabmap]: rtabmap (897): Rate=1.00s, Limit=0.000s, Conversion=0.0003s, RTAB-Map=0.0660s, Maps update=0.0003s pub=0.0009s delay=0.2301s (local map=16, WM=16)
[INFO] [1772812734.837272721] [rtabmap]: rtabmap (898): Rate=1.00s, Limit=0.000s, Conversion=0.0007s, RTAB-Map=0.0820s, Maps update=0.0003s pub=0.0013s delay=0.2444s (local map=16, WM=16)
[INFO] [1772812735.934396038] [rtabmap]: rtabmap (899): Rate=1.00s, Limit=0.000s, Conversion=0.0003s, RTAB-Map=0.0706s, Maps update=0.0003s pub=0.0008s delay=0.2414s (local map=16, WM=16)
[INFO] [1772812736.925364553] [rtabmap]: rtabmap (900): Rate=1.00s, Limit=0.000s, Conversion=0.0004s, RTAB-Map=0.0706s, Maps update=0.0003s pub=0.0011s delay=0.2323s (local map=16, WM=16)
[INFO] [1772812738.044295939] [rtabmap]: rtabmap (901): Rate=1.00s, Limit=0.000s, Conversion=0.0003s, RTAB-Map=0.0798s, Maps update=0.0004s pub=0.0013s delay=0.2514s (local map=16, WM=16)
[INFO] [1772812739.024777251] [rtabmap]: rtabmap (902): Rate=1.00s, Limit=0.000s, Conversion=0.0005s, RTAB-Map=0.0705s, Maps update=0.0004s pub=0.0008s delay=0.2319s (local map=16, WM=16)
[INFO] [1772812740.138768455] [rtabmap]: rtabmap (903): Rate=1.00s, Limit=0.000s, Conversion=0.0004s, RTAB-Map=0.0722s, Maps update=0.0003s pub=0.0008s delay=0.2459s (local map=16, WM=16)
[INFO] [1772812741.128571007] [rtabmap]: rtabmap (904): Rate=1.00s, Limit=0.000s, Conversion=0.0003s, RTAB-Map=0.0752s, Maps update=0.0004s pub=0.0009s delay=0.2356s (local map=16, WM=16)
[INFO] [1772812742.231540267] [rtabmap]: rtabmap (905): Rate=1.00s, Limit=0.000s, Conversion=0.0003s, RTAB-Map=0.0675s, Maps update=0.0003s pub=0.0010s delay=0.2386s (local map=16, WM=16)
[INFO] [1772812743.213168437] [rtabmap]: rtabmap (906): Rate=1.00s, Limit=0.000s, Conversion=0.0004s, RTAB-Map=0.0608s, Maps update=0.0003s pub=0.0008s delay=0.2201s (local map=16, WM=16)
[INFO] [1772812744.325683523] [rtabmap]: rtabmap (907): Rate=1.00s, Limit=0.000s, Conversion=0.0005s, RTAB-Map=0.0688s, Maps update=0.0003s pub=0.0011s delay=0.2327s (local map=16, WM=16)
[INFO] [1772812745.345756185] [rtabmap]: rtabmap (908): Rate=1.00s, Limit=0.000s, Conversion=0.0005s, RTAB-Map=0.0726s, Maps update=0.0003s pub=0.0009s delay=0.2527s (local map=16, WM=16)
[INFO] [1772812746.320843185] [rtabmap]: rtabmap (909): Rate=1.00s, Limit=0.000s, Conversion=0.0004s, RTAB-Map=0.0656s, Maps update=0.0003s pub=0.0007s delay=0.2278s (local map=16, WM=16)
[INFO] [1772812747.318996221] [rtabmap]: rtabmap (910): Rate=1.00s, Limit=0.000s, Conversion=0.0004s, RTAB-Map=0.0626s, Maps update=0.0004s pub=0.0014s delay=0.2259s (local map=16, WM=16)
[INFO] [1772812748.433744253] [rtabmap]: rtabmap (911): Rate=1.00s, Limit=0.000s, Conversion=0.0003s, RTAB-Map=0.0692s, Maps update=0.0003s pub=0.0008s delay=0.2408s (local map=16, WM=16)
[INFO] [1772812749.526563059] [rtabmap]: rtabmap (912): Rate=1.00s, Limit=0.000s, Conversion=0.0005s, RTAB-Map=0.0673s, Maps update=0.0004s pub=0.0008s delay=0.2335s (local map=16, WM=16)
[INFO] [1772812750.640604601] [rtabmap]: rtabmap (913): Rate=1.00s, Limit=0.000s, Conversion=0.0003s, RTAB-Map=0.0755s, Maps update=0.0003s pub=0.0009s delay=0.2476s (local map=16, WM=16)
[INFO] [1772812751.628406055] [rtabmap]: rtabmap (914): Rate=1.00s, Limit=0.000s, Conversion=0.0005s, RTAB-Map=0.0740s, Maps update=0.0003s pub=0.0009s delay=0.2354s (local map=16, WM=16)
[INFO] [1772812752.628599935] [rtabmap]: rtabmap (915): Rate=1.00s, Limit=0.000s, Conversion=0.0006s, RTAB-Map=0.0702s, Maps update=0.0003s pub=0.0008s delay=0.2355s (local map=16, WM=16)
[INFO] [1772812753.723838222] [rtabmap]: rtabmap (916): Rate=1.00s, Limit=0.000s, Conversion=0.0004s, RTAB-Map=0.0723s, Maps update=0.0003s pub=0.0012s delay=0.2307s (local map=16, WM=16)
[INFO] [1772812754.825625007] [rtabmap]: rtabmap (917): Rate=1.00s, Limit=0.000s, Conversion=0.0003s, RTAB-Map=0.0667s, Maps update=0.0005s pub=0.0008s delay=0.2323s (local map=16, WM=16)
[INFO] [1772812755.937137815] [rtabmap]: rtabmap (918): Rate=1.00s, Limit=0.000s, Conversion=0.0005s, RTAB-Map=0.0738s, Maps update=0.0003s pub=0.0009s delay=0.2438s (local map=16, WM=16)
[INFO] [1772812757.029798823] [rtabmap]: rtabmap (919): Rate=1.00s, Limit=0.000s, Conversion=0.0004s, RTAB-Map=0.0699s, Maps update=0.0003s pub=0.0009s delay=0.2368s (local map=16, WM=16)
[INFO] [1772812758.033194805] [rtabmap]: rtabmap (920): Rate=1.00s, Limit=0.000s, Conversion=0.0005s, RTAB-Map=0.0724s, Maps update=0.0003s pub=0.0010s delay=0.2400s (local map=16, WM=16)
[INFO] [1772812759.027283980] [rtabmap]: rtabmap (921): Rate=1.00s, Limit=0.000s, Conversion=0.0003s, RTAB-Map=0.0710s, Maps update=0.0005s pub=0.0023s delay=0.2341s (local map=16, WM=16)
[INFO] [1772812760.021273726] [rtabmap]: rtabmap (922): Rate=1.00s, Limit=0.000s, Conversion=0.0003s, RTAB-Map=0.0632s, Maps update=0.0003s pub=0.0010s delay=0.2281s (local map=16, WM=16)
[INFO] [1772812761.041800645] [rtabmap]: rtabmap (923): Rate=1.00s, Limit=0.000s, Conversion=0.0003s, RTAB-Map=0.0793s, Maps update=0.0003s pub=0.0009s delay=0.2485s (local map=16, WM=16)
[INFO] [1772812762.127766750] [rtabmap]: rtabmap (924): Rate=1.00s, Limit=0.000s, Conversion=0.0005s, RTAB-Map=0.0636s, Maps update=0.0004s pub=0.0014s delay=0.2346s (local map=16, WM=16)
[INFO] [1772812763.136331499] [rtabmap]: rtabmap (925): Rate=1.00s, Limit=0.000s, Conversion=0.0006s, RTAB-Map=0.0738s, Maps update=0.0003s pub=0.0009s delay=0.2431s (local map=16, WM=16)
[INFO] [1772812764.227664586] [rtabmap]: rtabmap (926): Rate=1.00s, Limit=0.000s, Conversion=0.0003s, RTAB-Map=0.0660s, Maps update=0.0003s pub=0.0009s delay=0.2345s (local map=16, WM=16)
[INFO] [1772812765.327298235] [rtabmap]: rtabmap (927): Rate=1.00s, Limit=0.000s, Conversion=0.0003s, RTAB-Map=0.0719s, Maps update=0.0003s pub=0.0015s delay=0.2341s (local map=16, WM=16)
[INFO] [1772812766.427345020] [rtabmap]: rtabmap (928): Rate=1.00s, Limit=0.000s, Conversion=0.0003s, RTAB-Map=0.0654s, Maps update=0.0004s pub=0.0007s delay=0.2342s (local map=16, WM=16)
[INFO] [1772812767.427404111] [rtabmap]: rtabmap (929): Rate=1.00s, Limit=0.000s, Conversion=0.0003s, RTAB-Map=0.0697s, Maps update=0.0003s pub=0.0008s delay=0.2341s (local map=16, WM=16)
[INFO] [1772812768.536734375] [rtabmap]: rtabmap (930): Rate=1.00s, Limit=0.000s, Conversion=0.0005s, RTAB-Map=0.0746s, Maps update=0.0003s pub=0.0009s delay=0.2436s (local map=16, WM=16)
[INFO] [1772812769.622814532] [rtabmap]: rtabmap (931): Rate=1.00s, Limit=0.000s, Conversion=0.0004s, RTAB-Map=0.0670s, Maps update=0.0003s pub=0.0008s delay=0.2296s (local map=16, WM=16)
[INFO] [1772812770.723255699] [rtabmap]: rtabmap (932): Rate=1.00s, Limit=0.000s, Conversion=0.0005s, RTAB-Map=0.0662s, Maps update=0.0003s pub=0.0009s delay=0.2301s (local map=16, WM=16)
[INFO] [1772812771.726030378] [rtabmap]: rtabmap (933): Rate=1.00s, Limit=0.000s, Conversion=0.0007s, RTAB-Map=0.0750s, Maps update=0.0003s pub=0.0010s delay=0.2328s (local map=16, WM=16)
[INFO] [1772812772.832647038] [rtabmap]: rtabmap (934): Rate=1.00s, Limit=0.000s, Conversion=0.0005s, RTAB-Map=0.0672s, Maps update=0.0005s pub=0.0012s delay=0.2395s (local map=16, WM=16)
[INFO] [1772812773.825609290] [rtabmap]: rtabmap (935): Rate=1.00s, Limit=0.000s, Conversion=0.0005s, RTAB-Map=0.0678s, Maps update=0.0003s pub=0.0008s delay=0.2323s (local map=16, WM=16)
[INFO] [1772812774.929426678] [rtabmap]: rtabmap (936): Rate=1.00s, Limit=0.000s, Conversion=0.0003s, RTAB-Map=0.0717s, Maps update=0.0003s pub=0.0009s delay=0.2362s (local map=16, WM=16)
[INFO] [1772812776.026382021] [rtabmap]: rtabmap (937): Rate=1.00s, Limit=0.000s, Conversion=0.0004s, RTAB-Map=0.0616s, Maps update=0.0003s pub=0.0008s delay=0.2331s (local map=16, WM=16)
[INFO] [1772812777.126479240] [rtabmap]: rtabmap (938): Rate=1.00s, Limit=0.000s, Conversion=0.0005s, RTAB-Map=0.0685s, Maps update=0.0008s pub=0.0010s delay=0.2331s (local map=16, WM=16)
[INFO] [1772812778.229224876] [rtabmap]: rtabmap (939): Rate=1.00s, Limit=0.000s, Conversion=0.0004s, RTAB-Map=0.0690s, Maps update=0.0003s pub=0.0009s delay=0.2359s (local map=16, WM=16)
[INFO] [1772812779.226529465] [rtabmap]: rtabmap (940): Rate=1.00s, Limit=0.000s, Conversion=0.0014s, RTAB-Map=0.0638s, Maps update=0.0003s pub=0.0009s delay=0.2332s (local map=16, WM=16)
[INFO] [1772812780.330455241] [rtabmap]: rtabmap (941): Rate=1.00s, Limit=0.000s, Conversion=0.0004s, RTAB-Map=0.0700s, Maps update=0.0004s pub=0.0008s delay=0.2371s (local map=16, WM=16)
[INFO] [1772812781.330098413] [rtabmap]: rtabmap (942): Rate=1.00s, Limit=0.000s, Conversion=0.0005s, RTAB-Map=0.0715s, Maps update=0.0003s pub=0.0010s delay=0.2367s (local map=16, WM=16)
[INFO] [1772812782.421924606] [rtabmap]: rtabmap (943): Rate=1.00s, Limit=0.000s, Conversion=0.0005s, RTAB-Map=0.0676s, Maps update=0.0003s pub=0.0008s delay=0.2287s (local map=16, WM=16)
[INFO] [1772812783.530530587] [rtabmap]: rtabmap (944): Rate=1.00s, Limit=0.000s, Conversion=0.0003s, RTAB-Map=0.0684s, Maps update=0.0003s pub=0.0009s delay=0.2371s (local map=16, WM=16)
[INFO] [1772812784.624396535] [rtabmap]: rtabmap (945): Rate=1.00s, Limit=0.000s, Conversion=0.0004s, RTAB-Map=0.0752s, Maps update=0.0005s pub=0.0010s delay=0.2310s (local map=16, WM=16)
[INFO] [1772812785.736292046] [rtabmap]: rtabmap (946): Rate=1.00s, Limit=0.000s, Conversion=0.0004s, RTAB-Map=0.0780s, Maps update=0.0003s pub=0.0007s delay=0.2430s (local map=16, WM=16)
[INFO] [1772812786.724354117] [rtabmap]: rtabmap (947): Rate=1.00s, Limit=0.000s, Conversion=0.0004s, RTAB-Map=0.0655s, Maps update=0.0003s pub=0.0015s delay=0.2310s (local map=16, WM=16)
[INFO] [1772812787.835750698] [rtabmap]: rtabmap (948): Rate=1.00s, Limit=0.000s, Conversion=0.0006s, RTAB-Map=0.0744s, Maps update=0.0004s pub=0.0012s delay=0.2423s (local map=16, WM=16)
[INFO] [1772812788.934781125] [rtabmap]: rtabmap (949): Rate=1.00s, Limit=0.000s, Conversion=0.0003s, RTAB-Map=0.0730s, Maps update=0.0005s pub=0.0013s delay=0.2415s (local map=16, WM=16)
[INFO] [1772812789.921769461] [rtabmap]: rtabmap (950): Rate=1.00s, Limit=0.000s, Conversion=0.0006s, RTAB-Map=0.0671s, Maps update=0.0013s pub=0.0009s delay=0.2283s (local map=16, WM=16)
[INFO] [1772812791.029617590] [rtabmap]: rtabmap (951): Rate=1.00s, Limit=0.000s, Conversion=0.0005s, RTAB-Map=0.0716s, Maps update=0.0004s pub=0.0012s delay=0.2359s (local map=16, WM=16)
[INFO] [1772812792.118546684] [rtabmap]: rtabmap (952): Rate=1.00s, Limit=0.000s, Conversion=0.0004s, RTAB-Map=0.0629s, Maps update=0.0003s pub=0.0009s delay=0.2250s (local map=16, WM=16)
[INFO] [1772812793.250211693] [rtabmap]: rtabmap (953): Rate=1.00s, Limit=0.000s, Conversion=0.0006s, RTAB-Map=0.0887s, Maps update=0.0003s pub=0.0008s delay=0.2569s (local map=16, WM=16)
[INFO] [1772812794.228964652] [rtabmap]: rtabmap (954): Rate=1.00s, Limit=0.000s, Conversion=0.0006s, RTAB-Map=0.0697s, Maps update=0.0003s pub=0.0014s delay=0.2355s (local map=16, WM=16)
[INFO] [1772812795.326550418] [rtabmap]: rtabmap (955): Rate=1.00s, Limit=0.000s, Conversion=0.0007s, RTAB-Map=0.0689s, Maps update=0.0003s pub=0.0009s delay=0.2330s (local map=16, WM=16)
[INFO] [1772812796.430866801] [rtabmap]: rtabmap (956): Rate=1.00s, Limit=0.000s, Conversion=0.0003s, RTAB-Map=0.0645s, Maps update=0.0003s pub=0.0009s delay=0.2374s (local map=16, WM=16)
[INFO] [1772812797.534860323] [rtabmap]: rtabmap (957): Rate=1.00s, Limit=0.000s, Conversion=0.0003s, RTAB-Map=0.0666s, Maps update=0.0003s pub=0.0008s delay=0.2414s (local map=16, WM=16)
[INFO] [1772812798.525525531] [rtabmap]: rtabmap (958): Rate=1.00s, Limit=0.000s, Conversion=0.0005s, RTAB-Map=0.0622s, Maps update=0.0003s pub=0.0010s delay=0.2320s (local map=16, WM=16)
[INFO] [1772812799.627866225] [rtabmap]: rtabmap (959): Rate=1.00s, Limit=0.000s, Conversion=0.0106s, RTAB-Map=0.0623s, Maps update=0.0004s pub=0.0012s delay=0.2344s (local map=16, WM=16)
[INFO] [1772812800.745030154] [rtabmap]: rtabmap (960): Rate=1.00s, Limit=0.000s, Conversion=0.0004s, RTAB-Map=0.0758s, Maps update=0.0003s pub=0.0008s delay=0.2516s (local map=16, WM=16)
[INFO] [1772812801.720787035] [rtabmap]: rtabmap (961): Rate=1.00s, Limit=0.000s, Conversion=0.0003s, RTAB-Map=0.0654s, Maps update=0.0003s pub=0.0012s delay=0.2271s (local map=16, WM=16)
[INFO] [1772812802.830171669] [rtabmap]: rtabmap (962): Rate=1.00s, Limit=0.000s, Conversion=0.0004s, RTAB-Map=0.0784s, Maps update=0.0005s pub=0.0008s delay=0.2366s (local map=16, WM=16)
[INFO] [1772812803.931830577] [rtabmap]: rtabmap (963): Rate=1.00s, Limit=0.000s, Conversion=0.0003s, RTAB-Map=0.0702s, Maps update=0.0003s pub=0.0008s delay=0.2382s (local map=16, WM=16)
[INFO] [1772812804.933613732] [rtabmap]: rtabmap (964): Rate=1.00s, Limit=0.000s, Conversion=0.0005s, RTAB-Map=0.0756s, Maps update=0.0003s pub=0.0009s delay=0.2399s (local map=16, WM=16)
[INFO] [1772812806.028495877] [rtabmap]: rtabmap (965): Rate=1.00s, Limit=0.000s, Conversion=0.0003s, RTAB-Map=0.0737s, Maps update=0.0004s pub=0.0011s delay=0.2350s (local map=16, WM=16)
[INFO] [1772812807.126346613] [rtabmap]: rtabmap (966): Rate=1.00s, Limit=0.000s, Conversion=0.0003s, RTAB-Map=0.0671s, Maps update=0.0004s pub=0.0011s delay=0.2326s (local map=16, WM=16)
[INFO] [1772812808.241881394] [rtabmap]: rtabmap (967): Rate=1.00s, Limit=0.000s, Conversion=0.0008s, RTAB-Map=0.0741s, Maps update=0.0003s pub=0.0009s delay=0.2484s (local map=16, WM=16)
[INFO] [1772812809.231392415] [rtabmap]: rtabmap (968): Rate=1.00s, Limit=0.000s, Conversion=0.0005s, RTAB-Map=0.0737s, Maps update=0.0004s pub=0.0013s delay=0.2378s (local map=16, WM=16)
[INFO] [1772812810.333269636] [rtabmap]: rtabmap (969): Rate=1.00s, Limit=0.000s, Conversion=0.0005s, RTAB-Map=0.0692s, Maps update=0.0003s pub=0.0008s delay=0.2398s (local map=16, WM=16)
[INFO] [1772812811.322578985] [rtabmap]: rtabmap (970): Rate=1.00s, Limit=0.000s, Conversion=0.0005s, RTAB-Map=0.0640s, Maps update=0.0005s pub=0.0007s delay=0.2291s (local map=16, WM=16)
[INFO] [1772812812.424625556] [rtabmap]: rtabmap (971): Rate=1.00s, Limit=0.000s, Conversion=0.0006s, RTAB-Map=0.0683s, Maps update=0.0003s pub=0.0017s delay=0.2311s (local map=16, WM=16)
[INFO] [1772812813.419147738] [rtabmap]: rtabmap (972): Rate=1.00s, Limit=0.000s, Conversion=0.0005s, RTAB-Map=0.0671s, Maps update=0.0003s pub=0.0008s delay=0.2256s (local map=16, WM=16)
[INFO] [1772812814.425938790] [rtabmap]: rtabmap (973): Rate=1.00s, Limit=0.000s, Conversion=0.0003s, RTAB-Map=0.0684s, Maps update=0.0006s pub=0.0012s delay=0.2323s (local map=16, WM=16)
[INFO] [1772812815.439936220] [rtabmap]: rtabmap (974): Rate=1.00s, Limit=0.000s, Conversion=0.0006s, RTAB-Map=0.0714s, Maps update=0.0006s pub=0.0011s delay=0.2460s (local map=16, WM=16)
[INFO] [1772812816.539266946] [rtabmap]: rtabmap (975): Rate=1.00s, Limit=0.000s, Conversion=0.0004s, RTAB-Map=0.0790s, Maps update=0.0003s pub=0.0011s delay=0.2455s (local map=16, WM=16)
[INFO] [1772812817.631202295] [rtabmap]: rtabmap (976): Rate=1.00s, Limit=0.000s, Conversion=0.0004s, RTAB-Map=0.0726s, Maps update=0.0003s pub=0.0008s delay=0.2376s (local map=16, WM=16)
[INFO] [1772812818.631154310] [rtabmap]: rtabmap (977): Rate=1.00s, Limit=0.000s, Conversion=0.0003s, RTAB-Map=0.0750s, Maps update=0.0003s pub=0.0008s delay=0.2374s (local map=16, WM=16)
[INFO] [1772812819.615982758] [rtabmap]: rtabmap (978): Rate=1.00s, Limit=0.000s, Conversion=0.0004s, RTAB-Map=0.0634s, Maps update=0.0003s pub=0.0011s delay=0.2223s (local map=16, WM=16)
[INFO] [1772812820.627132787] [rtabmap]: rtabmap (979): Rate=1.00s, Limit=0.000s, Conversion=0.0004s, RTAB-Map=0.0727s, Maps update=0.0003s pub=0.0008s delay=0.2334s (local map=16, WM=16)
[INFO] [1772812821.631944565] [rtabmap]: rtabmap (980): Rate=1.00s, Limit=0.000s, Conversion=0.0006s, RTAB-Map=0.0677s, Maps update=0.0005s pub=0.0012s delay=0.2381s (local map=16, WM=16)
[INFO] [1772812822.730796938] [rtabmap]: rtabmap (981): Rate=1.00s, Limit=0.000s, Conversion=0.0004s, RTAB-Map=0.0687s, Maps update=0.0003s pub=0.0010s delay=0.2369s (local map=16, WM=16)
[INFO] [1772812823.838331903] [rtabmap]: rtabmap (982): Rate=1.00s, Limit=0.000s, Conversion=0.0003s, RTAB-Map=0.0779s, Maps update=0.0003s pub=0.0008s delay=0.2445s (local map=16, WM=16)
[INFO] [1772812824.944050449] [rtabmap]: rtabmap (983): Rate=1.00s, Limit=0.000s, Conversion=0.0005s, RTAB-Map=0.0788s, Maps update=0.0004s pub=0.0009s delay=0.2504s (local map=16, WM=16)
[INFO] [1772812825.934195894] [rtabmap]: rtabmap (984): Rate=1.00s, Limit=0.000s, Conversion=0.0003s, RTAB-Map=0.0730s, Maps update=0.0004s pub=0.0009s delay=0.2404s (local map=16, WM=16)
[INFO] [1772812827.025235882] [rtabmap]: rtabmap (985): Rate=1.00s, Limit=0.000s, Conversion=0.0003s, RTAB-Map=0.0688s, Maps update=0.0005s pub=0.0011s delay=0.2315s (local map=16, WM=16)
[INFO] [1772812828.120955659] [rtabmap]: rtabmap (986): Rate=1.00s, Limit=0.000s, Conversion=0.0004s, RTAB-Map=0.0636s, Maps update=0.0003s pub=0.0013s delay=0.2273s (local map=16, WM=16)
[INFO] [1772812829.128622135] [rtabmap]: rtabmap (987): Rate=1.00s, Limit=0.000s, Conversion=0.0006s, RTAB-Map=0.0725s, Maps update=0.0003s pub=0.0008s delay=0.2349s (local map=16, WM=16)
[INFO] [1772812830.131973987] [rtabmap]: rtabmap (988): Rate=1.00s, Limit=0.000s, Conversion=0.0003s, RTAB-Map=0.0757s, Maps update=0.0003s pub=0.0013s delay=0.2381s (local map=16, WM=16)
[INFO] [1772812831.233282803] [rtabmap]: rtabmap (989): Rate=1.00s, Limit=0.000s, Conversion=0.0004s, RTAB-Map=0.0787s, Maps update=0.0003s pub=0.0013s delay=0.2395s (local map=16, WM=16)
[INFO] [1772812832.323623373] [rtabmap]: rtabmap (990): Rate=1.00s, Limit=0.000s, Conversion=0.0003s, RTAB-Map=0.0726s, Maps update=0.0003s pub=0.0009s delay=0.2298s (local map=16, WM=16)
[INFO] [1772812833.319732878] [rtabmap]: rtabmap (991): Rate=1.00s, Limit=0.000s, Conversion=0.0005s, RTAB-Map=0.0638s, Maps update=0.0008s pub=0.0014s delay=0.2258s (local map=16, WM=16)
[INFO] [1772812834.435056643] [rtabmap]: rtabmap (992): Rate=1.00s, Limit=0.000s, Conversion=0.0004s, RTAB-Map=0.0767s, Maps update=0.0003s pub=0.0007s delay=0.2412s (local map=16, WM=16)
[INFO] [1772812835.527498923] [rtabmap]: rtabmap (993): Rate=1.00s, Limit=0.000s, Conversion=0.0003s, RTAB-Map=0.0683s, Maps update=0.0003s pub=0.0008s delay=0.2336s (local map=16, WM=16)
[INFO] [1772812836.622004831] [rtabmap]: rtabmap (994): Rate=1.00s, Limit=0.000s, Conversion=0.0004s, RTAB-Map=0.0671s, Maps update=0.0003s pub=0.0011s delay=0.2280s (local map=16, WM=16)
[INFO] [1772812837.732096211] [rtabmap]: rtabmap (995): Rate=1.00s, Limit=0.000s, Conversion=0.0005s, RTAB-Map=0.0713s, Maps update=0.0004s pub=0.0009s delay=0.2382s (local map=16, WM=16)
[INFO] [1772812838.819835949] [rtabmap]: rtabmap (996): Rate=1.00s, Limit=0.000s, Conversion=0.0003s, RTAB-Map=0.0647s, Maps update=0.0003s pub=0.0008s delay=0.2260s (local map=16, WM=16)
[INFO] [1772812839.922354057] [rtabmap]: rtabmap (997): Rate=1.00s, Limit=0.000s, Conversion=0.0005s, RTAB-Map=0.0644s, Maps update=0.0004s pub=0.0012s delay=0.2286s (local map=16, WM=16)
[INFO] [1772812841.038375864] [rtabmap]: rtabmap (998): Rate=1.00s, Limit=0.000s, Conversion=0.0004s, RTAB-Map=0.0839s, Maps update=0.0003s pub=0.0009s delay=0.2446s (local map=16, WM=16)
[INFO] [1772812842.027480278] [rtabmap]: rtabmap (999): Rate=1.00s, Limit=0.000s, Conversion=0.0003s, RTAB-Map=0.0720s, Maps update=0.0003s pub=0.0008s delay=0.2336s (local map=16, WM=16)
[INFO] [1772812843.037766403] [rtabmap]: rtabmap (1000): Rate=1.00s, Limit=0.000s, Conversion=0.0105s, RTAB-Map=0.0678s, Maps update=0.0003s pub=0.0008s delay=0.2439s (local map=16, WM=16)
[INFO] [1772812844.025661140] [rtabmap]: rtabmap (1001): Rate=1.00s, Limit=0.000s, Conversion=0.0004s, RTAB-Map=0.0719s, Maps update=0.0004s pub=0.0018s delay=0.2316s (local map=16, WM=16)
[INFO] [1772812845.132056768] [rtabmap]: rtabmap (1002): Rate=1.00s, Limit=0.000s, Conversion=0.0019s, RTAB-Map=0.0681s, Maps update=0.0003s pub=0.0008s delay=0.2383s (local map=16, WM=16)
[INFO] [1772812846.226021024] [rtabmap]: rtabmap (1003): Rate=1.00s, Limit=0.000s, Conversion=0.0004s, RTAB-Map=0.0682s, Maps update=0.0004s pub=0.0012s delay=0.2321s (local map=16, WM=16)
[INFO] [1772812847.334679167] [rtabmap]: rtabmap (1004): Rate=1.00s, Limit=0.000s, Conversion=0.0003s, RTAB-Map=0.0699s, Maps update=0.0005s pub=0.0013s delay=0.2407s (local map=16, WM=16)
[INFO] [1772812848.437641707] [rtabmap]: rtabmap (1005): Rate=1.00s, Limit=0.000s, Conversion=0.0003s, RTAB-Map=0.0731s, Maps update=0.0005s pub=0.0013s delay=0.2437s (local map=16, WM=16)
[INFO] [1772812849.530232217] [rtabmap]: rtabmap (1006): Rate=1.00s, Limit=0.000s, Conversion=0.0004s, RTAB-Map=0.0733s, Maps update=0.0004s pub=0.0019s delay=0.2363s (local map=16, WM=16)
[INFO] [1772812850.633470799] [rtabmap]: rtabmap (1007): Rate=1.00s, Limit=0.000s, Conversion=0.0003s, RTAB-Map=0.0735s, Maps update=0.0003s pub=0.0009s delay=0.2396s (local map=16, WM=16)
[INFO] [1772812851.717594884] [rtabmap]: rtabmap (1008): Rate=1.00s, Limit=0.000s, Conversion=0.0005s, RTAB-Map=0.0652s, Maps update=0.0004s pub=0.0007s delay=0.2236s (local map=16, WM=16)
[INFO] [1772812852.827810076] [rtabmap]: rtabmap (1009): Rate=1.00s, Limit=0.000s, Conversion=0.0005s, RTAB-Map=0.0703s, Maps update=0.0003s pub=0.0011s delay=0.2338s (local map=16, WM=16)
[INFO] [1772812853.917684709] [rtabmap]: rtabmap (1010): Rate=1.00s, Limit=0.000s, Conversion=0.0012s, RTAB-Map=0.0652s, Maps update=0.0007s pub=0.0007s delay=0.2237s (local map=16, WM=16)
[INFO] [1772812855.027356394] [rtabmap]: rtabmap (1011): Rate=1.00s, Limit=0.000s, Conversion=0.0006s, RTAB-Map=0.0692s, Maps update=0.0003s pub=0.0008s delay=0.2335s (local map=16, WM=16)
[INFO] [1772812856.143594977] [rtabmap]: rtabmap (1012): Rate=1.00s, Limit=0.000s, Conversion=0.0003s, RTAB-Map=0.0813s, Maps update=0.0003s pub=0.0009s delay=0.2507s (local map=16, WM=16)
[INFO] [1772812857.123279395] [rtabmap]: rtabmap (1013): Rate=1.00s, Limit=0.000s, Conversion=0.0004s, RTAB-Map=0.0668s, Maps update=0.0003s pub=0.0008s delay=0.2293s (local map=16, WM=16)
[INFO] [1772812858.225117094] [rtabmap]: rtabmap (1014): Rate=1.00s, Limit=0.000s, Conversion=0.0005s, RTAB-Map=0.0701s, Maps update=0.0003s pub=0.0016s delay=0.2310s (local map=16, WM=16)
[INFO] [1772812859.334297528] [rtabmap]: rtabmap (1015): Rate=1.00s, Limit=0.000s, Conversion=0.0004s, RTAB-Map=0.0694s, Maps update=0.0010s pub=0.0010s delay=0.2404s (local map=16, WM=16)
[INFO] [1772812860.331924977] [rtabmap]: rtabmap (1016): Rate=1.00s, Limit=0.000s, Conversion=0.0009s, RTAB-Map=0.0718s, Maps update=0.0003s pub=0.0014s delay=0.2379s (local map=16, WM=16)
[INFO] [1772812861.326063849] [rtabmap]: rtabmap (1017): Rate=1.00s, Limit=0.000s, Conversion=0.0004s, RTAB-Map=0.0735s, Maps update=0.0003s pub=0.0007s delay=0.2320s (local map=16, WM=16)
[INFO] [1772812862.417708147] [rtabmap]: rtabmap (1018): Rate=1.00s, Limit=0.000s, Conversion=0.0005s, RTAB-Map=0.0634s, Maps update=0.0003s pub=0.0008s delay=0.2237s (local map=16, WM=16)
[INFO] [1772812863.531371307] [rtabmap]: rtabmap (1019): Rate=1.00s, Limit=0.000s, Conversion=0.0005s, RTAB-Map=0.0784s, Maps update=0.0004s pub=0.0011s delay=0.2385s (local map=16, WM=16)
[INFO] [1772812864.527010523] [rtabmap]: rtabmap (1020): Rate=1.00s, Limit=0.000s, Conversion=0.0003s, RTAB-Map=0.0667s, Maps update=0.0006s pub=0.0009s delay=0.2330s (local map=16, WM=16)
[INFO] [1772812865.637425051] [rtabmap]: rtabmap (1021): Rate=1.00s, Limit=0.000s, Conversion=0.0003s, RTAB-Map=0.0807s, Maps update=0.0003s pub=0.0012s delay=0.2435s (local map=16, WM=16)
[INFO] [1772812866.726279294] [rtabmap]: rtabmap (1022): Rate=1.00s, Limit=0.000s, Conversion=0.0007s, RTAB-Map=0.0634s, Maps update=0.0003s pub=0.0013s delay=0.2322s (local map=16, WM=16)
[INFO] [1772812867.827192255] [rtabmap]: rtabmap (1023): Rate=1.00s, Limit=0.000s, Conversion=0.0004s, RTAB-Map=0.0671s, Maps update=0.0003s pub=0.0008s delay=0.2343s (local map=16, WM=16)
[INFO] [1772812868.828515264] [rtabmap]: rtabmap (1024): Rate=1.00s, Limit=0.000s, Conversion=0.0004s, RTAB-Map=0.0672s, Maps update=0.0003s pub=0.0010s delay=0.2355s (local map=16, WM=16)
[INFO] [1772812869.826997945] [rtabmap]: rtabmap (1025): Rate=1.00s, Limit=0.000s, Conversion=0.0004s, RTAB-Map=0.0675s, Maps update=0.0003s pub=0.0007s delay=0.2332s (local map=16, WM=16)
[INFO] [1772812870.822649353] [rtabmap]: rtabmap (1026): Rate=1.00s, Limit=0.000s, Conversion=0.0003s, RTAB-Map=0.0662s, Maps update=0.0004s pub=0.0013s delay=0.2285s (local map=16, WM=16)
[INFO] [1772812871.819918805] [rtabmap]: rtabmap (1027): Rate=1.00s, Limit=0.000s, Conversion=0.0004s, RTAB-Map=0.0663s, Maps update=0.0004s pub=0.0007s delay=0.2258s (local map=16, WM=16)
[INFO] [1772812872.927648017] [rtabmap]: rtabmap (1028): Rate=1.00s, Limit=0.000s, Conversion=0.0010s, RTAB-Map=0.0684s, Maps update=0.0003s pub=0.0008s delay=0.2336s (local map=16, WM=16)
[INFO] [1772812873.917008665] [rtabmap]: rtabmap (1029): Rate=1.00s, Limit=0.000s, Conversion=0.0005s, RTAB-Map=0.0623s, Maps update=0.0003s pub=0.0016s delay=0.2229s (local map=16, WM=16)
[INFO] [1772812875.028045488] [rtabmap]: rtabmap (1030): Rate=1.00s, Limit=0.000s, Conversion=0.0003s, RTAB-Map=0.0712s, Maps update=0.0003s pub=0.0009s delay=0.2340s (local map=16, WM=16)
[INFO] [1772812876.044885934] [rtabmap]: rtabmap (1031): Rate=1.00s, Limit=0.000s, Conversion=0.0007s, RTAB-Map=0.0792s, Maps update=0.0004s pub=0.0010s delay=0.2507s (local map=16, WM=16)
[INFO] [1772812877.134568720] [rtabmap]: rtabmap (1032): Rate=1.00s, Limit=0.000s, Conversion=0.0003s, RTAB-Map=0.0747s, Maps update=0.0004s pub=0.0012s delay=0.2404s (local map=16, WM=16)
[INFO] [1772812878.219471874] [rtabmap]: rtabmap (1033): Rate=1.00s, Limit=0.000s, Conversion=0.0004s, RTAB-Map=0.0661s, Maps update=0.0003s pub=0.0011s delay=0.2254s (local map=16, WM=16)
[INFO] [1772812879.231880701] [rtabmap]: rtabmap (1034): Rate=1.00s, Limit=0.000s, Conversion=0.0005s, RTAB-Map=0.0671s, Maps update=0.0003s pub=0.0009s delay=0.2378s (local map=16, WM=16)
[INFO] [1772812880.234600146] [rtabmap]: rtabmap (1035): Rate=1.00s, Limit=0.000s, Conversion=0.0008s, RTAB-Map=0.0776s, Maps update=0.0003s pub=0.0009s delay=0.2404s (local map=16, WM=16)
[INFO] [1772812881.337759814] [rtabmap]: rtabmap (1036): Rate=1.00s, Limit=0.000s, Conversion=0.0006s, RTAB-Map=0.0712s, Maps update=0.0003s pub=0.0008s delay=0.2436s (local map=16, WM=16)
[INFO] [1772812882.423244076] [rtabmap]: rtabmap (1037): Rate=1.00s, Limit=0.000s, Conversion=0.0005s, RTAB-Map=0.0649s, Maps update=0.0005s pub=0.0012s delay=0.2293s (local map=16, WM=16)
[INFO] [1772812883.425705496] [rtabmap]: rtabmap (1038): Rate=1.00s, Limit=0.000s, Conversion=0.0005s, RTAB-Map=0.0758s, Maps update=0.0005s pub=0.0014s delay=0.2314s (local map=16, WM=16)
[INFO] [1772812884.523712717] [rtabmap]: rtabmap (1039): Rate=1.00s, Limit=0.000s, Conversion=0.0004s, RTAB-Map=0.0645s, Maps update=0.0003s pub=0.0008s delay=0.2296s (local map=16, WM=16)
[INFO] [1772812885.526199834] [rtabmap]: rtabmap (1040): Rate=1.00s, Limit=0.000s, Conversion=0.0005s, RTAB-Map=0.0706s, Maps update=0.0003s pub=0.0010s delay=0.2320s (local map=16, WM=16)
[INFO] [1772812886.623263340] [rtabmap]: rtabmap (1041): Rate=1.00s, Limit=0.000s, Conversion=0.0005s, RTAB-Map=0.0672s, Maps update=0.0003s pub=0.0009s delay=0.2289s (local map=16, WM=16)
[INFO] [1772812887.724361396] [rtabmap]: rtabmap (1042): Rate=1.00s, Limit=0.000s, Conversion=0.0005s, RTAB-Map=0.0667s, Maps update=0.0003s pub=0.0012s delay=0.2315s (local map=16, WM=16)
[INFO] [1772812888.718403081] [rtabmap]: rtabmap (1043): Rate=1.00s, Limit=0.000s, Conversion=0.0004s, RTAB-Map=0.0663s, Maps update=0.0004s pub=0.0009s delay=0.2239s (local map=16, WM=16)
[INFO] [1772812889.834602654] [rtabmap]: rtabmap (1044): Rate=1.00s, Limit=0.000s, Conversion=0.0008s, RTAB-Map=0.0800s, Maps update=0.0007s pub=0.0013s delay=0.2405s (local map=16, WM=16)
[INFO] [1772812890.826851152] [rtabmap]: rtabmap (1045): Rate=1.00s, Limit=0.000s, Conversion=0.0005s, RTAB-Map=0.0714s, Maps update=0.0003s pub=0.0012s delay=0.2327s (local map=16, WM=16)
[INFO] [1772812891.940443942] [rtabmap]: rtabmap (1046): Rate=1.00s, Limit=0.000s, Conversion=0.0004s, RTAB-Map=0.0813s, Maps update=0.0003s pub=0.0008s delay=0.2463s (local map=16, WM=16)
[INFO] [1772812892.942040817] [rtabmap]: rtabmap (1047): Rate=1.00s, Limit=0.000s, Conversion=0.0005s, RTAB-Map=0.0767s, Maps update=0.0004s pub=0.0009s delay=0.2478s (local map=16, WM=16)
[INFO] [1772812894.028714948] [rtabmap]: rtabmap (1048): Rate=1.00s, Limit=0.000s, Conversion=0.0005s, RTAB-Map=0.0702s, Maps update=0.0004s pub=0.0010s delay=0.2346s (local map=16, WM=16)
[INFO] [1772812895.139650231] [rtabmap]: rtabmap (1049): Rate=1.00s, Limit=0.000s, Conversion=0.0003s, RTAB-Map=0.0710s, Maps update=0.0003s pub=0.0009s delay=0.2454s (local map=16, WM=16)
[INFO] [1772812896.231495817] [rtabmap]: rtabmap (1050): Rate=1.00s, Limit=0.000s, Conversion=0.0003s, RTAB-Map=0.0652s, Maps update=0.0003s pub=0.0010s delay=0.2386s (local map=16, WM=16)
[INFO] [1772812897.235098143] [rtabmap]: rtabmap (1051): Rate=1.00s, Limit=0.000s, Conversion=0.0007s, RTAB-Map=0.0803s, Maps update=0.0003s pub=0.0010s delay=0.2419s (local map=16, WM=16)
[INFO] [1772812898.335688180] [rtabmap]: rtabmap (1052): Rate=1.00s, Limit=0.000s, Conversion=0.0005s, RTAB-Map=0.0820s, Maps update=0.0003s pub=0.0010s delay=0.2426s (local map=16, WM=16)
[INFO] [1772812899.333572086] [rtabmap]: rtabmap (1053): Rate=1.00s, Limit=0.000s, Conversion=0.0003s, RTAB-Map=0.0682s, Maps update=0.0003s pub=0.0009s delay=0.2405s (local map=16, WM=16)
[INFO] [1772812900.429971152] [rtabmap]: rtabmap (1054): Rate=1.00s, Limit=0.000s, Conversion=0.0005s, RTAB-Map=0.0777s, Maps update=0.0004s pub=0.0009s delay=0.2357s (local map=16, WM=16)
[INFO] [1772812901.527528117] [rtabmap]: rtabmap (1055): Rate=1.00s, Limit=0.000s, Conversion=0.0003s, RTAB-Map=0.0634s, Maps update=0.0003s pub=0.0013s delay=0.2343s (local map=16, WM=16)
[INFO] [1772812902.630218391] [rtabmap]: rtabmap (1056): Rate=1.00s, Limit=0.000s, Conversion=0.0003s, RTAB-Map=0.0664s, Maps update=0.0004s pub=0.0009s delay=0.2371s (local map=16, WM=16)
[INFO] [1772812903.623089505] [rtabmap]: rtabmap (1057): Rate=1.00s, Limit=0.000s, Conversion=0.0005s, RTAB-Map=0.0641s, Maps update=0.0003s pub=0.0013s delay=0.2298s (local map=16, WM=16)
[INFO] [1772812904.730397646] [rtabmap]: rtabmap (1058): Rate=1.00s, Limit=0.000s, Conversion=0.0003s, RTAB-Map=0.0681s, Maps update=0.0003s pub=0.0008s delay=0.2376s (local map=16, WM=16)
[INFO] [1772812905.724792911] [rtabmap]: rtabmap (1059): Rate=1.00s, Limit=0.000s, Conversion=0.0003s, RTAB-Map=0.0639s, Maps update=0.0003s pub=0.0008s delay=0.2317s (local map=16, WM=16)
[INFO] [1772812906.716386697] [rtabmap]: rtabmap (1060): Rate=1.00s, Limit=0.000s, Conversion=0.0003s, RTAB-Map=0.0638s, Maps update=0.0003s pub=0.0012s delay=0.2233s (local map=16, WM=16)
[INFO] [1772812907.817441807] [rtabmap]: rtabmap (1061): Rate=1.00s, Limit=0.000s, Conversion=0.0003s, RTAB-Map=0.0655s, Maps update=0.0003s pub=0.0010s delay=0.2247s (local map=16, WM=16)
[INFO] [1772812908.828833733] [rtabmap]: rtabmap (1062): Rate=1.00s, Limit=0.000s, Conversion=0.0005s, RTAB-Map=0.0666s, Maps update=0.0003s pub=0.0010s delay=0.2357s (local map=16, WM=16)
[INFO] [1772812909.926676980] [rtabmap]: rtabmap (1063): Rate=1.00s, Limit=0.000s, Conversion=0.0004s, RTAB-Map=0.0702s, Maps update=0.0003s pub=0.0015s delay=0.2335s (local map=16, WM=16)
[INFO] [1772812911.039867163] [rtabmap]: rtabmap (1064): Rate=1.00s, Limit=0.000s, Conversion=0.0005s, RTAB-Map=0.0745s, Maps update=0.0004s pub=0.0009s delay=0.2471s (local map=16, WM=16)
[INFO] [1772812912.120379658] [rtabmap]: rtabmap (1065): Rate=1.00s, Limit=0.000s, Conversion=0.0003s, RTAB-Map=0.0671s, Maps update=0.0004s pub=0.0011s delay=0.2271s (local map=16, WM=16)
[INFO] [1772812913.219978938] [rtabmap]: rtabmap (1066): Rate=1.00s, Limit=0.000s, Conversion=0.0004s, RTAB-Map=0.0640s, Maps update=0.0004s pub=0.0017s delay=0.2269s (local map=16, WM=16)
[INFO] [1772812914.325996311] [rtabmap]: rtabmap (1067): Rate=1.00s, Limit=0.000s, Conversion=0.0005s, RTAB-Map=0.0678s, Maps update=0.0003s pub=0.0014s delay=0.2327s (local map=16, WM=16)
[INFO] [1772812915.428874785] [rtabmap]: rtabmap (1068): Rate=1.00s, Limit=0.000s, Conversion=0.0004s, RTAB-Map=0.0695s, Maps update=0.0003s pub=0.0008s delay=0.2361s (local map=16, WM=16)
[INFO] [1772812916.431890689] [rtabmap]: rtabmap (1069): Rate=1.00s, Limit=0.000s, Conversion=0.0005s, RTAB-Map=0.0733s, Maps update=0.0003s pub=0.0012s delay=0.2390s (local map=16, WM=16)
[INFO] [1772812917.535963062] [rtabmap]: rtabmap (1070): Rate=1.00s, Limit=0.000s, Conversion=0.0003s, RTAB-Map=0.0666s, Maps update=0.0003s pub=0.0009s delay=0.2433s (local map=16, WM=16)
[INFO] [1772812918.521442767] [rtabmap]: rtabmap (1071): Rate=1.00s, Limit=0.000s, Conversion=0.0008s, RTAB-Map=0.0632s, Maps update=0.0003s pub=0.0017s delay=0.2286s (local map=16, WM=16)
[INFO] [1772812919.533386968] [rtabmap]: rtabmap (1072): Rate=1.00s, Limit=0.000s, Conversion=0.0007s, RTAB-Map=0.0753s, Maps update=0.0003s pub=0.0012s delay=0.2402s (local map=16, WM=16)
[INFO] [1772812920.536173968] [rtabmap]: rtabmap (1073): Rate=1.00s, Limit=0.000s, Conversion=0.0003s, RTAB-Map=0.0702s, Maps update=0.0003s pub=0.0009s delay=0.2429s (local map=16, WM=16)
[INFO] [1772812921.531735357] [rtabmap]: rtabmap (1074): Rate=1.00s, Limit=0.000s, Conversion=0.0106s, RTAB-Map=0.0674s, Maps update=0.0006s pub=0.0008s delay=0.2383s (local map=16, WM=16)
[INFO] [1772812922.625771327] [rtabmap]: rtabmap (1075): Rate=1.00s, Limit=0.000s, Conversion=0.0003s, RTAB-Map=0.0676s, Maps update=0.0003s pub=0.0010s delay=0.2328s (local map=16, WM=16)
[INFO] [1772812923.718708602] [rtabmap]: rtabmap (1076): Rate=1.00s, Limit=0.000s, Conversion=0.0004s, RTAB-Map=0.0648s, Maps update=0.0012s pub=0.0009s delay=0.2254s (local map=16, WM=16)
[INFO] [1772812924.828343165] [rtabmap]: rtabmap (1077): Rate=1.00s, Limit=0.000s, Conversion=0.0005s, RTAB-Map=0.0685s, Maps update=0.0003s pub=0.0015s delay=0.2355s (local map=16, WM=16)
[INFO] [1772812925.821238311] [rtabmap]: rtabmap (1078): Rate=1.00s, Limit=0.000s, Conversion=0.0003s, RTAB-Map=0.0641s, Maps update=0.0003s pub=0.0013s delay=0.2278s (local map=16, WM=16)
[INFO] [1772812926.919637675] [rtabmap]: rtabmap (1079): Rate=1.00s, Limit=0.000s, Conversion=0.0003s, RTAB-Map=0.0653s, Maps update=0.0003s pub=0.0008s delay=0.2264s (local map=16, WM=16)
[INFO] [1772812928.025945331] [rtabmap]: rtabmap (1080): Rate=1.00s, Limit=0.000s, Conversion=0.0006s, RTAB-Map=0.0639s, Maps update=0.0003s pub=0.0019s delay=0.2331s (local map=16, WM=16)
[INFO] [1772812929.037883068] [rtabmap]: rtabmap (1081): Rate=1.00s, Limit=0.000s, Conversion=0.0004s, RTAB-Map=0.0775s, Maps update=0.0004s pub=0.0011s delay=0.2446s (local map=16, WM=16)
[INFO] [1772812930.136779507] [rtabmap]: rtabmap (1082): Rate=1.00s, Limit=0.000s, Conversion=0.0004s, RTAB-Map=0.0736s, Maps update=0.0004s pub=0.0008s delay=0.2440s (local map=16, WM=16)
[INFO] [1772812931.127327270] [rtabmap]: rtabmap (1083): Rate=1.00s, Limit=0.000s, Conversion=0.0005s, RTAB-Map=0.0710s, Maps update=0.0003s pub=0.0010s delay=0.2346s (local map=16, WM=16)
[INFO] [1772812932.140736070] [rtabmap]: rtabmap (1084): Rate=1.00s, Limit=0.000s, Conversion=0.0007s, RTAB-Map=0.0796s, Maps update=0.0003s pub=0.0008s delay=0.2479s (local map=16, WM=16)
[INFO] [1772812933.135559095] [rtabmap]: rtabmap (1085): Rate=1.00s, Limit=0.000s, Conversion=0.0005s, RTAB-Map=0.0720s, Maps update=0.0004s pub=0.0010s delay=0.2422s (local map=16, WM=16)
[INFO] [1772812934.122150297] [rtabmap]: rtabmap (1086): Rate=1.00s, Limit=0.000s, Conversion=0.0004s, RTAB-Map=0.0687s, Maps update=0.0004s pub=0.0009s delay=0.2287s (local map=16, WM=16)
[INFO] [1772812935.240835818] [rtabmap]: rtabmap (1087): Rate=1.00s, Limit=0.000s, Conversion=0.0003s, RTAB-Map=0.0800s, Maps update=0.0007s pub=0.0008s delay=0.2480s (local map=16, WM=16)
[INFO] [1772812936.222977479] [rtabmap]: rtabmap (1088): Rate=1.00s, Limit=0.000s, Conversion=0.0003s, RTAB-Map=0.0635s, Maps update=0.0003s pub=0.0008s delay=0.2301s (local map=16, WM=16)
[INFO] [1772812937.344510050] [rtabmap]: rtabmap (1089): Rate=1.00s, Limit=0.000s, Conversion=0.0008s, RTAB-Map=0.0735s, Maps update=0.0004s pub=0.0010s delay=0.2512s (local map=16, WM=16)
[INFO] [1772812938.427083709] [rtabmap]: rtabmap (1090): Rate=1.00s, Limit=0.000s, Conversion=0.0004s, RTAB-Map=0.0655s, Maps update=0.0003s pub=0.0008s delay=0.2342s (local map=16, WM=16)
[INFO] [1772812939.426857605] [rtabmap]: rtabmap (1091): Rate=1.00s, Limit=0.000s, Conversion=0.0004s, RTAB-Map=0.0676s, Maps update=0.0003s pub=0.0009s delay=0.2335s (local map=16, WM=16)
[INFO] [1772812940.535242074] [rtabmap]: rtabmap (1092): Rate=1.00s, Limit=0.000s, Conversion=0.0005s, RTAB-Map=0.0760s, Maps update=0.0003s pub=0.0009s delay=0.2424s (local map=16, WM=16)
[INFO] [1772812941.627327029] [rtabmap]: rtabmap (1093): Rate=1.00s, Limit=0.000s, Conversion=0.0005s, RTAB-Map=0.0693s, Maps update=0.0004s pub=0.0018s delay=0.2339s (local map=16, WM=16)
[INFO] [1772812942.733961481] [rtabmap]: rtabmap (1094): Rate=1.00s, Limit=0.000s, Conversion=0.0003s, RTAB-Map=0.0768s, Maps update=0.0003s pub=0.0020s delay=0.2410s (local map=16, WM=16)
[INFO] [1772812943.827056681] [rtabmap]: rtabmap (1095): Rate=1.00s, Limit=0.000s, Conversion=0.0004s, RTAB-Map=0.0740s, Maps update=0.0003s pub=0.0008s delay=0.2336s (local map=16, WM=16)
[INFO] [1772812944.931103901] [rtabmap]: rtabmap (1096): Rate=1.00s, Limit=0.000s, Conversion=0.0003s, RTAB-Map=0.0754s, Maps update=0.0003s pub=0.0010s delay=0.2381s (local map=16, WM=16)
[INFO] [1772812945.942294315] [rtabmap]: rtabmap (1097): Rate=1.00s, Limit=0.000s, Conversion=0.0003s, RTAB-Map=0.0737s, Maps update=0.0004s pub=0.0010s delay=0.2489s (local map=16, WM=16)
[INFO] [1772812947.026349629] [rtabmap]: rtabmap (1098): Rate=1.00s, Limit=0.000s, Conversion=0.0004s, RTAB-Map=0.0650s, Maps update=0.0004s pub=0.0009s delay=0.2334s (local map=16, WM=16)
[INFO] [1772812948.127253854] [rtabmap]: rtabmap (1099): Rate=1.00s, Limit=0.000s, Conversion=0.0005s, RTAB-Map=0.0676s, Maps update=0.0003s pub=0.0013s delay=0.2344s (local map=16, WM=16)
[INFO] [1772812949.146219339] [rtabmap]: rtabmap (1100): Rate=1.00s, Limit=0.000s, Conversion=0.0005s, RTAB-Map=0.0769s, Maps update=0.0003s pub=0.0012s delay=0.2531s (local map=16, WM=16)
[INFO] [1772812950.249017842] [rtabmap]: rtabmap (1101): Rate=1.00s, Limit=0.000s, Conversion=0.0009s, RTAB-Map=0.0905s, Maps update=0.0003s pub=0.0015s delay=0.2560s (local map=16, WM=16)
[INFO] [1772812951.327308687] [rtabmap]: rtabmap (1102): Rate=1.00s, Limit=0.000s, Conversion=0.0004s, RTAB-Map=0.0684s, Maps update=0.0003s pub=0.0013s delay=0.2343s (local map=16, WM=16)
[INFO] [1772812952.430893266] [rtabmap]: rtabmap (1103): Rate=1.00s, Limit=0.000s, Conversion=0.0005s, RTAB-Map=0.0741s, Maps update=0.0003s pub=0.0011s delay=0.2381s (local map=16, WM=16)
[INFO] [1772812953.524012211] [rtabmap]: rtabmap (1104): Rate=1.00s, Limit=0.000s, Conversion=0.0005s, RTAB-Map=0.0680s, Maps update=0.0003s pub=0.0014s delay=0.2312s (local map=16, WM=16)
[INFO] [1772812954.528855575] [rtabmap]: rtabmap (1105): Rate=1.00s, Limit=0.000s, Conversion=0.0007s, RTAB-Map=0.0682s, Maps update=0.0003s pub=0.0009s delay=0.2360s (local map=16, WM=16)
[INFO] [1772812955.520958372] [rtabmap]: rtabmap (1106): Rate=1.00s, Limit=0.000s, Conversion=0.0003s, RTAB-Map=0.0656s, Maps update=0.0003s pub=0.0014s delay=0.2280s (local map=16, WM=16)
[INFO] [1772812956.531005031] [rtabmap]: rtabmap (1107): Rate=1.00s, Limit=0.000s, Conversion=0.0005s, RTAB-Map=0.0724s, Maps update=0.0007s pub=0.0014s delay=0.2380s (local map=16, WM=16)
[INFO] [1772812957.634400868] [rtabmap]: rtabmap (1108): Rate=1.00s, Limit=0.000s, Conversion=0.0004s, RTAB-Map=0.0737s, Maps update=0.0004s pub=0.0009s delay=0.2415s (local map=16, WM=16)
[INFO] [1772812958.738914314] [rtabmap]: rtabmap (1109): Rate=1.00s, Limit=0.000s, Conversion=0.0003s, RTAB-Map=0.0688s, Maps update=0.0003s pub=0.0008s delay=0.2461s (local map=16, WM=16)
[INFO] [1772812959.734914855] [rtabmap]: rtabmap (1110): Rate=1.00s, Limit=0.000s, Conversion=0.0005s, RTAB-Map=0.0771s, Maps update=0.0005s pub=0.0010s delay=0.2420s (local map=16, WM=16)
[INFO] [1772812960.723418894] [rtabmap]: rtabmap (1111): Rate=1.00s, Limit=0.000s, Conversion=0.0005s, RTAB-Map=0.0661s, Maps update=0.0004s pub=0.0007s delay=0.2304s (local map=16, WM=16)
[INFO] [1772812961.819606081] [rtabmap]: rtabmap (1112): Rate=1.00s, Limit=0.000s, Conversion=0.0003s, RTAB-Map=0.0661s, Maps update=0.0004s pub=0.0013s delay=0.2267s (local map=16, WM=16)
[INFO] [1772812962.933501889] [rtabmap]: rtabmap (1113): Rate=1.00s, Limit=0.000s, Conversion=0.0004s, RTAB-Map=0.0683s, Maps update=0.0003s pub=0.0016s delay=0.2406s (local map=16, WM=16)
[INFO] [1772812963.930466594] [rtabmap]: rtabmap (1114): Rate=1.00s, Limit=0.000s, Conversion=0.0005s, RTAB-Map=0.0733s, Maps update=0.0003s pub=0.0007s delay=0.2373s (local map=16, WM=16)
[INFO] [1772812965.032769334] [rtabmap]: rtabmap (1115): Rate=1.00s, Limit=0.000s, Conversion=0.0006s, RTAB-Map=0.0784s, Maps update=0.0003s pub=0.0007s delay=0.2398s (local map=16, WM=16)
[INFO] [1772812966.038724994] [rtabmap]: rtabmap (1116): Rate=1.00s, Limit=0.000s, Conversion=0.0003s, RTAB-Map=0.0735s, Maps update=0.0003s pub=0.0011s delay=0.2457s (local map=16, WM=16)
[INFO] [1772812967.042704806] [rtabmap]: rtabmap (1117): Rate=1.00s, Limit=0.000s, Conversion=0.0009s, RTAB-Map=0.0861s, Maps update=0.0003s pub=0.0008s delay=0.2496s (local map=16, WM=16)
[INFO] [1772812968.131774929] [rtabmap]: rtabmap (1118): Rate=1.00s, Limit=0.000s, Conversion=0.0003s, RTAB-Map=0.0678s, Maps update=0.0003s pub=0.0011s delay=0.2387s (local map=16, WM=16)
[INFO] [1772812969.226269445] [rtabmap]: rtabmap (1119): Rate=1.00s, Limit=0.000s, Conversion=0.0003s, RTAB-Map=0.0653s, Maps update=0.0004s pub=0.0013s delay=0.2333s (local map=16, WM=16)
[INFO] [1772812970.240846064] [rtabmap]: rtabmap (1120): Rate=1.00s, Limit=0.000s, Conversion=0.0010s, RTAB-Map=0.0781s, Maps update=0.0004s pub=0.0014s delay=0.2478s (local map=16, WM=16)
[INFO] [1772812971.346955025] [rtabmap]: rtabmap (1121): Rate=1.00s, Limit=0.000s, Conversion=0.0012s, RTAB-Map=0.0776s, Maps update=0.0004s pub=0.0008s delay=0.2539s (local map=16, WM=16)
[INFO] [1772812972.438854981] [rtabmap]: rtabmap (1122): Rate=1.00s, Limit=0.000s, Conversion=0.0108s, RTAB-Map=0.0734s, Maps update=0.0003s pub=0.0009s delay=0.2460s (local map=16, WM=16)
[INFO] [1772812973.429497404] [rtabmap]: rtabmap (1123): Rate=1.00s, Limit=0.000s, Conversion=0.0003s, RTAB-Map=0.0723s, Maps update=0.0003s pub=0.0012s delay=0.2365s (local map=16, WM=16)
[INFO] [1772812974.434807024] [rtabmap]: rtabmap (1124): Rate=1.00s, Limit=0.000s, Conversion=0.0006s, RTAB-Map=0.0745s, Maps update=0.0004s pub=0.0012s delay=0.2418s (local map=16, WM=16)
[INFO] [1772812975.445430826] [rtabmap]: rtabmap (1125): Rate=1.00s, Limit=0.000s, Conversion=0.0004s, RTAB-Map=0.0823s, Maps update=0.0004s pub=0.0010s delay=0.2521s (local map=16, WM=16)
[INFO] [1772812976.534646362] [rtabmap]: rtabmap (1126): Rate=1.00s, Limit=0.000s, Conversion=0.0003s, RTAB-Map=0.0661s, Maps update=0.0003s pub=0.0011s delay=0.2414s (local map=16, WM=16)
[INFO] [1772812977.642448026] [rtabmap]: rtabmap (1127): Rate=1.00s, Limit=0.000s, Conversion=0.0005s, RTAB-Map=0.0787s, Maps update=0.0004s pub=0.0010s delay=0.2493s (local map=16, WM=16)
[INFO] [1772812978.624481778] [rtabmap]: rtabmap (1128): Rate=1.00s, Limit=0.000s, Conversion=0.0006s, RTAB-Map=0.0710s, Maps update=0.0003s pub=0.0022s delay=0.2313s (local map=16, WM=16)
[INFO] [1772812979.737547860] [rtabmap]: rtabmap (1129): Rate=1.00s, Limit=0.000s, Conversion=0.0004s, RTAB-Map=0.0752s, Maps update=0.0003s pub=0.0008s delay=0.2445s (local map=16, WM=16)
[INFO] [1772812980.720638164] [rtabmap]: rtabmap (1130): Rate=1.00s, Limit=0.000s, Conversion=0.0006s, RTAB-Map=0.0660s, Maps update=0.0004s pub=0.0008s delay=0.2274s (local map=16, WM=16)
[INFO] [1772812981.829843335] [rtabmap]: rtabmap (1131): Rate=1.00s, Limit=0.000s, Conversion=0.0005s, RTAB-Map=0.0644s, Maps update=0.0003s pub=0.0009s delay=0.2366s (local map=16, WM=16)
[INFO] [1772812982.948091560] [rtabmap]: rtabmap (1132): Rate=1.00s, Limit=0.000s, Conversion=0.0006s, RTAB-Map=0.0824s, Maps update=0.0005s pub=0.0015s delay=0.2550s (local map=16, WM=16)
[INFO] [1772812984.043875276] [rtabmap]: rtabmap (1133): Rate=1.00s, Limit=0.000s, Conversion=0.0009s, RTAB-Map=0.0868s, Maps update=0.0003s pub=0.0008s delay=0.2508s (local map=16, WM=16)
[INFO] [1772812985.120840440] [rtabmap]: rtabmap (1134): Rate=1.00s, Limit=0.000s, Conversion=0.0005s, RTAB-Map=0.1307s, Maps update=0.0006s pub=0.0013s delay=0.3276s (local map=16, WM=16)
[INFO] [1772812986.333064841] [rtabmap]: rtabmap (1135): Rate=1.00s, Limit=0.000s, Conversion=0.0107s, RTAB-Map=0.1391s, Maps update=0.0013s pub=0.0015s delay=0.3393s (local map=16, WM=16)
[INFO] [1772812987.432497747] [rtabmap]: rtabmap (1136): Rate=1.00s, Limit=0.000s, Conversion=0.0005s, RTAB-Map=0.1583s, Maps update=0.0004s pub=0.0028s delay=0.3393s (local map=16, WM=16)
[INFO] [1772812988.542548614] [rtabmap]: rtabmap (1137): Rate=1.00s, Limit=0.000s, Conversion=0.0005s, RTAB-Map=0.1665s, Maps update=0.0004s pub=0.0010s delay=0.3495s (local map=16, WM=16)
[INFO] [1772812989.607599193] [rtabmap]: rtabmap (1138): Rate=1.00s, Limit=0.000s, Conversion=0.0003s, RTAB-Map=0.1150s, Maps update=0.0005s pub=0.0015s delay=0.3143s (local map=16, WM=16)
[INFO] [1772812990.755480226] [rtabmap]: rtabmap (1139): Rate=1.00s, Limit=0.000s, Conversion=0.0005s, RTAB-Map=0.1192s, Maps update=0.0005s pub=0.0019s delay=0.3622s (local map=16, WM=16)
[INFO] [1772812991.767854299] [rtabmap]: rtabmap (1140): Rate=1.00s, Limit=0.000s, Conversion=0.0007s, RTAB-Map=0.0898s, Maps update=0.0003s pub=0.0015s delay=0.2692s (local map=16, WM=16)
[INFO] [1772812992.821377381] [rtabmap]: rtabmap (1141): Rate=1.00s, Limit=0.000s, Conversion=0.0003s, RTAB-Map=0.0655s, Maps update=0.0003s pub=0.0008s delay=0.2281s (local map=16, WM=16)
[INFO] [1772812993.921999227] [rtabmap]: rtabmap (1142): Rate=1.00s, Limit=0.000s, Conversion=0.0003s, RTAB-Map=0.0661s, Maps update=0.0005s pub=0.0011s delay=0.2288s (local map=16, WM=16)
[INFO] [1772812994.928054988] [rtabmap]: rtabmap (1143): Rate=1.00s, Limit=0.000s, Conversion=0.0003s, RTAB-Map=0.0692s, Maps update=0.0003s pub=0.0016s delay=0.2347s (local map=16, WM=16)
[INFO] [1772812996.014516919] [rtabmap]: rtabmap (1144): Rate=1.00s, Limit=0.000s, Conversion=0.0003s, RTAB-Map=0.0639s, Maps update=0.0003s pub=0.0011s delay=0.2212s (local map=16, WM=16)
[INFO] [1772812997.055945858] [rtabmap]: rtabmap (1145): Rate=1.00s, Limit=0.000s, Conversion=0.0006s, RTAB-Map=0.0861s, Maps update=0.0004s pub=0.0034s delay=0.2625s (local map=16, WM=16)
[INFO] [1772812998.146672362] [rtabmap]: rtabmap (1146): Rate=1.00s, Limit=0.000s, Conversion=0.0004s, RTAB-Map=0.0737s, Maps update=0.0003s pub=0.0013s delay=0.2534s (local map=16, WM=16)
[INFO] [1772812999.342955695] [rtabmap]: rtabmap (1147): Rate=1.00s, Limit=0.000s, Conversion=0.0119s, RTAB-Map=0.1453s, Maps update=0.0005s pub=0.0160s delay=0.3497s (local map=16, WM=16)
[INFO] [1772813000.338301299] [rtabmap]: rtabmap (1148): Rate=1.00s, Limit=0.000s, Conversion=0.0006s, RTAB-Map=0.0792s, Maps update=0.0004s pub=0.0023s delay=0.2450s (local map=16, WM=16)
[INFO] [1772813001.362817006] [rtabmap]: rtabmap (1149): Rate=1.00s, Limit=0.000s, Conversion=0.0006s, RTAB-Map=0.0969s, Maps update=0.0004s pub=0.0009s delay=0.2694s (local map=16, WM=16)
[INFO] [1772813002.503318149] [rtabmap]: rtabmap (1150): Rate=1.00s, Limit=0.000s, Conversion=0.0005s, RTAB-Map=0.1224s, Maps update=0.0003s pub=0.0009s delay=0.3101s (local map=16, WM=16)
[INFO] [1772813003.506112573] [rtabmap]: rtabmap (1151): Rate=1.00s, Limit=0.000s, Conversion=0.0011s, RTAB-Map=0.1060s, Maps update=0.0005s pub=0.0092s delay=0.3128s (local map=16, WM=16)
[INFO] [1772813004.533132340] [rtabmap]: rtabmap (1152): Rate=1.00s, Limit=0.000s, Conversion=0.0005s, RTAB-Map=0.0797s, Maps update=0.0003s pub=0.0008s delay=0.2398s (local map=16, WM=16)
[INFO] [1772813005.533155205] [rtabmap]: rtabmap (1153): Rate=1.00s, Limit=0.000s, Conversion=0.0004s, RTAB-Map=0.0737s, Maps update=0.0003s pub=0.0009s delay=0.2398s (local map=16, WM=16)
[INFO] [1772813006.626686549] [rtabmap]: rtabmap (1154): Rate=1.00s, Limit=0.000s, Conversion=0.0003s, RTAB-Map=0.0659s, Maps update=0.0003s pub=0.0011s delay=0.2332s (local map=16, WM=16)
[INFO] [1772813007.732467818] [rtabmap]: rtabmap (1155): Rate=1.00s, Limit=0.000s, Conversion=0.0003s, RTAB-Map=0.0734s, Maps update=0.0004s pub=0.0022s delay=0.2390s (local map=16, WM=16)
[INFO] [1772813008.837440225] [rtabmap]: rtabmap (1156): Rate=1.00s, Limit=0.000s, Conversion=0.0003s, RTAB-Map=0.0783s, Maps update=0.0003s pub=0.0008s delay=0.2441s (local map=16, WM=16)
[INFO] [1772813009.833621444] [rtabmap]: rtabmap (1157): Rate=1.00s, Limit=0.000s, Conversion=0.0005s, RTAB-Map=0.0718s, Maps update=0.0003s pub=0.0009s delay=0.2403s (local map=16, WM=16)
[INFO] [1772813010.827078115] [rtabmap]: rtabmap (1158): Rate=1.00s, Limit=0.000s, Conversion=0.0005s, RTAB-Map=0.0704s, Maps update=0.0003s pub=0.0008s delay=0.2336s (local map=16, WM=16)
[INFO] [1772813011.943464383] [rtabmap]: rtabmap (1159): Rate=1.00s, Limit=0.000s, Conversion=0.0106s, RTAB-Map=0.0755s, Maps update=0.0003s pub=0.0009s delay=0.2500s (local map=16, WM=16)
[INFO] [1772813013.025840051] [rtabmap]: rtabmap (1160): Rate=1.00s, Limit=0.000s, Conversion=0.0004s, RTAB-Map=0.0692s, Maps update=0.0003s pub=0.0013s delay=0.2325s (local map=16, WM=16)
[INFO] [1772813014.019942698] [rtabmap]: rtabmap (1161): Rate=1.00s, Limit=0.000s, Conversion=0.0004s, RTAB-Map=0.0613s, Maps update=0.0003s pub=0.0018s delay=0.2266s (local map=16, WM=16)
[INFO] [1772813015.028759105] [rtabmap]: rtabmap (1162): Rate=1.00s, Limit=0.000s, Conversion=0.0005s, RTAB-Map=0.0667s, Maps update=0.0003s pub=0.0010s delay=0.2352s (local map=16, WM=16)
[INFO] [1772813016.138427205] [rtabmap]: rtabmap (1163): Rate=1.00s, Limit=0.000s, Conversion=0.0008s, RTAB-Map=0.0813s, Maps update=0.0005s pub=0.0012s delay=0.2449s (local map=16, WM=16)
[INFO] [1772813017.139510621] [rtabmap]: rtabmap (1164): Rate=1.00s, Limit=0.000s, Conversion=0.0006s, RTAB-Map=0.0714s, Maps update=0.0003s pub=0.0017s delay=0.2460s (local map=16, WM=16)
[INFO] [1772813018.229093596] [rtabmap]: rtabmap (1165): Rate=1.00s, Limit=0.000s, Conversion=0.0005s, RTAB-Map=0.0680s, Maps update=0.0003s pub=0.0008s delay=0.2357s (local map=16, WM=16)
[INFO] [1772813019.214634230] [rtabmap]: rtabmap (1166): Rate=1.00s, Limit=0.000s, Conversion=0.0004s, RTAB-Map=0.0638s, Maps update=0.0005s pub=0.0016s delay=0.2211s (local map=16, WM=16)
[INFO] [1772813020.334078179] [rtabmap]: rtabmap (1167): Rate=1.00s, Limit=0.000s, Conversion=0.0004s, RTAB-Map=0.0808s, Maps update=0.0006s pub=0.0016s delay=0.2406s (local map=16, WM=16)
[INFO] [1772813021.339333334] [rtabmap]: rtabmap (1168): Rate=1.00s, Limit=0.000s, Conversion=0.0005s, RTAB-Map=0.0725s, Maps update=0.0004s pub=0.0019s delay=0.2459s (local map=16, WM=16)
[INFO] [1772813022.429497386] [rtabmap]: rtabmap (1169): Rate=1.00s, Limit=0.000s, Conversion=0.0003s, RTAB-Map=0.0745s, Maps update=0.0004s pub=0.0012s delay=0.2360s (local map=16, WM=16)
[INFO] [1772813023.535705838] [rtabmap]: rtabmap (1170): Rate=1.00s, Limit=0.000s, Conversion=0.0005s, RTAB-Map=0.0719s, Maps update=0.0003s pub=0.0008s delay=0.2422s (local map=16, WM=16)
[INFO] [1772813024.625485716] [rtabmap]: rtabmap (1171): Rate=1.00s, Limit=0.000s, Conversion=0.0003s, RTAB-Map=0.0674s, Maps update=0.0003s pub=0.0009s delay=0.2318s (local map=16, WM=16)
[INFO] [1772813025.731898016] [rtabmap]: rtabmap (1172): Rate=1.00s, Limit=0.000s, Conversion=0.0005s, RTAB-Map=0.0744s, Maps update=0.0003s pub=0.0012s delay=0.2384s (local map=16, WM=16)
[INFO] [1772813026.739170621] [rtabmap]: rtabmap (1173): Rate=1.00s, Limit=0.000s, Conversion=0.0004s, RTAB-Map=0.0742s, Maps update=0.0003s pub=0.0008s delay=0.2456s (local map=16, WM=16)
[INFO] [1772813027.837146322] [rtabmap]: rtabmap (1174): Rate=1.00s, Limit=0.000s, Conversion=0.0003s, RTAB-Map=0.0717s, Maps update=0.0003s pub=0.0019s delay=0.2437s (local map=16, WM=16)
[INFO] [1772813028.838367887] [rtabmap]: rtabmap (1175): Rate=1.00s, Limit=0.000s, Conversion=0.0003s, RTAB-Map=0.0720s, Maps update=0.0003s pub=0.0014s delay=0.2448s (local map=16, WM=16)
[INFO] [1772813029.827681781] [rtabmap]: rtabmap (1176): Rate=1.00s, Limit=0.000s, Conversion=0.0006s, RTAB-Map=0.0771s, Maps update=0.0003s pub=0.0010s delay=0.2341s (local map=16, WM=16)
[INFO] [1772813030.828376991] [rtabmap]: rtabmap (1177): Rate=1.00s, Limit=0.000s, Conversion=0.0004s, RTAB-Map=0.0715s, Maps update=0.0003s pub=0.0008s delay=0.2347s (local map=16, WM=16)
[INFO] [1772813031.918264745] [rtabmap]: rtabmap (1178): Rate=1.00s, Limit=0.000s, Conversion=0.0003s, RTAB-Map=0.0668s, Maps update=0.0004s pub=0.0023s delay=0.2247s (local map=16, WM=16)
[INFO] [1772813032.922165322] [rtabmap]: rtabmap (1179): Rate=1.00s, Limit=0.000s, Conversion=0.0003s, RTAB-Map=0.0639s, Maps update=0.0014s pub=0.0014s delay=0.2284s (local map=16, WM=16)
[INFO] [1772813034.022794080] [rtabmap]: rtabmap (1180): Rate=1.00s, Limit=0.000s, Conversion=0.0003s, RTAB-Map=0.0627s, Maps update=0.0005s pub=0.0010s delay=0.2293s (local map=16, WM=16)
[INFO] [1772813035.034967602] [rtabmap]: rtabmap (1181): Rate=1.00s, Limit=0.000s, Conversion=0.0004s, RTAB-Map=0.0775s, Maps update=0.0003s pub=0.0016s delay=0.2414s (local map=16, WM=16)
[INFO] [1772813036.024678727] [rtabmap]: rtabmap (1182): Rate=1.00s, Limit=0.000s, Conversion=0.0004s, RTAB-Map=0.0753s, Maps update=0.0003s pub=0.0008s delay=0.2310s (local map=16, WM=16)
[INFO] [1772813037.130015595] [rtabmap]: rtabmap (1183): Rate=1.00s, Limit=0.000s, Conversion=0.0008s, RTAB-Map=0.0753s, Maps update=0.0005s pub=0.0017s delay=0.2365s (local map=16, WM=16)
[INFO] [1772813038.136883257] [rtabmap]: rtabmap (1184): Rate=1.00s, Limit=0.000s, Conversion=0.0008s, RTAB-Map=0.0773s, Maps update=0.0003s pub=0.0014s delay=0.2432s (local map=16, WM=16)
[INFO] [1772813039.238350639] [rtabmap]: rtabmap (1185): Rate=1.00s, Limit=0.000s, Conversion=0.0005s, RTAB-Map=0.0756s, Maps update=0.0003s pub=0.0015s delay=0.2448s (local map=16, WM=16)
[INFO] [1772813040.231912369] [rtabmap]: rtabmap (1186): Rate=1.00s, Limit=0.000s, Conversion=0.0003s, RTAB-Map=0.0663s, Maps update=0.0004s pub=0.0014s delay=0.2382s (local map=16, WM=16)
[INFO] [1772813041.249398120] [rtabmap]: rtabmap (1187): Rate=1.00s, Limit=0.000s, Conversion=0.0005s, RTAB-Map=0.0915s, Maps update=0.0003s pub=0.0015s delay=0.2557s (local map=16, WM=16)
[INFO] [1772813042.231384255] [rtabmap]: rtabmap (1188): Rate=1.00s, Limit=0.000s, Conversion=0.0006s, RTAB-Map=0.0800s, Maps update=0.0003s pub=0.0015s delay=0.2376s (local map=16, WM=16)
[INFO] [1772813043.330861995] [rtabmap]: rtabmap (1189): Rate=1.00s, Limit=0.000s, Conversion=0.0005s, RTAB-Map=0.0701s, Maps update=0.0003s pub=0.0008s delay=0.2374s (local map=16, WM=16)
[INFO] [1772813044.435338223] [rtabmap]: rtabmap (1190): Rate=1.00s, Limit=0.000s, Conversion=0.0007s, RTAB-Map=0.0814s, Maps update=0.0003s pub=0.0008s delay=0.2415s (local map=16, WM=16)
[INFO] [1772813045.536596061] [rtabmap]: rtabmap (1191): Rate=1.00s, Limit=0.000s, Conversion=0.0005s, RTAB-Map=0.0716s, Maps update=0.0003s pub=0.0010s delay=0.2429s (local map=16, WM=16)
[INFO] [1772813046.532676317] [rtabmap]: rtabmap (1192): Rate=1.00s, Limit=0.000s, Conversion=0.0005s, RTAB-Map=0.0638s, Maps update=0.0005s pub=0.0008s delay=0.2389s (local map=16, WM=16)
[INFO] [1772813047.630744212] [rtabmap]: rtabmap (1193): Rate=1.00s, Limit=0.000s, Conversion=0.0004s, RTAB-Map=0.0678s, Maps update=0.0004s pub=0.0018s delay=0.2372s (local map=16, WM=16)
[INFO] [1772813048.728174069] [rtabmap]: rtabmap (1194): Rate=1.00s, Limit=0.000s, Conversion=0.0004s, RTAB-Map=0.0695s, Maps update=0.0003s pub=0.0008s delay=0.2346s (local map=16, WM=16)
[INFO] [1772813049.733448840] [rtabmap]: rtabmap (1195): Rate=1.00s, Limit=0.000s, Conversion=0.0003s, RTAB-Map=0.0684s, Maps update=0.0003s pub=0.0022s delay=0.2398s (local map=16, WM=16)
[INFO] [1772813050.735789295] [rtabmap]: rtabmap (1196): Rate=1.00s, Limit=0.000s, Conversion=0.0005s, RTAB-Map=0.0644s, Maps update=0.0003s pub=0.0008s delay=0.2419s (local map=16, WM=16)
[INFO] [1772813051.833263921] [rtabmap]: rtabmap (1197): Rate=1.00s, Limit=0.000s, Conversion=0.0005s, RTAB-Map=0.0730s, Maps update=0.0003s pub=0.0008s delay=0.2396s (local map=16, WM=16)
[INFO] [1772813052.932613560] [rtabmap]: rtabmap (1198): Rate=1.00s, Limit=0.000s, Conversion=0.0003s, RTAB-Map=0.0706s, Maps update=0.0003s pub=0.0008s delay=0.2387s (local map=16, WM=16)
[INFO] [1772813054.030039992] [rtabmap]: rtabmap (1199): Rate=1.00s, Limit=0.000s, Conversion=0.0007s, RTAB-Map=0.0704s, Maps update=0.0003s pub=0.0013s delay=0.2364s (local map=16, WM=16)
[INFO] [1772813055.032433665] [rtabmap]: rtabmap (1200): Rate=1.00s, Limit=0.000s, Conversion=0.0005s, RTAB-Map=0.0798s, Maps update=0.0004s pub=0.0008s delay=0.2387s (local map=16, WM=16)
[INFO] [1772813056.120420836] [rtabmap]: rtabmap (1201): Rate=1.00s, Limit=0.000s, Conversion=0.0004s, RTAB-Map=0.0654s, Maps update=0.0003s pub=0.0008s delay=0.2269s (local map=16, WM=16)
[INFO] [1772813057.118843771] [rtabmap]: rtabmap (1202): Rate=1.00s, Limit=0.000s, Conversion=0.0004s, RTAB-Map=0.0609s, Maps update=0.0004s pub=0.0012s delay=0.2251s (local map=16, WM=16)
[INFO] [1772813058.119867793] [rtabmap]: rtabmap (1203): Rate=1.00s, Limit=0.000s, Conversion=0.0006s, RTAB-Map=0.0654s, Maps update=0.0005s pub=0.0015s delay=0.2261s (local map=16, WM=16)
[INFO] [1772813059.243367956] [rtabmap]: rtabmap (1204): Rate=1.00s, Limit=0.000s, Conversion=0.0003s, RTAB-Map=0.0863s, Maps update=0.0003s pub=0.0008s delay=0.2498s (local map=16, WM=16)
[INFO] [1772813060.244183203] [rtabmap]: rtabmap (1205): Rate=1.00s, Limit=0.000s, Conversion=0.0003s, RTAB-Map=0.0714s, Maps update=0.0004s pub=0.0012s delay=0.2503s (local map=16, WM=16)
[INFO] [1772813061.318248292] [rtabmap]: rtabmap (1206): Rate=1.00s, Limit=0.000s, Conversion=0.0003s, RTAB-Map=0.0612s, Maps update=0.0007s pub=0.0017s delay=0.2244s (local map=16, WM=16)
[INFO] [1772813062.337802279] [rtabmap]: rtabmap (1207): Rate=1.00s, Limit=0.000s, Conversion=0.0009s, RTAB-Map=0.0732s, Maps update=0.0003s pub=0.0009s delay=0.2438s (local map=16, WM=16)
[INFO] [1772813063.432565029] [rtabmap]: rtabmap (1208): Rate=1.00s, Limit=0.000s, Conversion=0.0004s, RTAB-Map=0.0757s, Maps update=0.0004s pub=0.0012s delay=0.2388s (local map=16, WM=16)
[INFO] [1772813064.450637201] [rtabmap]: rtabmap (1209): Rate=1.00s, Limit=0.000s, Conversion=0.0004s, RTAB-Map=0.0836s, Maps update=0.0004s pub=0.0013s delay=0.2567s (local map=16, WM=16)
[INFO] [1772813065.534949484] [rtabmap]: rtabmap (1210): Rate=1.00s, Limit=0.000s, Conversion=0.0004s, RTAB-Map=0.0815s, Maps update=0.0003s pub=0.0008s delay=0.2411s (local map=16, WM=16)
[INFO] [1772813066.617406659] [rtabmap]: rtabmap (1211): Rate=1.00s, Limit=0.000s, Conversion=0.0003s, RTAB-Map=0.0628s, Maps update=0.0003s pub=0.0012s delay=0.2237s (local map=16, WM=16)
[INFO] [1772813067.717572969] [rtabmap]: rtabmap (1212): Rate=1.00s, Limit=0.000s, Conversion=0.0004s, RTAB-Map=0.0663s, Maps update=0.0003s pub=0.0018s delay=0.2240s (local map=16, WM=16)
[INFO] [1772813068.737692193] [rtabmap]: rtabmap (1213): Rate=1.00s, Limit=0.000s, Conversion=0.0004s, RTAB-Map=0.0788s, Maps update=0.0004s pub=0.0014s delay=0.2439s (local map=16, WM=16)
[INFO] [1772813069.838731366] [rtabmap]: rtabmap (1214): Rate=1.00s, Limit=0.000s, Conversion=0.0004s, RTAB-Map=0.0790s, Maps update=0.0003s pub=0.0008s delay=0.2460s (local map=16, WM=16)
[INFO] [1772813070.831852121] [rtabmap]: rtabmap (1215): Rate=1.00s, Limit=0.000s, Conversion=0.0004s, RTAB-Map=0.0769s, Maps update=0.0004s pub=0.0012s delay=0.2382s (local map=16, WM=16)
[INFO] [1772813071.812376922] [rtabmap]: rtabmap (1216): Rate=1.00s, Limit=0.000s, Conversion=0.0003s, RTAB-Map=0.0617s, Maps update=0.0003s pub=0.0008s delay=0.2186s (local map=16, WM=16)
[INFO] [1772813072.835274648] [rtabmap]: rtabmap (1217): Rate=1.00s, Limit=0.000s, Conversion=0.0004s, RTAB-Map=0.0700s, Maps update=0.0003s pub=0.0008s delay=0.2415s (local map=16, WM=16)
[INFO] [1772813073.940445974] [rtabmap]: rtabmap (1218): Rate=1.00s, Limit=0.000s, Conversion=0.0008s, RTAB-Map=0.0771s, Maps update=0.0003s pub=0.0009s delay=0.2466s (local map=16, WM=16)
[INFO] [1772813074.921119069] [rtabmap]: rtabmap (1219): Rate=1.00s, Limit=0.000s, Conversion=0.0005s, RTAB-Map=0.0661s, Maps update=0.0003s pub=0.0014s delay=0.2272s (local map=16, WM=16)
[INFO] [1772813076.036219850] [rtabmap]: rtabmap (1220): Rate=1.00s, Limit=0.000s, Conversion=0.0004s, RTAB-Map=0.0754s, Maps update=0.0003s pub=0.0009s delay=0.2433s (local map=16, WM=16)
[INFO] [1772813077.032112867] [rtabmap]: rtabmap (1221): Rate=1.00s, Limit=0.000s, Conversion=0.0004s, RTAB-Map=0.0747s, Maps update=0.0003s pub=0.0008s delay=0.2382s (local map=16, WM=16)
[INFO] [1772813078.116327323] [rtabmap]: rtabmap (1222): Rate=1.00s, Limit=0.000s, Conversion=0.0004s, RTAB-Map=0.0625s, Maps update=0.0004s pub=0.0009s delay=0.2234s (local map=16, WM=16)
[INFO] [1772813079.121918170] [rtabmap]: rtabmap (1223): Rate=1.00s, Limit=0.000s, Conversion=0.0003s, RTAB-Map=0.0637s, Maps update=0.0006s pub=0.0022s delay=0.2280s (local map=16, WM=16)
[INFO] [1772813080.219286680] [rtabmap]: rtabmap (1224): Rate=1.00s, Limit=0.000s, Conversion=0.0003s, RTAB-Map=0.0631s, Maps update=0.0011s pub=0.0011s delay=0.2263s (local map=16, WM=16)
[INFO] [1772813081.227539001] [rtabmap]: rtabmap (1225): Rate=1.00s, Limit=0.000s, Conversion=0.0005s, RTAB-Map=0.0674s, Maps update=0.0006s pub=0.0011s delay=0.2338s (local map=16, WM=16)
[INFO] [1772813082.226013393] [rtabmap]: rtabmap (1226): Rate=1.00s, Limit=0.000s, Conversion=0.0003s, RTAB-Map=0.0691s, Maps update=0.0004s pub=0.0013s delay=0.2322s (local map=16, WM=16)
[INFO] [1772813083.219256232] [rtabmap]: rtabmap (1227): Rate=1.00s, Limit=0.000s, Conversion=0.0003s, RTAB-Map=0.0607s, Maps update=0.0004s pub=0.0012s delay=0.2252s (local map=16, WM=16)
[INFO] [1772813084.321950987] [rtabmap]: rtabmap (1228): Rate=1.00s, Limit=0.000s, Conversion=0.0005s, RTAB-Map=0.0700s, Maps update=0.0003s pub=0.0019s delay=0.2281s (local map=16, WM=16)
[INFO] [1772813085.339493700] [rtabmap]: rtabmap (1229): Rate=1.00s, Limit=0.000s, Conversion=0.0006s, RTAB-Map=0.0752s, Maps update=0.0003s pub=0.0011s delay=0.2456s (local map=16, WM=16)
[INFO] [1772813086.323684108] [rtabmap]: rtabmap (1230): Rate=1.00s, Limit=0.000s, Conversion=0.0009s, RTAB-Map=0.0679s, Maps update=0.0004s pub=0.0027s delay=0.2298s (local map=16, WM=16)
[INFO] [1772813087.332761260] [rtabmap]: rtabmap (1231): Rate=1.00s, Limit=0.000s, Conversion=0.0004s, RTAB-Map=0.0730s, Maps update=0.0003s pub=0.0013s delay=0.2388s (local map=16, WM=16)
[INFO] [1772813088.332835872] [rtabmap]: rtabmap (1232): Rate=1.00s, Limit=0.000s, Conversion=0.0003s, RTAB-Map=0.0689s, Maps update=0.0004s pub=0.0009s delay=0.2389s (local map=16, WM=16)
[INFO] [1772813089.425658038] [rtabmap]: rtabmap (1233): Rate=1.00s, Limit=0.000s, Conversion=0.0006s, RTAB-Map=0.0647s, Maps update=0.0003s pub=0.0008s delay=0.2317s (local map=16, WM=16)
[INFO] [1772813090.539681787] [rtabmap]: rtabmap (1234): Rate=1.00s, Limit=0.000s, Conversion=0.0003s, RTAB-Map=0.0863s, Maps update=0.0006s pub=0.0009s delay=0.2465s (local map=16, WM=16)
[INFO] [1772813091.525098609] [rtabmap]: rtabmap (1235): Rate=1.00s, Limit=0.000s, Conversion=0.0006s, RTAB-Map=0.0731s, Maps update=0.0004s pub=0.0010s delay=0.2312s (local map=16, WM=16)
[INFO] [1772813092.525137699] [rtabmap]: rtabmap (1236): Rate=1.00s, Limit=0.000s, Conversion=0.0007s, RTAB-Map=0.0629s, Maps update=0.0004s pub=0.0011s delay=0.2312s (local map=16, WM=16)
[INFO] [1772813093.635387420] [rtabmap]: rtabmap (1237): Rate=1.00s, Limit=0.000s, Conversion=0.0107s, RTAB-Map=0.0656s, Maps update=0.0004s pub=0.0012s delay=0.2413s (local map=16, WM=16)
[INFO] [1772813094.724910520] [rtabmap]: rtabmap (1238): Rate=1.00s, Limit=0.000s, Conversion=0.0008s, RTAB-Map=0.0677s, Maps update=0.0003s pub=0.0012s delay=0.2309s (local map=16, WM=16)
[INFO] [1772813095.732930897] [rtabmap]: rtabmap (1239): Rate=1.00s, Limit=0.000s, Conversion=0.0007s, RTAB-Map=0.0775s, Maps update=0.0006s pub=0.0013s delay=0.2389s (local map=16, WM=16)
[INFO] [1772813096.820451971] [rtabmap]: rtabmap (1240): Rate=1.00s, Limit=0.000s, Conversion=0.0003s, RTAB-Map=0.0640s, Maps update=0.0006s pub=0.0014s delay=0.2264s (local map=16, WM=16)
[INFO] [1772813097.943971079] [rtabmap]: rtabmap (1241): Rate=1.00s, Limit=0.000s, Conversion=0.0106s, RTAB-Map=0.0700s, Maps update=0.0003s pub=0.0008s delay=0.2499s (local map=16, WM=16)
[INFO] [1772813099.042611860] [rtabmap]: rtabmap (1242): Rate=1.00s, Limit=0.000s, Conversion=0.0003s, RTAB-Map=0.0828s, Maps update=0.0003s pub=0.0008s delay=0.2486s (local map=16, WM=16)
[INFO] [1772813100.021889351] [rtabmap]: rtabmap (1243): Rate=1.00s, Limit=0.000s, Conversion=0.0009s, RTAB-Map=0.0675s, Maps update=0.0003s pub=0.0008s delay=0.2278s (local map=16, WM=16)
[INFO] [1772813101.129743209] [rtabmap]: rtabmap (1244): Rate=1.00s, Limit=0.000s, Conversion=0.0007s, RTAB-Map=0.0739s, Maps update=0.0003s pub=0.0010s delay=0.2359s (local map=16, WM=16)
[INFO] [1772813102.230989174] [rtabmap]: rtabmap (1245): Rate=1.00s, Limit=0.000s, Conversion=0.0004s, RTAB-Map=0.0740s, Maps update=0.0003s pub=0.0011s delay=0.2378s (local map=16, WM=16)
[INFO] [1772813103.235300390] [rtabmap]: rtabmap (1246): Rate=1.00s, Limit=0.000s, Conversion=0.0008s, RTAB-Map=0.0752s, Maps update=0.0003s pub=0.0008s delay=0.2421s (local map=16, WM=16)
[INFO] [1772813104.226547059] [rtabmap]: rtabmap (1247): Rate=1.00s, Limit=0.000s, Conversion=0.0003s, RTAB-Map=0.0712s, Maps update=0.0004s pub=0.0012s delay=0.2326s (local map=16, WM=16)
[INFO] [1772813105.227823699] [rtabmap]: rtabmap (1248): Rate=1.00s, Limit=0.000s, Conversion=0.0003s, RTAB-Map=0.0645s, Maps update=0.0006s pub=0.0008s delay=0.2338s (local map=16, WM=16)
[INFO] [1772813106.230195035] [rtabmap]: rtabmap (1249): Rate=1.00s, Limit=0.000s, Conversion=0.0005s, RTAB-Map=0.0676s, Maps update=0.0003s pub=0.0013s delay=0.2361s (local map=16, WM=16)
[INFO] [1772813107.341559902] [rtabmap]: rtabmap (1250): Rate=1.00s, Limit=0.000s, Conversion=0.0004s, RTAB-Map=0.0724s, Maps update=0.0003s pub=0.0020s delay=0.2475s (local map=16, WM=16)
[INFO] [1772813108.430857297] [rtabmap]: rtabmap (1251): Rate=1.00s, Limit=0.000s, Conversion=0.0105s, RTAB-Map=0.0666s, Maps update=0.0004s pub=0.0016s delay=0.2367s (local map=16, WM=16)
[INFO] [1772813109.523592132] [rtabmap]: rtabmap (1252): Rate=1.00s, Limit=0.000s, Conversion=0.0004s, RTAB-Map=0.0711s, Maps update=0.0003s pub=0.0009s delay=0.2306s (local map=16, WM=16)
[INFO] [1772813110.529969760] [rtabmap]: rtabmap (1253): Rate=1.00s, Limit=0.000s, Conversion=0.0004s, RTAB-Map=0.0705s, Maps update=0.0003s pub=0.0019s delay=0.2360s (local map=16, WM=16)
[INFO] [1772813111.526649110] [rtabmap]: rtabmap (1254): Rate=1.00s, Limit=0.000s, Conversion=0.0004s, RTAB-Map=0.0731s, Maps update=0.0004s pub=0.0011s delay=0.2326s (local map=16, WM=16)
[INFO] [1772813112.621113065] [rtabmap]: rtabmap (1255): Rate=1.00s, Limit=0.000s, Conversion=0.0005s, RTAB-Map=0.0644s, Maps update=0.0003s pub=0.0009s delay=0.2280s (local map=16, WM=16)
[INFO] [1772813113.628555180] [rtabmap]: rtabmap (1256): Rate=1.00s, Limit=0.000s, Conversion=0.0010s, RTAB-Map=0.0721s, Maps update=0.0005s pub=0.0009s delay=0.2345s (local map=16, WM=16)
[INFO] [1772813114.735411849] [rtabmap]: rtabmap (1257): Rate=1.00s, Limit=0.000s, Conversion=0.0003s, RTAB-Map=0.0710s, Maps update=0.0005s pub=0.0016s delay=0.2414s (local map=16, WM=16)
[INFO] [1772813115.833136564] [rtabmap]: rtabmap (1258): Rate=1.00s, Limit=0.000s, Conversion=0.0003s, RTAB-Map=0.0809s, Maps update=0.0004s pub=0.0011s delay=0.2399s (local map=16, WM=16)
[INFO] [1772813116.831464967] [rtabmap]: rtabmap (1259): Rate=1.00s, Limit=0.000s, Conversion=0.0003s, RTAB-Map=0.0638s, Maps update=0.0003s pub=0.0008s delay=0.2373s (local map=16, WM=16)
[INFO] [1772813117.925501065] [rtabmap]: rtabmap (1260): Rate=1.00s, Limit=0.000s, Conversion=0.0003s, RTAB-Map=0.0637s, Maps update=0.0020s pub=0.0039s delay=0.2323s (local map=17, WM=17)
[INFO] [1772813119.036704774] [rtabmap]: rtabmap (1261): Rate=1.00s, Limit=0.000s, Conversion=0.0003s, RTAB-Map=0.0690s, Maps update=0.0025s pub=0.0024s delay=0.2435s (local map=18, WM=18)
[INFO] [1772813120.131477444] [rtabmap]: rtabmap (1262): Rate=1.00s, Limit=0.000s, Conversion=0.0003s, RTAB-Map=0.0731s, Maps update=0.0003s pub=0.0010s delay=0.2373s (local map=18, WM=18)
[INFO] [1772813121.222318609] [rtabmap]: rtabmap (1263): Rate=1.00s, Limit=0.000s, Conversion=0.0004s, RTAB-Map=0.0685s, Maps update=0.0004s pub=0.0013s delay=0.2291s (local map=18, WM=18)
[INFO] [1772813122.234769454] [rtabmap]: rtabmap (1264): Rate=1.00s, Limit=0.000s, Conversion=0.0004s, RTAB-Map=0.0650s, Maps update=0.0003s pub=0.0010s delay=0.2413s (local map=18, WM=18)
[INFO] [1772813123.318338414] [rtabmap]: rtabmap (1265): Rate=1.00s, Limit=0.000s, Conversion=0.0005s, RTAB-Map=0.0610s, Maps update=0.0017s pub=0.0025s delay=0.2250s (local map=19, WM=19)
[INFO] [1772813124.429648175] [rtabmap]: rtabmap (1266): Rate=1.00s, Limit=0.000s, Conversion=0.0003s, RTAB-Map=0.0622s, Maps update=0.0003s pub=0.0011s delay=0.2363s (local map=19, WM=19)
[INFO] [1772813125.538044164] [rtabmap]: rtabmap (1267): Rate=1.00s, Limit=0.000s, Conversion=0.0004s, RTAB-Map=0.0742s, Maps update=0.0003s pub=0.0019s delay=0.2453s (local map=19, WM=19)
[INFO] [1772813126.635234779] [rtabmap]: rtabmap (1268): Rate=1.00s, Limit=0.000s, Conversion=0.0004s, RTAB-Map=0.0718s, Maps update=0.0004s pub=0.0016s delay=0.2421s (local map=19, WM=19)
[INFO] [1772813127.629270863] [rtabmap]: rtabmap (1269): Rate=1.00s, Limit=0.000s, Conversion=0.0007s, RTAB-Map=0.0733s, Maps update=0.0004s pub=0.0013s delay=0.2361s (local map=19, WM=19)
[INFO] [1772813128.733144638] [rtabmap]: rtabmap (1270): Rate=1.00s, Limit=0.000s, Conversion=0.0005s, RTAB-Map=0.0736s, Maps update=0.0018s pub=0.0031s delay=0.2402s (local map=20, WM=20)
[INFO] [1772813129.821501167] [rtabmap]: rtabmap (1271): Rate=1.00s, Limit=0.000s, Conversion=0.0003s, RTAB-Map=0.0680s, Maps update=0.0030s pub=0.0047s delay=0.2283s (local map=21, WM=21)
[INFO] [1772813130.819643387] [rtabmap]: rtabmap (1272): Rate=1.00s, Limit=0.000s, Conversion=0.0004s, RTAB-Map=0.0639s, Maps update=0.0005s pub=0.0023s delay=0.2263s (local map=21, WM=21)
[INFO] [1772813131.952607803] [rtabmap]: rtabmap (1273): Rate=1.00s, Limit=0.000s, Conversion=0.0003s, RTAB-Map=0.0804s, Maps update=0.0021s pub=0.0051s delay=0.2601s (local map=22, WM=22)
[INFO] [1772813132.920835766] [rtabmap]: rtabmap (1274): Rate=1.00s, Limit=0.000s, Conversion=0.0003s, RTAB-Map=0.0616s, Maps update=0.0026s pub=0.0028s delay=0.2279s (local map=23, WM=23)
[INFO] [1772813134.047443980] [rtabmap]: rtabmap (1275): Rate=1.00s, Limit=0.000s, Conversion=0.0106s, RTAB-Map=0.0808s, Maps update=0.0004s pub=0.0015s delay=0.2546s (local map=23, WM=23)
[INFO] [1772813135.032681980] [rtabmap]: rtabmap (1276): Rate=1.00s, Limit=0.000s, Conversion=0.0003s, RTAB-Map=0.0763s, Maps update=0.0004s pub=0.0053s delay=0.2394s (local map=24, WM=24)
[INFO] [1772813136.055593595] [rtabmap]: rtabmap (1277): Rate=1.00s, Limit=0.000s, Conversion=0.0008s, RTAB-Map=0.0920s, Maps update=0.0019s pub=0.0025s delay=0.2622s (local map=25, WM=25)
[INFO] [1772813137.131888878] [rtabmap]: rtabmap (1278): Rate=1.00s, Limit=0.000s, Conversion=0.0004s, RTAB-Map=0.0677s, Maps update=0.0020s pub=0.0032s delay=0.2391s (local map=26, WM=26)
[INFO] [1772813138.133667008] [rtabmap]: rtabmap (1279): Rate=1.00s, Limit=0.000s, Conversion=0.0005s, RTAB-Map=0.0683s, Maps update=0.0021s pub=0.0042s delay=0.2409s (local map=27, WM=27)
[INFO] [1772813139.118060208] [rtabmap]: rtabmap (1280): Rate=1.00s, Limit=0.000s, Conversion=0.0004s, RTAB-Map=0.0669s, Maps update=0.0007s pub=0.0023s delay=0.2247s (local map=27, WM=27)
[INFO] [1772813140.224030540] [rtabmap]: rtabmap (1281): Rate=1.00s, Limit=0.000s, Conversion=0.0004s, RTAB-Map=0.0703s, Maps update=0.0004s pub=0.0013s delay=0.2308s (local map=27, WM=27)
[INFO] [1772813141.338230584] [rtabmap]: rtabmap (1282): Rate=1.00s, Limit=0.000s, Conversion=0.0004s, RTAB-Map=0.0796s, Maps update=0.0004s pub=0.0010s delay=0.2454s (local map=27, WM=27)
[INFO] [1772813142.438350843] [rtabmap]: rtabmap (1283): Rate=1.00s, Limit=0.000s, Conversion=0.0005s, RTAB-Map=0.0746s, Maps update=0.0004s pub=0.0017s delay=0.2451s (local map=27, WM=27)
[INFO] [1772813143.519080754] [rtabmap]: rtabmap (1284): Rate=1.00s, Limit=0.000s, Conversion=0.0004s, RTAB-Map=0.0662s, Maps update=0.0017s pub=0.0033s delay=0.2263s (local map=28, WM=28)
[INFO] [1772813144.521863658] [rtabmap]: rtabmap (1285): Rate=1.00s, Limit=0.000s, Conversion=0.0004s, RTAB-Map=0.0665s, Maps update=0.0030s pub=0.0036s delay=0.2290s (local map=29, WM=29)
[INFO] [1772813145.531774185] [rtabmap]: rtabmap (1286): Rate=1.00s, Limit=0.000s, Conversion=0.0004s, RTAB-Map=0.0717s, Maps update=0.0004s pub=0.0013s delay=0.2389s (local map=29, WM=29)
[INFO] [1772813146.632558757] [rtabmap]: rtabmap (1287): Rate=1.00s, Limit=0.000s, Conversion=0.0003s, RTAB-Map=0.0759s, Maps update=0.0004s pub=0.0012s delay=0.2397s (local map=29, WM=29)
[INFO] [1772813147.640564413] [rtabmap]: rtabmap (1288): Rate=1.00s, Limit=0.000s, Conversion=0.0005s, RTAB-Map=0.0771s, Maps update=0.0006s pub=0.0022s delay=0.2475s (local map=29, WM=29)
[INFO] [1772813148.716778413] [rtabmap]: rtabmap (1289): Rate=1.00s, Limit=0.000s, Conversion=0.0003s, RTAB-Map=0.0653s, Maps update=0.0004s pub=0.0015s delay=0.2240s (local map=29, WM=29)
[INFO] [1772813149.718938606] [rtabmap]: rtabmap (1290): Rate=1.00s, Limit=0.000s, Conversion=0.0003s, RTAB-Map=0.0720s, Maps update=0.0004s pub=0.0012s delay=0.2261s (local map=29, WM=29)
[INFO] [1772813150.721970350] [rtabmap]: rtabmap (1291): Rate=1.00s, Limit=0.000s, Conversion=0.0003s, RTAB-Map=0.0657s, Maps update=0.0004s pub=0.0015s delay=0.2291s (local map=29, WM=29)
[INFO] [1772813151.721458156] [rtabmap]: rtabmap (1292): Rate=1.00s, Limit=0.000s, Conversion=0.0004s, RTAB-Map=0.0672s, Maps update=0.0005s pub=0.0051s delay=0.2285s (local map=29, WM=29)
[INFO] [1772813152.821926397] [rtabmap]: rtabmap (1293): Rate=1.00s, Limit=0.000s, Conversion=0.0003s, RTAB-Map=0.0706s, Maps update=0.0004s pub=0.0013s delay=0.2290s (local map=29, WM=29)
[INFO] [1772813153.931988719] [rtabmap]: rtabmap (1294): Rate=1.00s, Limit=0.000s, Conversion=0.0003s, RTAB-Map=0.0652s, Maps update=0.0021s pub=0.0036s delay=0.2391s (local map=30, WM=30)
[INFO] [1772813155.190197667] [rtabmap]: rtabmap (1295): Rate=1.00s, Limit=0.000s, Conversion=0.0004s, RTAB-Map=0.3203s, Maps update=0.0021s pub=0.0031s delay=0.4968s (local map=31, WM=31)
[INFO] [1772813156.036597513] [rtabmap]: rtabmap (1296): Rate=1.00s, Limit=0.000s, Conversion=0.0003s, RTAB-Map=0.0739s, Maps update=0.0005s pub=0.0010s delay=0.2436s (local map=31, WM=31)
[INFO] [1772813157.133968999] [rtabmap]: rtabmap (1297): Rate=1.00s, Limit=0.000s, Conversion=0.0005s, RTAB-Map=0.0729s, Maps update=0.0004s pub=0.0017s delay=0.2412s (local map=31, WM=31)
[INFO] [1772813158.127254912] [rtabmap]: rtabmap (1298): Rate=1.00s, Limit=0.000s, Conversion=0.0003s, RTAB-Map=0.0716s, Maps update=0.0005s pub=0.0017s delay=0.2339s (local map=31, WM=31)
[INFO] [1772813159.136661708] [rtabmap]: rtabmap (1299): Rate=1.00s, Limit=0.000s, Conversion=0.0004s, RTAB-Map=0.0714s, Maps update=0.0004s pub=0.0015s delay=0.2433s (local map=31, WM=31)
[INFO] [1772813160.248966962] [rtabmap]: rtabmap (1300): Rate=1.00s, Limit=0.000s, Conversion=0.0004s, RTAB-Map=0.0868s, Maps update=0.0008s pub=0.0018s delay=0.2563s (local map=31, WM=31)
[INFO] [1772813161.227779924] [rtabmap]: rtabmap (1301): Rate=1.00s, Limit=0.000s, Conversion=0.0005s, RTAB-Map=0.0637s, Maps update=0.0004s pub=0.0017s delay=0.2347s (local map=31, WM=31)
[INFO] [1772813162.336246475] [rtabmap]: rtabmap (1302): Rate=1.00s, Limit=0.000s, Conversion=0.0105s, RTAB-Map=0.0619s, Maps update=0.0004s pub=0.0011s delay=0.2433s (local map=31, WM=31)
[INFO] [1772813163.343696111] [rtabmap]: rtabmap (1303): Rate=1.00s, Limit=0.000s, Conversion=0.0105s, RTAB-Map=0.0675s, Maps update=0.0004s pub=0.0009s delay=0.2507s (local map=31, WM=31)
[INFO] [1772813164.435348346] [rtabmap]: rtabmap (1304): Rate=1.00s, Limit=0.000s, Conversion=0.0003s, RTAB-Map=0.0728s, Maps update=0.0004s pub=0.0011s delay=0.2424s (local map=31, WM=31)
[INFO] [1772813165.418934476] [rtabmap]: rtabmap (1305): Rate=1.00s, Limit=0.000s, Conversion=0.0003s, RTAB-Map=0.0607s, Maps update=0.0004s pub=0.0010s delay=0.2259s (local map=31, WM=31)
[INFO] [1772813166.513467649] [rtabmap]: rtabmap (1306): Rate=1.00s, Limit=0.000s, Conversion=0.0004s, RTAB-Map=0.0594s, Maps update=0.0004s pub=0.0011s delay=0.2207s (local map=31, WM=31)
[INFO] [1772813167.518035547] [rtabmap]: rtabmap (1307): Rate=1.00s, Limit=0.000s, Conversion=0.0004s, RTAB-Map=0.0636s, Maps update=0.0004s pub=0.0014s delay=0.2251s (local map=31, WM=31)
[INFO] [1772813168.660204944] [rtabmap]: rtabmap (1308): Rate=1.00s, Limit=0.000s, Conversion=0.0003s, RTAB-Map=0.0896s, Maps update=0.0005s pub=0.0018s delay=0.2674s (local map=31, WM=31)
[INFO] [1772813169.629396494] [rtabmap]: rtabmap (1309): Rate=1.00s, Limit=0.000s, Conversion=0.0007s, RTAB-Map=0.0662s, Maps update=0.0005s pub=0.0014s delay=0.2365s (local map=31, WM=31)
[INFO] [1772813170.639600120] [rtabmap]: rtabmap (1310): Rate=1.00s, Limit=0.000s, Conversion=0.0004s, RTAB-Map=0.0757s, Maps update=0.0005s pub=0.0013s delay=0.2462s (local map=31, WM=31)
[INFO] [1772813171.751426732] [rtabmap]: rtabmap (1311): Rate=1.00s, Limit=0.000s, Conversion=0.0106s, RTAB-Map=0.0736s, Maps update=0.0004s pub=0.0010s delay=0.2585s (local map=31, WM=31)
[INFO] [1772813172.829200374] [rtabmap]: rtabmap (1312): Rate=1.00s, Limit=0.000s, Conversion=0.0003s, RTAB-Map=0.0648s, Maps update=0.0004s pub=0.0013s delay=0.2364s (local map=31, WM=31)
[INFO] [1772813173.823240362] [rtabmap]: rtabmap (1313): Rate=1.00s, Limit=0.000s, Conversion=0.0003s, RTAB-Map=0.0640s, Maps update=0.0005s pub=0.0017s delay=0.2303s (local map=31, WM=31)
[INFO] [1772813174.826034722] [rtabmap]: rtabmap (1314): Rate=1.00s, Limit=0.000s, Conversion=0.0005s, RTAB-Map=0.0643s, Maps update=0.0004s pub=0.0012s delay=0.2327s (local map=31, WM=31)
[INFO] [1772813175.924283936] [rtabmap]: rtabmap (1315): Rate=1.00s, Limit=0.000s, Conversion=0.0004s, RTAB-Map=0.0692s, Maps update=0.0004s pub=0.0011s delay=0.2314s (local map=31, WM=31)
[INFO] [1772813176.927419397] [rtabmap]: rtabmap (1316): Rate=1.00s, Limit=0.000s, Conversion=0.0003s, RTAB-Map=0.0699s, Maps update=0.0005s pub=0.0015s delay=0.2344s (local map=31, WM=31)
[INFO] [1772813178.025375064] [rtabmap]: rtabmap (1317): Rate=1.00s, Limit=0.000s, Conversion=0.0005s, RTAB-Map=0.0642s, Maps update=0.0005s pub=0.0014s delay=0.2326s (local map=31, WM=31)
[INFO] [1772813179.021480057] [rtabmap]: rtabmap (1318): Rate=1.00s, Limit=0.000s, Conversion=0.0004s, RTAB-Map=0.0627s, Maps update=0.0004s pub=0.0010s delay=0.2285s (local map=31, WM=31)
[INFO] [1772813180.114572569] [rtabmap]: rtabmap (1319): Rate=1.00s, Limit=0.000s, Conversion=0.0003s, RTAB-Map=0.0682s, Maps update=0.0004s pub=0.0010s delay=0.2217s (local map=31, WM=31)
[INFO] [1772813181.233006305] [rtabmap]: rtabmap (1320): Rate=1.00s, Limit=0.000s, Conversion=0.0004s, RTAB-Map=0.0676s, Maps update=0.0004s pub=0.0020s delay=0.2401s (local map=31, WM=31)
[INFO] [1772813182.252938418] [rtabmap]: rtabmap (1321): Rate=1.00s, Limit=0.000s, Conversion=0.0004s, RTAB-Map=0.0883s, Maps update=0.0004s pub=0.0010s delay=0.2599s (local map=31, WM=31)
[INFO] [1772813183.333157174] [rtabmap]: rtabmap (1322): Rate=1.00s, Limit=0.000s, Conversion=0.0005s, RTAB-Map=0.0794s, Maps update=0.0004s pub=0.0022s delay=0.2402s (local map=31, WM=31)
[INFO] [1772813184.338827832] [rtabmap]: rtabmap (1323): Rate=1.00s, Limit=0.000s, Conversion=0.0004s, RTAB-Map=0.0664s, Maps update=0.0004s pub=0.0010s delay=0.2458s (local map=31, WM=31)
[INFO] [1772813185.425437545] [rtabmap]: rtabmap (1324): Rate=1.00s, Limit=0.000s, Conversion=0.0003s, RTAB-Map=0.0705s, Maps update=0.0004s pub=0.0013s delay=0.2325s (local map=31, WM=31)
[INFO] [1772813186.421460582] [rtabmap]: rtabmap (1325): Rate=1.00s, Limit=0.000s, Conversion=0.0003s, RTAB-Map=0.0654s, Maps update=0.0004s pub=0.0017s delay=0.2284s (local map=31, WM=31)
[INFO] [1772813187.527343615] [rtabmap]: rtabmap (1326): Rate=1.00s, Limit=0.000s, Conversion=0.0005s, RTAB-Map=0.0711s, Maps update=0.0004s pub=0.0013s delay=0.2345s (local map=31, WM=31)
[INFO] [1772813188.528625247] [rtabmap]: rtabmap (1327): Rate=1.00s, Limit=0.000s, Conversion=0.0004s, RTAB-Map=0.0658s, Maps update=0.0004s pub=0.0009s delay=0.2357s (local map=31, WM=31)
[INFO] [1772813189.543710077] [rtabmap]: rtabmap (1328): Rate=1.00s, Limit=0.000s, Conversion=0.0004s, RTAB-Map=0.0611s, Maps update=0.0005s pub=0.0013s delay=0.2507s (local map=31, WM=31)
[INFO] [1772813190.615601965] [rtabmap]: rtabmap (1329): Rate=1.00s, Limit=0.000s, Conversion=0.0003s, RTAB-Map=0.0605s, Maps update=0.0005s pub=0.0017s delay=0.2226s (local map=31, WM=31)
[INFO] [1772813191.633807615] [rtabmap]: rtabmap (1330): Rate=1.00s, Limit=0.000s, Conversion=0.0004s, RTAB-Map=0.0761s, Maps update=0.0004s pub=0.0010s delay=0.2408s (local map=31, WM=31)
[INFO] [1772813192.721437301] [rtabmap]: rtabmap (1331): Rate=1.00s, Limit=0.000s, Conversion=0.0004s, RTAB-Map=0.0605s, Maps update=0.0004s pub=0.0018s delay=0.2285s (local map=31, WM=31)
[INFO] [1772813193.725081036] [rtabmap]: rtabmap (1332): Rate=1.00s, Limit=0.000s, Conversion=0.0003s, RTAB-Map=0.0666s, Maps update=0.0006s pub=0.0012s delay=0.2320s (local map=31, WM=31)
[INFO] [1772813194.824775520] [rtabmap]: rtabmap (1333): Rate=1.00s, Limit=0.000s, Conversion=0.0004s, RTAB-Map=0.0640s, Maps update=0.0004s pub=0.0011s delay=0.2319s (local map=31, WM=31)
[INFO] [1772813195.823500577] [rtabmap]: rtabmap (1334): Rate=1.00s, Limit=0.000s, Conversion=0.0004s, RTAB-Map=0.0671s, Maps update=0.0004s pub=0.0010s delay=0.2305s (local map=31, WM=31)
[INFO] [1772813196.929628739] [rtabmap]: rtabmap (1335): Rate=1.00s, Limit=0.000s, Conversion=0.0004s, RTAB-Map=0.0744s, Maps update=0.0004s pub=0.0011s delay=0.2366s (local map=31, WM=31)
[INFO] [1772813198.017928370] [rtabmap]: rtabmap (1336): Rate=1.00s, Limit=0.000s, Conversion=0.0006s, RTAB-Map=0.0610s, Maps update=0.0004s pub=0.0016s delay=0.2249s (local map=31, WM=31)
[INFO] [1772813199.027655466] [rtabmap]: rtabmap (1337): Rate=1.00s, Limit=0.000s, Conversion=0.0003s, RTAB-Map=0.0640s, Maps update=0.0004s pub=0.0014s delay=0.2346s (local map=31, WM=31)
[INFO] [1772813200.033269802] [rtabmap]: rtabmap (1338): Rate=1.00s, Limit=0.000s, Conversion=0.0105s, RTAB-Map=0.0686s, Maps update=0.0004s pub=0.0010s delay=0.2402s (local map=31, WM=31)
[INFO] [1772813201.024297839] [rtabmap]: rtabmap (1339): Rate=1.00s, Limit=0.000s, Conversion=0.0003s, RTAB-Map=0.0661s, Maps update=0.0004s pub=0.0029s delay=0.2311s (local map=31, WM=31)
[INFO] [1772813202.127142519] [rtabmap]: rtabmap (1340): Rate=1.00s, Limit=0.000s, Conversion=0.0003s, RTAB-Map=0.0658s, Maps update=0.0010s pub=0.0018s delay=0.2340s (local map=31, WM=31)
[INFO] [1772813203.231737920] [rtabmap]: rtabmap (1341): Rate=1.00s, Limit=0.000s, Conversion=0.0006s, RTAB-Map=0.0788s, Maps update=0.0004s pub=0.0011s delay=0.2387s (local map=31, WM=31)
[INFO] [1772813204.219790391] [rtabmap]: rtabmap (1342): Rate=1.00s, Limit=0.000s, Conversion=0.0005s, RTAB-Map=0.0682s, Maps update=0.0005s pub=0.0015s delay=0.2267s (local map=31, WM=31)
[INFO] [1772813205.318553832] [rtabmap]: rtabmap (1343): Rate=1.00s, Limit=0.000s, Conversion=0.0003s, RTAB-Map=0.0657s, Maps update=0.0005s pub=0.0010s delay=0.2255s (local map=31, WM=31)
[INFO] [1772813206.322952604] [rtabmap]: rtabmap (1344): Rate=1.00s, Limit=0.000s, Conversion=0.0004s, RTAB-Map=0.0640s, Maps update=0.0004s pub=0.0012s delay=0.2298s (local map=31, WM=31)
[INFO] [1772813207.421732622] [rtabmap]: rtabmap (1345): Rate=1.00s, Limit=0.000s, Conversion=0.0004s, RTAB-Map=0.0687s, Maps update=0.0017s pub=0.0011s delay=0.2286s (local map=31, WM=31)
[INFO] [1772813208.427766781] [rtabmap]: rtabmap (1346): Rate=1.00s, Limit=0.000s, Conversion=0.0003s, RTAB-Map=0.0665s, Maps update=0.0005s pub=0.0026s delay=0.2343s (local map=31, WM=31)
[INFO] [1772813209.526354888] [rtabmap]: rtabmap (1347): Rate=1.00s, Limit=0.000s, Conversion=0.0003s, RTAB-Map=0.0751s, Maps update=0.0004s pub=0.0016s delay=0.2333s (local map=31, WM=31)
[INFO] [1772813210.527009681] [rtabmap]: rtabmap (1348): Rate=1.00s, Limit=0.000s, Conversion=0.0005s, RTAB-Map=0.0686s, Maps update=0.0005s pub=0.0012s delay=0.2337s (local map=31, WM=31)
[INFO] [1772813211.625221390] [rtabmap]: rtabmap (1349): Rate=1.00s, Limit=0.000s, Conversion=0.0004s, RTAB-Map=0.0720s, Maps update=0.0004s pub=0.0025s delay=0.2321s (local map=31, WM=31)
[INFO] [1772813212.621795584] [rtabmap]: rtabmap (1350): Rate=1.00s, Limit=0.000s, Conversion=0.0005s, RTAB-Map=0.0640s, Maps update=0.0004s pub=0.0013s delay=0.2286s (local map=31, WM=31)
[INFO] [1772813213.720245670] [rtabmap]: rtabmap (1351): Rate=1.00s, Limit=0.000s, Conversion=0.0003s, RTAB-Map=0.0586s, Maps update=0.0004s pub=0.0011s delay=0.2272s (local map=31, WM=31)
[INFO] [1772813214.719832967] [rtabmap]: rtabmap (1352): Rate=1.00s, Limit=0.000s, Conversion=0.0003s, RTAB-Map=0.0580s, Maps update=0.0013s pub=0.0009s delay=0.2265s (local map=31, WM=31)
[INFO] [1772813215.813142447] [rtabmap]: rtabmap (1353): Rate=1.00s, Limit=0.000s, Conversion=0.0004s, RTAB-Map=0.0634s, Maps update=0.0004s pub=0.0010s delay=0.2199s (local map=31, WM=31)
[INFO] [1772813216.933080719] [rtabmap]: rtabmap (1354): Rate=1.00s, Limit=0.000s, Conversion=0.0004s, RTAB-Map=0.0755s, Maps update=0.0004s pub=0.0012s delay=0.2398s (local map=31, WM=31)
[INFO] [1772813217.942695811] [rtabmap]: rtabmap (1355): Rate=1.00s, Limit=0.000s, Conversion=0.0006s, RTAB-Map=0.0795s, Maps update=0.0004s pub=0.0010s delay=0.2492s (local map=31, WM=31)
[INFO] [1772813219.034207656] [rtabmap]: rtabmap (1356): Rate=1.00s, Limit=0.000s, Conversion=0.0004s, RTAB-Map=0.0689s, Maps update=0.0005s pub=0.0011s delay=0.2408s (local map=31, WM=31)
[INFO] [1772813220.133973758] [rtabmap]: rtabmap (1357): Rate=1.00s, Limit=0.000s, Conversion=0.0003s, RTAB-Map=0.0673s, Maps update=0.0004s pub=0.0015s delay=0.2408s (local map=31, WM=31)
[INFO] [1772813221.121591014] [rtabmap]: rtabmap (1358): Rate=1.00s, Limit=0.000s, Conversion=0.0003s, RTAB-Map=0.0570s, Maps update=0.0004s pub=0.0013s delay=0.2283s (local map=31, WM=31)
[INFO] [1772813222.229346723] [rtabmap]: rtabmap (1359): Rate=1.00s, Limit=0.000s, Conversion=0.0004s, RTAB-Map=0.0678s, Maps update=0.0004s pub=0.0046s delay=0.2359s (local map=31, WM=31)
[INFO] [1772813223.319231309] [rtabmap]: rtabmap (1360): Rate=1.00s, Limit=0.000s, Conversion=0.0003s, RTAB-Map=0.0675s, Maps update=0.0007s pub=0.0013s delay=0.2260s (local map=31, WM=31)
[INFO] [1772813224.311951344] [rtabmap]: rtabmap (1361): Rate=1.00s, Limit=0.000s, Conversion=0.0005s, RTAB-Map=0.0586s, Maps update=0.0004s pub=0.0011s delay=0.2187s (local map=31, WM=31)
[INFO] [1772813225.343116192] [rtabmap]: rtabmap (1362): Rate=1.00s, Limit=0.000s, Conversion=0.0003s, RTAB-Map=0.0739s, Maps update=0.0004s pub=0.0010s delay=0.2498s (local map=31, WM=31)
[INFO] [1772813226.326682994] [rtabmap]: rtabmap (1363): Rate=1.00s, Limit=0.000s, Conversion=0.0005s, RTAB-Map=0.0679s, Maps update=0.0004s pub=0.0010s delay=0.2333s (local map=31, WM=31)
[INFO] [1772813227.433294949] [rtabmap]: rtabmap (1364): Rate=1.00s, Limit=0.000s, Conversion=0.0003s, RTAB-Map=0.0642s, Maps update=0.0004s pub=0.0027s delay=0.2401s (local map=31, WM=31)
[INFO] [1772813228.434851663] [rtabmap]: rtabmap (1365): Rate=1.00s, Limit=0.000s, Conversion=0.0003s, RTAB-Map=0.0720s, Maps update=0.0004s pub=0.0011s delay=0.2416s (local map=31, WM=31)
[INFO] [1772813229.521247608] [rtabmap]: rtabmap (1366): Rate=1.00s, Limit=0.000s, Conversion=0.0003s, RTAB-Map=0.0684s, Maps update=0.0009s pub=0.0014s delay=0.2278s (local map=31, WM=31)
[INFO] [1772813230.643260804] [rtabmap]: rtabmap (1367): Rate=1.00s, Limit=0.000s, Conversion=0.0005s, RTAB-Map=0.0765s, Maps update=0.0006s pub=0.0017s delay=0.2500s (local map=31, WM=31)
[INFO] [1772813231.701864138] [rtabmap]: rtabmap (1368): Rate=1.00s, Limit=0.000s, Conversion=0.0004s, RTAB-Map=0.0554s, Maps update=0.0004s pub=0.0011s delay=0.2085s (local map=31, WM=31)
[INFO] [1772813232.820150764] [rtabmap]: rtabmap (1369): Rate=1.00s, Limit=0.000s, Conversion=0.0004s, RTAB-Map=0.0694s, Maps update=0.0004s pub=0.0010s delay=0.2269s (local map=31, WM=31)
[INFO] [1772813233.829829123] [rtabmap]: rtabmap (1370): Rate=1.00s, Limit=0.000s, Conversion=0.0006s, RTAB-Map=0.0688s, Maps update=0.0004s pub=0.0013s delay=0.2364s (local map=31, WM=31)
[INFO] [1772813234.927127326] [rtabmap]: rtabmap (1371): Rate=1.00s, Limit=0.000s, Conversion=0.0003s, RTAB-Map=0.0642s, Maps update=0.0006s pub=0.0012s delay=0.2337s (local map=31, WM=31)
[INFO] [1772813236.022553044] [rtabmap]: rtabmap (1372): Rate=1.00s, Limit=0.000s, Conversion=0.0003s, RTAB-Map=0.0674s, Maps update=0.0004s pub=0.0010s delay=0.2291s (local map=31, WM=31)
[INFO] [1772813237.015575459] [rtabmap]: rtabmap (1373): Rate=1.00s, Limit=0.000s, Conversion=0.0005s, RTAB-Map=0.0595s, Maps update=0.0007s pub=0.0011s delay=0.2221s (local map=31, WM=31)
[INFO] [1772813238.120959625] [rtabmap]: rtabmap (1374): Rate=1.00s, Limit=0.000s, Conversion=0.0006s, RTAB-Map=0.0637s, Maps update=0.0005s pub=0.0017s delay=0.2276s (local map=31, WM=31)
[INFO] [1772813239.127039130] [rtabmap]: rtabmap (1375): Rate=1.00s, Limit=0.000s, Conversion=0.0004s, RTAB-Map=0.0664s, Maps update=0.0005s pub=0.0011s delay=0.2336s (local map=31, WM=31)
[INFO] [1772813240.234853018] [rtabmap]: rtabmap (1376): Rate=1.00s, Limit=0.000s, Conversion=0.0004s, RTAB-Map=0.0703s, Maps update=0.0004s pub=0.0010s delay=0.2417s (local map=31, WM=31)
[INFO] [1772813241.221521342] [rtabmap]: rtabmap (1377): Rate=1.00s, Limit=0.000s, Conversion=0.0004s, RTAB-Map=0.0587s, Maps update=0.0004s pub=0.0011s delay=0.2281s (local map=31, WM=31)
[INFO] [1772813242.216963206] [rtabmap]: rtabmap (1378): Rate=1.00s, Limit=0.000s, Conversion=0.0003s, RTAB-Map=0.0632s, Maps update=0.0004s pub=0.0013s delay=0.2235s (local map=31, WM=31)
[INFO] [1772813243.231465006] [rtabmap]: rtabmap (1379): Rate=1.00s, Limit=0.000s, Conversion=0.0003s, RTAB-Map=0.0667s, Maps update=0.0004s pub=0.0009s delay=0.2380s (local map=31, WM=31)
[INFO] [1772813244.241881888] [rtabmap]: rtabmap (1380): Rate=1.00s, Limit=0.000s, Conversion=0.0005s, RTAB-Map=0.0806s, Maps update=0.0004s pub=0.0015s delay=0.2483s (local map=31, WM=31)
[INFO] [1772813245.339694670] [rtabmap]: rtabmap (1381): Rate=1.00s, Limit=0.000s, Conversion=0.0004s, RTAB-Map=0.0802s, Maps update=0.0004s pub=0.0015s delay=0.2465s (local map=31, WM=31)
[INFO] [1772813246.342081591] [rtabmap]: rtabmap (1382): Rate=1.00s, Limit=0.000s, Conversion=0.0004s, RTAB-Map=0.0864s, Maps update=0.0004s pub=0.0012s delay=0.2487s (local map=31, WM=31)
[INFO] [1772813247.330653345] [rtabmap]: rtabmap (1383): Rate=1.00s, Limit=0.000s, Conversion=0.0004s, RTAB-Map=0.0647s, Maps update=0.0006s pub=0.0019s delay=0.2371s (local map=31, WM=31)
[INFO] [1772813248.437990000] [rtabmap]: rtabmap (1384): Rate=1.00s, Limit=0.000s, Conversion=0.0003s, RTAB-Map=0.0721s, Maps update=0.0004s pub=0.0012s delay=0.2445s (local map=31, WM=31)
[INFO] [1772813249.425902434] [rtabmap]: rtabmap (1385): Rate=1.00s, Limit=0.000s, Conversion=0.0003s, RTAB-Map=0.0654s, Maps update=0.0004s pub=0.0011s delay=0.2324s (local map=31, WM=31)
[INFO] [1772813250.518982689] [rtabmap]: rtabmap (1386): Rate=1.00s, Limit=0.000s, Conversion=0.0003s, RTAB-Map=0.0617s, Maps update=0.0004s pub=0.0014s delay=0.2256s (local map=31, WM=31)
[INFO] [1772813251.520522219] [rtabmap]: rtabmap (1387): Rate=1.00s, Limit=0.000s, Conversion=0.0008s, RTAB-Map=0.0615s, Maps update=0.0004s pub=0.0021s delay=0.2270s (local map=31, WM=31)
[INFO] [1772813252.536435975] [rtabmap]: rtabmap (1388): Rate=1.00s, Limit=0.000s, Conversion=0.0003s, RTAB-Map=0.0808s, Maps update=0.0004s pub=0.0014s delay=0.2428s (local map=31, WM=31)
[INFO] [1772813253.636792243] [rtabmap]: rtabmap (1389): Rate=1.00s, Limit=0.000s, Conversion=0.0006s, RTAB-Map=0.0734s, Maps update=0.0004s pub=0.0010s delay=0.2433s (local map=31, WM=31)
[INFO] [1772813254.636408790] [rtabmap]: rtabmap (1390): Rate=1.00s, Limit=0.000s, Conversion=0.0005s, RTAB-Map=0.0731s, Maps update=0.0004s pub=0.0012s delay=0.2428s (local map=31, WM=31)
[INFO] [1772813255.643171104] [rtabmap]: rtabmap (1391): Rate=1.00s, Limit=0.000s, Conversion=0.0004s, RTAB-Map=0.0827s, Maps update=0.0005s pub=0.0012s delay=0.2495s (local map=31, WM=31)
[INFO] [1772813256.723331618] [rtabmap]: rtabmap (1392): Rate=1.00s, Limit=0.000s, Conversion=0.0006s, RTAB-Map=0.0704s, Maps update=0.0005s pub=0.0015s delay=0.2296s (local map=31, WM=31)
[INFO] [1772813257.831295368] [rtabmap]: rtabmap (1393): Rate=1.00s, Limit=0.000s, Conversion=0.0006s, RTAB-Map=0.0679s, Maps update=0.0005s pub=0.0047s delay=0.2378s (local map=31, WM=31)
[INFO] [1772813258.839358786] [rtabmap]: rtabmap (1394): Rate=1.00s, Limit=0.000s, Conversion=0.0004s, RTAB-Map=0.0722s, Maps update=0.0004s pub=0.0010s delay=0.2458s (local map=31, WM=31)
[INFO] [1772813259.934569104] [rtabmap]: rtabmap (1395): Rate=1.00s, Limit=0.000s, Conversion=0.0006s, RTAB-Map=0.0667s, Maps update=0.0004s pub=0.0026s delay=0.2410s (local map=31, WM=31)
[INFO] [1772813260.935319933] [rtabmap]: rtabmap (1396): Rate=1.00s, Limit=0.000s, Conversion=0.0005s, RTAB-Map=0.0834s, Maps update=0.0004s pub=0.0016s delay=0.2417s (local map=31, WM=31)
[INFO] [1772813262.029334591] [rtabmap]: rtabmap (1397): Rate=1.00s, Limit=0.000s, Conversion=0.0004s, RTAB-Map=0.0647s, Maps update=0.0004s pub=0.0012s delay=0.2357s (local map=31, WM=31)
[INFO] [1772813263.021557872] [rtabmap]: rtabmap (1398): Rate=1.00s, Limit=0.000s, Conversion=0.0005s, RTAB-Map=0.0645s, Maps update=0.0005s pub=0.0024s delay=0.2279s (local map=31, WM=31)
[INFO] [1772813264.128353706] [rtabmap]: rtabmap (1399): Rate=1.00s, Limit=0.000s, Conversion=0.0005s, RTAB-Map=0.0717s, Maps update=0.0007s pub=0.0016s delay=0.2347s (local map=31, WM=31)
[INFO] [1772813265.225299896] [rtabmap]: rtabmap (1400): Rate=1.00s, Limit=0.000s, Conversion=0.0003s, RTAB-Map=0.0593s, Maps update=0.0004s pub=0.0014s delay=0.2318s (local map=31, WM=31)
[INFO] [1772813266.237033178] [rtabmap]: rtabmap (1401): Rate=1.00s, Limit=0.000s, Conversion=0.0003s, RTAB-Map=0.0713s, Maps update=0.0005s pub=0.0011s delay=0.2435s (local map=31, WM=31)
[INFO] [1772813267.222306923] [rtabmap]: rtabmap (1402): Rate=1.00s, Limit=0.000s, Conversion=0.0004s, RTAB-Map=0.0697s, Maps update=0.0006s pub=0.0026s delay=0.2287s (local map=31, WM=31)
[INFO] [1772813268.328881789] [rtabmap]: rtabmap (1403): Rate=1.00s, Limit=0.000s, Conversion=0.0003s, RTAB-Map=0.0726s, Maps update=0.0004s pub=0.0015s delay=0.2353s (local map=31, WM=31)
[INFO] [1772813269.333786499] [rtabmap]: rtabmap (1404): Rate=1.00s, Limit=0.000s, Conversion=0.0003s, RTAB-Map=0.0787s, Maps update=0.0006s pub=0.0017s delay=0.2401s (local map=31, WM=31)
[INFO] [1772813270.425969953] [rtabmap]: rtabmap (1405): Rate=1.00s, Limit=0.000s, Conversion=0.0004s, RTAB-Map=0.0666s, Maps update=0.0004s pub=0.0010s delay=0.2326s (local map=31, WM=31)
[INFO] [1772813271.426602153] [rtabmap]: rtabmap (1406): Rate=1.00s, Limit=0.000s, Conversion=0.0109s, RTAB-Map=0.0645s, Maps update=0.0008s pub=0.0021s delay=0.2330s (local map=31, WM=31)
[INFO] [1772813272.432540949] [rtabmap]: rtabmap (1407): Rate=1.00s, Limit=0.000s, Conversion=0.0006s, RTAB-Map=0.0762s, Maps update=0.0007s pub=0.0021s delay=0.2389s (local map=31, WM=31)
[INFO] [1772813273.541551585] [rtabmap]: rtabmap (1408): Rate=1.00s, Limit=0.000s, Conversion=0.0004s, RTAB-Map=0.0793s, Maps update=0.0007s pub=0.0020s delay=0.2478s (local map=31, WM=31)
[INFO] [1772813274.535945091] [rtabmap]: rtabmap (1409): Rate=1.00s, Limit=0.000s, Conversion=0.0004s, RTAB-Map=0.0664s, Maps update=0.0006s pub=0.0019s delay=0.2422s (local map=31, WM=31)
[INFO] [1772813275.623721182] [rtabmap]: rtabmap (1410): Rate=1.00s, Limit=0.000s, Conversion=0.0004s, RTAB-Map=0.0627s, Maps update=0.0005s pub=0.0019s delay=0.2301s (local map=31, WM=31)
[INFO] [1772813276.639686845] [rtabmap]: rtabmap (1411): Rate=1.00s, Limit=0.000s, Conversion=0.0005s, RTAB-Map=0.0744s, Maps update=0.0007s pub=0.0012s delay=0.2461s (local map=31, WM=31)
[INFO] [1772813277.721738020] [rtabmap]: rtabmap (1412): Rate=1.00s, Limit=0.000s, Conversion=0.0005s, RTAB-Map=0.0669s, Maps update=0.0004s pub=0.0018s delay=0.2283s (local map=31, WM=31)
[INFO] [1772813278.728272999] [rtabmap]: rtabmap (1413): Rate=1.00s, Limit=0.000s, Conversion=0.0003s, RTAB-Map=0.0753s, Maps update=0.0004s pub=0.0009s delay=0.2347s (local map=31, WM=31)
[INFO] [1772813279.728652805] [rtabmap]: rtabmap (1414): Rate=1.00s, Limit=0.000s, Conversion=0.0005s, RTAB-Map=0.0740s, Maps update=0.0006s pub=0.0017s delay=0.2349s (local map=31, WM=31)
[INFO] [1772813280.719469155] [rtabmap]: rtabmap (1415): Rate=1.00s, Limit=0.000s, Conversion=0.0004s, RTAB-Map=0.0614s, Maps update=0.0004s pub=0.0011s delay=0.2256s (local map=31, WM=31)
[INFO] [1772813281.829153319] [rtabmap]: rtabmap (1416): Rate=1.00s, Limit=0.000s, Conversion=0.0006s, RTAB-Map=0.0656s, Maps update=0.0004s pub=0.0014s delay=0.2355s (local map=31, WM=31)
[INFO] [1772813282.824487820] [rtabmap]: rtabmap (1417): Rate=1.00s, Limit=0.000s, Conversion=0.0004s, RTAB-Map=0.0695s, Maps update=0.0004s pub=0.0021s delay=0.2307s (local map=31, WM=31)
[INFO] [1772813283.922402366] [rtabmap]: rtabmap (1418): Rate=1.00s, Limit=0.000s, Conversion=0.0005s, RTAB-Map=0.0683s, Maps update=0.0004s pub=0.0013s delay=0.2287s (local map=31, WM=31)
[INFO] [1772813284.947034204] [rtabmap]: rtabmap (1419): Rate=1.00s, Limit=0.000s, Conversion=0.0003s, RTAB-Map=0.0801s, Maps update=0.0004s pub=0.0025s delay=0.2529s (local map=31, WM=31)
[INFO] [1772813286.033975545] [rtabmap]: rtabmap (1420): Rate=1.00s, Limit=0.000s, Conversion=0.0003s, RTAB-Map=0.0684s, Maps update=0.0006s pub=0.0011s delay=0.2402s (local map=31, WM=31)
[INFO] [1772813287.031451916] [rtabmap]: rtabmap (1421): Rate=1.00s, Limit=0.000s, Conversion=0.0003s, RTAB-Map=0.0781s, Maps update=0.0004s pub=0.0012s delay=0.2377s (local map=31, WM=31)
[INFO] [1772813288.121348342] [rtabmap]: rtabmap (1422): Rate=1.00s, Limit=0.000s, Conversion=0.0004s, RTAB-Map=0.0641s, Maps update=0.0004s pub=0.0014s delay=0.2277s (local map=31, WM=31)
[INFO] [1772813289.229512483] [rtabmap]: rtabmap (1423): Rate=1.00s, Limit=0.000s, Conversion=0.0005s, RTAB-Map=0.0728s, Maps update=0.0005s pub=0.0012s delay=0.2367s (local map=31, WM=31)
[INFO] [1772813290.228062302] [rtabmap]: rtabmap (1424): Rate=1.00s, Limit=0.000s, Conversion=0.0003s, RTAB-Map=0.0753s, Maps update=0.0008s pub=0.0011s delay=0.2352s (local map=31, WM=31)
[INFO] [1772813291.224564141] [rtabmap]: rtabmap (1425): Rate=1.00s, Limit=0.000s, Conversion=0.0005s, RTAB-Map=0.0719s, Maps update=0.0005s pub=0.0012s delay=0.2309s (local map=31, WM=31)
[INFO] [1772813292.324262881] [rtabmap]: rtabmap (1426): Rate=1.00s, Limit=0.000s, Conversion=0.0004s, RTAB-Map=0.0650s, Maps update=0.0005s pub=0.0012s delay=0.2304s (local map=31, WM=31)
[INFO] [1772813293.432880287] [rtabmap]: rtabmap (1427): Rate=1.00s, Limit=0.000s, Conversion=0.0005s, RTAB-Map=0.0781s, Maps update=0.0004s pub=0.0010s delay=0.2392s (local map=31, WM=31)
[INFO] [1772813294.440056088] [rtabmap]: rtabmap (1428): Rate=1.00s, Limit=0.000s, Conversion=0.0009s, RTAB-Map=0.0788s, Maps update=0.0006s pub=0.0015s delay=0.2464s (local map=31, WM=31)
[INFO] [1772813295.516488465] [rtabmap]: rtabmap (1429): Rate=1.00s, Limit=0.000s, Conversion=0.0004s, RTAB-Map=0.0597s, Maps update=0.0004s pub=0.0012s delay=0.2227s (local map=31, WM=31)
[INFO] [1772813296.639611494] [rtabmap]: rtabmap (1430): Rate=1.00s, Limit=0.000s, Conversion=0.0004s, RTAB-Map=0.0817s, Maps update=0.0004s pub=0.0012s delay=0.2460s (local map=31, WM=31)
[INFO] [1772813297.609363609] [rtabmap]: rtabmap (1431): Rate=1.00s, Limit=0.000s, Conversion=0.0004s, RTAB-Map=0.0618s, Maps update=0.0004s pub=0.0013s delay=0.2156s (local map=31, WM=31)
[INFO] [1772813298.731017688] [rtabmap]: rtabmap (1432): Rate=1.00s, Limit=0.000s, Conversion=0.0004s, RTAB-Map=0.0695s, Maps update=0.0004s pub=0.0009s delay=0.2373s (local map=31, WM=31)
[INFO] [1772813299.731311476] [rtabmap]: rtabmap (1433): Rate=1.00s, Limit=0.000s, Conversion=0.0005s, RTAB-Map=0.0638s, Maps update=0.0005s pub=0.0018s delay=0.2374s (local map=31, WM=31)
[INFO] [1772813300.736622633] [rtabmap]: rtabmap (1434): Rate=1.00s, Limit=0.000s, Conversion=0.0007s, RTAB-Map=0.0787s, Maps update=0.0004s pub=0.0012s delay=0.2427s (local map=31, WM=31)
[INFO] [1772813301.831688689] [rtabmap]: rtabmap (1435): Rate=1.00s, Limit=0.000s, Conversion=0.0006s, RTAB-Map=0.0675s, Maps update=0.0005s pub=0.0047s delay=0.2378s (local map=31, WM=31)
[INFO] [1772813302.917506565] [rtabmap]: rtabmap (1436): Rate=1.00s, Limit=0.000s, Conversion=0.0003s, RTAB-Map=0.0607s, Maps update=0.0004s pub=0.0010s delay=0.2237s (local map=31, WM=31)
[INFO] [1772813303.936946083] [rtabmap]: rtabmap (1437): Rate=1.00s, Limit=0.000s, Conversion=0.0005s, RTAB-Map=0.0751s, Maps update=0.0004s pub=0.0010s delay=0.2431s (local map=31, WM=31)
[INFO] [1772813305.033671945] [rtabmap]: rtabmap (1438): Rate=1.00s, Limit=0.000s, Conversion=0.0004s, RTAB-Map=0.0622s, Maps update=0.0005s pub=0.0020s delay=0.2400s (local map=31, WM=31)
[INFO] [1772813306.023513731] [rtabmap]: rtabmap (1439): Rate=1.00s, Limit=0.000s, Conversion=0.0006s, RTAB-Map=0.0679s, Maps update=0.0004s pub=0.0018s delay=0.2296s (local map=31, WM=31)
[INFO] [1772813307.133596374] [rtabmap]: rtabmap (1440): Rate=1.00s, Limit=0.000s, Conversion=0.0012s, RTAB-Map=0.0640s, Maps update=0.0004s pub=0.0012s delay=0.2397s (local map=31, WM=31)
[INFO] [1772813308.236134867] [rtabmap]: rtabmap (1441): Rate=1.00s, Limit=0.000s, Conversion=0.0003s, RTAB-Map=0.0774s, Maps update=0.0006s pub=0.0011s delay=0.2423s (local map=31, WM=31)
[INFO] [1772813309.317455616] [rtabmap]: rtabmap (1442): Rate=1.00s, Limit=0.000s, Conversion=0.0004s, RTAB-Map=0.0675s, Maps update=0.0005s pub=0.0028s delay=0.2245s (local map=31, WM=31)
[INFO] [1772813310.338106380] [rtabmap]: rtabmap (1443): Rate=1.00s, Limit=0.000s, Conversion=0.0003s, RTAB-Map=0.0664s, Maps update=0.0004s pub=0.0008s delay=0.2442s (local map=31, WM=31)
[INFO] [1772813311.441890327] [rtabmap]: rtabmap (1444): Rate=1.00s, Limit=0.000s, Conversion=0.0007s, RTAB-Map=0.0821s, Maps update=0.0004s pub=0.0011s delay=0.2489s (local map=31, WM=31)
[INFO] [1772813312.427954820] [rtabmap]: rtabmap (1445): Rate=1.00s, Limit=0.000s, Conversion=0.0004s, RTAB-Map=0.0728s, Maps update=0.0004s pub=0.0010s delay=0.2338s (local map=31, WM=31)
[INFO] [1772813313.520610388] [rtabmap]: rtabmap (1446): Rate=1.00s, Limit=0.000s, Conversion=0.0004s, RTAB-Map=0.0620s, Maps update=0.0004s pub=0.0011s delay=0.2275s (local map=31, WM=31)
[INFO] [1772813314.536679958] [rtabmap]: rtabmap (1447): Rate=1.00s, Limit=0.000s, Conversion=0.0004s, RTAB-Map=0.0728s, Maps update=0.0004s pub=0.0009s delay=0.2428s (local map=31, WM=31)
[INFO] [1772813315.643350156] [rtabmap]: rtabmap (1448): Rate=1.00s, Limit=0.000s, Conversion=0.0003s, RTAB-Map=0.0765s, Maps update=0.0006s pub=0.0022s delay=0.2494s (local map=31, WM=31)
[INFO] [1772813316.727496769] [rtabmap]: rtabmap (1449): Rate=1.00s, Limit=0.000s, Conversion=0.0003s, RTAB-Map=0.0676s, Maps update=0.0005s pub=0.0011s delay=0.2345s (local map=31, WM=31)
[INFO] [1772813317.721736221] [rtabmap]: rtabmap (1450): Rate=1.00s, Limit=0.000s, Conversion=0.0005s, RTAB-Map=0.0599s, Maps update=0.0004s pub=0.0011s delay=0.2278s (local map=31, WM=31)
[INFO] [1772813318.829359094] [rtabmap]: rtabmap (1451): Rate=1.00s, Limit=0.000s, Conversion=0.0003s, RTAB-Map=0.0702s, Maps update=0.0004s pub=0.0015s delay=0.2363s (local map=31, WM=31)
[INFO] [1772813319.921000384] [rtabmap]: rtabmap (1452): Rate=1.00s, Limit=0.000s, Conversion=0.0004s, RTAB-Map=0.0677s, Maps update=0.0004s pub=0.0011s delay=0.2271s (local map=31, WM=31)
[INFO] [1772813321.031571526] [rtabmap]: rtabmap (1453): Rate=1.00s, Limit=0.000s, Conversion=0.0005s, RTAB-Map=0.0787s, Maps update=0.0004s pub=0.0013s delay=0.2376s (local map=31, WM=31)
[INFO] [1772813322.139923353] [rtabmap]: rtabmap (1454): Rate=1.00s, Limit=0.000s, Conversion=0.0005s, RTAB-Map=0.0687s, Maps update=0.0004s pub=0.0011s delay=0.2459s (local map=31, WM=31)
[INFO] [1772813323.233968380] [rtabmap]: rtabmap (1455): Rate=1.00s, Limit=0.000s, Conversion=0.0003s, RTAB-Map=0.0711s, Maps update=0.0004s pub=0.0014s delay=0.2400s (local map=31, WM=31)
[INFO] [1772813324.251825473] [rtabmap]: rtabmap (1456): Rate=1.00s, Limit=0.000s, Conversion=0.0004s, RTAB-Map=0.0849s, Maps update=0.0004s pub=0.0012s delay=0.2578s (local map=31, WM=31)
[INFO] [1772813325.336019128] [rtabmap]: rtabmap (1457): Rate=1.00s, Limit=0.000s, Conversion=0.0005s, RTAB-Map=0.0772s, Maps update=0.0004s pub=0.0011s delay=0.2421s (local map=31, WM=31)
[INFO] [1772813326.324819275] [rtabmap]: rtabmap (1458): Rate=1.00s, Limit=0.000s, Conversion=0.0004s, RTAB-Map=0.0699s, Maps update=0.0007s pub=0.0016s delay=0.2308s (local map=31, WM=31)
[INFO] [1772813327.436145996] [rtabmap]: rtabmap (1459): Rate=1.00s, Limit=0.000s, Conversion=0.0005s, RTAB-Map=0.0710s, Maps update=0.0006s pub=0.0016s delay=0.2422s (local map=31, WM=31)
[INFO] [1772813328.419653180] [rtabmap]: rtabmap (1460): Rate=1.00s, Limit=0.000s, Conversion=0.0003s, RTAB-Map=0.0628s, Maps update=0.0005s pub=0.0012s delay=0.2257s (local map=31, WM=31)
[INFO] [1772813329.421440206] [rtabmap]: rtabmap (1461): Rate=1.00s, Limit=0.000s, Conversion=0.0003s, RTAB-Map=0.0639s, Maps update=0.0013s pub=0.0020s delay=0.2275s (local map=31, WM=31)
[INFO] [1772813330.440742472] [rtabmap]: rtabmap (1462): Rate=1.00s, Limit=0.000s, Conversion=0.0006s, RTAB-Map=0.0786s, Maps update=0.0004s pub=0.0010s delay=0.2467s (local map=31, WM=31)
[INFO] [1772813331.526922889] [rtabmap]: rtabmap (1463): Rate=1.00s, Limit=0.000s, Conversion=0.0004s, RTAB-Map=0.0665s, Maps update=0.0006s pub=0.0018s delay=0.2338s (local map=31, WM=31)
[INFO] [1772813332.516151275] [rtabmap]: rtabmap (1464): Rate=1.00s, Limit=0.000s, Conversion=0.0004s, RTAB-Map=0.0610s, Maps update=0.0004s pub=0.0012s delay=0.2222s (local map=31, WM=31)
[INFO] [1772813333.632581993] [rtabmap]: rtabmap (1465): Rate=1.00s, Limit=0.000s, Conversion=0.0005s, RTAB-Map=0.0712s, Maps update=0.0004s pub=0.0015s delay=0.2395s (local map=31, WM=31)
[INFO] [1772813334.630678804] [rtabmap]: rtabmap (1466): Rate=1.00s, Limit=0.000s, Conversion=0.0003s, RTAB-Map=0.0664s, Maps update=0.0004s pub=0.0009s delay=0.2366s (local map=31, WM=31)
[INFO] [1772813335.726260661] [rtabmap]: rtabmap (1467): Rate=1.00s, Limit=0.000s, Conversion=0.0003s, RTAB-Map=0.0631s, Maps update=0.0005s pub=0.0041s delay=0.2323s (local map=31, WM=31)
[INFO] [1772813336.716642919] [rtabmap]: rtabmap (1468): Rate=1.00s, Limit=0.000s, Conversion=0.0004s, RTAB-Map=0.0611s, Maps update=0.0004s pub=0.0019s delay=0.2226s (local map=31, WM=31)
[INFO] [1772813337.728358284] [rtabmap]: rtabmap (1469): Rate=1.00s, Limit=0.000s, Conversion=0.0004s, RTAB-Map=0.0721s, Maps update=0.0007s pub=0.0025s delay=0.2343s (local map=31, WM=31)
[INFO] [1772813338.824637277] [rtabmap]: rtabmap (1470): Rate=1.00s, Limit=0.000s, Conversion=0.0007s, RTAB-Map=0.0653s, Maps update=0.0004s pub=0.0010s delay=0.2317s (local map=31, WM=31)
[INFO] [1772813339.834116400] [rtabmap]: rtabmap (1471): Rate=1.00s, Limit=0.000s, Conversion=0.0005s, RTAB-Map=0.0668s, Maps update=0.0004s pub=0.0010s delay=0.2408s (local map=31, WM=31)
[INFO] [1772813340.820614963] [rtabmap]: rtabmap (1472): Rate=1.00s, Limit=0.000s, Conversion=0.0005s, RTAB-Map=0.0623s, Maps update=0.0004s pub=0.0012s delay=0.2273s (local map=31, WM=31)
[INFO] [1772813341.939703085] [rtabmap]: rtabmap (1473): Rate=1.00s, Limit=0.000s, Conversion=0.0004s, RTAB-Map=0.0715s, Maps update=0.0004s pub=0.0018s delay=0.2466s (local map=31, WM=31)
[INFO] [1772813342.942133275] [rtabmap]: rtabmap (1474): Rate=1.00s, Limit=0.000s, Conversion=0.0110s, RTAB-Map=0.0793s, Maps update=0.0004s pub=0.0012s delay=0.2490s (local map=31, WM=31)
[INFO] [1772813343.932162305] [rtabmap]: rtabmap (1475): Rate=1.00s, Limit=0.000s, Conversion=0.0004s, RTAB-Map=0.0743s, Maps update=0.0010s pub=0.0029s delay=0.2388s (local map=31, WM=31)
[INFO] [1772813344.950059786] [rtabmap]: rtabmap (1476): Rate=1.00s, Limit=0.000s, Conversion=0.0003s, RTAB-Map=0.0762s, Maps update=0.0004s pub=0.0014s delay=0.2561s (local map=31, WM=31)
[INFO] [1772813346.023147492] [rtabmap]: rtabmap (1477): Rate=1.00s, Limit=0.000s, Conversion=0.0005s, RTAB-Map=0.0665s, Maps update=0.0004s pub=0.0014s delay=0.2301s (local map=31, WM=31)
[INFO] [1772813347.029067987] [rtabmap]: rtabmap (1478): Rate=1.00s, Limit=0.000s, Conversion=0.0004s, RTAB-Map=0.0700s, Maps update=0.0004s pub=0.0013s delay=0.2359s (local map=31, WM=31)
[INFO] [1772813348.136112209] [rtabmap]: rtabmap (1479): Rate=1.00s, Limit=0.000s, Conversion=0.0003s, RTAB-Map=0.0742s, Maps update=0.0006s pub=0.0015s delay=0.2431s (local map=31, WM=31)
[INFO] [1772813349.227418667] [rtabmap]: rtabmap (1480): Rate=1.00s, Limit=0.000s, Conversion=0.0004s, RTAB-Map=0.0755s, Maps update=0.0006s pub=0.0021s delay=0.2343s (local map=31, WM=31)
[INFO] [1772813350.251650909] [rtabmap]: rtabmap (1481): Rate=1.00s, Limit=0.000s, Conversion=0.0005s, RTAB-Map=0.0764s, Maps update=0.0004s pub=0.0009s delay=0.2584s (local map=31, WM=31)
[INFO] [1772813351.209416318] [rtabmap]: rtabmap (1482): Rate=1.00s, Limit=0.000s, Conversion=0.0003s, RTAB-Map=0.0595s, Maps update=0.0005s pub=0.0023s delay=0.2160s (local map=31, WM=31)
[INFO] [1772813352.338594092] [rtabmap]: rtabmap (1483): Rate=1.00s, Limit=0.000s, Conversion=0.0004s, RTAB-Map=0.0792s, Maps update=0.0005s pub=0.0010s delay=0.2457s (local map=31, WM=31)
[INFO] [1772813353.336585591] [rtabmap]: rtabmap (1484): Rate=1.00s, Limit=0.000s, Conversion=0.0011s, RTAB-Map=0.0637s, Maps update=0.0007s pub=0.0044s delay=0.2436s (local map=31, WM=31)
[INFO] [1772813354.436341032] [rtabmap]: rtabmap (1485): Rate=1.00s, Limit=0.000s, Conversion=0.0004s, RTAB-Map=0.0771s, Maps update=0.0005s pub=0.0009s delay=0.2433s (local map=31, WM=31)
[INFO] [1772813355.520602750] [rtabmap]: rtabmap (1486): Rate=1.00s, Limit=0.000s, Conversion=0.0003s, RTAB-Map=0.0668s, Maps update=0.0004s pub=0.0014s delay=0.2275s (local map=31, WM=31)
[INFO] [1772813356.534720092] [rtabmap]: rtabmap (1487): Rate=1.00s, Limit=0.000s, Conversion=0.0003s, RTAB-Map=0.0763s, Maps update=0.0005s pub=0.0018s delay=0.2416s (local map=31, WM=31)
[INFO] [1772813357.647645106] [rtabmap]: rtabmap (1488): Rate=1.00s, Limit=0.000s, Conversion=0.0105s, RTAB-Map=0.0687s, Maps update=0.0004s pub=0.0009s delay=0.2545s (local map=31, WM=31)
[INFO] [1772813358.632197518] [rtabmap]: rtabmap (1489): Rate=1.00s, Limit=0.000s, Conversion=0.0005s, RTAB-Map=0.0757s, Maps update=0.0005s pub=0.0010s delay=0.2389s (local map=31, WM=31)
[INFO] [1772813359.738034527] [rtabmap]: rtabmap (1490): Rate=1.00s, Limit=0.000s, Conversion=0.0004s, RTAB-Map=0.0733s, Maps update=0.0004s pub=0.0018s delay=0.2449s (local map=31, WM=31)
[INFO] [1772813360.735289999] [rtabmap]: rtabmap (1491): Rate=1.00s, Limit=0.000s, Conversion=0.0006s, RTAB-Map=0.0678s, Maps update=0.0004s pub=0.0014s delay=0.2420s (local map=31, WM=31)
[INFO] [1772813361.820176029] [rtabmap]: rtabmap (1492): Rate=1.00s, Limit=0.000s, Conversion=0.0004s, RTAB-Map=0.0663s, Maps update=0.0004s pub=0.0010s delay=0.2269s (local map=31, WM=31)
[INFO] [1772813362.826126861] [rtabmap]: rtabmap (1493): Rate=1.00s, Limit=0.000s, Conversion=0.0005s, RTAB-Map=0.0744s, Maps update=0.0004s pub=0.0014s delay=0.2327s (local map=31, WM=31)
[INFO] [1772813363.935963154] [rtabmap]: rtabmap (1494): Rate=1.00s, Limit=0.000s, Conversion=0.0006s, RTAB-Map=0.0652s, Maps update=0.0004s pub=0.0010s delay=0.2426s (local map=31, WM=31)
[INFO] [1772813365.035802886] [rtabmap]: rtabmap (1495): Rate=1.00s, Limit=0.000s, Conversion=0.0106s, RTAB-Map=0.0713s, Maps update=0.0005s pub=0.0011s delay=0.2427s (local map=31, WM=31)
[INFO] [1772813366.116935337] [rtabmap]: rtabmap (1496): Rate=1.00s, Limit=0.000s, Conversion=0.0003s, RTAB-Map=0.0572s, Maps update=0.0004s pub=0.0013s delay=0.2240s (local map=31, WM=31)
[INFO] [1772813367.239925107] [rtabmap]: rtabmap (1497): Rate=1.00s, Limit=0.000s, Conversion=0.0004s, RTAB-Map=0.0812s, Maps update=0.0004s pub=0.0009s delay=0.2467s (local map=31, WM=31)
[INFO] [1772813368.226003815] [rtabmap]: rtabmap (1498): Rate=1.00s, Limit=0.000s, Conversion=0.0004s, RTAB-Map=0.0722s, Maps update=0.0006s pub=0.0019s delay=0.2326s (local map=31, WM=31)
[INFO] [1772813369.335261943] [rtabmap]: rtabmap (1499): Rate=1.00s, Limit=0.000s, Conversion=0.0005s, RTAB-Map=0.0725s, Maps update=0.0004s pub=0.0009s delay=0.2424s (local map=31, WM=31)
[INFO] [1772813370.325998582] [rtabmap]: rtabmap (1500): Rate=1.00s, Limit=0.000s, Conversion=0.0004s, RTAB-Map=0.0633s, Maps update=0.0004s pub=0.0010s delay=0.2327s (local map=31, WM=31)
[INFO] [1772813371.331365681] [rtabmap]: rtabmap (1501): Rate=1.00s, Limit=0.000s, Conversion=0.0008s, RTAB-Map=0.0710s, Maps update=0.0004s pub=0.0015s delay=0.2380s (local map=31, WM=31)
[INFO] [1772813372.521220251] [rtabmap]: rtabmap (1502): Rate=1.00s, Limit=0.000s, Conversion=0.0052s, RTAB-Map=0.1334s, Maps update=0.0040s pub=0.0036s delay=0.3284s (local map=31, WM=31)
[INFO] [1772813373.602967892] [rtabmap]: rtabmap (1503): Rate=1.00s, Limit=0.000s, Conversion=0.0042s, RTAB-Map=0.1131s, Maps update=0.0076s pub=0.0076s delay=0.4098s (local map=31, WM=31)
[INFO] [1772813374.704356258] [rtabmap]: rtabmap (1504): Rate=1.00s, Limit=0.000s, Conversion=0.0035s, RTAB-Map=0.1299s, Maps update=0.0045s pub=0.0067s delay=0.4115s (local map=31, WM=31)
[INFO] [1772813375.948956173] [rtabmap]: rtabmap (1505): Rate=1.00s, Limit=0.000s, Conversion=0.0108s, RTAB-Map=0.1559s, Maps update=0.0027s pub=0.0142s delay=0.5564s (local map=31, WM=31)
[INFO] [1772813377.027190950] [rtabmap]: rtabmap (1506): Rate=1.00s, Limit=0.000s, Conversion=0.0240s, RTAB-Map=0.1529s, Maps update=0.0216s pub=0.0076s delay=0.5344s (local map=31, WM=31)
[INFO] [1772813378.347096040] [rtabmap]: rtabmap (1507): Rate=1.00s, Limit=0.000s, Conversion=0.0424s, RTAB-Map=0.2573s, Maps update=0.0305s pub=0.0510s delay=0.8540s (local map=31, WM=31)
[INFO] [1772813379.447109891] [rtabmap]: rtabmap (1508): Rate=1.00s, Limit=0.000s, Conversion=0.0204s, RTAB-Map=0.2213s, Maps update=0.0426s pub=0.0093s delay=0.7479s (local map=31, WM=31)
[INFO] [1772813380.891696824] [rtabmap]: rtabmap (1509): Rate=1.00s, Limit=0.000s, Conversion=0.0361s, RTAB-Map=0.4433s, Maps update=0.0822s pub=0.0169s delay=1.0987s (local map=31, WM=31)
[INFO] [1772813383.033361255] [rtabmap]: rtabmap (1510): Rate=1.00s, Limit=0.000s, Conversion=0.0298s, RTAB-Map=0.7135s, Maps update=0.1177s pub=0.1415s delay=1.7389s (local map=31, WM=31)
[WARN] [1772813388.059987110] [rtabmap]: rtabmap: Did not receive data since 5 seconds! Make sure the input topics are published ("$ ros2 topic hz my_topic") and the timestamps in their header are set. If topics are coming from different computers, make sure the clocks of the computers are synchronized ("ntpdate"). Ajusting topic_queue_size (10) and sync_queue_size (200) can also help for better synchronization if framerates and/or delays are different. If topics are not published at the same rate, you could increase "sync_queue_size" and/or "topic_queue_size" parameters (current=200 and 10 respectively).
rtabmap subscribed to (approx sync):
   /odom \
   /leo04/livox/lidar
[WARN] [1772813392.635957444] [rtabmap]: rtabmap: Did not receive data since 5 seconds! Make sure the input topics are published ("$ ros2 topic hz my_topic") and the timestamps in their header are set. If topics are coming from different computers, make sure the clocks of the computers are synchronized ("ntpdate"). Ajusting topic_queue_size (10) and sync_queue_size (200) can also help for better synchronization if framerates and/or delays are different. If topics are not published at the same rate, you could increase "sync_queue_size" and/or "topic_queue_size" parameters (current=200 and 10 respectively).
rtabmap subscribed to (approx sync):
   /odom \
   /leo04/livox/lidar
[WARN] [1772813397.635434746] [rtabmap]: rtabmap: Did not receive data since 5 seconds! Make sure the input topics are published ("$ ros2 topic hz my_topic") and the timestamps in their header are set. If topics are coming from different computers, make sure the clocks of the computers are synchronized ("ntpdate"). Ajusting topic_queue_size (10) and sync_queue_size (200) can also help for better synchronization if framerates and/or delays are different. If topics are not published at the same rate, you could increase "sync_queue_size" and/or "topic_queue_size" parameters (current=200 and 10 respectively).
rtabmap subscribed to (approx sync):
   /odom \
   /leo04/livox/lidar
[WARN] [1772813402.635597385] [rtabmap]: rtabmap: Did not receive data since 5 seconds! Make sure the input topics are published ("$ ros2 topic hz my_topic") and the timestamps in their header are set. If topics are coming from different computers, make sure the clocks of the computers are synchronized ("ntpdate"). Ajusting topic_queue_size (10) and sync_queue_size (200) can also help for better synchronization if framerates and/or delays are different. If topics are not published at the same rate, you could increase "sync_queue_size" and/or "topic_queue_size" parameters (current=200 and 10 respectively).
rtabmap subscribed to (approx sync):
   /odom \
   /leo04/livox/lidar
[WARN] [1772813407.635802810] [rtabmap]: rtabmap: Did not receive data since 5 seconds! Make sure the input topics are published ("$ ros2 topic hz my_topic") and the timestamps in their header are set. If topics are coming from different computers, make sure the clocks of the computers are synchronized ("ntpdate"). Ajusting topic_queue_size (10) and sync_queue_size (200) can also help for better synchronization if framerates and/or delays are different. If topics are not published at the same rate, you could increase "sync_queue_size" and/or "topic_queue_size" parameters (current=200 and 10 respectively).
rtabmap subscribed to (approx sync):
   /odom \
   /leo04/livox/lidar
[WARN] [1772813412.635968009] [rtabmap]: rtabmap: Did not receive data since 5 seconds! Make sure the input topics are published ("$ ros2 topic hz my_topic") and the timestamps in their header are set. If topics are coming from different computers, make sure the clocks of the computers are synchronized ("ntpdate"). Ajusting topic_queue_size (10) and sync_queue_size (200) can also help for better synchronization if framerates and/or delays are different. If topics are not published at the same rate, you could increase "sync_queue_size" and/or "topic_queue_size" parameters (current=200 and 10 respectively).
rtabmap subscribed to (approx sync):
   /odom \
   /leo04/livox/lidar
[WARN] [1772813417.636155161] [rtabmap]: rtabmap: Did not receive data since 5 seconds! Make sure the input topics are published ("$ ros2 topic hz my_topic") and the timestamps in their header are set. If topics are coming from different computers, make sure the clocks of the computers are synchronized ("ntpdate"). Ajusting topic_queue_size (10) and sync_queue_size (200) can also help for better synchronization if framerates and/or delays are different. If topics are not published at the same rate, you could increase "sync_queue_size" and/or "topic_queue_size" parameters (current=200 and 10 respectively).
rtabmap subscribed to (approx sync):
   /odom \
   /leo04/livox/lidar
[WARN] [1772813422.636370667] [rtabmap]: rtabmap: Did not receive data since 5 seconds! Make sure the input topics are published ("$ ros2 topic hz my_topic") and the timestamps in their header are set. If topics are coming from different computers, make sure the clocks of the computers are synchronized ("ntpdate"). Ajusting topic_queue_size (10) and sync_queue_size (200) can also help for better synchronization if framerates and/or delays are different. If topics are not published at the same rate, you could increase "sync_queue_size" and/or "topic_queue_size" parameters (current=200 and 10 respectively).
rtabmap subscribed to (approx sync):
   /odom \
   /leo04/livox/lidar
[WARN] [1772813427.636514425] [rtabmap]: rtabmap: Did not receive data since 5 seconds! Make sure the input topics are published ("$ ros2 topic hz my_topic") and the timestamps in their header are set. If topics are coming from different computers, make sure the clocks of the computers are synchronized ("ntpdate"). Ajusting topic_queue_size (10) and sync_queue_size (200) can also help for better synchronization if framerates and/or delays are different. If topics are not published at the same rate, you could increase "sync_queue_size" and/or "topic_queue_size" parameters (current=200 and 10 respectively).
rtabmap subscribed to (approx sync):
   /odom \
   /leo04/livox/lidar
[WARN] [1772813432.636747755] [rtabmap]: rtabmap: Did not receive data since 5 seconds! Make sure the input topics are published ("$ ros2 topic hz my_topic") and the timestamps in their header are set. If topics are coming from different computers, make sure the clocks of the computers are synchronized ("ntpdate"). Ajusting topic_queue_size (10) and sync_queue_size (200) can also help for better synchronization if framerates and/or delays are different. If topics are not published at the same rate, you could increase "sync_queue_size" and/or "topic_queue_size" parameters (current=200 and 10 respectively).
rtabmap subscribed to (approx sync):
   /odom \
   /leo04/livox/lidar
[WARN] [1772813437.636936699] [rtabmap]: rtabmap: Did not receive data since 5 seconds! Make sure the input topics are published ("$ ros2 topic hz my_topic") and the timestamps in their header are set. If topics are coming from different computers, make sure the clocks of the computers are synchronized ("ntpdate"). Ajusting topic_queue_size (10) and sync_queue_size (200) can also help for better synchronization if framerates and/or delays are different. If topics are not published at the same rate, you could increase "sync_queue_size" and/or "topic_queue_size" parameters (current=200 and 10 respectively).
rtabmap subscribed to (approx sync):
   /odom \
   /leo04/livox/lidar
[INFO] [1772813438.246075788] [rclcpp]: signal_handler(signum=2)
