[INFO] [1770985299.031480288] [rtabmap]: rtabmap(maps): latch                      = true
[INFO] [1770985299.033281311] [rtabmap]: rtabmap(maps): map_filter_radius          = 0.000000
[INFO] [1770985299.033335520] [rtabmap]: rtabmap(maps): map_filter_angle           = 30.000000
[INFO] [1770985299.033361601] [rtabmap]: rtabmap(maps): map_cleanup                = true
[INFO] [1770985299.033379874] [rtabmap]: rtabmap(maps): map_always_update          = false
[INFO] [1770985299.033397763] [rtabmap]: rtabmap(maps): map_empty_ray_tracing      = true
[INFO] [1770985299.033414339] [rtabmap]: rtabmap(maps): cloud_output_voxelized     = true
[INFO] [1770985299.033435236] [rtabmap]: rtabmap(maps): cloud_subtract_filtering   = false
[INFO] [1770985299.033452836] [rtabmap]: rtabmap(maps): cloud_subtract_filtering_min_neighbors = 2
[INFO] [1770985299.033578729] [rtabmap]: rtabmap(maps): octomap_tree_depth         = 16
[INFO] [1770985299.050005924] [rtabmap]: rtabmap: frame_id      = leo04/base_footprint
[INFO] [1770985299.050132168] [rtabmap]: rtabmap: map_frame_id  = map
[INFO] [1770985299.050166377] [rtabmap]: rtabmap: log_to_rosout_level  = 4
[INFO] [1770985299.050189482] [rtabmap]: rtabmap: initial_pose  = 
[INFO] [1770985299.050208651] [rtabmap]: rtabmap: use_action_for_goal  = false
[INFO] [1770985299.050226827] [rtabmap]: rtabmap: tf_delay      = 0.050000
[INFO] [1770985299.050257356] [rtabmap]: rtabmap: tf_tolerance  = 0.100000
[INFO] [1770985299.050290477] [rtabmap]: rtabmap: odom_sensor_sync   = false
[INFO] [1770985299.050312910] [rtabmap]: rtabmap: pub_loc_pose_only_when_localizing = false
[INFO] [1770985299.050332623] [rtabmap]: rtabmap: wait_for_transform = 0.500000
[INFO] [1770985299.050355984] [rtabmap]: rtabmap: gen_scan  = false
[INFO] [1770985299.050376784] [rtabmap]: rtabmap: gen_depth  = false
[INFO] [1770985299.050397233] [rtabmap]: rtabmap: scan_cloud_max_points = 0
[INFO] [1770985299.050416818] [rtabmap]: rtabmap: scan_cloud_is_2d = false
[INFO] [1770985299.067567366] [rtabmap]: Setting RTAB-Map parameter "Grid/CellSize"="0.03" (rosparam)
[INFO] [1770985299.067975444] [rtabmap]: Setting RTAB-Map parameter "Grid/MaxGroundAngle"="45" (rosparam)
[INFO] [1770985299.068043734] [rtabmap]: Setting RTAB-Map parameter "Grid/MaxGroundHeight"="0.1" (rosparam)
[INFO] [1770985299.068099416] [rtabmap]: Setting RTAB-Map parameter "Grid/MaxObstacleHeight"="0.7" (rosparam)
[INFO] [1770985299.068187163] [rtabmap]: Setting RTAB-Map parameter "Grid/MinGroundHeight"="-0.1" (rosparam)
[INFO] [1770985299.068346145] [rtabmap]: Setting RTAB-Map parameter "Grid/RangeMax"="3.0" (rosparam)
[INFO] [1770985299.068416259] [rtabmap]: Setting RTAB-Map parameter "Grid/RangeMin"="0.5" (rosparam)
[INFO] [1770985299.068483269] [rtabmap]: Setting RTAB-Map parameter "Grid/RayTracing"="false" (rosparam)
[INFO] [1770985299.068598377] [rtabmap]: Setting RTAB-Map parameter "Grid/Sensor"="0" (rosparam)
[INFO] [1770985299.069053369] [rtabmap]: Setting RTAB-Map parameter "Icp/CorrespondenceRatio"="0.2" (rosparam)
[INFO] [1770985299.069173053] [rtabmap]: Setting RTAB-Map parameter "Icp/Epsilon"="0.001" (rosparam)
[INFO] [1770985299.069281057] [rtabmap]: Setting RTAB-Map parameter "Icp/Iterations"="10" (rosparam)
[INFO] [1770985299.069341219] [rtabmap]: Setting RTAB-Map parameter "Icp/MaxCorrespondenceDistance"="1" (rosparam)
[INFO] [1770985299.069444455] [rtabmap]: Setting RTAB-Map parameter "Icp/MaxTranslation"="3" (rosparam)
[INFO] [1770985299.069516905] [rtabmap]: Setting RTAB-Map parameter "Icp/OutlierRatio"="0.7" (rosparam)
[INFO] [1770985299.069671727] [rtabmap]: Setting RTAB-Map parameter "Icp/PointToPlane"="true" (rosparam)
[INFO] [1770985299.069749585] [rtabmap]: Setting RTAB-Map parameter "Icp/PointToPlaneK"="20" (rosparam)
[INFO] [1770985299.069867798] [rtabmap]: Setting RTAB-Map parameter "Icp/PointToPlaneRadius"="0" (rosparam)
[INFO] [1770985299.069961817] [rtabmap]: Setting RTAB-Map parameter "Icp/RangeMin"="0.3" (rosparam)
[INFO] [1770985299.070050236] [rtabmap]: Setting RTAB-Map parameter "Icp/Strategy"="1" (rosparam)
[INFO] [1770985299.070104286] [rtabmap]: Setting RTAB-Map parameter "Icp/VoxelSize"="0.1" (rosparam)
[INFO] [1770985299.071998176] [rtabmap]: Setting RTAB-Map parameter "Mem/LaserScanNormalK"="20" (rosparam)
[INFO] [1770985299.072150181] [rtabmap]: Setting RTAB-Map parameter "Mem/LaserScanVoxelSize"="0.03" (rosparam)
[INFO] [1770985299.072279561] [rtabmap]: Setting RTAB-Map parameter "Mem/NotLinkedNodesKept"="false" (rosparam)
[INFO] [1770985299.072524114] [rtabmap]: Setting RTAB-Map parameter "Mem/STMSize"="30" (rosparam)
[INFO] [1770985299.073423729] [rtabmap]: Setting RTAB-Map parameter "RGBD/AngularUpdate"="0.05" (rosparam)
[INFO] [1770985299.073495380] [rtabmap]: Setting RTAB-Map parameter "RGBD/CreateOccupancyGrid"="true" (rosparam)
[INFO] [1770985299.073697755] [rtabmap]: Setting RTAB-Map parameter "RGBD/LinearUpdate"="0.05" (rosparam)
[INFO] [1770985299.074331217] [rtabmap]: Setting RTAB-Map parameter "RGBD/ProximityMaxGraphDepth"="0" (rosparam)
[INFO] [1770985299.074504023] [rtabmap]: Setting RTAB-Map parameter "RGBD/ProximityPathMaxNeighbors"="1" (rosparam)
[INFO] [1770985299.074716414] [rtabmap]: Setting RTAB-Map parameter "Reg/Strategy"="1" (rosparam)
[INFO] [1770985299.078349756] [rtabmap]: RTAB-Map detection rate = 1.000000 Hz
[INFO] [1770985299.087879239] [rtabmap]: rtabmap: Deleted database "/root/.ros/rtabmap.db" (--delete_db_on_start or -d are set).
[INFO] [1770985299.088034093] [rtabmap]: rtabmap: Using database from "/root/.ros/rtabmap.db" (0 MB).
[INFO] [1770985299.149072693] [rtabmap]: rtabmap: Database version = "0.22.1".
[INFO] [1770985299.149194169] [rtabmap]: rtabmap: SLAM mode (Mem/IncrementalMemory=true)
[INFO] [1770985299.160916817] [rtabmap]: Setup callbacks
[INFO] [1770985299.161112343] [rtabmap]: rtabmap: subscribe_depth = false
[INFO] [1770985299.161149817] [rtabmap]: rtabmap: subscribe_rgb = false
[INFO] [1770985299.161174042] [rtabmap]: rtabmap: subscribe_stereo = false
[INFO] [1770985299.161195994] [rtabmap]: rtabmap: subscribe_rgbd = false (rgbd_cameras=1)
[INFO] [1770985299.161250364] [rtabmap]: rtabmap: subscribe_sensor_data = false
[INFO] [1770985299.161276061] [rtabmap]: rtabmap: subscribe_odom_info = false
[INFO] [1770985299.161298046] [rtabmap]: rtabmap: subscribe_user_data = false
[INFO] [1770985299.161318879] [rtabmap]: rtabmap: subscribe_scan = false
[INFO] [1770985299.161339807] [rtabmap]: rtabmap: subscribe_scan_cloud = true
[INFO] [1770985299.161360864] [rtabmap]: rtabmap: subscribe_scan_descriptor = false
[INFO] [1770985299.161381633] [rtabmap]: rtabmap: topic_queue_size = 10
[INFO] [1770985299.161403298] [rtabmap]: rtabmap: sync_queue_size  = 200
[INFO] [1770985299.161424290] [rtabmap]: rtabmap: qos_image       = 0
[INFO] [1770985299.161445955] [rtabmap]: rtabmap: qos_camera_info = 0
[INFO] [1770985299.161467204] [rtabmap]: rtabmap: qos_scan        = 0
[INFO] [1770985299.161487780] [rtabmap]: rtabmap: qos_odom        = 0
[INFO] [1770985299.161508485] [rtabmap]: rtabmap: qos_user_data   = 0
[INFO] [1770985299.161529638] [rtabmap]: rtabmap: approx_sync     = true
[INFO] [1770985299.161583464] [rtabmap]: Setup scan callback
[INFO] [1770985299.163282467] [rtabmap]: 
rtabmap subscribed to (approx sync):
   /odom \
   /leo04/livox/lidar
[WARN] [1770985299.165847772] [rtabmap]: There is no image subscription, bag-of-words loop closure detection will be disabled...
[WARN] [1770985299.165930975] [rtabmap]: Setting Kp/MaxFeatures=-1 (bag-of-words disabled)
[INFO] [1770985299.370289018] [rtabmap]: rtabmap (1): Rate=1.00s, Limit=0.000s, Conversion=0.0008s, RTAB-Map=0.0704s, Maps update=0.0017s pub=0.0023s delay=0.2209s (local map=1, WM=1)
[INFO] [1770985300.387258076] [rtabmap]: rtabmap (2): Rate=1.00s, Limit=0.000s, Conversion=0.0003s, RTAB-Map=0.0796s, Maps update=0.0003s pub=0.0001s delay=0.2371s (local map=1, WM=1)
[INFO] [1770985301.395511343] [rtabmap]: rtabmap (3): Rate=1.00s, Limit=0.000s, Conversion=0.0003s, RTAB-Map=0.0849s, Maps update=0.0002s pub=0.0001s delay=0.2453s (local map=1, WM=1)
[INFO] [1770985302.481388683] [rtabmap]: rtabmap (4): Rate=1.00s, Limit=0.000s, Conversion=0.0004s, RTAB-Map=0.0751s, Maps update=0.0002s pub=0.0001s delay=0.2312s (local map=1, WM=1)
[INFO] [1770985303.485629267] [rtabmap]: rtabmap (5): Rate=1.00s, Limit=0.000s, Conversion=0.0008s, RTAB-Map=0.0726s, Maps update=0.0002s pub=0.0001s delay=0.2354s (local map=1, WM=1)
[INFO] [1770985304.492869858] [rtabmap]: rtabmap (6): Rate=1.00s, Limit=0.000s, Conversion=0.0005s, RTAB-Map=0.0864s, Maps update=0.0002s pub=0.0001s delay=0.2426s (local map=1, WM=1)
[INFO] [1770985305.589953924] [rtabmap]: rtabmap (7): Rate=1.00s, Limit=0.000s, Conversion=0.0004s, RTAB-Map=0.0767s, Maps update=0.0002s pub=0.0001s delay=0.2397s (local map=1, WM=1)
[INFO] [1770985306.699100232] [rtabmap]: rtabmap (8): Rate=1.00s, Limit=0.000s, Conversion=0.0005s, RTAB-Map=0.0915s, Maps update=0.0004s pub=0.0001s delay=0.2489s (local map=1, WM=1)
[INFO] [1770985307.791600970] [rtabmap]: rtabmap (9): Rate=1.00s, Limit=0.000s, Conversion=0.0003s, RTAB-Map=0.0789s, Maps update=0.0002s pub=0.0001s delay=0.2414s (local map=1, WM=1)
[INFO] [1770985308.890135334] [rtabmap]: rtabmap (10): Rate=1.00s, Limit=0.000s, Conversion=0.0004s, RTAB-Map=0.0790s, Maps update=0.0002s pub=0.0001s delay=0.2406s (local map=1, WM=1)
[INFO] [1770985309.999097599] [rtabmap]: rtabmap (11): Rate=1.00s, Limit=0.000s, Conversion=0.0003s, RTAB-Map=0.0865s, Maps update=0.0002s pub=0.0001s delay=0.2489s (local map=1, WM=1)
[INFO] [1770985311.090525245] [rtabmap]: rtabmap (12): Rate=1.00s, Limit=0.000s, Conversion=0.0003s, RTAB-Map=0.0741s, Maps update=0.0002s pub=0.0001s delay=0.2414s (local map=1, WM=1)
[INFO] [1770985312.094650025] [rtabmap]: rtabmap (13): Rate=1.00s, Limit=0.000s, Conversion=0.0005s, RTAB-Map=0.0872s, Maps update=0.0002s pub=0.0001s delay=0.2455s (local map=1, WM=1)
[INFO] [1770985313.088596609] [rtabmap]: rtabmap (14): Rate=1.00s, Limit=0.000s, Conversion=0.0008s, RTAB-Map=0.0773s, Maps update=0.0002s pub=0.0001s delay=0.2392s (local map=1, WM=1)
[INFO] [1770985314.192635722] [rtabmap]: rtabmap (15): Rate=1.00s, Limit=0.000s, Conversion=0.0005s, RTAB-Map=0.0898s, Maps update=0.0002s pub=0.0001s delay=0.2436s (local map=1, WM=1)
[INFO] [1770985315.188800555] [rtabmap]: rtabmap (16): Rate=1.00s, Limit=0.000s, Conversion=0.0003s, RTAB-Map=0.0735s, Maps update=0.0003s pub=0.0001s delay=0.2397s (local map=1, WM=1)
[INFO] [1770985316.189920926] [rtabmap]: rtabmap (17): Rate=1.00s, Limit=0.000s, Conversion=0.0007s, RTAB-Map=0.0786s, Maps update=0.0002s pub=0.0001s delay=0.2405s (local map=1, WM=1)
[INFO] [1770985317.284575395] [rtabmap]: rtabmap (18): Rate=1.00s, Limit=0.000s, Conversion=0.0008s, RTAB-Map=0.0750s, Maps update=0.0003s pub=0.0001s delay=0.2355s (local map=1, WM=1)
[INFO] [1770985318.299091858] [rtabmap]: rtabmap (19): Rate=1.00s, Limit=0.000s, Conversion=0.0004s, RTAB-Map=0.0854s, Maps update=0.0003s pub=0.0001s delay=0.2500s (local map=1, WM=1)
[INFO] [1770985319.287354602] [rtabmap]: rtabmap (20): Rate=1.00s, Limit=0.000s, Conversion=0.0003s, RTAB-Map=0.0812s, Maps update=0.0002s pub=0.0001s delay=0.2382s (local map=1, WM=1)
[INFO] [1770985320.399090447] [rtabmap]: rtabmap (21): Rate=1.00s, Limit=0.000s, Conversion=0.0003s, RTAB-Map=0.0880s, Maps update=0.0003s pub=0.0001s delay=0.2501s (local map=1, WM=1)
[INFO] [1770985321.396676231] [rtabmap]: rtabmap (22): Rate=1.00s, Limit=0.000s, Conversion=0.0003s, RTAB-Map=0.0900s, Maps update=0.0003s pub=0.0001s delay=0.2477s (local map=1, WM=1)
[INFO] [1770985322.490203015] [rtabmap]: rtabmap (23): Rate=1.00s, Limit=0.000s, Conversion=0.0005s, RTAB-Map=0.0812s, Maps update=0.0003s pub=0.0001s delay=0.2411s (local map=1, WM=1)
[INFO] [1770985323.498890445] [rtabmap]: rtabmap (24): Rate=1.00s, Limit=0.000s, Conversion=0.0005s, RTAB-Map=0.0917s, Maps update=0.0002s pub=0.0001s delay=0.2498s (local map=1, WM=1)
[INFO] [1770985324.595098706] [rtabmap]: rtabmap (25): Rate=1.00s, Limit=0.000s, Conversion=0.0003s, RTAB-Map=0.0942s, Maps update=0.0003s pub=0.0001s delay=0.2461s (local map=1, WM=1)
[INFO] [1770985325.603755831] [rtabmap]: rtabmap (26): Rate=1.00s, Limit=0.000s, Conversion=0.0005s, RTAB-Map=0.0934s, Maps update=0.0003s pub=0.0001s delay=0.2546s (local map=1, WM=1)
[INFO] [1770985326.685547137] [rtabmap]: rtabmap (27): Rate=1.00s, Limit=0.000s, Conversion=0.0003s, RTAB-Map=0.0790s, Maps update=0.0003s pub=0.0001s delay=0.2365s (local map=1, WM=1)
[INFO] [1770985327.704277044] [rtabmap]: rtabmap (28): Rate=1.00s, Limit=0.000s, Conversion=0.0006s, RTAB-Map=0.0926s, Maps update=0.0002s pub=0.0001s delay=0.2552s (local map=1, WM=1)
[INFO] [1770985328.696535268] [rtabmap]: rtabmap (29): Rate=1.00s, Limit=0.000s, Conversion=0.0005s, RTAB-Map=0.0863s, Maps update=0.0002s pub=0.0001s delay=0.2474s (local map=1, WM=1)
[INFO] [1770985329.688741072] [rtabmap]: rtabmap (30): Rate=1.00s, Limit=0.000s, Conversion=0.0007s, RTAB-Map=0.0771s, Maps update=0.0002s pub=0.0001s delay=0.2396s (local map=1, WM=1)
[INFO] [1770985330.692946338] [rtabmap]: rtabmap (31): Rate=1.00s, Limit=0.000s, Conversion=0.0003s, RTAB-Map=0.0788s, Maps update=0.0002s pub=0.0001s delay=0.2437s (local map=1, WM=1)
[INFO] [1770985331.788251727] [rtabmap]: rtabmap (32): Rate=1.00s, Limit=0.000s, Conversion=0.0004s, RTAB-Map=0.0788s, Maps update=0.0002s pub=0.0001s delay=0.2390s (local map=1, WM=1)
[INFO] [1770985332.800763298] [rtabmap]: rtabmap (33): Rate=1.00s, Limit=0.000s, Conversion=0.0005s, RTAB-Map=0.0919s, Maps update=0.0003s pub=0.0001s delay=0.2513s (local map=1, WM=1)
[INFO] [1770985333.893842086] [rtabmap]: rtabmap (34): Rate=1.00s, Limit=0.000s, Conversion=0.0004s, RTAB-Map=0.0842s, Maps update=0.0002s pub=0.0001s delay=0.2444s (local map=1, WM=1)
[INFO] [1770985334.981333872] [rtabmap]: rtabmap (35): Rate=1.00s, Limit=0.000s, Conversion=0.0004s, RTAB-Map=0.0750s, Maps update=0.0003s pub=0.0002s delay=0.2320s (local map=1, WM=1)
[INFO] [1770985335.994313696] [rtabmap]: rtabmap (36): Rate=1.00s, Limit=0.000s, Conversion=0.0003s, RTAB-Map=0.0863s, Maps update=0.0003s pub=0.0001s delay=0.2448s (local map=1, WM=1)
[INFO] [1770985337.102078031] [rtabmap]: rtabmap (37): Rate=1.00s, Limit=0.000s, Conversion=0.0003s, RTAB-Map=0.0851s, Maps update=0.0003s pub=0.0001s delay=0.2527s (local map=1, WM=1)
[INFO] [1770985338.107200505] [rtabmap]: rtabmap (38): Rate=1.00s, Limit=0.000s, Conversion=0.0005s, RTAB-Map=0.0923s, Maps update=0.0003s pub=0.0001s delay=0.2577s (local map=1, WM=1)
[INFO] [1770985339.095313865] [rtabmap]: rtabmap (39): Rate=1.00s, Limit=0.000s, Conversion=0.0005s, RTAB-Map=0.0823s, Maps update=0.0015s pub=0.0023s delay=0.2457s (local map=2, WM=2)
[INFO] [1770985340.103274690] [rtabmap]: rtabmap (40): Rate=1.00s, Limit=0.000s, Conversion=0.0004s, RTAB-Map=0.0826s, Maps update=0.0015s pub=0.0033s delay=0.2536s (local map=3, WM=3)
[INFO] [1770985341.198849216] [rtabmap]: rtabmap (41): Rate=1.00s, Limit=0.000s, Conversion=0.0008s, RTAB-Map=0.0805s, Maps update=0.0019s pub=0.0034s delay=0.2492s (local map=4, WM=4)
[INFO] [1770985342.200181696] [rtabmap]: rtabmap (42): Rate=1.00s, Limit=0.000s, Conversion=0.0005s, RTAB-Map=0.0807s, Maps update=0.0015s pub=0.0040s delay=0.2505s (local map=5, WM=5)
[INFO] [1770985343.295114550] [rtabmap]: rtabmap (43): Rate=1.00s, Limit=0.000s, Conversion=0.0004s, RTAB-Map=0.0858s, Maps update=0.0003s pub=0.0001s delay=0.2453s (local map=5, WM=5)
[INFO] [1770985344.387500261] [rtabmap]: rtabmap (44): Rate=1.00s, Limit=0.000s, Conversion=0.0008s, RTAB-Map=0.0755s, Maps update=0.0003s pub=0.0001s delay=0.2377s (local map=5, WM=5)
[INFO] [1770985345.490614021] [rtabmap]: rtabmap (45): Rate=1.00s, Limit=0.000s, Conversion=0.0005s, RTAB-Map=0.0762s, Maps update=0.0002s pub=0.0001s delay=0.2410s (local map=5, WM=5)
[INFO] [1770985346.496898398] [rtabmap]: rtabmap (46): Rate=1.00s, Limit=0.000s, Conversion=0.0005s, RTAB-Map=0.0856s, Maps update=0.0002s pub=0.0001s delay=0.2473s (local map=5, WM=5)
[INFO] [1770985347.595962033] [rtabmap]: rtabmap (47): Rate=1.00s, Limit=0.000s, Conversion=0.0004s, RTAB-Map=0.0831s, Maps update=0.0003s pub=0.0001s delay=0.2463s (local map=5, WM=5)
[INFO] [1770985348.690107609] [rtabmap]: rtabmap (48): Rate=1.00s, Limit=0.000s, Conversion=0.0006s, RTAB-Map=0.0803s, Maps update=0.0003s pub=0.0001s delay=0.2406s (local map=5, WM=5)
[INFO] [1770985349.696488853] [rtabmap]: rtabmap (49): Rate=1.00s, Limit=0.000s, Conversion=0.0004s, RTAB-Map=0.0874s, Maps update=0.0003s pub=0.0001s delay=0.2466s (local map=5, WM=5)
[INFO] [1770985350.797063197] [rtabmap]: rtabmap (50): Rate=1.00s, Limit=0.000s, Conversion=0.0003s, RTAB-Map=0.0841s, Maps update=0.0003s pub=0.0001s delay=0.2473s (local map=5, WM=5)
[INFO] [1770985351.895923657] [rtabmap]: rtabmap (51): Rate=1.00s, Limit=0.000s, Conversion=0.0005s, RTAB-Map=0.0830s, Maps update=0.0003s pub=0.0001s delay=0.2462s (local map=5, WM=5)
[INFO] [1770985352.994866168] [rtabmap]: rtabmap (52): Rate=1.00s, Limit=0.000s, Conversion=0.0005s, RTAB-Map=0.0797s, Maps update=0.0003s pub=0.0001s delay=0.2451s (local map=5, WM=5)
[INFO] [1770985353.995033244] [rtabmap]: rtabmap (53): Rate=1.00s, Limit=0.000s, Conversion=0.0005s, RTAB-Map=0.0854s, Maps update=0.0003s pub=0.0002s delay=0.2452s (local map=5, WM=5)
[INFO] [1770985355.095520640] [rtabmap]: rtabmap (54): Rate=1.00s, Limit=0.000s, Conversion=0.0003s, RTAB-Map=0.0789s, Maps update=0.0003s pub=0.0001s delay=0.2457s (local map=5, WM=5)
[INFO] [1770985356.199520383] [rtabmap]: rtabmap (55): Rate=1.00s, Limit=0.000s, Conversion=0.0005s, RTAB-Map=0.0852s, Maps update=0.0003s pub=0.0001s delay=0.2497s (local map=5, WM=5)
[INFO] [1770985357.192081434] [rtabmap]: rtabmap (56): Rate=1.00s, Limit=0.000s, Conversion=0.0006s, RTAB-Map=0.0796s, Maps update=0.0003s pub=0.0001s delay=0.2423s (local map=5, WM=5)
[INFO] [1770985358.207194758] [rtabmap]: rtabmap (57): Rate=1.00s, Limit=0.000s, Conversion=0.0005s, RTAB-Map=0.0799s, Maps update=0.0015s pub=0.0042s delay=0.2574s (local map=6, WM=6)
[INFO] [1770985359.310297478] [rtabmap]: rtabmap (58): Rate=1.00s, Limit=0.000s, Conversion=0.0003s, RTAB-Map=0.0821s, Maps update=0.0015s pub=0.0048s delay=0.2604s (local map=7, WM=7)
[INFO] [1770985360.407843588] [rtabmap]: rtabmap (59): Rate=1.00s, Limit=0.000s, Conversion=0.0008s, RTAB-Map=0.0846s, Maps update=0.0015s pub=0.0057s delay=0.2580s (local map=8, WM=8)
[INFO] [1770985361.504736172] [rtabmap]: rtabmap (60): Rate=1.00s, Limit=0.000s, Conversion=0.0003s, RTAB-Map=0.0813s, Maps update=0.0016s pub=0.0051s delay=0.2549s (local map=9, WM=9)
[INFO] [1770985362.619558883] [rtabmap]: rtabmap (61): Rate=1.00s, Limit=0.000s, Conversion=0.0005s, RTAB-Map=0.0860s, Maps update=0.0019s pub=0.0071s delay=0.2699s (local map=10, WM=10)
[INFO] [1770985363.704483595] [rtabmap]: rtabmap (62): Rate=1.00s, Limit=0.000s, Conversion=0.0003s, RTAB-Map=0.0800s, Maps update=0.0014s pub=0.0062s delay=0.2548s (local map=11, WM=11)
[INFO] [1770985364.714463588] [rtabmap]: rtabmap (63): Rate=1.00s, Limit=0.000s, Conversion=0.0007s, RTAB-Map=0.0785s, Maps update=0.0015s pub=0.0076s delay=0.2645s (local map=12, WM=12)
[INFO] [1770985365.816487582] [rtabmap]: rtabmap (64): Rate=1.00s, Limit=0.000s, Conversion=0.0003s, RTAB-Map=0.0777s, Maps update=0.0015s pub=0.0069s delay=0.2667s (local map=13, WM=13)
[INFO] [1770985366.913482601] [rtabmap]: rtabmap (65): Rate=1.00s, Limit=0.000s, Conversion=0.0004s, RTAB-Map=0.0804s, Maps update=0.0016s pub=0.0076s delay=0.2638s (local map=14, WM=14)
[INFO] [1770985367.920601119] [rtabmap]: rtabmap (66): Rate=1.00s, Limit=0.000s, Conversion=0.0003s, RTAB-Map=0.0846s, Maps update=0.0016s pub=0.0077s delay=0.2709s (local map=15, WM=15)
[INFO] [1770985369.002424730] [rtabmap]: rtabmap (67): Rate=1.00s, Limit=0.000s, Conversion=0.0003s, RTAB-Map=0.0750s, Maps update=0.0003s pub=0.0082s delay=0.2526s (local map=16, WM=16)
[INFO] [1770985370.003795208] [rtabmap]: rtabmap (68): Rate=1.00s, Limit=0.000s, Conversion=0.0007s, RTAB-Map=0.0795s, Maps update=0.0023s pub=0.0085s delay=0.2539s (local map=17, WM=17)
[INFO] [1770985371.022283209] [rtabmap]: rtabmap (69): Rate=1.00s, Limit=0.000s, Conversion=0.0003s, RTAB-Map=0.0889s, Maps update=0.0016s pub=0.0092s delay=0.2724s (local map=18, WM=18)
[INFO] [1770985372.003989354] [rtabmap]: rtabmap (70): Rate=1.00s, Limit=0.000s, Conversion=0.0005s, RTAB-Map=0.0773s, Maps update=0.0015s pub=0.0080s delay=0.2540s (local map=19, WM=19)
[INFO] [1770985373.112142937] [rtabmap]: rtabmap (71): Rate=1.00s, Limit=0.000s, Conversion=0.0003s, RTAB-Map=0.0812s, Maps update=0.0020s pub=0.0085s delay=0.2623s (local map=20, WM=20)
[INFO] [1770985374.106363620] [rtabmap]: rtabmap (72): Rate=1.00s, Limit=0.000s, Conversion=0.0004s, RTAB-Map=0.0767s, Maps update=0.0015s pub=0.0085s delay=0.2564s (local map=21, WM=21)
[INFO] [1770985375.215185353] [rtabmap]: rtabmap (73): Rate=1.00s, Limit=0.000s, Conversion=0.0004s, RTAB-Map=0.0790s, Maps update=0.0016s pub=0.0086s delay=0.2653s (local map=22, WM=22)
[INFO] [1770985376.210229595] [rtabmap]: rtabmap (74): Rate=1.00s, Limit=0.000s, Conversion=0.0003s, RTAB-Map=0.0830s, Maps update=0.0020s pub=0.0104s delay=0.2603s (local map=23, WM=23)
[INFO] [1770985377.303921101] [rtabmap]: rtabmap (75): Rate=1.00s, Limit=0.000s, Conversion=0.0005s, RTAB-Map=0.0795s, Maps update=0.0026s pub=0.0085s delay=0.2540s (local map=24, WM=24)
[INFO] [1770985378.308477420] [rtabmap]: rtabmap (76): Rate=1.00s, Limit=0.000s, Conversion=0.0005s, RTAB-Map=0.0848s, Maps update=0.0023s pub=0.0082s delay=0.2585s (local map=25, WM=25)
[INFO] [1770985379.411599945] [rtabmap]: rtabmap (77): Rate=1.00s, Limit=0.000s, Conversion=0.0004s, RTAB-Map=0.0791s, Maps update=0.0018s pub=0.0121s delay=0.2617s (local map=26, WM=26)
[INFO] [1770985380.502728833] [rtabmap]: rtabmap (78): Rate=1.00s, Limit=0.000s, Conversion=0.0003s, RTAB-Map=0.0776s, Maps update=0.0017s pub=0.0118s delay=0.2530s (local map=27, WM=27)
[INFO] [1770985381.516394848] [rtabmap]: rtabmap (79): Rate=1.00s, Limit=0.000s, Conversion=0.0007s, RTAB-Map=0.0794s, Maps update=0.0017s pub=0.0109s delay=0.2664s (local map=28, WM=28)
[INFO] [1770985382.613703889] [rtabmap]: rtabmap (80): Rate=1.00s, Limit=0.000s, Conversion=0.0003s, RTAB-Map=0.0790s, Maps update=0.0017s pub=0.0099s delay=0.2638s (local map=29, WM=29)
[INFO] [1770985383.710273352] [rtabmap]: rtabmap (81): Rate=1.00s, Limit=0.000s, Conversion=0.0005s, RTAB-Map=0.0756s, Maps update=0.0020s pub=0.0119s delay=0.2611s (local map=30, WM=30)
[INFO] [1770985384.761519915] [rtabmap]: rtabmap (82): Rate=1.00s, Limit=0.000s, Conversion=0.0004s, RTAB-Map=0.1338s, Maps update=0.0017s pub=0.0122s delay=0.3117s (local map=31, WM=31)
[INFO] [1770985385.769791852] [rtabmap]: rtabmap (83): Rate=1.00s, Limit=0.000s, Conversion=0.0004s, RTAB-Map=0.1317s, Maps update=0.0004s pub=0.0104s delay=0.3198s (local map=32, WM=32)
[INFO] [1770985386.867842968] [rtabmap]: rtabmap (84): Rate=1.00s, Limit=0.000s, Conversion=0.0005s, RTAB-Map=0.1352s, Maps update=0.0019s pub=0.0106s delay=0.3188s (local map=33, WM=33)
[INFO] [1770985387.871545721] [rtabmap]: rtabmap (85): Rate=1.00s, Limit=0.000s, Conversion=0.0004s, RTAB-Map=0.1388s, Maps update=0.0004s pub=0.0128s delay=0.3218s (local map=34, WM=34)
[INFO] [1770985388.867985980] [rtabmap]: rtabmap (86): Rate=1.00s, Limit=0.000s, Conversion=0.0005s, RTAB-Map=0.1336s, Maps update=0.0022s pub=0.0105s delay=0.3182s (local map=35, WM=35)
[INFO] [1770985389.963025373] [rtabmap]: rtabmap (87): Rate=1.00s, Limit=0.000s, Conversion=0.0003s, RTAB-Map=0.1252s, Maps update=0.0017s pub=0.0120s delay=0.3130s (local map=36, WM=36)
[INFO] [1770985390.974021630] [rtabmap]: rtabmap (88): Rate=1.00s, Limit=0.000s, Conversion=0.0003s, RTAB-Map=0.1467s, Maps update=0.0035s pub=0.0110s delay=0.3239s (local map=37, WM=37)
[INFO] [1770985392.061227501] [rtabmap]: rtabmap (89): Rate=1.00s, Limit=0.000s, Conversion=0.0003s, RTAB-Map=0.1319s, Maps update=0.0021s pub=0.0135s delay=0.3113s (local map=38, WM=38)
[INFO] [1770985393.178241041] [rtabmap]: rtabmap (90): Rate=1.00s, Limit=0.000s, Conversion=0.0107s, RTAB-Map=0.1395s, Maps update=0.0017s pub=0.0127s delay=0.3283s (local map=39, WM=39)
[INFO] [1770985394.268887480] [rtabmap]: rtabmap (91): Rate=1.00s, Limit=0.000s, Conversion=0.0004s, RTAB-Map=0.1358s, Maps update=0.0023s pub=0.0148s delay=0.3189s (local map=40, WM=40)
[INFO] [1770985395.375484623] [rtabmap]: rtabmap (92): Rate=1.00s, Limit=0.000s, Conversion=0.0005s, RTAB-Map=0.1404s, Maps update=0.0018s pub=0.0189s delay=0.3255s (local map=41, WM=41)
[INFO] [1770985396.385272517] [rtabmap]: rtabmap (93): Rate=1.00s, Limit=0.000s, Conversion=0.0005s, RTAB-Map=0.1384s, Maps update=0.0022s pub=0.0157s delay=0.3352s (local map=42, WM=42)
[INFO] [1770985397.396749111] [rtabmap]: rtabmap (94): Rate=1.00s, Limit=0.000s, Conversion=0.0005s, RTAB-Map=0.1522s, Maps update=0.0019s pub=0.0137s delay=0.3467s (local map=43, WM=43)
[INFO] [1770985398.481758649] [rtabmap]: rtabmap (95): Rate=1.00s, Limit=0.000s, Conversion=0.0004s, RTAB-Map=0.1385s, Maps update=0.0022s pub=0.0158s delay=0.3317s (local map=44, WM=44)
[INFO] [1770985399.579487097] [rtabmap]: rtabmap (96): Rate=1.00s, Limit=0.000s, Conversion=0.0005s, RTAB-Map=0.1452s, Maps update=0.0019s pub=0.0151s delay=0.3272s (local map=45, WM=45)
[INFO] [1770985400.688268956] [rtabmap]: rtabmap (97): Rate=1.00s, Limit=0.000s, Conversion=0.0008s, RTAB-Map=0.1464s, Maps update=0.0019s pub=0.0169s delay=0.3384s (local map=46, WM=46)
[INFO] [1770985401.684017158] [rtabmap]: rtabmap (98): Rate=1.00s, Limit=0.000s, Conversion=0.0007s, RTAB-Map=0.1417s, Maps update=0.0022s pub=0.0171s delay=0.3339s (local map=47, WM=47)
[INFO] [1770985402.791767237] [rtabmap]: rtabmap (99): Rate=1.00s, Limit=0.000s, Conversion=0.0005s, RTAB-Map=0.1430s, Maps update=0.0019s pub=0.0173s delay=0.3427s (local map=48, WM=48)
[INFO] [1770985403.789535863] [rtabmap]: rtabmap (100): Rate=1.00s, Limit=0.000s, Conversion=0.0003s, RTAB-Map=0.1421s, Maps update=0.0025s pub=0.0171s delay=0.3395s (local map=49, WM=49)
[INFO] [1770985404.824421693] [rtabmap]: rtabmap (101): Rate=1.00s, Limit=0.000s, Conversion=0.0003s, RTAB-Map=0.1651s, Maps update=0.0018s pub=0.0176s delay=0.3743s (local map=50, WM=50)
[INFO] [1770985405.815667785] [rtabmap]: rtabmap (102): Rate=1.00s, Limit=0.000s, Conversion=0.0005s, RTAB-Map=0.1576s, Maps update=0.0021s pub=0.0182s delay=0.3655s (local map=51, WM=51)
[INFO] [1770985406.797779382] [rtabmap]: rtabmap (103): Rate=1.00s, Limit=0.000s, Conversion=0.0006s, RTAB-Map=0.1363s, Maps update=0.0022s pub=0.0159s delay=0.3475s (local map=52, WM=52)
[INFO] [1770985407.915209224] [rtabmap]: rtabmap (104): Rate=1.00s, Limit=0.000s, Conversion=0.0005s, RTAB-Map=0.1576s, Maps update=0.0020s pub=0.0170s delay=0.3660s (local map=53, WM=53)
[INFO] [1770985408.890217660] [rtabmap]: rtabmap (105): Rate=1.00s, Limit=0.000s, Conversion=0.0003s, RTAB-Map=0.1324s, Maps update=0.0022s pub=0.0181s delay=0.3410s (local map=54, WM=54)
[INFO] [1770985409.903070078] [rtabmap]: rtabmap (106): Rate=1.00s, Limit=0.000s, Conversion=0.0005s, RTAB-Map=0.1450s, Maps update=0.0005s pub=0.0189s delay=0.3538s (local map=55, WM=55)
[INFO] [1770985410.877623170] [rtabmap]: rtabmap (107): Rate=1.00s, Limit=0.000s, Conversion=0.0005s, RTAB-Map=0.1288s, Maps update=0.0005s pub=0.0167s delay=0.3277s (local map=56, WM=56)
[INFO] [1770985411.898373784] [rtabmap]: rtabmap (108): Rate=1.00s, Limit=0.000s, Conversion=0.0003s, RTAB-Map=0.1438s, Maps update=0.0018s pub=0.0201s delay=0.3482s (local map=57, WM=57)
[INFO] [1770985412.986606699] [rtabmap]: rtabmap (109): Rate=1.00s, Limit=0.000s, Conversion=0.0003s, RTAB-Map=0.1382s, Maps update=0.0027s pub=0.0154s delay=0.3374s (local map=58, WM=58)
[INFO] [1770985414.081231262] [rtabmap]: rtabmap (110): Rate=1.00s, Limit=0.000s, Conversion=0.0005s, RTAB-Map=0.1299s, Maps update=0.0030s pub=0.0175s delay=0.3311s (local map=59, WM=59)
[INFO] [1770985415.088160049] [rtabmap]: rtabmap (111): Rate=1.00s, Limit=0.000s, Conversion=0.0003s, RTAB-Map=0.1405s, Maps update=0.0022s pub=0.0167s delay=0.3379s (local map=60, WM=60)
[INFO] [1770985416.188131167] [rtabmap]: rtabmap (112): Rate=1.00s, Limit=0.000s, Conversion=0.0005s, RTAB-Map=0.1383s, Maps update=0.0019s pub=0.0182s delay=0.3381s (local map=61, WM=61)
[INFO] [1770985417.279244919] [rtabmap]: rtabmap (113): Rate=1.00s, Limit=0.000s, Conversion=0.0005s, RTAB-Map=0.1340s, Maps update=0.0020s pub=0.0163s delay=0.3292s (local map=62, WM=62)
[INFO] [1770985418.305352969] [rtabmap]: rtabmap (114): Rate=1.00s, Limit=0.000s, Conversion=0.0005s, RTAB-Map=0.1494s, Maps update=0.0031s pub=0.0173s delay=0.3552s (local map=63, WM=63)
[INFO] [1770985419.406607333] [rtabmap]: rtabmap (115): Rate=1.00s, Limit=0.000s, Conversion=0.0005s, RTAB-Map=0.1485s, Maps update=0.0018s pub=0.0188s delay=0.3563s (local map=64, WM=64)
[INFO] [1770985420.497365648] [rtabmap]: rtabmap (116): Rate=1.00s, Limit=0.000s, Conversion=0.0005s, RTAB-Map=0.1458s, Maps update=0.0024s pub=0.0161s delay=0.3482s (local map=65, WM=65)
[INFO] [1770985421.494269155] [rtabmap]: rtabmap (117): Rate=1.00s, Limit=0.000s, Conversion=0.0005s, RTAB-Map=0.1423s, Maps update=0.0030s pub=0.0165s delay=0.3440s (local map=66, WM=66)
[INFO] [1770985422.575982258] [rtabmap]: rtabmap (118): Rate=1.00s, Limit=0.000s, Conversion=0.0005s, RTAB-Map=0.1274s, Maps update=0.0006s pub=0.0171s delay=0.3267s (local map=67, WM=67)
[INFO] [1770985423.603976870] [rtabmap]: rtabmap (119): Rate=1.00s, Limit=0.000s, Conversion=0.0004s, RTAB-Map=0.1495s, Maps update=0.0019s pub=0.0172s delay=0.3538s (local map=68, WM=68)
[INFO] [1770985424.701244246] [rtabmap]: rtabmap (120): Rate=1.00s, Limit=0.000s, Conversion=0.0005s, RTAB-Map=0.1455s, Maps update=0.0006s pub=0.0151s delay=0.3509s (local map=69, WM=69)
[INFO] [1770985425.800499627] [rtabmap]: rtabmap (121): Rate=1.00s, Limit=0.000s, Conversion=0.0005s, RTAB-Map=0.1386s, Maps update=0.0021s pub=0.0177s delay=0.3514s (local map=70, WM=70)
[INFO] [1770985426.799082233] [rtabmap]: rtabmap (122): Rate=1.00s, Limit=0.000s, Conversion=0.0005s, RTAB-Map=0.1418s, Maps update=0.0019s pub=0.0166s delay=0.3488s (local map=71, WM=71)
[INFO] [1770985427.914544070] [rtabmap]: rtabmap (123): Rate=1.00s, Limit=0.000s, Conversion=0.0005s, RTAB-Map=0.1548s, Maps update=0.0020s pub=0.0156s delay=0.3653s (local map=72, WM=72)
[INFO] [1770985428.904847794] [rtabmap]: rtabmap (124): Rate=1.00s, Limit=0.000s, Conversion=0.0003s, RTAB-Map=0.1443s, Maps update=0.0006s pub=0.0176s delay=0.3546s (local map=73, WM=73)
[INFO] [1770985429.987811084] [rtabmap]: rtabmap (125): Rate=1.00s, Limit=0.000s, Conversion=0.0006s, RTAB-Map=0.1309s, Maps update=0.0018s pub=0.0157s delay=0.3388s (local map=74, WM=74)
[INFO] [1770985431.000985369] [rtabmap]: rtabmap (126): Rate=1.00s, Limit=0.000s, Conversion=0.0003s, RTAB-Map=0.1485s, Maps update=0.0006s pub=0.0174s delay=0.3517s (local map=75, WM=75)
[INFO] [1770985431.995189966] [rtabmap]: rtabmap (127): Rate=1.00s, Limit=0.000s, Conversion=0.0003s, RTAB-Map=0.1443s, Maps update=0.0006s pub=0.0156s delay=0.3449s (local map=76, WM=76)
[INFO] [1770985433.086143040] [rtabmap]: rtabmap (128): Rate=1.00s, Limit=0.000s, Conversion=0.0004s, RTAB-Map=0.1332s, Maps update=0.0022s pub=0.0185s delay=0.3368s (local map=77, WM=77)
[INFO] [1770985434.174783362] [rtabmap]: rtabmap (129): Rate=1.00s, Limit=0.000s, Conversion=0.0003s, RTAB-Map=0.1229s, Maps update=0.0021s pub=0.0148s delay=0.3256s (local map=78, WM=78)
[INFO] [1770985435.193984834] [rtabmap]: rtabmap (130): Rate=1.00s, Limit=0.000s, Conversion=0.0005s, RTAB-Map=0.1330s, Maps update=0.0025s pub=0.0176s delay=0.3448s (local map=79, WM=79)
[INFO] [1770985436.283641447] [rtabmap]: rtabmap (131): Rate=1.00s, Limit=0.000s, Conversion=0.0005s, RTAB-Map=0.1288s, Maps update=0.0018s pub=0.0182s delay=0.3344s (local map=80, WM=80)
[INFO] [1770985437.381861304] [rtabmap]: rtabmap (132): Rate=1.00s, Limit=0.000s, Conversion=0.0004s, RTAB-Map=0.1342s, Maps update=0.0018s pub=0.0172s delay=0.3326s (local map=81, WM=81)
[INFO] [1770985438.471885482] [rtabmap]: rtabmap (133): Rate=1.00s, Limit=0.000s, Conversion=0.0005s, RTAB-Map=0.1275s, Maps update=0.0021s pub=0.0165s delay=0.3216s (local map=82, WM=82)
[INFO] [1770985439.570103451] [rtabmap]: rtabmap (134): Rate=1.00s, Limit=0.000s, Conversion=0.0004s, RTAB-Map=0.1275s, Maps update=0.0025s pub=0.0203s delay=0.3209s (local map=83, WM=83)
[INFO] [1770985440.578824972] [rtabmap]: rtabmap (135): Rate=1.00s, Limit=0.000s, Conversion=0.0003s, RTAB-Map=0.1257s, Maps update=0.0019s pub=0.0174s delay=0.3284s (local map=84, WM=84)
[INFO] [1770985441.669609240] [rtabmap]: rtabmap (136): Rate=1.00s, Limit=0.000s, Conversion=0.0003s, RTAB-Map=0.1240s, Maps update=0.0021s pub=0.0167s delay=0.3206s (local map=85, WM=85)
[INFO] [1770985442.685669227] [rtabmap]: rtabmap (137): Rate=1.00s, Limit=0.000s, Conversion=0.0004s, RTAB-Map=0.1315s, Maps update=0.0021s pub=0.0170s delay=0.3366s (local map=86, WM=86)
[INFO] [1770985443.664586631] [rtabmap]: rtabmap (138): Rate=1.00s, Limit=0.000s, Conversion=0.0004s, RTAB-Map=0.1268s, Maps update=0.0022s pub=0.0172s delay=0.3142s (local map=87, WM=87)
[INFO] [1770985444.779015920] [rtabmap]: rtabmap (139): Rate=1.00s, Limit=0.000s, Conversion=0.0005s, RTAB-Map=0.1330s, Maps update=0.0021s pub=0.0184s delay=0.3300s (local map=88, WM=88)
[INFO] [1770985445.772860408] [rtabmap]: rtabmap (140): Rate=1.00s, Limit=0.000s, Conversion=0.0006s, RTAB-Map=0.1264s, Maps update=0.0007s pub=0.0182s delay=0.3238s (local map=89, WM=89)
[INFO] [1770985446.781792753] [rtabmap]: rtabmap (141): Rate=1.00s, Limit=0.000s, Conversion=0.0005s, RTAB-Map=0.1316s, Maps update=0.0006s pub=0.0215s delay=0.3326s (local map=90, WM=90)
[INFO] [1770985447.894998415] [rtabmap]: rtabmap (142): Rate=1.00s, Limit=0.000s, Conversion=0.0005s, RTAB-Map=0.1401s, Maps update=0.0023s pub=0.0185s delay=0.3460s (local map=91, WM=91)
[INFO] [1770985448.903372020] [rtabmap]: rtabmap (143): Rate=1.00s, Limit=0.000s, Conversion=0.0005s, RTAB-Map=0.1468s, Maps update=0.0007s pub=0.0214s delay=0.3544s (local map=92, WM=92)
[INFO] [1770985449.900551440] [rtabmap]: rtabmap (144): Rate=1.00s, Limit=0.000s, Conversion=0.0004s, RTAB-Map=0.1484s, Maps update=0.0019s pub=0.0205s delay=0.3515s (local map=93, WM=93)
[INFO] [1770985451.007099205] [rtabmap]: rtabmap (145): Rate=1.00s, Limit=0.000s, Conversion=0.0005s, RTAB-Map=0.1451s, Maps update=0.0021s pub=0.0224s delay=0.3580s (local map=94, WM=94)
[INFO] [1770985452.110218498] [rtabmap]: rtabmap (146): Rate=1.00s, Limit=0.000s, Conversion=0.0106s, RTAB-Map=0.1492s, Maps update=0.0007s pub=0.0190s delay=0.3612s (local map=95, WM=95)
[INFO] [1770985453.123083716] [rtabmap]: rtabmap (147): Rate=1.00s, Limit=0.000s, Conversion=0.0006s, RTAB-Map=0.1605s, Maps update=0.0031s pub=0.0202s delay=0.3739s (local map=96, WM=96)
[INFO] [1770985454.201448989] [rtabmap]: rtabmap (148): Rate=1.00s, Limit=0.000s, Conversion=0.0003s, RTAB-Map=0.1409s, Maps update=0.0019s pub=0.0220s delay=0.3523s (local map=97, WM=97)
[INFO] [1770985455.291483088] [rtabmap]: rtabmap (149): Rate=1.00s, Limit=0.000s, Conversion=0.0004s, RTAB-Map=0.1328s, Maps update=0.0023s pub=0.0254s delay=0.3426s (local map=98, WM=98)
[INFO] [1770985456.293246317] [rtabmap]: rtabmap (150): Rate=1.00s, Limit=0.000s, Conversion=0.0004s, RTAB-Map=0.1351s, Maps update=0.0021s pub=0.0253s delay=0.3441s (local map=99, WM=99)
[INFO] [1770985457.408016834] [rtabmap]: rtabmap (151): Rate=1.00s, Limit=0.000s, Conversion=0.0005s, RTAB-Map=0.1474s, Maps update=0.0021s pub=0.0223s delay=0.3589s (local map=100, WM=100)
[INFO] [1770985458.379529947] [rtabmap]: rtabmap (152): Rate=1.00s, Limit=0.000s, Conversion=0.0009s, RTAB-Map=0.1281s, Maps update=0.0024s pub=0.0214s delay=0.3301s (local map=101, WM=101)
[INFO] [1770985459.491842426] [rtabmap]: rtabmap (153): Rate=1.00s, Limit=0.000s, Conversion=0.0006s, RTAB-Map=0.1364s, Maps update=0.0020s pub=0.0219s delay=0.3429s (local map=102, WM=102)
[INFO] [1770985460.499322655] [rtabmap]: rtabmap (154): Rate=1.00s, Limit=0.000s, Conversion=0.0004s, RTAB-Map=0.1437s, Maps update=0.0020s pub=0.0228s delay=0.3503s (local map=103, WM=103)
[INFO] [1770985461.493419472] [rtabmap]: rtabmap (155): Rate=1.00s, Limit=0.000s, Conversion=0.0003s, RTAB-Map=0.1380s, Maps update=0.0036s pub=0.0216s delay=0.3443s (local map=104, WM=104)
[INFO] [1770985462.585366949] [rtabmap]: rtabmap (156): Rate=1.00s, Limit=0.000s, Conversion=0.0005s, RTAB-Map=0.1385s, Maps update=0.0048s pub=0.0227s delay=0.3363s (local map=105, WM=105)
[INFO] [1770985463.587518288] [rtabmap]: rtabmap (157): Rate=1.00s, Limit=0.000s, Conversion=0.0006s, RTAB-Map=0.1294s, Maps update=0.0036s pub=0.0272s delay=0.3384s (local map=106, WM=106)
[INFO] [1770985464.585044889] [rtabmap]: rtabmap (158): Rate=1.00s, Limit=0.000s, Conversion=0.0004s, RTAB-Map=0.1299s, Maps update=0.0041s pub=0.0287s delay=0.3357s (local map=107, WM=107)
[INFO] [1770985465.687117777] [rtabmap]: rtabmap (159): Rate=1.00s, Limit=0.000s, Conversion=0.0005s, RTAB-Map=0.1368s, Maps update=0.0021s pub=0.0246s delay=0.3381s (local map=108, WM=108)
[INFO] [1770985466.665964203] [rtabmap]: rtabmap (160): Rate=1.00s, Limit=0.000s, Conversion=0.0006s, RTAB-Map=0.1215s, Maps update=0.0019s pub=0.0232s delay=0.3169s (local map=109, WM=109)
[INFO] [1770985467.763808175] [rtabmap]: rtabmap (161): Rate=1.00s, Limit=0.000s, Conversion=0.0005s, RTAB-Map=0.1220s, Maps update=0.0019s pub=0.0273s delay=0.3148s (local map=110, WM=110)
[INFO] [1770985468.855828583] [rtabmap]: rtabmap (162): Rate=1.00s, Limit=0.000s, Conversion=0.0004s, RTAB-Map=0.1181s, Maps update=0.0019s pub=0.0247s delay=0.3068s (local map=111, WM=111)
[INFO] [1770985469.966731028] [rtabmap]: rtabmap (163): Rate=1.00s, Limit=0.000s, Conversion=0.0005s, RTAB-Map=0.1206s, Maps update=0.0028s pub=0.0246s delay=0.3173s (local map=112, WM=112)
[INFO] [1770985471.074706331] [rtabmap]: rtabmap (164): Rate=1.00s, Limit=0.000s, Conversion=0.0005s, RTAB-Map=0.1300s, Maps update=0.0020s pub=0.0265s delay=0.3257s (local map=113, WM=113)
[INFO] [1770985472.200655096] [rtabmap]: rtabmap (165): Rate=1.00s, Limit=0.000s, Conversion=0.0003s, RTAB-Map=0.1368s, Maps update=0.0027s pub=0.0299s delay=0.3515s (local map=114, WM=114)
[INFO] [1770985473.209966590] [rtabmap]: rtabmap (166): Rate=1.00s, Limit=0.000s, Conversion=0.0005s, RTAB-Map=0.1395s, Maps update=0.0033s pub=0.0346s delay=0.3604s (local map=115, WM=115)
[INFO] [1770985474.295648407] [rtabmap]: rtabmap (167): Rate=1.00s, Limit=0.000s, Conversion=0.0004s, RTAB-Map=0.1289s, Maps update=0.0024s pub=0.0276s delay=0.3466s (local map=116, WM=116)
[INFO] [1770985475.361513915] [rtabmap]: rtabmap (168): Rate=1.00s, Limit=0.000s, Conversion=0.0004s, RTAB-Map=0.1420s, Maps update=0.0008s pub=0.0002s delay=0.3126s (local map=116, WM=116)
[INFO] [1770985476.358782938] [rtabmap]: rtabmap (169): Rate=1.00s, Limit=0.000s, Conversion=0.0006s, RTAB-Map=0.1308s, Maps update=0.0008s pub=0.0002s delay=0.3096s (local map=116, WM=116)
[INFO] [1770985477.488468666] [rtabmap]: rtabmap (170): Rate=1.00s, Limit=0.000s, Conversion=0.0005s, RTAB-Map=0.1551s, Maps update=0.0007s pub=0.0002s delay=0.3394s (local map=116, WM=116)
[INFO] [1770985478.464293194] [rtabmap]: rtabmap (171): Rate=1.00s, Limit=0.000s, Conversion=0.0004s, RTAB-Map=0.1440s, Maps update=0.0009s pub=0.0002s delay=0.3152s (local map=116, WM=116)
[INFO] [1770985479.564588388] [rtabmap]: rtabmap (172): Rate=1.00s, Limit=0.000s, Conversion=0.0003s, RTAB-Map=0.1340s, Maps update=0.0007s pub=0.0002s delay=0.3155s (local map=116, WM=116)
[INFO] [1770985480.662658064] [rtabmap]: rtabmap (173): Rate=1.00s, Limit=0.000s, Conversion=0.0005s, RTAB-Map=0.1310s, Maps update=0.0007s pub=0.0002s delay=0.3135s (local map=116, WM=116)
[INFO] [1770985481.756526409] [rtabmap]: rtabmap (174): Rate=1.00s, Limit=0.000s, Conversion=0.0005s, RTAB-Map=0.1300s, Maps update=0.0008s pub=0.0002s delay=0.3075s (local map=116, WM=116)
[INFO] [1770985482.794882952] [rtabmap]: rtabmap (175): Rate=1.00s, Limit=0.000s, Conversion=0.0003s, RTAB-Map=0.1325s, Maps update=0.0025s pub=0.0275s delay=0.3457s (local map=117, WM=117)
[INFO] [1770985483.882411202] [rtabmap]: rtabmap (176): Rate=1.00s, Limit=0.000s, Conversion=0.0003s, RTAB-Map=0.1286s, Maps update=0.0019s pub=0.0264s delay=0.3335s (local map=118, WM=118)
[INFO] [1770985484.885771064] [rtabmap]: rtabmap (177): Rate=1.00s, Limit=0.000s, Conversion=0.0007s, RTAB-Map=0.1253s, Maps update=0.0048s pub=0.0263s delay=0.3366s (local map=119, WM=119)
[INFO] [1770985485.991308361] [rtabmap]: rtabmap (178): Rate=1.00s, Limit=0.000s, Conversion=0.0003s, RTAB-Map=0.1310s, Maps update=0.0024s pub=0.0262s delay=0.3423s (local map=120, WM=120)
[INFO] [1770985486.972003108] [rtabmap]: rtabmap (179): Rate=1.00s, Limit=0.000s, Conversion=0.0004s, RTAB-Map=0.1211s, Maps update=0.0021s pub=0.0244s delay=0.3228s (local map=121, WM=121)
[INFO] [1770985488.088718173] [rtabmap]: rtabmap (180): Rate=1.00s, Limit=0.000s, Conversion=0.0005s, RTAB-Map=0.1229s, Maps update=0.0020s pub=0.0259s delay=0.3397s (local map=122, WM=122)
[INFO] [1770985489.087378222] [rtabmap]: rtabmap (181): Rate=1.00s, Limit=0.000s, Conversion=0.0003s, RTAB-Map=0.1292s, Maps update=0.0027s pub=0.0243s delay=0.3383s (local map=123, WM=123)
[INFO] [1770985490.094823186] [rtabmap]: rtabmap (182): Rate=1.00s, Limit=0.000s, Conversion=0.0008s, RTAB-Map=0.1274s, Maps update=0.0020s pub=0.0257s delay=0.3457s (local map=124, WM=124)
[INFO] [1770985491.094464933] [rtabmap]: rtabmap (183): Rate=1.00s, Limit=0.000s, Conversion=0.0003s, RTAB-Map=0.1281s, Maps update=0.0022s pub=0.0307s delay=0.3453s (local map=125, WM=125)
[INFO] [1770985492.096286500] [rtabmap]: rtabmap (184): Rate=1.00s, Limit=0.000s, Conversion=0.0003s, RTAB-Map=0.1322s, Maps update=0.0022s pub=0.0247s delay=0.3471s (local map=126, WM=126)
[INFO] [1770985493.212493260] [rtabmap]: rtabmap (185): Rate=1.00s, Limit=0.000s, Conversion=0.0003s, RTAB-Map=0.1457s, Maps update=0.0025s pub=0.0234s delay=0.3633s (local map=127, WM=127)
[INFO] [1770985494.185449687] [rtabmap]: rtabmap (186): Rate=1.00s, Limit=0.000s, Conversion=0.0003s, RTAB-Map=0.1234s, Maps update=0.0008s pub=0.0278s delay=0.3362s (local map=128, WM=128)
[INFO] [1770985495.292042542] [rtabmap]: rtabmap (187): Rate=1.00s, Limit=0.000s, Conversion=0.0003s, RTAB-Map=0.1273s, Maps update=0.0021s pub=0.0267s delay=0.3428s (local map=129, WM=129)
[INFO] [1770985496.391136125] [rtabmap]: rtabmap (188): Rate=1.00s, Limit=0.000s, Conversion=0.0003s, RTAB-Map=0.1314s, Maps update=0.0026s pub=0.0256s delay=0.3421s (local map=130, WM=130)
[INFO] [1770985497.387150513] [rtabmap]: rtabmap (189): Rate=1.00s, Limit=0.000s, Conversion=0.0003s, RTAB-Map=0.1318s, Maps update=0.0008s pub=0.0251s delay=0.3380s (local map=131, WM=131)
[INFO] [1770985498.386066155] [rtabmap]: rtabmap (190): Rate=1.00s, Limit=0.000s, Conversion=0.0004s, RTAB-Map=0.1230s, Maps update=0.0022s pub=0.0298s delay=0.3369s (local map=132, WM=132)
[INFO] [1770985499.486520778] [rtabmap]: rtabmap (191): Rate=1.00s, Limit=0.000s, Conversion=0.0005s, RTAB-Map=0.1251s, Maps update=0.0025s pub=0.0278s delay=0.3373s (local map=133, WM=133)
[INFO] [1770985500.589019185] [rtabmap]: rtabmap (192): Rate=1.00s, Limit=0.000s, Conversion=0.0004s, RTAB-Map=0.1235s, Maps update=0.0022s pub=0.0279s delay=0.3399s (local map=134, WM=134)
[INFO] [1770985501.574691963] [rtabmap]: rtabmap (193): Rate=1.00s, Limit=0.000s, Conversion=0.0005s, RTAB-Map=0.1183s, Maps update=0.0019s pub=0.0275s delay=0.3254s (local map=135, WM=135)
[INFO] [1770985502.685026324] [rtabmap]: rtabmap (194): Rate=1.00s, Limit=0.000s, Conversion=0.0004s, RTAB-Map=0.1259s, Maps update=0.0008s pub=0.0271s delay=0.3359s (local map=136, WM=136)
[INFO] [1770985503.679806845] [rtabmap]: rtabmap (195): Rate=1.00s, Limit=0.000s, Conversion=0.0004s, RTAB-Map=0.1217s, Maps update=0.0027s pub=0.0287s delay=0.3306s (local map=137, WM=137)
[INFO] [1770985504.679354372] [rtabmap]: rtabmap (196): Rate=1.00s, Limit=0.000s, Conversion=0.0003s, RTAB-Map=0.1216s, Maps update=0.0021s pub=0.0262s delay=0.3302s (local map=138, WM=138)
[INFO] [1770985505.684841262] [rtabmap]: rtabmap (197): Rate=1.00s, Limit=0.000s, Conversion=0.0005s, RTAB-Map=0.1225s, Maps update=0.0035s pub=0.0252s delay=0.3356s (local map=139, WM=139)
[INFO] [1770985506.778873796] [rtabmap]: rtabmap (198): Rate=1.00s, Limit=0.000s, Conversion=0.0003s, RTAB-Map=0.1242s, Maps update=0.0032s pub=0.0271s delay=0.3296s (local map=140, WM=140)
[INFO] [1770985507.785898148] [rtabmap]: rtabmap (199): Rate=1.00s, Limit=0.000s, Conversion=0.0003s, RTAB-Map=0.1297s, Maps update=0.0021s pub=0.0273s delay=0.3366s (local map=141, WM=141)
[INFO] [1770985508.880502894] [rtabmap]: rtabmap (200): Rate=1.00s, Limit=0.000s, Conversion=0.0003s, RTAB-Map=0.1196s, Maps update=0.0021s pub=0.0313s delay=0.3311s (local map=142, WM=142)
[INFO] [1770985509.985722065] [rtabmap]: rtabmap (201): Rate=1.00s, Limit=0.000s, Conversion=0.0006s, RTAB-Map=0.1261s, Maps update=0.0019s pub=0.0335s delay=0.3365s (local map=143, WM=143)
[INFO] [1770985510.960322736] [rtabmap]: rtabmap (202): Rate=1.00s, Limit=0.000s, Conversion=0.0004s, RTAB-Map=0.1094s, Maps update=0.0018s pub=0.0236s delay=0.3110s (local map=144, WM=144)
[INFO] [1770985512.060843949] [rtabmap]: rtabmap (203): Rate=1.00s, Limit=0.000s, Conversion=0.0004s, RTAB-Map=0.1171s, Maps update=0.0018s pub=0.0277s delay=0.3116s (local map=145, WM=145)
[INFO] [1770985513.071278374] [rtabmap]: rtabmap (204): Rate=1.00s, Limit=0.000s, Conversion=0.0005s, RTAB-Map=0.1162s, Maps update=0.0019s pub=0.0254s delay=0.3220s (local map=146, WM=146)
[INFO] [1770985514.171246127] [rtabmap]: rtabmap (205): Rate=1.00s, Limit=0.000s, Conversion=0.0005s, RTAB-Map=0.1152s, Maps update=0.0017s pub=0.0261s delay=0.3220s (local map=147, WM=147)
[INFO] [1770985515.265724821] [rtabmap]: rtabmap (206): Rate=1.00s, Limit=0.000s, Conversion=0.0005s, RTAB-Map=0.1206s, Maps update=0.0022s pub=0.0304s delay=0.3163s (local map=148, WM=148)
[INFO] [1770985516.374756608] [rtabmap]: rtabmap (207): Rate=1.00s, Limit=0.000s, Conversion=0.0005s, RTAB-Map=0.1178s, Maps update=0.0019s pub=0.0250s delay=0.3255s (local map=149, WM=149)
[INFO] [1770985517.476612524] [rtabmap]: rtabmap (208): Rate=1.00s, Limit=0.000s, Conversion=0.0003s, RTAB-Map=0.1213s, Maps update=0.0019s pub=0.0264s delay=0.3273s (local map=150, WM=150)
[INFO] [1770985518.473450433] [rtabmap]: rtabmap (209): Rate=1.00s, Limit=0.000s, Conversion=0.0005s, RTAB-Map=0.1243s, Maps update=0.0020s pub=0.0263s delay=0.3240s (local map=151, WM=151)
[INFO] [1770985519.589951702] [rtabmap]: rtabmap (210): Rate=1.00s, Limit=0.000s, Conversion=0.0005s, RTAB-Map=0.1295s, Maps update=0.0024s pub=0.0268s delay=0.3406s (local map=152, WM=152)
[INFO] [1770985520.695526278] [rtabmap]: rtabmap (211): Rate=1.00s, Limit=0.000s, Conversion=0.0005s, RTAB-Map=0.1336s, Maps update=0.0021s pub=0.0277s delay=0.3460s (local map=153, WM=153)
[INFO] [1770985521.812121439] [rtabmap]: rtabmap (212): Rate=1.00s, Limit=0.000s, Conversion=0.0005s, RTAB-Map=0.1399s, Maps update=0.0019s pub=0.0265s delay=0.3628s (local map=154, WM=154)
[INFO] [1770985522.803524819] [rtabmap]: rtabmap (213): Rate=1.00s, Limit=0.000s, Conversion=0.0003s, RTAB-Map=0.1409s, Maps update=0.0023s pub=0.0277s delay=0.3541s (local map=155, WM=155)
[INFO] [1770985523.894311829] [rtabmap]: rtabmap (214): Rate=1.00s, Limit=0.000s, Conversion=0.0007s, RTAB-Map=0.1369s, Maps update=0.0022s pub=0.0270s delay=0.3448s (local map=156, WM=156)
[INFO] [1770985525.014625458] [rtabmap]: rtabmap (215): Rate=1.00s, Limit=0.000s, Conversion=0.0004s, RTAB-Map=0.1487s, Maps update=0.0009s pub=0.0283s delay=0.3640s (local map=157, WM=157)
[INFO] [1770985526.117888432] [rtabmap]: rtabmap (216): Rate=1.00s, Limit=0.000s, Conversion=0.0004s, RTAB-Map=0.1536s, Maps update=0.0024s pub=0.0254s delay=0.3686s (local map=158, WM=158)
[INFO] [1770985527.165312108] [rtabmap]: rtabmap (217): Rate=1.00s, Limit=0.000s, Conversion=0.0005s, RTAB-Map=0.1917s, Maps update=0.0022s pub=0.0334s delay=0.4160s (local map=159, WM=159)
[INFO] [1770985528.239269464] [rtabmap]: rtabmap (218): Rate=1.00s, Limit=0.000s, Conversion=0.0005s, RTAB-Map=0.1708s, Maps update=0.0023s pub=0.0261s delay=0.3898s (local map=160, WM=160)
[INFO] [1770985529.437714799] [rtabmap]: rtabmap (219): Rate=1.00s, Limit=0.000s, Conversion=0.0003s, RTAB-Map=0.1477s, Maps update=0.0035s pub=0.1557s delay=0.4883s (local map=161, WM=161)
[INFO] [1770985530.421300813] [rtabmap]: rtabmap (220): Rate=1.00s, Limit=0.000s, Conversion=0.0004s, RTAB-Map=0.1587s, Maps update=0.0026s pub=0.0279s delay=0.3719s (local map=162, WM=162)
[INFO] [1770985531.428471475] [rtabmap]: rtabmap (221): Rate=1.00s, Limit=0.000s, Conversion=0.0003s, RTAB-Map=0.1614s, Maps update=0.0031s pub=0.0338s delay=0.3790s (local map=163, WM=163)
[INFO] [1770985532.424904474] [rtabmap]: rtabmap (222): Rate=1.00s, Limit=0.000s, Conversion=0.0005s, RTAB-Map=0.1573s, Maps update=0.0010s pub=0.0280s delay=0.3754s (local map=164, WM=164)
[INFO] [1770985533.542123368] [rtabmap]: rtabmap (223): Rate=1.00s, Limit=0.000s, Conversion=0.0005s, RTAB-Map=0.1742s, Maps update=0.0022s pub=0.0279s delay=0.3927s (local map=165, WM=165)
[INFO] [1770985534.529757175] [rtabmap]: rtabmap (224): Rate=1.00s, Limit=0.000s, Conversion=0.0005s, RTAB-Map=0.1636s, Maps update=0.0022s pub=0.0271s delay=0.3802s (local map=166, WM=166)
[INFO] [1770985535.648332213] [rtabmap]: rtabmap (225): Rate=1.00s, Limit=0.000s, Conversion=0.0004s, RTAB-Map=0.1781s, Maps update=0.0020s pub=0.0265s delay=0.3988s (local map=167, WM=167)
[INFO] [1770985536.614369380] [rtabmap]: rtabmap (226): Rate=1.00s, Limit=0.000s, Conversion=0.0005s, RTAB-Map=0.1536s, Maps update=0.0020s pub=0.0293s delay=0.3648s (local map=168, WM=168)
[INFO] [1770985537.737372992] [rtabmap]: rtabmap (227): Rate=1.00s, Limit=0.000s, Conversion=0.0005s, RTAB-Map=0.1675s, Maps update=0.0021s pub=0.0263s delay=0.3878s (local map=169, WM=169)
[INFO] [1770985538.836573997] [rtabmap]: rtabmap (228): Rate=1.00s, Limit=0.000s, Conversion=0.0004s, RTAB-Map=0.1732s, Maps update=0.0024s pub=0.0263s delay=0.3871s (local map=170, WM=170)
[INFO] [1770985539.800152900] [rtabmap]: rtabmap (229): Rate=1.00s, Limit=0.000s, Conversion=0.0014s, RTAB-Map=0.1334s, Maps update=0.0025s pub=0.0356s delay=0.3506s (local map=171, WM=171)
[INFO] [1770985540.781082308] [rtabmap]: rtabmap (230): Rate=1.00s, Limit=0.000s, Conversion=0.0004s, RTAB-Map=0.1264s, Maps update=0.0022s pub=0.0293s delay=0.3315s (local map=172, WM=172)
[INFO] [1770985541.886907006] [rtabmap]: rtabmap (231): Rate=1.00s, Limit=0.000s, Conversion=0.0003s, RTAB-Map=0.1238s, Maps update=0.0027s pub=0.0293s delay=0.3375s (local map=173, WM=173)
[INFO] [1770985542.880435390] [rtabmap]: rtabmap (232): Rate=1.00s, Limit=0.000s, Conversion=0.0006s, RTAB-Map=0.1245s, Maps update=0.0020s pub=0.0307s delay=0.3308s (local map=174, WM=174)
[INFO] [1770985544.003850312] [rtabmap]: rtabmap (233): Rate=1.00s, Limit=0.000s, Conversion=0.0005s, RTAB-Map=0.1497s, Maps update=0.0023s pub=0.0314s delay=0.3544s (local map=175, WM=175)
[INFO] [1770985544.991372019] [rtabmap]: rtabmap (234): Rate=1.00s, Limit=0.000s, Conversion=0.0005s, RTAB-Map=0.1315s, Maps update=0.0021s pub=0.0297s delay=0.3419s (local map=176, WM=176)
[INFO] [1770985546.014886813] [rtabmap]: rtabmap (235): Rate=1.00s, Limit=0.000s, Conversion=0.0005s, RTAB-Map=0.1527s, Maps update=0.0031s pub=0.0285s delay=0.3653s (local map=177, WM=177)
[INFO] [1770985547.107056049] [rtabmap]: rtabmap (236): Rate=1.00s, Limit=0.000s, Conversion=0.0004s, RTAB-Map=0.1524s, Maps update=0.0029s pub=0.0300s delay=0.3575s (local map=178, WM=178)
[INFO] [1770985548.184330930] [rtabmap]: rtabmap (237): Rate=1.00s, Limit=0.000s, Conversion=0.0003s, RTAB-Map=0.1263s, Maps update=0.0023s pub=0.0334s delay=0.3348s (local map=179, WM=179)
[INFO] [1770985549.145849664] [rtabmap]: rtabmap (238): Rate=1.00s, Limit=0.000s, Conversion=0.0004s, RTAB-Map=0.1226s, Maps update=0.0010s pub=0.0003s delay=0.2963s (local map=179, WM=179)
[INFO] [1770985550.149218494] [rtabmap]: rtabmap (239): Rate=1.00s, Limit=0.000s, Conversion=0.0003s, RTAB-Map=0.1285s, Maps update=0.0010s pub=0.0003s delay=0.2997s (local map=179, WM=179)
[INFO] [1770985551.254648905] [rtabmap]: rtabmap (240): Rate=1.00s, Limit=0.000s, Conversion=0.0004s, RTAB-Map=0.1269s, Maps update=0.0012s pub=0.0004s delay=0.3051s (local map=179, WM=179)
[INFO] [1770985552.258614749] [rtabmap]: rtabmap (241): Rate=1.00s, Limit=0.000s, Conversion=0.0005s, RTAB-Map=0.1280s, Maps update=0.0010s pub=0.0003s delay=0.3091s (local map=179, WM=179)
[INFO] [1770985553.265096809] [rtabmap]: rtabmap (242): Rate=1.00s, Limit=0.000s, Conversion=0.0005s, RTAB-Map=0.1267s, Maps update=0.0010s pub=0.0003s delay=0.3156s (local map=179, WM=179)
[INFO] [1770985554.249071670] [rtabmap]: rtabmap (243): Rate=1.00s, Limit=0.000s, Conversion=0.0005s, RTAB-Map=0.1258s, Maps update=0.0010s pub=0.0003s delay=0.2995s (local map=179, WM=179)
[INFO] [1770985555.247462659] [rtabmap]: rtabmap (244): Rate=1.00s, Limit=0.000s, Conversion=0.0006s, RTAB-Map=0.1224s, Maps update=0.0010s pub=0.0003s delay=0.2979s (local map=179, WM=179)
[INFO] [1770985556.257941501] [rtabmap]: rtabmap (245): Rate=1.00s, Limit=0.000s, Conversion=0.0005s, RTAB-Map=0.1346s, Maps update=0.0012s pub=0.0004s delay=0.3083s (local map=179, WM=179)
[INFO] [1770985557.250274611] [rtabmap]: rtabmap (246): Rate=1.00s, Limit=0.000s, Conversion=0.0003s, RTAB-Map=0.1235s, Maps update=0.0010s pub=0.0003s delay=0.3006s (local map=179, WM=179)
[INFO] [1770985558.362210469] [rtabmap]: rtabmap (247): Rate=1.00s, Limit=0.000s, Conversion=0.0005s, RTAB-Map=0.1323s, Maps update=0.0010s pub=0.0003s delay=0.3126s (local map=179, WM=179)
[INFO] [1770985559.452045766] [rtabmap]: rtabmap (248): Rate=1.00s, Limit=0.000s, Conversion=0.0004s, RTAB-Map=0.1294s, Maps update=0.0011s pub=0.0003s delay=0.3024s (local map=179, WM=179)
[INFO] [1770985560.439440972] [rtabmap]: rtabmap (249): Rate=1.00s, Limit=0.000s, Conversion=0.0004s, RTAB-Map=0.1264s, Maps update=0.0010s pub=0.0003s delay=0.2898s (local map=179, WM=179)
[INFO] [1770985561.456042656] [rtabmap]: rtabmap (250): Rate=1.00s, Limit=0.000s, Conversion=0.0005s, RTAB-Map=0.1294s, Maps update=0.0011s pub=0.0003s delay=0.3064s (local map=179, WM=179)
[INFO] [1770985562.563396400] [rtabmap]: rtabmap (251): Rate=1.00s, Limit=0.000s, Conversion=0.0006s, RTAB-Map=0.1303s, Maps update=0.0013s pub=0.0003s delay=0.3136s (local map=179, WM=179)
[INFO] [1770985563.652019365] [rtabmap]: rtabmap (252): Rate=1.00s, Limit=0.000s, Conversion=0.0005s, RTAB-Map=0.1290s, Maps update=0.0012s pub=0.0003s delay=0.3023s (local map=179, WM=179)
[INFO] [1770985564.761380348] [rtabmap]: rtabmap (253): Rate=1.00s, Limit=0.000s, Conversion=0.0006s, RTAB-Map=0.1275s, Maps update=0.0020s pub=0.0003s delay=0.3117s (local map=179, WM=179)
[INFO] [1770985565.857800935] [rtabmap]: rtabmap (254): Rate=1.00s, Limit=0.000s, Conversion=0.0007s, RTAB-Map=0.1312s, Maps update=0.0010s pub=0.0003s delay=0.3080s (local map=179, WM=179)
[INFO] [1770985566.955423740] [rtabmap]: rtabmap (255): Rate=1.00s, Limit=0.000s, Conversion=0.0004s, RTAB-Map=0.1264s, Maps update=0.0014s pub=0.0003s delay=0.3058s (local map=179, WM=179)
[INFO] [1770985567.939378472] [rtabmap]: rtabmap (256): Rate=1.00s, Limit=0.000s, Conversion=0.0004s, RTAB-Map=0.1192s, Maps update=0.0010s pub=0.0003s delay=0.2898s (local map=179, WM=179)
[INFO] [1770985568.948095856] [rtabmap]: rtabmap (257): Rate=1.00s, Limit=0.000s, Conversion=0.0004s, RTAB-Map=0.1205s, Maps update=0.0010s pub=0.0003s delay=0.2984s (local map=179, WM=179)
[INFO] [1770985570.046212545] [rtabmap]: rtabmap (258): Rate=1.00s, Limit=0.000s, Conversion=0.0003s, RTAB-Map=0.1202s, Maps update=0.0010s pub=0.0003s delay=0.2964s (local map=179, WM=179)
[INFO] [1770985571.155050219] [rtabmap]: rtabmap (259): Rate=1.00s, Limit=0.000s, Conversion=0.0004s, RTAB-Map=0.1255s, Maps update=0.0012s pub=0.0003s delay=0.3053s (local map=179, WM=179)
[INFO] [1770985572.257544217] [rtabmap]: rtabmap (260): Rate=1.00s, Limit=0.000s, Conversion=0.0004s, RTAB-Map=0.1297s, Maps update=0.0015s pub=0.0003s delay=0.3079s (local map=179, WM=179)
[INFO] [1770985573.351500684] [rtabmap]: rtabmap (261): Rate=1.00s, Limit=0.000s, Conversion=0.0005s, RTAB-Map=0.1245s, Maps update=0.0010s pub=0.0003s delay=0.3020s (local map=179, WM=179)
[INFO] [1770985574.358800146] [rtabmap]: rtabmap (262): Rate=1.00s, Limit=0.000s, Conversion=0.0004s, RTAB-Map=0.1291s, Maps update=0.0012s pub=0.0003s delay=0.3091s (local map=179, WM=179)
[INFO] [1770985575.480158261] [rtabmap]: rtabmap (263): Rate=1.00s, Limit=0.000s, Conversion=0.0004s, RTAB-Map=0.1433s, Maps update=0.0011s pub=0.0003s delay=0.3305s (local map=179, WM=179)
[INFO] [1770985576.559681740] [rtabmap]: rtabmap (264): Rate=1.00s, Limit=0.000s, Conversion=0.0004s, RTAB-Map=0.1304s, Maps update=0.0011s pub=0.0003s delay=0.3102s (local map=179, WM=179)
[INFO] [1770985577.649063327] [rtabmap]: rtabmap (265): Rate=1.00s, Limit=0.000s, Conversion=0.0004s, RTAB-Map=0.1317s, Maps update=0.0010s pub=0.0003s delay=0.2995s (local map=179, WM=179)
[INFO] [1770985578.652922495] [rtabmap]: rtabmap (266): Rate=1.00s, Limit=0.000s, Conversion=0.0008s, RTAB-Map=0.1198s, Maps update=0.0010s pub=0.0003s delay=0.3034s (local map=179, WM=179)
[INFO] [1770985579.758142557] [rtabmap]: rtabmap (267): Rate=1.00s, Limit=0.000s, Conversion=0.0004s, RTAB-Map=0.1342s, Maps update=0.0010s pub=0.0003s delay=0.3086s (local map=179, WM=179)
[INFO] [1770985580.755863493] [rtabmap]: rtabmap (268): Rate=1.00s, Limit=0.000s, Conversion=0.0003s, RTAB-Map=0.1257s, Maps update=0.0013s pub=0.0003s delay=0.3062s (local map=179, WM=179)
[INFO] [1770985581.846814607] [rtabmap]: rtabmap (269): Rate=1.00s, Limit=0.000s, Conversion=0.0005s, RTAB-Map=0.1258s, Maps update=0.0010s pub=0.0003s delay=0.2972s (local map=179, WM=179)
[INFO] [1770985582.856730914] [rtabmap]: rtabmap (270): Rate=1.00s, Limit=0.000s, Conversion=0.0004s, RTAB-Map=0.1229s, Maps update=0.0014s pub=0.0003s delay=0.3071s (local map=179, WM=179)
[INFO] [1770985583.953372340] [rtabmap]: rtabmap (271): Rate=1.00s, Limit=0.000s, Conversion=0.0008s, RTAB-Map=0.1254s, Maps update=0.0013s pub=0.0004s delay=0.3038s (local map=179, WM=179)
[INFO] [1770985585.048123011] [rtabmap]: rtabmap (272): Rate=1.00s, Limit=0.000s, Conversion=0.0003s, RTAB-Map=0.1186s, Maps update=0.0009s pub=0.0003s delay=0.2985s (local map=179, WM=179)
[INFO] [1770985586.160016651] [rtabmap]: rtabmap (273): Rate=1.00s, Limit=0.000s, Conversion=0.0003s, RTAB-Map=0.1325s, Maps update=0.0010s pub=0.0003s delay=0.3104s (local map=179, WM=179)
[INFO] [1770985587.258327511] [rtabmap]: rtabmap (274): Rate=1.00s, Limit=0.000s, Conversion=0.0005s, RTAB-Map=0.1267s, Maps update=0.0010s pub=0.0003s delay=0.3087s (local map=179, WM=179)
[INFO] [1770985588.263595463] [rtabmap]: rtabmap (275): Rate=1.00s, Limit=0.000s, Conversion=0.0004s, RTAB-Map=0.1339s, Maps update=0.0010s pub=0.0003s delay=0.3139s (local map=179, WM=179)
[INFO] [1770985589.353761142] [rtabmap]: rtabmap (276): Rate=1.00s, Limit=0.000s, Conversion=0.0007s, RTAB-Map=0.1301s, Maps update=0.0010s pub=0.0003s delay=0.3042s (local map=179, WM=179)
[INFO] [1770985590.349063114] [rtabmap]: rtabmap (277): Rate=1.00s, Limit=0.000s, Conversion=0.0006s, RTAB-Map=0.1221s, Maps update=0.0012s pub=0.0003s delay=0.2994s (local map=179, WM=179)
[INFO] [1770985591.472288190] [rtabmap]: rtabmap (278): Rate=1.00s, Limit=0.000s, Conversion=0.0007s, RTAB-Map=0.1372s, Maps update=0.0012s pub=0.0003s delay=0.3227s (local map=179, WM=179)
[INFO] [1770985592.450607807] [rtabmap]: rtabmap (279): Rate=1.00s, Limit=0.000s, Conversion=0.0007s, RTAB-Map=0.1267s, Maps update=0.0010s pub=0.0003s delay=0.3010s (local map=179, WM=179)
[INFO] [1770985593.550367902] [rtabmap]: rtabmap (280): Rate=1.00s, Limit=0.000s, Conversion=0.0004s, RTAB-Map=0.1248s, Maps update=0.0010s pub=0.0003s delay=0.3007s (local map=179, WM=179)
[INFO] [1770985594.565937079] [rtabmap]: rtabmap (281): Rate=1.00s, Limit=0.000s, Conversion=0.0004s, RTAB-Map=0.1374s, Maps update=0.0011s pub=0.0004s delay=0.3162s (local map=179, WM=179)
[INFO] [1770985595.653658192] [rtabmap]: rtabmap (282): Rate=1.00s, Limit=0.000s, Conversion=0.0003s, RTAB-Map=0.1274s, Maps update=0.0010s pub=0.0003s delay=0.3039s (local map=179, WM=179)
[INFO] [1770985596.755763425] [rtabmap]: rtabmap (283): Rate=1.00s, Limit=0.000s, Conversion=0.0005s, RTAB-Map=0.1373s, Maps update=0.0011s pub=0.0003s delay=0.3061s (local map=179, WM=179)
[INFO] [1770985597.744911197] [rtabmap]: rtabmap (284): Rate=1.00s, Limit=0.000s, Conversion=0.0005s, RTAB-Map=0.1295s, Maps update=0.0010s pub=0.0003s delay=0.2953s (local map=179, WM=179)
[INFO] [1770985598.852904764] [rtabmap]: rtabmap (285): Rate=1.00s, Limit=0.000s, Conversion=0.0003s, RTAB-Map=0.1225s, Maps update=0.0013s pub=0.0003s delay=0.3032s (local map=179, WM=179)
[INFO] [1770985599.858070217] [rtabmap]: rtabmap (286): Rate=1.00s, Limit=0.000s, Conversion=0.0003s, RTAB-Map=0.1213s, Maps update=0.0010s pub=0.0003s delay=0.3082s (local map=179, WM=179)
[INFO] [1770985600.953121699] [rtabmap]: rtabmap (287): Rate=1.00s, Limit=0.000s, Conversion=0.0003s, RTAB-Map=0.1255s, Maps update=0.0010s pub=0.0003s delay=0.3033s (local map=179, WM=179)
[INFO] [1770985602.061393132] [rtabmap]: rtabmap (288): Rate=1.00s, Limit=0.000s, Conversion=0.0003s, RTAB-Map=0.1315s, Maps update=0.0010s pub=0.0003s delay=0.3116s (local map=179, WM=179)
[INFO] [1770985603.163079438] [rtabmap]: rtabmap (289): Rate=1.00s, Limit=0.000s, Conversion=0.0007s, RTAB-Map=0.1291s, Maps update=0.0014s pub=0.0004s delay=0.3134s (local map=179, WM=179)
[INFO] [1770985604.258322414] [rtabmap]: rtabmap (290): Rate=1.00s, Limit=0.000s, Conversion=0.0003s, RTAB-Map=0.1264s, Maps update=0.0010s pub=0.0003s delay=0.3085s (local map=179, WM=179)
[INFO] [1770985605.365579956] [rtabmap]: rtabmap (291): Rate=1.00s, Limit=0.000s, Conversion=0.0005s, RTAB-Map=0.1261s, Maps update=0.0012s pub=0.0004s delay=0.3159s (local map=179, WM=179)
[INFO] [1770985606.448859121] [rtabmap]: rtabmap (292): Rate=1.00s, Limit=0.000s, Conversion=0.0003s, RTAB-Map=0.1212s, Maps update=0.0010s pub=0.0003s delay=0.2991s (local map=179, WM=179)
[INFO] [1770985607.556372160] [rtabmap]: rtabmap (293): Rate=1.00s, Limit=0.000s, Conversion=0.0005s, RTAB-Map=0.1271s, Maps update=0.0012s pub=0.0003s delay=0.3066s (local map=179, WM=179)
[INFO] [1770985608.649861923] [rtabmap]: rtabmap (294): Rate=1.00s, Limit=0.000s, Conversion=0.0003s, RTAB-Map=0.1223s, Maps update=0.0010s pub=0.0003s delay=0.3001s (local map=179, WM=179)
[INFO] [1770985609.662140617] [rtabmap]: rtabmap (295): Rate=1.00s, Limit=0.000s, Conversion=0.0003s, RTAB-Map=0.1267s, Maps update=0.0010s pub=0.0003s delay=0.3123s (local map=179, WM=179)
[INFO] [1770985610.756540940] [rtabmap]: rtabmap (296): Rate=1.00s, Limit=0.000s, Conversion=0.0003s, RTAB-Map=0.1248s, Maps update=0.0011s pub=0.0003s delay=0.3068s (local map=179, WM=179)
[INFO] [1770985611.749407018] [rtabmap]: rtabmap (297): Rate=1.00s, Limit=0.000s, Conversion=0.0004s, RTAB-Map=0.1229s, Maps update=0.0010s pub=0.0003s delay=0.2995s (local map=179, WM=179)
[INFO] [1770985612.871121130] [rtabmap]: rtabmap (298): Rate=1.00s, Limit=0.000s, Conversion=0.0004s, RTAB-Map=0.1373s, Maps update=0.0013s pub=0.0003s delay=0.3213s (local map=179, WM=179)
[INFO] [1770985613.858420965] [rtabmap]: rtabmap (299): Rate=1.00s, Limit=0.000s, Conversion=0.0004s, RTAB-Map=0.1337s, Maps update=0.0011s pub=0.0003s delay=0.3086s (local map=179, WM=179)
[INFO] [1770985614.956737777] [rtabmap]: rtabmap (300): Rate=1.00s, Limit=0.000s, Conversion=0.0004s, RTAB-Map=0.1280s, Maps update=0.0010s pub=0.0003s delay=0.3070s (local map=179, WM=179)
[INFO] [1770985615.965960332] [rtabmap]: rtabmap (301): Rate=1.00s, Limit=0.000s, Conversion=0.0004s, RTAB-Map=0.1319s, Maps update=0.0010s pub=0.0003s delay=0.3162s (local map=179, WM=179)
[INFO] [1770985616.963228452] [rtabmap]: rtabmap (302): Rate=1.00s, Limit=0.000s, Conversion=0.0005s, RTAB-Map=0.1356s, Maps update=0.0013s pub=0.0003s delay=0.3134s (local map=179, WM=179)
[INFO] [1770985617.947529750] [rtabmap]: rtabmap (303): Rate=1.00s, Limit=0.000s, Conversion=0.0004s, RTAB-Map=0.1294s, Maps update=0.0012s pub=0.0003s delay=0.2976s (local map=179, WM=179)
[INFO] [1770985619.048840203] [rtabmap]: rtabmap (304): Rate=1.00s, Limit=0.000s, Conversion=0.0004s, RTAB-Map=0.1238s, Maps update=0.0010s pub=0.0003s delay=0.2988s (local map=179, WM=179)
[INFO] [1770985620.164727327] [rtabmap]: rtabmap (305): Rate=1.00s, Limit=0.000s, Conversion=0.0004s, RTAB-Map=0.1310s, Maps update=0.0010s pub=0.0003s delay=0.3157s (local map=179, WM=179)
[INFO] [1770985621.149040850] [rtabmap]: rtabmap (306): Rate=1.00s, Limit=0.000s, Conversion=0.0004s, RTAB-Map=0.1274s, Maps update=0.0010s pub=0.0003s delay=0.2991s (local map=179, WM=179)
[INFO] [1770985622.166235908] [rtabmap]: rtabmap (307): Rate=1.00s, Limit=0.000s, Conversion=0.0005s, RTAB-Map=0.1347s, Maps update=0.0010s pub=0.0003s delay=0.3162s (local map=179, WM=179)
[INFO] [1770985623.257047145] [rtabmap]: rtabmap (308): Rate=1.00s, Limit=0.000s, Conversion=0.0003s, RTAB-Map=0.1256s, Maps update=0.0015s pub=0.0003s delay=0.3071s (local map=179, WM=179)
[INFO] [1770985624.362534033] [rtabmap]: rtabmap (309): Rate=1.00s, Limit=0.000s, Conversion=0.0005s, RTAB-Map=0.1304s, Maps update=0.0010s pub=0.0003s delay=0.3129s (local map=179, WM=179)
[INFO] [1770985625.349877933] [rtabmap]: rtabmap (310): Rate=1.00s, Limit=0.000s, Conversion=0.0003s, RTAB-Map=0.1252s, Maps update=0.0010s pub=0.0002s delay=0.2998s (local map=179, WM=179)
[INFO] [1770985626.448268348] [rtabmap]: rtabmap (311): Rate=1.00s, Limit=0.000s, Conversion=0.0003s, RTAB-Map=0.1249s, Maps update=0.0010s pub=0.0003s delay=0.2982s (local map=179, WM=179)
[INFO] [1770985627.557520583] [rtabmap]: rtabmap (312): Rate=1.00s, Limit=0.000s, Conversion=0.0004s, RTAB-Map=0.1267s, Maps update=0.0011s pub=0.0003s delay=0.3077s (local map=179, WM=179)
[INFO] [1770985628.553241001] [rtabmap]: rtabmap (313): Rate=1.00s, Limit=0.000s, Conversion=0.0004s, RTAB-Map=0.1245s, Maps update=0.0010s pub=0.0003s delay=0.3033s (local map=179, WM=179)
[INFO] [1770985629.651082565] [rtabmap]: rtabmap (314): Rate=1.00s, Limit=0.000s, Conversion=0.0003s, RTAB-Map=0.1252s, Maps update=0.0010s pub=0.0003s delay=0.3014s (local map=179, WM=179)
[INFO] [1770985630.647796746] [rtabmap]: rtabmap (315): Rate=1.00s, Limit=0.000s, Conversion=0.0004s, RTAB-Map=0.1208s, Maps update=0.0010s pub=0.0003s delay=0.2978s (local map=179, WM=179)
[INFO] [1770985631.749168417] [rtabmap]: rtabmap (316): Rate=1.00s, Limit=0.000s, Conversion=0.0004s, RTAB-Map=0.1213s, Maps update=0.0010s pub=0.0003s delay=0.2993s (local map=179, WM=179)
[INFO] [1770985632.748345628] [rtabmap]: rtabmap (317): Rate=1.00s, Limit=0.000s, Conversion=0.0003s, RTAB-Map=0.1327s, Maps update=0.0012s pub=0.0004s delay=0.2983s (local map=179, WM=179)
[INFO] [1770985633.850992148] [rtabmap]: rtabmap (318): Rate=1.00s, Limit=0.000s, Conversion=0.0003s, RTAB-Map=0.1229s, Maps update=0.0010s pub=0.0003s delay=0.3009s (local map=179, WM=179)
[INFO] [1770985634.849050845] [rtabmap]: rtabmap (319): Rate=1.00s, Limit=0.000s, Conversion=0.0003s, RTAB-Map=0.1255s, Maps update=0.0010s pub=0.0003s delay=0.2990s (local map=179, WM=179)
[INFO] [1770985635.957654166] [rtabmap]: rtabmap (320): Rate=1.00s, Limit=0.000s, Conversion=0.0004s, RTAB-Map=0.1241s, Maps update=0.0010s pub=0.0003s delay=0.3077s (local map=179, WM=179)
[INFO] [1770985636.961492296] [rtabmap]: rtabmap (321): Rate=1.00s, Limit=0.000s, Conversion=0.0005s, RTAB-Map=0.1283s, Maps update=0.0010s pub=0.0003s delay=0.3114s (local map=179, WM=179)
[INFO] [1770985638.050917284] [rtabmap]: rtabmap (322): Rate=1.00s, Limit=0.000s, Conversion=0.0005s, RTAB-Map=0.1239s, Maps update=0.0010s pub=0.0003s delay=0.3011s (local map=179, WM=179)
[INFO] [1770985639.051373376] [rtabmap]: rtabmap (323): Rate=1.00s, Limit=0.000s, Conversion=0.0004s, RTAB-Map=0.1350s, Maps update=0.0010s pub=0.0002s delay=0.3014s (local map=179, WM=179)
[INFO] [1770985640.057856750] [rtabmap]: rtabmap (324): Rate=1.00s, Limit=0.000s, Conversion=0.0007s, RTAB-Map=0.1279s, Maps update=0.0011s pub=0.0003s delay=0.3078s (local map=179, WM=179)
[INFO] [1770985641.146250470] [rtabmap]: rtabmap (325): Rate=1.00s, Limit=0.000s, Conversion=0.0005s, RTAB-Map=0.1275s, Maps update=0.0010s pub=0.0003s delay=0.2964s (local map=179, WM=179)
[INFO] [1770985642.155131944] [rtabmap]: rtabmap (326): Rate=1.00s, Limit=0.000s, Conversion=0.0009s, RTAB-Map=0.1287s, Maps update=0.0012s pub=0.0003s delay=0.3052s (local map=179, WM=179)
[INFO] [1770985643.256548166] [rtabmap]: rtabmap (327): Rate=1.00s, Limit=0.000s, Conversion=0.0003s, RTAB-Map=0.1262s, Maps update=0.0012s pub=0.0003s delay=0.3066s (local map=179, WM=179)
[INFO] [1770985644.272972367] [rtabmap]: rtabmap (328): Rate=1.00s, Limit=0.000s, Conversion=0.0005s, RTAB-Map=0.1382s, Maps update=0.0012s pub=0.0004s delay=0.3229s (local map=179, WM=179)
[INFO] [1770985645.357203254] [rtabmap]: rtabmap (329): Rate=1.00s, Limit=0.000s, Conversion=0.0004s, RTAB-Map=0.1254s, Maps update=0.0012s pub=0.0003s delay=0.3071s (local map=179, WM=179)
[INFO] [1770985646.447340715] [rtabmap]: rtabmap (330): Rate=1.00s, Limit=0.000s, Conversion=0.0005s, RTAB-Map=0.1227s, Maps update=0.0010s pub=0.0003s delay=0.2973s (local map=179, WM=179)
[INFO] [1770985647.455977317] [rtabmap]: rtabmap (331): Rate=1.00s, Limit=0.000s, Conversion=0.0003s, RTAB-Map=0.1305s, Maps update=0.0011s pub=0.0003s delay=0.3058s (local map=179, WM=179)
[INFO] [1770985648.549350155] [rtabmap]: rtabmap (332): Rate=1.00s, Limit=0.000s, Conversion=0.0003s, RTAB-Map=0.1300s, Maps update=0.0016s pub=0.0003s delay=0.2992s (local map=179, WM=179)
[INFO] [1770985649.554100220] [rtabmap]: rtabmap (333): Rate=1.00s, Limit=0.000s, Conversion=0.0004s, RTAB-Map=0.1213s, Maps update=0.0011s pub=0.0003s delay=0.3040s (local map=179, WM=179)
[INFO] [1770985650.648811409] [rtabmap]: rtabmap (334): Rate=1.00s, Limit=0.000s, Conversion=0.0006s, RTAB-Map=0.1229s, Maps update=0.0009s pub=0.0003s delay=0.2987s (local map=179, WM=179)
[INFO] [1770985651.757620625] [rtabmap]: rtabmap (335): Rate=1.00s, Limit=0.000s, Conversion=0.0003s, RTAB-Map=0.1322s, Maps update=0.0010s pub=0.0003s delay=0.3076s (local map=179, WM=179)
[INFO] [1770985652.752530124] [rtabmap]: rtabmap (336): Rate=1.00s, Limit=0.000s, Conversion=0.0003s, RTAB-Map=0.1216s, Maps update=0.0011s pub=0.0003s delay=0.3025s (local map=179, WM=179)
[INFO] [1770985653.847533674] [rtabmap]: rtabmap (337): Rate=1.00s, Limit=0.000s, Conversion=0.0003s, RTAB-Map=0.1265s, Maps update=0.0010s pub=0.0003s delay=0.2976s (local map=179, WM=179)
[INFO] [1770985654.856789273] [rtabmap]: rtabmap (338): Rate=1.00s, Limit=0.000s, Conversion=0.0004s, RTAB-Map=0.1248s, Maps update=0.0010s pub=0.0003s delay=0.3068s (local map=179, WM=179)
[INFO] [1770985655.847502337] [rtabmap]: rtabmap (339): Rate=1.00s, Limit=0.000s, Conversion=0.0004s, RTAB-Map=0.1236s, Maps update=0.0010s pub=0.0003s delay=0.2973s (local map=179, WM=179)
[INFO] [1770985656.958716662] [rtabmap]: rtabmap (340): Rate=1.00s, Limit=0.000s, Conversion=0.0003s, RTAB-Map=0.1358s, Maps update=0.0010s pub=0.0003s delay=0.3086s (local map=179, WM=179)
[INFO] [1770985657.952951864] [rtabmap]: rtabmap (341): Rate=1.00s, Limit=0.000s, Conversion=0.0006s, RTAB-Map=0.1277s, Maps update=0.0010s pub=0.0003s delay=0.3029s (local map=179, WM=179)
[INFO] [1770985658.941004292] [rtabmap]: rtabmap (342): Rate=1.00s, Limit=0.000s, Conversion=0.0003s, RTAB-Map=0.1202s, Maps update=0.0010s pub=0.0003s delay=0.2909s (local map=179, WM=179)
[INFO] [1770985660.059552568] [rtabmap]: rtabmap (343): Rate=1.00s, Limit=0.000s, Conversion=0.0005s, RTAB-Map=0.1317s, Maps update=0.0011s pub=0.0003s delay=0.3094s (local map=179, WM=179)
[INFO] [1770985661.051083164] [rtabmap]: rtabmap (344): Rate=1.00s, Limit=0.000s, Conversion=0.0004s, RTAB-Map=0.1252s, Maps update=0.0010s pub=0.0003s delay=0.3009s (local map=179, WM=179)
[INFO] [1770985662.067610249] [rtabmap]: rtabmap (345): Rate=1.00s, Limit=0.000s, Conversion=0.0003s, RTAB-Map=0.1379s, Maps update=0.0010s pub=0.0003s delay=0.3174s (local map=179, WM=179)
[INFO] [1770985663.143271141] [rtabmap]: rtabmap (346): Rate=1.00s, Limit=0.000s, Conversion=0.0003s, RTAB-Map=0.1223s, Maps update=0.0010s pub=0.0003s delay=0.2932s (local map=179, WM=179)
[INFO] [1770985664.262077794] [rtabmap]: rtabmap (347): Rate=1.00s, Limit=0.000s, Conversion=0.0008s, RTAB-Map=0.1359s, Maps update=0.0010s pub=0.0003s delay=0.3120s (local map=179, WM=179)
[INFO] [1770985665.251154449] [rtabmap]: rtabmap (348): Rate=1.00s, Limit=0.000s, Conversion=0.0003s, RTAB-Map=0.1330s, Maps update=0.0010s pub=0.0003s delay=0.3009s (local map=179, WM=179)
[INFO] [1770985666.348710665] [rtabmap]: rtabmap (349): Rate=1.00s, Limit=0.000s, Conversion=0.0004s, RTAB-Map=0.1259s, Maps update=0.0010s pub=0.0003s delay=0.2997s (local map=179, WM=179)
[INFO] [1770985667.360806011] [rtabmap]: rtabmap (350): Rate=1.00s, Limit=0.000s, Conversion=0.0004s, RTAB-Map=0.1304s, Maps update=0.0010s pub=0.0003s delay=0.3106s (local map=179, WM=179)
[INFO] [1770985668.454773589] [rtabmap]: rtabmap (351): Rate=1.00s, Limit=0.000s, Conversion=0.0005s, RTAB-Map=0.1301s, Maps update=0.0016s pub=0.0003s delay=0.3056s (local map=179, WM=179)
[INFO] [1770985669.450297797] [rtabmap]: rtabmap (352): Rate=1.00s, Limit=0.000s, Conversion=0.0003s, RTAB-Map=0.1225s, Maps update=0.0010s pub=0.0003s delay=0.3002s (local map=179, WM=179)
[INFO] [1770985670.450495576] [rtabmap]: rtabmap (353): Rate=1.00s, Limit=0.000s, Conversion=0.0004s, RTAB-Map=0.1250s, Maps update=0.0009s pub=0.0003s delay=0.3003s (local map=179, WM=179)
[INFO] [1770985671.557237424] [rtabmap]: rtabmap (354): Rate=1.00s, Limit=0.000s, Conversion=0.0003s, RTAB-Map=0.1222s, Maps update=0.0010s pub=0.0003s delay=0.3070s (local map=179, WM=179)
[INFO] [1770985672.670020380] [rtabmap]: rtabmap (355): Rate=1.00s, Limit=0.000s, Conversion=0.0005s, RTAB-Map=0.1378s, Maps update=0.0010s pub=0.0003s delay=0.3200s (local map=179, WM=179)
[INFO] [1770985673.745820956] [rtabmap]: rtabmap (356): Rate=1.00s, Limit=0.000s, Conversion=0.0005s, RTAB-Map=0.1232s, Maps update=0.0010s pub=0.0002s delay=0.2955s (local map=179, WM=179)
[INFO] [1770985674.853229516] [rtabmap]: rtabmap (357): Rate=1.00s, Limit=0.000s, Conversion=0.0005s, RTAB-Map=0.1282s, Maps update=0.0010s pub=0.0003s delay=0.3029s (local map=179, WM=179)
[INFO] [1770985675.852384602] [rtabmap]: rtabmap (358): Rate=1.00s, Limit=0.000s, Conversion=0.0003s, RTAB-Map=0.1248s, Maps update=0.0010s pub=0.0003s delay=0.3020s (local map=179, WM=179)
[INFO] [1770985676.966033988] [rtabmap]: rtabmap (359): Rate=1.00s, Limit=0.000s, Conversion=0.0004s, RTAB-Map=0.1411s, Maps update=0.0012s pub=0.0003s delay=0.3157s (local map=179, WM=179)
[INFO] [1770985678.060835388] [rtabmap]: rtabmap (360): Rate=1.00s, Limit=0.000s, Conversion=0.0003s, RTAB-Map=0.1345s, Maps update=0.0010s pub=0.0003s delay=0.3106s (local map=179, WM=179)
[INFO] [1770985679.059983850] [rtabmap]: rtabmap (361): Rate=1.00s, Limit=0.000s, Conversion=0.0003s, RTAB-Map=0.1372s, Maps update=0.0012s pub=0.0003s delay=0.3097s (local map=179, WM=179)
[INFO] [1770985680.148842386] [rtabmap]: rtabmap (362): Rate=1.00s, Limit=0.000s, Conversion=0.0004s, RTAB-Map=0.1275s, Maps update=0.0010s pub=0.0003s delay=0.2985s (local map=179, WM=179)
[INFO] [1770985681.163397242] [rtabmap]: rtabmap (363): Rate=1.00s, Limit=0.000s, Conversion=0.0005s, RTAB-Map=0.1321s, Maps update=0.0013s pub=0.0003s delay=0.3130s (local map=179, WM=179)
[INFO] [1770985682.254624853] [rtabmap]: rtabmap (364): Rate=1.00s, Limit=0.000s, Conversion=0.0004s, RTAB-Map=0.1272s, Maps update=0.0010s pub=0.0003s delay=0.3045s (local map=179, WM=179)
[INFO] [1770985683.356800622] [rtabmap]: rtabmap (365): Rate=1.00s, Limit=0.000s, Conversion=0.0005s, RTAB-Map=0.1270s, Maps update=0.0012s pub=0.0003s delay=0.3076s (local map=179, WM=179)
[INFO] [1770985684.352377024] [rtabmap]: rtabmap (366): Rate=1.00s, Limit=0.000s, Conversion=0.0003s, RTAB-Map=0.1182s, Maps update=0.0010s pub=0.0003s delay=0.3021s (local map=179, WM=179)
[INFO] [1770985685.347328507] [rtabmap]: rtabmap (367): Rate=1.00s, Limit=0.000s, Conversion=0.0005s, RTAB-Map=0.1247s, Maps update=0.0010s pub=0.0003s delay=0.2971s (local map=179, WM=179)
[INFO] [1770985686.449833696] [rtabmap]: rtabmap (368): Rate=1.00s, Limit=0.000s, Conversion=0.0004s, RTAB-Map=0.1287s, Maps update=0.0011s pub=0.0003s delay=0.3007s (local map=179, WM=179)
[INFO] [1770985687.470711620] [rtabmap]: rtabmap (369): Rate=1.00s, Limit=0.000s, Conversion=0.0004s, RTAB-Map=0.1392s, Maps update=0.0013s pub=0.0004s delay=0.3204s (local map=179, WM=179)
[INFO] [1770985688.559327076] [rtabmap]: rtabmap (370): Rate=1.00s, Limit=0.000s, Conversion=0.0005s, RTAB-Map=0.1305s, Maps update=0.0011s pub=0.0003s delay=0.3100s (local map=179, WM=179)
[INFO] [1770985689.653131289] [rtabmap]: rtabmap (371): Rate=1.00s, Limit=0.000s, Conversion=0.0005s, RTAB-Map=0.1257s, Maps update=0.0010s pub=0.0003s delay=0.3026s (local map=179, WM=179)
[INFO] [1770985690.735035983] [rtabmap]: rtabmap (372): Rate=1.00s, Limit=0.000s, Conversion=0.0003s, RTAB-Map=0.1178s, Maps update=0.0010s pub=0.0003s delay=0.2857s (local map=179, WM=179)
[INFO] [1770985691.761544824] [rtabmap]: rtabmap (373): Rate=1.00s, Limit=0.000s, Conversion=0.0004s, RTAB-Map=0.1305s, Maps update=0.0010s pub=0.0003s delay=0.3112s (local map=179, WM=179)
[INFO] [1770985692.750121749] [rtabmap]: rtabmap (374): Rate=1.00s, Limit=0.000s, Conversion=0.0007s, RTAB-Map=0.1312s, Maps update=0.0010s pub=0.0003s delay=0.2998s (local map=179, WM=179)
[INFO] [1770985693.760826167] [rtabmap]: rtabmap (375): Rate=1.00s, Limit=0.000s, Conversion=0.0105s, RTAB-Map=0.1235s, Maps update=0.0010s pub=0.0003s delay=0.3104s (local map=179, WM=179)
[INFO] [1770985694.849401653] [rtabmap]: rtabmap (376): Rate=1.00s, Limit=0.000s, Conversion=0.0005s, RTAB-Map=0.1281s, Maps update=0.0010s pub=0.0003s delay=0.2992s (local map=179, WM=179)
[INFO] [1770985695.847047151] [rtabmap]: rtabmap (377): Rate=1.00s, Limit=0.000s, Conversion=0.0008s, RTAB-Map=0.1168s, Maps update=0.0010s pub=0.0003s delay=0.2967s (local map=179, WM=179)
[INFO] [1770985696.858283011] [rtabmap]: rtabmap (378): Rate=1.00s, Limit=0.000s, Conversion=0.0003s, RTAB-Map=0.1265s, Maps update=0.0010s pub=0.0003s delay=0.3078s (local map=179, WM=179)
[INFO] [1770985697.952729059] [rtabmap]: rtabmap (379): Rate=1.00s, Limit=0.000s, Conversion=0.0005s, RTAB-Map=0.1274s, Maps update=0.0010s pub=0.0003s delay=0.3023s (local map=179, WM=179)
[INFO] [1770985699.045133682] [rtabmap]: rtabmap (380): Rate=1.00s, Limit=0.000s, Conversion=0.0004s, RTAB-Map=0.1297s, Maps update=0.0011s pub=0.0003s delay=0.2947s (local map=179, WM=179)
[INFO] [1770985700.154689335] [rtabmap]: rtabmap (381): Rate=1.00s, Limit=0.000s, Conversion=0.0005s, RTAB-Map=0.1268s, Maps update=0.0011s pub=0.0003s delay=0.3043s (local map=179, WM=179)
[INFO] [1770985701.153118771] [rtabmap]: rtabmap (382): Rate=1.00s, Limit=0.000s, Conversion=0.0005s, RTAB-Map=0.1232s, Maps update=0.0010s pub=0.0003s delay=0.3027s (local map=179, WM=179)
[INFO] [1770985702.263732798] [rtabmap]: rtabmap (383): Rate=1.00s, Limit=0.000s, Conversion=0.0006s, RTAB-Map=0.1343s, Maps update=0.0013s pub=0.0003s delay=0.3146s (local map=179, WM=179)
[INFO] [1770985703.253041915] [rtabmap]: rtabmap (384): Rate=1.00s, Limit=0.000s, Conversion=0.0009s, RTAB-Map=0.1224s, Maps update=0.0010s pub=0.0003s delay=0.3027s (local map=179, WM=179)
[INFO] [1770985704.246954234] [rtabmap]: rtabmap (385): Rate=1.00s, Limit=0.000s, Conversion=0.0003s, RTAB-Map=0.1212s, Maps update=0.0010s pub=0.0003s delay=0.2965s (local map=179, WM=179)
[INFO] [1770985705.369913492] [rtabmap]: rtabmap (386): Rate=1.00s, Limit=0.000s, Conversion=0.0005s, RTAB-Map=0.1363s, Maps update=0.0010s pub=0.0003s delay=0.3195s (local map=179, WM=179)
[INFO] [1770985706.363193628] [rtabmap]: rtabmap (387): Rate=1.00s, Limit=0.000s, Conversion=0.0005s, RTAB-Map=0.1368s, Maps update=0.0011s pub=0.0003s delay=0.3127s (local map=179, WM=179)
[INFO] [1770985707.475041841] [rtabmap]: rtabmap (388): Rate=1.00s, Limit=0.000s, Conversion=0.0005s, RTAB-Map=0.1409s, Maps update=0.0010s pub=0.0003s delay=0.3247s (local map=179, WM=179)
[INFO] [1770985708.554370807] [rtabmap]: rtabmap (389): Rate=1.00s, Limit=0.000s, Conversion=0.0006s, RTAB-Map=0.1257s, Maps update=0.0010s pub=0.0003s delay=0.3051s (local map=179, WM=179)
[INFO] [1770985709.649023892] [rtabmap]: rtabmap (390): Rate=1.00s, Limit=0.000s, Conversion=0.0004s, RTAB-Map=0.1235s, Maps update=0.0010s pub=0.0003s delay=0.2996s (local map=179, WM=179)
[INFO] [1770985710.649183437] [rtabmap]: rtabmap (391): Rate=1.00s, Limit=0.000s, Conversion=0.0005s, RTAB-Map=0.1230s, Maps update=0.0010s pub=0.0003s delay=0.2986s (local map=179, WM=179)
[INFO] [1770985711.753230450] [rtabmap]: rtabmap (392): Rate=1.00s, Limit=0.000s, Conversion=0.0004s, RTAB-Map=0.1265s, Maps update=0.0010s pub=0.0003s delay=0.3028s (local map=179, WM=179)
[INFO] [1770985712.860053976] [rtabmap]: rtabmap (393): Rate=1.00s, Limit=0.000s, Conversion=0.0005s, RTAB-Map=0.1243s, Maps update=0.0010s pub=0.0003s delay=0.3097s (local map=179, WM=179)
[INFO] [1770985713.959731717] [rtabmap]: rtabmap (394): Rate=1.00s, Limit=0.000s, Conversion=0.0005s, RTAB-Map=0.1313s, Maps update=0.0012s pub=0.0003s delay=0.3107s (local map=179, WM=179)
[INFO] [1770985715.054944566] [rtabmap]: rtabmap (395): Rate=1.00s, Limit=0.000s, Conversion=0.0003s, RTAB-Map=0.1250s, Maps update=0.0011s pub=0.0003s delay=0.3057s (local map=179, WM=179)
[INFO] [1770985716.049679921] [rtabmap]: rtabmap (396): Rate=1.00s, Limit=0.000s, Conversion=0.0006s, RTAB-Map=0.1253s, Maps update=0.0010s pub=0.0003s delay=0.3004s (local map=179, WM=179)
[INFO] [1770985717.154083010] [rtabmap]: rtabmap (397): Rate=1.00s, Limit=0.000s, Conversion=0.0005s, RTAB-Map=0.1273s, Maps update=0.0012s pub=0.0003s delay=0.3036s (local map=179, WM=179)
[INFO] [1770985718.257744506] [rtabmap]: rtabmap (398): Rate=1.00s, Limit=0.000s, Conversion=0.0003s, RTAB-Map=0.1287s, Maps update=0.0010s pub=0.0003s delay=0.3072s (local map=179, WM=179)
[INFO] [1770985719.362689247] [rtabmap]: rtabmap (399): Rate=1.00s, Limit=0.000s, Conversion=0.0004s, RTAB-Map=0.1358s, Maps update=0.0012s pub=0.0003s delay=0.3122s (local map=179, WM=179)
[INFO] [1770985720.455956940] [rtabmap]: rtabmap (400): Rate=1.00s, Limit=0.000s, Conversion=0.0005s, RTAB-Map=0.1245s, Maps update=0.0012s pub=0.0003s delay=0.3066s (local map=179, WM=179)
[INFO] [1770985721.465577486] [rtabmap]: rtabmap (401): Rate=1.00s, Limit=0.000s, Conversion=0.0004s, RTAB-Map=0.1308s, Maps update=0.0010s pub=0.0003s delay=0.3162s (local map=179, WM=179)
[INFO] [1770985722.558998337] [rtabmap]: rtabmap (402): Rate=1.00s, Limit=0.000s, Conversion=0.0004s, RTAB-Map=0.1328s, Maps update=0.0010s pub=0.0003s delay=0.3095s (local map=179, WM=179)
[INFO] [1770985723.661101602] [rtabmap]: rtabmap (403): Rate=1.00s, Limit=0.000s, Conversion=0.0003s, RTAB-Map=0.1278s, Maps update=0.0011s pub=0.0003s delay=0.3118s (local map=179, WM=179)
[INFO] [1770985724.674978010] [rtabmap]: rtabmap (404): Rate=1.00s, Limit=0.000s, Conversion=0.0003s, RTAB-Map=0.1365s, Maps update=0.0010s pub=0.0003s delay=0.3255s (local map=179, WM=179)
[INFO] [1770985725.655387680] [rtabmap]: rtabmap (405): Rate=1.00s, Limit=0.000s, Conversion=0.0004s, RTAB-Map=0.1338s, Maps update=0.0012s pub=0.0003s delay=0.3058s (local map=179, WM=179)
[INFO] [1770985726.749846550] [rtabmap]: rtabmap (406): Rate=1.00s, Limit=0.000s, Conversion=0.0004s, RTAB-Map=0.1234s, Maps update=0.0010s pub=0.0003s delay=0.3008s (local map=179, WM=179)
[INFO] [1770985727.763577481] [rtabmap]: rtabmap (407): Rate=1.00s, Limit=0.000s, Conversion=0.0003s, RTAB-Map=0.1342s, Maps update=0.0014s pub=0.0004s delay=0.3145s (local map=179, WM=179)
[INFO] [1770985728.742631296] [rtabmap]: rtabmap (408): Rate=1.00s, Limit=0.000s, Conversion=0.0003s, RTAB-Map=0.1220s, Maps update=0.0010s pub=0.0003s delay=0.2933s (local map=179, WM=179)
[INFO] [1770985729.855823429] [rtabmap]: rtabmap (409): Rate=1.00s, Limit=0.000s, Conversion=0.0008s, RTAB-Map=0.1260s, Maps update=0.0012s pub=0.0003s delay=0.3068s (local map=179, WM=179)
[INFO] [1770985730.855057629] [rtabmap]: rtabmap (410): Rate=1.00s, Limit=0.000s, Conversion=0.0003s, RTAB-Map=0.1251s, Maps update=0.0011s pub=0.0003s delay=0.3057s (local map=179, WM=179)
[INFO] [1770985731.952001002] [rtabmap]: rtabmap (411): Rate=1.00s, Limit=0.000s, Conversion=0.0005s, RTAB-Map=0.1227s, Maps update=0.0011s pub=0.0003s delay=0.3030s (local map=179, WM=179)
[INFO] [1770985732.955749216] [rtabmap]: rtabmap (412): Rate=1.00s, Limit=0.000s, Conversion=0.0006s, RTAB-Map=0.1317s, Maps update=0.0020s pub=0.0003s delay=0.3064s (local map=179, WM=179)
[INFO] [1770985733.948116360] [rtabmap]: rtabmap (413): Rate=1.00s, Limit=0.000s, Conversion=0.0005s, RTAB-Map=0.1232s, Maps update=0.0012s pub=0.0003s delay=0.2987s (local map=179, WM=179)
[INFO] [1770985734.948051993] [rtabmap]: rtabmap (414): Rate=1.00s, Limit=0.000s, Conversion=0.0005s, RTAB-Map=0.1225s, Maps update=0.0010s pub=0.0003s delay=0.2986s (local map=179, WM=179)
[INFO] [1770985736.060590662] [rtabmap]: rtabmap (415): Rate=1.00s, Limit=0.000s, Conversion=0.0003s, RTAB-Map=0.1360s, Maps update=0.0010s pub=0.0003s delay=0.3115s (local map=179, WM=179)
[INFO] [1770985737.157867391] [rtabmap]: rtabmap (416): Rate=1.00s, Limit=0.000s, Conversion=0.0004s, RTAB-Map=0.1287s, Maps update=0.0010s pub=0.0003s delay=0.3089s (local map=179, WM=179)
[INFO] [1770985738.164383766] [rtabmap]: rtabmap (417): Rate=1.00s, Limit=0.000s, Conversion=0.0004s, RTAB-Map=0.1337s, Maps update=0.0012s pub=0.0003s delay=0.3154s (local map=179, WM=179)
[INFO] [1770985739.157688479] [rtabmap]: rtabmap (418): Rate=1.00s, Limit=0.000s, Conversion=0.0003s, RTAB-Map=0.1305s, Maps update=0.0013s pub=0.0003s delay=0.3082s (local map=179, WM=179)
[INFO] [1770985740.253918387] [rtabmap]: rtabmap (419): Rate=1.00s, Limit=0.000s, Conversion=0.0005s, RTAB-Map=0.1280s, Maps update=0.0012s pub=0.0003s delay=0.3049s (local map=179, WM=179)
[INFO] [1770985741.261647732] [rtabmap]: rtabmap (420): Rate=1.00s, Limit=0.000s, Conversion=0.0003s, RTAB-Map=0.1316s, Maps update=0.0010s pub=0.0003s delay=0.3126s (local map=179, WM=179)
[INFO] [1770985742.353184548] [rtabmap]: rtabmap (421): Rate=1.00s, Limit=0.000s, Conversion=0.0004s, RTAB-Map=0.1263s, Maps update=0.0010s pub=0.0003s delay=0.3040s (local map=179, WM=179)
[INFO] [1770985743.457697274] [rtabmap]: rtabmap (422): Rate=1.00s, Limit=0.000s, Conversion=0.0005s, RTAB-Map=0.1238s, Maps update=0.0012s pub=0.0003s delay=0.3087s (local map=179, WM=179)
[INFO] [1770985744.446702604] [rtabmap]: rtabmap (423): Rate=1.00s, Limit=0.000s, Conversion=0.0003s, RTAB-Map=0.1216s, Maps update=0.0010s pub=0.0003s delay=0.2976s (local map=179, WM=179)
[INFO] [1770985745.451484326] [rtabmap]: rtabmap (424): Rate=1.00s, Limit=0.000s, Conversion=0.0005s, RTAB-Map=0.1284s, Maps update=0.0010s pub=0.0003s delay=0.3023s (local map=179, WM=179)
[INFO] [1770985746.561943723] [rtabmap]: rtabmap (425): Rate=1.00s, Limit=0.000s, Conversion=0.0004s, RTAB-Map=0.1361s, Maps update=0.0010s pub=0.0003s delay=0.3130s (local map=179, WM=179)
[INFO] [1770985747.554386038] [rtabmap]: rtabmap (426): Rate=1.00s, Limit=0.000s, Conversion=0.0005s, RTAB-Map=0.1267s, Maps update=0.0010s pub=0.0003s delay=0.3053s (local map=179, WM=179)
[INFO] [1770985748.554668467] [rtabmap]: rtabmap (427): Rate=1.00s, Limit=0.000s, Conversion=0.0009s, RTAB-Map=0.1313s, Maps update=0.0012s pub=0.0003s delay=0.3051s (local map=179, WM=179)
[INFO] [1770985749.647563635] [rtabmap]: rtabmap (428): Rate=1.00s, Limit=0.000s, Conversion=0.0003s, RTAB-Map=0.1257s, Maps update=0.0010s pub=0.0003s delay=0.2985s (local map=179, WM=179)
[INFO] [1770985750.654579163] [rtabmap]: rtabmap (429): Rate=1.00s, Limit=0.000s, Conversion=0.0003s, RTAB-Map=0.1270s, Maps update=0.0022s pub=0.0004s delay=0.3048s (local map=179, WM=179)
[INFO] [1770985751.760957617] [rtabmap]: rtabmap (430): Rate=1.00s, Limit=0.000s, Conversion=0.0004s, RTAB-Map=0.1289s, Maps update=0.0010s pub=0.0003s delay=0.3119s (local map=179, WM=179)
[INFO] [1770985752.855473994] [rtabmap]: rtabmap (431): Rate=1.00s, Limit=0.000s, Conversion=0.0005s, RTAB-Map=0.1334s, Maps update=0.0011s pub=0.0003s delay=0.3059s (local map=179, WM=179)
[INFO] [1770985753.947558285] [rtabmap]: rtabmap (432): Rate=1.00s, Limit=0.000s, Conversion=0.0006s, RTAB-Map=0.1230s, Maps update=0.0012s pub=0.0003s delay=0.2985s (local map=179, WM=179)
[INFO] [1770985755.051203844] [rtabmap]: rtabmap (433): Rate=1.00s, Limit=0.000s, Conversion=0.0005s, RTAB-Map=0.1218s, Maps update=0.0010s pub=0.0003s delay=0.3022s (local map=179, WM=179)
[INFO] [1770985756.057413840] [rtabmap]: rtabmap (434): Rate=1.00s, Limit=0.000s, Conversion=0.0003s, RTAB-Map=0.1281s, Maps update=0.0010s pub=0.0003s delay=0.3083s (local map=179, WM=179)
[INFO] [1770985757.149686650] [rtabmap]: rtabmap (435): Rate=1.00s, Limit=0.000s, Conversion=0.0005s, RTAB-Map=0.1283s, Maps update=0.0010s pub=0.0003s delay=0.3007s (local map=179, WM=179)
[INFO] [1770985758.160196636] [rtabmap]: rtabmap (436): Rate=1.00s, Limit=0.000s, Conversion=0.0003s, RTAB-Map=0.1351s, Maps update=0.0010s pub=0.0003s delay=0.3112s (local map=179, WM=179)
[INFO] [1770985759.160521274] [rtabmap]: rtabmap (437): Rate=1.00s, Limit=0.000s, Conversion=0.0005s, RTAB-Map=0.1321s, Maps update=0.0020s pub=0.0003s delay=0.3114s (local map=179, WM=179)
[INFO] [1770985760.244045843] [rtabmap]: rtabmap (438): Rate=1.00s, Limit=0.000s, Conversion=0.0003s, RTAB-Map=0.1186s, Maps update=0.0010s pub=0.0003s delay=0.2952s (local map=179, WM=179)
[INFO] [1770985761.246663361] [rtabmap]: rtabmap (439): Rate=1.00s, Limit=0.000s, Conversion=0.0004s, RTAB-Map=0.1245s, Maps update=0.0010s pub=0.0003s delay=0.2976s (local map=179, WM=179)
[INFO] [1770985762.360420709] [rtabmap]: rtabmap (440): Rate=1.00s, Limit=0.000s, Conversion=0.0004s, RTAB-Map=0.1317s, Maps update=0.0033s pub=0.0003s delay=0.3113s (local map=179, WM=179)
[INFO] [1770985763.451039871] [rtabmap]: rtabmap (441): Rate=1.00s, Limit=0.000s, Conversion=0.0006s, RTAB-Map=0.1213s, Maps update=0.0010s pub=0.0003s delay=0.3019s (local map=179, WM=179)
[INFO] [1770985764.542873380] [rtabmap]: rtabmap (442): Rate=1.00s, Limit=0.000s, Conversion=0.0004s, RTAB-Map=0.1181s, Maps update=0.0009s pub=0.0003s delay=0.2933s (local map=179, WM=179)
[INFO] [1770985765.649470737] [rtabmap]: rtabmap (443): Rate=1.00s, Limit=0.000s, Conversion=0.0004s, RTAB-Map=0.1310s, Maps update=0.0010s pub=0.0003s delay=0.3005s (local map=179, WM=179)
[INFO] [1770985766.655231104] [rtabmap]: rtabmap (444): Rate=1.00s, Limit=0.000s, Conversion=0.0005s, RTAB-Map=0.1298s, Maps update=0.0010s pub=0.0003s delay=0.3062s (local map=179, WM=179)
[INFO] [1770985767.654275235] [rtabmap]: rtabmap (445): Rate=1.00s, Limit=0.000s, Conversion=0.0005s, RTAB-Map=0.1304s, Maps update=0.0012s pub=0.0003s delay=0.3053s (local map=179, WM=179)
[INFO] [1770985768.654542448] [rtabmap]: rtabmap (446): Rate=1.00s, Limit=0.000s, Conversion=0.0003s, RTAB-Map=0.1222s, Maps update=0.0016s pub=0.0004s delay=0.3049s (local map=179, WM=179)
[INFO] [1770985769.646455128] [rtabmap]: rtabmap (447): Rate=1.00s, Limit=0.000s, Conversion=0.0008s, RTAB-Map=0.1317s, Maps update=0.0010s pub=0.0003s delay=0.2968s (local map=179, WM=179)
[INFO] [1770985770.751354185] [rtabmap]: rtabmap (448): Rate=1.00s, Limit=0.000s, Conversion=0.0004s, RTAB-Map=0.1268s, Maps update=0.0010s pub=0.0003s delay=0.3023s (local map=179, WM=179)
[INFO] [1770985771.755611907] [rtabmap]: rtabmap (449): Rate=1.00s, Limit=0.000s, Conversion=0.0006s, RTAB-Map=0.1298s, Maps update=0.0014s pub=0.0003s delay=0.3066s (local map=179, WM=179)
[INFO] [1770985772.756704781] [rtabmap]: rtabmap (450): Rate=1.00s, Limit=0.000s, Conversion=0.0004s, RTAB-Map=0.1264s, Maps update=0.0011s pub=0.0003s delay=0.3076s (local map=179, WM=179)
[INFO] [1770985773.852118897] [rtabmap]: rtabmap (451): Rate=1.00s, Limit=0.000s, Conversion=0.0004s, RTAB-Map=0.1216s, Maps update=0.0010s pub=0.0003s delay=0.3031s (local map=179, WM=179)
[INFO] [1770985774.845758741] [rtabmap]: rtabmap (452): Rate=1.00s, Limit=0.000s, Conversion=0.0006s, RTAB-Map=0.1240s, Maps update=0.0020s pub=0.0003s delay=0.2966s (local map=179, WM=179)
[INFO] [1770985775.960630629] [rtabmap]: rtabmap (453): Rate=1.00s, Limit=0.000s, Conversion=0.0006s, RTAB-Map=0.1325s, Maps update=0.0012s pub=0.0003s delay=0.3117s (local map=179, WM=179)
[INFO] [1770985776.946027143] [rtabmap]: rtabmap (454): Rate=1.00s, Limit=0.000s, Conversion=0.0003s, RTAB-Map=0.1273s, Maps update=0.0010s pub=0.0003s delay=0.2970s (local map=179, WM=179)
[INFO] [1770985777.956570078] [rtabmap]: rtabmap (455): Rate=1.00s, Limit=0.000s, Conversion=0.0005s, RTAB-Map=0.1246s, Maps update=0.0011s pub=0.0003s delay=0.3074s (local map=179, WM=179)
[INFO] [1770985779.051311050] [rtabmap]: rtabmap (456): Rate=1.00s, Limit=0.000s, Conversion=0.0003s, RTAB-Map=0.1251s, Maps update=0.0011s pub=0.0003s delay=0.3022s (local map=179, WM=179)
[INFO] [1770985780.145837230] [rtabmap]: rtabmap (457): Rate=1.00s, Limit=0.000s, Conversion=0.0004s, RTAB-Map=0.1274s, Maps update=0.0009s pub=0.0003s delay=0.2968s (local map=179, WM=179)
[INFO] [1770985781.261498170] [rtabmap]: rtabmap (458): Rate=1.00s, Limit=0.000s, Conversion=0.0003s, RTAB-Map=0.1264s, Maps update=0.0010s pub=0.0003s delay=0.3124s (local map=179, WM=179)
[INFO] [1770985782.356095072] [rtabmap]: rtabmap (459): Rate=1.00s, Limit=0.000s, Conversion=0.0005s, RTAB-Map=0.1262s, Maps update=0.0011s pub=0.0003s delay=0.3071s (local map=179, WM=179)
[INFO] [1770985783.350418780] [rtabmap]: rtabmap (460): Rate=1.00s, Limit=0.000s, Conversion=0.0005s, RTAB-Map=0.1273s, Maps update=0.0010s pub=0.0003s delay=0.3012s (local map=179, WM=179)
[INFO] [1770985784.463700821] [rtabmap]: rtabmap (461): Rate=1.00s, Limit=0.000s, Conversion=0.0007s, RTAB-Map=0.1334s, Maps update=0.0013s pub=0.0003s delay=0.3146s (local map=179, WM=179)
[INFO] [1770985785.560149532] [rtabmap]: rtabmap (462): Rate=1.00s, Limit=0.000s, Conversion=0.0003s, RTAB-Map=0.1284s, Maps update=0.0010s pub=0.0003s delay=0.3110s (local map=179, WM=179)
[INFO] [1770985786.655260629] [rtabmap]: rtabmap (463): Rate=1.00s, Limit=0.000s, Conversion=0.0005s, RTAB-Map=0.1217s, Maps update=0.0011s pub=0.0003s delay=0.3062s (local map=179, WM=179)
[INFO] [1770985787.664068559] [rtabmap]: rtabmap (464): Rate=1.00s, Limit=0.000s, Conversion=0.0004s, RTAB-Map=0.1327s, Maps update=0.0011s pub=0.0003s delay=0.3149s (local map=179, WM=179)
[INFO] [1770985788.748382667] [rtabmap]: rtabmap (465): Rate=1.00s, Limit=0.000s, Conversion=0.0006s, RTAB-Map=0.1239s, Maps update=0.0010s pub=0.0003s delay=0.2991s (local map=179, WM=179)
[INFO] [1770985789.846898940] [rtabmap]: rtabmap (466): Rate=1.00s, Limit=0.000s, Conversion=0.0004s, RTAB-Map=0.1288s, Maps update=0.0012s pub=0.0004s delay=0.2977s (local map=179, WM=179)
[INFO] [1770985790.860547424] [rtabmap]: rtabmap (467): Rate=1.00s, Limit=0.000s, Conversion=0.0005s, RTAB-Map=0.1250s, Maps update=0.0010s pub=0.0003s delay=0.3113s (local map=179, WM=179)
[INFO] [1770985791.955156999] [rtabmap]: rtabmap (468): Rate=1.00s, Limit=0.000s, Conversion=0.0004s, RTAB-Map=0.1344s, Maps update=0.0014s pub=0.0004s delay=0.3060s (local map=179, WM=179)
[INFO] [1770985792.962698997] [rtabmap]: rtabmap (469): Rate=1.00s, Limit=0.000s, Conversion=0.0005s, RTAB-Map=0.1308s, Maps update=0.0010s pub=0.0003s delay=0.3134s (local map=179, WM=179)
[INFO] [1770985794.042797181] [rtabmap]: rtabmap (470): Rate=1.00s, Limit=0.000s, Conversion=0.0008s, RTAB-Map=0.1224s, Maps update=0.0012s pub=0.0003s delay=0.2935s (local map=179, WM=179)
[INFO] [1770985795.159648979] [rtabmap]: rtabmap (471): Rate=1.00s, Limit=0.000s, Conversion=0.0004s, RTAB-Map=0.1282s, Maps update=0.0012s pub=0.0003s delay=0.3105s (local map=179, WM=179)
[INFO] [1770985796.256676751] [rtabmap]: rtabmap (472): Rate=1.00s, Limit=0.000s, Conversion=0.0004s, RTAB-Map=0.1273s, Maps update=0.0010s pub=0.0003s delay=0.3075s (local map=179, WM=179)
[INFO] [1770985797.261021612] [rtabmap]: rtabmap (473): Rate=1.00s, Limit=0.000s, Conversion=0.0003s, RTAB-Map=0.1265s, Maps update=0.0009s pub=0.0003s delay=0.3117s (local map=179, WM=179)
[INFO] [1770985798.356474512] [rtabmap]: rtabmap (474): Rate=1.00s, Limit=0.000s, Conversion=0.0003s, RTAB-Map=0.1274s, Maps update=0.0011s pub=0.0003s delay=0.3073s (local map=179, WM=179)
[INFO] [1770985799.358293428] [rtabmap]: rtabmap (475): Rate=1.00s, Limit=0.000s, Conversion=0.0005s, RTAB-Map=0.1202s, Maps update=0.0010s pub=0.0003s delay=0.3090s (local map=179, WM=179)
[INFO] [1770985800.460464485] [rtabmap]: rtabmap (476): Rate=1.00s, Limit=0.000s, Conversion=0.0005s, RTAB-Map=0.1304s, Maps update=0.0013s pub=0.0003s delay=0.3111s (local map=179, WM=179)
[INFO] [1770985801.448811119] [rtabmap]: rtabmap (477): Rate=1.00s, Limit=0.000s, Conversion=0.0003s, RTAB-Map=0.1321s, Maps update=0.0010s pub=0.0003s delay=0.2995s (local map=179, WM=179)
[INFO] [1770985802.553822724] [rtabmap]: rtabmap (478): Rate=1.00s, Limit=0.000s, Conversion=0.0003s, RTAB-Map=0.1252s, Maps update=0.0015s pub=0.0004s delay=0.3045s (local map=179, WM=179)
[INFO] [1770985803.661226990] [rtabmap]: rtabmap (479): Rate=1.00s, Limit=0.000s, Conversion=0.0006s, RTAB-Map=0.1313s, Maps update=0.0010s pub=0.0003s delay=0.3120s (local map=179, WM=179)
[INFO] [1770985804.664628074] [rtabmap]: rtabmap (480): Rate=1.00s, Limit=0.000s, Conversion=0.0003s, RTAB-Map=0.1367s, Maps update=0.0010s pub=0.0003s delay=0.3154s (local map=179, WM=179)
[INFO] [1770985805.658292943] [rtabmap]: rtabmap (481): Rate=1.00s, Limit=0.000s, Conversion=0.0006s, RTAB-Map=0.1294s, Maps update=0.0010s pub=0.0003s delay=0.3090s (local map=179, WM=179)
[INFO] [1770985806.755733209] [rtabmap]: rtabmap (482): Rate=1.00s, Limit=0.000s, Conversion=0.0006s, RTAB-Map=0.1269s, Maps update=0.0013s pub=0.0003s delay=0.3064s (local map=179, WM=179)
[INFO] [1770985807.858490335] [rtabmap]: rtabmap (483): Rate=1.00s, Limit=0.000s, Conversion=0.0004s, RTAB-Map=0.1289s, Maps update=0.0010s pub=0.0003s delay=0.3092s (local map=179, WM=179)
[INFO] [1770985808.857096434] [rtabmap]: rtabmap (484): Rate=1.00s, Limit=0.000s, Conversion=0.0004s, RTAB-Map=0.1262s, Maps update=0.0010s pub=0.0003s delay=0.3078s (local map=179, WM=179)
[INFO] [1770985809.949548781] [rtabmap]: rtabmap (485): Rate=1.00s, Limit=0.000s, Conversion=0.0003s, RTAB-Map=0.1208s, Maps update=0.0010s pub=0.0003s delay=0.3002s (local map=179, WM=179)
[INFO] [1770985811.052385013] [rtabmap]: rtabmap (486): Rate=1.00s, Limit=0.000s, Conversion=0.0005s, RTAB-Map=0.1304s, Maps update=0.0010s pub=0.0003s delay=0.3030s (local map=179, WM=179)
[INFO] [1770985812.159681691] [rtabmap]: rtabmap (487): Rate=1.00s, Limit=0.000s, Conversion=0.0005s, RTAB-Map=0.1292s, Maps update=0.0010s pub=0.0003s delay=0.3104s (local map=179, WM=179)
[INFO] [1770985813.149704256] [rtabmap]: rtabmap (488): Rate=1.00s, Limit=0.000s, Conversion=0.0005s, RTAB-Map=0.1288s, Maps update=0.0010s pub=0.0003s delay=0.3003s (local map=179, WM=179)
[INFO] [1770985814.149113167] [rtabmap]: rtabmap (489): Rate=1.00s, Limit=0.000s, Conversion=0.0006s, RTAB-Map=0.1206s, Maps update=0.0010s pub=0.0003s delay=0.2997s (local map=179, WM=179)
[INFO] [1770985815.151817810] [rtabmap]: rtabmap (490): Rate=1.00s, Limit=0.000s, Conversion=0.0003s, RTAB-Map=0.1230s, Maps update=0.0011s pub=0.0003s delay=0.3024s (local map=179, WM=179)
[INFO] [1770985816.261080797] [rtabmap]: rtabmap (491): Rate=1.00s, Limit=0.000s, Conversion=0.0004s, RTAB-Map=0.1317s, Maps update=0.0010s pub=0.0003s delay=0.3116s (local map=179, WM=179)
[INFO] [1770985817.365741286] [rtabmap]: rtabmap (492): Rate=1.00s, Limit=0.000s, Conversion=0.0005s, RTAB-Map=0.1395s, Maps update=0.0013s pub=0.0003s delay=0.3163s (local map=179, WM=179)
[INFO] [1770985818.455564804] [rtabmap]: rtabmap (493): Rate=1.00s, Limit=0.000s, Conversion=0.0004s, RTAB-Map=0.1257s, Maps update=0.0010s pub=0.0003s delay=0.3063s (local map=179, WM=179)
[INFO] [1770985819.443373819] [rtabmap]: rtabmap (494): Rate=1.00s, Limit=0.000s, Conversion=0.0004s, RTAB-Map=0.1276s, Maps update=0.0010s pub=0.0003s delay=0.2940s (local map=179, WM=179)
[INFO] [1770985820.459121162] [rtabmap]: rtabmap (495): Rate=1.00s, Limit=0.000s, Conversion=0.0003s, RTAB-Map=0.1303s, Maps update=0.0010s pub=0.0003s delay=0.3097s (local map=179, WM=179)
[INFO] [1770985821.547033861] [rtabmap]: rtabmap (496): Rate=1.00s, Limit=0.000s, Conversion=0.0003s, RTAB-Map=0.1215s, Maps update=0.0010s pub=0.0003s delay=0.2976s (local map=179, WM=179)
[INFO] [1770985822.650472258] [rtabmap]: rtabmap (497): Rate=1.00s, Limit=0.000s, Conversion=0.0005s, RTAB-Map=0.1316s, Maps update=0.0010s pub=0.0003s delay=0.3010s (local map=179, WM=179)
[INFO] [1770985823.746376055] [rtabmap]: rtabmap (498): Rate=1.00s, Limit=0.000s, Conversion=0.0004s, RTAB-Map=0.1219s, Maps update=0.0010s pub=0.0003s delay=0.2969s (local map=179, WM=179)
[INFO] [1770985824.755353847] [rtabmap]: rtabmap (499): Rate=1.00s, Limit=0.000s, Conversion=0.0005s, RTAB-Map=0.1330s, Maps update=0.0016s pub=0.0003s delay=0.3058s (local map=179, WM=179)
[INFO] [1770985825.757384611] [rtabmap]: rtabmap (500): Rate=1.00s, Limit=0.000s, Conversion=0.0003s, RTAB-Map=0.1291s, Maps update=0.0010s pub=0.0003s delay=0.3078s (local map=179, WM=179)
[INFO] [1770985826.861349005] [rtabmap]: rtabmap (501): Rate=1.00s, Limit=0.000s, Conversion=0.0003s, RTAB-Map=0.1317s, Maps update=0.0010s pub=0.0003s delay=0.3119s (local map=179, WM=179)
[INFO] [1770985827.844573086] [rtabmap]: rtabmap (502): Rate=1.00s, Limit=0.000s, Conversion=0.0008s, RTAB-Map=0.1268s, Maps update=0.0010s pub=0.0003s delay=0.2951s (local map=179, WM=179)
[INFO] [1770985828.851879897] [rtabmap]: rtabmap (503): Rate=1.00s, Limit=0.000s, Conversion=0.0003s, RTAB-Map=0.1189s, Maps update=0.0010s pub=0.0003s delay=0.3024s (local map=179, WM=179)
[INFO] [1770985829.856256431] [rtabmap]: rtabmap (504): Rate=1.00s, Limit=0.000s, Conversion=0.0005s, RTAB-Map=0.1283s, Maps update=0.0010s pub=0.0003s delay=0.3067s (local map=179, WM=179)
[INFO] [1770985830.952918245] [rtabmap]: rtabmap (505): Rate=1.00s, Limit=0.000s, Conversion=0.0006s, RTAB-Map=0.1244s, Maps update=0.0010s pub=0.0003s delay=0.3034s (local map=179, WM=179)
[INFO] [1770985831.952307052] [rtabmap]: rtabmap (506): Rate=1.00s, Limit=0.000s, Conversion=0.0005s, RTAB-Map=0.1251s, Maps update=0.0010s pub=0.0003s delay=0.3027s (local map=179, WM=179)
[INFO] [1770985833.053150389] [rtabmap]: rtabmap (507): Rate=1.00s, Limit=0.000s, Conversion=0.0007s, RTAB-Map=0.1273s, Maps update=0.0011s pub=0.0003s delay=0.3037s (local map=179, WM=179)
[INFO] [1770985834.050585687] [rtabmap]: rtabmap (508): Rate=1.00s, Limit=0.000s, Conversion=0.0005s, RTAB-Map=0.1213s, Maps update=0.0010s pub=0.0003s delay=0.3011s (local map=179, WM=179)
[INFO] [1770985835.161858125] [rtabmap]: rtabmap (509): Rate=1.00s, Limit=0.000s, Conversion=0.0005s, RTAB-Map=0.1270s, Maps update=0.0010s pub=0.0003s delay=0.3123s (local map=179, WM=179)
[INFO] [1770985836.256745862] [rtabmap]: rtabmap (510): Rate=1.00s, Limit=0.000s, Conversion=0.0003s, RTAB-Map=0.1353s, Maps update=0.0010s pub=0.0003s delay=0.3073s (local map=179, WM=179)
[INFO] [1770985837.270405248] [rtabmap]: rtabmap (511): Rate=1.00s, Limit=0.000s, Conversion=0.0005s, RTAB-Map=0.1323s, Maps update=0.0010s pub=0.0003s delay=0.3208s (local map=179, WM=179)
[INFO] [1770985838.258012234] [rtabmap]: rtabmap (512): Rate=1.00s, Limit=0.000s, Conversion=0.0003s, RTAB-Map=0.1297s, Maps update=0.0014s pub=0.0003s delay=0.3084s (local map=179, WM=179)
[INFO] [1770985839.353806626] [rtabmap]: rtabmap (513): Rate=1.00s, Limit=0.000s, Conversion=0.0005s, RTAB-Map=0.1315s, Maps update=0.0014s pub=0.0005s delay=0.3041s (local map=179, WM=179)
[INFO] [1770985840.448910818] [rtabmap]: rtabmap (514): Rate=1.00s, Limit=0.000s, Conversion=0.0006s, RTAB-Map=0.1204s, Maps update=0.0010s pub=0.0003s delay=0.2994s (local map=179, WM=179)
[INFO] [1770985841.543802523] [rtabmap]: rtabmap (515): Rate=1.00s, Limit=0.000s, Conversion=0.0005s, RTAB-Map=0.1247s, Maps update=0.0010s pub=0.0003s delay=0.2943s (local map=179, WM=179)
[INFO] [1770985842.563054361] [rtabmap]: rtabmap (516): Rate=1.00s, Limit=0.000s, Conversion=0.0004s, RTAB-Map=0.1287s, Maps update=0.0010s pub=0.0003s delay=0.3134s (local map=179, WM=179)
[INFO] [1770985843.648181884] [rtabmap]: rtabmap (517): Rate=1.00s, Limit=0.000s, Conversion=0.0007s, RTAB-Map=0.1271s, Maps update=0.0010s pub=0.0003s delay=0.2985s (local map=179, WM=179)
[INFO] [1770985844.757460684] [rtabmap]: rtabmap (518): Rate=1.00s, Limit=0.000s, Conversion=0.0005s, RTAB-Map=0.1318s, Maps update=0.0013s pub=0.0004s delay=0.3077s (local map=179, WM=179)
[INFO] [1770985845.849212503] [rtabmap]: rtabmap (519): Rate=1.00s, Limit=0.000s, Conversion=0.0003s, RTAB-Map=0.1244s, Maps update=0.0009s pub=0.0003s delay=0.2995s (local map=179, WM=179)
[INFO] [1770985846.964701825] [rtabmap]: rtabmap (520): Rate=1.00s, Limit=0.000s, Conversion=0.0003s, RTAB-Map=0.1348s, Maps update=0.0010s pub=0.0003s delay=0.3152s (local map=179, WM=179)
[INFO] [1770985847.952974722] [rtabmap]: rtabmap (521): Rate=1.00s, Limit=0.000s, Conversion=0.0005s, RTAB-Map=0.1277s, Maps update=0.0010s pub=0.0003s delay=0.3033s (local map=179, WM=179)
[INFO] [1770985849.054800173] [rtabmap]: rtabmap (522): Rate=1.00s, Limit=0.000s, Conversion=0.0005s, RTAB-Map=0.1325s, Maps update=0.0010s pub=0.0003s delay=0.3052s (local map=179, WM=179)
[INFO] [1770985850.056195962] [rtabmap]: rtabmap (523): Rate=1.00s, Limit=0.000s, Conversion=0.0004s, RTAB-Map=0.1374s, Maps update=0.0015s pub=0.0003s delay=0.3065s (local map=179, WM=179)
[INFO] [1770985851.163438916] [rtabmap]: rtabmap (524): Rate=1.00s, Limit=0.000s, Conversion=0.0005s, RTAB-Map=0.1317s, Maps update=0.0011s pub=0.0003s delay=0.3139s (local map=179, WM=179)
[INFO] [1770985852.155710161] [rtabmap]: rtabmap (525): Rate=1.00s, Limit=0.000s, Conversion=0.0004s, RTAB-Map=0.1277s, Maps update=0.0013s pub=0.0003s delay=0.3060s (local map=179, WM=179)
[INFO] [1770985853.256578683] [rtabmap]: rtabmap (526): Rate=1.00s, Limit=0.000s, Conversion=0.0005s, RTAB-Map=0.1296s, Maps update=0.0011s pub=0.0003s delay=0.3068s (local map=179, WM=179)
[INFO] [1770985854.352218349] [rtabmap]: rtabmap (527): Rate=1.00s, Limit=0.000s, Conversion=0.0005s, RTAB-Map=0.1191s, Maps update=0.0010s pub=0.0003s delay=0.3024s (local map=179, WM=179)
[INFO] [1770985855.458875554] [rtabmap]: rtabmap (528): Rate=1.00s, Limit=0.000s, Conversion=0.0003s, RTAB-Map=0.1234s, Maps update=0.0010s pub=0.0003s delay=0.3091s (local map=179, WM=179)
[INFO] [1770985856.575475539] [rtabmap]: rtabmap (529): Rate=1.00s, Limit=0.000s, Conversion=0.0003s, RTAB-Map=0.1476s, Maps update=0.0013s pub=0.0003s delay=0.3256s (local map=179, WM=179)
[INFO] [1770985857.656411811] [rtabmap]: rtabmap (530): Rate=1.00s, Limit=0.000s, Conversion=0.0003s, RTAB-Map=0.1289s, Maps update=0.0010s pub=0.0003s delay=0.3066s (local map=179, WM=179)
[INFO] [1770985858.762593191] [rtabmap]: rtabmap (531): Rate=1.00s, Limit=0.000s, Conversion=0.0005s, RTAB-Map=0.1343s, Maps update=0.0010s pub=0.0003s delay=0.3128s (local map=179, WM=179)
[INFO] [1770985859.849428037] [rtabmap]: rtabmap (532): Rate=1.00s, Limit=0.000s, Conversion=0.0003s, RTAB-Map=0.1215s, Maps update=0.0010s pub=0.0003s delay=0.2996s (local map=179, WM=179)
[INFO] [1770985860.960534870] [rtabmap]: rtabmap (533): Rate=1.00s, Limit=0.000s, Conversion=0.0004s, RTAB-Map=0.1316s, Maps update=0.0014s pub=0.0003s delay=0.3108s (local map=179, WM=179)
[INFO] [1770985862.054775864] [rtabmap]: rtabmap (534): Rate=1.00s, Limit=0.000s, Conversion=0.0005s, RTAB-Map=0.1248s, Maps update=0.0013s pub=0.0003s delay=0.3051s (local map=179, WM=179)
[INFO] [1770985863.061445821] [rtabmap]: rtabmap (535): Rate=1.00s, Limit=0.000s, Conversion=0.0007s, RTAB-Map=0.1307s, Maps update=0.0010s pub=0.0003s delay=0.3117s (local map=179, WM=179)
[INFO] [1770985864.148478787] [rtabmap]: rtabmap (536): Rate=1.00s, Limit=0.000s, Conversion=0.0003s, RTAB-Map=0.1216s, Maps update=0.0010s pub=0.0003s delay=0.2987s (local map=179, WM=179)
[INFO] [1770985865.152551757] [rtabmap]: rtabmap (537): Rate=1.00s, Limit=0.000s, Conversion=0.0004s, RTAB-Map=0.1283s, Maps update=0.0011s pub=0.0003s delay=0.3027s (local map=179, WM=179)
[INFO] [1770985866.250294346] [rtabmap]: rtabmap (538): Rate=1.00s, Limit=0.000s, Conversion=0.0003s, RTAB-Map=0.1282s, Maps update=0.0012s pub=0.0004s delay=0.3005s (local map=179, WM=179)
[INFO] [1770985867.353845234] [rtabmap]: rtabmap (539): Rate=1.00s, Limit=0.000s, Conversion=0.0004s, RTAB-Map=0.1281s, Maps update=0.0010s pub=0.0003s delay=0.3041s (local map=179, WM=179)
[INFO] [1770985868.351863816] [rtabmap]: rtabmap (540): Rate=1.00s, Limit=0.000s, Conversion=0.0003s, RTAB-Map=0.1284s, Maps update=0.0011s pub=0.0003s delay=0.3021s (local map=179, WM=179)
[INFO] [1770985869.361123048] [rtabmap]: rtabmap (541): Rate=1.00s, Limit=0.000s, Conversion=0.0003s, RTAB-Map=0.1368s, Maps update=0.0010s pub=0.0003s delay=0.3114s (local map=179, WM=179)
[INFO] [1770985870.361499921] [rtabmap]: rtabmap (542): Rate=1.00s, Limit=0.000s, Conversion=0.0003s, RTAB-Map=0.1320s, Maps update=0.0012s pub=0.0003s delay=0.3117s (local map=179, WM=179)
[INFO] [1770985871.350243811] [rtabmap]: rtabmap (543): Rate=1.00s, Limit=0.000s, Conversion=0.0005s, RTAB-Map=0.1232s, Maps update=0.0010s pub=0.0003s delay=0.3004s (local map=179, WM=179)
[INFO] [1770985872.447046303] [rtabmap]: rtabmap (544): Rate=1.00s, Limit=0.000s, Conversion=0.0003s, RTAB-Map=0.1222s, Maps update=0.0010s pub=0.0003s delay=0.2971s (local map=179, WM=179)
[INFO] [1770985873.558286132] [rtabmap]: rtabmap (545): Rate=1.00s, Limit=0.000s, Conversion=0.0003s, RTAB-Map=0.1320s, Maps update=0.0010s pub=0.0003s delay=0.3084s (local map=179, WM=179)
[INFO] [1770985874.656141524] [rtabmap]: rtabmap (546): Rate=1.00s, Limit=0.000s, Conversion=0.0003s, RTAB-Map=0.1297s, Maps update=0.0011s pub=0.0003s delay=0.3064s (local map=179, WM=179)
[INFO] [1770985875.646107665] [rtabmap]: rtabmap (547): Rate=1.00s, Limit=0.000s, Conversion=0.0005s, RTAB-Map=0.1242s, Maps update=0.0020s pub=0.0003s delay=0.2962s (local map=179, WM=179)
[INFO] [1770985876.655100296] [rtabmap]: rtabmap (548): Rate=1.00s, Limit=0.000s, Conversion=0.0003s, RTAB-Map=0.1240s, Maps update=0.0010s pub=0.0003s delay=0.3051s (local map=179, WM=179)
[INFO] [1770985877.761429457] [rtabmap]: rtabmap (549): Rate=1.00s, Limit=0.000s, Conversion=0.0004s, RTAB-Map=0.1363s, Maps update=0.0012s pub=0.0003s delay=0.3116s (local map=179, WM=179)
[INFO] [1770985878.754461113] [rtabmap]: rtabmap (550): Rate=1.00s, Limit=0.000s, Conversion=0.0003s, RTAB-Map=0.1243s, Maps update=0.0011s pub=0.0004s delay=0.3046s (local map=179, WM=179)
[INFO] [1770985879.751829592] [rtabmap]: rtabmap (551): Rate=1.00s, Limit=0.000s, Conversion=0.0003s, RTAB-Map=0.1264s, Maps update=0.0010s pub=0.0003s delay=0.3020s (local map=179, WM=179)
[INFO] [1770985880.859212487] [rtabmap]: rtabmap (552): Rate=1.00s, Limit=0.000s, Conversion=0.0005s, RTAB-Map=0.1322s, Maps update=0.0010s pub=0.0003s delay=0.3096s (local map=179, WM=179)
[INFO] [1770985881.844492383] [rtabmap]: rtabmap (553): Rate=1.00s, Limit=0.000s, Conversion=0.0004s, RTAB-Map=0.1248s, Maps update=0.0010s pub=0.0003s delay=0.2946s (local map=179, WM=179)
[INFO] [1770985882.956248870] [rtabmap]: rtabmap (554): Rate=1.00s, Limit=0.000s, Conversion=0.0005s, RTAB-Map=0.1306s, Maps update=0.0011s pub=0.0003s delay=0.3064s (local map=179, WM=179)
[INFO] [1770985883.964514148] [rtabmap]: rtabmap (555): Rate=1.00s, Limit=0.000s, Conversion=0.0005s, RTAB-Map=0.1359s, Maps update=0.0012s pub=0.0003s delay=0.3145s (local map=179, WM=179)
[INFO] [1770985885.053096127] [rtabmap]: rtabmap (556): Rate=1.00s, Limit=0.000s, Conversion=0.0004s, RTAB-Map=0.1275s, Maps update=0.0014s pub=0.0005s delay=0.3041s (local map=179, WM=179)
[INFO] [1770985886.058037576] [rtabmap]: rtabmap (557): Rate=1.00s, Limit=0.000s, Conversion=0.0003s, RTAB-Map=0.1288s, Maps update=0.0013s pub=0.0004s delay=0.3081s (local map=179, WM=179)
[INFO] [1770985887.148257757] [rtabmap]: rtabmap (558): Rate=1.00s, Limit=0.000s, Conversion=0.0005s, RTAB-Map=0.1248s, Maps update=0.0010s pub=0.0003s delay=0.2982s (local map=179, WM=179)
[INFO] [1770985888.265034676] [rtabmap]: rtabmap (559): Rate=1.00s, Limit=0.000s, Conversion=0.0003s, RTAB-Map=0.1393s, Maps update=0.0010s pub=0.0003s delay=0.3154s (local map=179, WM=179)
[INFO] [1770985889.266095382] [rtabmap]: rtabmap (560): Rate=1.00s, Limit=0.000s, Conversion=0.0003s, RTAB-Map=0.1368s, Maps update=0.0012s pub=0.0004s delay=0.3162s (local map=179, WM=179)
[INFO] [1770985890.341450786] [rtabmap]: rtabmap (561): Rate=1.00s, Limit=0.000s, Conversion=0.0005s, RTAB-Map=0.1219s, Maps update=0.0010s pub=0.0003s delay=0.2924s (local map=179, WM=179)
[INFO] [1770985891.345753743] [rtabmap]: rtabmap (562): Rate=1.00s, Limit=0.000s, Conversion=0.0005s, RTAB-Map=0.1242s, Maps update=0.0010s pub=0.0003s delay=0.2959s (local map=179, WM=179)
[INFO] [1770985892.468015962] [rtabmap]: rtabmap (563): Rate=1.00s, Limit=0.000s, Conversion=0.0003s, RTAB-Map=0.1323s, Maps update=0.0012s pub=0.0003s delay=0.3183s (local map=179, WM=179)
[INFO] [1770985893.446513882] [rtabmap]: rtabmap (564): Rate=1.00s, Limit=0.000s, Conversion=0.0005s, RTAB-Map=0.1165s, Maps update=0.0010s pub=0.0003s delay=0.2965s (local map=179, WM=179)
[INFO] [1770985894.550333887] [rtabmap]: rtabmap (565): Rate=1.00s, Limit=0.000s, Conversion=0.0003s, RTAB-Map=0.1271s, Maps update=0.0010s pub=0.0003s delay=0.3004s (local map=179, WM=179)
[INFO] [1770985895.545617706] [rtabmap]: rtabmap (566): Rate=1.00s, Limit=0.000s, Conversion=0.0003s, RTAB-Map=0.1180s, Maps update=0.0010s pub=0.0003s delay=0.2957s (local map=179, WM=179)
[INFO] [1770985896.669160578] [rtabmap]: rtabmap (567): Rate=1.00s, Limit=0.000s, Conversion=0.0003s, RTAB-Map=0.1383s, Maps update=0.0013s pub=0.0004s delay=0.3192s (local map=179, WM=179)
[INFO] [1770985897.750812926] [rtabmap]: rtabmap (568): Rate=1.00s, Limit=0.000s, Conversion=0.0005s, RTAB-Map=0.1282s, Maps update=0.0010s pub=0.0003s delay=0.3010s (local map=179, WM=179)
[INFO] [1770985898.753578288] [rtabmap]: rtabmap (569): Rate=1.00s, Limit=0.000s, Conversion=0.0004s, RTAB-Map=0.1214s, Maps update=0.0010s pub=0.0003s delay=0.3037s (local map=179, WM=179)
[INFO] [1770985899.846123850] [rtabmap]: rtabmap (570): Rate=1.00s, Limit=0.000s, Conversion=0.0006s, RTAB-Map=0.1256s, Maps update=0.0010s pub=0.0003s delay=0.2963s (local map=179, WM=179)
[INFO] [1770985900.950420479] [rtabmap]: rtabmap (571): Rate=1.00s, Limit=0.000s, Conversion=0.0003s, RTAB-Map=0.1232s, Maps update=0.0012s pub=0.0004s delay=0.3004s (local map=179, WM=179)
[INFO] [1770985902.047116363] [rtabmap]: rtabmap (572): Rate=1.00s, Limit=0.000s, Conversion=0.0005s, RTAB-Map=0.1236s, Maps update=0.0010s pub=0.0003s delay=0.2971s (local map=179, WM=179)
[INFO] [1770985903.149435003] [rtabmap]: rtabmap (573): Rate=1.00s, Limit=0.000s, Conversion=0.0003s, RTAB-Map=0.1237s, Maps update=0.0010s pub=0.0002s delay=0.2994s (local map=179, WM=179)
[INFO] [1770985904.250433885] [rtabmap]: rtabmap (574): Rate=1.00s, Limit=0.000s, Conversion=0.0004s, RTAB-Map=0.1167s, Maps update=0.0010s pub=0.0003s delay=0.3014s (local map=179, WM=179)
[INFO] [1770985905.251731643] [rtabmap]: rtabmap (575): Rate=1.00s, Limit=0.000s, Conversion=0.0003s, RTAB-Map=0.1253s, Maps update=0.0010s pub=0.0003s delay=0.3017s (local map=179, WM=179)
[INFO] [1770985906.250135540] [rtabmap]: rtabmap (576): Rate=1.00s, Limit=0.000s, Conversion=0.0003s, RTAB-Map=0.1275s, Maps update=0.0010s pub=0.0003s delay=0.3001s (local map=179, WM=179)
[INFO] [1770985907.357579352] [rtabmap]: rtabmap (577): Rate=1.00s, Limit=0.000s, Conversion=0.0005s, RTAB-Map=0.1310s, Maps update=0.0011s pub=0.0003s delay=0.3077s (local map=179, WM=179)
[INFO] [1770985908.457209930] [rtabmap]: rtabmap (578): Rate=1.00s, Limit=0.000s, Conversion=0.0005s, RTAB-Map=0.1259s, Maps update=0.0010s pub=0.0003s delay=0.3073s (local map=179, WM=179)
[INFO] [1770985909.551286330] [rtabmap]: rtabmap (579): Rate=1.00s, Limit=0.000s, Conversion=0.0009s, RTAB-Map=0.1222s, Maps update=0.0013s pub=0.0004s delay=0.3013s (local map=179, WM=179)
[INFO] [1770985910.554057868] [rtabmap]: rtabmap (580): Rate=1.00s, Limit=0.000s, Conversion=0.0003s, RTAB-Map=0.1287s, Maps update=0.0010s pub=0.0003s delay=0.3040s (local map=179, WM=179)
[INFO] [1770985911.648048504] [rtabmap]: rtabmap (581): Rate=1.00s, Limit=0.000s, Conversion=0.0003s, RTAB-Map=0.1256s, Maps update=0.0010s pub=0.0003s delay=0.2979s (local map=179, WM=179)
[INFO] [1770985912.765001193] [rtabmap]: rtabmap (582): Rate=1.00s, Limit=0.000s, Conversion=0.0004s, RTAB-Map=0.1375s, Maps update=0.0014s pub=0.0003s delay=0.3151s (local map=179, WM=179)
[INFO] [1770985913.755031645] [rtabmap]: rtabmap (583): Rate=1.00s, Limit=0.000s, Conversion=0.0005s, RTAB-Map=0.1291s, Maps update=0.0011s pub=0.0003s delay=0.3051s (local map=179, WM=179)
[INFO] [1770985914.755697989] [rtabmap]: rtabmap (584): Rate=1.00s, Limit=0.000s, Conversion=0.0004s, RTAB-Map=0.1268s, Maps update=0.0011s pub=0.0003s delay=0.3057s (local map=179, WM=179)
[INFO] [1770985915.753254592] [rtabmap]: rtabmap (585): Rate=1.00s, Limit=0.000s, Conversion=0.0004s, RTAB-Map=0.1305s, Maps update=0.0010s pub=0.0003s delay=0.3032s (local map=179, WM=179)
[INFO] [1770985916.754397849] [rtabmap]: rtabmap (586): Rate=1.00s, Limit=0.000s, Conversion=0.0003s, RTAB-Map=0.1294s, Maps update=0.0012s pub=0.0003s delay=0.3043s (local map=179, WM=179)
[INFO] [1770985917.842759776] [rtabmap]: rtabmap (587): Rate=1.00s, Limit=0.000s, Conversion=0.0005s, RTAB-Map=0.1255s, Maps update=0.0010s pub=0.0003s delay=0.2928s (local map=179, WM=179)
[INFO] [1770985918.856391950] [rtabmap]: rtabmap (588): Rate=1.00s, Limit=0.000s, Conversion=0.0005s, RTAB-Map=0.1288s, Maps update=0.0011s pub=0.0003s delay=0.3062s (local map=179, WM=179)
[INFO] [1770985919.961739817] [rtabmap]: rtabmap (589): Rate=1.00s, Limit=0.000s, Conversion=0.0004s, RTAB-Map=0.1345s, Maps update=0.0012s pub=0.0003s delay=0.3117s (local map=179, WM=179)
[INFO] [1770985921.049164111] [rtabmap]: rtabmap (590): Rate=1.00s, Limit=0.000s, Conversion=0.0004s, RTAB-Map=0.1207s, Maps update=0.0010s pub=0.0003s delay=0.2991s (local map=179, WM=179)
[INFO] [1770985922.157795197] [rtabmap]: rtabmap (591): Rate=1.00s, Limit=0.000s, Conversion=0.0003s, RTAB-Map=0.1311s, Maps update=0.0010s pub=0.0003s delay=0.3076s (local map=179, WM=179)
[INFO] [1770985923.252031346] [rtabmap]: rtabmap (592): Rate=1.00s, Limit=0.000s, Conversion=0.0005s, RTAB-Map=0.1255s, Maps update=0.0013s pub=0.0003s delay=0.3018s (local map=179, WM=179)
[INFO] [1770985924.349604092] [rtabmap]: rtabmap (593): Rate=1.00s, Limit=0.000s, Conversion=0.0005s, RTAB-Map=0.1218s, Maps update=0.0010s pub=0.0003s delay=0.3005s (local map=179, WM=179)
[INFO] [1770985925.355453178] [rtabmap]: rtabmap (594): Rate=1.00s, Limit=0.000s, Conversion=0.0003s, RTAB-Map=0.1304s, Maps update=0.0012s pub=0.0003s delay=0.3053s (local map=179, WM=179)
[INFO] [1770985926.353524167] [rtabmap]: rtabmap (595): Rate=1.00s, Limit=0.000s, Conversion=0.0005s, RTAB-Map=0.1314s, Maps update=0.0010s pub=0.0003s delay=0.3033s (local map=179, WM=179)
[INFO] [1770985927.360068957] [rtabmap]: rtabmap (596): Rate=1.00s, Limit=0.000s, Conversion=0.0004s, RTAB-Map=0.1311s, Maps update=0.0010s pub=0.0003s delay=0.3098s (local map=179, WM=179)
[INFO] [1770985928.448650188] [rtabmap]: rtabmap (597): Rate=1.00s, Limit=0.000s, Conversion=0.0004s, RTAB-Map=0.1244s, Maps update=0.0010s pub=0.0003s delay=0.2986s (local map=179, WM=179)
[INFO] [1770985929.548008052] [rtabmap]: rtabmap (598): Rate=1.00s, Limit=0.000s, Conversion=0.0003s, RTAB-Map=0.1245s, Maps update=0.0012s pub=0.0003s delay=0.2987s (local map=179, WM=179)
[INFO] [1770985930.561293078] [rtabmap]: rtabmap (599): Rate=1.00s, Limit=0.000s, Conversion=0.0005s, RTAB-Map=0.1315s, Maps update=0.0010s pub=0.0003s delay=0.3110s (local map=179, WM=179)
[INFO] [1770985931.663399039] [rtabmap]: rtabmap (600): Rate=1.00s, Limit=0.000s, Conversion=0.0006s, RTAB-Map=0.1335s, Maps update=0.0010s pub=0.0003s delay=0.3133s (local map=179, WM=179)
[INFO] [1770985932.662053537] [rtabmap]: rtabmap (601): Rate=1.00s, Limit=0.000s, Conversion=0.0005s, RTAB-Map=0.1242s, Maps update=0.0010s pub=0.0003s delay=0.3119s (local map=179, WM=179)
[INFO] [1770985933.645962974] [rtabmap]: rtabmap (602): Rate=1.00s, Limit=0.000s, Conversion=0.0003s, RTAB-Map=0.1222s, Maps update=0.0010s pub=0.0003s delay=0.2957s (local map=179, WM=179)
[INFO] [1770985934.761151121] [rtabmap]: rtabmap (603): Rate=1.00s, Limit=0.000s, Conversion=0.0004s, RTAB-Map=0.1318s, Maps update=0.0010s pub=0.0003s delay=0.3110s (local map=179, WM=179)
[INFO] [1770985935.754124300] [rtabmap]: rtabmap (604): Rate=1.00s, Limit=0.000s, Conversion=0.0003s, RTAB-Map=0.1240s, Maps update=0.0011s pub=0.0003s delay=0.3039s (local map=179, WM=179)
[INFO] [1770985936.860744499] [rtabmap]: rtabmap (605): Rate=1.00s, Limit=0.000s, Conversion=0.0005s, RTAB-Map=0.1317s, Maps update=0.0010s pub=0.0003s delay=0.3105s (local map=179, WM=179)
[INFO] [1770985937.947699785] [rtabmap]: rtabmap (606): Rate=1.00s, Limit=0.000s, Conversion=0.0004s, RTAB-Map=0.1278s, Maps update=0.0010s pub=0.0003s delay=0.2975s (local map=179, WM=179)
[INFO] [1770985939.057022959] [rtabmap]: rtabmap (607): Rate=1.00s, Limit=0.000s, Conversion=0.0005s, RTAB-Map=0.1284s, Maps update=0.0010s pub=0.0003s delay=0.3068s (local map=179, WM=179)
[INFO] [1770985940.057737304] [rtabmap]: rtabmap (608): Rate=1.00s, Limit=0.000s, Conversion=0.0008s, RTAB-Map=0.1310s, Maps update=0.0013s pub=0.0003s delay=0.3075s (local map=179, WM=179)
[INFO] [1770985941.064003332] [rtabmap]: rtabmap (609): Rate=1.00s, Limit=0.000s, Conversion=0.0005s, RTAB-Map=0.1337s, Maps update=0.0010s pub=0.0003s delay=0.3138s (local map=179, WM=179)
[INFO] [1770985942.055198081] [rtabmap]: rtabmap (610): Rate=1.00s, Limit=0.000s, Conversion=0.0005s, RTAB-Map=0.1287s, Maps update=0.0013s pub=0.0005s delay=0.3050s (local map=179, WM=179)
[INFO] [1770985943.150452954] [rtabmap]: rtabmap (611): Rate=1.00s, Limit=0.000s, Conversion=0.0004s, RTAB-Map=0.1225s, Maps update=0.0010s pub=0.0003s delay=0.3011s (local map=179, WM=179)
[INFO] [1770985944.153803488] [rtabmap]: rtabmap (612): Rate=1.00s, Limit=0.000s, Conversion=0.0004s, RTAB-Map=0.1293s, Maps update=0.0010s pub=0.0003s delay=0.3036s (local map=179, WM=179)
[INFO] [1770985945.155445194] [rtabmap]: rtabmap (613): Rate=1.00s, Limit=0.000s, Conversion=0.0003s, RTAB-Map=0.1308s, Maps update=0.0015s pub=0.0003s delay=0.3052s (local map=179, WM=179)
[INFO] [1770985946.265361604] [rtabmap]: rtabmap (614): Rate=1.00s, Limit=0.000s, Conversion=0.0005s, RTAB-Map=0.1298s, Maps update=0.0010s pub=0.0003s delay=0.3152s (local map=179, WM=179)
[INFO] [1770985947.345461994] [rtabmap]: rtabmap (615): Rate=1.00s, Limit=0.000s, Conversion=0.0005s, RTAB-Map=0.1304s, Maps update=0.0010s pub=0.0003s delay=0.2962s (local map=179, WM=179)
[INFO] [1770985948.346474527] [rtabmap]: rtabmap (616): Rate=1.00s, Limit=0.000s, Conversion=0.0003s, RTAB-Map=0.1235s, Maps update=0.0010s pub=0.0003s delay=0.2961s (local map=179, WM=179)
[INFO] [1770985949.451928797] [rtabmap]: rtabmap (617): Rate=1.00s, Limit=0.000s, Conversion=0.0006s, RTAB-Map=0.1288s, Maps update=0.0010s pub=0.0003s delay=0.3027s (local map=179, WM=179)
[INFO] [1770985950.449990665] [rtabmap]: rtabmap (618): Rate=1.00s, Limit=0.000s, Conversion=0.0003s, RTAB-Map=0.1263s, Maps update=0.0010s pub=0.0003s delay=0.3006s (local map=179, WM=179)
[INFO] [1770985951.453430291] [rtabmap]: rtabmap (619): Rate=1.00s, Limit=0.000s, Conversion=0.0006s, RTAB-Map=0.1236s, Maps update=0.0010s pub=0.0003s delay=0.3032s (local map=179, WM=179)
[INFO] [1770985952.552718905] [rtabmap]: rtabmap (620): Rate=1.00s, Limit=0.000s, Conversion=0.0003s, RTAB-Map=0.1263s, Maps update=0.0010s pub=0.0003s delay=0.3024s (local map=179, WM=179)
[INFO] [1770985953.657888973] [rtabmap]: rtabmap (621): Rate=1.00s, Limit=0.000s, Conversion=0.0006s, RTAB-Map=0.1263s, Maps update=0.0011s pub=0.0003s delay=0.3089s (local map=179, WM=179)
[INFO] [1770985954.650017706] [rtabmap]: rtabmap (622): Rate=1.00s, Limit=0.000s, Conversion=0.0005s, RTAB-Map=0.1240s, Maps update=0.0010s pub=0.0003s delay=0.3005s (local map=179, WM=179)
[INFO] [1770985955.747128516] [rtabmap]: rtabmap (623): Rate=1.00s, Limit=0.000s, Conversion=0.0004s, RTAB-Map=0.1315s, Maps update=0.0010s pub=0.0003s delay=0.2976s (local map=179, WM=179)
[INFO] [1770985956.853913184] [rtabmap]: rtabmap (624): Rate=1.00s, Limit=0.000s, Conversion=0.0005s, RTAB-Map=0.1265s, Maps update=0.0011s pub=0.0003s delay=0.3037s (local map=179, WM=179)
[INFO] [1770985957.959636237] [rtabmap]: rtabmap (625): Rate=1.00s, Limit=0.000s, Conversion=0.0003s, RTAB-Map=0.1289s, Maps update=0.0011s pub=0.0003s delay=0.3093s (local map=179, WM=179)
[INFO] [1770985959.048015175] [rtabmap]: rtabmap (626): Rate=1.00s, Limit=0.000s, Conversion=0.0004s, RTAB-Map=0.1275s, Maps update=0.0010s pub=0.0003s delay=0.2986s (local map=179, WM=179)
[INFO] [1770985960.045211010] [rtabmap]: rtabmap (627): Rate=1.00s, Limit=0.000s, Conversion=0.0003s, RTAB-Map=0.1206s, Maps update=0.0010s pub=0.0003s delay=0.2957s (local map=179, WM=179)
[INFO] [1770985961.149128978] [rtabmap]: rtabmap (628): Rate=1.00s, Limit=0.000s, Conversion=0.0003s, RTAB-Map=0.1227s, Maps update=0.0010s pub=0.0003s delay=0.2998s (local map=179, WM=179)
[INFO] [1770985961.394232793] [rclcpp]: signal_handler(signum=2)
