[INFO] [1771073912.072567172] [rtabmap]: rtabmap(maps): latch                      = false
[INFO] [1771073912.074424711] [rtabmap]: rtabmap(maps): map_filter_radius          = 0.000000
[INFO] [1771073912.075055422] [rtabmap]: rtabmap(maps): map_filter_angle           = 30.000000
[INFO] [1771073912.075614515] [rtabmap]: rtabmap(maps): map_cleanup                = true
[INFO] [1771073912.076113861] [rtabmap]: rtabmap(maps): map_always_update          = false
[INFO] [1771073912.076651640] [rtabmap]: rtabmap(maps): map_empty_ray_tracing      = true
[INFO] [1771073912.077153355] [rtabmap]: rtabmap(maps): cloud_output_voxelized     = true
[INFO] [1771073912.077192460] [rtabmap]: rtabmap(maps): cloud_subtract_filtering   = false
[INFO] [1771073912.077217965] [rtabmap]: rtabmap(maps): cloud_subtract_filtering_min_neighbors = 2
[INFO] [1771073912.077379923] [rtabmap]: rtabmap(maps): octomap_tree_depth         = 16
[INFO] [1771073912.091050116] [rtabmap]: rtabmap: frame_id      = leo04/base_footprint
[INFO] [1771073912.092969994] [rtabmap]: rtabmap: map_frame_id  = map
[INFO] [1771073912.093693060] [rtabmap]: rtabmap: log_to_rosout_level  = 4
[INFO] [1771073912.093730214] [rtabmap]: rtabmap: initial_pose  = 
[INFO] [1771073912.093752166] [rtabmap]: rtabmap: use_action_for_goal  = false
[INFO] [1771073912.093771303] [rtabmap]: rtabmap: tf_delay      = 0.050000
[INFO] [1771073912.093822153] [rtabmap]: rtabmap: tf_tolerance  = 0.100000
[INFO] [1771073912.093872779] [rtabmap]: rtabmap: odom_sensor_sync   = false
[INFO] [1771073912.093895212] [rtabmap]: rtabmap: pub_loc_pose_only_when_localizing = false
[INFO] [1771073912.093914892] [rtabmap]: rtabmap: wait_for_transform = 0.500000
[INFO] [1771073912.093937325] [rtabmap]: rtabmap: gen_scan  = false
[INFO] [1771073912.093956302] [rtabmap]: rtabmap: gen_depth  = false
[INFO] [1771073912.093975983] [rtabmap]: rtabmap: scan_cloud_max_points = 0
[INFO] [1771073912.096490378] [rtabmap]: rtabmap: scan_cloud_is_2d = false
[INFO] [1771073912.140246434] [rtabmap]: Setting RTAB-Map parameter "Grid/CellSize"="0.03" (rosparam)
[INFO] [1771073912.140712786] [rtabmap]: Setting RTAB-Map parameter "Grid/MaxGroundAngle"="45" (rosparam)
[INFO] [1771073912.141444877] [rtabmap]: Setting RTAB-Map parameter "Grid/MaxGroundHeight"="0.1" (rosparam)
[INFO] [1771073912.141900030] [rtabmap]: Setting RTAB-Map parameter "Grid/MaxObstacleHeight"="0.7" (rosparam)
[INFO] [1771073912.142027266] [rtabmap]: Setting RTAB-Map parameter "Grid/MinGroundHeight"="-0.1" (rosparam)
[INFO] [1771073912.142200681] [rtabmap]: Setting RTAB-Map parameter "Grid/RangeMax"="3.0" (rosparam)
[INFO] [1771073912.142263243] [rtabmap]: Setting RTAB-Map parameter "Grid/RangeMin"="0.7" (rosparam)
[INFO] [1771073912.142344718] [rtabmap]: Setting RTAB-Map parameter "Grid/RayTracing"="false" (rosparam)
[INFO] [1771073912.142468850] [rtabmap]: Setting RTAB-Map parameter "Grid/Sensor"="0" (rosparam)
[INFO] [1771073912.142863681] [rtabmap]: Setting RTAB-Map parameter "Icp/CorrespondenceRatio"="0.2" (rosparam)
[INFO] [1771073912.142981221] [rtabmap]: Setting RTAB-Map parameter "Icp/Epsilon"="0.001" (rosparam)
[INFO] [1771073912.143094185] [rtabmap]: Setting RTAB-Map parameter "Icp/Iterations"="10" (rosparam)
[INFO] [1771073912.143152427] [rtabmap]: Setting RTAB-Map parameter "Icp/MaxCorrespondenceDistance"="1" (rosparam)
[INFO] [1771073912.143270704] [rtabmap]: Setting RTAB-Map parameter "Icp/MaxTranslation"="3" (rosparam)
[INFO] [1771073912.143329874] [rtabmap]: Setting RTAB-Map parameter "Icp/OutlierRatio"="0.7" (rosparam)
[INFO] [1771073912.143497720] [rtabmap]: Setting RTAB-Map parameter "Icp/PointToPlane"="true" (rosparam)
[INFO] [1771073912.143586971] [rtabmap]: Setting RTAB-Map parameter "Icp/PointToPlaneK"="20" (rosparam)
[INFO] [1771073912.143692543] [rtabmap]: Setting RTAB-Map parameter "Icp/PointToPlaneRadius"="0" (rosparam)
[INFO] [1771073912.143781026] [rtabmap]: Setting RTAB-Map parameter "Icp/RangeMin"="0.3" (rosparam)
[INFO] [1771073912.143857829] [rtabmap]: Setting RTAB-Map parameter "Icp/Strategy"="1" (rosparam)
[INFO] [1771073912.143932200] [rtabmap]: Setting RTAB-Map parameter "Icp/VoxelSize"="0.1" (rosparam)
[INFO] [1771073912.145599012] [rtabmap]: Setting RTAB-Map parameter "Mem/LaserScanNormalK"="20" (rosparam)
[INFO] [1771073912.145699304] [rtabmap]: Setting RTAB-Map parameter "Mem/LaserScanVoxelSize"="0.03" (rosparam)
[INFO] [1771073912.145833165] [rtabmap]: Setting RTAB-Map parameter "Mem/NotLinkedNodesKept"="false" (rosparam)
[INFO] [1771073912.146086326] [rtabmap]: Setting RTAB-Map parameter "Mem/STMSize"="30" (rosparam)
[INFO] [1771073912.146894483] [rtabmap]: Setting RTAB-Map parameter "RGBD/AngularUpdate"="0.05" (rosparam)
[INFO] [1771073912.146962806] [rtabmap]: Setting RTAB-Map parameter "RGBD/CreateOccupancyGrid"="true" (rosparam)
[INFO] [1771073912.147165821] [rtabmap]: Setting RTAB-Map parameter "RGBD/LinearUpdate"="0.05" (rosparam)
[INFO] [1771073912.148469005] [rtabmap]: Setting RTAB-Map parameter "RGBD/ProximityMaxGraphDepth"="0" (rosparam)
[INFO] [1771073912.148642931] [rtabmap]: Setting RTAB-Map parameter "RGBD/ProximityPathMaxNeighbors"="1" (rosparam)
[INFO] [1771073912.148807545] [rtabmap]: Setting RTAB-Map parameter "Reg/Strategy"="1" (rosparam)
[INFO] [1771073912.153956116] [rtabmap]: RTAB-Map detection rate = 1.000000 Hz
[INFO] [1771073912.154390692] [rtabmap]: rtabmap: Deleted database "/root/.ros/rtabmap.db" (--delete_db_on_start or -d are set).
[INFO] [1771073912.154464199] [rtabmap]: rtabmap: Using database from "/root/.ros/rtabmap.db" (0 MB).
[INFO] [1771073912.221224867] [rtabmap]: rtabmap: Database version = "0.22.1".
[INFO] [1771073912.221375368] [rtabmap]: rtabmap: SLAM mode (Mem/IncrementalMemory=true)
[INFO] [1771073912.240814571] [rtabmap]: Setup callbacks
[INFO] [1771073912.241982774] [rtabmap]: rtabmap: subscribe_depth = false
[INFO] [1771073912.242030712] [rtabmap]: rtabmap: subscribe_rgb = false
[INFO] [1771073912.242055416] [rtabmap]: rtabmap: subscribe_stereo = false
[INFO] [1771073912.242076249] [rtabmap]: rtabmap: subscribe_rgbd = false (rgbd_cameras=1)
[INFO] [1771073912.242131931] [rtabmap]: rtabmap: subscribe_sensor_data = false
[INFO] [1771073912.242159292] [rtabmap]: rtabmap: subscribe_odom_info = false
[INFO] [1771073912.242182013] [rtabmap]: rtabmap: subscribe_user_data = false
[INFO] [1771073912.242202974] [rtabmap]: rtabmap: subscribe_scan = false
[INFO] [1771073912.242223103] [rtabmap]: rtabmap: subscribe_scan_cloud = true
[INFO] [1771073912.242243391] [rtabmap]: rtabmap: subscribe_scan_descriptor = false
[INFO] [1771073912.242269056] [rtabmap]: rtabmap: topic_queue_size = 10
[INFO] [1771073912.242291745] [rtabmap]: rtabmap: sync_queue_size  = 200
[INFO] [1771073912.242312738] [rtabmap]: rtabmap: qos_image       = 0
[INFO] [1771073912.242333155] [rtabmap]: rtabmap: qos_camera_info = 0
[INFO] [1771073912.242353443] [rtabmap]: rtabmap: qos_scan        = 0
[INFO] [1771073912.242374180] [rtabmap]: rtabmap: qos_odom        = 0
[INFO] [1771073912.242395109] [rtabmap]: rtabmap: qos_user_data   = 0
[INFO] [1771073912.242415334] [rtabmap]: rtabmap: approx_sync     = true
[INFO] [1771073912.242454215] [rtabmap]: Setup scan callback
[INFO] [1771073912.243933117] [rtabmap]: 
rtabmap subscribed to (approx sync):
   /odom \
   /leo04/livox/lidar
[WARN] [1771073912.246119724] [rtabmap]: There is no image subscription, bag-of-words loop closure detection will be disabled...
[WARN] [1771073912.246193135] [rtabmap]: Setting Kp/MaxFeatures=-1 (bag-of-words disabled)
[INFO] [1771073912.439186458] [rtabmap]: rtabmap (1): Rate=1.00s, Limit=0.000s, Conversion=0.0007s, RTAB-Map=0.0679s, Maps update=0.0020s pub=0.0029s delay=0.2269s (local map=1, WM=1)
[INFO] [1771073913.541406420] [rtabmap]: rtabmap (2): Rate=1.00s, Limit=0.000s, Conversion=0.0008s, RTAB-Map=0.0689s, Maps update=0.0003s pub=0.0013s delay=0.2291s (local map=1, WM=1)
[INFO] [1771073914.553676614] [rtabmap]: rtabmap (3): Rate=1.00s, Limit=0.000s, Conversion=0.0003s, RTAB-Map=0.0741s, Maps update=0.0002s pub=0.0008s delay=0.2409s (local map=1, WM=1)
[INFO] [1771073915.644386589] [rtabmap]: rtabmap (4): Rate=1.00s, Limit=0.000s, Conversion=0.0003s, RTAB-Map=0.0703s, Maps update=0.0002s pub=0.0009s delay=0.2321s (local map=1, WM=1)
[INFO] [1771073916.738563282] [rtabmap]: rtabmap (5): Rate=1.00s, Limit=0.000s, Conversion=0.0003s, RTAB-Map=0.0700s, Maps update=0.0002s pub=0.0008s delay=0.2264s (local map=1, WM=1)
[INFO] [1771073917.912830248] [rtabmap]: rtabmap (6): Rate=1.00s, Limit=0.000s, Conversion=0.0003s, RTAB-Map=0.1190s, Maps update=0.0002s pub=0.0015s delay=0.3008s (local map=1, WM=1)
[INFO] [1771073918.836365182] [rtabmap]: rtabmap (7): Rate=1.00s, Limit=0.000s, Conversion=0.0003s, RTAB-Map=0.0669s, Maps update=0.0003s pub=0.0010s delay=0.2242s (local map=1, WM=1)
[INFO] [1771073919.849400460] [rtabmap]: rtabmap (8): Rate=1.00s, Limit=0.000s, Conversion=0.0003s, RTAB-Map=0.0689s, Maps update=0.0002s pub=0.0014s delay=0.2372s (local map=1, WM=1)
[INFO] [1771073920.860382959] [rtabmap]: rtabmap (9): Rate=1.00s, Limit=0.000s, Conversion=0.0004s, RTAB-Map=0.0743s, Maps update=0.0002s pub=0.0007s delay=0.2482s (local map=1, WM=1)
[INFO] [1771073921.944965863] [rtabmap]: rtabmap (10): Rate=1.00s, Limit=0.000s, Conversion=0.0005s, RTAB-Map=0.0677s, Maps update=0.0002s pub=0.0011s delay=0.2326s (local map=1, WM=1)
[INFO] [1771073922.951899991] [rtabmap]: rtabmap (11): Rate=1.00s, Limit=0.000s, Conversion=0.0004s, RTAB-Map=0.0747s, Maps update=0.0002s pub=0.0007s delay=0.2395s (local map=1, WM=1)
[INFO] [1771073924.438220131] [rtabmap]: rtabmap (12): Rate=1.00s, Limit=0.000s, Conversion=0.0005s, RTAB-Map=0.5630s, Maps update=0.0004s pub=0.0012s delay=0.7252s (local map=1, WM=1)
[INFO] [1771073925.448887962] [rtabmap]: rtabmap (13): Rate=1.00s, Limit=0.000s, Conversion=0.0005s, RTAB-Map=0.1832s, Maps update=0.0003s pub=0.0016s delay=0.5364s (local map=1, WM=1)
[INFO] [1771073926.252581706] [rtabmap]: rtabmap (14): Rate=1.00s, Limit=0.000s, Conversion=0.0012s, RTAB-Map=0.0765s, Maps update=0.0002s pub=0.0007s delay=0.2403s (local map=1, WM=1)
[INFO] [1771073927.348115952] [rtabmap]: rtabmap (15): Rate=1.00s, Limit=0.000s, Conversion=0.0005s, RTAB-Map=0.0742s, Maps update=0.0003s pub=0.0014s delay=0.2358s (local map=1, WM=1)
[INFO] [1771073928.453610785] [rtabmap]: rtabmap (16): Rate=1.00s, Limit=0.000s, Conversion=0.0003s, RTAB-Map=0.0770s, Maps update=0.0003s pub=0.0008s delay=0.2414s (local map=1, WM=1)
[INFO] [1771073929.556862496] [rtabmap]: rtabmap (17): Rate=1.00s, Limit=0.000s, Conversion=0.0005s, RTAB-Map=0.0791s, Maps update=0.0002s pub=0.0007s delay=0.2445s (local map=1, WM=1)
[INFO] [1771073930.551678807] [rtabmap]: rtabmap (18): Rate=1.00s, Limit=0.000s, Conversion=0.0004s, RTAB-Map=0.0698s, Maps update=0.0002s pub=0.0013s delay=0.2393s (local map=1, WM=1)
[INFO] [1771073931.639822545] [rtabmap]: rtabmap (19): Rate=1.00s, Limit=0.000s, Conversion=0.0004s, RTAB-Map=0.0714s, Maps update=0.0003s pub=0.0012s delay=0.2275s (local map=1, WM=1)
[INFO] [1771073932.654734307] [rtabmap]: rtabmap (20): Rate=1.00s, Limit=0.000s, Conversion=0.0006s, RTAB-Map=0.0732s, Maps update=0.0002s pub=0.0013s delay=0.2423s (local map=1, WM=1)
[INFO] [1771073933.749914780] [rtabmap]: rtabmap (21): Rate=1.00s, Limit=0.000s, Conversion=0.0005s, RTAB-Map=0.0703s, Maps update=0.0002s pub=0.0008s delay=0.2375s (local map=1, WM=1)
[INFO] [1771073934.853518184] [rtabmap]: rtabmap (22): Rate=1.00s, Limit=0.000s, Conversion=0.0005s, RTAB-Map=0.0763s, Maps update=0.0002s pub=0.0013s delay=0.2412s (local map=1, WM=1)
[INFO] [1771073935.956342807] [rtabmap]: rtabmap (23): Rate=1.00s, Limit=0.000s, Conversion=0.0003s, RTAB-Map=0.0799s, Maps update=0.0002s pub=0.0009s delay=0.2440s (local map=1, WM=1)
[INFO] [1771073937.053724705] [rtabmap]: rtabmap (24): Rate=1.00s, Limit=0.000s, Conversion=0.0005s, RTAB-Map=0.0799s, Maps update=0.0002s pub=0.0012s delay=0.2413s (local map=1, WM=1)
[INFO] [1771073938.058061106] [rtabmap]: rtabmap (25): Rate=1.00s, Limit=0.000s, Conversion=0.0003s, RTAB-Map=0.0752s, Maps update=0.0002s pub=0.0009s delay=0.2456s (local map=1, WM=1)
[INFO] [1771073939.157979320] [rtabmap]: rtabmap (26): Rate=1.00s, Limit=0.000s, Conversion=0.0005s, RTAB-Map=0.0795s, Maps update=0.0002s pub=0.0010s delay=0.2456s (local map=1, WM=1)
[INFO] [1771073940.146387670] [rtabmap]: rtabmap (27): Rate=1.00s, Limit=0.000s, Conversion=0.0006s, RTAB-Map=0.0703s, Maps update=0.0002s pub=0.0008s delay=0.2339s (local map=1, WM=1)
[INFO] [1771073941.255677400] [rtabmap]: rtabmap (28): Rate=1.00s, Limit=0.000s, Conversion=0.0003s, RTAB-Map=0.0775s, Maps update=0.0002s pub=0.0007s delay=0.2434s (local map=1, WM=1)
[INFO] [1771073942.249257597] [rtabmap]: rtabmap (29): Rate=1.00s, Limit=0.000s, Conversion=0.0005s, RTAB-Map=0.0731s, Maps update=0.0002s pub=0.0014s delay=0.2370s (local map=1, WM=1)
[INFO] [1771073943.257051042] [rtabmap]: rtabmap (30): Rate=1.00s, Limit=0.000s, Conversion=0.0003s, RTAB-Map=0.0760s, Maps update=0.0002s pub=0.0010s delay=0.2447s (local map=1, WM=1)
[INFO] [1771073944.365412051] [rtabmap]: rtabmap (31): Rate=1.00s, Limit=0.000s, Conversion=0.0004s, RTAB-Map=0.0825s, Maps update=0.0003s pub=0.0009s delay=0.2530s (local map=1, WM=1)
[INFO] [1771073945.456157544] [rtabmap]: rtabmap (32): Rate=1.00s, Limit=0.000s, Conversion=0.0009s, RTAB-Map=0.0736s, Maps update=0.0002s pub=0.0008s delay=0.2437s (local map=1, WM=1)
[INFO] [1771073946.547752109] [rtabmap]: rtabmap (33): Rate=1.00s, Limit=0.000s, Conversion=0.0004s, RTAB-Map=0.0685s, Maps update=0.0002s pub=0.0011s delay=0.2355s (local map=1, WM=1)
[INFO] [1771073947.553716688] [rtabmap]: rtabmap (34): Rate=1.00s, Limit=0.000s, Conversion=0.0005s, RTAB-Map=0.0785s, Maps update=0.0002s pub=0.0008s delay=0.2413s (local map=1, WM=1)
[INFO] [1771073948.653627242] [rtabmap]: rtabmap (35): Rate=1.00s, Limit=0.000s, Conversion=0.0005s, RTAB-Map=0.0727s, Maps update=0.0002s pub=0.0007s delay=0.2413s (local map=1, WM=1)
[INFO] [1771073949.654734135] [rtabmap]: rtabmap (36): Rate=1.00s, Limit=0.000s, Conversion=0.0005s, RTAB-Map=0.0766s, Maps update=0.0003s pub=0.0007s delay=0.2423s (local map=1, WM=1)
[INFO] [1771073950.745476332] [rtabmap]: rtabmap (37): Rate=1.00s, Limit=0.000s, Conversion=0.0003s, RTAB-Map=0.0699s, Maps update=0.0002s pub=0.0008s delay=0.2332s (local map=1, WM=1)
[INFO] [1771073951.750552287] [rtabmap]: rtabmap (38): Rate=1.00s, Limit=0.000s, Conversion=0.0003s, RTAB-Map=0.0731s, Maps update=0.0002s pub=0.0012s delay=0.2382s (local map=1, WM=1)
[INFO] [1771073952.849819022] [rtabmap]: rtabmap (39): Rate=1.00s, Limit=0.000s, Conversion=0.0003s, RTAB-Map=0.0728s, Maps update=0.0002s pub=0.0008s delay=0.2376s (local map=1, WM=1)
[INFO] [1771073953.953743215] [rtabmap]: rtabmap (40): Rate=1.00s, Limit=0.000s, Conversion=0.0003s, RTAB-Map=0.0787s, Maps update=0.0003s pub=0.0007s delay=0.2415s (local map=1, WM=1)
[INFO] [1771073954.951693923] [rtabmap]: rtabmap (41): Rate=1.00s, Limit=0.000s, Conversion=0.0005s, RTAB-Map=0.0747s, Maps update=0.0002s pub=0.0007s delay=0.2394s (local map=1, WM=1)
[INFO] [1771073956.053767428] [rtabmap]: rtabmap (42): Rate=1.00s, Limit=0.000s, Conversion=0.0003s, RTAB-Map=0.0766s, Maps update=0.0002s pub=0.0007s delay=0.2416s (local map=1, WM=1)
[INFO] [1771073957.146994661] [rtabmap]: rtabmap (43): Rate=1.00s, Limit=0.000s, Conversion=0.0003s, RTAB-Map=0.0710s, Maps update=0.0003s pub=0.0009s delay=0.2347s (local map=1, WM=1)
[INFO] [1771073958.141565189] [rtabmap]: rtabmap (44): Rate=1.00s, Limit=0.000s, Conversion=0.0003s, RTAB-Map=0.0755s, Maps update=0.0003s pub=0.0015s delay=0.2293s (local map=1, WM=1)
[INFO] [1771073959.154678491] [rtabmap]: rtabmap (45): Rate=1.00s, Limit=0.000s, Conversion=0.0005s, RTAB-Map=0.0773s, Maps update=0.0002s pub=0.0007s delay=0.2423s (local map=1, WM=1)
[INFO] [1771073960.254425210] [rtabmap]: rtabmap (46): Rate=1.00s, Limit=0.000s, Conversion=0.0007s, RTAB-Map=0.0765s, Maps update=0.0002s pub=0.0008s delay=0.2423s (local map=1, WM=1)
[INFO] [1771073961.253082041] [rtabmap]: rtabmap (47): Rate=1.00s, Limit=0.000s, Conversion=0.0003s, RTAB-Map=0.0703s, Maps update=0.0002s pub=0.0007s delay=0.2408s (local map=1, WM=1)
[INFO] [1771073962.250738261] [rtabmap]: rtabmap (48): Rate=1.00s, Limit=0.000s, Conversion=0.0003s, RTAB-Map=0.0741s, Maps update=0.0003s pub=0.0008s delay=0.2383s (local map=1, WM=1)
[INFO] [1771073963.355381599] [rtabmap]: rtabmap (49): Rate=1.00s, Limit=0.000s, Conversion=0.0003s, RTAB-Map=0.0771s, Maps update=0.0002s pub=0.0007s delay=0.2431s (local map=1, WM=1)
[INFO] [1771073964.346714495] [rtabmap]: rtabmap (50): Rate=1.00s, Limit=0.000s, Conversion=0.0005s, RTAB-Map=0.0700s, Maps update=0.0002s pub=0.0011s delay=0.2344s (local map=1, WM=1)
[INFO] [1771073965.454540503] [rtabmap]: rtabmap (51): Rate=1.00s, Limit=0.000s, Conversion=0.0003s, RTAB-Map=0.0812s, Maps update=0.0002s pub=0.0010s delay=0.2422s (local map=1, WM=1)
[INFO] [1771073966.556718764] [rtabmap]: rtabmap (52): Rate=1.00s, Limit=0.000s, Conversion=0.0003s, RTAB-Map=0.0828s, Maps update=0.0002s pub=0.0007s delay=0.2443s (local map=1, WM=1)
[INFO] [1771073967.643695279] [rtabmap]: rtabmap (53): Rate=1.00s, Limit=0.000s, Conversion=0.0004s, RTAB-Map=0.0680s, Maps update=0.0003s pub=0.0009s delay=0.2313s (local map=1, WM=1)
[INFO] [1771073968.749532610] [rtabmap]: rtabmap (54): Rate=1.00s, Limit=0.000s, Conversion=0.0005s, RTAB-Map=0.0773s, Maps update=0.0002s pub=0.0007s delay=0.2371s (local map=1, WM=1)
[INFO] [1771073969.856077519] [rtabmap]: rtabmap (55): Rate=1.00s, Limit=0.000s, Conversion=0.0003s, RTAB-Map=0.0793s, Maps update=0.0002s pub=0.0007s delay=0.2438s (local map=1, WM=1)
[INFO] [1771073970.850436472] [rtabmap]: rtabmap (56): Rate=1.00s, Limit=0.000s, Conversion=0.0003s, RTAB-Map=0.0731s, Maps update=0.0002s pub=0.0016s delay=0.2380s (local map=1, WM=1)
[INFO] [1771073971.952474791] [rtabmap]: rtabmap (57): Rate=1.00s, Limit=0.000s, Conversion=0.0006s, RTAB-Map=0.0760s, Maps update=0.0002s pub=0.0008s delay=0.2401s (local map=1, WM=1)
[INFO] [1771073972.946035156] [rtabmap]: rtabmap (58): Rate=1.00s, Limit=0.000s, Conversion=0.0003s, RTAB-Map=0.0724s, Maps update=0.0002s pub=0.0009s delay=0.2335s (local map=1, WM=1)
[INFO] [1771073974.056190430] [rtabmap]: rtabmap (59): Rate=1.00s, Limit=0.000s, Conversion=0.0006s, RTAB-Map=0.0751s, Maps update=0.0002s pub=0.0008s delay=0.2438s (local map=1, WM=1)
[INFO] [1771073975.067760031] [rtabmap]: rtabmap (60): Rate=1.00s, Limit=0.000s, Conversion=0.0010s, RTAB-Map=0.0841s, Maps update=0.0003s pub=0.0008s delay=0.2553s (local map=1, WM=1)
[INFO] [1771073976.155526525] [rtabmap]: rtabmap (61): Rate=1.00s, Limit=0.000s, Conversion=0.0003s, RTAB-Map=0.0732s, Maps update=0.0002s pub=0.0015s delay=0.2432s (local map=1, WM=1)
[INFO] [1771073977.150833415] [rtabmap]: rtabmap (62): Rate=1.00s, Limit=0.000s, Conversion=0.0003s, RTAB-Map=0.0785s, Maps update=0.0004s pub=0.0015s delay=0.2385s (local map=1, WM=1)
[INFO] [1771073978.158068880] [rtabmap]: rtabmap (63): Rate=1.00s, Limit=0.000s, Conversion=0.0005s, RTAB-Map=0.0811s, Maps update=0.0002s pub=0.0008s delay=0.2456s (local map=1, WM=1)
[INFO] [1771073979.247998938] [rtabmap]: rtabmap (64): Rate=1.00s, Limit=0.000s, Conversion=0.0004s, RTAB-Map=0.0757s, Maps update=0.0002s pub=0.0008s delay=0.2355s (local map=1, WM=1)
[INFO] [1771073980.254472393] [rtabmap]: rtabmap (65): Rate=1.00s, Limit=0.000s, Conversion=0.0007s, RTAB-Map=0.0774s, Maps update=0.0002s pub=0.0008s delay=0.2420s (local map=1, WM=1)
[INFO] [1771073981.354768060] [rtabmap]: rtabmap (66): Rate=1.00s, Limit=0.000s, Conversion=0.0003s, RTAB-Map=0.0748s, Maps update=0.0002s pub=0.0008s delay=0.2423s (local map=1, WM=1)
[INFO] [1771073982.467853292] [rtabmap]: rtabmap (67): Rate=1.00s, Limit=0.000s, Conversion=0.0003s, RTAB-Map=0.0915s, Maps update=0.0003s pub=0.0008s delay=0.2554s (local map=1, WM=1)
[INFO] [1771073983.446028193] [rtabmap]: rtabmap (68): Rate=1.00s, Limit=0.000s, Conversion=0.0005s, RTAB-Map=0.0758s, Maps update=0.0002s pub=0.0012s delay=0.2336s (local map=1, WM=1)
[INFO] [1771073984.450894808] [rtabmap]: rtabmap (69): Rate=1.00s, Limit=0.000s, Conversion=0.0003s, RTAB-Map=0.0799s, Maps update=0.0002s pub=0.0008s delay=0.2384s (local map=1, WM=1)
[INFO] [1771073985.450631740] [rtabmap]: rtabmap (70): Rate=1.00s, Limit=0.000s, Conversion=0.0004s, RTAB-Map=0.0704s, Maps update=0.0003s pub=0.0007s delay=0.2380s (local map=1, WM=1)
[INFO] [1771073986.557747612] [rtabmap]: rtabmap (71): Rate=1.00s, Limit=0.000s, Conversion=0.0005s, RTAB-Map=0.0781s, Maps update=0.0014s pub=0.0010s delay=0.2452s (local map=1, WM=1)
[INFO] [1771073987.651264163] [rtabmap]: rtabmap (72): Rate=1.00s, Limit=0.000s, Conversion=0.0003s, RTAB-Map=0.0791s, Maps update=0.0002s pub=0.0008s delay=0.2389s (local map=1, WM=1)
[INFO] [1771073988.648242247] [rtabmap]: rtabmap (73): Rate=1.00s, Limit=0.000s, Conversion=0.0005s, RTAB-Map=0.0796s, Maps update=0.0002s pub=0.0008s delay=0.2357s (local map=1, WM=1)
[INFO] [1771073989.752237339] [rtabmap]: rtabmap (74): Rate=1.00s, Limit=0.000s, Conversion=0.0005s, RTAB-Map=0.0770s, Maps update=0.0003s pub=0.0009s delay=0.2398s (local map=1, WM=1)
[INFO] [1771073990.856279888] [rtabmap]: rtabmap (75): Rate=1.00s, Limit=0.000s, Conversion=0.0005s, RTAB-Map=0.0734s, Maps update=0.0003s pub=0.0009s delay=0.2438s (local map=1, WM=1)
[INFO] [1771073991.844055092] [rtabmap]: rtabmap (76): Rate=1.00s, Limit=0.000s, Conversion=0.0004s, RTAB-Map=0.0718s, Maps update=0.0002s pub=0.0008s delay=0.2315s (local map=1, WM=1)
[INFO] [1771073992.854771126] [rtabmap]: rtabmap (77): Rate=1.00s, Limit=0.000s, Conversion=0.0004s, RTAB-Map=0.0748s, Maps update=0.0002s pub=0.0007s delay=0.2421s (local map=1, WM=1)
[INFO] [1771073993.954224396] [rtabmap]: rtabmap (78): Rate=1.00s, Limit=0.000s, Conversion=0.0008s, RTAB-Map=0.0758s, Maps update=0.0002s pub=0.0008s delay=0.2417s (local map=1, WM=1)
[INFO] [1771073994.946415625] [rtabmap]: rtabmap (79): Rate=1.00s, Limit=0.000s, Conversion=0.0003s, RTAB-Map=0.0711s, Maps update=0.0003s pub=0.0015s delay=0.2339s (local map=1, WM=1)
[INFO] [1771073995.948196693] [rtabmap]: rtabmap (80): Rate=1.00s, Limit=0.000s, Conversion=0.0006s, RTAB-Map=0.0764s, Maps update=0.0002s pub=0.0007s delay=0.2356s (local map=1, WM=1)
[INFO] [1771073996.962606968] [rtabmap]: rtabmap (81): Rate=1.00s, Limit=0.000s, Conversion=0.0004s, RTAB-Map=0.0810s, Maps update=0.0003s pub=0.0014s delay=0.2499s (local map=1, WM=1)
[INFO] [1771073998.049828003] [rtabmap]: rtabmap (82): Rate=1.00s, Limit=0.000s, Conversion=0.0003s, RTAB-Map=0.0734s, Maps update=0.0002s pub=0.0008s delay=0.2372s (local map=1, WM=1)
[INFO] [1771073999.151883987] [rtabmap]: rtabmap (83): Rate=1.00s, Limit=0.000s, Conversion=0.0005s, RTAB-Map=0.0704s, Maps update=0.0004s pub=0.0009s delay=0.2393s (local map=1, WM=1)
[INFO] [1771074000.156629350] [rtabmap]: rtabmap (84): Rate=1.00s, Limit=0.000s, Conversion=0.0005s, RTAB-Map=0.0794s, Maps update=0.0002s pub=0.0008s delay=0.2439s (local map=1, WM=1)
[INFO] [1771074001.247347787] [rtabmap]: rtabmap (85): Rate=1.00s, Limit=0.000s, Conversion=0.0004s, RTAB-Map=0.0761s, Maps update=0.0003s pub=0.0013s delay=0.2348s (local map=1, WM=1)
[INFO] [1771074002.355202693] [rtabmap]: rtabmap (86): Rate=1.00s, Limit=0.000s, Conversion=0.0005s, RTAB-Map=0.0761s, Maps update=0.0002s pub=0.0008s delay=0.2426s (local map=1, WM=1)
[INFO] [1771074003.346757772] [rtabmap]: rtabmap (87): Rate=1.00s, Limit=0.000s, Conversion=0.0003s, RTAB-Map=0.0780s, Maps update=0.0003s pub=0.0010s delay=0.2340s (local map=1, WM=1)
[INFO] [1771074004.340892125] [rtabmap]: rtabmap (88): Rate=1.00s, Limit=0.000s, Conversion=0.0005s, RTAB-Map=0.0691s, Maps update=0.0002s pub=0.0008s delay=0.2281s (local map=1, WM=1)
[INFO] [1771074005.455153866] [rtabmap]: rtabmap (89): Rate=1.00s, Limit=0.000s, Conversion=0.0003s, RTAB-Map=0.0805s, Maps update=0.0002s pub=0.0008s delay=0.2425s (local map=1, WM=1)
[INFO] [1771074006.453208452] [rtabmap]: rtabmap (90): Rate=1.00s, Limit=0.000s, Conversion=0.0005s, RTAB-Map=0.0730s, Maps update=0.0002s pub=0.0009s delay=0.2405s (local map=1, WM=1)
[INFO] [1771074007.557539917] [rtabmap]: rtabmap (91): Rate=1.00s, Limit=0.000s, Conversion=0.0005s, RTAB-Map=0.0760s, Maps update=0.0003s pub=0.0014s delay=0.2448s (local map=1, WM=1)
[INFO] [1771074008.645946350] [rtabmap]: rtabmap (92): Rate=1.00s, Limit=0.000s, Conversion=0.0003s, RTAB-Map=0.0653s, Maps update=0.0002s pub=0.0012s delay=0.2333s (local map=1, WM=1)
[INFO] [1771074009.748273077] [rtabmap]: rtabmap (93): Rate=1.00s, Limit=0.000s, Conversion=0.0005s, RTAB-Map=0.0699s, Maps update=0.0003s pub=0.0007s delay=0.2356s (local map=1, WM=1)
[INFO] [1771074010.738790424] [rtabmap]: rtabmap (94): Rate=1.00s, Limit=0.000s, Conversion=0.0003s, RTAB-Map=0.0702s, Maps update=0.0004s pub=0.0008s delay=0.2261s (local map=1, WM=1)
[INFO] [1771074011.846211430] [rtabmap]: rtabmap (95): Rate=1.00s, Limit=0.000s, Conversion=0.0005s, RTAB-Map=0.0762s, Maps update=0.0002s pub=0.0008s delay=0.2335s (local map=1, WM=1)
[INFO] [1771074012.947256484] [rtabmap]: rtabmap (96): Rate=1.00s, Limit=0.000s, Conversion=0.0005s, RTAB-Map=0.0710s, Maps update=0.0002s pub=0.0010s delay=0.2345s (local map=1, WM=1)
[INFO] [1771074014.041671657] [rtabmap]: rtabmap (97): Rate=1.00s, Limit=0.000s, Conversion=0.0005s, RTAB-Map=0.0683s, Maps update=0.0002s pub=0.0009s delay=0.2289s (local map=1, WM=1)
[INFO] [1771074015.162548399] [rtabmap]: rtabmap (98): Rate=1.00s, Limit=0.000s, Conversion=0.0003s, RTAB-Map=0.0826s, Maps update=0.0002s pub=0.0008s delay=0.2498s (local map=1, WM=1)
[INFO] [1771074016.249688102] [rtabmap]: rtabmap (99): Rate=1.00s, Limit=0.000s, Conversion=0.0007s, RTAB-Map=0.0724s, Maps update=0.0003s pub=0.0010s delay=0.2371s (local map=1, WM=1)
[INFO] [1771074017.247338067] [rtabmap]: rtabmap (100): Rate=1.00s, Limit=0.000s, Conversion=0.0003s, RTAB-Map=0.0722s, Maps update=0.0002s pub=0.0009s delay=0.2345s (local map=1, WM=1)
[INFO] [1771074018.351091273] [rtabmap]: rtabmap (101): Rate=1.00s, Limit=0.000s, Conversion=0.0006s, RTAB-Map=0.0764s, Maps update=0.0004s pub=0.0009s delay=0.2384s (local map=1, WM=1)
[INFO] [1771074019.355855261] [rtabmap]: rtabmap (102): Rate=1.00s, Limit=0.000s, Conversion=0.0005s, RTAB-Map=0.0818s, Maps update=0.0003s pub=0.0014s delay=0.2431s (local map=1, WM=1)
[INFO] [1771074020.354824053] [rtabmap]: rtabmap (103): Rate=1.00s, Limit=0.000s, Conversion=0.0003s, RTAB-Map=0.0733s, Maps update=0.0002s pub=0.0007s delay=0.2420s (local map=1, WM=1)
[INFO] [1771074021.461281347] [rtabmap]: rtabmap (104): Rate=1.00s, Limit=0.000s, Conversion=0.0004s, RTAB-Map=0.0803s, Maps update=0.0002s pub=0.0009s delay=0.2485s (local map=1, WM=1)
[INFO] [1771074022.560196219] [rtabmap]: rtabmap (105): Rate=1.00s, Limit=0.000s, Conversion=0.0003s, RTAB-Map=0.0784s, Maps update=0.0003s pub=0.0013s delay=0.2474s (local map=1, WM=1)
[INFO] [1771074023.552636477] [rtabmap]: rtabmap (106): Rate=1.00s, Limit=0.000s, Conversion=0.0004s, RTAB-Map=0.0760s, Maps update=0.0002s pub=0.0007s delay=0.2398s (local map=1, WM=1)
[INFO] [1771074024.649082693] [rtabmap]: rtabmap (107): Rate=1.00s, Limit=0.000s, Conversion=0.0005s, RTAB-Map=0.0696s, Maps update=0.0002s pub=0.0014s delay=0.2362s (local map=1, WM=1)
[INFO] [1771074025.646622062] [rtabmap]: rtabmap (108): Rate=1.00s, Limit=0.000s, Conversion=0.0011s, RTAB-Map=0.0711s, Maps update=0.0002s pub=0.0008s delay=0.2338s (local map=1, WM=1)
[INFO] [1771074026.744317214] [rtabmap]: rtabmap (109): Rate=1.00s, Limit=0.000s, Conversion=0.0003s, RTAB-Map=0.0685s, Maps update=0.0002s pub=0.0012s delay=0.2315s (local map=1, WM=1)
[INFO] [1771074027.848261594] [rtabmap]: rtabmap (110): Rate=1.00s, Limit=0.000s, Conversion=0.0005s, RTAB-Map=0.0726s, Maps update=0.0003s pub=0.0010s delay=0.2356s (local map=1, WM=1)
[INFO] [1771074028.852037327] [rtabmap]: rtabmap (111): Rate=1.00s, Limit=0.000s, Conversion=0.0005s, RTAB-Map=0.0695s, Maps update=0.0002s pub=0.0011s delay=0.2392s (local map=1, WM=1)
[INFO] [1771074029.953594877] [rtabmap]: rtabmap (112): Rate=1.00s, Limit=0.000s, Conversion=0.0007s, RTAB-Map=0.0703s, Maps update=0.0002s pub=0.0014s delay=0.2409s (local map=1, WM=1)
[INFO] [1771074031.037953626] [rtabmap]: rtabmap (113): Rate=1.00s, Limit=0.000s, Conversion=0.0005s, RTAB-Map=0.0666s, Maps update=0.0002s pub=0.0011s delay=0.2251s (local map=1, WM=1)
[INFO] [1771074032.052571376] [rtabmap]: rtabmap (114): Rate=1.00s, Limit=0.000s, Conversion=0.0003s, RTAB-Map=0.0731s, Maps update=0.0002s pub=0.0007s delay=0.2397s (local map=1, WM=1)
[INFO] [1771074033.151342596] [rtabmap]: rtabmap (115): Rate=1.00s, Limit=0.000s, Conversion=0.0005s, RTAB-Map=0.0743s, Maps update=0.0002s pub=0.0012s delay=0.2385s (local map=1, WM=1)
[INFO] [1771074034.241761382] [rtabmap]: rtabmap (116): Rate=1.00s, Limit=0.000s, Conversion=0.0003s, RTAB-Map=0.0688s, Maps update=0.0003s pub=0.0012s delay=0.2289s (local map=1, WM=1)
[INFO] [1771074035.353083380] [rtabmap]: rtabmap (117): Rate=1.00s, Limit=0.000s, Conversion=0.0004s, RTAB-Map=0.0755s, Maps update=0.0002s pub=0.0007s delay=0.2404s (local map=1, WM=1)
[INFO] [1771074036.360560801] [rtabmap]: rtabmap (118): Rate=1.00s, Limit=0.000s, Conversion=0.0003s, RTAB-Map=0.0858s, Maps update=0.0002s pub=0.0008s delay=0.2476s (local map=1, WM=1)
[INFO] [1771074037.455308305] [rtabmap]: rtabmap (119): Rate=1.00s, Limit=0.000s, Conversion=0.0005s, RTAB-Map=0.0769s, Maps update=0.0002s pub=0.0007s delay=0.2424s (local map=1, WM=1)
[INFO] [1771074038.550605107] [rtabmap]: rtabmap (120): Rate=1.00s, Limit=0.000s, Conversion=0.0003s, RTAB-Map=0.0678s, Maps update=0.0003s pub=0.0007s delay=0.2377s (local map=1, WM=1)
[INFO] [1771074039.639936274] [rtabmap]: rtabmap (121): Rate=1.00s, Limit=0.000s, Conversion=0.0004s, RTAB-Map=0.0692s, Maps update=0.0002s pub=0.0016s delay=0.2269s (local map=1, WM=1)
[INFO] [1771074040.747449507] [rtabmap]: rtabmap (122): Rate=1.00s, Limit=0.000s, Conversion=0.0008s, RTAB-Map=0.0738s, Maps update=0.0003s pub=0.0018s delay=0.2345s (local map=1, WM=1)
[INFO] [1771074041.852365215] [rtabmap]: rtabmap (123): Rate=1.00s, Limit=0.000s, Conversion=0.0005s, RTAB-Map=0.0728s, Maps update=0.0003s pub=0.0008s delay=0.2395s (local map=1, WM=1)
[INFO] [1771074042.854130674] [rtabmap]: rtabmap (124): Rate=1.00s, Limit=0.000s, Conversion=0.0003s, RTAB-Map=0.0742s, Maps update=0.0002s pub=0.0008s delay=0.2412s (local map=1, WM=1)
[INFO] [1771074043.945385520] [rtabmap]: rtabmap (125): Rate=1.00s, Limit=0.000s, Conversion=0.0003s, RTAB-Map=0.0734s, Maps update=0.0002s pub=0.0009s delay=0.2325s (local map=1, WM=1)
[INFO] [1771074045.054313871] [rtabmap]: rtabmap (126): Rate=1.00s, Limit=0.000s, Conversion=0.0011s, RTAB-Map=0.0761s, Maps update=0.0002s pub=0.0007s delay=0.2413s (local map=1, WM=1)
[INFO] [1771074046.162419699] [rtabmap]: rtabmap (127): Rate=1.00s, Limit=0.000s, Conversion=0.0005s, RTAB-Map=0.0736s, Maps update=0.0003s pub=0.0009s delay=0.2496s (local map=1, WM=1)
[INFO] [1771074047.151627308] [rtabmap]: rtabmap (128): Rate=1.00s, Limit=0.000s, Conversion=0.0005s, RTAB-Map=0.0699s, Maps update=0.0002s pub=0.0007s delay=0.2386s (local map=1, WM=1)
[INFO] [1771074048.257466758] [rtabmap]: rtabmap (129): Rate=1.00s, Limit=0.000s, Conversion=0.0004s, RTAB-Map=0.0797s, Maps update=0.0002s pub=0.0007s delay=0.2446s (local map=1, WM=1)
[INFO] [1771074049.354982065] [rtabmap]: rtabmap (130): Rate=1.00s, Limit=0.000s, Conversion=0.0003s, RTAB-Map=0.0728s, Maps update=0.0002s pub=0.0011s delay=0.2421s (local map=1, WM=1)
[INFO] [1771074050.453474459] [rtabmap]: rtabmap (131): Rate=1.00s, Limit=0.000s, Conversion=0.0003s, RTAB-Map=0.0724s, Maps update=0.0014s pub=0.0008s delay=0.2408s (local map=1, WM=1)
[INFO] [1771074051.460227568] [rtabmap]: rtabmap (132): Rate=1.00s, Limit=0.000s, Conversion=0.0003s, RTAB-Map=0.0781s, Maps update=0.0003s pub=0.0009s delay=0.2474s (local map=1, WM=1)
[INFO] [1771074052.453755766] [rtabmap]: rtabmap (133): Rate=1.00s, Limit=0.000s, Conversion=0.0007s, RTAB-Map=0.0753s, Maps update=0.0002s pub=0.0007s delay=0.2407s (local map=1, WM=1)
[INFO] [1771074053.547930867] [rtabmap]: rtabmap (134): Rate=1.00s, Limit=0.000s, Conversion=0.0004s, RTAB-Map=0.0814s, Maps update=0.0004s pub=0.0014s delay=0.2351s (local map=1, WM=1)
[INFO] [1771074054.550541378] [rtabmap]: rtabmap (135): Rate=1.00s, Limit=0.000s, Conversion=0.0003s, RTAB-Map=0.0790s, Maps update=0.0002s pub=0.0009s delay=0.2376s (local map=1, WM=1)
[INFO] [1771074055.648218513] [rtabmap]: rtabmap (136): Rate=1.00s, Limit=0.000s, Conversion=0.0005s, RTAB-Map=0.0690s, Maps update=0.0008s pub=0.0007s delay=0.2353s (local map=1, WM=1)
[INFO] [1771074056.647975267] [rtabmap]: rtabmap (137): Rate=1.00s, Limit=0.000s, Conversion=0.0003s, RTAB-Map=0.0711s, Maps update=0.0004s pub=0.0008s delay=0.2350s (local map=1, WM=1)
[INFO] [1771074057.758384850] [rtabmap]: rtabmap (138): Rate=1.00s, Limit=0.000s, Conversion=0.0003s, RTAB-Map=0.0794s, Maps update=0.0002s pub=0.0007s delay=0.2454s (local map=1, WM=1)
[INFO] [1771074058.847177952] [rtabmap]: rtabmap (139): Rate=1.00s, Limit=0.000s, Conversion=0.0005s, RTAB-Map=0.0716s, Maps update=0.0003s pub=0.0013s delay=0.2344s (local map=1, WM=1)
[INFO] [1771074059.848752686] [rtabmap]: rtabmap (140): Rate=1.00s, Limit=0.000s, Conversion=0.0005s, RTAB-Map=0.0704s, Maps update=0.0002s pub=0.0008s delay=0.2357s (local map=1, WM=1)
[INFO] [1771074060.852995632] [rtabmap]: rtabmap (141): Rate=1.00s, Limit=0.000s, Conversion=0.0003s, RTAB-Map=0.0770s, Maps update=0.0002s pub=0.0008s delay=0.2399s (local map=1, WM=1)
[INFO] [1771074061.948486989] [rtabmap]: rtabmap (142): Rate=1.00s, Limit=0.000s, Conversion=0.0005s, RTAB-Map=0.0732s, Maps update=0.0002s pub=0.0008s delay=0.2355s (local map=1, WM=1)
[INFO] [1771074063.054187396] [rtabmap]: rtabmap (143): Rate=1.00s, Limit=0.000s, Conversion=0.0005s, RTAB-Map=0.0724s, Maps update=0.0002s pub=0.0007s delay=0.2412s (local map=1, WM=1)
[INFO] [1771074064.053691813] [rtabmap]: rtabmap (144): Rate=1.00s, Limit=0.000s, Conversion=0.0005s, RTAB-Map=0.0817s, Maps update=0.0002s pub=0.0008s delay=0.2406s (local map=1, WM=1)
[INFO] [1771074065.150552048] [rtabmap]: rtabmap (145): Rate=1.00s, Limit=0.000s, Conversion=0.0004s, RTAB-Map=0.0695s, Maps update=0.0003s pub=0.0010s delay=0.2374s (local map=1, WM=1)
[INFO] [1771074066.252693391] [rtabmap]: rtabmap (146): Rate=1.00s, Limit=0.000s, Conversion=0.0005s, RTAB-Map=0.0771s, Maps update=0.0002s pub=0.0010s delay=0.2396s (local map=1, WM=1)
[INFO] [1771074067.356371234] [rtabmap]: rtabmap (147): Rate=1.00s, Limit=0.000s, Conversion=0.0003s, RTAB-Map=0.0809s, Maps update=0.0002s pub=0.0009s delay=0.2433s (local map=1, WM=1)
[INFO] [1771074068.454008444] [rtabmap]: rtabmap (148): Rate=1.00s, Limit=0.000s, Conversion=0.0005s, RTAB-Map=0.0713s, Maps update=0.0002s pub=0.0007s delay=0.2409s (local map=1, WM=1)
[INFO] [1771074069.553572957] [rtabmap]: rtabmap (149): Rate=1.00s, Limit=0.000s, Conversion=0.0004s, RTAB-Map=0.0797s, Maps update=0.0003s pub=0.0007s delay=0.2406s (local map=1, WM=1)
[INFO] [1771074070.566100815] [rtabmap]: rtabmap (150): Rate=1.00s, Limit=0.000s, Conversion=0.0003s, RTAB-Map=0.0813s, Maps update=0.0003s pub=0.0014s delay=0.2531s (local map=1, WM=1)
[INFO] [1771074071.654532154] [rtabmap]: rtabmap (151): Rate=1.00s, Limit=0.000s, Conversion=0.0005s, RTAB-Map=0.0784s, Maps update=0.0002s pub=0.0013s delay=0.2414s (local map=1, WM=1)
[INFO] [1771074072.754434117] [rtabmap]: rtabmap (152): Rate=1.00s, Limit=0.000s, Conversion=0.0007s, RTAB-Map=0.0788s, Maps update=0.0002s pub=0.0008s delay=0.2414s (local map=1, WM=1)
[INFO] [1771074073.854012902] [rtabmap]: rtabmap (153): Rate=1.00s, Limit=0.000s, Conversion=0.0006s, RTAB-Map=0.0785s, Maps update=0.0003s pub=0.0009s delay=0.2418s (local map=1, WM=1)
[INFO] [1771074074.851705030] [rtabmap]: rtabmap (154): Rate=1.00s, Limit=0.000s, Conversion=0.0003s, RTAB-Map=0.0784s, Maps update=0.0002s pub=0.0007s delay=0.2386s (local map=1, WM=1)
[INFO] [1771074075.952209254] [rtabmap]: rtabmap (155): Rate=1.00s, Limit=0.000s, Conversion=0.0005s, RTAB-Map=0.0751s, Maps update=0.0002s pub=0.0009s delay=0.2394s (local map=1, WM=1)
[INFO] [1771074076.952971245] [rtabmap]: rtabmap (156): Rate=1.00s, Limit=0.000s, Conversion=0.0005s, RTAB-Map=0.0792s, Maps update=0.0002s pub=0.0007s delay=0.2399s (local map=1, WM=1)
[INFO] [1771074078.057051589] [rtabmap]: rtabmap (157): Rate=1.00s, Limit=0.000s, Conversion=0.0005s, RTAB-Map=0.0811s, Maps update=0.0002s pub=0.0007s delay=0.2441s (local map=1, WM=1)
[INFO] [1771074079.054614273] [rtabmap]: rtabmap (158): Rate=1.00s, Limit=0.000s, Conversion=0.0005s, RTAB-Map=0.0781s, Maps update=0.0003s pub=0.0007s delay=0.2415s (local map=1, WM=1)
[INFO] [1771074080.150964565] [rtabmap]: rtabmap (159): Rate=1.00s, Limit=0.000s, Conversion=0.0005s, RTAB-Map=0.0718s, Maps update=0.0002s pub=0.0008s delay=0.2381s (local map=1, WM=1)
[INFO] [1771074081.151837088] [rtabmap]: rtabmap (160): Rate=1.00s, Limit=0.000s, Conversion=0.0005s, RTAB-Map=0.0768s, Maps update=0.0003s pub=0.0013s delay=0.2387s (local map=1, WM=1)
[INFO] [1771074082.252102040] [rtabmap]: rtabmap (161): Rate=1.00s, Limit=0.000s, Conversion=0.0005s, RTAB-Map=0.0750s, Maps update=0.0002s pub=0.0008s delay=0.2388s (local map=1, WM=1)
[INFO] [1771074083.356076364] [rtabmap]: rtabmap (162): Rate=1.00s, Limit=0.000s, Conversion=0.0005s, RTAB-Map=0.0753s, Maps update=0.0002s pub=0.0007s delay=0.2431s (local map=1, WM=1)
[INFO] [1771074084.345560985] [rtabmap]: rtabmap (163): Rate=1.00s, Limit=0.000s, Conversion=0.0004s, RTAB-Map=0.0700s, Maps update=0.0002s pub=0.0009s delay=0.2325s (local map=1, WM=1)
[INFO] [1771074085.446416548] [rtabmap]: rtabmap (164): Rate=1.00s, Limit=0.000s, Conversion=0.0003s, RTAB-Map=0.0777s, Maps update=0.0002s pub=0.0009s delay=0.2342s (local map=1, WM=1)
[INFO] [1771074086.452291799] [rtabmap]: rtabmap (165): Rate=1.00s, Limit=0.000s, Conversion=0.0003s, RTAB-Map=0.0709s, Maps update=0.0002s pub=0.0013s delay=0.2391s (local map=1, WM=1)
[INFO] [1771074087.548756559] [rtabmap]: rtabmap (166): Rate=1.00s, Limit=0.000s, Conversion=0.0004s, RTAB-Map=0.0694s, Maps update=0.0003s pub=0.0010s delay=0.2357s (local map=1, WM=1)
[INFO] [1771074088.650894662] [rtabmap]: rtabmap (167): Rate=1.00s, Limit=0.000s, Conversion=0.0005s, RTAB-Map=0.0706s, Maps update=0.0002s pub=0.0008s delay=0.2386s (local map=1, WM=1)
[INFO] [1771074089.650824977] [rtabmap]: rtabmap (168): Rate=1.00s, Limit=0.000s, Conversion=0.0005s, RTAB-Map=0.0789s, Maps update=0.0002s pub=0.0007s delay=0.2377s (local map=1, WM=1)
[INFO] [1771074090.741039479] [rtabmap]: rtabmap (169): Rate=1.00s, Limit=0.000s, Conversion=0.0003s, RTAB-Map=0.0668s, Maps update=0.0002s pub=0.0008s delay=0.2281s (local map=1, WM=1)
[INFO] [1771074091.764323444] [rtabmap]: rtabmap (170): Rate=1.00s, Limit=0.000s, Conversion=0.0005s, RTAB-Map=0.0801s, Maps update=0.0002s pub=0.0009s delay=0.2513s (local map=1, WM=1)
[INFO] [1771074092.757249876] [rtabmap]: rtabmap (171): Rate=1.00s, Limit=0.000s, Conversion=0.0003s, RTAB-Map=0.0785s, Maps update=0.0002s pub=0.0008s delay=0.2442s (local map=1, WM=1)
[INFO] [1771074093.855542089] [rtabmap]: rtabmap (172): Rate=1.00s, Limit=0.000s, Conversion=0.0013s, RTAB-Map=0.0762s, Maps update=0.0002s pub=0.0007s delay=0.2425s (local map=1, WM=1)
[INFO] [1771074094.845667979] [rtabmap]: rtabmap (173): Rate=1.00s, Limit=0.000s, Conversion=0.0004s, RTAB-Map=0.0737s, Maps update=0.0002s pub=0.0021s delay=0.2326s (local map=1, WM=1)
[INFO] [1771074095.946121577] [rtabmap]: rtabmap (174): Rate=1.00s, Limit=0.000s, Conversion=0.0003s, RTAB-Map=0.0704s, Maps update=0.0002s pub=0.0018s delay=0.2329s (local map=1, WM=1)
[INFO] [1771074097.044831789] [rtabmap]: rtabmap (175): Rate=1.00s, Limit=0.000s, Conversion=0.0006s, RTAB-Map=0.0697s, Maps update=0.0002s pub=0.0009s delay=0.2316s (local map=1, WM=1)
[INFO] [1771074098.151513084] [rtabmap]: rtabmap (176): Rate=1.00s, Limit=0.000s, Conversion=0.0003s, RTAB-Map=0.0791s, Maps update=0.0003s pub=0.0017s delay=0.2385s (local map=1, WM=1)
[INFO] [1771074099.149380770] [rtabmap]: rtabmap (177): Rate=1.00s, Limit=0.000s, Conversion=0.0003s, RTAB-Map=0.0756s, Maps update=0.0002s pub=0.0007s delay=0.2362s (local map=1, WM=1)
[INFO] [1771074100.151470102] [rtabmap]: rtabmap (178): Rate=1.00s, Limit=0.000s, Conversion=0.0006s, RTAB-Map=0.0781s, Maps update=0.0002s pub=0.0009s delay=0.2383s (local map=1, WM=1)
[INFO] [1771074101.242303697] [rtabmap]: rtabmap (179): Rate=1.00s, Limit=0.000s, Conversion=0.0005s, RTAB-Map=0.0740s, Maps update=0.0002s pub=0.0008s delay=0.2291s (local map=1, WM=1)
[INFO] [1771074102.242717196] [rtabmap]: rtabmap (180): Rate=1.00s, Limit=0.000s, Conversion=0.0010s, RTAB-Map=0.0690s, Maps update=0.0002s pub=0.0017s delay=0.2295s (local map=1, WM=1)
[INFO] [1771074103.264290415] [rtabmap]: rtabmap (181): Rate=1.00s, Limit=0.000s, Conversion=0.0005s, RTAB-Map=0.0856s, Maps update=0.0002s pub=0.0007s delay=0.2510s (local map=1, WM=1)
[INFO] [1771074104.355288815] [rtabmap]: rtabmap (182): Rate=1.00s, Limit=0.000s, Conversion=0.0003s, RTAB-Map=0.0727s, Maps update=0.0002s pub=0.0007s delay=0.2419s (local map=1, WM=1)
[INFO] [1771074105.442976384] [rtabmap]: rtabmap (183): Rate=1.00s, Limit=0.000s, Conversion=0.0003s, RTAB-Map=0.0695s, Maps update=0.0005s pub=0.0014s delay=0.2305s (local map=1, WM=1)
[INFO] [1771074106.458823459] [rtabmap]: rtabmap (184): Rate=1.00s, Limit=0.000s, Conversion=0.0007s, RTAB-Map=0.0773s, Maps update=0.0002s pub=0.0010s delay=0.2455s (local map=1, WM=1)
[INFO] [1771074107.544483824] [rtabmap]: rtabmap (185): Rate=1.00s, Limit=0.000s, Conversion=0.0007s, RTAB-Map=0.0735s, Maps update=0.0002s pub=0.0008s delay=0.2312s (local map=1, WM=1)
[INFO] [1771074108.666014546] [rtabmap]: rtabmap (186): Rate=1.00s, Limit=0.000s, Conversion=0.0006s, RTAB-Map=0.0821s, Maps update=0.0002s pub=0.0011s delay=0.2539s (local map=1, WM=1)
[INFO] [1771074109.652226416] [rtabmap]: rtabmap (187): Rate=1.00s, Limit=0.000s, Conversion=0.0005s, RTAB-Map=0.0756s, Maps update=0.0002s pub=0.0009s delay=0.2389s (local map=1, WM=1)
[INFO] [1771074110.756332585] [rtabmap]: rtabmap (188): Rate=1.00s, Limit=0.000s, Conversion=0.0006s, RTAB-Map=0.0782s, Maps update=0.0002s pub=0.0007s delay=0.2429s (local map=1, WM=1)
[INFO] [1771074111.868278474] [rtabmap]: rtabmap (189): Rate=1.00s, Limit=0.000s, Conversion=0.0008s, RTAB-Map=0.0872s, Maps update=0.0002s pub=0.0007s delay=0.2551s (local map=1, WM=1)
[INFO] [1771074112.857961565] [rtabmap]: rtabmap (190): Rate=1.00s, Limit=0.000s, Conversion=0.0004s, RTAB-Map=0.0802s, Maps update=0.0002s pub=0.0009s delay=0.2448s (local map=1, WM=1)
[INFO] [1771074113.962773677] [rtabmap]: rtabmap (191): Rate=1.00s, Limit=0.000s, Conversion=0.0003s, RTAB-Map=0.0814s, Maps update=0.0002s pub=0.0008s delay=0.2496s (local map=1, WM=1)
[INFO] [1771074114.950039887] [rtabmap]: rtabmap (192): Rate=1.00s, Limit=0.000s, Conversion=0.0005s, RTAB-Map=0.0732s, Maps update=0.0002s pub=0.0014s delay=0.2366s (local map=1, WM=1)
[INFO] [1771074116.049232899] [rtabmap]: rtabmap (193): Rate=1.00s, Limit=0.000s, Conversion=0.0003s, RTAB-Map=0.0696s, Maps update=0.0002s pub=0.0007s delay=0.2358s (local map=1, WM=1)
[INFO] [1771074117.150531581] [rtabmap]: rtabmap (194): Rate=1.00s, Limit=0.000s, Conversion=0.0005s, RTAB-Map=0.0754s, Maps update=0.0003s pub=0.0012s delay=0.2381s (local map=1, WM=1)
[INFO] [1771074118.147976885] [rtabmap]: rtabmap (195): Rate=1.00s, Limit=0.000s, Conversion=0.0008s, RTAB-Map=0.0768s, Maps update=0.0003s pub=0.0008s delay=0.2346s (local map=1, WM=1)
[INFO] [1771074119.252752964] [rtabmap]: rtabmap (196): Rate=1.00s, Limit=0.000s, Conversion=0.0004s, RTAB-Map=0.0735s, Maps update=0.0002s pub=0.0009s delay=0.2395s (local map=1, WM=1)
[INFO] [1771074120.348108823] [rtabmap]: rtabmap (197): Rate=1.00s, Limit=0.000s, Conversion=0.0007s, RTAB-Map=0.0718s, Maps update=0.0002s pub=0.0008s delay=0.2358s (local map=1, WM=1)
[INFO] [1771074121.355093776] [rtabmap]: rtabmap (198): Rate=1.00s, Limit=0.000s, Conversion=0.0005s, RTAB-Map=0.0755s, Maps update=0.0002s pub=0.0007s delay=0.2417s (local map=1, WM=1)
[INFO] [1771074122.440935363] [rtabmap]: rtabmap (199): Rate=1.00s, Limit=0.000s, Conversion=0.0005s, RTAB-Map=0.0700s, Maps update=0.0002s pub=0.0011s delay=0.2286s (local map=1, WM=1)
[INFO] [1771074123.453590458] [rtabmap]: rtabmap (200): Rate=1.00s, Limit=0.000s, Conversion=0.0004s, RTAB-Map=0.0752s, Maps update=0.0002s pub=0.0008s delay=0.2403s (local map=1, WM=1)
[INFO] [1771074124.550133172] [rtabmap]: rtabmap (201): Rate=1.00s, Limit=0.000s, Conversion=0.0003s, RTAB-Map=0.0806s, Maps update=0.0002s pub=0.0011s delay=0.2367s (local map=1, WM=1)
[INFO] [1771074125.656985706] [rtabmap]: rtabmap (202): Rate=1.00s, Limit=0.000s, Conversion=0.0005s, RTAB-Map=0.0792s, Maps update=0.0002s pub=0.0007s delay=0.2446s (local map=1, WM=1)
[INFO] [1771074126.663493714] [rtabmap]: rtabmap (203): Rate=1.00s, Limit=0.000s, Conversion=0.0004s, RTAB-Map=0.0863s, Maps update=0.0002s pub=0.0008s delay=0.2501s (local map=1, WM=1)
[INFO] [1771074127.750957788] [rtabmap]: rtabmap (204): Rate=1.00s, Limit=0.000s, Conversion=0.0005s, RTAB-Map=0.0754s, Maps update=0.0002s pub=0.0012s delay=0.2385s (local map=1, WM=1)
[INFO] [1771074128.748471734] [rtabmap]: rtabmap (205): Rate=1.00s, Limit=0.000s, Conversion=0.0005s, RTAB-Map=0.0753s, Maps update=0.0002s pub=0.0007s delay=0.2351s (local map=1, WM=1)
[INFO] [1771074129.756815548] [rtabmap]: rtabmap (206): Rate=1.00s, Limit=0.000s, Conversion=0.0007s, RTAB-Map=0.0745s, Maps update=0.0002s pub=0.0009s delay=0.2433s (local map=1, WM=1)
[INFO] [1771074130.853050412] [rtabmap]: rtabmap (207): Rate=1.00s, Limit=0.000s, Conversion=0.0005s, RTAB-Map=0.0723s, Maps update=0.0002s pub=0.0007s delay=0.2397s (local map=1, WM=1)
[INFO] [1771074131.952843252] [rtabmap]: rtabmap (208): Rate=1.00s, Limit=0.000s, Conversion=0.0004s, RTAB-Map=0.0738s, Maps update=0.0002s pub=0.0007s delay=0.2404s (local map=1, WM=1)
[INFO] [1771074133.053139425] [rtabmap]: rtabmap (209): Rate=1.00s, Limit=0.000s, Conversion=0.0004s, RTAB-Map=0.0744s, Maps update=0.0002s pub=0.0007s delay=0.2407s (local map=1, WM=1)
[INFO] [1771074134.050431386] [rtabmap]: rtabmap (210): Rate=1.00s, Limit=0.000s, Conversion=0.0004s, RTAB-Map=0.0710s, Maps update=0.0002s pub=0.0009s delay=0.2369s (local map=1, WM=1)
[INFO] [1771074135.150683827] [rtabmap]: rtabmap (211): Rate=1.00s, Limit=0.000s, Conversion=0.0003s, RTAB-Map=0.0779s, Maps update=0.0003s pub=0.0013s delay=0.2385s (local map=1, WM=1)
[INFO] [1771074136.159986594] [rtabmap]: rtabmap (212): Rate=1.00s, Limit=0.000s, Conversion=0.0004s, RTAB-Map=0.0803s, Maps update=0.0002s pub=0.0009s delay=0.2478s (local map=1, WM=1)
[INFO] [1771074137.241606211] [rtabmap]: rtabmap (213): Rate=1.00s, Limit=0.000s, Conversion=0.0003s, RTAB-Map=0.0702s, Maps update=0.0002s pub=0.0008s delay=0.2290s (local map=1, WM=1)
[INFO] [1771074138.356952251] [rtabmap]: rtabmap (214): Rate=1.00s, Limit=0.000s, Conversion=0.0006s, RTAB-Map=0.0724s, Maps update=0.0002s pub=0.0007s delay=0.2448s (local map=1, WM=1)
[INFO] [1771074139.356844588] [rtabmap]: rtabmap (215): Rate=1.00s, Limit=0.000s, Conversion=0.0005s, RTAB-Map=0.0740s, Maps update=0.0002s pub=0.0008s delay=0.2444s (local map=1, WM=1)
[INFO] [1771074140.446972558] [rtabmap]: rtabmap (216): Rate=1.00s, Limit=0.000s, Conversion=0.0005s, RTAB-Map=0.0760s, Maps update=0.0010s pub=0.0010s delay=0.2335s (local map=1, WM=1)
[INFO] [1771074141.443167777] [rtabmap]: rtabmap (217): Rate=1.00s, Limit=0.000s, Conversion=0.0004s, RTAB-Map=0.0705s, Maps update=0.0004s pub=0.0010s delay=0.2297s (local map=1, WM=1)
[INFO] [1771074142.557316785] [rtabmap]: rtabmap (218): Rate=1.00s, Limit=0.000s, Conversion=0.0006s, RTAB-Map=0.0741s, Maps update=0.0003s pub=0.0007s delay=0.2447s (local map=1, WM=1)
[INFO] [1771074143.546282543] [rtabmap]: rtabmap (219): Rate=1.00s, Limit=0.000s, Conversion=0.0005s, RTAB-Map=0.0734s, Maps update=0.0002s pub=0.0010s delay=0.2329s (local map=1, WM=1)
[INFO] [1771074144.656178382] [rtabmap]: rtabmap (220): Rate=1.00s, Limit=0.000s, Conversion=0.0003s, RTAB-Map=0.0822s, Maps update=0.0002s pub=0.0008s delay=0.2438s (local map=1, WM=1)
[INFO] [1771074145.751319514] [rtabmap]: rtabmap (221): Rate=1.00s, Limit=0.000s, Conversion=0.0005s, RTAB-Map=0.0816s, Maps update=0.0002s pub=0.0008s delay=0.2392s (local map=1, WM=1)
[INFO] [1771074146.744378339] [rtabmap]: rtabmap (222): Rate=1.00s, Limit=0.000s, Conversion=0.0005s, RTAB-Map=0.0705s, Maps update=0.0002s pub=0.0009s delay=0.2308s (local map=1, WM=1)
[INFO] [1771074147.851959572] [rtabmap]: rtabmap (223): Rate=1.00s, Limit=0.000s, Conversion=0.0006s, RTAB-Map=0.0724s, Maps update=0.0002s pub=0.0008s delay=0.2398s (local map=1, WM=1)
[INFO] [1771074148.856295099] [rtabmap]: rtabmap (224): Rate=1.00s, Limit=0.000s, Conversion=0.0005s, RTAB-Map=0.0783s, Maps update=0.0002s pub=0.0007s delay=0.2439s (local map=1, WM=1)
[INFO] [1771074149.944915690] [rtabmap]: rtabmap (225): Rate=1.00s, Limit=0.000s, Conversion=0.0005s, RTAB-Map=0.0757s, Maps update=0.0002s pub=0.0008s delay=0.2314s (local map=1, WM=1)
[INFO] [1771074151.063271848] [rtabmap]: rtabmap (226): Rate=1.00s, Limit=0.000s, Conversion=0.0006s, RTAB-Map=0.0759s, Maps update=0.0002s pub=0.0007s delay=0.2511s (local map=1, WM=1)
[INFO] [1771074152.054803773] [rtabmap]: rtabmap (227): Rate=1.00s, Limit=0.000s, Conversion=0.0005s, RTAB-Map=0.0750s, Maps update=0.0002s pub=0.0008s delay=0.2413s (local map=1, WM=1)
[INFO] [1771074153.157333123] [rtabmap]: rtabmap (228): Rate=1.00s, Limit=0.000s, Conversion=0.0006s, RTAB-Map=0.0780s, Maps update=0.0003s pub=0.0008s delay=0.2451s (local map=1, WM=1)
[INFO] [1771074154.144100631] [rtabmap]: rtabmap (229): Rate=1.00s, Limit=0.000s, Conversion=0.0004s, RTAB-Map=0.0689s, Maps update=0.0002s pub=0.0008s delay=0.2318s (local map=1, WM=1)
[INFO] [1771074155.146542910] [rtabmap]: rtabmap (230): Rate=1.00s, Limit=0.000s, Conversion=0.0003s, RTAB-Map=0.0730s, Maps update=0.0002s pub=0.0009s delay=0.2341s (local map=1, WM=1)
[INFO] [1771074156.243324033] [rtabmap]: rtabmap (231): Rate=1.00s, Limit=0.000s, Conversion=0.0005s, RTAB-Map=0.0674s, Maps update=0.0002s pub=0.0020s delay=0.2310s (local map=1, WM=1)
[INFO] [1771074157.354484459] [rtabmap]: rtabmap (232): Rate=1.00s, Limit=0.000s, Conversion=0.0004s, RTAB-Map=0.0779s, Maps update=0.0002s pub=0.0007s delay=0.2422s (local map=1, WM=1)
[INFO] [1771074158.347080421] [rtabmap]: rtabmap (233): Rate=1.00s, Limit=0.000s, Conversion=0.0003s, RTAB-Map=0.0724s, Maps update=0.0003s pub=0.0008s delay=0.2344s (local map=1, WM=1)
[INFO] [1771074159.450841620] [rtabmap]: rtabmap (234): Rate=1.00s, Limit=0.000s, Conversion=0.0003s, RTAB-Map=0.0770s, Maps update=0.0003s pub=0.0011s delay=0.2385s (local map=1, WM=1)
[INFO] [1771074160.555948881] [rtabmap]: rtabmap (235): Rate=1.00s, Limit=0.000s, Conversion=0.0007s, RTAB-Map=0.0816s, Maps update=0.0003s pub=0.0009s delay=0.2436s (local map=1, WM=1)
[INFO] [1771074161.543613956] [rtabmap]: rtabmap (236): Rate=1.00s, Limit=0.000s, Conversion=0.0004s, RTAB-Map=0.0672s, Maps update=0.0002s pub=0.0008s delay=0.2312s (local map=1, WM=1)
[INFO] [1771074162.652383837] [rtabmap]: rtabmap (237): Rate=1.00s, Limit=0.000s, Conversion=0.0006s, RTAB-Map=0.0779s, Maps update=0.0002s pub=0.0009s delay=0.2402s (local map=1, WM=1)
[INFO] [1771074163.651913314] [rtabmap]: rtabmap (238): Rate=1.00s, Limit=0.000s, Conversion=0.0003s, RTAB-Map=0.0747s, Maps update=0.0002s pub=0.0008s delay=0.2397s (local map=1, WM=1)
[INFO] [1771074164.763740642] [rtabmap]: rtabmap (239): Rate=1.00s, Limit=0.000s, Conversion=0.0007s, RTAB-Map=0.0813s, Maps update=0.0002s pub=0.0008s delay=0.2514s (local map=1, WM=1)
[INFO] [1771074165.748462833] [rtabmap]: rtabmap (240): Rate=1.00s, Limit=0.000s, Conversion=0.0005s, RTAB-Map=0.0718s, Maps update=0.0004s pub=0.0011s delay=0.2360s (local map=1, WM=1)
[INFO] [1771074166.859165292] [rtabmap]: rtabmap (241): Rate=1.00s, Limit=0.000s, Conversion=0.0005s, RTAB-Map=0.0734s, Maps update=0.0002s pub=0.0007s delay=0.2469s (local map=1, WM=1)
[INFO] [1771074167.844836635] [rtabmap]: rtabmap (242): Rate=1.00s, Limit=0.000s, Conversion=0.0005s, RTAB-Map=0.0717s, Maps update=0.0002s pub=0.0008s delay=0.2325s (local map=1, WM=1)
[INFO] [1771074168.944843499] [rtabmap]: rtabmap (243): Rate=1.00s, Limit=0.000s, Conversion=0.0004s, RTAB-Map=0.0672s, Maps update=0.0002s pub=0.0008s delay=0.2325s (local map=1, WM=1)
[INFO] [1771074169.953934963] [rtabmap]: rtabmap (244): Rate=1.00s, Limit=0.000s, Conversion=0.0004s, RTAB-Map=0.0719s, Maps update=0.0002s pub=0.0007s delay=0.2416s (local map=1, WM=1)
[INFO] [1771074171.039667104] [rtabmap]: rtabmap (245): Rate=1.00s, Limit=0.000s, Conversion=0.0005s, RTAB-Map=0.0665s, Maps update=0.0002s pub=0.0008s delay=0.2275s (local map=1, WM=1)
[INFO] [1771074172.057298314] [rtabmap]: rtabmap (246): Rate=1.00s, Limit=0.000s, Conversion=0.0004s, RTAB-Map=0.0798s, Maps update=0.0003s pub=0.0009s delay=0.2449s (local map=1, WM=1)
[INFO] [1771074173.146034940] [rtabmap]: rtabmap (247): Rate=1.00s, Limit=0.000s, Conversion=0.0004s, RTAB-Map=0.0758s, Maps update=0.0002s pub=0.0009s delay=0.2335s (local map=1, WM=1)
[INFO] [1771074174.245484698] [rtabmap]: rtabmap (248): Rate=1.00s, Limit=0.000s, Conversion=0.0006s, RTAB-Map=0.0698s, Maps update=0.0003s pub=0.0009s delay=0.2333s (local map=1, WM=1)
[INFO] [1771074175.247716602] [rtabmap]: rtabmap (249): Rate=1.00s, Limit=0.000s, Conversion=0.0003s, RTAB-Map=0.0735s, Maps update=0.0003s pub=0.0007s delay=0.2354s (local map=1, WM=1)
[INFO] [1771074176.251560336] [rtabmap]: rtabmap (250): Rate=1.00s, Limit=0.000s, Conversion=0.0004s, RTAB-Map=0.0730s, Maps update=0.0002s pub=0.0007s delay=0.2389s (local map=1, WM=1)
[INFO] [1771074177.359454700] [rtabmap]: rtabmap (251): Rate=1.00s, Limit=0.000s, Conversion=0.0005s, RTAB-Map=0.0775s, Maps update=0.0002s pub=0.0008s delay=0.2472s (local map=1, WM=1)
[INFO] [1771074178.355686849] [rtabmap]: rtabmap (252): Rate=1.00s, Limit=0.000s, Conversion=0.0004s, RTAB-Map=0.0833s, Maps update=0.0002s pub=0.0008s delay=0.2433s (local map=1, WM=1)
[INFO] [1771074179.456296645] [rtabmap]: rtabmap (253): Rate=1.00s, Limit=0.000s, Conversion=0.0003s, RTAB-Map=0.0799s, Maps update=0.0002s pub=0.0009s delay=0.2441s (local map=1, WM=1)
[INFO] [1771074180.458630953] [rtabmap]: rtabmap (254): Rate=1.00s, Limit=0.000s, Conversion=0.0004s, RTAB-Map=0.0775s, Maps update=0.0002s pub=0.0007s delay=0.2464s (local map=1, WM=1)
[INFO] [1771074181.452637906] [rtabmap]: rtabmap (255): Rate=1.00s, Limit=0.000s, Conversion=0.0004s, RTAB-Map=0.0726s, Maps update=0.0002s pub=0.0007s delay=0.2403s (local map=1, WM=1)
[INFO] [1771074182.551356791] [rtabmap]: rtabmap (256): Rate=1.00s, Limit=0.000s, Conversion=0.0004s, RTAB-Map=0.0749s, Maps update=0.0002s pub=0.0009s delay=0.2391s (local map=1, WM=1)
[INFO] [1771074183.567219620] [rtabmap]: rtabmap (257): Rate=1.00s, Limit=0.000s, Conversion=0.0003s, RTAB-Map=0.0715s, Maps update=0.0002s pub=0.0008s delay=0.2546s (local map=1, WM=1)
[INFO] [1771074184.655063897] [rtabmap]: rtabmap (258): Rate=1.00s, Limit=0.000s, Conversion=0.0003s, RTAB-Map=0.0742s, Maps update=0.0002s pub=0.0008s delay=0.2428s (local map=1, WM=1)
[INFO] [1771074185.657761897] [rtabmap]: rtabmap (259): Rate=1.00s, Limit=0.000s, Conversion=0.0005s, RTAB-Map=0.0781s, Maps update=0.0002s pub=0.0007s delay=0.2455s (local map=1, WM=1)
[INFO] [1771074186.748230678] [rtabmap]: rtabmap (260): Rate=1.00s, Limit=0.000s, Conversion=0.0005s, RTAB-Map=0.0780s, Maps update=0.0002s pub=0.0007s delay=0.2362s (local map=1, WM=1)
[INFO] [1771074187.738925711] [rtabmap]: rtabmap (261): Rate=1.00s, Limit=0.000s, Conversion=0.0005s, RTAB-Map=0.0702s, Maps update=0.0004s pub=0.0010s delay=0.2265s (local map=1, WM=1)
[INFO] [1771074188.840438546] [rtabmap]: rtabmap (262): Rate=1.00s, Limit=0.000s, Conversion=0.0005s, RTAB-Map=0.0674s, Maps update=0.0002s pub=0.0015s delay=0.2281s (local map=1, WM=1)
[INFO] [1771074189.946112386] [rtabmap]: rtabmap (263): Rate=1.00s, Limit=0.000s, Conversion=0.0006s, RTAB-Map=0.0730s, Maps update=0.0003s pub=0.0009s delay=0.2340s (local map=1, WM=1)
[INFO] [1771074190.956358706] [rtabmap]: rtabmap (264): Rate=1.00s, Limit=0.000s, Conversion=0.0003s, RTAB-Map=0.0871s, Maps update=0.0003s pub=0.0008s delay=0.2441s (local map=1, WM=1)
[INFO] [1771074191.948971404] [rtabmap]: rtabmap (265): Rate=1.00s, Limit=0.000s, Conversion=0.0005s, RTAB-Map=0.0761s, Maps update=0.0002s pub=0.0007s delay=0.2366s (local map=1, WM=1)
[INFO] [1771074193.064307812] [rtabmap]: rtabmap (266): Rate=1.00s, Limit=0.000s, Conversion=0.0005s, RTAB-Map=0.0797s, Maps update=0.0002s pub=0.0009s delay=0.2519s (local map=1, WM=1)
[INFO] [1771074194.148056109] [rtabmap]: rtabmap (267): Rate=1.00s, Limit=0.000s, Conversion=0.0005s, RTAB-Map=0.0729s, Maps update=0.0002s pub=0.0007s delay=0.2357s (local map=1, WM=1)
[INFO] [1771074195.255751586] [rtabmap]: rtabmap (268): Rate=1.00s, Limit=0.000s, Conversion=0.0004s, RTAB-Map=0.0789s, Maps update=0.0003s pub=0.0008s delay=0.2436s (local map=1, WM=1)
[INFO] [1771074196.256026944] [rtabmap]: rtabmap (269): Rate=1.00s, Limit=0.000s, Conversion=0.0003s, RTAB-Map=0.0794s, Maps update=0.0003s pub=0.0009s delay=0.2438s (local map=1, WM=1)
[INFO] [1771074197.355955949] [rtabmap]: rtabmap (270): Rate=1.00s, Limit=0.000s, Conversion=0.0003s, RTAB-Map=0.0752s, Maps update=0.0002s pub=0.0007s delay=0.2438s (local map=1, WM=1)
[INFO] [1771074198.343503341] [rtabmap]: rtabmap (271): Rate=1.00s, Limit=0.000s, Conversion=0.0004s, RTAB-Map=0.0704s, Maps update=0.0003s pub=0.0015s delay=0.2311s (local map=1, WM=1)
[INFO] [1771074199.453979091] [rtabmap]: rtabmap (272): Rate=1.00s, Limit=0.000s, Conversion=0.0004s, RTAB-Map=0.0776s, Maps update=0.0002s pub=0.0014s delay=0.2417s (local map=1, WM=1)
[INFO] [1771074200.553221085] [rtabmap]: rtabmap (273): Rate=1.00s, Limit=0.000s, Conversion=0.0003s, RTAB-Map=0.0709s, Maps update=0.0002s pub=0.0007s delay=0.2410s (local map=1, WM=1)
[INFO] [1771074201.651858706] [rtabmap]: rtabmap (274): Rate=1.00s, Limit=0.000s, Conversion=0.0005s, RTAB-Map=0.0798s, Maps update=0.0003s pub=0.0009s delay=0.2396s (local map=1, WM=1)
[INFO] [1771074202.748238490] [rtabmap]: rtabmap (275): Rate=1.00s, Limit=0.000s, Conversion=0.0003s, RTAB-Map=0.0720s, Maps update=0.0002s pub=0.0008s delay=0.2359s (local map=1, WM=1)
[INFO] [1771074203.859281972] [rtabmap]: rtabmap (276): Rate=1.00s, Limit=0.000s, Conversion=0.0003s, RTAB-Map=0.0788s, Maps update=0.0002s pub=0.0008s delay=0.2470s (local map=1, WM=1)
[INFO] [1771074204.846099643] [rtabmap]: rtabmap (277): Rate=1.00s, Limit=0.000s, Conversion=0.0003s, RTAB-Map=0.0733s, Maps update=0.0002s pub=0.0009s delay=0.2338s (local map=1, WM=1)
[INFO] [1771074205.952408884] [rtabmap]: rtabmap (278): Rate=1.00s, Limit=0.000s, Conversion=0.0005s, RTAB-Map=0.0751s, Maps update=0.0002s pub=0.0008s delay=0.2400s (local map=1, WM=1)
[INFO] [1771074207.055494848] [rtabmap]: rtabmap (279): Rate=1.00s, Limit=0.000s, Conversion=0.0005s, RTAB-Map=0.0763s, Maps update=0.0002s pub=0.0008s delay=0.2433s (local map=1, WM=1)
[INFO] [1771074208.156286078] [rtabmap]: rtabmap (280): Rate=1.00s, Limit=0.000s, Conversion=0.0105s, RTAB-Map=0.0696s, Maps update=0.0002s pub=0.0007s delay=0.2441s (local map=1, WM=1)
[INFO] [1771074209.156636304] [rtabmap]: rtabmap (281): Rate=1.00s, Limit=0.000s, Conversion=0.0007s, RTAB-Map=0.0751s, Maps update=0.0002s pub=0.0008s delay=0.2443s (local map=1, WM=1)
[INFO] [1771074210.152181183] [rtabmap]: rtabmap (282): Rate=1.00s, Limit=0.000s, Conversion=0.0003s, RTAB-Map=0.0721s, Maps update=0.0002s pub=0.0007s delay=0.2399s (local map=1, WM=1)
[INFO] [1771074211.147562024] [rtabmap]: rtabmap (283): Rate=1.00s, Limit=0.000s, Conversion=0.0004s, RTAB-Map=0.0723s, Maps update=0.0003s pub=0.0007s delay=0.2352s (local map=1, WM=1)
[INFO] [1771074212.253072294] [rtabmap]: rtabmap (284): Rate=1.00s, Limit=0.000s, Conversion=0.0003s, RTAB-Map=0.0734s, Maps update=0.0002s pub=0.0008s delay=0.2409s (local map=1, WM=1)
[INFO] [1771074213.251131978] [rtabmap]: rtabmap (285): Rate=1.00s, Limit=0.000s, Conversion=0.0005s, RTAB-Map=0.0740s, Maps update=0.0002s pub=0.0008s delay=0.2389s (local map=1, WM=1)
[INFO] [1771074214.252704101] [rtabmap]: rtabmap (286): Rate=1.00s, Limit=0.000s, Conversion=0.0008s, RTAB-Map=0.0803s, Maps update=0.0003s pub=0.0009s delay=0.2404s (local map=1, WM=1)
[INFO] [1771074215.250781642] [rtabmap]: rtabmap (287): Rate=1.00s, Limit=0.000s, Conversion=0.0005s, RTAB-Map=0.0699s, Maps update=0.0002s pub=0.0010s delay=0.2383s (local map=1, WM=1)
[INFO] [1771074216.347174611] [rtabmap]: rtabmap (288): Rate=1.00s, Limit=0.000s, Conversion=0.0007s, RTAB-Map=0.0697s, Maps update=0.0002s pub=0.0009s delay=0.2348s (local map=1, WM=1)
[INFO] [1771074217.457931138] [rtabmap]: rtabmap (289): Rate=1.00s, Limit=0.000s, Conversion=0.0006s, RTAB-Map=0.0788s, Maps update=0.0003s pub=0.0008s delay=0.2455s (local map=1, WM=1)
[INFO] [1771074218.553289192] [rtabmap]: rtabmap (290): Rate=1.00s, Limit=0.000s, Conversion=0.0003s, RTAB-Map=0.0804s, Maps update=0.0002s pub=0.0008s delay=0.2410s (local map=1, WM=1)
[INFO] [1771074219.549847162] [rtabmap]: rtabmap (291): Rate=1.00s, Limit=0.000s, Conversion=0.0004s, RTAB-Map=0.0802s, Maps update=0.0002s pub=0.0009s delay=0.2375s (local map=1, WM=1)
[INFO] [1771074220.643830865] [rtabmap]: rtabmap (292): Rate=1.00s, Limit=0.000s, Conversion=0.0003s, RTAB-Map=0.0680s, Maps update=0.0003s pub=0.0008s delay=0.2315s (local map=1, WM=1)
[INFO] [1771074221.655504194] [rtabmap]: rtabmap (293): Rate=1.00s, Limit=0.000s, Conversion=0.0003s, RTAB-Map=0.0787s, Maps update=0.0002s pub=0.0007s delay=0.2431s (local map=1, WM=1)
[INFO] [1771074222.743820506] [rtabmap]: rtabmap (294): Rate=1.00s, Limit=0.000s, Conversion=0.0003s, RTAB-Map=0.0706s, Maps update=0.0002s pub=0.0008s delay=0.2315s (local map=1, WM=1)
[INFO] [1771074223.758711448] [rtabmap]: rtabmap (295): Rate=1.00s, Limit=0.000s, Conversion=0.0008s, RTAB-Map=0.0772s, Maps update=0.0002s pub=0.0008s delay=0.2463s (local map=1, WM=1)
[INFO] [1771074224.754462734] [rtabmap]: rtabmap (296): Rate=1.00s, Limit=0.000s, Conversion=0.0003s, RTAB-Map=0.0816s, Maps update=0.0002s pub=0.0007s delay=0.2420s (local map=1, WM=1)
[INFO] [1771074225.849277089] [rtabmap]: rtabmap (297): Rate=1.00s, Limit=0.000s, Conversion=0.0005s, RTAB-Map=0.0716s, Maps update=0.0002s pub=0.0007s delay=0.2367s (local map=1, WM=1)
[INFO] [1771074226.951954303] [rtabmap]: rtabmap (298): Rate=1.00s, Limit=0.000s, Conversion=0.0003s, RTAB-Map=0.0737s, Maps update=0.0003s pub=0.0008s delay=0.2395s (local map=1, WM=1)
[INFO] [1771074227.969135436] [rtabmap]: rtabmap (299): Rate=1.00s, Limit=0.000s, Conversion=0.0007s, RTAB-Map=0.0857s, Maps update=0.0003s pub=0.0009s delay=0.2567s (local map=1, WM=1)
[INFO] [1771074228.956239612] [rtabmap]: rtabmap (300): Rate=1.00s, Limit=0.000s, Conversion=0.0003s, RTAB-Map=0.0736s, Maps update=0.0003s pub=0.0008s delay=0.2437s (local map=1, WM=1)
[INFO] [1771074229.959733721] [rtabmap]: rtabmap (301): Rate=1.00s, Limit=0.000s, Conversion=0.0004s, RTAB-Map=0.0820s, Maps update=0.0002s pub=0.0008s delay=0.2472s (local map=1, WM=1)
[INFO] [1771074231.049857133] [rtabmap]: rtabmap (302): Rate=1.00s, Limit=0.000s, Conversion=0.0004s, RTAB-Map=0.0722s, Maps update=0.0002s pub=0.0007s delay=0.2373s (local map=1, WM=1)
[INFO] [1771074232.153332582] [rtabmap]: rtabmap (303): Rate=1.00s, Limit=0.000s, Conversion=0.0005s, RTAB-Map=0.0803s, Maps update=0.0002s pub=0.0007s delay=0.2409s (local map=1, WM=1)
[INFO] [1771074233.152299721] [rtabmap]: rtabmap (304): Rate=1.00s, Limit=0.000s, Conversion=0.0003s, RTAB-Map=0.0725s, Maps update=0.0003s pub=0.0007s delay=0.2398s (local map=1, WM=1)
[INFO] [1771074234.251809883] [rtabmap]: rtabmap (305): Rate=1.00s, Limit=0.000s, Conversion=0.0005s, RTAB-Map=0.0725s, Maps update=0.0002s pub=0.0013s delay=0.2393s (local map=1, WM=1)
[INFO] [1771074235.241909650] [rtabmap]: rtabmap (306): Rate=1.00s, Limit=0.000s, Conversion=0.0005s, RTAB-Map=0.0695s, Maps update=0.0002s pub=0.0016s delay=0.2293s (local map=1, WM=1)
[INFO] [1771074236.349993191] [rtabmap]: rtabmap (307): Rate=1.00s, Limit=0.000s, Conversion=0.0004s, RTAB-Map=0.0747s, Maps update=0.0003s pub=0.0009s delay=0.2374s (local map=1, WM=1)
[INFO] [1771074237.455253340] [rtabmap]: rtabmap (308): Rate=1.00s, Limit=0.000s, Conversion=0.0003s, RTAB-Map=0.0790s, Maps update=0.0002s pub=0.0007s delay=0.2429s (local map=1, WM=1)
[INFO] [1771074238.452717292] [rtabmap]: rtabmap (309): Rate=1.00s, Limit=0.000s, Conversion=0.0005s, RTAB-Map=0.0759s, Maps update=0.0002s pub=0.0007s delay=0.2401s (local map=1, WM=1)
[INFO] [1771074239.551653580] [rtabmap]: rtabmap (310): Rate=1.00s, Limit=0.000s, Conversion=0.0005s, RTAB-Map=0.0740s, Maps update=0.0002s pub=0.0009s delay=0.2392s (local map=1, WM=1)
[INFO] [1771074240.550132702] [rtabmap]: rtabmap (311): Rate=1.00s, Limit=0.000s, Conversion=0.0004s, RTAB-Map=0.0712s, Maps update=0.0002s pub=0.0007s delay=0.2376s (local map=1, WM=1)
[INFO] [1771074241.548749461] [rtabmap]: rtabmap (312): Rate=1.00s, Limit=0.000s, Conversion=0.0005s, RTAB-Map=0.0770s, Maps update=0.0002s pub=0.0008s delay=0.2362s (local map=1, WM=1)
[INFO] [1771074242.551864900] [rtabmap]: rtabmap (313): Rate=1.00s, Limit=0.000s, Conversion=0.0003s, RTAB-Map=0.0762s, Maps update=0.0004s pub=0.0013s delay=0.2392s (local map=1, WM=1)
[INFO] [1771074243.652104880] [rtabmap]: rtabmap (314): Rate=1.00s, Limit=0.000s, Conversion=0.0006s, RTAB-Map=0.0687s, Maps update=0.0003s pub=0.0010s delay=0.2396s (local map=1, WM=1)
[INFO] [1771074244.660462673] [rtabmap]: rtabmap (315): Rate=1.00s, Limit=0.000s, Conversion=0.0003s, RTAB-Map=0.0729s, Maps update=0.0002s pub=0.0009s delay=0.2480s (local map=1, WM=1)
[INFO] [1771074245.647571906] [rtabmap]: rtabmap (316): Rate=1.00s, Limit=0.000s, Conversion=0.0008s, RTAB-Map=0.0738s, Maps update=0.0005s pub=0.0007s delay=0.2350s (local map=1, WM=1)
[INFO] [1771074246.656624282] [rtabmap]: rtabmap (317): Rate=1.00s, Limit=0.000s, Conversion=0.0003s, RTAB-Map=0.0739s, Maps update=0.0002s pub=0.0007s delay=0.2440s (local map=1, WM=1)
[INFO] [1771074247.654954408] [rtabmap]: rtabmap (318): Rate=1.00s, Limit=0.000s, Conversion=0.0005s, RTAB-Map=0.0749s, Maps update=0.0002s pub=0.0007s delay=0.2422s (local map=1, WM=1)
[INFO] [1771074248.753410806] [rtabmap]: rtabmap (319): Rate=1.00s, Limit=0.000s, Conversion=0.0004s, RTAB-Map=0.0788s, Maps update=0.0002s pub=0.0007s delay=0.2408s (local map=1, WM=1)
[INFO] [1771074249.851966217] [rtabmap]: rtabmap (320): Rate=1.00s, Limit=0.000s, Conversion=0.0009s, RTAB-Map=0.0747s, Maps update=0.0002s pub=0.0008s delay=0.2393s (local map=1, WM=1)
[INFO] [1771074250.956948885] [rtabmap]: rtabmap (321): Rate=1.00s, Limit=0.000s, Conversion=0.0003s, RTAB-Map=0.0760s, Maps update=0.0002s pub=0.0009s delay=0.2442s (local map=1, WM=1)
[INFO] [1771074252.049160880] [rtabmap]: rtabmap (322): Rate=1.00s, Limit=0.000s, Conversion=0.0003s, RTAB-Map=0.0769s, Maps update=0.0003s pub=0.0010s delay=0.2366s (local map=1, WM=1)
[INFO] [1771074253.051436419] [rtabmap]: rtabmap (323): Rate=1.00s, Limit=0.000s, Conversion=0.0003s, RTAB-Map=0.0791s, Maps update=0.0003s pub=0.0009s delay=0.2388s (local map=1, WM=1)
[INFO] [1771074254.055145959] [rtabmap]: rtabmap (324): Rate=1.00s, Limit=0.000s, Conversion=0.0004s, RTAB-Map=0.0855s, Maps update=0.0002s pub=0.0014s delay=0.2425s (local map=1, WM=1)
[INFO] [1771074255.067449805] [rtabmap]: rtabmap (325): Rate=1.00s, Limit=0.000s, Conversion=0.0006s, RTAB-Map=0.0822s, Maps update=0.0002s pub=0.0009s delay=0.2547s (local map=1, WM=1)
[INFO] [1771074256.153013319] [rtabmap]: rtabmap (326): Rate=1.00s, Limit=0.000s, Conversion=0.0005s, RTAB-Map=0.0756s, Maps update=0.0002s pub=0.0011s delay=0.2402s (local map=1, WM=1)
[INFO] [1771074257.259831378] [rtabmap]: rtabmap (327): Rate=1.00s, Limit=0.000s, Conversion=0.0004s, RTAB-Map=0.0828s, Maps update=0.0002s pub=0.0007s delay=0.2472s (local map=1, WM=1)
[INFO] [1771074258.243937213] [rtabmap]: rtabmap (328): Rate=1.00s, Limit=0.000s, Conversion=0.0005s, RTAB-Map=0.0685s, Maps update=0.0002s pub=0.0011s delay=0.2312s (local map=1, WM=1)
[INFO] [1771074259.358109504] [rtabmap]: rtabmap (329): Rate=1.00s, Limit=0.000s, Conversion=0.0007s, RTAB-Map=0.0801s, Maps update=0.0002s pub=0.0008s delay=0.2453s (local map=1, WM=1)
[INFO] [1771074260.449902989] [rtabmap]: rtabmap (330): Rate=1.00s, Limit=0.000s, Conversion=0.0003s, RTAB-Map=0.0747s, Maps update=0.0002s pub=0.0008s delay=0.2372s (local map=1, WM=1)
[INFO] [1771074261.550193979] [rtabmap]: rtabmap (331): Rate=1.00s, Limit=0.000s, Conversion=0.0005s, RTAB-Map=0.0752s, Maps update=0.0002s pub=0.0012s delay=0.2375s (local map=1, WM=1)
[INFO] [1771074262.557361505] [rtabmap]: rtabmap (332): Rate=1.00s, Limit=0.000s, Conversion=0.0003s, RTAB-Map=0.0715s, Maps update=0.0002s pub=0.0007s delay=0.2446s (local map=1, WM=1)
[INFO] [1771074263.653288410] [rtabmap]: rtabmap (333): Rate=1.00s, Limit=0.000s, Conversion=0.0003s, RTAB-Map=0.0731s, Maps update=0.0002s pub=0.0012s delay=0.2406s (local map=1, WM=1)
[INFO] [1771074264.749015276] [rtabmap]: rtabmap (334): Rate=1.00s, Limit=0.000s, Conversion=0.0003s, RTAB-Map=0.0730s, Maps update=0.0003s pub=0.0012s delay=0.2362s (local map=1, WM=1)
[INFO] [1771074265.844305230] [rtabmap]: rtabmap (335): Rate=1.00s, Limit=0.000s, Conversion=0.0007s, RTAB-Map=0.0702s, Maps update=0.0004s pub=0.0007s delay=0.2315s (local map=1, WM=1)
[INFO] [1771074266.960106350] [rtabmap]: rtabmap (336): Rate=1.00s, Limit=0.000s, Conversion=0.0005s, RTAB-Map=0.0791s, Maps update=0.0002s pub=0.0008s delay=0.2474s (local map=1, WM=1)
[INFO] [1771074267.951086278] [rtabmap]: rtabmap (337): Rate=1.00s, Limit=0.000s, Conversion=0.0003s, RTAB-Map=0.0734s, Maps update=0.0002s pub=0.0008s delay=0.2383s (local map=1, WM=1)
[INFO] [1771074269.050635898] [rtabmap]: rtabmap (338): Rate=1.00s, Limit=0.000s, Conversion=0.0005s, RTAB-Map=0.0789s, Maps update=0.0002s pub=0.0007s delay=0.2379s (local map=1, WM=1)
[INFO] [1771074270.057892062] [rtabmap]: rtabmap (339): Rate=1.00s, Limit=0.000s, Conversion=0.0006s, RTAB-Map=0.0747s, Maps update=0.0013s pub=0.0009s delay=0.2451s (local map=1, WM=1)
[INFO] [1771074271.052001217] [rtabmap]: rtabmap (340): Rate=1.00s, Limit=0.000s, Conversion=0.0003s, RTAB-Map=0.0666s, Maps update=0.0002s pub=0.0007s delay=0.2391s (local map=1, WM=1)
[INFO] [1771074272.145377506] [rtabmap]: rtabmap (341): Rate=1.00s, Limit=0.000s, Conversion=0.0004s, RTAB-Map=0.0672s, Maps update=0.0002s pub=0.0008s delay=0.2326s (local map=1, WM=1)
[INFO] [1771074273.145899552] [rtabmap]: rtabmap (342): Rate=1.00s, Limit=0.000s, Conversion=0.0003s, RTAB-Map=0.0711s, Maps update=0.0002s pub=0.0008s delay=0.2330s (local map=1, WM=1)
[INFO] [1771074274.247541916] [rtabmap]: rtabmap (343): Rate=1.00s, Limit=0.000s, Conversion=0.0006s, RTAB-Map=0.0713s, Maps update=0.0003s pub=0.0015s delay=0.2347s (local map=1, WM=1)
[INFO] [1771074275.241968426] [rtabmap]: rtabmap (344): Rate=1.00s, Limit=0.000s, Conversion=0.0005s, RTAB-Map=0.0707s, Maps update=0.0014s pub=0.0008s delay=0.2291s (local map=1, WM=1)
[INFO] [1771074276.362334341] [rtabmap]: rtabmap (345): Rate=1.00s, Limit=0.000s, Conversion=0.0005s, RTAB-Map=0.0764s, Maps update=0.0003s pub=0.0012s delay=0.2495s (local map=1, WM=1)
[INFO] [1771074277.351382491] [rtabmap]: rtabmap (346): Rate=1.00s, Limit=0.000s, Conversion=0.0006s, RTAB-Map=0.0748s, Maps update=0.0003s pub=0.0014s delay=0.2385s (local map=1, WM=1)
[INFO] [1771074278.353515568] [rtabmap]: rtabmap (347): Rate=1.00s, Limit=0.000s, Conversion=0.0005s, RTAB-Map=0.0756s, Maps update=0.0002s pub=0.0007s delay=0.2406s (local map=1, WM=1)
[INFO] [1771074279.342254907] [rtabmap]: rtabmap (348): Rate=1.00s, Limit=0.000s, Conversion=0.0003s, RTAB-Map=0.0707s, Maps update=0.0002s pub=0.0009s delay=0.2293s (local map=1, WM=1)
[INFO] [1771074280.448327342] [rtabmap]: rtabmap (349): Rate=1.00s, Limit=0.000s, Conversion=0.0007s, RTAB-Map=0.0780s, Maps update=0.0002s pub=0.0008s delay=0.2355s (local map=1, WM=1)
[INFO] [1771074281.559046688] [rtabmap]: rtabmap (350): Rate=1.00s, Limit=0.000s, Conversion=0.0105s, RTAB-Map=0.0732s, Maps update=0.0002s pub=0.0008s delay=0.2463s (local map=1, WM=1)
[INFO] [1771074282.557099178] [rtabmap]: rtabmap (351): Rate=1.00s, Limit=0.000s, Conversion=0.0005s, RTAB-Map=0.0806s, Maps update=0.0002s pub=0.0008s delay=0.2443s (local map=1, WM=1)
[INFO] [1771074283.541817196] [rtabmap]: rtabmap (352): Rate=1.00s, Limit=0.000s, Conversion=0.0005s, RTAB-Map=0.0700s, Maps update=0.0003s pub=0.0010s delay=0.2288s (local map=1, WM=1)
[INFO] [1771074284.660668500] [rtabmap]: rtabmap (353): Rate=1.00s, Limit=0.000s, Conversion=0.0007s, RTAB-Map=0.0854s, Maps update=0.0002s pub=0.0009s delay=0.2478s (local map=1, WM=1)
[INFO] [1771074285.743671987] [rtabmap]: rtabmap (354): Rate=1.00s, Limit=0.000s, Conversion=0.0003s, RTAB-Map=0.0768s, Maps update=0.0002s pub=0.0014s delay=0.2308s (local map=1, WM=1)
[INFO] [1771074286.843951200] [rtabmap]: rtabmap (355): Rate=1.00s, Limit=0.000s, Conversion=0.0003s, RTAB-Map=0.0696s, Maps update=0.0002s pub=0.0008s delay=0.2312s (local map=1, WM=1)
[INFO] [1771074287.851679348] [rtabmap]: rtabmap (356): Rate=1.00s, Limit=0.000s, Conversion=0.0005s, RTAB-Map=0.0711s, Maps update=0.0002s pub=0.0014s delay=0.2387s (local map=1, WM=1)
[INFO] [1771074288.959040083] [rtabmap]: rtabmap (357): Rate=1.00s, Limit=0.000s, Conversion=0.0003s, RTAB-Map=0.0796s, Maps update=0.0002s pub=0.0008s delay=0.2461s (local map=1, WM=1)
[INFO] [1771074290.057646151] [rtabmap]: rtabmap (358): Rate=1.00s, Limit=0.000s, Conversion=0.0003s, RTAB-Map=0.0759s, Maps update=0.0002s pub=0.0013s delay=0.2448s (local map=1, WM=1)
[INFO] [1771074291.146119937] [rtabmap]: rtabmap (359): Rate=1.00s, Limit=0.000s, Conversion=0.0003s, RTAB-Map=0.0703s, Maps update=0.0002s pub=0.0013s delay=0.2332s (local map=1, WM=1)
[INFO] [1771074292.149822348] [rtabmap]: rtabmap (360): Rate=1.00s, Limit=0.000s, Conversion=0.0005s, RTAB-Map=0.0756s, Maps update=0.0002s pub=0.0009s delay=0.2369s (local map=1, WM=1)
[INFO] [1771074293.155270930] [rtabmap]: rtabmap (361): Rate=1.00s, Limit=0.000s, Conversion=0.0004s, RTAB-Map=0.0783s, Maps update=0.0002s pub=0.0008s delay=0.2422s (local map=1, WM=1)
[INFO] [1771074294.256076017] [rtabmap]: rtabmap (362): Rate=1.00s, Limit=0.000s, Conversion=0.0004s, RTAB-Map=0.0768s, Maps update=0.0003s pub=0.0008s delay=0.2431s (local map=1, WM=1)
[INFO] [1771074295.252259611] [rtabmap]: rtabmap (363): Rate=1.00s, Limit=0.000s, Conversion=0.0003s, RTAB-Map=0.0764s, Maps update=0.0002s pub=0.0009s delay=0.2392s (local map=1, WM=1)
[INFO] [1771074296.252867484] [rtabmap]: rtabmap (364): Rate=1.00s, Limit=0.000s, Conversion=0.0006s, RTAB-Map=0.0756s, Maps update=0.0003s pub=0.0009s delay=0.2398s (local map=1, WM=1)
[INFO] [1771074297.355663743] [rtabmap]: rtabmap (365): Rate=1.00s, Limit=0.000s, Conversion=0.0005s, RTAB-Map=0.0781s, Maps update=0.0002s pub=0.0007s delay=0.2427s (local map=1, WM=1)
[INFO] [1771074298.355719181] [rtabmap]: rtabmap (366): Rate=1.00s, Limit=0.000s, Conversion=0.0005s, RTAB-Map=0.0770s, Maps update=0.0002s pub=0.0008s delay=0.2427s (local map=1, WM=1)
[INFO] [1771074299.353588688] [rtabmap]: rtabmap (367): Rate=1.00s, Limit=0.000s, Conversion=0.0005s, RTAB-Map=0.0745s, Maps update=0.0002s pub=0.0007s delay=0.2405s (local map=1, WM=1)
[INFO] [1771074300.443299476] [rtabmap]: rtabmap (368): Rate=1.00s, Limit=0.000s, Conversion=0.0003s, RTAB-Map=0.0721s, Maps update=0.0002s pub=0.0008s delay=0.2302s (local map=1, WM=1)
[INFO] [1771074301.551659990] [rtabmap]: rtabmap (369): Rate=1.00s, Limit=0.000s, Conversion=0.0006s, RTAB-Map=0.0709s, Maps update=0.0002s pub=0.0007s delay=0.2385s (local map=1, WM=1)
[INFO] [1771074302.664167044] [rtabmap]: rtabmap (370): Rate=1.00s, Limit=0.000s, Conversion=0.0005s, RTAB-Map=0.0778s, Maps update=0.0002s pub=0.0008s delay=0.2512s (local map=1, WM=1)
[INFO] [1771074303.646755166] [rtabmap]: rtabmap (371): Rate=1.00s, Limit=0.000s, Conversion=0.0003s, RTAB-Map=0.0711s, Maps update=0.0003s pub=0.0008s delay=0.2337s (local map=1, WM=1)
[INFO] [1771074304.750273818] [rtabmap]: rtabmap (372): Rate=1.00s, Limit=0.000s, Conversion=0.0005s, RTAB-Map=0.0679s, Maps update=0.0002s pub=0.0009s delay=0.2373s (local map=1, WM=1)
[INFO] [1771074305.755643421] [rtabmap]: rtabmap (373): Rate=1.00s, Limit=0.000s, Conversion=0.0003s, RTAB-Map=0.0765s, Maps update=0.0002s pub=0.0010s delay=0.2425s (local map=1, WM=1)
[INFO] [1771074306.861035001] [rtabmap]: rtabmap (374): Rate=1.00s, Limit=0.000s, Conversion=0.0003s, RTAB-Map=0.0759s, Maps update=0.0002s pub=0.0007s delay=0.2480s (local map=1, WM=1)
[INFO] [1771074307.855019192] [rtabmap]: rtabmap (375): Rate=1.00s, Limit=0.000s, Conversion=0.0005s, RTAB-Map=0.0781s, Maps update=0.0002s pub=0.0007s delay=0.2420s (local map=1, WM=1)
[INFO] [1771074308.952793071] [rtabmap]: rtabmap (376): Rate=1.00s, Limit=0.000s, Conversion=0.0003s, RTAB-Map=0.0812s, Maps update=0.0002s pub=0.0016s delay=0.2397s (local map=1, WM=1)
[INFO] [1771074310.046587935] [rtabmap]: rtabmap (377): Rate=1.00s, Limit=0.000s, Conversion=0.0003s, RTAB-Map=0.0701s, Maps update=0.0002s pub=0.0012s delay=0.2335s (local map=1, WM=1)
[INFO] [1771074311.056827785] [rtabmap]: rtabmap (378): Rate=1.00s, Limit=0.000s, Conversion=0.0004s, RTAB-Map=0.0742s, Maps update=0.0002s pub=0.0008s delay=0.2437s (local map=1, WM=1)
[INFO] [1771074312.062510071] [rtabmap]: rtabmap (379): Rate=1.00s, Limit=0.000s, Conversion=0.0003s, RTAB-Map=0.0780s, Maps update=0.0002s pub=0.0007s delay=0.2494s (local map=1, WM=1)
[INFO] [1771074313.154818676] [rtabmap]: rtabmap (380): Rate=1.00s, Limit=0.000s, Conversion=0.0005s, RTAB-Map=0.0721s, Maps update=0.0002s pub=0.0008s delay=0.2417s (local map=1, WM=1)
[INFO] [1771074314.261738052] [rtabmap]: rtabmap (381): Rate=1.00s, Limit=0.000s, Conversion=0.0007s, RTAB-Map=0.0814s, Maps update=0.0003s pub=0.0009s delay=0.2486s (local map=1, WM=1)
[INFO] [1771074315.258459072] [rtabmap]: rtabmap (382): Rate=1.00s, Limit=0.000s, Conversion=0.0003s, RTAB-Map=0.0795s, Maps update=0.0002s pub=0.0009s delay=0.2453s (local map=1, WM=1)
[INFO] [1771074316.359946038] [rtabmap]: rtabmap (383): Rate=1.00s, Limit=0.000s, Conversion=0.0003s, RTAB-Map=0.0817s, Maps update=0.0002s pub=0.0007s delay=0.2468s (local map=1, WM=1)
[INFO] [1771074317.449734621] [rtabmap]: rtabmap (384): Rate=1.00s, Limit=0.000s, Conversion=0.0004s, RTAB-Map=0.0726s, Maps update=0.0002s pub=0.0010s delay=0.2366s (local map=1, WM=1)
[INFO] [1771074318.552229622] [rtabmap]: rtabmap (385): Rate=1.00s, Limit=0.000s, Conversion=0.0003s, RTAB-Map=0.0766s, Maps update=0.0002s pub=0.0007s delay=0.2391s (local map=1, WM=1)
[INFO] [1771074319.651718216] [rtabmap]: rtabmap (386): Rate=1.00s, Limit=0.000s, Conversion=0.0005s, RTAB-Map=0.0747s, Maps update=0.0002s pub=0.0013s delay=0.2386s (local map=1, WM=1)
[INFO] [1771074320.759944965] [rtabmap]: rtabmap (387): Rate=1.00s, Limit=0.000s, Conversion=0.0003s, RTAB-Map=0.0758s, Maps update=0.0002s pub=0.0007s delay=0.2467s (local map=1, WM=1)
[INFO] [1771074321.758810762] [rtabmap]: rtabmap (388): Rate=1.00s, Limit=0.000s, Conversion=0.0003s, RTAB-Map=0.0779s, Maps update=0.0002s pub=0.0007s delay=0.2456s (local map=1, WM=1)
[INFO] [1771074322.856919502] [rtabmap]: rtabmap (389): Rate=1.00s, Limit=0.000s, Conversion=0.0005s, RTAB-Map=0.0767s, Maps update=0.0002s pub=0.0007s delay=0.2437s (local map=1, WM=1)
[INFO] [1771074323.950470069] [rtabmap]: rtabmap (390): Rate=1.00s, Limit=0.000s, Conversion=0.0004s, RTAB-Map=0.0758s, Maps update=0.0003s pub=0.0008s delay=0.2373s (local map=1, WM=1)
[INFO] [1771074325.052724230] [rtabmap]: rtabmap (391): Rate=1.00s, Limit=0.000s, Conversion=0.0003s, RTAB-Map=0.0735s, Maps update=0.0003s pub=0.0007s delay=0.2396s (local map=1, WM=1)
[INFO] [1771074326.150483261] [rtabmap]: rtabmap (392): Rate=1.00s, Limit=0.000s, Conversion=0.0004s, RTAB-Map=0.0723s, Maps update=0.0002s pub=0.0008s delay=0.2373s (local map=1, WM=1)
[INFO] [1771074327.145488632] [rtabmap]: rtabmap (393): Rate=1.00s, Limit=0.000s, Conversion=0.0003s, RTAB-Map=0.0727s, Maps update=0.0002s pub=0.0008s delay=0.2323s (local map=1, WM=1)
[INFO] [1771074328.257000962] [rtabmap]: rtabmap (394): Rate=1.00s, Limit=0.000s, Conversion=0.0004s, RTAB-Map=0.0737s, Maps update=0.0002s pub=0.0007s delay=0.2438s (local map=1, WM=1)
[INFO] [1771074329.261076301] [rtabmap]: rtabmap (395): Rate=1.00s, Limit=0.000s, Conversion=0.0005s, RTAB-Map=0.0770s, Maps update=0.0002s pub=0.0007s delay=0.2478s (local map=1, WM=1)
[INFO] [1771074330.349526568] [rtabmap]: rtabmap (396): Rate=1.00s, Limit=0.000s, Conversion=0.0004s, RTAB-Map=0.0704s, Maps update=0.0002s pub=0.0007s delay=0.2362s (local map=1, WM=1)
[INFO] [1771074331.468341258] [rtabmap]: rtabmap (397): Rate=1.00s, Limit=0.000s, Conversion=0.0003s, RTAB-Map=0.0854s, Maps update=0.0002s pub=0.0008s delay=0.2552s (local map=1, WM=1)
[INFO] [1771074332.542333115] [rtabmap]: rtabmap (398): Rate=1.00s, Limit=0.000s, Conversion=0.0005s, RTAB-Map=0.0686s, Maps update=0.0002s pub=0.0008s delay=0.2291s (local map=1, WM=1)
[INFO] [1771074333.652883460] [rtabmap]: rtabmap (399): Rate=1.00s, Limit=0.000s, Conversion=0.0005s, RTAB-Map=0.0730s, Maps update=0.0002s pub=0.0010s delay=0.2397s (local map=1, WM=1)
[INFO] [1771074334.658381087] [rtabmap]: rtabmap (400): Rate=1.00s, Limit=0.000s, Conversion=0.0003s, RTAB-Map=0.0843s, Maps update=0.0002s pub=0.0008s delay=0.2451s (local map=1, WM=1)
[INFO] [1771074335.753807975] [rtabmap]: rtabmap (401): Rate=1.00s, Limit=0.000s, Conversion=0.0004s, RTAB-Map=0.0754s, Maps update=0.0002s pub=0.0008s delay=0.2408s (local map=1, WM=1)
[INFO] [1771074336.765846624] [rtabmap]: rtabmap (402): Rate=1.00s, Limit=0.000s, Conversion=0.0004s, RTAB-Map=0.0813s, Maps update=0.0002s pub=0.0013s delay=0.2525s (local map=1, WM=1)
[INFO] [1771074337.857000631] [rtabmap]: rtabmap (403): Rate=1.00s, Limit=0.000s, Conversion=0.0005s, RTAB-Map=0.0712s, Maps update=0.0002s pub=0.0008s delay=0.2439s (local map=1, WM=1)
[INFO] [1771074338.948833766] [rtabmap]: rtabmap (404): Rate=1.00s, Limit=0.000s, Conversion=0.0005s, RTAB-Map=0.0738s, Maps update=0.0003s pub=0.0014s delay=0.2355s (local map=1, WM=1)
[INFO] [1771074339.946107817] [rtabmap]: rtabmap (405): Rate=1.00s, Limit=0.000s, Conversion=0.0005s, RTAB-Map=0.0765s, Maps update=0.0002s pub=0.0008s delay=0.2328s (local map=1, WM=1)
[INFO] [1771074341.046102157] [rtabmap]: rtabmap (406): Rate=1.00s, Limit=0.000s, Conversion=0.0005s, RTAB-Map=0.0720s, Maps update=0.0002s pub=0.0014s delay=0.2330s (local map=1, WM=1)
[INFO] [1771074342.051939667] [rtabmap]: rtabmap (407): Rate=1.00s, Limit=0.000s, Conversion=0.0003s, RTAB-Map=0.0742s, Maps update=0.0002s pub=0.0008s delay=0.2388s (local map=1, WM=1)
[INFO] [1771074343.149814894] [rtabmap]: rtabmap (408): Rate=1.00s, Limit=0.000s, Conversion=0.0005s, RTAB-Map=0.0715s, Maps update=0.0002s pub=0.0009s delay=0.2376s (local map=1, WM=1)
[INFO] [1771074344.152970426] [rtabmap]: rtabmap (409): Rate=1.00s, Limit=0.000s, Conversion=0.0006s, RTAB-Map=0.0757s, Maps update=0.0003s pub=0.0010s delay=0.2398s (local map=1, WM=1)
[INFO] [1771074345.156373069] [rtabmap]: rtabmap (410): Rate=1.00s, Limit=0.000s, Conversion=0.0003s, RTAB-Map=0.0805s, Maps update=0.0002s pub=0.0009s delay=0.2431s (local map=1, WM=1)
[INFO] [1771074346.255139111] [rtabmap]: rtabmap (411): Rate=1.00s, Limit=0.000s, Conversion=0.0003s, RTAB-Map=0.0787s, Maps update=0.0002s pub=0.0008s delay=0.2420s (local map=1, WM=1)
[INFO] [1771074347.250415719] [rtabmap]: rtabmap (412): Rate=1.00s, Limit=0.000s, Conversion=0.0003s, RTAB-Map=0.0707s, Maps update=0.0003s pub=0.0008s delay=0.2370s (local map=1, WM=1)
[INFO] [1771074348.354735037] [rtabmap]: rtabmap (413): Rate=1.00s, Limit=0.000s, Conversion=0.0004s, RTAB-Map=0.0767s, Maps update=0.0002s pub=0.0007s delay=0.2416s (local map=1, WM=1)
[INFO] [1771074349.366064382] [rtabmap]: rtabmap (414): Rate=1.00s, Limit=0.000s, Conversion=0.0008s, RTAB-Map=0.0837s, Maps update=0.0013s pub=0.0007s delay=0.2529s (local map=1, WM=1)
[INFO] [1771074350.453808577] [rtabmap]: rtabmap (415): Rate=1.00s, Limit=0.000s, Conversion=0.0005s, RTAB-Map=0.0773s, Maps update=0.0002s pub=0.0008s delay=0.2406s (local map=1, WM=1)
[INFO] [1771074351.567088359] [rtabmap]: rtabmap (416): Rate=1.00s, Limit=0.000s, Conversion=0.0004s, RTAB-Map=0.0839s, Maps update=0.0002s pub=0.0008s delay=0.2537s (local map=1, WM=1)
[INFO] [1771074352.645414123] [rtabmap]: rtabmap (417): Rate=1.00s, Limit=0.000s, Conversion=0.0006s, RTAB-Map=0.0735s, Maps update=0.0002s pub=0.0009s delay=0.2323s (local map=1, WM=1)
[INFO] [1771074353.744901405] [rtabmap]: rtabmap (418): Rate=1.00s, Limit=0.000s, Conversion=0.0003s, RTAB-Map=0.0686s, Maps update=0.0002s pub=0.0010s delay=0.2316s (local map=1, WM=1)
[INFO] [1771074354.845191434] [rtabmap]: rtabmap (419): Rate=1.00s, Limit=0.000s, Conversion=0.0003s, RTAB-Map=0.0690s, Maps update=0.0002s pub=0.0011s delay=0.2319s (local map=1, WM=1)
[INFO] [1771074355.953646765] [rtabmap]: rtabmap (420): Rate=1.00s, Limit=0.000s, Conversion=0.0003s, RTAB-Map=0.0767s, Maps update=0.0002s pub=0.0007s delay=0.2402s (local map=1, WM=1)
[INFO] [1771074357.057655384] [rtabmap]: rtabmap (421): Rate=1.00s, Limit=0.000s, Conversion=0.0004s, RTAB-Map=0.0822s, Maps update=0.0002s pub=0.0008s delay=0.2444s (local map=1, WM=1)
[INFO] [1771074358.156228172] [rtabmap]: rtabmap (422): Rate=1.00s, Limit=0.000s, Conversion=0.0006s, RTAB-Map=0.0783s, Maps update=0.0002s pub=0.0007s delay=0.2429s (local map=1, WM=1)
[INFO] [1771074359.155012130] [rtabmap]: rtabmap (423): Rate=1.00s, Limit=0.000s, Conversion=0.0004s, RTAB-Map=0.0757s, Maps update=0.0002s pub=0.0007s delay=0.2416s (local map=1, WM=1)
[INFO] [1771074360.249664432] [rtabmap]: rtabmap (424): Rate=1.00s, Limit=0.000s, Conversion=0.0006s, RTAB-Map=0.0740s, Maps update=0.0003s pub=0.0011s delay=0.2365s (local map=1, WM=1)
[INFO] [1771074361.345210269] [rtabmap]: rtabmap (425): Rate=1.00s, Limit=0.000s, Conversion=0.0004s, RTAB-Map=0.0723s, Maps update=0.0002s pub=0.0008s delay=0.2318s (local map=1, WM=1)
[INFO] [1771074362.367504754] [rtabmap]: rtabmap (426): Rate=1.00s, Limit=0.000s, Conversion=0.0007s, RTAB-Map=0.0808s, Maps update=0.0002s pub=0.0008s delay=0.2541s (local map=1, WM=1)
[INFO] [1771074363.452474839] [rtabmap]: rtabmap (427): Rate=1.00s, Limit=0.000s, Conversion=0.0005s, RTAB-Map=0.0772s, Maps update=0.0002s pub=0.0008s delay=0.2391s (local map=1, WM=1)
[INFO] [1771074364.556900753] [rtabmap]: rtabmap (428): Rate=1.00s, Limit=0.000s, Conversion=0.0005s, RTAB-Map=0.0771s, Maps update=0.0002s pub=0.0007s delay=0.2436s (local map=1, WM=1)
[INFO] [1771074365.651931243] [rtabmap]: rtabmap (429): Rate=1.00s, Limit=0.000s, Conversion=0.0007s, RTAB-Map=0.0714s, Maps update=0.0002s pub=0.0007s delay=0.2385s (local map=1, WM=1)
[INFO] [1771074366.654591782] [rtabmap]: rtabmap (430): Rate=1.00s, Limit=0.000s, Conversion=0.0003s, RTAB-Map=0.0742s, Maps update=0.0002s pub=0.0007s delay=0.2411s (local map=1, WM=1)
[INFO] [1771074367.750201044] [rtabmap]: rtabmap (431): Rate=1.00s, Limit=0.000s, Conversion=0.0005s, RTAB-Map=0.0737s, Maps update=0.0002s pub=0.0009s delay=0.2367s (local map=1, WM=1)
[INFO] [1771074368.867479042] [rtabmap]: rtabmap (432): Rate=1.00s, Limit=0.000s, Conversion=0.0003s, RTAB-Map=0.0826s, Maps update=0.0002s pub=0.0011s delay=0.2541s (local map=1, WM=1)
[INFO] [1771074369.839936027] [rtabmap]: rtabmap (433): Rate=1.00s, Limit=0.000s, Conversion=0.0004s, RTAB-Map=0.0737s, Maps update=0.0002s pub=0.0009s delay=0.2265s (local map=1, WM=1)
[INFO] [1771074370.955634708] [rtabmap]: rtabmap (434): Rate=1.00s, Limit=0.000s, Conversion=0.0005s, RTAB-Map=0.0789s, Maps update=0.0002s pub=0.0008s delay=0.2421s (local map=1, WM=1)
[INFO] [1771074372.052715764] [rtabmap]: rtabmap (435): Rate=1.00s, Limit=0.000s, Conversion=0.0005s, RTAB-Map=0.0760s, Maps update=0.0002s pub=0.0007s delay=0.2392s (local map=1, WM=1)
[INFO] [1771074373.157080364] [rtabmap]: rtabmap (436): Rate=1.00s, Limit=0.000s, Conversion=0.0009s, RTAB-Map=0.0776s, Maps update=0.0002s pub=0.0007s delay=0.2437s (local map=1, WM=1)
[INFO] [1771074374.152195846] [rtabmap]: rtabmap (437): Rate=1.00s, Limit=0.000s, Conversion=0.0004s, RTAB-Map=0.0709s, Maps update=0.0002s pub=0.0013s delay=0.2385s (local map=1, WM=1)
[INFO] [1771074375.240724196] [rtabmap]: rtabmap (438): Rate=1.00s, Limit=0.000s, Conversion=0.0006s, RTAB-Map=0.0675s, Maps update=0.0002s pub=0.0008s delay=0.2283s (local map=1, WM=1)
[INFO] [1771074376.353502810] [rtabmap]: rtabmap (439): Rate=1.00s, Limit=0.000s, Conversion=0.0003s, RTAB-Map=0.0816s, Maps update=0.0003s pub=0.0008s delay=0.2398s (local map=1, WM=1)
[INFO] [1771074377.347155266] [rtabmap]: rtabmap (440): Rate=1.00s, Limit=0.000s, Conversion=0.0004s, RTAB-Map=0.0711s, Maps update=0.0002s pub=0.0016s delay=0.2337s (local map=1, WM=1)
[INFO] [1771074378.452182864] [rtabmap]: rtabmap (441): Rate=1.00s, Limit=0.000s, Conversion=0.0007s, RTAB-Map=0.0754s, Maps update=0.0002s pub=0.0008s delay=0.2397s (local map=1, WM=1)
[INFO] [1771074379.441425923] [rtabmap]: rtabmap (442): Rate=1.00s, Limit=0.000s, Conversion=0.0004s, RTAB-Map=0.0696s, Maps update=0.0002s pub=0.0008s delay=0.2278s (local map=1, WM=1)
[INFO] [1771074380.554867695] [rtabmap]: rtabmap (443): Rate=1.00s, Limit=0.000s, Conversion=0.0005s, RTAB-Map=0.0740s, Maps update=0.0002s pub=0.0007s delay=0.2424s (local map=1, WM=1)
[INFO] [1771074381.655254688] [rtabmap]: rtabmap (444): Rate=1.00s, Limit=0.000s, Conversion=0.0007s, RTAB-Map=0.0715s, Maps update=0.0013s pub=0.0008s delay=0.2416s (local map=1, WM=1)
[INFO] [1771074382.761326898] [rtabmap]: rtabmap (445): Rate=1.00s, Limit=0.000s, Conversion=0.0003s, RTAB-Map=0.0835s, Maps update=0.0002s pub=0.0009s delay=0.2478s (local map=1, WM=1)
[INFO] [1771074383.852545195] [rtabmap]: rtabmap (446): Rate=1.00s, Limit=0.000s, Conversion=0.0003s, RTAB-Map=0.0716s, Maps update=0.0002s pub=0.0009s delay=0.2390s (local map=1, WM=1)
[INFO] [1771074384.856101508] [rtabmap]: rtabmap (447): Rate=1.00s, Limit=0.000s, Conversion=0.0003s, RTAB-Map=0.0725s, Maps update=0.0002s pub=0.0008s delay=0.2424s (local map=1, WM=1)
[INFO] [1771074385.945876844] [rtabmap]: rtabmap (448): Rate=1.00s, Limit=0.000s, Conversion=0.0005s, RTAB-Map=0.0685s, Maps update=0.0002s pub=0.0008s delay=0.2322s (local map=1, WM=1)
[INFO] [1771074387.060437054] [rtabmap]: rtabmap (449): Rate=1.00s, Limit=0.000s, Conversion=0.0005s, RTAB-Map=0.0862s, Maps update=0.0002s pub=0.0008s delay=0.2468s (local map=1, WM=1)
[INFO] [1771074388.155468057] [rtabmap]: rtabmap (450): Rate=1.00s, Limit=0.000s, Conversion=0.0003s, RTAB-Map=0.0776s, Maps update=0.0002s pub=0.0007s delay=0.2430s (local map=1, WM=1)
[INFO] [1771074389.152691867] [rtabmap]: rtabmap (451): Rate=1.00s, Limit=0.000s, Conversion=0.0003s, RTAB-Map=0.0785s, Maps update=0.0002s pub=0.0007s delay=0.2392s (local map=1, WM=1)
[INFO] [1771074390.136391697] [rtabmap]: rtabmap (452): Rate=1.00s, Limit=0.000s, Conversion=0.0003s, RTAB-Map=0.0684s, Maps update=0.0002s pub=0.0010s delay=0.2228s (local map=1, WM=1)
[INFO] [1771074391.263399434] [rtabmap]: rtabmap (453): Rate=1.00s, Limit=0.000s, Conversion=0.0005s, RTAB-Map=0.0779s, Maps update=0.0002s pub=0.0007s delay=0.2509s (local map=1, WM=1)
[INFO] [1771074392.252179441] [rtabmap]: rtabmap (454): Rate=1.00s, Limit=0.000s, Conversion=0.0004s, RTAB-Map=0.0801s, Maps update=0.0003s pub=0.0010s delay=0.2386s (local map=1, WM=1)
[INFO] [1771074393.349418541] [rtabmap]: rtabmap (455): Rate=1.00s, Limit=0.000s, Conversion=0.0003s, RTAB-Map=0.0710s, Maps update=0.0002s pub=0.0007s delay=0.2359s (local map=1, WM=1)
[INFO] [1771074394.454082788] [rtabmap]: rtabmap (456): Rate=1.00s, Limit=0.000s, Conversion=0.0006s, RTAB-Map=0.0799s, Maps update=0.0002s pub=0.0007s delay=0.2406s (local map=1, WM=1)
[INFO] [1771074395.444568731] [rtabmap]: rtabmap (457): Rate=1.00s, Limit=0.000s, Conversion=0.0004s, RTAB-Map=0.0701s, Maps update=0.0002s pub=0.0008s delay=0.2310s (local map=1, WM=1)
[INFO] [1771074396.556174078] [rtabmap]: rtabmap (458): Rate=1.00s, Limit=0.000s, Conversion=0.0003s, RTAB-Map=0.0839s, Maps update=0.0001s pub=0.0001s delay=0.2437s (local map=1, WM=1)
[INFO] [1771074397.550922790] [rtabmap]: rtabmap (459): Rate=1.00s, Limit=0.000s, Conversion=0.0003s, RTAB-Map=0.0753s, Maps update=0.0001s pub=0.0001s delay=0.2374s (local map=1, WM=1)
[INFO] [1771074398.555128463] [rtabmap]: rtabmap (460): Rate=1.00s, Limit=0.000s, Conversion=0.0006s, RTAB-Map=0.0756s, Maps update=0.0001s pub=0.0001s delay=0.2414s (local map=1, WM=1)
[INFO] [1771074399.649392742] [rtabmap]: rtabmap (461): Rate=1.00s, Limit=0.000s, Conversion=0.0004s, RTAB-Map=0.0739s, Maps update=0.0001s pub=0.0001s delay=0.2369s (local map=1, WM=1)
[INFO] [1771074400.652122172] [rtabmap]: rtabmap (462): Rate=1.00s, Limit=0.000s, Conversion=0.0003s, RTAB-Map=0.0753s, Maps update=0.0001s pub=0.0001s delay=0.2394s (local map=1, WM=1)
[INFO] [1771074401.747098827] [rtabmap]: rtabmap (463): Rate=1.00s, Limit=0.000s, Conversion=0.0004s, RTAB-Map=0.0821s, Maps update=0.0001s pub=0.0001s delay=0.2335s (local map=1, WM=1)
[INFO] [1771074402.852413273] [rtabmap]: rtabmap (464): Rate=1.00s, Limit=0.000s, Conversion=0.0005s, RTAB-Map=0.0748s, Maps update=0.0001s pub=0.0001s delay=0.2387s (local map=1, WM=1)
[INFO] [1771074403.951345870] [rtabmap]: rtabmap (465): Rate=1.00s, Limit=0.000s, Conversion=0.0005s, RTAB-Map=0.0704s, Maps update=0.0001s pub=0.0001s delay=0.2377s (local map=1, WM=1)
[INFO] [1771074405.056199916] [rtabmap]: rtabmap (466): Rate=1.00s, Limit=0.000s, Conversion=0.0004s, RTAB-Map=0.0775s, Maps update=0.0001s pub=0.0001s delay=0.2438s (local map=1, WM=1)
[INFO] [1771074406.048150645] [rtabmap]: rtabmap (467): Rate=1.00s, Limit=0.000s, Conversion=0.0005s, RTAB-Map=0.0765s, Maps update=0.0001s pub=0.0001s delay=0.2344s (local map=1, WM=1)
[INFO] [1771074407.156464232] [rtabmap]: rtabmap (468): Rate=1.00s, Limit=0.000s, Conversion=0.0003s, RTAB-Map=0.0763s, Maps update=0.0001s pub=0.0001s delay=0.2440s (local map=1, WM=1)
[INFO] [1771074408.144022876] [rtabmap]: rtabmap (469): Rate=1.00s, Limit=0.000s, Conversion=0.0009s, RTAB-Map=0.0722s, Maps update=0.0002s pub=0.0001s delay=0.2304s (local map=1, WM=1)
[INFO] [1771074409.251368239] [rtabmap]: rtabmap (470): Rate=1.00s, Limit=0.000s, Conversion=0.0004s, RTAB-Map=0.0797s, Maps update=0.0001s pub=0.0001s delay=0.2388s (local map=1, WM=1)
[INFO] [1771074410.244339290] [rtabmap]: rtabmap (471): Rate=1.00s, Limit=0.000s, Conversion=0.0005s, RTAB-Map=0.0725s, Maps update=0.0001s pub=0.0001s delay=0.2318s (local map=1, WM=1)
[INFO] [1771074411.351803409] [rtabmap]: rtabmap (472): Rate=1.00s, Limit=0.000s, Conversion=0.0006s, RTAB-Map=0.0747s, Maps update=0.0001s pub=0.0001s delay=0.2392s (local map=1, WM=1)
[INFO] [1771074412.354579401] [rtabmap]: rtabmap (473): Rate=1.00s, Limit=0.000s, Conversion=0.0004s, RTAB-Map=0.0765s, Maps update=0.0001s pub=0.0001s delay=0.2408s (local map=1, WM=1)
[INFO] [1771074413.461917179] [rtabmap]: rtabmap (474): Rate=1.00s, Limit=0.000s, Conversion=0.0003s, RTAB-Map=0.0791s, Maps update=0.0001s pub=0.0001s delay=0.2495s (local map=1, WM=1)
[INFO] [1771074414.550962465] [rtabmap]: rtabmap (475): Rate=1.00s, Limit=0.000s, Conversion=0.0003s, RTAB-Map=0.0745s, Maps update=0.0001s pub=0.0001s delay=0.2387s (local map=1, WM=1)
[INFO] [1771074415.548318881] [rtabmap]: rtabmap (476): Rate=1.00s, Limit=0.000s, Conversion=0.0003s, RTAB-Map=0.0695s, Maps update=0.0001s pub=0.0001s delay=0.2358s (local map=1, WM=1)
[INFO] [1771074416.647072080] [rtabmap]: rtabmap (477): Rate=1.00s, Limit=0.000s, Conversion=0.0005s, RTAB-Map=0.0735s, Maps update=0.0001s pub=0.0001s delay=0.2333s (local map=1, WM=1)
[INFO] [1771074417.757603183] [rtabmap]: rtabmap (478): Rate=1.00s, Limit=0.000s, Conversion=0.0006s, RTAB-Map=0.0828s, Maps update=0.0001s pub=0.0001s delay=0.2453s (local map=1, WM=1)
[INFO] [1771074418.852252435] [rtabmap]: rtabmap (479): Rate=1.00s, Limit=0.000s, Conversion=0.0003s, RTAB-Map=0.0748s, Maps update=0.0001s pub=0.0001s delay=0.2397s (local map=1, WM=1)
[INFO] [1771074419.948910523] [rtabmap]: rtabmap (480): Rate=1.00s, Limit=0.000s, Conversion=0.0004s, RTAB-Map=0.0740s, Maps update=0.0003s pub=0.0015s delay=0.2367s (local map=1, WM=1)
[INFO] [1771074420.955463091] [rtabmap]: rtabmap (481): Rate=1.00s, Limit=0.000s, Conversion=0.0003s, RTAB-Map=0.0790s, Maps update=0.0002s pub=0.0010s delay=0.2427s (local map=1, WM=1)
[INFO] [1771074422.054328070] [rtabmap]: rtabmap (482): Rate=1.00s, Limit=0.000s, Conversion=0.0005s, RTAB-Map=0.0769s, Maps update=0.0002s pub=0.0011s delay=0.2421s (local map=1, WM=1)
[INFO] [1771074423.054319936] [rtabmap]: rtabmap (483): Rate=1.00s, Limit=0.000s, Conversion=0.0005s, RTAB-Map=0.0776s, Maps update=0.0003s pub=0.0010s delay=0.2418s (local map=1, WM=1)
[INFO] [1771074424.130789979] [rtabmap]: rtabmap (484): Rate=1.00s, Limit=0.000s, Conversion=0.0003s, RTAB-Map=0.1039s, Maps update=0.0002s pub=0.0009s delay=0.3182s (local map=1, WM=1)
[INFO] [1771074425.151531764] [rtabmap]: rtabmap (485): Rate=1.00s, Limit=0.000s, Conversion=0.0012s, RTAB-Map=0.0745s, Maps update=0.0002s pub=0.0007s delay=0.2389s (local map=1, WM=1)
[INFO] [1771074426.247422434] [rtabmap]: rtabmap (486): Rate=1.00s, Limit=0.000s, Conversion=0.0003s, RTAB-Map=0.0691s, Maps update=0.0007s pub=0.0009s delay=0.2352s (local map=1, WM=1)
[INFO] [1771074427.351062967] [rtabmap]: rtabmap (487): Rate=1.00s, Limit=0.000s, Conversion=0.0003s, RTAB-Map=0.0735s, Maps update=0.0002s pub=0.0013s delay=0.2385s (local map=1, WM=1)
[INFO] [1771074428.348032778] [rtabmap]: rtabmap (488): Rate=1.00s, Limit=0.000s, Conversion=0.0005s, RTAB-Map=0.0698s, Maps update=0.0002s pub=0.0007s delay=0.2353s (local map=1, WM=1)
[INFO] [1771074429.461265957] [rtabmap]: rtabmap (489): Rate=1.00s, Limit=0.000s, Conversion=0.0003s, RTAB-Map=0.0857s, Maps update=0.0002s pub=0.0012s delay=0.2490s (local map=1, WM=1)
[INFO] [1771074430.447042332] [rtabmap]: rtabmap (490): Rate=1.00s, Limit=0.000s, Conversion=0.0003s, RTAB-Map=0.0696s, Maps update=0.0003s pub=0.0008s delay=0.2342s (local map=1, WM=1)
[INFO] [1771074431.552600210] [rtabmap]: rtabmap (491): Rate=1.00s, Limit=0.000s, Conversion=0.0008s, RTAB-Map=0.0709s, Maps update=0.0002s pub=0.0008s delay=0.2402s (local map=1, WM=1)
[INFO] [1771074432.653805652] [rtabmap]: rtabmap (492): Rate=1.00s, Limit=0.000s, Conversion=0.0003s, RTAB-Map=0.0768s, Maps update=0.0003s pub=0.0008s delay=0.2412s (local map=1, WM=1)
[INFO] [1771074433.754569384] [rtabmap]: rtabmap (493): Rate=1.00s, Limit=0.000s, Conversion=0.0003s, RTAB-Map=0.0706s, Maps update=0.0002s pub=0.0010s delay=0.2422s (local map=1, WM=1)
[INFO] [1771074434.848967619] [rtabmap]: rtabmap (494): Rate=1.00s, Limit=0.000s, Conversion=0.0004s, RTAB-Map=0.0713s, Maps update=0.0003s pub=0.0007s delay=0.2363s (local map=1, WM=1)
[INFO] [1771074435.957335832] [rtabmap]: rtabmap (495): Rate=1.00s, Limit=0.000s, Conversion=0.0004s, RTAB-Map=0.0728s, Maps update=0.0002s pub=0.0008s delay=0.2451s (local map=1, WM=1)
[INFO] [1771074436.954523027] [rtabmap]: rtabmap (496): Rate=1.00s, Limit=0.000s, Conversion=0.0003s, RTAB-Map=0.0719s, Maps update=0.0002s pub=0.0009s delay=0.2422s (local map=1, WM=1)
[INFO] [1771074438.049503394] [rtabmap]: rtabmap (497): Rate=1.00s, Limit=0.000s, Conversion=0.0006s, RTAB-Map=0.0680s, Maps update=0.0002s pub=0.0007s delay=0.2369s (local map=1, WM=1)
[INFO] [1771074439.048481113] [rtabmap]: rtabmap (498): Rate=1.00s, Limit=0.000s, Conversion=0.0003s, RTAB-Map=0.0759s, Maps update=0.0002s pub=0.0007s delay=0.2358s (local map=1, WM=1)
[INFO] [1771074440.151472824] [rtabmap]: rtabmap (499): Rate=1.00s, Limit=0.000s, Conversion=0.0004s, RTAB-Map=0.0736s, Maps update=0.0002s pub=0.0012s delay=0.2393s (local map=1, WM=1)
[INFO] [1771074441.242244920] [rtabmap]: rtabmap (500): Rate=1.00s, Limit=0.000s, Conversion=0.0003s, RTAB-Map=0.0696s, Maps update=0.0002s pub=0.0012s delay=0.2301s (local map=1, WM=1)
[INFO] [1771074442.246590758] [rtabmap]: rtabmap (501): Rate=1.00s, Limit=0.000s, Conversion=0.0008s, RTAB-Map=0.0681s, Maps update=0.0002s pub=0.0009s delay=0.2344s (local map=1, WM=1)
[INFO] [1771074443.256921310] [rtabmap]: rtabmap (502): Rate=1.00s, Limit=0.000s, Conversion=0.0003s, RTAB-Map=0.0703s, Maps update=0.0002s pub=0.0008s delay=0.2446s (local map=1, WM=1)
[INFO] [1771074444.269682313] [rtabmap]: rtabmap (503): Rate=1.00s, Limit=0.000s, Conversion=0.0105s, RTAB-Map=0.0758s, Maps update=0.0002s pub=0.0012s delay=0.2570s (local map=1, WM=1)
[INFO] [1771074445.246573139] [rtabmap]: rtabmap (504): Rate=1.00s, Limit=0.000s, Conversion=0.0005s, RTAB-Map=0.0697s, Maps update=0.0003s pub=0.0009s delay=0.2337s (local map=1, WM=1)
[INFO] [1771074446.361059352] [rtabmap]: rtabmap (505): Rate=1.00s, Limit=0.000s, Conversion=0.0004s, RTAB-Map=0.0746s, Maps update=0.0002s pub=0.0007s delay=0.2487s (local map=1, WM=1)
[INFO] [1771074447.454716154] [rtabmap]: rtabmap (506): Rate=1.00s, Limit=0.000s, Conversion=0.0005s, RTAB-Map=0.0787s, Maps update=0.0002s pub=0.0010s delay=0.2425s (local map=1, WM=1)
[INFO] [1771074448.444058410] [rtabmap]: rtabmap (507): Rate=1.00s, Limit=0.000s, Conversion=0.0003s, RTAB-Map=0.0695s, Maps update=0.0002s pub=0.0009s delay=0.2313s (local map=1, WM=1)
[INFO] [1771074449.555815538] [rtabmap]: rtabmap (508): Rate=1.00s, Limit=0.000s, Conversion=0.0003s, RTAB-Map=0.0729s, Maps update=0.0003s pub=0.0011s delay=0.2436s (local map=1, WM=1)
[INFO] [1771074450.546778618] [rtabmap]: rtabmap (509): Rate=1.00s, Limit=0.000s, Conversion=0.0003s, RTAB-Map=0.0709s, Maps update=0.0016s pub=0.0008s delay=0.2346s (local map=1, WM=1)
[INFO] [1771074451.569145578] [rtabmap]: rtabmap (510): Rate=1.00s, Limit=0.000s, Conversion=0.0005s, RTAB-Map=0.0885s, Maps update=0.0002s pub=0.0007s delay=0.2569s (local map=1, WM=1)
[INFO] [1771074452.667569326] [rtabmap]: rtabmap (511): Rate=1.00s, Limit=0.000s, Conversion=0.0005s, RTAB-Map=0.0794s, Maps update=0.0002s pub=0.0007s delay=0.2552s (local map=1, WM=1)
[INFO] [1771074453.759235213] [rtabmap]: rtabmap (512): Rate=1.00s, Limit=0.000s, Conversion=0.0003s, RTAB-Map=0.0803s, Maps update=0.0002s pub=0.0012s delay=0.2471s (local map=1, WM=1)
[INFO] [1771074454.853626440] [rtabmap]: rtabmap (513): Rate=1.00s, Limit=0.000s, Conversion=0.0004s, RTAB-Map=0.0714s, Maps update=0.0002s pub=0.0017s delay=0.2414s (local map=1, WM=1)
[INFO] [1771074455.844753139] [rtabmap]: rtabmap (514): Rate=1.00s, Limit=0.000s, Conversion=0.0006s, RTAB-Map=0.0722s, Maps update=0.0002s pub=0.0009s delay=0.2324s (local map=1, WM=1)
[INFO] [1771074456.958114142] [rtabmap]: rtabmap (515): Rate=1.00s, Limit=0.000s, Conversion=0.0003s, RTAB-Map=0.0762s, Maps update=0.0002s pub=0.0007s delay=0.2458s (local map=1, WM=1)
[INFO] [1771074458.056956243] [rtabmap]: rtabmap (516): Rate=1.00s, Limit=0.000s, Conversion=0.0004s, RTAB-Map=0.0720s, Maps update=0.0002s pub=0.0010s delay=0.2445s (local map=1, WM=1)
[INFO] [1771074459.157373599] [rtabmap]: rtabmap (517): Rate=1.00s, Limit=0.000s, Conversion=0.0003s, RTAB-Map=0.0734s, Maps update=0.0006s pub=0.0009s delay=0.2451s (local map=1, WM=1)
[INFO] [1771074460.249092126] [rtabmap]: rtabmap (518): Rate=1.00s, Limit=0.000s, Conversion=0.0004s, RTAB-Map=0.0762s, Maps update=0.0002s pub=0.0007s delay=0.2369s (local map=1, WM=1)
[INFO] [1771074461.247870199] [rtabmap]: rtabmap (519): Rate=1.00s, Limit=0.000s, Conversion=0.0005s, RTAB-Map=0.0707s, Maps update=0.0003s pub=0.0011s delay=0.2356s (local map=1, WM=1)
[INFO] [1771074462.254449822] [rtabmap]: rtabmap (520): Rate=1.00s, Limit=0.000s, Conversion=0.0003s, RTAB-Map=0.0688s, Maps update=0.0003s pub=0.0009s delay=0.2421s (local map=1, WM=1)
[INFO] [1771074463.363735964] [rtabmap]: rtabmap (521): Rate=1.00s, Limit=0.000s, Conversion=0.0004s, RTAB-Map=0.0790s, Maps update=0.0002s pub=0.0010s delay=0.2515s (local map=1, WM=1)
[INFO] [1771074464.442673762] [rtabmap]: rtabmap (522): Rate=1.00s, Limit=0.000s, Conversion=0.0007s, RTAB-Map=0.0676s, Maps update=0.0013s pub=0.0008s delay=0.2303s (local map=1, WM=1)
[INFO] [1771074465.559947988] [rtabmap]: rtabmap (523): Rate=1.00s, Limit=0.000s, Conversion=0.0003s, RTAB-Map=0.0741s, Maps update=0.0003s pub=0.0008s delay=0.2477s (local map=1, WM=1)
[INFO] [1771074466.555170066] [rtabmap]: rtabmap (524): Rate=1.00s, Limit=0.000s, Conversion=0.0006s, RTAB-Map=0.0747s, Maps update=0.0002s pub=0.0017s delay=0.2428s (local map=1, WM=1)
[INFO] [1771074467.655719042] [rtabmap]: rtabmap (525): Rate=1.00s, Limit=0.000s, Conversion=0.0003s, RTAB-Map=0.0754s, Maps update=0.0002s pub=0.0009s delay=0.2435s (local map=1, WM=1)
[INFO] [1771074468.643204406] [rtabmap]: rtabmap (526): Rate=1.00s, Limit=0.000s, Conversion=0.0003s, RTAB-Map=0.0692s, Maps update=0.0002s pub=0.0008s delay=0.2309s (local map=1, WM=1)
[INFO] [1771074469.762613457] [rtabmap]: rtabmap (527): Rate=1.00s, Limit=0.000s, Conversion=0.0007s, RTAB-Map=0.0761s, Maps update=0.0002s pub=0.0009s delay=0.2504s (local map=1, WM=1)
[INFO] [1771074470.751336111] [rtabmap]: rtabmap (528): Rate=1.00s, Limit=0.000s, Conversion=0.0003s, RTAB-Map=0.0697s, Maps update=0.0003s pub=0.0009s delay=0.2390s (local map=1, WM=1)
[INFO] [1771074471.849430059] [rtabmap]: rtabmap (529): Rate=1.00s, Limit=0.000s, Conversion=0.0005s, RTAB-Map=0.0788s, Maps update=0.0009s pub=0.0019s delay=0.2371s (local map=1, WM=1)
[INFO] [1771074472.951280776] [rtabmap]: rtabmap (530): Rate=1.00s, Limit=0.000s, Conversion=0.0003s, RTAB-Map=0.0743s, Maps update=0.0003s pub=0.0009s delay=0.2391s (local map=1, WM=1)
[INFO] [1771074474.053982787] [rtabmap]: rtabmap (531): Rate=1.00s, Limit=0.000s, Conversion=0.0004s, RTAB-Map=0.0788s, Maps update=0.0003s pub=0.0009s delay=0.2417s (local map=1, WM=1)
[INFO] [1771074475.152310118] [rtabmap]: rtabmap (532): Rate=1.00s, Limit=0.000s, Conversion=0.0005s, RTAB-Map=0.0716s, Maps update=0.0002s pub=0.0008s delay=0.2401s (local map=1, WM=1)
[INFO] [1771074476.164989759] [rtabmap]: rtabmap (533): Rate=1.00s, Limit=0.000s, Conversion=0.0004s, RTAB-Map=0.0803s, Maps update=0.0002s pub=0.0007s delay=0.2527s (local map=1, WM=1)
[INFO] [1771074477.158232697] [rtabmap]: rtabmap (534): Rate=1.00s, Limit=0.000s, Conversion=0.0005s, RTAB-Map=0.0736s, Maps update=0.0003s pub=0.0014s delay=0.2459s (local map=1, WM=1)
[INFO] [1771074478.249089179] [rtabmap]: rtabmap (535): Rate=1.00s, Limit=0.000s, Conversion=0.0003s, RTAB-Map=0.0760s, Maps update=0.0002s pub=0.0011s delay=0.2368s (local map=1, WM=1)
[INFO] [1771074479.344438936] [rtabmap]: rtabmap (536): Rate=1.00s, Limit=0.000s, Conversion=0.0010s, RTAB-Map=0.0720s, Maps update=0.0002s pub=0.0008s delay=0.2322s (local map=1, WM=1)
[INFO] [1771074480.355573756] [rtabmap]: rtabmap (537): Rate=1.00s, Limit=0.000s, Conversion=0.0005s, RTAB-Map=0.0718s, Maps update=0.0002s pub=0.0008s delay=0.2432s (local map=1, WM=1)
[INFO] [1771074481.353671901] [rtabmap]: rtabmap (538): Rate=1.00s, Limit=0.000s, Conversion=0.0004s, RTAB-Map=0.0749s, Maps update=0.0002s pub=0.0009s delay=0.2413s (local map=1, WM=1)
[INFO] [1771074482.463594961] [rtabmap]: rtabmap (539): Rate=1.00s, Limit=0.000s, Conversion=0.0003s, RTAB-Map=0.0757s, Maps update=0.0002s pub=0.0009s delay=0.2513s (local map=1, WM=1)
[INFO] [1771074483.551280166] [rtabmap]: rtabmap (540): Rate=1.00s, Limit=0.000s, Conversion=0.0003s, RTAB-Map=0.0722s, Maps update=0.0002s pub=0.0009s delay=0.2390s (local map=1, WM=1)
[INFO] [1771074484.543210803] [rtabmap]: rtabmap (541): Rate=1.00s, Limit=0.000s, Conversion=0.0005s, RTAB-Map=0.0704s, Maps update=0.0002s pub=0.0015s delay=0.2308s (local map=1, WM=1)
[INFO] [1771074485.545455779] [rtabmap]: rtabmap (542): Rate=1.00s, Limit=0.000s, Conversion=0.0004s, RTAB-Map=0.0718s, Maps update=0.0003s pub=0.0009s delay=0.2330s (local map=1, WM=1)
[INFO] [1771074486.649197058] [rtabmap]: rtabmap (543): Rate=1.00s, Limit=0.000s, Conversion=0.0005s, RTAB-Map=0.0736s, Maps update=0.0002s pub=0.0007s delay=0.2369s (local map=1, WM=1)
[INFO] [1771074487.654377720] [rtabmap]: rtabmap (544): Rate=1.00s, Limit=0.000s, Conversion=0.0004s, RTAB-Map=0.0739s, Maps update=0.0003s pub=0.0012s delay=0.2420s (local map=1, WM=1)
[INFO] [1771074488.754920136] [rtabmap]: rtabmap (545): Rate=1.00s, Limit=0.000s, Conversion=0.0006s, RTAB-Map=0.0734s, Maps update=0.0002s pub=0.0017s delay=0.2426s (local map=1, WM=1)
[INFO] [1771074489.761473421] [rtabmap]: rtabmap (546): Rate=1.00s, Limit=0.000s, Conversion=0.0005s, RTAB-Map=0.0745s, Maps update=0.0002s pub=0.0007s delay=0.2491s (local map=1, WM=1)
[INFO] [1771074490.853897893] [rtabmap]: rtabmap (547): Rate=1.00s, Limit=0.000s, Conversion=0.0003s, RTAB-Map=0.0786s, Maps update=0.0002s pub=0.0021s delay=0.2414s (local map=1, WM=1)
[INFO] [1771074491.850904738] [rtabmap]: rtabmap (548): Rate=1.00s, Limit=0.000s, Conversion=0.0004s, RTAB-Map=0.0687s, Maps update=0.0002s pub=0.0007s delay=0.2384s (local map=1, WM=1)
[INFO] [1771074492.857177565] [rtabmap]: rtabmap (549): Rate=1.00s, Limit=0.000s, Conversion=0.0004s, RTAB-Map=0.0754s, Maps update=0.0002s pub=0.0010s delay=0.2447s (local map=1, WM=1)
[INFO] [1771074493.957029974] [rtabmap]: rtabmap (550): Rate=1.00s, Limit=0.000s, Conversion=0.0011s, RTAB-Map=0.0760s, Maps update=0.0002s pub=0.0012s delay=0.2445s (local map=1, WM=1)
[INFO] [1771074495.059691855] [rtabmap]: rtabmap (551): Rate=1.00s, Limit=0.000s, Conversion=0.0105s, RTAB-Map=0.0767s, Maps update=0.0003s pub=0.0009s delay=0.2473s (local map=1, WM=1)
[INFO] [1771074496.157883822] [rtabmap]: rtabmap (552): Rate=1.00s, Limit=0.000s, Conversion=0.0005s, RTAB-Map=0.0791s, Maps update=0.0013s pub=0.0009s delay=0.2454s (local map=1, WM=1)
[INFO] [1771074497.255168685] [rtabmap]: rtabmap (553): Rate=1.00s, Limit=0.000s, Conversion=0.0005s, RTAB-Map=0.0785s, Maps update=0.0002s pub=0.0015s delay=0.2427s (local map=1, WM=1)
[INFO] [1771074498.244617221] [rtabmap]: rtabmap (554): Rate=1.00s, Limit=0.000s, Conversion=0.0004s, RTAB-Map=0.0688s, Maps update=0.0002s pub=0.0014s delay=0.2322s (local map=1, WM=1)
[INFO] [1771074499.356861448] [rtabmap]: rtabmap (555): Rate=1.00s, Limit=0.000s, Conversion=0.0003s, RTAB-Map=0.0741s, Maps update=0.0002s pub=0.0008s delay=0.2445s (local map=1, WM=1)
[INFO] [1771074500.354795045] [rtabmap]: rtabmap (556): Rate=1.00s, Limit=0.000s, Conversion=0.0004s, RTAB-Map=0.0746s, Maps update=0.0002s pub=0.0012s delay=0.2423s (local map=1, WM=1)
[INFO] [1771074501.457340122] [rtabmap]: rtabmap (557): Rate=1.00s, Limit=0.000s, Conversion=0.0003s, RTAB-Map=0.0713s, Maps update=0.0003s pub=0.0012s delay=0.2450s (local map=1, WM=1)
[INFO] [1771074502.444781388] [rtabmap]: rtabmap (558): Rate=1.00s, Limit=0.000s, Conversion=0.0005s, RTAB-Map=0.0682s, Maps update=0.0003s pub=0.0013s delay=0.2324s (local map=1, WM=1)
[INFO] [1771074503.452419383] [rtabmap]: rtabmap (559): Rate=1.00s, Limit=0.000s, Conversion=0.0004s, RTAB-Map=0.0703s, Maps update=0.0002s pub=0.0008s delay=0.2399s (local map=1, WM=1)
[INFO] [1771074504.552847971] [rtabmap]: rtabmap (560): Rate=1.00s, Limit=0.000s, Conversion=0.0005s, RTAB-Map=0.0725s, Maps update=0.0002s pub=0.0008s delay=0.2404s (local map=1, WM=1)
[INFO] [1771074505.551080329] [rtabmap]: rtabmap (561): Rate=1.00s, Limit=0.000s, Conversion=0.0005s, RTAB-Map=0.0716s, Maps update=0.0002s pub=0.0008s delay=0.2386s (local map=1, WM=1)
[INFO] [1771074506.652053480] [rtabmap]: rtabmap (562): Rate=1.00s, Limit=0.000s, Conversion=0.0003s, RTAB-Map=0.0745s, Maps update=0.0003s pub=0.0007s delay=0.2394s (local map=1, WM=1)
[INFO] [1771074507.759259582] [rtabmap]: rtabmap (563): Rate=1.00s, Limit=0.000s, Conversion=0.0005s, RTAB-Map=0.0721s, Maps update=0.0002s pub=0.0008s delay=0.2468s (local map=1, WM=1)
[INFO] [1771074508.746645134] [rtabmap]: rtabmap (564): Rate=1.00s, Limit=0.000s, Conversion=0.0005s, RTAB-Map=0.0709s, Maps update=0.0003s pub=0.0007s delay=0.2341s (local map=1, WM=1)
[INFO] [1771074509.847692592] [rtabmap]: rtabmap (565): Rate=1.00s, Limit=0.000s, Conversion=0.0003s, RTAB-Map=0.0705s, Maps update=0.0002s pub=0.0011s delay=0.2352s (local map=1, WM=1)
[INFO] [1771074510.841992174] [rtabmap]: rtabmap (566): Rate=1.00s, Limit=0.000s, Conversion=0.0003s, RTAB-Map=0.0676s, Maps update=0.0002s pub=0.0009s delay=0.2294s (local map=1, WM=1)
[INFO] [1771074511.946683982] [rtabmap]: rtabmap (567): Rate=1.00s, Limit=0.000s, Conversion=0.0003s, RTAB-Map=0.0719s, Maps update=0.0002s pub=0.0009s delay=0.2342s (local map=1, WM=1)
[INFO] [1771074512.960110720] [rtabmap]: rtabmap (568): Rate=1.00s, Limit=0.000s, Conversion=0.0005s, RTAB-Map=0.0801s, Maps update=0.0003s pub=0.0008s delay=0.2475s (local map=1, WM=1)
[INFO] [1771074514.057861552] [rtabmap]: rtabmap (569): Rate=1.00s, Limit=0.000s, Conversion=0.0004s, RTAB-Map=0.0781s, Maps update=0.0002s pub=0.0009s delay=0.2452s (local map=1, WM=1)
[INFO] [1771074515.053602322] [rtabmap]: rtabmap (570): Rate=1.00s, Limit=0.000s, Conversion=0.0005s, RTAB-Map=0.0727s, Maps update=0.0002s pub=0.0008s delay=0.2409s (local map=1, WM=1)
[INFO] [1771074516.153956033] [rtabmap]: rtabmap (571): Rate=1.00s, Limit=0.000s, Conversion=0.0009s, RTAB-Map=0.0754s, Maps update=0.0002s pub=0.0008s delay=0.2414s (local map=1, WM=1)
[INFO] [1771074517.167836664] [rtabmap]: rtabmap (572): Rate=1.00s, Limit=0.000s, Conversion=0.0105s, RTAB-Map=0.0765s, Maps update=0.0002s pub=0.0015s delay=0.2552s (local map=1, WM=1)
[INFO] [1771074518.143446780] [rtabmap]: rtabmap (573): Rate=1.00s, Limit=0.000s, Conversion=0.0005s, RTAB-Map=0.0654s, Maps update=0.0003s pub=0.0012s delay=0.2307s (local map=1, WM=1)
[INFO] [1771074519.258962190] [rtabmap]: rtabmap (574): Rate=1.00s, Limit=0.000s, Conversion=0.0003s, RTAB-Map=0.0774s, Maps update=0.0003s pub=0.0010s delay=0.2460s (local map=1, WM=1)
[INFO] [1771074520.245212544] [rtabmap]: rtabmap (575): Rate=1.00s, Limit=0.000s, Conversion=0.0003s, RTAB-Map=0.0695s, Maps update=0.0002s pub=0.0018s delay=0.2325s (local map=1, WM=1)
[INFO] [1771074521.349531276] [rtabmap]: rtabmap (576): Rate=1.00s, Limit=0.000s, Conversion=0.0003s, RTAB-Map=0.0729s, Maps update=0.0002s pub=0.0008s delay=0.2369s (local map=1, WM=1)
[INFO] [1771074522.458083946] [rtabmap]: rtabmap (577): Rate=1.00s, Limit=0.000s, Conversion=0.0003s, RTAB-Map=0.0739s, Maps update=0.0003s pub=0.0008s delay=0.2456s (local map=1, WM=1)
[INFO] [1771074523.458191316] [rtabmap]: rtabmap (578): Rate=1.00s, Limit=0.000s, Conversion=0.0003s, RTAB-Map=0.0776s, Maps update=0.0003s pub=0.0008s delay=0.2455s (local map=1, WM=1)
[INFO] [1771074524.557659321] [rtabmap]: rtabmap (579): Rate=1.00s, Limit=0.000s, Conversion=0.0006s, RTAB-Map=0.0703s, Maps update=0.0002s pub=0.0008s delay=0.2451s (local map=1, WM=1)
[INFO] [1771074525.542855843] [rtabmap]: rtabmap (580): Rate=1.00s, Limit=0.000s, Conversion=0.0005s, RTAB-Map=0.0687s, Maps update=0.0002s pub=0.0008s delay=0.2303s (local map=1, WM=1)
[INFO] [1771074526.662409307] [rtabmap]: rtabmap (581): Rate=1.00s, Limit=0.000s, Conversion=0.0006s, RTAB-Map=0.0807s, Maps update=0.0002s pub=0.0009s delay=0.2499s (local map=1, WM=1)
[INFO] [1771074527.657533850] [rtabmap]: rtabmap (582): Rate=1.00s, Limit=0.000s, Conversion=0.0005s, RTAB-Map=0.0757s, Maps update=0.0003s pub=0.0012s delay=0.2449s (local map=1, WM=1)
[INFO] [1771074528.658711529] [rtabmap]: rtabmap (583): Rate=1.00s, Limit=0.000s, Conversion=0.0004s, RTAB-Map=0.0732s, Maps update=0.0003s pub=0.0018s delay=0.2460s (local map=1, WM=1)
[INFO] [1771074529.644625964] [rtabmap]: rtabmap (584): Rate=1.00s, Limit=0.000s, Conversion=0.0006s, RTAB-Map=0.0706s, Maps update=0.0002s pub=0.0008s delay=0.2318s (local map=1, WM=1)
[INFO] [1771074530.768386485] [rtabmap]: rtabmap (585): Rate=1.00s, Limit=0.000s, Conversion=0.0004s, RTAB-Map=0.0810s, Maps update=0.0002s pub=0.0008s delay=0.2556s (local map=1, WM=1)
[INFO] [1771074531.761691957] [rtabmap]: rtabmap (586): Rate=1.00s, Limit=0.000s, Conversion=0.0006s, RTAB-Map=0.0759s, Maps update=0.0002s pub=0.0009s delay=0.2489s (local map=1, WM=1)
[INFO] [1771074532.851251621] [rtabmap]: rtabmap (587): Rate=1.00s, Limit=0.000s, Conversion=0.0003s, RTAB-Map=0.0727s, Maps update=0.0003s pub=0.0008s delay=0.2384s (local map=1, WM=1)
[INFO] [1771074533.957746588] [rtabmap]: rtabmap (588): Rate=1.00s, Limit=0.000s, Conversion=0.0005s, RTAB-Map=0.0779s, Maps update=0.0002s pub=0.0008s delay=0.2450s (local map=1, WM=1)
[INFO] [1771074535.054088022] [rtabmap]: rtabmap (589): Rate=1.00s, Limit=0.000s, Conversion=0.0003s, RTAB-Map=0.0703s, Maps update=0.0002s pub=0.0008s delay=0.2413s (local map=1, WM=1)
[INFO] [1771074536.148038941] [rtabmap]: rtabmap (590): Rate=1.00s, Limit=0.000s, Conversion=0.0003s, RTAB-Map=0.0714s, Maps update=0.0002s pub=0.0018s delay=0.2354s (local map=1, WM=1)
[INFO] [1771074537.249394275] [rtabmap]: rtabmap (591): Rate=1.00s, Limit=0.000s, Conversion=0.0005s, RTAB-Map=0.0708s, Maps update=0.0005s pub=0.0010s delay=0.2366s (local map=1, WM=1)
[INFO] [1771074538.251977123] [rtabmap]: rtabmap (592): Rate=1.00s, Limit=0.000s, Conversion=0.0006s, RTAB-Map=0.0710s, Maps update=0.0004s pub=0.0019s delay=0.2391s (local map=1, WM=1)
[INFO] [1771074539.355745948] [rtabmap]: rtabmap (593): Rate=1.00s, Limit=0.000s, Conversion=0.0008s, RTAB-Map=0.0749s, Maps update=0.0003s pub=0.0008s delay=0.2426s (local map=1, WM=1)
[INFO] [1771074540.343334776] [rtabmap]: rtabmap (594): Rate=1.00s, Limit=0.000s, Conversion=0.0005s, RTAB-Map=0.0680s, Maps update=0.0002s pub=0.0008s delay=0.2305s (local map=1, WM=1)
[INFO] [1771074541.460624130] [rtabmap]: rtabmap (595): Rate=1.00s, Limit=0.000s, Conversion=0.0004s, RTAB-Map=0.0830s, Maps update=0.0004s pub=0.0014s delay=0.2478s (local map=1, WM=1)
[INFO] [1771074542.559129190] [rtabmap]: rtabmap (596): Rate=1.00s, Limit=0.000s, Conversion=0.0009s, RTAB-Map=0.0742s, Maps update=0.0004s pub=0.0009s delay=0.2464s (local map=1, WM=1)
[INFO] [1771074543.541818618] [rtabmap]: rtabmap (597): Rate=1.00s, Limit=0.000s, Conversion=0.0004s, RTAB-Map=0.0675s, Maps update=0.0003s pub=0.0008s delay=0.2290s (local map=1, WM=1)
[INFO] [1771074544.565978752] [rtabmap]: rtabmap (598): Rate=1.00s, Limit=0.000s, Conversion=0.0005s, RTAB-Map=0.0772s, Maps update=0.0002s pub=0.0012s delay=0.2531s (local map=1, WM=1)
[INFO] [1771074545.653725169] [rtabmap]: rtabmap (599): Rate=1.00s, Limit=0.000s, Conversion=0.0003s, RTAB-Map=0.0803s, Maps update=0.0002s pub=0.0008s delay=0.2410s (local map=1, WM=1)
[INFO] [1771074546.758086687] [rtabmap]: rtabmap (600): Rate=1.00s, Limit=0.000s, Conversion=0.0004s, RTAB-Map=0.0761s, Maps update=0.0002s pub=0.0009s delay=0.2451s (local map=1, WM=1)
[INFO] [1771074547.855629986] [rtabmap]: rtabmap (601): Rate=1.00s, Limit=0.000s, Conversion=0.0004s, RTAB-Map=0.0724s, Maps update=0.0002s pub=0.0008s delay=0.2427s (local map=1, WM=1)
[INFO] [1771074548.861574805] [rtabmap]: rtabmap (602): Rate=1.00s, Limit=0.000s, Conversion=0.0107s, RTAB-Map=0.0710s, Maps update=0.0002s pub=0.0007s delay=0.2487s (local map=1, WM=1)
[INFO] [1771074549.850913357] [rtabmap]: rtabmap (603): Rate=1.00s, Limit=0.000s, Conversion=0.0003s, RTAB-Map=0.0733s, Maps update=0.0002s pub=0.0008s delay=0.2380s (local map=1, WM=1)
[INFO] [1771074550.954207126] [rtabmap]: rtabmap (604): Rate=1.00s, Limit=0.000s, Conversion=0.0005s, RTAB-Map=0.0728s, Maps update=0.0003s pub=0.0009s delay=0.2412s (local map=1, WM=1)
[INFO] [1771074552.048408262] [rtabmap]: rtabmap (605): Rate=1.00s, Limit=0.000s, Conversion=0.0006s, RTAB-Map=0.0719s, Maps update=0.0002s pub=0.0016s delay=0.2356s (local map=1, WM=1)
[INFO] [1771074553.067435964] [rtabmap]: rtabmap (606): Rate=1.00s, Limit=0.000s, Conversion=0.0007s, RTAB-Map=0.0811s, Maps update=0.0003s pub=0.0008s delay=0.2545s (local map=1, WM=1)
[INFO] [1771074554.064014669] [rtabmap]: rtabmap (607): Rate=1.00s, Limit=0.000s, Conversion=0.0009s, RTAB-Map=0.0787s, Maps update=0.0002s pub=0.0007s delay=0.2511s (local map=1, WM=1)
[INFO] [1771074555.153762243] [rtabmap]: rtabmap (608): Rate=1.00s, Limit=0.000s, Conversion=0.0003s, RTAB-Map=0.0695s, Maps update=0.0002s pub=0.0008s delay=0.2408s (local map=1, WM=1)
[INFO] [1771074556.262465734] [rtabmap]: rtabmap (609): Rate=1.00s, Limit=0.000s, Conversion=0.0003s, RTAB-Map=0.0774s, Maps update=0.0002s pub=0.0012s delay=0.2497s (local map=1, WM=1)
[INFO] [1771074557.250346828] [rtabmap]: rtabmap (610): Rate=1.00s, Limit=0.000s, Conversion=0.0003s, RTAB-Map=0.0740s, Maps update=0.0002s pub=0.0009s delay=0.2374s (local map=1, WM=1)
[INFO] [1771074558.245332614] [rtabmap]: rtabmap (611): Rate=1.00s, Limit=0.000s, Conversion=0.0003s, RTAB-Map=0.0680s, Maps update=0.0002s pub=0.0008s delay=0.2324s (local map=1, WM=1)
[INFO] [1771074559.358271355] [rtabmap]: rtabmap (612): Rate=1.00s, Limit=0.000s, Conversion=0.0003s, RTAB-Map=0.0824s, Maps update=0.0003s pub=0.0008s delay=0.2454s (local map=1, WM=1)
[INFO] [1771074560.355954674] [rtabmap]: rtabmap (613): Rate=1.00s, Limit=0.000s, Conversion=0.0004s, RTAB-Map=0.0777s, Maps update=0.0002s pub=0.0007s delay=0.2430s (local map=1, WM=1)
[INFO] [1771074561.461470023] [rtabmap]: rtabmap (614): Rate=1.00s, Limit=0.000s, Conversion=0.0003s, RTAB-Map=0.0776s, Maps update=0.0002s pub=0.0007s delay=0.2484s (local map=1, WM=1)
[INFO] [1771074562.551333794] [rtabmap]: rtabmap (615): Rate=1.00s, Limit=0.000s, Conversion=0.0005s, RTAB-Map=0.0736s, Maps update=0.0004s pub=0.0007s delay=0.2387s (local map=1, WM=1)
[INFO] [1771074563.553430417] [rtabmap]: rtabmap (616): Rate=1.00s, Limit=0.000s, Conversion=0.0005s, RTAB-Map=0.0730s, Maps update=0.0002s pub=0.0011s delay=0.2404s (local map=1, WM=1)
[INFO] [1771074564.650072277] [rtabmap]: rtabmap (617): Rate=1.00s, Limit=0.000s, Conversion=0.0004s, RTAB-Map=0.0750s, Maps update=0.0002s pub=0.0020s delay=0.2371s (local map=1, WM=1)
[INFO] [1771074565.757699539] [rtabmap]: rtabmap (618): Rate=1.00s, Limit=0.000s, Conversion=0.0005s, RTAB-Map=0.0759s, Maps update=0.0003s pub=0.0009s delay=0.2447s (local map=1, WM=1)
[INFO] [1771074566.757869952] [rtabmap]: rtabmap (619): Rate=1.00s, Limit=0.000s, Conversion=0.0005s, RTAB-Map=0.0831s, Maps update=0.0004s pub=0.0009s delay=0.2448s (local map=1, WM=1)
[INFO] [1771074567.853465760] [rtabmap]: rtabmap (620): Rate=1.00s, Limit=0.000s, Conversion=0.0005s, RTAB-Map=0.0748s, Maps update=0.0002s pub=0.0008s delay=0.2405s (local map=1, WM=1)
[INFO] [1771074568.960928376] [rtabmap]: rtabmap (621): Rate=1.00s, Limit=0.000s, Conversion=0.0003s, RTAB-Map=0.0760s, Maps update=0.0002s pub=0.0010s delay=0.2480s (local map=1, WM=1)
[INFO] [1771074569.954887855] [rtabmap]: rtabmap (622): Rate=1.00s, Limit=0.000s, Conversion=0.0004s, RTAB-Map=0.0701s, Maps update=0.0003s pub=0.0008s delay=0.2419s (local map=1, WM=1)
[INFO] [1771074571.056736934] [rtabmap]: rtabmap (623): Rate=1.00s, Limit=0.000s, Conversion=0.0004s, RTAB-Map=0.0708s, Maps update=0.0002s pub=0.0010s delay=0.2436s (local map=1, WM=1)
[INFO] [1771074572.144639901] [rtabmap]: rtabmap (624): Rate=1.00s, Limit=0.000s, Conversion=0.0003s, RTAB-Map=0.0682s, Maps update=0.0002s pub=0.0008s delay=0.2318s (local map=1, WM=1)
[INFO] [1771074573.139966083] [rtabmap]: rtabmap (625): Rate=1.00s, Limit=0.000s, Conversion=0.0003s, RTAB-Map=0.0660s, Maps update=0.0002s pub=0.0008s delay=0.2269s (local map=1, WM=1)
[INFO] [1771074574.157194907] [rtabmap]: rtabmap (626): Rate=1.00s, Limit=0.000s, Conversion=0.0017s, RTAB-Map=0.0783s, Maps update=0.0002s pub=0.0009s delay=0.2442s (local map=1, WM=1)
[INFO] [1771074575.259343580] [rtabmap]: rtabmap (627): Rate=1.00s, Limit=0.000s, Conversion=0.0106s, RTAB-Map=0.0715s, Maps update=0.0002s pub=0.0010s delay=0.2463s (local map=1, WM=1)
[INFO] [1771074576.246750066] [rtabmap]: rtabmap (628): Rate=1.00s, Limit=0.000s, Conversion=0.0003s, RTAB-Map=0.0733s, Maps update=0.0003s pub=0.0011s delay=0.2337s (local map=1, WM=1)
[INFO] [1771074577.353128325] [rtabmap]: rtabmap (629): Rate=1.00s, Limit=0.000s, Conversion=0.0008s, RTAB-Map=0.0744s, Maps update=0.0002s pub=0.0008s delay=0.2403s (local map=1, WM=1)
[INFO] [1771074578.351189769] [rtabmap]: rtabmap (630): Rate=1.00s, Limit=0.000s, Conversion=0.0007s, RTAB-Map=0.0743s, Maps update=0.0003s pub=0.0019s delay=0.2381s (local map=1, WM=1)
[INFO] [1771074579.353111218] [rtabmap]: rtabmap (631): Rate=1.00s, Limit=0.000s, Conversion=0.0005s, RTAB-Map=0.0748s, Maps update=0.0003s pub=0.0012s delay=0.2400s (local map=1, WM=1)
[INFO] [1771074580.446354689] [rtabmap]: rtabmap (632): Rate=1.00s, Limit=0.000s, Conversion=0.0003s, RTAB-Map=0.0727s, Maps update=0.0002s pub=0.0008s delay=0.2335s (local map=1, WM=1)
[INFO] [1771074581.456154937] [rtabmap]: rtabmap (633): Rate=1.00s, Limit=0.000s, Conversion=0.0003s, RTAB-Map=0.0739s, Maps update=0.0003s pub=0.0009s delay=0.2431s (local map=1, WM=1)
[INFO] [1771074582.552838846] [rtabmap]: rtabmap (634): Rate=1.00s, Limit=0.000s, Conversion=0.0005s, RTAB-Map=0.0747s, Maps update=0.0003s pub=0.0008s delay=0.2399s (local map=1, WM=1)
[INFO] [1771074583.546360518] [rtabmap]: rtabmap (635): Rate=1.00s, Limit=0.000s, Conversion=0.0005s, RTAB-Map=0.0714s, Maps update=0.0002s pub=0.0010s delay=0.2332s (local map=1, WM=1)
[INFO] [1771074584.655522578] [rtabmap]: rtabmap (636): Rate=1.00s, Limit=0.000s, Conversion=0.0006s, RTAB-Map=0.0730s, Maps update=0.0002s pub=0.0008s delay=0.2424s (local map=1, WM=1)
[INFO] [1771074585.744516022] [rtabmap]: rtabmap (637): Rate=1.00s, Limit=0.000s, Conversion=0.0011s, RTAB-Map=0.0688s, Maps update=0.0002s pub=0.0008s delay=0.2313s (local map=1, WM=1)
[INFO] [1771074586.851849493] [rtabmap]: rtabmap (638): Rate=1.00s, Limit=0.000s, Conversion=0.0005s, RTAB-Map=0.0766s, Maps update=0.0003s pub=0.0007s delay=0.2387s (local map=1, WM=1)
[INFO] [1771074587.958449083] [rtabmap]: rtabmap (639): Rate=1.00s, Limit=0.000s, Conversion=0.0005s, RTAB-Map=0.0759s, Maps update=0.0003s pub=0.0010s delay=0.2454s (local map=1, WM=1)
[INFO] [1771074588.946358099] [rtabmap]: rtabmap (640): Rate=1.00s, Limit=0.000s, Conversion=0.0003s, RTAB-Map=0.0717s, Maps update=0.0002s pub=0.0008s delay=0.2333s (local map=1, WM=1)
[INFO] [1771074590.056556981] [rtabmap]: rtabmap (641): Rate=1.00s, Limit=0.000s, Conversion=0.0003s, RTAB-Map=0.0758s, Maps update=0.0002s pub=0.0007s delay=0.2435s (local map=1, WM=1)
[INFO] [1771074591.149566916] [rtabmap]: rtabmap (642): Rate=1.00s, Limit=0.000s, Conversion=0.0007s, RTAB-Map=0.0740s, Maps update=0.0002s pub=0.0008s delay=0.2366s (local map=1, WM=1)
[INFO] [1771074592.243437713] [rtabmap]: rtabmap (643): Rate=1.00s, Limit=0.000s, Conversion=0.0003s, RTAB-Map=0.0716s, Maps update=0.0002s pub=0.0008s delay=0.2303s (local map=1, WM=1)
[INFO] [1771074593.251758476] [rtabmap]: rtabmap (644): Rate=1.00s, Limit=0.000s, Conversion=0.0004s, RTAB-Map=0.0711s, Maps update=0.0002s pub=0.0009s delay=0.2386s (local map=1, WM=1)
[INFO] [1771074594.353561515] [rtabmap]: rtabmap (645): Rate=1.00s, Limit=0.000s, Conversion=0.0004s, RTAB-Map=0.0698s, Maps update=0.0002s pub=0.0009s delay=0.2405s (local map=1, WM=1)
[INFO] [1771074595.357874012] [rtabmap]: rtabmap (646): Rate=1.00s, Limit=0.000s, Conversion=0.0005s, RTAB-Map=0.0818s, Maps update=0.0002s pub=0.0010s delay=0.2448s (local map=1, WM=1)
[INFO] [1771074596.362499863] [rtabmap]: rtabmap (647): Rate=1.00s, Limit=0.000s, Conversion=0.0005s, RTAB-Map=0.0750s, Maps update=0.0002s pub=0.0007s delay=0.2493s (local map=1, WM=1)
[INFO] [1771074597.351142889] [rtabmap]: rtabmap (648): Rate=1.00s, Limit=0.000s, Conversion=0.0004s, RTAB-Map=0.0752s, Maps update=0.0003s pub=0.0012s delay=0.2380s (local map=1, WM=1)
[INFO] [1771074598.451963686] [rtabmap]: rtabmap (649): Rate=1.00s, Limit=0.000s, Conversion=0.0004s, RTAB-Map=0.0716s, Maps update=0.0011s pub=0.0009s delay=0.2389s (local map=1, WM=1)
[INFO] [1771074599.445190103] [rtabmap]: rtabmap (650): Rate=1.00s, Limit=0.000s, Conversion=0.0004s, RTAB-Map=0.0688s, Maps update=0.0002s pub=0.0008s delay=0.2320s (local map=1, WM=1)
[INFO] [1771074600.454634617] [rtabmap]: rtabmap (651): Rate=1.00s, Limit=0.000s, Conversion=0.0005s, RTAB-Map=0.0777s, Maps update=0.0002s pub=0.0008s delay=0.2414s (local map=1, WM=1)
[INFO] [1771074601.546690983] [rtabmap]: rtabmap (652): Rate=1.00s, Limit=0.000s, Conversion=0.0003s, RTAB-Map=0.0681s, Maps update=0.0003s pub=0.0008s delay=0.2335s (local map=1, WM=1)
[INFO] [1771074602.644607136] [rtabmap]: rtabmap (653): Rate=1.00s, Limit=0.000s, Conversion=0.0005s, RTAB-Map=0.0692s, Maps update=0.0002s pub=0.0008s delay=0.2316s (local map=1, WM=1)
[INFO] [1771074603.653132674] [rtabmap]: rtabmap (654): Rate=1.00s, Limit=0.000s, Conversion=0.0006s, RTAB-Map=0.0730s, Maps update=0.0002s pub=0.0008s delay=0.2401s (local map=1, WM=1)
[INFO] [1771074604.651658218] [rtabmap]: rtabmap (655): Rate=1.00s, Limit=0.000s, Conversion=0.0005s, RTAB-Map=0.0709s, Maps update=0.0002s pub=0.0009s delay=0.2385s (local map=1, WM=1)
[INFO] [1771074605.646098533] [rtabmap]: rtabmap (656): Rate=1.00s, Limit=0.000s, Conversion=0.0003s, RTAB-Map=0.0696s, Maps update=0.0002s pub=0.0008s delay=0.2329s (local map=1, WM=1)
[INFO] [1771074606.656315905] [rtabmap]: rtabmap (657): Rate=1.00s, Limit=0.000s, Conversion=0.0005s, RTAB-Map=0.0784s, Maps update=0.0002s pub=0.0011s delay=0.2431s (local map=1, WM=1)
[INFO] [1771074607.751134319] [rtabmap]: rtabmap (658): Rate=1.00s, Limit=0.000s, Conversion=0.0004s, RTAB-Map=0.0701s, Maps update=0.0002s pub=0.0008s delay=0.2380s (local map=1, WM=1)
[INFO] [1771074608.857892986] [rtabmap]: rtabmap (659): Rate=1.00s, Limit=0.000s, Conversion=0.0008s, RTAB-Map=0.0722s, Maps update=0.0002s pub=0.0011s delay=0.2447s (local map=1, WM=1)
[INFO] [1771074609.954781487] [rtabmap]: rtabmap (660): Rate=1.00s, Limit=0.000s, Conversion=0.0005s, RTAB-Map=0.0790s, Maps update=0.0003s pub=0.0010s delay=0.2425s (local map=1, WM=1)
[INFO] [1771074610.949554197] [rtabmap]: rtabmap (661): Rate=1.00s, Limit=0.000s, Conversion=0.0004s, RTAB-Map=0.0727s, Maps update=0.0002s pub=0.0007s delay=0.2364s (local map=1, WM=1)
[INFO] [1771074612.059298984] [rtabmap]: rtabmap (662): Rate=1.00s, Limit=0.000s, Conversion=0.0005s, RTAB-Map=0.0830s, Maps update=0.0002s pub=0.0016s delay=0.2470s (local map=1, WM=1)
[INFO] [1771074613.040893670] [rtabmap]: rtabmap (663): Rate=1.00s, Limit=0.000s, Conversion=0.0006s, RTAB-Map=0.0668s, Maps update=0.0002s pub=0.0008s delay=0.2275s (local map=1, WM=1)
[INFO] [1771074614.154685188] [rtabmap]: rtabmap (664): Rate=1.00s, Limit=0.000s, Conversion=0.0005s, RTAB-Map=0.0752s, Maps update=0.0002s pub=0.0009s delay=0.2424s (local map=1, WM=1)
[INFO] [1771074615.157243576] [rtabmap]: rtabmap (665): Rate=1.00s, Limit=0.000s, Conversion=0.0005s, RTAB-Map=0.0834s, Maps update=0.0002s pub=0.0008s delay=0.2441s (local map=1, WM=1)
[INFO] [1771074616.149261758] [rtabmap]: rtabmap (666): Rate=1.00s, Limit=0.000s, Conversion=0.0003s, RTAB-Map=0.0713s, Maps update=0.0002s pub=0.0007s delay=0.2361s (local map=1, WM=1)
[INFO] [1771074617.253459921] [rtabmap]: rtabmap (667): Rate=1.00s, Limit=0.000s, Conversion=0.0005s, RTAB-Map=0.0735s, Maps update=0.0004s pub=0.0019s delay=0.2402s (local map=1, WM=1)
[INFO] [1771074618.342430836] [rtabmap]: rtabmap (668): Rate=1.00s, Limit=0.000s, Conversion=0.0005s, RTAB-Map=0.0682s, Maps update=0.0002s pub=0.0008s delay=0.2293s (local map=1, WM=1)
[INFO] [1771074619.443195247] [rtabmap]: rtabmap (669): Rate=1.00s, Limit=0.000s, Conversion=0.0003s, RTAB-Map=0.0725s, Maps update=0.0003s pub=0.0008s delay=0.2298s (local map=1, WM=1)
[INFO] [1771074620.554480727] [rtabmap]: rtabmap (670): Rate=1.00s, Limit=0.000s, Conversion=0.0004s, RTAB-Map=0.0772s, Maps update=0.0002s pub=0.0008s delay=0.2422s (local map=1, WM=1)
[INFO] [1771074621.555471188] [rtabmap]: rtabmap (671): Rate=1.00s, Limit=0.000s, Conversion=0.0004s, RTAB-Map=0.0740s, Maps update=0.0002s pub=0.0007s delay=0.2423s (local map=1, WM=1)
[INFO] [1771074622.662229343] [rtabmap]: rtabmap (672): Rate=1.00s, Limit=0.000s, Conversion=0.0006s, RTAB-Map=0.0787s, Maps update=0.0005s pub=0.0013s delay=0.2498s (local map=1, WM=1)
[INFO] [1771074623.646906664] [rtabmap]: rtabmap (673): Rate=1.00s, Limit=0.000s, Conversion=0.0008s, RTAB-Map=0.0724s, Maps update=0.0002s pub=0.0012s delay=0.2337s (local map=1, WM=1)
[INFO] [1771074624.655516973] [rtabmap]: rtabmap (674): Rate=1.00s, Limit=0.000s, Conversion=0.0005s, RTAB-Map=0.0764s, Maps update=0.0002s pub=0.0008s delay=0.2421s (local map=1, WM=1)
[INFO] [1771074625.754309604] [rtabmap]: rtabmap (675): Rate=1.00s, Limit=0.000s, Conversion=0.0005s, RTAB-Map=0.0757s, Maps update=0.0002s pub=0.0007s delay=0.2411s (local map=1, WM=1)
[INFO] [1771074626.754847506] [rtabmap]: rtabmap (676): Rate=1.00s, Limit=0.000s, Conversion=0.0005s, RTAB-Map=0.0777s, Maps update=0.0004s pub=0.0009s delay=0.2415s (local map=1, WM=1)
[INFO] [1771074627.759732822] [rtabmap]: rtabmap (677): Rate=1.00s, Limit=0.000s, Conversion=0.0005s, RTAB-Map=0.0778s, Maps update=0.0003s pub=0.0008s delay=0.2464s (local map=1, WM=1)
[INFO] [1771074628.853854188] [rtabmap]: rtabmap (678): Rate=1.00s, Limit=0.000s, Conversion=0.0005s, RTAB-Map=0.0731s, Maps update=0.0003s pub=0.0010s delay=0.2414s (local map=1, WM=1)
[INFO] [1771074629.849074625] [rtabmap]: rtabmap (679): Rate=1.00s, Limit=0.000s, Conversion=0.0004s, RTAB-Map=0.0745s, Maps update=0.0002s pub=0.0012s delay=0.2358s (local map=1, WM=1)
[INFO] [1771074630.955034896] [rtabmap]: rtabmap (680): Rate=1.00s, Limit=0.000s, Conversion=0.0003s, RTAB-Map=0.0754s, Maps update=0.0002s pub=0.0007s delay=0.2417s (local map=1, WM=1)
[INFO] [1771074632.055649159] [rtabmap]: rtabmap (681): Rate=1.00s, Limit=0.000s, Conversion=0.0003s, RTAB-Map=0.0739s, Maps update=0.0002s pub=0.0007s delay=0.2431s (local map=1, WM=1)
[INFO] [1771074633.054970858] [rtabmap]: rtabmap (682): Rate=1.00s, Limit=0.000s, Conversion=0.0107s, RTAB-Map=0.0730s, Maps update=0.0002s pub=0.0007s delay=0.2415s (local map=1, WM=1)
[INFO] [1771074634.155013517] [rtabmap]: rtabmap (683): Rate=1.00s, Limit=0.000s, Conversion=0.0003s, RTAB-Map=0.0746s, Maps update=0.0002s pub=0.0007s delay=0.2417s (local map=1, WM=1)
[INFO] [1771074635.246617739] [rtabmap]: rtabmap (684): Rate=1.00s, Limit=0.000s, Conversion=0.0005s, RTAB-Map=0.0694s, Maps update=0.0002s pub=0.0011s delay=0.2331s (local map=1, WM=1)
[INFO] [1771074636.348512654] [rtabmap]: rtabmap (685): Rate=1.00s, Limit=0.000s, Conversion=0.0004s, RTAB-Map=0.0681s, Maps update=0.0002s pub=0.0010s delay=0.2351s (local map=1, WM=1)
[INFO] [1771074637.445450501] [rtabmap]: rtabmap (686): Rate=1.00s, Limit=0.000s, Conversion=0.0003s, RTAB-Map=0.0700s, Maps update=0.0002s pub=0.0007s delay=0.2320s (local map=1, WM=1)
[INFO] [1771074638.448853622] [rtabmap]: rtabmap (687): Rate=1.00s, Limit=0.000s, Conversion=0.0003s, RTAB-Map=0.0734s, Maps update=0.0003s pub=0.0008s delay=0.2354s (local map=1, WM=1)
[INFO] [1771074639.561675634] [rtabmap]: rtabmap (688): Rate=1.00s, Limit=0.000s, Conversion=0.0005s, RTAB-Map=0.0757s, Maps update=0.0002s pub=0.0010s delay=0.2482s (local map=1, WM=1)
[INFO] [1771074640.650646774] [rtabmap]: rtabmap (689): Rate=1.00s, Limit=0.000s, Conversion=0.0003s, RTAB-Map=0.0726s, Maps update=0.0003s pub=0.0007s delay=0.2371s (local map=1, WM=1)
[INFO] [1771074641.760300581] [rtabmap]: rtabmap (690): Rate=1.00s, Limit=0.000s, Conversion=0.0004s, RTAB-Map=0.0814s, Maps update=0.0005s pub=0.0007s delay=0.2479s (local map=1, WM=1)
[INFO] [1771074642.763362730] [rtabmap]: rtabmap (691): Rate=1.00s, Limit=0.000s, Conversion=0.0005s, RTAB-Map=0.0755s, Maps update=0.0004s pub=0.0007s delay=0.2499s (local map=1, WM=1)
[INFO] [1771074643.853033829] [rtabmap]: rtabmap (692): Rate=1.00s, Limit=0.000s, Conversion=0.0006s, RTAB-Map=0.0765s, Maps update=0.0003s pub=0.0022s delay=0.2396s (local map=1, WM=1)
[INFO] [1771074644.953116425] [rtabmap]: rtabmap (693): Rate=1.00s, Limit=0.000s, Conversion=0.0014s, RTAB-Map=0.0828s, Maps update=0.0003s pub=0.0011s delay=0.2398s (local map=1, WM=1)
[INFO] [1771074646.046597640] [rtabmap]: rtabmap (694): Rate=1.00s, Limit=0.000s, Conversion=0.0005s, RTAB-Map=0.0753s, Maps update=0.0003s pub=0.0013s delay=0.2332s (local map=1, WM=1)
[INFO] [1771074647.147870219] [rtabmap]: rtabmap (695): Rate=1.00s, Limit=0.000s, Conversion=0.0003s, RTAB-Map=0.0676s, Maps update=0.0002s pub=0.0008s delay=0.2353s (local map=1, WM=1)
[INFO] [1771074648.256129563] [rtabmap]: rtabmap (696): Rate=1.00s, Limit=0.000s, Conversion=0.0004s, RTAB-Map=0.0787s, Maps update=0.0003s pub=0.0008s delay=0.2440s (local map=1, WM=1)
[INFO] [1771074649.251453100] [rtabmap]: rtabmap (697): Rate=1.00s, Limit=0.000s, Conversion=0.0003s, RTAB-Map=0.0717s, Maps update=0.0004s pub=0.0014s delay=0.2380s (local map=1, WM=1)
[INFO] [1771074650.366518701] [rtabmap]: rtabmap (698): Rate=1.00s, Limit=0.000s, Conversion=0.0003s, RTAB-Map=0.0842s, Maps update=0.0003s pub=0.0017s delay=0.2529s (local map=1, WM=1)
[INFO] [1771074651.455672575] [rtabmap]: rtabmap (699): Rate=1.00s, Limit=0.000s, Conversion=0.0004s, RTAB-Map=0.0792s, Maps update=0.0002s pub=0.0007s delay=0.2431s (local map=1, WM=1)
[INFO] [1771074652.449490835] [rtabmap]: rtabmap (700): Rate=1.00s, Limit=0.000s, Conversion=0.0005s, RTAB-Map=0.0708s, Maps update=0.0002s pub=0.0007s delay=0.2369s (local map=1, WM=1)
[INFO] [1771074653.467371170] [rtabmap]: rtabmap (701): Rate=1.00s, Limit=0.000s, Conversion=0.0005s, RTAB-Map=0.0786s, Maps update=0.0002s pub=0.0007s delay=0.2538s (local map=1, WM=1)
[INFO] [1771074654.544109045] [rtabmap]: rtabmap (702): Rate=1.00s, Limit=0.000s, Conversion=0.0003s, RTAB-Map=0.0685s, Maps update=0.0004s pub=0.0015s delay=0.2314s (local map=1, WM=1)
[INFO] [1771074655.545026706] [rtabmap]: rtabmap (703): Rate=1.00s, Limit=0.000s, Conversion=0.0004s, RTAB-Map=0.0726s, Maps update=0.0002s pub=0.0007s delay=0.2323s (local map=1, WM=1)
[INFO] [1771074656.646049801] [rtabmap]: rtabmap (704): Rate=1.00s, Limit=0.000s, Conversion=0.0004s, RTAB-Map=0.0701s, Maps update=0.0003s pub=0.0010s delay=0.2336s (local map=1, WM=1)
[INFO] [1771074657.654103024] [rtabmap]: rtabmap (705): Rate=1.00s, Limit=0.000s, Conversion=0.0019s, RTAB-Map=0.0755s, Maps update=0.0003s pub=0.0008s delay=0.2414s (local map=1, WM=1)
[INFO] [1771074658.747688687] [rtabmap]: rtabmap (706): Rate=1.00s, Limit=0.000s, Conversion=0.0003s, RTAB-Map=0.0718s, Maps update=0.0005s pub=0.0010s delay=0.2351s (local map=1, WM=1)
[INFO] [1771074659.857660773] [rtabmap]: rtabmap (707): Rate=1.00s, Limit=0.000s, Conversion=0.0106s, RTAB-Map=0.0787s, Maps update=0.0002s pub=0.0008s delay=0.2450s (local map=1, WM=1)
[INFO] [1771074660.955461799] [rtabmap]: rtabmap (708): Rate=1.00s, Limit=0.000s, Conversion=0.0005s, RTAB-Map=0.0747s, Maps update=0.0003s pub=0.0008s delay=0.2432s (local map=1, WM=1)
[INFO] [1771074661.951978328] [rtabmap]: rtabmap (709): Rate=1.00s, Limit=0.000s, Conversion=0.0005s, RTAB-Map=0.0707s, Maps update=0.0002s pub=0.0012s delay=0.2393s (local map=1, WM=1)
[INFO] [1771074663.061389331] [rtabmap]: rtabmap (710): Rate=1.00s, Limit=0.000s, Conversion=0.0005s, RTAB-Map=0.0827s, Maps update=0.0005s pub=0.0008s delay=0.2487s (local map=1, WM=1)
[INFO] [1771074664.153533392] [rtabmap]: rtabmap (711): Rate=1.00s, Limit=0.000s, Conversion=0.0003s, RTAB-Map=0.0760s, Maps update=0.0002s pub=0.0013s delay=0.2413s (local map=1, WM=1)
[INFO] [1771074665.247821871] [rtabmap]: rtabmap (712): Rate=1.00s, Limit=0.000s, Conversion=0.0004s, RTAB-Map=0.0663s, Maps update=0.0007s pub=0.0007s delay=0.2351s (local map=1, WM=1)
[INFO] [1771074666.361533969] [rtabmap]: rtabmap (713): Rate=1.00s, Limit=0.000s, Conversion=0.0004s, RTAB-Map=0.0790s, Maps update=0.0003s pub=0.0010s delay=0.2492s (local map=1, WM=1)
[INFO] [1771074667.462938938] [rtabmap]: rtabmap (714): Rate=1.00s, Limit=0.000s, Conversion=0.0005s, RTAB-Map=0.0779s, Maps update=0.0002s pub=0.0014s delay=0.2506s (local map=1, WM=1)
[INFO] [1771074668.554669475] [rtabmap]: rtabmap (715): Rate=1.00s, Limit=0.000s, Conversion=0.0007s, RTAB-Map=0.0785s, Maps update=0.0003s pub=0.0008s delay=0.2423s (local map=1, WM=1)
[INFO] [1771074669.649750951] [rtabmap]: rtabmap (716): Rate=1.00s, Limit=0.000s, Conversion=0.0005s, RTAB-Map=0.0751s, Maps update=0.0004s pub=0.0013s delay=0.2370s (local map=1, WM=1)
[INFO] [1771074670.752206433] [rtabmap]: rtabmap (717): Rate=1.00s, Limit=0.000s, Conversion=0.0007s, RTAB-Map=0.0770s, Maps update=0.0003s pub=0.0012s delay=0.2400s (local map=1, WM=1)
[INFO] [1771074671.854315882] [rtabmap]: rtabmap (718): Rate=1.00s, Limit=0.000s, Conversion=0.0005s, RTAB-Map=0.0742s, Maps update=0.0003s pub=0.0011s delay=0.2419s (local map=1, WM=1)
[INFO] [1771074672.950915156] [rtabmap]: rtabmap (719): Rate=1.00s, Limit=0.000s, Conversion=0.0006s, RTAB-Map=0.0722s, Maps update=0.0002s pub=0.0009s delay=0.2386s (local map=1, WM=1)
[INFO] [1771074673.945692501] [rtabmap]: rtabmap (720): Rate=1.00s, Limit=0.000s, Conversion=0.0006s, RTAB-Map=0.0700s, Maps update=0.0002s pub=0.0007s delay=0.2333s (local map=1, WM=1)
[INFO] [1771074675.048477502] [rtabmap]: rtabmap (721): Rate=1.00s, Limit=0.000s, Conversion=0.0005s, RTAB-Map=0.0736s, Maps update=0.0003s pub=0.0018s delay=0.2363s (local map=1, WM=1)
[INFO] [1771074676.042136491] [rtabmap]: rtabmap (722): Rate=1.00s, Limit=0.000s, Conversion=0.0005s, RTAB-Map=0.0683s, Maps update=0.0002s pub=0.0009s delay=0.2299s (local map=1, WM=1)
[INFO] [1771074677.057026863] [rtabmap]: rtabmap (723): Rate=1.00s, Limit=0.000s, Conversion=0.0006s, RTAB-Map=0.0745s, Maps update=0.0003s pub=0.0014s delay=0.2447s (local map=1, WM=1)
[INFO] [1771074678.157365767] [rtabmap]: rtabmap (724): Rate=1.00s, Limit=0.000s, Conversion=0.0003s, RTAB-Map=0.0741s, Maps update=0.0002s pub=0.0009s delay=0.2451s (local map=1, WM=1)
[INFO] [1771074679.255584796] [rtabmap]: rtabmap (725): Rate=1.00s, Limit=0.000s, Conversion=0.0005s, RTAB-Map=0.0790s, Maps update=0.0003s pub=0.0017s delay=0.2433s (local map=1, WM=1)
[INFO] [1771074680.248185912] [rtabmap]: rtabmap (726): Rate=1.00s, Limit=0.000s, Conversion=0.0004s, RTAB-Map=0.0690s, Maps update=0.0003s pub=0.0007s delay=0.2358s (local map=1, WM=1)
[INFO] [1771074681.348684215] [rtabmap]: rtabmap (727): Rate=1.00s, Limit=0.000s, Conversion=0.0006s, RTAB-Map=0.0749s, Maps update=0.0002s pub=0.0009s delay=0.2364s (local map=1, WM=1)
[INFO] [1771074682.452089436] [rtabmap]: rtabmap (728): Rate=1.00s, Limit=0.000s, Conversion=0.0003s, RTAB-Map=0.0711s, Maps update=0.0002s pub=0.0011s delay=0.2397s (local map=1, WM=1)
[INFO] [1771074683.455576240] [rtabmap]: rtabmap (729): Rate=1.00s, Limit=0.000s, Conversion=0.0004s, RTAB-Map=0.0761s, Maps update=0.0002s pub=0.0008s delay=0.2431s (local map=1, WM=1)
[INFO] [1771074684.455346072] [rtabmap]: rtabmap (730): Rate=1.00s, Limit=0.000s, Conversion=0.0006s, RTAB-Map=0.0713s, Maps update=0.0003s pub=0.0008s delay=0.2428s (local map=1, WM=1)
[INFO] [1771074685.558238598] [rtabmap]: rtabmap (731): Rate=1.00s, Limit=0.000s, Conversion=0.0006s, RTAB-Map=0.0771s, Maps update=0.0002s pub=0.0010s delay=0.2457s (local map=1, WM=1)
[INFO] [1771074686.665949523] [rtabmap]: rtabmap (732): Rate=1.00s, Limit=0.000s, Conversion=0.0106s, RTAB-Map=0.0770s, Maps update=0.0002s pub=0.0008s delay=0.2535s (local map=1, WM=1)
[INFO] [1771074687.656029914] [rtabmap]: rtabmap (733): Rate=1.00s, Limit=0.000s, Conversion=0.0109s, RTAB-Map=0.0714s, Maps update=0.0002s pub=0.0012s delay=0.2436s (local map=1, WM=1)
[INFO] [1771074688.741205012] [rtabmap]: rtabmap (734): Rate=1.00s, Limit=0.000s, Conversion=0.0003s, RTAB-Map=0.0647s, Maps update=0.0002s pub=0.0008s delay=0.2287s (local map=1, WM=1)
[INFO] [1771074689.742874964] [rtabmap]: rtabmap (735): Rate=1.00s, Limit=0.000s, Conversion=0.0005s, RTAB-Map=0.0696s, Maps update=0.0003s pub=0.0008s delay=0.2303s (local map=1, WM=1)
[INFO] [1771074690.855484707] [rtabmap]: rtabmap (736): Rate=1.00s, Limit=0.000s, Conversion=0.0007s, RTAB-Map=0.0726s, Maps update=0.0002s pub=0.0018s delay=0.2429s (local map=1, WM=1)
[INFO] [1771074691.847923832] [rtabmap]: rtabmap (737): Rate=1.00s, Limit=0.000s, Conversion=0.0006s, RTAB-Map=0.0730s, Maps update=0.0004s pub=0.0019s delay=0.2353s (local map=1, WM=1)
[INFO] [1771074692.958823288] [rtabmap]: rtabmap (738): Rate=1.00s, Limit=0.000s, Conversion=0.0004s, RTAB-Map=0.0702s, Maps update=0.0002s pub=0.0008s delay=0.2463s (local map=1, WM=1)
[INFO] [1771074694.047006397] [rtabmap]: rtabmap (739): Rate=1.00s, Limit=0.000s, Conversion=0.0003s, RTAB-Map=0.0698s, Maps update=0.0002s pub=0.0007s delay=0.2344s (local map=1, WM=1)
[INFO] [1771074695.048029119] [rtabmap]: rtabmap (740): Rate=1.00s, Limit=0.000s, Conversion=0.0005s, RTAB-Map=0.0803s, Maps update=0.0003s pub=0.0008s delay=0.2354s (local map=1, WM=1)
[INFO] [1771074696.055682382] [rtabmap]: rtabmap (741): Rate=1.00s, Limit=0.000s, Conversion=0.0004s, RTAB-Map=0.0778s, Maps update=0.0002s pub=0.0008s delay=0.2430s (local map=1, WM=1)
[INFO] [1771074697.160124193] [rtabmap]: rtabmap (742): Rate=1.00s, Limit=0.000s, Conversion=0.0107s, RTAB-Map=0.0691s, Maps update=0.0002s pub=0.0009s delay=0.2476s (local map=1, WM=1)
[INFO] [1771074698.143957989] [rtabmap]: rtabmap (743): Rate=1.00s, Limit=0.000s, Conversion=0.0005s, RTAB-Map=0.0707s, Maps update=0.0002s pub=0.0008s delay=0.2313s (local map=1, WM=1)
[INFO] [1771074699.146140602] [rtabmap]: rtabmap (744): Rate=1.00s, Limit=0.000s, Conversion=0.0005s, RTAB-Map=0.0709s, Maps update=0.0004s pub=0.0008s delay=0.2334s (local map=1, WM=1)
[INFO] [1771074700.254035299] [rtabmap]: rtabmap (745): Rate=1.00s, Limit=0.000s, Conversion=0.0006s, RTAB-Map=0.0743s, Maps update=0.0002s pub=0.0008s delay=0.2415s (local map=1, WM=1)
[INFO] [1771074701.256082451] [rtabmap]: rtabmap (746): Rate=1.00s, Limit=0.000s, Conversion=0.0005s, RTAB-Map=0.0749s, Maps update=0.0002s pub=0.0007s delay=0.2435s (local map=1, WM=1)
[INFO] [1771074702.257512462] [rtabmap]: rtabmap (747): Rate=1.00s, Limit=0.000s, Conversion=0.0005s, RTAB-Map=0.0823s, Maps update=0.0002s pub=0.0008s delay=0.2448s (local map=1, WM=1)
[INFO] [1771074703.248619946] [rtabmap]: rtabmap (748): Rate=1.00s, Limit=0.000s, Conversion=0.0003s, RTAB-Map=0.0768s, Maps update=0.0003s pub=0.0009s delay=0.2359s (local map=1, WM=1)
[INFO] [1771074704.347960271] [rtabmap]: rtabmap (749): Rate=1.00s, Limit=0.000s, Conversion=0.0005s, RTAB-Map=0.0666s, Maps update=0.0002s pub=0.0009s delay=0.2352s (local map=1, WM=1)
[INFO] [1771074705.342270167] [rtabmap]: rtabmap (750): Rate=1.00s, Limit=0.000s, Conversion=0.0003s, RTAB-Map=0.0672s, Maps update=0.0002s pub=0.0009s delay=0.2295s (local map=1, WM=1)
[INFO] [1771074706.448999544] [rtabmap]: rtabmap (751): Rate=1.00s, Limit=0.000s, Conversion=0.0005s, RTAB-Map=0.0720s, Maps update=0.0003s pub=0.0009s delay=0.2365s (local map=1, WM=1)
[INFO] [1771074707.460927194] [rtabmap]: rtabmap (752): Rate=1.00s, Limit=0.000s, Conversion=0.0005s, RTAB-Map=0.0789s, Maps update=0.0003s pub=0.0010s delay=0.2484s (local map=1, WM=1)
[INFO] [1771074708.444245132] [rtabmap]: rtabmap (753): Rate=1.00s, Limit=0.000s, Conversion=0.0004s, RTAB-Map=0.0726s, Maps update=0.0004s pub=0.0012s delay=0.2315s (local map=1, WM=1)
[INFO] [1771074709.543191427] [rtabmap]: rtabmap (754): Rate=1.00s, Limit=0.000s, Conversion=0.0004s, RTAB-Map=0.0678s, Maps update=0.0002s pub=0.0009s delay=0.2304s (local map=1, WM=1)
[INFO] [1771074710.660502477] [rtabmap]: rtabmap (755): Rate=1.00s, Limit=0.000s, Conversion=0.0105s, RTAB-Map=0.0671s, Maps update=0.0002s pub=0.0007s delay=0.2479s (local map=1, WM=1)
[INFO] [1771074711.655488525] [rtabmap]: rtabmap (756): Rate=1.00s, Limit=0.000s, Conversion=0.0004s, RTAB-Map=0.0765s, Maps update=0.0002s pub=0.0010s delay=0.2428s (local map=1, WM=1)
[INFO] [1771074712.656259314] [rtabmap]: rtabmap (757): Rate=1.00s, Limit=0.000s, Conversion=0.0004s, RTAB-Map=0.0725s, Maps update=0.0003s pub=0.0009s delay=0.2435s (local map=1, WM=1)
[INFO] [1771074713.757596228] [rtabmap]: rtabmap (758): Rate=1.00s, Limit=0.000s, Conversion=0.0004s, RTAB-Map=0.0827s, Maps update=0.0002s pub=0.0007s delay=0.2448s (local map=1, WM=1)
[INFO] [1771074714.848331538] [rtabmap]: rtabmap (759): Rate=1.00s, Limit=0.000s, Conversion=0.0005s, RTAB-Map=0.0755s, Maps update=0.0002s pub=0.0013s delay=0.2356s (local map=1, WM=1)
[INFO] [1771074715.850121929] [rtabmap]: rtabmap (760): Rate=1.00s, Limit=0.000s, Conversion=0.0007s, RTAB-Map=0.0702s, Maps update=0.0002s pub=0.0008s delay=0.2373s (local map=1, WM=1)
[INFO] [1771074716.950626727] [rtabmap]: rtabmap (761): Rate=1.00s, Limit=0.000s, Conversion=0.0004s, RTAB-Map=0.0753s, Maps update=0.0002s pub=0.0011s delay=0.2379s (local map=1, WM=1)
[INFO] [1771074717.950417151] [rtabmap]: rtabmap (762): Rate=1.00s, Limit=0.000s, Conversion=0.0006s, RTAB-Map=0.0695s, Maps update=0.0002s pub=0.0009s delay=0.2376s (local map=1, WM=1)
[INFO] [1771074718.957146016] [rtabmap]: rtabmap (763): Rate=1.00s, Limit=0.000s, Conversion=0.0003s, RTAB-Map=0.0718s, Maps update=0.0002s pub=0.0012s delay=0.2442s (local map=1, WM=1)
[INFO] [1771074720.046663828] [rtabmap]: rtabmap (764): Rate=1.00s, Limit=0.000s, Conversion=0.0005s, RTAB-Map=0.0693s, Maps update=0.0002s pub=0.0010s delay=0.2339s (local map=1, WM=1)
[INFO] [1771074721.058254940] [rtabmap]: rtabmap (765): Rate=1.00s, Limit=0.000s, Conversion=0.0013s, RTAB-Map=0.0787s, Maps update=0.0002s pub=0.0010s delay=0.2454s (local map=1, WM=1)
[INFO] [1771074722.058143737] [rtabmap]: rtabmap (766): Rate=1.00s, Limit=0.000s, Conversion=0.0003s, RTAB-Map=0.0764s, Maps update=0.0002s pub=0.0013s delay=0.2453s (local map=1, WM=1)
[INFO] [1771074723.048540884] [rtabmap]: rtabmap (767): Rate=1.00s, Limit=0.000s, Conversion=0.0010s, RTAB-Map=0.0715s, Maps update=0.0003s pub=0.0009s delay=0.2355s (local map=1, WM=1)
[INFO] [1771074724.055447229] [rtabmap]: rtabmap (768): Rate=1.00s, Limit=0.000s, Conversion=0.0004s, RTAB-Map=0.0730s, Maps update=0.0002s pub=0.0011s delay=0.2424s (local map=1, WM=1)
[INFO] [1771074725.158346572] [rtabmap]: rtabmap (769): Rate=1.00s, Limit=0.000s, Conversion=0.0003s, RTAB-Map=0.0740s, Maps update=0.0002s pub=0.0008s delay=0.2453s (local map=1, WM=1)
[INFO] [1771074726.252838860] [rtabmap]: rtabmap (770): Rate=1.00s, Limit=0.000s, Conversion=0.0004s, RTAB-Map=0.0741s, Maps update=0.0003s pub=0.0009s delay=0.2398s (local map=1, WM=1)
[INFO] [1771074727.353402093] [rtabmap]: rtabmap (771): Rate=1.00s, Limit=0.000s, Conversion=0.0005s, RTAB-Map=0.0734s, Maps update=0.0002s pub=0.0011s delay=0.2404s (local map=1, WM=1)
[INFO] [1771074728.456561384] [rtabmap]: rtabmap (772): Rate=1.00s, Limit=0.000s, Conversion=0.0005s, RTAB-Map=0.0814s, Maps update=0.0003s pub=0.0016s delay=0.2434s (local map=1, WM=1)
[INFO] [1771074729.556262271] [rtabmap]: rtabmap (773): Rate=1.00s, Limit=0.000s, Conversion=0.0005s, RTAB-Map=0.0763s, Maps update=0.0002s pub=0.0011s delay=0.2433s (local map=1, WM=1)
[INFO] [1771074730.558337220] [rtabmap]: rtabmap (774): Rate=1.00s, Limit=0.000s, Conversion=0.0004s, RTAB-Map=0.0734s, Maps update=0.0002s pub=0.0007s delay=0.2453s (local map=1, WM=1)
[INFO] [1771074731.553633191] [rtabmap]: rtabmap (775): Rate=1.00s, Limit=0.000s, Conversion=0.0003s, RTAB-Map=0.0763s, Maps update=0.0002s pub=0.0007s delay=0.2406s (local map=1, WM=1)
[INFO] [1771074732.651095156] [rtabmap]: rtabmap (776): Rate=1.00s, Limit=0.000s, Conversion=0.0012s, RTAB-Map=0.0795s, Maps update=0.0002s pub=0.0008s delay=0.2380s (local map=1, WM=1)
[INFO] [1771074733.764581945] [rtabmap]: rtabmap (777): Rate=1.00s, Limit=0.000s, Conversion=0.0005s, RTAB-Map=0.0820s, Maps update=0.0014s pub=0.0008s delay=0.2516s (local map=1, WM=1)
[INFO] [1771074734.757668115] [rtabmap]: rtabmap (778): Rate=1.00s, Limit=0.000s, Conversion=0.0009s, RTAB-Map=0.0752s, Maps update=0.0003s pub=0.0008s delay=0.2445s (local map=1, WM=1)
[INFO] [1771074735.751242085] [rtabmap]: rtabmap (779): Rate=1.00s, Limit=0.000s, Conversion=0.0004s, RTAB-Map=0.0714s, Maps update=0.0002s pub=0.0007s delay=0.2381s (local map=1, WM=1)
[INFO] [1771074736.857037405] [rtabmap]: rtabmap (780): Rate=1.00s, Limit=0.000s, Conversion=0.0003s, RTAB-Map=0.0779s, Maps update=0.0002s pub=0.0011s delay=0.2439s (local map=1, WM=1)
[INFO] [1771074737.853065603] [rtabmap]: rtabmap (781): Rate=1.00s, Limit=0.000s, Conversion=0.0003s, RTAB-Map=0.0707s, Maps update=0.0002s pub=0.0008s delay=0.2398s (local map=1, WM=1)
[INFO] [1771074738.948520209] [rtabmap]: rtabmap (782): Rate=1.00s, Limit=0.000s, Conversion=0.0010s, RTAB-Map=0.0807s, Maps update=0.0002s pub=0.0007s delay=0.2354s (local map=1, WM=1)
[INFO] [1771074740.054707099] [rtabmap]: rtabmap (783): Rate=1.00s, Limit=0.000s, Conversion=0.0005s, RTAB-Map=0.0755s, Maps update=0.0004s pub=0.0008s delay=0.2414s (local map=1, WM=1)
[INFO] [1771074741.056513427] [rtabmap]: rtabmap (784): Rate=1.00s, Limit=0.000s, Conversion=0.0005s, RTAB-Map=0.0752s, Maps update=0.0002s pub=0.0012s delay=0.2432s (local map=1, WM=1)
[INFO] [1771074742.048648000] [rtabmap]: rtabmap (785): Rate=1.00s, Limit=0.000s, Conversion=0.0003s, RTAB-Map=0.0742s, Maps update=0.0003s pub=0.0011s delay=0.2354s (local map=1, WM=1)
[INFO] [1771074743.144743565] [rtabmap]: rtabmap (786): Rate=1.00s, Limit=0.000s, Conversion=0.0003s, RTAB-Map=0.0683s, Maps update=0.0002s pub=0.0014s delay=0.2316s (local map=1, WM=1)
[INFO] [1771074744.152700680] [rtabmap]: rtabmap (787): Rate=1.00s, Limit=0.000s, Conversion=0.0005s, RTAB-Map=0.0722s, Maps update=0.0002s pub=0.0007s delay=0.2394s (local map=1, WM=1)
[INFO] [1771074745.246180409] [rtabmap]: rtabmap (788): Rate=1.00s, Limit=0.000s, Conversion=0.0003s, RTAB-Map=0.0696s, Maps update=0.0002s pub=0.0009s delay=0.2328s (local map=1, WM=1)
[INFO] [1771074746.260694282] [rtabmap]: rtabmap (789): Rate=1.00s, Limit=0.000s, Conversion=0.0010s, RTAB-Map=0.0807s, Maps update=0.0002s pub=0.0007s delay=0.2473s (local map=1, WM=1)
[INFO] [1771074747.254883385] [rtabmap]: rtabmap (790): Rate=1.00s, Limit=0.000s, Conversion=0.0006s, RTAB-Map=0.0733s, Maps update=0.0004s pub=0.0014s delay=0.2414s (local map=1, WM=1)
[INFO] [1771074748.353049512] [rtabmap]: rtabmap (791): Rate=1.00s, Limit=0.000s, Conversion=0.0005s, RTAB-Map=0.0702s, Maps update=0.0003s pub=0.0010s delay=0.2399s (local map=1, WM=1)
[INFO] [1771074749.455220916] [rtabmap]: rtabmap (792): Rate=1.00s, Limit=0.000s, Conversion=0.0005s, RTAB-Map=0.0721s, Maps update=0.0003s pub=0.0009s delay=0.2418s (local map=1, WM=1)
[INFO] [1771074750.548086796] [rtabmap]: rtabmap (793): Rate=1.00s, Limit=0.000s, Conversion=0.0004s, RTAB-Map=0.0697s, Maps update=0.0005s pub=0.0013s delay=0.2356s (local map=1, WM=1)
[INFO] [1771074751.554198414] [rtabmap]: rtabmap (794): Rate=1.00s, Limit=0.000s, Conversion=0.0003s, RTAB-Map=0.0797s, Maps update=0.0002s pub=0.0011s delay=0.2408s (local map=1, WM=1)
[INFO] [1771074752.650464661] [rtabmap]: rtabmap (795): Rate=1.00s, Limit=0.000s, Conversion=0.0004s, RTAB-Map=0.0697s, Maps update=0.0003s pub=0.0013s delay=0.2372s (local map=1, WM=1)
[INFO] [1771074753.756559884] [rtabmap]: rtabmap (796): Rate=1.00s, Limit=0.000s, Conversion=0.0014s, RTAB-Map=0.0791s, Maps update=0.0002s pub=0.0008s delay=0.2441s (local map=1, WM=1)
[INFO] [1771074754.751870846] [rtabmap]: rtabmap (797): Rate=1.00s, Limit=0.000s, Conversion=0.0004s, RTAB-Map=0.0773s, Maps update=0.0002s pub=0.0013s delay=0.2384s (local map=1, WM=1)
[INFO] [1771074755.856030611] [rtabmap]: rtabmap (798): Rate=1.00s, Limit=0.000s, Conversion=0.0004s, RTAB-Map=0.0760s, Maps update=0.0002s pub=0.0007s delay=0.2428s (local map=1, WM=1)
[INFO] [1771074756.851857750] [rtabmap]: rtabmap (799): Rate=1.00s, Limit=0.000s, Conversion=0.0003s, RTAB-Map=0.0743s, Maps update=0.0002s pub=0.0010s delay=0.2384s (local map=1, WM=1)
[INFO] [1771074757.950399916] [rtabmap]: rtabmap (800): Rate=1.00s, Limit=0.000s, Conversion=0.0004s, RTAB-Map=0.0713s, Maps update=0.0004s pub=0.0010s delay=0.2370s (local map=1, WM=1)
[INFO] [1771074759.049865984] [rtabmap]: rtabmap (801): Rate=1.00s, Limit=0.000s, Conversion=0.0003s, RTAB-Map=0.0745s, Maps update=0.0003s pub=0.0011s delay=0.2374s (local map=1, WM=1)
[INFO] [1771074760.056435634] [rtabmap]: rtabmap (802): Rate=1.00s, Limit=0.000s, Conversion=0.0004s, RTAB-Map=0.0752s, Maps update=0.0002s pub=0.0007s delay=0.2431s (local map=1, WM=1)
[INFO] [1771074761.047635800] [rtabmap]: rtabmap (803): Rate=1.00s, Limit=0.000s, Conversion=0.0006s, RTAB-Map=0.0713s, Maps update=0.0002s pub=0.0008s delay=0.2342s (local map=1, WM=1)
[INFO] [1771074762.152211707] [rtabmap]: rtabmap (804): Rate=1.00s, Limit=0.000s, Conversion=0.0005s, RTAB-Map=0.0718s, Maps update=0.0002s pub=0.0007s delay=0.2398s (local map=1, WM=1)
[INFO] [1771074763.146537067] [rtabmap]: rtabmap (805): Rate=1.00s, Limit=0.000s, Conversion=0.0004s, RTAB-Map=0.0741s, Maps update=0.0002s pub=0.0008s delay=0.2340s (local map=1, WM=1)
[INFO] [1771074764.146293237] [rtabmap]: rtabmap (806): Rate=1.00s, Limit=0.000s, Conversion=0.0004s, RTAB-Map=0.0716s, Maps update=0.0003s pub=0.0009s delay=0.2328s (local map=1, WM=1)
[INFO] [1771074765.253967265] [rtabmap]: rtabmap (807): Rate=1.00s, Limit=0.000s, Conversion=0.0003s, RTAB-Map=0.0770s, Maps update=0.0002s pub=0.0008s delay=0.2407s (local map=1, WM=1)
[INFO] [1771074766.255240799] [rtabmap]: rtabmap (808): Rate=1.00s, Limit=0.000s, Conversion=0.0004s, RTAB-Map=0.0791s, Maps update=0.0003s pub=0.0009s delay=0.2418s (local map=1, WM=1)
[INFO] [1771074767.356484624] [rtabmap]: rtabmap (809): Rate=1.00s, Limit=0.000s, Conversion=0.0003s, RTAB-Map=0.0740s, Maps update=0.0002s pub=0.0010s delay=0.2429s (local map=1, WM=1)
[INFO] [1771074768.453135813] [rtabmap]: rtabmap (810): Rate=1.00s, Limit=0.000s, Conversion=0.0010s, RTAB-Map=0.0713s, Maps update=0.0002s pub=0.0010s delay=0.2398s (local map=1, WM=1)
[INFO] [1771074769.556634915] [rtabmap]: rtabmap (811): Rate=1.00s, Limit=0.000s, Conversion=0.0004s, RTAB-Map=0.0744s, Maps update=0.0002s pub=0.0007s delay=0.2432s (local map=1, WM=1)
[INFO] [1771074770.655916113] [rtabmap]: rtabmap (812): Rate=1.00s, Limit=0.000s, Conversion=0.0105s, RTAB-Map=0.0721s, Maps update=0.0002s pub=0.0007s delay=0.2434s (local map=1, WM=1)
[INFO] [1771074771.759042243] [rtabmap]: rtabmap (813): Rate=1.00s, Limit=0.000s, Conversion=0.0005s, RTAB-Map=0.0818s, Maps update=0.0002s pub=0.0007s delay=0.2465s (local map=1, WM=1)
[INFO] [1771074772.746832468] [rtabmap]: rtabmap (814): Rate=1.00s, Limit=0.000s, Conversion=0.0003s, RTAB-Map=0.0701s, Maps update=0.0003s pub=0.0007s delay=0.2334s (local map=1, WM=1)
[INFO] [1771074773.843455848] [rtabmap]: rtabmap (815): Rate=1.00s, Limit=0.000s, Conversion=0.0004s, RTAB-Map=0.0705s, Maps update=0.0002s pub=0.0009s delay=0.2300s (local map=1, WM=1)
[INFO] [1771074774.953723085] [rtabmap]: rtabmap (816): Rate=1.00s, Limit=0.000s, Conversion=0.0003s, RTAB-Map=0.0778s, Maps update=0.0002s pub=0.0013s delay=0.2403s (local map=1, WM=1)
[INFO] [1771074776.058591898] [rtabmap]: rtabmap (817): Rate=1.00s, Limit=0.000s, Conversion=0.0003s, RTAB-Map=0.0698s, Maps update=0.0002s pub=0.0015s delay=0.2461s (local map=1, WM=1)
[INFO] [1771074777.155525475] [rtabmap]: rtabmap (818): Rate=1.00s, Limit=0.000s, Conversion=0.0108s, RTAB-Map=0.0708s, Maps update=0.0002s pub=0.0016s delay=0.2433s (local map=1, WM=1)
[INFO] [1771074778.144441889] [rtabmap]: rtabmap (819): Rate=1.00s, Limit=0.000s, Conversion=0.0014s, RTAB-Map=0.0674s, Maps update=0.0002s pub=0.0008s delay=0.2319s (local map=1, WM=1)
[INFO] [1771074779.245138787] [rtabmap]: rtabmap (820): Rate=1.00s, Limit=0.000s, Conversion=0.0003s, RTAB-Map=0.0725s, Maps update=0.0002s pub=0.0007s delay=0.2317s (local map=1, WM=1)
[INFO] [1771074780.359438837] [rtabmap]: rtabmap (821): Rate=1.00s, Limit=0.000s, Conversion=0.0008s, RTAB-Map=0.0798s, Maps update=0.0003s pub=0.0007s delay=0.2470s (local map=1, WM=1)
[INFO] [1771074781.446076983] [rtabmap]: rtabmap (822): Rate=1.00s, Limit=0.000s, Conversion=0.0004s, RTAB-Map=0.0729s, Maps update=0.0002s pub=0.0009s delay=0.2335s (local map=1, WM=1)
[INFO] [1771074782.559511241] [rtabmap]: rtabmap (823): Rate=1.00s, Limit=0.000s, Conversion=0.0004s, RTAB-Map=0.0735s, Maps update=0.0002s pub=0.0007s delay=0.2469s (local map=1, WM=1)
[INFO] [1771074783.648211703] [rtabmap]: rtabmap (824): Rate=1.00s, Limit=0.000s, Conversion=0.0005s, RTAB-Map=0.0714s, Maps update=0.0004s pub=0.0016s delay=0.2356s (local map=1, WM=1)
[INFO] [1771074784.642943240] [rtabmap]: rtabmap (825): Rate=1.00s, Limit=0.000s, Conversion=0.0003s, RTAB-Map=0.0702s, Maps update=0.0002s pub=0.0012s delay=0.2294s (local map=1, WM=1)
[INFO] [1771074785.756058254] [rtabmap]: rtabmap (826): Rate=1.00s, Limit=0.000s, Conversion=0.0005s, RTAB-Map=0.0725s, Maps update=0.0007s pub=0.0007s delay=0.2426s (local map=1, WM=1)
[INFO] [1771074786.853949419] [rtabmap]: rtabmap (827): Rate=1.00s, Limit=0.000s, Conversion=0.0007s, RTAB-Map=0.0744s, Maps update=0.0003s pub=0.0015s delay=0.2414s (local map=1, WM=1)
[INFO] [1771074787.861156930] [rtabmap]: rtabmap (828): Rate=1.00s, Limit=0.000s, Conversion=0.0005s, RTAB-Map=0.0827s, Maps update=0.0002s pub=0.0008s delay=0.2484s (local map=1, WM=1)
[INFO] [1771074788.946341231] [rtabmap]: rtabmap (829): Rate=1.00s, Limit=0.000s, Conversion=0.0003s, RTAB-Map=0.0711s, Maps update=0.0002s pub=0.0013s delay=0.2338s (local map=1, WM=1)
[INFO] [1771074789.945830510] [rtabmap]: rtabmap (830): Rate=1.00s, Limit=0.000s, Conversion=0.0005s, RTAB-Map=0.0660s, Maps update=0.0002s pub=0.0007s delay=0.2330s (local map=1, WM=1)
[INFO] [1771074791.053404778] [rtabmap]: rtabmap (831): Rate=1.00s, Limit=0.000s, Conversion=0.0003s, RTAB-Map=0.0759s, Maps update=0.0002s pub=0.0009s delay=0.2407s (local map=1, WM=1)
[INFO] [1771074792.149048757] [rtabmap]: rtabmap (832): Rate=1.00s, Limit=0.000s, Conversion=0.0003s, RTAB-Map=0.0683s, Maps update=0.0002s pub=0.0007s delay=0.2368s (local map=1, WM=1)
[INFO] [1771074793.245656610] [rtabmap]: rtabmap (833): Rate=1.00s, Limit=0.000s, Conversion=0.0004s, RTAB-Map=0.0726s, Maps update=0.0002s pub=0.0008s delay=0.2335s (local map=1, WM=1)
[INFO] [1771074794.238210564] [rtabmap]: rtabmap (834): Rate=1.00s, Limit=0.000s, Conversion=0.0003s, RTAB-Map=0.0677s, Maps update=0.0002s pub=0.0011s delay=0.2259s (local map=1, WM=1)
[INFO] [1771074795.344425327] [rtabmap]: rtabmap (835): Rate=1.00s, Limit=0.000s, Conversion=0.0009s, RTAB-Map=0.0675s, Maps update=0.0002s pub=0.0011s delay=0.2318s (local map=1, WM=1)
[INFO] [1771074796.444656577] [rtabmap]: rtabmap (836): Rate=1.00s, Limit=0.000s, Conversion=0.0003s, RTAB-Map=0.0683s, Maps update=0.0002s pub=0.0009s delay=0.2320s (local map=1, WM=1)
[INFO] [1771074797.553391208] [rtabmap]: rtabmap (837): Rate=1.00s, Limit=0.000s, Conversion=0.0004s, RTAB-Map=0.0734s, Maps update=0.0003s pub=0.0013s delay=0.2412s (local map=1, WM=1)
[INFO] [1771074798.651831128] [rtabmap]: rtabmap (838): Rate=1.00s, Limit=0.000s, Conversion=0.0003s, RTAB-Map=0.0783s, Maps update=0.0003s pub=0.0013s delay=0.2396s (local map=1, WM=1)
[INFO] [1771074799.653763503] [rtabmap]: rtabmap (839): Rate=1.00s, Limit=0.000s, Conversion=0.0006s, RTAB-Map=0.0747s, Maps update=0.0002s pub=0.0007s delay=0.2414s (local map=1, WM=1)
[INFO] [1771074800.754411216] [rtabmap]: rtabmap (840): Rate=1.00s, Limit=0.000s, Conversion=0.0006s, RTAB-Map=0.0727s, Maps update=0.0002s pub=0.0009s delay=0.2417s (local map=1, WM=1)
[INFO] [1771074801.763405512] [rtabmap]: rtabmap (841): Rate=1.00s, Limit=0.000s, Conversion=0.0005s, RTAB-Map=0.0901s, Maps update=0.0002s pub=0.0008s delay=0.2506s (local map=1, WM=1)
[INFO] [1771074802.856025028] [rtabmap]: rtabmap (842): Rate=1.00s, Limit=0.000s, Conversion=0.0004s, RTAB-Map=0.0815s, Maps update=0.0002s pub=0.0008s delay=0.2439s (local map=1, WM=1)
[INFO] [1771074803.845058438] [rtabmap]: rtabmap (843): Rate=1.00s, Limit=0.000s, Conversion=0.0007s, RTAB-Map=0.0720s, Maps update=0.0002s pub=0.0010s delay=0.2328s (local map=1, WM=1)
[INFO] [1771074804.948670131] [rtabmap]: rtabmap (844): Rate=1.00s, Limit=0.000s, Conversion=0.0003s, RTAB-Map=0.0712s, Maps update=0.0002s pub=0.0010s delay=0.2360s (local map=1, WM=1)
[INFO] [1771074806.053947100] [rtabmap]: rtabmap (845): Rate=1.00s, Limit=0.000s, Conversion=0.0003s, RTAB-Map=0.0776s, Maps update=0.0002s pub=0.0007s delay=0.2416s (local map=1, WM=1)
[INFO] [1771074807.160579350] [rtabmap]: rtabmap (846): Rate=1.00s, Limit=0.000s, Conversion=0.0004s, RTAB-Map=0.0767s, Maps update=0.0003s pub=0.0009s delay=0.2483s (local map=1, WM=1)
[INFO] [1771074808.158154031] [rtabmap]: rtabmap (847): Rate=1.00s, Limit=0.000s, Conversion=0.0008s, RTAB-Map=0.0754s, Maps update=0.0002s pub=0.0009s delay=0.2458s (local map=1, WM=1)
[INFO] [1771074809.253532879] [rtabmap]: rtabmap (848): Rate=1.00s, Limit=0.000s, Conversion=0.0007s, RTAB-Map=0.0718s, Maps update=0.0002s pub=0.0007s delay=0.2408s (local map=1, WM=1)
[INFO] [1771074810.359994212] [rtabmap]: rtabmap (849): Rate=1.00s, Limit=0.000s, Conversion=0.0006s, RTAB-Map=0.0844s, Maps update=0.0002s pub=0.0008s delay=0.2477s (local map=1, WM=1)
[INFO] [1771074811.444377140] [rtabmap]: rtabmap (850): Rate=1.00s, Limit=0.000s, Conversion=0.0106s, RTAB-Map=0.0662s, Maps update=0.0010s pub=0.0010s delay=0.2320s (local map=1, WM=1)
[INFO] [1771074812.455183534] [rtabmap]: rtabmap (851): Rate=1.00s, Limit=0.000s, Conversion=0.0003s, RTAB-Map=0.0757s, Maps update=0.0004s pub=0.0011s delay=0.2425s (local map=1, WM=1)
[INFO] [1771074813.548709580] [rtabmap]: rtabmap (852): Rate=1.00s, Limit=0.000s, Conversion=0.0003s, RTAB-Map=0.0706s, Maps update=0.0005s pub=0.0011s delay=0.2364s (local map=1, WM=1)
[INFO] [1771074814.550967695] [rtabmap]: rtabmap (853): Rate=1.00s, Limit=0.000s, Conversion=0.0005s, RTAB-Map=0.0788s, Maps update=0.0003s pub=0.0009s delay=0.2387s (local map=1, WM=1)
[INFO] [1771074815.645923072] [rtabmap]: rtabmap (854): Rate=1.00s, Limit=0.000s, Conversion=0.0003s, RTAB-Map=0.0726s, Maps update=0.0002s pub=0.0010s delay=0.2336s (local map=1, WM=1)
[INFO] [1771074816.755157497] [rtabmap]: rtabmap (855): Rate=1.00s, Limit=0.000s, Conversion=0.0003s, RTAB-Map=0.0758s, Maps update=0.0002s pub=0.0007s delay=0.2423s (local map=1, WM=1)
[INFO] [1771074817.754535764] [rtabmap]: rtabmap (856): Rate=1.00s, Limit=0.000s, Conversion=0.0005s, RTAB-Map=0.0809s, Maps update=0.0008s pub=0.0008s delay=0.2416s (local map=1, WM=1)
[INFO] [1771074818.870550019] [rtabmap]: rtabmap (857): Rate=1.00s, Limit=0.000s, Conversion=0.0105s, RTAB-Map=0.0817s, Maps update=0.0003s pub=0.0013s delay=0.2585s (local map=1, WM=1)
[INFO] [1771074819.854932796] [rtabmap]: rtabmap (858): Rate=1.00s, Limit=0.000s, Conversion=0.0005s, RTAB-Map=0.0727s, Maps update=0.0002s pub=0.0008s delay=0.2426s (local map=1, WM=1)
[INFO] [1771074820.847449660] [rtabmap]: rtabmap (859): Rate=1.00s, Limit=0.000s, Conversion=0.0008s, RTAB-Map=0.0714s, Maps update=0.0002s pub=0.0013s delay=0.2351s (local map=1, WM=1)
[INFO] [1771074821.955886585] [rtabmap]: rtabmap (860): Rate=1.00s, Limit=0.000s, Conversion=0.0004s, RTAB-Map=0.0734s, Maps update=0.0002s pub=0.0008s delay=0.2435s (local map=1, WM=1)
[INFO] [1771074823.058913200] [rtabmap]: rtabmap (861): Rate=1.00s, Limit=0.000s, Conversion=0.0003s, RTAB-Map=0.0740s, Maps update=0.0003s pub=0.0009s delay=0.2466s (local map=1, WM=1)
[INFO] [1771074824.147861382] [rtabmap]: rtabmap (862): Rate=1.00s, Limit=0.000s, Conversion=0.0005s, RTAB-Map=0.0782s, Maps update=0.0003s pub=0.0009s delay=0.2356s (local map=1, WM=1)
[INFO] [1771074825.250697847] [rtabmap]: rtabmap (863): Rate=1.00s, Limit=0.000s, Conversion=0.0004s, RTAB-Map=0.0740s, Maps update=0.0002s pub=0.0010s delay=0.2384s (local map=1, WM=1)
[INFO] [1771074826.348062464] [rtabmap]: rtabmap (864): Rate=1.00s, Limit=0.000s, Conversion=0.0003s, RTAB-Map=0.0729s, Maps update=0.0010s pub=0.0009s delay=0.2359s (local map=1, WM=1)
[INFO] [1771074827.359473264] [rtabmap]: rtabmap (865): Rate=1.00s, Limit=0.000s, Conversion=0.0004s, RTAB-Map=0.0794s, Maps update=0.0002s pub=0.0015s delay=0.2472s (local map=1, WM=1)
[INFO] [1771074828.455131771] [rtabmap]: rtabmap (866): Rate=1.00s, Limit=0.000s, Conversion=0.0004s, RTAB-Map=0.0793s, Maps update=0.0003s pub=0.0008s delay=0.2429s (local map=1, WM=1)
[INFO] [1771074829.548781885] [rtabmap]: rtabmap (867): Rate=1.00s, Limit=0.000s, Conversion=0.0003s, RTAB-Map=0.0730s, Maps update=0.0002s pub=0.0007s delay=0.2366s (local map=1, WM=1)
[INFO] [1771074830.540014478] [rtabmap]: rtabmap (868): Rate=1.00s, Limit=0.000s, Conversion=0.0003s, RTAB-Map=0.0684s, Maps update=0.0002s pub=0.0007s delay=0.2278s (local map=1, WM=1)
[INFO] [1771074831.655059643] [rtabmap]: rtabmap (869): Rate=1.00s, Limit=0.000s, Conversion=0.0003s, RTAB-Map=0.0707s, Maps update=0.0002s pub=0.0009s delay=0.2428s (local map=1, WM=1)
[INFO] [1771074832.641061102] [rtabmap]: rtabmap (870): Rate=1.00s, Limit=0.000s, Conversion=0.0003s, RTAB-Map=0.0723s, Maps update=0.0002s pub=0.0009s delay=0.2287s (local map=1, WM=1)
[INFO] [1771074833.745827685] [rtabmap]: rtabmap (871): Rate=1.00s, Limit=0.000s, Conversion=0.0007s, RTAB-Map=0.0714s, Maps update=0.0002s pub=0.0008s delay=0.2335s (local map=1, WM=1)
[INFO] [1771074834.757009581] [rtabmap]: rtabmap (872): Rate=1.00s, Limit=0.000s, Conversion=0.0003s, RTAB-Map=0.0740s, Maps update=0.0002s pub=0.0010s delay=0.2447s (local map=1, WM=1)
[INFO] [1771074835.848981714] [rtabmap]: rtabmap (873): Rate=1.00s, Limit=0.000s, Conversion=0.0003s, RTAB-Map=0.0756s, Maps update=0.0002s pub=0.0007s delay=0.2368s (local map=1, WM=1)
[INFO] [1771074836.855104545] [rtabmap]: rtabmap (874): Rate=1.00s, Limit=0.000s, Conversion=0.0003s, RTAB-Map=0.0739s, Maps update=0.0003s pub=0.0008s delay=0.2428s (local map=1, WM=1)
[INFO] [1771074837.953869213] [rtabmap]: rtabmap (875): Rate=1.00s, Limit=0.000s, Conversion=0.0004s, RTAB-Map=0.0747s, Maps update=0.0002s pub=0.0008s delay=0.2416s (local map=1, WM=1)
[INFO] [1771074838.949139714] [rtabmap]: rtabmap (876): Rate=1.00s, Limit=0.000s, Conversion=0.0004s, RTAB-Map=0.0757s, Maps update=0.0002s pub=0.0007s delay=0.2352s (local map=1, WM=1)
[INFO] [1771074840.050504701] [rtabmap]: rtabmap (877): Rate=1.00s, Limit=0.000s, Conversion=0.0004s, RTAB-Map=0.0740s, Maps update=0.0002s pub=0.0008s delay=0.2382s (local map=1, WM=1)
[INFO] [1771074841.053051114] [rtabmap]: rtabmap (878): Rate=1.00s, Limit=0.000s, Conversion=0.0005s, RTAB-Map=0.0753s, Maps update=0.0002s pub=0.0007s delay=0.2408s (local map=1, WM=1)
[INFO] [1771074842.052373571] [rtabmap]: rtabmap (879): Rate=1.00s, Limit=0.000s, Conversion=0.0006s, RTAB-Map=0.0768s, Maps update=0.0004s pub=0.0007s delay=0.2400s (local map=1, WM=1)
[INFO] [1771074843.154671797] [rtabmap]: rtabmap (880): Rate=1.00s, Limit=0.000s, Conversion=0.0004s, RTAB-Map=0.0771s, Maps update=0.0002s pub=0.0007s delay=0.2424s (local map=1, WM=1)
[INFO] [1771074844.150547238] [rtabmap]: rtabmap (881): Rate=1.00s, Limit=0.000s, Conversion=0.0005s, RTAB-Map=0.0687s, Maps update=0.0015s pub=0.0008s delay=0.2381s (local map=1, WM=1)
[INFO] [1771074845.145564405] [rtabmap]: rtabmap (882): Rate=1.00s, Limit=0.000s, Conversion=0.0004s, RTAB-Map=0.0712s, Maps update=0.0002s pub=0.0011s delay=0.2331s (local map=1, WM=1)
[INFO] [1771074846.249324330] [rtabmap]: rtabmap (883): Rate=1.00s, Limit=0.000s, Conversion=0.0004s, RTAB-Map=0.0718s, Maps update=0.0002s pub=0.0007s delay=0.2368s (local map=1, WM=1)
[INFO] [1771074847.345665009] [rtabmap]: rtabmap (884): Rate=1.00s, Limit=0.000s, Conversion=0.0004s, RTAB-Map=0.0694s, Maps update=0.0003s pub=0.0008s delay=0.2332s (local map=1, WM=1)
[INFO] [1771074848.448897040] [rtabmap]: rtabmap (885): Rate=1.00s, Limit=0.000s, Conversion=0.0006s, RTAB-Map=0.0760s, Maps update=0.0003s pub=0.0008s delay=0.2364s (local map=1, WM=1)
[INFO] [1771074849.465087676] [rtabmap]: rtabmap (886): Rate=1.00s, Limit=0.000s, Conversion=0.0106s, RTAB-Map=0.0714s, Maps update=0.0002s pub=0.0007s delay=0.2525s (local map=1, WM=1)
[INFO] [1771074850.561679246] [rtabmap]: rtabmap (887): Rate=1.00s, Limit=0.000s, Conversion=0.0005s, RTAB-Map=0.0771s, Maps update=0.0002s pub=0.0011s delay=0.2492s (local map=1, WM=1)
[INFO] [1771074851.649958445] [rtabmap]: rtabmap (888): Rate=1.00s, Limit=0.000s, Conversion=0.0012s, RTAB-Map=0.0714s, Maps update=0.0003s pub=0.0008s delay=0.2374s (local map=1, WM=1)
[INFO] [1771074852.761282837] [rtabmap]: rtabmap (889): Rate=1.00s, Limit=0.000s, Conversion=0.0004s, RTAB-Map=0.0838s, Maps update=0.0003s pub=0.0014s delay=0.2487s (local map=1, WM=1)
[INFO] [1771074853.753114435] [rtabmap]: rtabmap (890): Rate=1.00s, Limit=0.000s, Conversion=0.0004s, RTAB-Map=0.0758s, Maps update=0.0002s pub=0.0007s delay=0.2405s (local map=1, WM=1)
[INFO] [1771074854.845548011] [rtabmap]: rtabmap (891): Rate=1.00s, Limit=0.000s, Conversion=0.0004s, RTAB-Map=0.0688s, Maps update=0.0002s pub=0.0011s delay=0.2331s (local map=1, WM=1)
[INFO] [1771074855.858582038] [rtabmap]: rtabmap (892): Rate=1.00s, Limit=0.000s, Conversion=0.0003s, RTAB-Map=0.0797s, Maps update=0.0002s pub=0.0015s delay=0.2460s (local map=1, WM=1)
[INFO] [1771074856.958485551] [rtabmap]: rtabmap (893): Rate=1.00s, Limit=0.000s, Conversion=0.0107s, RTAB-Map=0.0733s, Maps update=0.0002s pub=0.0011s delay=0.2459s (local map=1, WM=1)
[INFO] [1771074858.048648378] [rtabmap]: rtabmap (894): Rate=1.00s, Limit=0.000s, Conversion=0.0006s, RTAB-Map=0.0747s, Maps update=0.0002s pub=0.0007s delay=0.2361s (local map=1, WM=1)
[INFO] [1771074859.144742584] [rtabmap]: rtabmap (895): Rate=1.00s, Limit=0.000s, Conversion=0.0003s, RTAB-Map=0.0668s, Maps update=0.0003s pub=0.0011s delay=0.2321s (local map=1, WM=1)
[INFO] [1771074860.255180060] [rtabmap]: rtabmap (896): Rate=1.00s, Limit=0.000s, Conversion=0.0010s, RTAB-Map=0.0802s, Maps update=0.0002s pub=0.0008s delay=0.2426s (local map=1, WM=1)
[INFO] [1771074861.260317638] [rtabmap]: rtabmap (897): Rate=1.00s, Limit=0.000s, Conversion=0.0005s, RTAB-Map=0.0711s, Maps update=0.0002s pub=0.0007s delay=0.2476s (local map=1, WM=1)
[INFO] [1771074862.355533344] [rtabmap]: rtabmap (898): Rate=1.00s, Limit=0.000s, Conversion=0.0005s, RTAB-Map=0.0791s, Maps update=0.0002s pub=0.0007s delay=0.2428s (local map=1, WM=1)
[INFO] [1771074863.454522771] [rtabmap]: rtabmap (899): Rate=1.00s, Limit=0.000s, Conversion=0.0010s, RTAB-Map=0.0740s, Maps update=0.0002s pub=0.0008s delay=0.2418s (local map=1, WM=1)
[INFO] [1771074864.442904916] [rtabmap]: rtabmap (900): Rate=1.00s, Limit=0.000s, Conversion=0.0007s, RTAB-Map=0.0667s, Maps update=0.0002s pub=0.0007s delay=0.2302s (local map=1, WM=1)
[INFO] [1771074865.556833958] [rtabmap]: rtabmap (901): Rate=1.00s, Limit=0.000s, Conversion=0.0005s, RTAB-Map=0.0770s, Maps update=0.0002s pub=0.0009s delay=0.2441s (local map=1, WM=1)
[INFO] [1771074866.653317779] [rtabmap]: rtabmap (902): Rate=1.00s, Limit=0.000s, Conversion=0.0005s, RTAB-Map=0.0713s, Maps update=0.0002s pub=0.0008s delay=0.2405s (local map=1, WM=1)
[INFO] [1771074867.639561693] [rtabmap]: rtabmap (903): Rate=1.00s, Limit=0.000s, Conversion=0.0005s, RTAB-Map=0.0672s, Maps update=0.0002s pub=0.0012s delay=0.2267s (local map=1, WM=1)
[INFO] [1771074868.753320489] [rtabmap]: rtabmap (904): Rate=1.00s, Limit=0.000s, Conversion=0.0003s, RTAB-Map=0.0748s, Maps update=0.0002s pub=0.0009s delay=0.2405s (local map=1, WM=1)
[INFO] [1771074869.848527778] [rtabmap]: rtabmap (905): Rate=1.00s, Limit=0.000s, Conversion=0.0004s, RTAB-Map=0.0775s, Maps update=0.0003s pub=0.0012s delay=0.2358s (local map=1, WM=1)
[INFO] [1771074870.858065983] [rtabmap]: rtabmap (906): Rate=1.00s, Limit=0.000s, Conversion=0.0004s, RTAB-Map=0.0763s, Maps update=0.0002s pub=0.0008s delay=0.2453s (local map=1, WM=1)
[INFO] [1771074871.846262904] [rtabmap]: rtabmap (907): Rate=1.00s, Limit=0.000s, Conversion=0.0004s, RTAB-Map=0.0695s, Maps update=0.0002s pub=0.0010s delay=0.2335s (local map=1, WM=1)
[INFO] [1771074872.949399988] [rtabmap]: rtabmap (908): Rate=1.00s, Limit=0.000s, Conversion=0.0003s, RTAB-Map=0.0749s, Maps update=0.0002s pub=0.0008s delay=0.2365s (local map=1, WM=1)
[INFO] [1771074874.057838375] [rtabmap]: rtabmap (909): Rate=1.00s, Limit=0.000s, Conversion=0.0005s, RTAB-Map=0.0792s, Maps update=0.0002s pub=0.0008s delay=0.2451s (local map=1, WM=1)
[INFO] [1771074875.049367528] [rtabmap]: rtabmap (910): Rate=1.00s, Limit=0.000s, Conversion=0.0005s, RTAB-Map=0.0723s, Maps update=0.0002s pub=0.0007s delay=0.2365s (local map=1, WM=1)
[INFO] [1771074876.153777463] [rtabmap]: rtabmap (911): Rate=1.00s, Limit=0.000s, Conversion=0.0003s, RTAB-Map=0.0763s, Maps update=0.0003s pub=0.0007s delay=0.2408s (local map=1, WM=1)
[INFO] [1771074877.257364453] [rtabmap]: rtabmap (912): Rate=1.00s, Limit=0.000s, Conversion=0.0005s, RTAB-Map=0.0771s, Maps update=0.0002s pub=0.0013s delay=0.2444s (local map=1, WM=1)
[INFO] [1771074878.360467263] [rtabmap]: rtabmap (913): Rate=1.00s, Limit=0.000s, Conversion=0.0005s, RTAB-Map=0.0797s, Maps update=0.0002s pub=0.0008s delay=0.2475s (local map=1, WM=1)
[INFO] [1771074879.459841570] [rtabmap]: rtabmap (914): Rate=1.00s, Limit=0.000s, Conversion=0.0006s, RTAB-Map=0.0878s, Maps update=0.0004s pub=0.0013s delay=0.2469s (local map=1, WM=1)
[INFO] [1771074880.446318549] [rtabmap]: rtabmap (915): Rate=1.00s, Limit=0.000s, Conversion=0.0005s, RTAB-Map=0.0743s, Maps update=0.0002s pub=0.0008s delay=0.2333s (local map=1, WM=1)
[INFO] [1771074881.451908850] [rtabmap]: rtabmap (916): Rate=1.00s, Limit=0.000s, Conversion=0.0003s, RTAB-Map=0.0730s, Maps update=0.0002s pub=0.0009s delay=0.2389s (local map=1, WM=1)
[INFO] [1771074882.548432289] [rtabmap]: rtabmap (917): Rate=1.00s, Limit=0.000s, Conversion=0.0003s, RTAB-Map=0.0705s, Maps update=0.0002s pub=0.0007s delay=0.2355s (local map=1, WM=1)
[INFO] [1771074883.548153967] [rtabmap]: rtabmap (918): Rate=1.00s, Limit=0.000s, Conversion=0.0004s, RTAB-Map=0.0696s, Maps update=0.0003s pub=0.0016s delay=0.2352s (local map=1, WM=1)
[INFO] [1771074884.649176372] [rtabmap]: rtabmap (919): Rate=1.00s, Limit=0.000s, Conversion=0.0005s, RTAB-Map=0.0758s, Maps update=0.0002s pub=0.0006s delay=0.2361s (local map=1, WM=1)
[INFO] [1771074885.749005993] [rtabmap]: rtabmap (920): Rate=1.00s, Limit=0.000s, Conversion=0.0005s, RTAB-Map=0.0751s, Maps update=0.0002s pub=0.0008s delay=0.2361s (local map=1, WM=1)
[INFO] [1771074886.756563030] [rtabmap]: rtabmap (921): Rate=1.00s, Limit=0.000s, Conversion=0.0010s, RTAB-Map=0.0717s, Maps update=0.0002s pub=0.0007s delay=0.2435s (local map=1, WM=1)
[INFO] [1771074887.747742057] [rtabmap]: rtabmap (922): Rate=1.00s, Limit=0.000s, Conversion=0.0004s, RTAB-Map=0.0739s, Maps update=0.0003s pub=0.0011s delay=0.2347s (local map=1, WM=1)
[INFO] [1771074888.753367399] [rtabmap]: rtabmap (923): Rate=1.00s, Limit=0.000s, Conversion=0.0003s, RTAB-Map=0.0769s, Maps update=0.0002s pub=0.0011s delay=0.2403s (local map=1, WM=1)
[INFO] [1771074889.851166698] [rtabmap]: rtabmap (924): Rate=1.00s, Limit=0.000s, Conversion=0.0003s, RTAB-Map=0.0715s, Maps update=0.0002s pub=0.0009s delay=0.2382s (local map=1, WM=1)
[INFO] [1771074890.863947499] [rtabmap]: rtabmap (925): Rate=1.00s, Limit=0.000s, Conversion=0.0004s, RTAB-Map=0.0916s, Maps update=0.0002s pub=0.0011s delay=0.2509s (local map=1, WM=1)
[INFO] [1771074891.854553766] [rtabmap]: rtabmap (926): Rate=1.00s, Limit=0.000s, Conversion=0.0005s, RTAB-Map=0.0766s, Maps update=0.0003s pub=0.0008s delay=0.2414s (local map=1, WM=1)
[INFO] [1771074892.958235128] [rtabmap]: rtabmap (927): Rate=1.00s, Limit=0.000s, Conversion=0.0003s, RTAB-Map=0.0703s, Maps update=0.0002s pub=0.0009s delay=0.2452s (local map=1, WM=1)
[INFO] [1771074894.053808000] [rtabmap]: rtabmap (928): Rate=1.00s, Limit=0.000s, Conversion=0.0003s, RTAB-Map=0.0726s, Maps update=0.0002s pub=0.0013s delay=0.2407s (local map=1, WM=1)
[INFO] [1771074895.052208088] [rtabmap]: rtabmap (929): Rate=1.00s, Limit=0.000s, Conversion=0.0003s, RTAB-Map=0.0723s, Maps update=0.0002s pub=0.0009s delay=0.2391s (local map=1, WM=1)
[INFO] [1771074896.055089191] [rtabmap]: rtabmap (930): Rate=1.00s, Limit=0.000s, Conversion=0.0005s, RTAB-Map=0.0783s, Maps update=0.0002s pub=0.0007s delay=0.2419s (local map=1, WM=1)
[INFO] [1771074897.148011491] [rtabmap]: rtabmap (931): Rate=1.00s, Limit=0.000s, Conversion=0.0003s, RTAB-Map=0.0711s, Maps update=0.0002s pub=0.0014s delay=0.2348s (local map=1, WM=1)
[INFO] [1771074898.249174190] [rtabmap]: rtabmap (932): Rate=1.00s, Limit=0.000s, Conversion=0.0003s, RTAB-Map=0.0766s, Maps update=0.0003s pub=0.0008s delay=0.2361s (local map=1, WM=1)
[INFO] [1771074899.253661438] [rtabmap]: rtabmap (933): Rate=1.00s, Limit=0.000s, Conversion=0.0005s, RTAB-Map=0.0702s, Maps update=0.0002s pub=0.0012s delay=0.2405s (local map=1, WM=1)
[INFO] [1771074900.362529187] [rtabmap]: rtabmap (934): Rate=1.00s, Limit=0.000s, Conversion=0.0005s, RTAB-Map=0.0827s, Maps update=0.0002s pub=0.0010s delay=0.2494s (local map=1, WM=1)
[INFO] [1771074901.452503079] [rtabmap]: rtabmap (935): Rate=1.00s, Limit=0.000s, Conversion=0.0004s, RTAB-Map=0.0730s, Maps update=0.0002s pub=0.0008s delay=0.2393s (local map=1, WM=1)
[INFO] [1771074902.550038431] [rtabmap]: rtabmap (936): Rate=1.00s, Limit=0.000s, Conversion=0.0005s, RTAB-Map=0.0702s, Maps update=0.0008s pub=0.0008s delay=0.2369s (local map=1, WM=1)
[INFO] [1771074903.663166864] [rtabmap]: rtabmap (937): Rate=1.00s, Limit=0.000s, Conversion=0.0005s, RTAB-Map=0.0818s, Maps update=0.0003s pub=0.0012s delay=0.2501s (local map=1, WM=1)
[INFO] [1771074904.749920370] [rtabmap]: rtabmap (938): Rate=1.00s, Limit=0.000s, Conversion=0.0005s, RTAB-Map=0.0714s, Maps update=0.0002s pub=0.0008s delay=0.2377s (local map=1, WM=1)
[INFO] [1771074905.752313485] [rtabmap]: rtabmap (939): Rate=1.00s, Limit=0.000s, Conversion=0.0003s, RTAB-Map=0.0741s, Maps update=0.0002s pub=0.0009s delay=0.2401s (local map=1, WM=1)
[INFO] [1771074906.852572504] [rtabmap]: rtabmap (940): Rate=1.00s, Limit=0.000s, Conversion=0.0003s, RTAB-Map=0.0701s, Maps update=0.0002s pub=0.0008s delay=0.2395s (local map=1, WM=1)
[INFO] [1771074907.841252722] [rtabmap]: rtabmap (941): Rate=1.00s, Limit=0.000s, Conversion=0.0004s, RTAB-Map=0.0707s, Maps update=0.0002s pub=0.0010s delay=0.2280s (local map=1, WM=1)
[INFO] [1771074908.845546016] [rtabmap]: rtabmap (942): Rate=1.00s, Limit=0.000s, Conversion=0.0008s, RTAB-Map=0.0730s, Maps update=0.0002s pub=0.0010s delay=0.2323s (local map=1, WM=1)
[INFO] [1771074909.946182917] [rtabmap]: rtabmap (943): Rate=1.00s, Limit=0.000s, Conversion=0.0003s, RTAB-Map=0.0722s, Maps update=0.0002s pub=0.0009s delay=0.2329s (local map=1, WM=1)
[INFO] [1771074911.046893357] [rtabmap]: rtabmap (944): Rate=1.00s, Limit=0.000s, Conversion=0.0003s, RTAB-Map=0.0725s, Maps update=0.0002s pub=0.0012s delay=0.2337s (local map=1, WM=1)
[INFO] [1771074912.054681529] [rtabmap]: rtabmap (945): Rate=1.00s, Limit=0.000s, Conversion=0.0005s, RTAB-Map=0.0727s, Maps update=0.0002s pub=0.0014s delay=0.2415s (local map=1, WM=1)
[INFO] [1771074913.049842493] [rtabmap]: rtabmap (946): Rate=1.00s, Limit=0.000s, Conversion=0.0003s, RTAB-Map=0.0717s, Maps update=0.0002s pub=0.0008s delay=0.2366s (local map=1, WM=1)
[INFO] [1771074914.151983448] [rtabmap]: rtabmap (947): Rate=1.00s, Limit=0.000s, Conversion=0.0004s, RTAB-Map=0.0776s, Maps update=0.0002s pub=0.0009s delay=0.2387s (local map=1, WM=1)
[INFO] [1771074915.258055682] [rtabmap]: rtabmap (948): Rate=1.00s, Limit=0.000s, Conversion=0.0022s, RTAB-Map=0.0758s, Maps update=0.0002s pub=0.0008s delay=0.2449s (local map=1, WM=1)
[INFO] [1771074916.254878402] [rtabmap]: rtabmap (949): Rate=1.00s, Limit=0.000s, Conversion=0.0005s, RTAB-Map=0.0820s, Maps update=0.0002s pub=0.0013s delay=0.2415s (local map=1, WM=1)
[INFO] [1771074917.247979803] [rtabmap]: rtabmap (950): Rate=1.00s, Limit=0.000s, Conversion=0.0003s, RTAB-Map=0.0773s, Maps update=0.0002s pub=0.0017s delay=0.2345s (local map=1, WM=1)
[INFO] [1771074918.353135748] [rtabmap]: rtabmap (951): Rate=1.00s, Limit=0.000s, Conversion=0.0004s, RTAB-Map=0.0722s, Maps update=0.0002s pub=0.0008s delay=0.2407s (local map=1, WM=1)
[INFO] [1771074919.357652601] [rtabmap]: rtabmap (952): Rate=1.00s, Limit=0.000s, Conversion=0.0004s, RTAB-Map=0.0763s, Maps update=0.0002s pub=0.0007s delay=0.2444s (local map=1, WM=1)
[INFO] [1771074920.454368369] [rtabmap]: rtabmap (953): Rate=1.00s, Limit=0.000s, Conversion=0.0005s, RTAB-Map=0.0727s, Maps update=0.0002s pub=0.0013s delay=0.2410s (local map=1, WM=1)
[INFO] [1771074921.548474378] [rtabmap]: rtabmap (954): Rate=1.00s, Limit=0.000s, Conversion=0.0004s, RTAB-Map=0.0685s, Maps update=0.0007s pub=0.0016s delay=0.2352s (local map=1, WM=1)
[INFO] [1771074922.655054246] [rtabmap]: rtabmap (955): Rate=1.00s, Limit=0.000s, Conversion=0.0005s, RTAB-Map=0.0745s, Maps update=0.0002s pub=0.0014s delay=0.2417s (local map=1, WM=1)
[INFO] [1771074923.755170041] [rtabmap]: rtabmap (956): Rate=1.00s, Limit=0.000s, Conversion=0.0004s, RTAB-Map=0.0811s, Maps update=0.0003s pub=0.0011s delay=0.2428s (local map=1, WM=1)
[INFO] [1771074924.755139818] [rtabmap]: rtabmap (957): Rate=1.00s, Limit=0.000s, Conversion=0.0004s, RTAB-Map=0.0818s, Maps update=0.0003s pub=0.0013s delay=0.2420s (local map=1, WM=1)
[INFO] [1771074925.758291407] [rtabmap]: rtabmap (958): Rate=1.00s, Limit=0.000s, Conversion=0.0005s, RTAB-Map=0.0711s, Maps update=0.0002s pub=0.0008s delay=0.2451s (local map=1, WM=1)
[INFO] [1771074926.742227293] [rtabmap]: rtabmap (959): Rate=1.00s, Limit=0.000s, Conversion=0.0003s, RTAB-Map=0.0719s, Maps update=0.0002s pub=0.0008s delay=0.2290s (local map=1, WM=1)
[INFO] [1771074927.754959228] [rtabmap]: rtabmap (960): Rate=1.00s, Limit=0.000s, Conversion=0.0004s, RTAB-Map=0.0783s, Maps update=0.0002s pub=0.0012s delay=0.2415s (local map=1, WM=1)
[INFO] [1771074928.853096487] [rtabmap]: rtabmap (961): Rate=1.00s, Limit=0.000s, Conversion=0.0005s, RTAB-Map=0.0800s, Maps update=0.0002s pub=0.0009s delay=0.2397s (local map=1, WM=1)
[INFO] [1771074929.953667082] [rtabmap]: rtabmap (962): Rate=1.00s, Limit=0.000s, Conversion=0.0004s, RTAB-Map=0.0777s, Maps update=0.0002s pub=0.0007s delay=0.2412s (local map=1, WM=1)
[INFO] [1771074931.064254742] [rtabmap]: rtabmap (963): Rate=1.00s, Limit=0.000s, Conversion=0.0005s, RTAB-Map=0.0788s, Maps update=0.0002s pub=0.0014s delay=0.2509s (local map=1, WM=1)
[INFO] [1771074932.157308266] [rtabmap]: rtabmap (964): Rate=1.00s, Limit=0.000s, Conversion=0.0005s, RTAB-Map=0.0732s, Maps update=0.0003s pub=0.0007s delay=0.2439s (local map=1, WM=1)
[INFO] [1771074933.245484493] [rtabmap]: rtabmap (965): Rate=1.00s, Limit=0.000s, Conversion=0.0004s, RTAB-Map=0.0698s, Maps update=0.0002s pub=0.0008s delay=0.2328s (local map=1, WM=1)
[INFO] [1771074934.358354348] [rtabmap]: rtabmap (966): Rate=1.00s, Limit=0.000s, Conversion=0.0004s, RTAB-Map=0.0744s, Maps update=0.0002s pub=0.0008s delay=0.2450s (local map=1, WM=1)
[INFO] [1771074935.451012113] [rtabmap]: rtabmap (967): Rate=1.00s, Limit=0.000s, Conversion=0.0003s, RTAB-Map=0.0785s, Maps update=0.0003s pub=0.0008s delay=0.2376s (local map=1, WM=1)
[INFO] [1771074936.552632730] [rtabmap]: rtabmap (968): Rate=1.00s, Limit=0.000s, Conversion=0.0014s, RTAB-Map=0.0756s, Maps update=0.0002s pub=0.0010s delay=0.2401s (local map=1, WM=1)
[INFO] [1771074937.662124703] [rtabmap]: rtabmap (969): Rate=1.00s, Limit=0.000s, Conversion=0.0004s, RTAB-Map=0.0868s, Maps update=0.0003s pub=0.0019s delay=0.2497s (local map=1, WM=1)
[INFO] [1771074938.643814012] [rtabmap]: rtabmap (970): Rate=1.00s, Limit=0.000s, Conversion=0.0003s, RTAB-Map=0.0728s, Maps update=0.0002s pub=0.0015s delay=0.2305s (local map=1, WM=1)
[INFO] [1771074939.650960273] [rtabmap]: rtabmap (971): Rate=1.00s, Limit=0.000s, Conversion=0.0004s, RTAB-Map=0.0735s, Maps update=0.0013s pub=0.0008s delay=0.2376s (local map=1, WM=1)
[INFO] [1771074940.653316089] [rtabmap]: rtabmap (972): Rate=1.00s, Limit=0.000s, Conversion=0.0011s, RTAB-Map=0.0739s, Maps update=0.0002s pub=0.0007s delay=0.2398s (local map=1, WM=1)
[INFO] [1771074941.757366937] [rtabmap]: rtabmap (973): Rate=1.00s, Limit=0.000s, Conversion=0.0006s, RTAB-Map=0.0821s, Maps update=0.0002s pub=0.0008s delay=0.2448s (local map=1, WM=1)
[INFO] [1771074942.852279152] [rtabmap]: rtabmap (974): Rate=1.00s, Limit=0.000s, Conversion=0.0009s, RTAB-Map=0.0779s, Maps update=0.0002s pub=0.0008s delay=0.2389s (local map=1, WM=1)
[INFO] [1771074943.955738651] [rtabmap]: rtabmap (975): Rate=1.00s, Limit=0.000s, Conversion=0.0003s, RTAB-Map=0.0772s, Maps update=0.0002s pub=0.0013s delay=0.2434s (local map=1, WM=1)
[INFO] [1771074944.949128543] [rtabmap]: rtabmap (976): Rate=1.00s, Limit=0.000s, Conversion=0.0010s, RTAB-Map=0.0743s, Maps update=0.0002s pub=0.0007s delay=0.2357s (local map=1, WM=1)
[INFO] [1771074946.056238190] [rtabmap]: rtabmap (977): Rate=1.00s, Limit=0.000s, Conversion=0.0007s, RTAB-Map=0.0808s, Maps update=0.0002s pub=0.0007s delay=0.2437s (local map=1, WM=1)
[INFO] [1771074947.058495058] [rtabmap]: rtabmap (978): Rate=1.00s, Limit=0.000s, Conversion=0.0003s, RTAB-Map=0.0801s, Maps update=0.0002s pub=0.0013s delay=0.2450s (local map=1, WM=1)
[INFO] [1771074948.046450514] [rtabmap]: rtabmap (979): Rate=1.00s, Limit=0.000s, Conversion=0.0003s, RTAB-Map=0.0733s, Maps update=0.0002s pub=0.0009s delay=0.2329s (local map=1, WM=1)
[INFO] [1771074949.152592126] [rtabmap]: rtabmap (980): Rate=1.00s, Limit=0.000s, Conversion=0.0005s, RTAB-Map=0.0815s, Maps update=0.0002s pub=0.0008s delay=0.2391s (local map=1, WM=1)
[INFO] [1771074950.257097903] [rtabmap]: rtabmap (981): Rate=1.00s, Limit=0.000s, Conversion=0.0003s, RTAB-Map=0.0787s, Maps update=0.0003s pub=0.0008s delay=0.2447s (local map=1, WM=1)
[INFO] [1771074951.256280132] [rtabmap]: rtabmap (982): Rate=1.00s, Limit=0.000s, Conversion=0.0006s, RTAB-Map=0.0803s, Maps update=0.0005s pub=0.0010s delay=0.2428s (local map=1, WM=1)
[INFO] [1771074952.350160181] [rtabmap]: rtabmap (983): Rate=1.00s, Limit=0.000s, Conversion=0.0006s, RTAB-Map=0.0753s, Maps update=0.0002s pub=0.0009s delay=0.2376s (local map=1, WM=1)
[INFO] [1771074953.343416884] [rtabmap]: rtabmap (984): Rate=1.00s, Limit=0.000s, Conversion=0.0005s, RTAB-Map=0.0707s, Maps update=0.0002s pub=0.0008s delay=0.2300s (local map=1, WM=1)
[INFO] [1771074954.454690874] [rtabmap]: rtabmap (985): Rate=1.00s, Limit=0.000s, Conversion=0.0004s, RTAB-Map=0.0791s, Maps update=0.0002s pub=0.0012s delay=0.2424s (local map=1, WM=1)
[INFO] [1771074955.450387441] [rtabmap]: rtabmap (986): Rate=1.00s, Limit=0.000s, Conversion=0.0003s, RTAB-Map=0.0788s, Maps update=0.0003s pub=0.0007s delay=0.2379s (local map=1, WM=1)
[INFO] [1771074956.460010335] [rtabmap]: rtabmap (987): Rate=1.00s, Limit=0.000s, Conversion=0.0005s, RTAB-Map=0.0801s, Maps update=0.0002s pub=0.0007s delay=0.2472s (local map=1, WM=1)
[INFO] [1771074957.545547459] [rtabmap]: rtabmap (988): Rate=1.00s, Limit=0.000s, Conversion=0.0003s, RTAB-Map=0.0714s, Maps update=0.0003s pub=0.0008s delay=0.2330s (local map=1, WM=1)
[INFO] [1771074958.550365092] [rtabmap]: rtabmap (989): Rate=1.00s, Limit=0.000s, Conversion=0.0003s, RTAB-Map=0.0808s, Maps update=0.0004s pub=0.0013s delay=0.2378s (local map=1, WM=1)
[INFO] [1771074959.644771880] [rtabmap]: rtabmap (990): Rate=1.00s, Limit=0.000s, Conversion=0.0009s, RTAB-Map=0.0679s, Maps update=0.0002s pub=0.0012s delay=0.2312s (local map=1, WM=1)
[INFO] [1771074960.743314370] [rtabmap]: rtabmap (991): Rate=1.00s, Limit=0.000s, Conversion=0.0005s, RTAB-Map=0.0723s, Maps update=0.0003s pub=0.0008s delay=0.2307s (local map=1, WM=1)
[INFO] [1771074961.743967884] [rtabmap]: rtabmap (992): Rate=1.00s, Limit=0.000s, Conversion=0.0003s, RTAB-Map=0.0703s, Maps update=0.0003s pub=0.0013s delay=0.2311s (local map=1, WM=1)
[INFO] [1771074962.858485511] [rtabmap]: rtabmap (993): Rate=1.00s, Limit=0.000s, Conversion=0.0005s, RTAB-Map=0.0777s, Maps update=0.0002s pub=0.0008s delay=0.2463s (local map=1, WM=1)
[INFO] [1771074963.856675192] [rtabmap]: rtabmap (994): Rate=1.00s, Limit=0.000s, Conversion=0.0005s, RTAB-Map=0.0772s, Maps update=0.0002s pub=0.0012s delay=0.2441s (local map=1, WM=1)
[INFO] [1771074964.954552826] [rtabmap]: rtabmap (995): Rate=1.00s, Limit=0.000s, Conversion=0.0006s, RTAB-Map=0.0781s, Maps update=0.0002s pub=0.0009s delay=0.2418s (local map=1, WM=1)
[INFO] [1771074966.054953846] [rtabmap]: rtabmap (996): Rate=1.00s, Limit=0.000s, Conversion=0.0005s, RTAB-Map=0.0782s, Maps update=0.0002s pub=0.0007s delay=0.2427s (local map=1, WM=1)
[INFO] [1771074967.048201237] [rtabmap]: rtabmap (997): Rate=1.00s, Limit=0.000s, Conversion=0.0004s, RTAB-Map=0.0705s, Maps update=0.0002s pub=0.0007s delay=0.2356s (local map=1, WM=1)
[INFO] [1771074968.159341142] [rtabmap]: rtabmap (998): Rate=1.00s, Limit=0.000s, Conversion=0.0003s, RTAB-Map=0.0807s, Maps update=0.0003s pub=0.0009s delay=0.2468s (local map=1, WM=1)
[INFO] [1771074969.151438315] [rtabmap]: rtabmap (999): Rate=1.00s, Limit=0.000s, Conversion=0.0003s, RTAB-Map=0.0768s, Maps update=0.0002s pub=0.0010s delay=0.2387s (local map=1, WM=1)
[INFO] [1771074970.247609359] [rtabmap]: rtabmap (1000): Rate=1.00s, Limit=0.000s, Conversion=0.0003s, RTAB-Map=0.0755s, Maps update=0.0003s pub=0.0014s delay=0.2353s (local map=1, WM=1)
[INFO] [1771074971.357405247] [rtabmap]: rtabmap (1001): Rate=1.00s, Limit=0.000s, Conversion=0.0005s, RTAB-Map=0.0793s, Maps update=0.0003s pub=0.0009s delay=0.2448s (local map=1, WM=1)
[INFO] [1771074972.462364681] [rtabmap]: rtabmap (1002): Rate=1.00s, Limit=0.000s, Conversion=0.0107s, RTAB-Map=0.0745s, Maps update=0.0002s pub=0.0011s delay=0.2501s (local map=1, WM=1)
[INFO] [1771074973.558272576] [rtabmap]: rtabmap (1003): Rate=1.00s, Limit=0.000s, Conversion=0.0005s, RTAB-Map=0.0824s, Maps update=0.0003s pub=0.0009s delay=0.2456s (local map=1, WM=1)
[INFO] [1771074974.652065078] [rtabmap]: rtabmap (1004): Rate=1.00s, Limit=0.000s, Conversion=0.0006s, RTAB-Map=0.0723s, Maps update=0.0003s pub=0.0011s delay=0.2385s (local map=1, WM=1)
[INFO] [1771074975.752182668] [rtabmap]: rtabmap (1005): Rate=1.00s, Limit=0.000s, Conversion=0.0008s, RTAB-Map=0.0733s, Maps update=0.0002s pub=0.0009s delay=0.2396s (local map=1, WM=1)
[INFO] [1771074976.752623634] [rtabmap]: rtabmap (1006): Rate=1.00s, Limit=0.000s, Conversion=0.0003s, RTAB-Map=0.0752s, Maps update=0.0002s pub=0.0007s delay=0.2400s (local map=1, WM=1)
[INFO] [1771074977.848609191] [rtabmap]: rtabmap (1007): Rate=1.00s, Limit=0.000s, Conversion=0.0005s, RTAB-Map=0.0745s, Maps update=0.0002s pub=0.0007s delay=0.2352s (local map=1, WM=1)
[INFO] [1771074978.849923488] [rtabmap]: rtabmap (1008): Rate=1.00s, Limit=0.000s, Conversion=0.0005s, RTAB-Map=0.0854s, Maps update=0.0002s pub=0.0009s delay=0.2364s (local map=1, WM=1)
[INFO] [1771074979.954565617] [rtabmap]: rtabmap (1009): Rate=1.00s, Limit=0.000s, Conversion=0.0003s, RTAB-Map=0.0821s, Maps update=0.0002s pub=0.0008s delay=0.2411s (local map=1, WM=1)
[INFO] [1771074981.052647174] [rtabmap]: rtabmap (1010): Rate=1.00s, Limit=0.000s, Conversion=0.0008s, RTAB-Map=0.0773s, Maps update=0.0002s pub=0.0008s delay=0.2393s (local map=1, WM=1)
[INFO] [1771074982.153904429] [rtabmap]: rtabmap (1011): Rate=1.00s, Limit=0.000s, Conversion=0.0007s, RTAB-Map=0.0786s, Maps update=0.0002s pub=0.0008s delay=0.2406s (local map=1, WM=1)
[INFO] [1771074983.253372711] [rtabmap]: rtabmap (1012): Rate=1.00s, Limit=0.000s, Conversion=0.0005s, RTAB-Map=0.0716s, Maps update=0.0002s pub=0.0014s delay=0.2401s (local map=1, WM=1)
[INFO] [1771074984.250626407] [rtabmap]: rtabmap (1013): Rate=1.00s, Limit=0.000s, Conversion=0.0006s, RTAB-Map=0.0746s, Maps update=0.0003s pub=0.0015s delay=0.2372s (local map=1, WM=1)
[INFO] [1771074985.250972018] [rtabmap]: rtabmap (1014): Rate=1.00s, Limit=0.000s, Conversion=0.0004s, RTAB-Map=0.0757s, Maps update=0.0002s pub=0.0007s delay=0.2375s (local map=1, WM=1)
[INFO] [1771074986.363633814] [rtabmap]: rtabmap (1015): Rate=1.00s, Limit=0.000s, Conversion=0.0005s, RTAB-Map=0.0732s, Maps update=0.0002s pub=0.0007s delay=0.2511s (local map=1, WM=1)
[INFO] [1771074987.354493016] [rtabmap]: rtabmap (1016): Rate=1.00s, Limit=0.000s, Conversion=0.0014s, RTAB-Map=0.0767s, Maps update=0.0002s pub=0.0008s delay=0.2410s (local map=1, WM=1)
[INFO] [1771074988.454669291] [rtabmap]: rtabmap (1017): Rate=1.00s, Limit=0.000s, Conversion=0.0005s, RTAB-Map=0.0769s, Maps update=0.0002s pub=0.0010s delay=0.2423s (local map=1, WM=1)
[INFO] [1771074989.447657527] [rtabmap]: rtabmap (1018): Rate=1.00s, Limit=0.000s, Conversion=0.0003s, RTAB-Map=0.0666s, Maps update=0.0005s pub=0.0010s delay=0.2344s (local map=1, WM=1)
[INFO] [1771074990.447981954] [rtabmap]: rtabmap (1019): Rate=1.00s, Limit=0.000s, Conversion=0.0003s, RTAB-Map=0.0802s, Maps update=0.0004s pub=0.0008s delay=0.2347s (local map=1, WM=1)
[INFO] [1771074991.552217377] [rtabmap]: rtabmap (1020): Rate=1.00s, Limit=0.000s, Conversion=0.0005s, RTAB-Map=0.0755s, Maps update=0.0002s pub=0.0010s delay=0.2388s (local map=1, WM=1)
[INFO] [1771074992.654310870] [rtabmap]: rtabmap (1021): Rate=1.00s, Limit=0.000s, Conversion=0.0004s, RTAB-Map=0.0725s, Maps update=0.0002s pub=0.0007s delay=0.2410s (local map=1, WM=1)
[INFO] [1771074993.750845450] [rtabmap]: rtabmap (1022): Rate=1.00s, Limit=0.000s, Conversion=0.0005s, RTAB-Map=0.0752s, Maps update=0.0003s pub=0.0010s delay=0.2386s (local map=1, WM=1)
[INFO] [1771074994.755627791] [rtabmap]: rtabmap (1023): Rate=1.00s, Limit=0.000s, Conversion=0.0004s, RTAB-Map=0.0818s, Maps update=0.0002s pub=0.0012s delay=0.2423s (local map=1, WM=1)
[INFO] [1771074995.847542403] [rtabmap]: rtabmap (1024): Rate=1.00s, Limit=0.000s, Conversion=0.0005s, RTAB-Map=0.0721s, Maps update=0.0002s pub=0.0010s delay=0.2341s (local map=1, WM=1)
[INFO] [1771074996.954727241] [rtabmap]: rtabmap (1025): Rate=1.00s, Limit=0.000s, Conversion=0.0005s, RTAB-Map=0.0731s, Maps update=0.0003s pub=0.0007s delay=0.2413s (local map=1, WM=1)
[INFO] [1771074998.055663830] [rtabmap]: rtabmap (1026): Rate=1.00s, Limit=0.000s, Conversion=0.0004s, RTAB-Map=0.0728s, Maps update=0.0002s pub=0.0007s delay=0.2423s (local map=1, WM=1)
[INFO] [1771074999.158325086] [rtabmap]: rtabmap (1027): Rate=1.00s, Limit=0.000s, Conversion=0.0006s, RTAB-Map=0.0827s, Maps update=0.0002s pub=0.0007s delay=0.2449s (local map=1, WM=1)
[INFO] [1771075000.256660209] [rtabmap]: rtabmap (1028): Rate=1.00s, Limit=0.000s, Conversion=0.0010s, RTAB-Map=0.0784s, Maps update=0.0002s pub=0.0013s delay=0.2432s (local map=1, WM=1)
[INFO] [1771075001.352291621] [rtabmap]: rtabmap (1029): Rate=1.00s, Limit=0.000s, Conversion=0.0009s, RTAB-Map=0.0788s, Maps update=0.0002s pub=0.0007s delay=0.2401s (local map=1, WM=1)
[INFO] [1771075002.355558518] [rtabmap]: rtabmap (1030): Rate=1.00s, Limit=0.000s, Conversion=0.0007s, RTAB-Map=0.0793s, Maps update=0.0002s pub=0.0007s delay=0.2412s (local map=1, WM=1)
[INFO] [1771075003.445413251] [rtabmap]: rtabmap (1031): Rate=1.00s, Limit=0.000s, Conversion=0.0005s, RTAB-Map=0.0725s, Maps update=0.0002s pub=0.0011s delay=0.2329s (local map=1, WM=1)
[INFO] [1771075004.445713485] [rtabmap]: rtabmap (1032): Rate=1.00s, Limit=0.000s, Conversion=0.0005s, RTAB-Map=0.0716s, Maps update=0.0002s pub=0.0010s delay=0.2331s (local map=1, WM=1)
[INFO] [1771075005.458885429] [rtabmap]: rtabmap (1033): Rate=1.00s, Limit=0.000s, Conversion=0.0105s, RTAB-Map=0.0722s, Maps update=0.0002s pub=0.0007s delay=0.2455s (local map=1, WM=1)
[INFO] [1771075006.554195775] [rtabmap]: rtabmap (1034): Rate=1.00s, Limit=0.000s, Conversion=0.0004s, RTAB-Map=0.0785s, Maps update=0.0002s pub=0.0008s delay=0.2417s (local map=1, WM=1)
[INFO] [1771075007.653473426] [rtabmap]: rtabmap (1035): Rate=1.00s, Limit=0.000s, Conversion=0.0004s, RTAB-Map=0.0805s, Maps update=0.0003s pub=0.0009s delay=0.2399s (local map=1, WM=1)
[INFO] [1771075008.754419391] [rtabmap]: rtabmap (1036): Rate=1.00s, Limit=0.000s, Conversion=0.0009s, RTAB-Map=0.0802s, Maps update=0.0002s pub=0.0007s delay=0.2420s (local map=1, WM=1)
[INFO] [1771075009.758434890] [rtabmap]: rtabmap (1037): Rate=1.00s, Limit=0.000s, Conversion=0.0004s, RTAB-Map=0.0769s, Maps update=0.0002s pub=0.0007s delay=0.2458s (local map=1, WM=1)
[INFO] [1771075010.853211649] [rtabmap]: rtabmap (1038): Rate=1.00s, Limit=0.000s, Conversion=0.0005s, RTAB-Map=0.0820s, Maps update=0.0003s pub=0.0008s delay=0.2407s (local map=1, WM=1)
[INFO] [1771075011.957262266] [rtabmap]: rtabmap (1039): Rate=1.00s, Limit=0.000s, Conversion=0.0005s, RTAB-Map=0.0794s, Maps update=0.0003s pub=0.0012s delay=0.2447s (local map=1, WM=1)
[INFO] [1771075013.055752562] [rtabmap]: rtabmap (1040): Rate=1.00s, Limit=0.000s, Conversion=0.0003s, RTAB-Map=0.0779s, Maps update=0.0002s pub=0.0007s delay=0.2436s (local map=1, WM=1)
[INFO] [1771075014.049189998] [rtabmap]: rtabmap (1041): Rate=1.00s, Limit=0.000s, Conversion=0.0004s, RTAB-Map=0.0755s, Maps update=0.0004s pub=0.0016s delay=0.2366s (local map=1, WM=1)
[INFO] [1771075015.154496466] [rtabmap]: rtabmap (1042): Rate=1.00s, Limit=0.000s, Conversion=0.0004s, RTAB-Map=0.0800s, Maps update=0.0002s pub=0.0008s delay=0.2417s (local map=1, WM=1)
[INFO] [1771075016.255262329] [rtabmap]: rtabmap (1043): Rate=1.00s, Limit=0.000s, Conversion=0.0003s, RTAB-Map=0.0796s, Maps update=0.0002s pub=0.0010s delay=0.2428s (local map=1, WM=1)
[INFO] [1771075017.253422680] [rtabmap]: rtabmap (1044): Rate=1.00s, Limit=0.000s, Conversion=0.0013s, RTAB-Map=0.0746s, Maps update=0.0002s pub=0.0008s delay=0.2409s (local map=1, WM=1)
[INFO] [1771075018.254603649] [rtabmap]: rtabmap (1045): Rate=1.00s, Limit=0.000s, Conversion=0.0003s, RTAB-Map=0.0747s, Maps update=0.0002s pub=0.0010s delay=0.2420s (local map=1, WM=1)
[INFO] [1771075019.345166118] [rtabmap]: rtabmap (1046): Rate=1.00s, Limit=0.000s, Conversion=0.0004s, RTAB-Map=0.0744s, Maps update=0.0002s pub=0.0008s delay=0.2325s (local map=1, WM=1)
[INFO] [1771075020.348013608] [rtabmap]: rtabmap (1047): Rate=1.00s, Limit=0.000s, Conversion=0.0005s, RTAB-Map=0.0729s, Maps update=0.0003s pub=0.0013s delay=0.2354s (local map=1, WM=1)
[INFO] [1771075021.464113859] [rtabmap]: rtabmap (1048): Rate=1.00s, Limit=0.000s, Conversion=0.0005s, RTAB-Map=0.0786s, Maps update=0.0003s pub=0.0007s delay=0.2518s (local map=1, WM=1)
[INFO] [1771075022.553884364] [rtabmap]: rtabmap (1049): Rate=1.00s, Limit=0.000s, Conversion=0.0005s, RTAB-Map=0.0743s, Maps update=0.0002s pub=0.0007s delay=0.2417s (local map=1, WM=1)
[INFO] [1771075023.551029673] [rtabmap]: rtabmap (1050): Rate=1.00s, Limit=0.000s, Conversion=0.0008s, RTAB-Map=0.0697s, Maps update=0.0002s pub=0.0011s delay=0.2384s (local map=1, WM=1)
[INFO] [1771075024.649884365] [rtabmap]: rtabmap (1051): Rate=1.00s, Limit=0.000s, Conversion=0.0004s, RTAB-Map=0.0832s, Maps update=0.0002s pub=0.0008s delay=0.2376s (local map=1, WM=1)
[INFO] [1771075025.658645437] [rtabmap]: rtabmap (1052): Rate=1.00s, Limit=0.000s, Conversion=0.0005s, RTAB-Map=0.0810s, Maps update=0.0002s pub=0.0015s delay=0.2461s (local map=1, WM=1)
[INFO] [1771075026.757557539] [rtabmap]: rtabmap (1053): Rate=1.00s, Limit=0.000s, Conversion=0.0003s, RTAB-Map=0.0769s, Maps update=0.0002s pub=0.0009s delay=0.2452s (local map=1, WM=1)
[INFO] [1771075027.844821302] [rtabmap]: rtabmap (1054): Rate=1.00s, Limit=0.000s, Conversion=0.0003s, RTAB-Map=0.0746s, Maps update=0.0002s pub=0.0009s delay=0.2321s (local map=1, WM=1)
[INFO] [1771075028.945178063] [rtabmap]: rtabmap (1055): Rate=1.00s, Limit=0.000s, Conversion=0.0004s, RTAB-Map=0.0686s, Maps update=0.0002s pub=0.0007s delay=0.2324s (local map=1, WM=1)
[INFO] [1771075030.057298911] [rtabmap]: rtabmap (1056): Rate=1.00s, Limit=0.000s, Conversion=0.0003s, RTAB-Map=0.0739s, Maps update=0.0002s pub=0.0008s delay=0.2447s (local map=1, WM=1)
[INFO] [1771075031.154692529] [rtabmap]: rtabmap (1057): Rate=1.00s, Limit=0.000s, Conversion=0.0005s, RTAB-Map=0.0765s, Maps update=0.0002s pub=0.0008s delay=0.2419s (local map=1, WM=1)
[INFO] [1771075032.250427722] [rtabmap]: rtabmap (1058): Rate=1.00s, Limit=0.000s, Conversion=0.0006s, RTAB-Map=0.0795s, Maps update=0.0003s pub=0.0015s delay=0.2378s (local map=1, WM=1)
[INFO] [1771075033.248586345] [rtabmap]: rtabmap (1059): Rate=1.00s, Limit=0.000s, Conversion=0.0013s, RTAB-Map=0.0706s, Maps update=0.0013s pub=0.0007s delay=0.2359s (local map=1, WM=1)
[INFO] [1771075034.353458303] [rtabmap]: rtabmap (1060): Rate=1.00s, Limit=0.000s, Conversion=0.0005s, RTAB-Map=0.0806s, Maps update=0.0002s pub=0.0008s delay=0.2406s (local map=1, WM=1)
[INFO] [1771075035.455204199] [rtabmap]: rtabmap (1061): Rate=1.00s, Limit=0.000s, Conversion=0.0003s, RTAB-Map=0.0749s, Maps update=0.0003s pub=0.0007s delay=0.2425s (local map=1, WM=1)
[INFO] [1771075036.556406566] [rtabmap]: rtabmap (1062): Rate=1.00s, Limit=0.000s, Conversion=0.0003s, RTAB-Map=0.0826s, Maps update=0.0002s pub=0.0008s delay=0.2443s (local map=1, WM=1)
[INFO] [1771075037.553493233] [rtabmap]: rtabmap (1063): Rate=1.00s, Limit=0.000s, Conversion=0.0004s, RTAB-Map=0.0784s, Maps update=0.0002s pub=0.0007s delay=0.2412s (local map=1, WM=1)
[INFO] [1771075038.561574169] [rtabmap]: rtabmap (1064): Rate=1.00s, Limit=0.000s, Conversion=0.0107s, RTAB-Map=0.0703s, Maps update=0.0002s pub=0.0007s delay=0.2489s (local map=1, WM=1)
[INFO] [1771075039.548521923] [rtabmap]: rtabmap (1065): Rate=1.00s, Limit=0.000s, Conversion=0.0005s, RTAB-Map=0.0706s, Maps update=0.0002s pub=0.0020s delay=0.2359s (local map=1, WM=1)
[INFO] [1771075040.664313961] [rtabmap]: rtabmap (1066): Rate=1.00s, Limit=0.000s, Conversion=0.0016s, RTAB-Map=0.0869s, Maps update=0.0002s pub=0.0015s delay=0.2521s (local map=1, WM=1)
[INFO] [1771075041.756767364] [rtabmap]: rtabmap (1067): Rate=1.00s, Limit=0.000s, Conversion=0.0005s, RTAB-Map=0.0781s, Maps update=0.0002s pub=0.0008s delay=0.2447s (local map=1, WM=1)
[INFO] [1771075042.746892733] [rtabmap]: rtabmap (1068): Rate=1.00s, Limit=0.000s, Conversion=0.0005s, RTAB-Map=0.0734s, Maps update=0.0002s pub=0.0014s delay=0.2347s (local map=1, WM=1)
[INFO] [1771075043.756882024] [rtabmap]: rtabmap (1069): Rate=1.00s, Limit=0.000s, Conversion=0.0005s, RTAB-Map=0.0814s, Maps update=0.0003s pub=0.0008s delay=0.2445s (local map=1, WM=1)
[INFO] [1771075044.852764794] [rtabmap]: rtabmap (1070): Rate=1.00s, Limit=0.000s, Conversion=0.0003s, RTAB-Map=0.0786s, Maps update=0.0004s pub=0.0010s delay=0.2400s (local map=1, WM=1)
[INFO] [1771075045.951621044] [rtabmap]: rtabmap (1071): Rate=1.00s, Limit=0.000s, Conversion=0.0003s, RTAB-Map=0.0777s, Maps update=0.0002s pub=0.0012s delay=0.2393s (local map=1, WM=1)
[INFO] [1771075047.043800389] [rtabmap]: rtabmap (1072): Rate=1.00s, Limit=0.000s, Conversion=0.0003s, RTAB-Map=0.0683s, Maps update=0.0002s pub=0.0013s delay=0.2311s (local map=1, WM=1)
[INFO] [1771075048.150817018] [rtabmap]: rtabmap (1073): Rate=1.00s, Limit=0.000s, Conversion=0.0003s, RTAB-Map=0.0797s, Maps update=0.0003s pub=0.0009s delay=0.2381s (local map=1, WM=1)
[INFO] [1771075049.253637918] [rtabmap]: rtabmap (1074): Rate=1.00s, Limit=0.000s, Conversion=0.0005s, RTAB-Map=0.0769s, Maps update=0.0002s pub=0.0008s delay=0.2409s (local map=1, WM=1)
[INFO] [1771075050.347018873] [rtabmap]: rtabmap (1075): Rate=1.00s, Limit=0.000s, Conversion=0.0006s, RTAB-Map=0.0751s, Maps update=0.0002s pub=0.0007s delay=0.2346s (local map=1, WM=1)
[INFO] [1771075051.357140136] [rtabmap]: rtabmap (1076): Rate=1.00s, Limit=0.000s, Conversion=0.0005s, RTAB-Map=0.0774s, Maps update=0.0002s pub=0.0009s delay=0.2447s (local map=1, WM=1)
[INFO] [1771075052.451699372] [rtabmap]: rtabmap (1077): Rate=1.00s, Limit=0.000s, Conversion=0.0016s, RTAB-Map=0.0710s, Maps update=0.0002s pub=0.0011s delay=0.2393s (local map=1, WM=1)
[INFO] [1771075053.603873570] [rtabmap]: rtabmap (1078): Rate=1.00s, Limit=0.000s, Conversion=0.0003s, RTAB-Map=0.0756s, Maps update=0.0002s pub=0.0005s delay=0.2911s (local map=1, WM=1)
[INFO] [1771075054.651900918] [rtabmap]: rtabmap (1079): Rate=1.00s, Limit=0.000s, Conversion=0.0004s, RTAB-Map=0.0759s, Maps update=0.0002s pub=0.0021s delay=0.2396s (local map=1, WM=1)
[INFO] [1771075055.764606193] [rtabmap]: rtabmap (1080): Rate=1.00s, Limit=0.000s, Conversion=0.0005s, RTAB-Map=0.0844s, Maps update=0.0002s pub=0.0011s delay=0.2523s (local map=1, WM=1)
[INFO] [1771075056.852681076] [rtabmap]: rtabmap (1081): Rate=1.00s, Limit=0.000s, Conversion=0.0011s, RTAB-Map=0.0805s, Maps update=0.0003s pub=0.0011s delay=0.2406s (local map=1, WM=1)
[INFO] [1771075057.847429581] [rtabmap]: rtabmap (1082): Rate=1.00s, Limit=0.000s, Conversion=0.0009s, RTAB-Map=0.0743s, Maps update=0.0003s pub=0.0009s delay=0.2353s (local map=1, WM=1)
[INFO] [1771075058.846811399] [rtabmap]: rtabmap (1083): Rate=1.00s, Limit=0.000s, Conversion=0.0003s, RTAB-Map=0.0702s, Maps update=0.0002s pub=0.0014s delay=0.2344s (local map=1, WM=1)
[INFO] [1771075059.960006611] [rtabmap]: rtabmap (1084): Rate=1.00s, Limit=0.000s, Conversion=0.0003s, RTAB-Map=0.0757s, Maps update=0.0002s pub=0.0007s delay=0.2478s (local map=1, WM=1)
[INFO] [1771075061.054709660] [rtabmap]: rtabmap (1085): Rate=1.00s, Limit=0.000s, Conversion=0.0011s, RTAB-Map=0.0777s, Maps update=0.0004s pub=0.0008s delay=0.2425s (local map=1, WM=1)
[INFO] [1771075062.045164992] [rtabmap]: rtabmap (1086): Rate=1.00s, Limit=0.000s, Conversion=0.0003s, RTAB-Map=0.0747s, Maps update=0.0002s pub=0.0008s delay=0.2329s (local map=1, WM=1)
[INFO] [1771075063.159712315] [rtabmap]: rtabmap (1087): Rate=1.00s, Limit=0.000s, Conversion=0.0006s, RTAB-Map=0.0772s, Maps update=0.0002s pub=0.0007s delay=0.2475s (local map=1, WM=1)
[INFO] [1771075064.253104535] [rtabmap]: rtabmap (1088): Rate=1.00s, Limit=0.000s, Conversion=0.0003s, RTAB-Map=0.0765s, Maps update=0.0003s pub=0.0008s delay=0.2409s (local map=1, WM=1)
[INFO] [1771075065.237895350] [rtabmap]: rtabmap (1089): Rate=1.00s, Limit=0.000s, Conversion=0.0005s, RTAB-Map=0.0700s, Maps update=0.0002s pub=0.0012s delay=0.2255s (local map=1, WM=1)
[INFO] [1771075066.367089838] [rtabmap]: rtabmap (1090): Rate=1.00s, Limit=0.000s, Conversion=0.0005s, RTAB-Map=0.0876s, Maps update=0.0016s pub=0.0034s delay=0.2548s (local map=2, WM=2)
[INFO] [1771075067.455315414] [rtabmap]: rtabmap (1091): Rate=1.00s, Limit=0.000s, Conversion=0.0005s, RTAB-Map=0.0731s, Maps update=0.0007s pub=0.0028s delay=0.2431s (local map=3, WM=3)
[INFO] [1771075068.455044188] [rtabmap]: rtabmap (1092): Rate=1.00s, Limit=0.000s, Conversion=0.0005s, RTAB-Map=0.0816s, Maps update=0.0003s pub=0.0011s delay=0.2427s (local map=3, WM=3)
[INFO] [1771075069.453228205] [rtabmap]: rtabmap (1093): Rate=1.00s, Limit=0.000s, Conversion=0.0004s, RTAB-Map=0.0745s, Maps update=0.0003s pub=0.0021s delay=0.2409s (local map=3, WM=3)
[INFO] [1771075070.554943210] [rtabmap]: rtabmap (1094): Rate=1.00s, Limit=0.000s, Conversion=0.0006s, RTAB-Map=0.0755s, Maps update=0.0003s pub=0.0011s delay=0.2427s (local map=3, WM=3)
[INFO] [1771075071.560011081] [rtabmap]: rtabmap (1095): Rate=1.00s, Limit=0.000s, Conversion=0.0106s, RTAB-Map=0.0801s, Maps update=0.0003s pub=0.0019s delay=0.2476s (local map=3, WM=3)
[INFO] [1771075072.655134721] [rtabmap]: rtabmap (1096): Rate=1.00s, Limit=0.000s, Conversion=0.0005s, RTAB-Map=0.0708s, Maps update=0.0003s pub=0.0012s delay=0.2429s (local map=3, WM=3)
[INFO] [1771075073.647319074] [rtabmap]: rtabmap (1097): Rate=1.00s, Limit=0.000s, Conversion=0.0005s, RTAB-Map=0.0744s, Maps update=0.0002s pub=0.0015s delay=0.2349s (local map=3, WM=3)
[INFO] [1771075074.755926574] [rtabmap]: rtabmap (1098): Rate=1.00s, Limit=0.000s, Conversion=0.0004s, RTAB-Map=0.0796s, Maps update=0.0003s pub=0.0013s delay=0.2436s (local map=3, WM=3)
[INFO] [1771075075.854891915] [rtabmap]: rtabmap (1099): Rate=1.00s, Limit=0.000s, Conversion=0.0007s, RTAB-Map=0.0765s, Maps update=0.0003s pub=0.0012s delay=0.2425s (local map=3, WM=3)
[INFO] [1771075076.956306014] [rtabmap]: rtabmap (1100): Rate=1.00s, Limit=0.000s, Conversion=0.0106s, RTAB-Map=0.0753s, Maps update=0.0002s pub=0.0012s delay=0.2439s (local map=3, WM=3)
[INFO] [1771075077.954095681] [rtabmap]: rtabmap (1101): Rate=1.00s, Limit=0.000s, Conversion=0.0006s, RTAB-Map=0.0793s, Maps update=0.0003s pub=0.0014s delay=0.2410s (local map=3, WM=3)
[INFO] [1771075079.052922233] [rtabmap]: rtabmap (1102): Rate=1.00s, Limit=0.000s, Conversion=0.0005s, RTAB-Map=0.0740s, Maps update=0.0003s pub=0.0017s delay=0.2407s (local map=3, WM=3)
[INFO] [1771075080.054711399] [rtabmap]: rtabmap (1103): Rate=1.00s, Limit=0.000s, Conversion=0.0005s, RTAB-Map=0.0811s, Maps update=0.0002s pub=0.0014s delay=0.2424s (local map=3, WM=3)
[INFO] [1771075081.055439376] [rtabmap]: rtabmap (1104): Rate=1.00s, Limit=0.000s, Conversion=0.0005s, RTAB-Map=0.0753s, Maps update=0.0003s pub=0.0012s delay=0.2431s (local map=3, WM=3)
[INFO] [1771075082.046399110] [rtabmap]: rtabmap (1105): Rate=1.00s, Limit=0.000s, Conversion=0.0003s, RTAB-Map=0.0698s, Maps update=0.0003s pub=0.0011s delay=0.2340s (local map=3, WM=3)
[INFO] [1771075083.151911238] [rtabmap]: rtabmap (1106): Rate=1.00s, Limit=0.000s, Conversion=0.0005s, RTAB-Map=0.0740s, Maps update=0.0003s pub=0.0015s delay=0.2395s (local map=3, WM=3)
[INFO] [1771075084.151187005] [rtabmap]: rtabmap (1107): Rate=1.00s, Limit=0.000s, Conversion=0.0015s, RTAB-Map=0.0734s, Maps update=0.0003s pub=0.0017s delay=0.2387s (local map=3, WM=3)
[INFO] [1771075085.254287370] [rtabmap]: rtabmap (1108): Rate=1.00s, Limit=0.000s, Conversion=0.0003s, RTAB-Map=0.0777s, Maps update=0.0003s pub=0.0018s delay=0.2419s (local map=3, WM=3)
[INFO] [1771075086.255422401] [rtabmap]: rtabmap (1109): Rate=1.00s, Limit=0.000s, Conversion=0.0005s, RTAB-Map=0.0758s, Maps update=0.0002s pub=0.0012s delay=0.2431s (local map=3, WM=3)
[INFO] [1771075087.251891574] [rtabmap]: rtabmap (1110): Rate=1.00s, Limit=0.000s, Conversion=0.0003s, RTAB-Map=0.0788s, Maps update=0.0002s pub=0.0010s delay=0.2395s (local map=3, WM=3)
[INFO] [1771075088.268854675] [rtabmap]: rtabmap (1111): Rate=1.00s, Limit=0.000s, Conversion=0.0005s, RTAB-Map=0.0884s, Maps update=0.0002s pub=0.0019s delay=0.2564s (local map=3, WM=3)
[INFO] [1771075089.249955858] [rtabmap]: rtabmap (1112): Rate=1.00s, Limit=0.000s, Conversion=0.0005s, RTAB-Map=0.0713s, Maps update=0.0003s pub=0.0013s delay=0.2374s (local map=3, WM=3)
[INFO] [1771075090.363227969] [rtabmap]: rtabmap (1113): Rate=1.00s, Limit=0.000s, Conversion=0.0004s, RTAB-Map=0.0813s, Maps update=0.0003s pub=0.0013s delay=0.2508s (local map=3, WM=3)
[INFO] [1771075091.354413406] [rtabmap]: rtabmap (1114): Rate=1.00s, Limit=0.000s, Conversion=0.0005s, RTAB-Map=0.0785s, Maps update=0.0003s pub=0.0025s delay=0.2413s (local map=3, WM=3)
[INFO] [1771075092.452523902] [rtabmap]: rtabmap (1115): Rate=1.00s, Limit=0.000s, Conversion=0.0012s, RTAB-Map=0.0742s, Maps update=0.0002s pub=0.0014s delay=0.2400s (local map=3, WM=3)
[INFO] [1771075093.554430465] [rtabmap]: rtabmap (1116): Rate=1.00s, Limit=0.000s, Conversion=0.0005s, RTAB-Map=0.0784s, Maps update=0.0003s pub=0.0016s delay=0.2419s (local map=3, WM=3)
[INFO] [1771075094.554772285] [rtabmap]: rtabmap (1117): Rate=1.00s, Limit=0.000s, Conversion=0.0005s, RTAB-Map=0.0741s, Maps update=0.0003s pub=0.0017s delay=0.2422s (local map=3, WM=3)
[INFO] [1771075095.657419674] [rtabmap]: rtabmap (1118): Rate=1.00s, Limit=0.000s, Conversion=0.0003s, RTAB-Map=0.0775s, Maps update=0.0003s pub=0.0012s delay=0.2450s (local map=3, WM=3)
[INFO] [1771075096.757809225] [rtabmap]: rtabmap (1119): Rate=1.00s, Limit=0.000s, Conversion=0.0004s, RTAB-Map=0.0736s, Maps update=0.0002s pub=0.0011s delay=0.2453s (local map=3, WM=3)
[INFO] [1771075097.859340127] [rtabmap]: rtabmap (1120): Rate=1.00s, Limit=0.000s, Conversion=0.0005s, RTAB-Map=0.0766s, Maps update=0.0003s pub=0.0015s delay=0.2467s (local map=3, WM=3)
[INFO] [1771075098.947708973] [rtabmap]: rtabmap (1121): Rate=1.00s, Limit=0.000s, Conversion=0.0006s, RTAB-Map=0.0731s, Maps update=0.0003s pub=0.0017s delay=0.2352s (local map=3, WM=3)
[INFO] [1771075100.054938025] [rtabmap]: rtabmap (1122): Rate=1.00s, Limit=0.000s, Conversion=0.0003s, RTAB-Map=0.0766s, Maps update=0.0003s pub=0.0011s delay=0.2424s (local map=3, WM=3)
[INFO] [1771075101.155302879] [rtabmap]: rtabmap (1123): Rate=1.00s, Limit=0.000s, Conversion=0.0005s, RTAB-Map=0.0786s, Maps update=0.0002s pub=0.0011s delay=0.2428s (local map=3, WM=3)
[INFO] [1771075102.145054117] [rtabmap]: rtabmap (1124): Rate=1.00s, Limit=0.000s, Conversion=0.0003s, RTAB-Map=0.0700s, Maps update=0.0014s pub=0.0013s delay=0.2325s (local map=3, WM=3)
[INFO] [1771075103.156689735] [rtabmap]: rtabmap (1125): Rate=1.00s, Limit=0.000s, Conversion=0.0003s, RTAB-Map=0.0804s, Maps update=0.0002s pub=0.0010s delay=0.2441s (local map=3, WM=3)
[INFO] [1771075104.258114374] [rtabmap]: rtabmap (1126): Rate=1.00s, Limit=0.000s, Conversion=0.0003s, RTAB-Map=0.0774s, Maps update=0.0002s pub=0.0011s delay=0.2455s (local map=3, WM=3)
[INFO] [1771075105.352405643] [rtabmap]: rtabmap (1127): Rate=1.00s, Limit=0.000s, Conversion=0.0003s, RTAB-Map=0.0823s, Maps update=0.0002s pub=0.0011s delay=0.2399s (local map=3, WM=3)
[INFO] [1771075106.366239002] [rtabmap]: rtabmap (1128): Rate=1.00s, Limit=0.000s, Conversion=0.0005s, RTAB-Map=0.0829s, Maps update=0.0003s pub=0.0015s delay=0.2537s (local map=3, WM=3)
[INFO] [1771075107.457772447] [rtabmap]: rtabmap (1129): Rate=1.00s, Limit=0.000s, Conversion=0.0003s, RTAB-Map=0.0836s, Maps update=0.0002s pub=0.0014s delay=0.2452s (local map=3, WM=3)
[INFO] [1771075108.455989965] [rtabmap]: rtabmap (1130): Rate=1.00s, Limit=0.000s, Conversion=0.0003s, RTAB-Map=0.0713s, Maps update=0.0002s pub=0.0012s delay=0.2433s (local map=3, WM=3)
[INFO] [1771075109.557330249] [rtabmap]: rtabmap (1131): Rate=1.00s, Limit=0.000s, Conversion=0.0005s, RTAB-Map=0.0757s, Maps update=0.0002s pub=0.0012s delay=0.2447s (local map=3, WM=3)
[INFO] [1771075110.655316144] [rtabmap]: rtabmap (1132): Rate=1.00s, Limit=0.000s, Conversion=0.0003s, RTAB-Map=0.0750s, Maps update=0.0003s pub=0.0013s delay=0.2427s (local map=3, WM=3)
[INFO] [1771075111.654336409] [rtabmap]: rtabmap (1133): Rate=1.00s, Limit=0.000s, Conversion=0.0004s, RTAB-Map=0.0796s, Maps update=0.0002s pub=0.0020s delay=0.2414s (local map=3, WM=3)
[INFO] [1771075112.750469471] [rtabmap]: rtabmap (1134): Rate=1.00s, Limit=0.000s, Conversion=0.0005s, RTAB-Map=0.0777s, Maps update=0.0003s pub=0.0013s delay=0.2378s (local map=3, WM=3)
[INFO] [1771075113.854426006] [rtabmap]: rtabmap (1135): Rate=1.00s, Limit=0.000s, Conversion=0.0003s, RTAB-Map=0.0692s, Maps update=0.0002s pub=0.0014s delay=0.2417s (local map=3, WM=3)
[INFO] [1771075114.952752937] [rtabmap]: rtabmap (1136): Rate=1.00s, Limit=0.000s, Conversion=0.0005s, RTAB-Map=0.0801s, Maps update=0.0002s pub=0.0010s delay=0.2399s (local map=3, WM=3)
[INFO] [1771075116.054399951] [rtabmap]: rtabmap (1137): Rate=1.00s, Limit=0.000s, Conversion=0.0003s, RTAB-Map=0.0740s, Maps update=0.0002s pub=0.0019s delay=0.2418s (local map=3, WM=3)
[INFO] [1771075117.050294572] [rtabmap]: rtabmap (1138): Rate=1.00s, Limit=0.000s, Conversion=0.0003s, RTAB-Map=0.0782s, Maps update=0.0003s pub=0.0017s delay=0.2377s (local map=3, WM=3)
[INFO] [1771075118.059625821] [rtabmap]: rtabmap (1139): Rate=1.00s, Limit=0.000s, Conversion=0.0109s, RTAB-Map=0.0727s, Maps update=0.0002s pub=0.0011s delay=0.2469s (local map=3, WM=3)
[INFO] [1771075119.053354574] [rtabmap]: rtabmap (1140): Rate=1.00s, Limit=0.000s, Conversion=0.0003s, RTAB-Map=0.0793s, Maps update=0.0002s pub=0.0013s delay=0.2406s (local map=3, WM=3)
[INFO] [1771075120.150318065] [rtabmap]: rtabmap (1141): Rate=1.00s, Limit=0.000s, Conversion=0.0003s, RTAB-Map=0.0722s, Maps update=0.0003s pub=0.0015s delay=0.2376s (local map=3, WM=3)
[INFO] [1771075121.259154195] [rtabmap]: rtabmap (1142): Rate=1.00s, Limit=0.000s, Conversion=0.0004s, RTAB-Map=0.0764s, Maps update=0.0002s pub=0.0011s delay=0.2464s (local map=3, WM=3)
[INFO] [1771075122.340408914] [rtabmap]: rtabmap (1143): Rate=1.00s, Limit=0.000s, Conversion=0.0003s, RTAB-Map=0.0714s, Maps update=0.0003s pub=0.0021s delay=0.2278s (local map=3, WM=3)
[INFO] [1771075123.445747129] [rtabmap]: rtabmap (1144): Rate=1.00s, Limit=0.000s, Conversion=0.0003s, RTAB-Map=0.0707s, Maps update=0.0002s pub=0.0013s delay=0.3330s (local map=3, WM=3)
[INFO] [1771075124.458190519] [rtabmap]: rtabmap (1145): Rate=1.00s, Limit=0.000s, Conversion=0.0004s, RTAB-Map=0.0806s, Maps update=0.0003s pub=0.0017s delay=0.2455s (local map=3, WM=3)
[INFO] [1771075125.557610192] [rtabmap]: rtabmap (1146): Rate=1.00s, Limit=0.000s, Conversion=0.0004s, RTAB-Map=0.0815s, Maps update=0.0002s pub=0.0011s delay=0.2448s (local map=3, WM=3)
[INFO] [1771075126.550068692] [rtabmap]: rtabmap (1147): Rate=1.00s, Limit=0.000s, Conversion=0.0004s, RTAB-Map=0.0748s, Maps update=0.0005s pub=0.0022s delay=0.2372s (local map=3, WM=3)
[INFO] [1771075127.660300550] [rtabmap]: rtabmap (1148): Rate=1.00s, Limit=0.000s, Conversion=0.0106s, RTAB-Map=0.0703s, Maps update=0.0002s pub=0.0011s delay=0.2476s (local map=3, WM=3)
[INFO] [1771075128.649400502] [rtabmap]: rtabmap (1149): Rate=1.00s, Limit=0.000s, Conversion=0.0006s, RTAB-Map=0.0738s, Maps update=0.0003s pub=0.0021s delay=0.2367s (local map=3, WM=3)
[INFO] [1771075129.646698755] [rtabmap]: rtabmap (1150): Rate=1.00s, Limit=0.000s, Conversion=0.0003s, RTAB-Map=0.0720s, Maps update=0.0003s pub=0.0016s delay=0.2338s (local map=3, WM=3)
[INFO] [1771075130.758662098] [rtabmap]: rtabmap (1151): Rate=1.00s, Limit=0.000s, Conversion=0.0005s, RTAB-Map=0.0796s, Maps update=0.0002s pub=0.0012s delay=0.2459s (local map=3, WM=3)
[INFO] [1771075131.746453364] [rtabmap]: rtabmap (1152): Rate=1.00s, Limit=0.000s, Conversion=0.0004s, RTAB-Map=0.0737s, Maps update=0.0003s pub=0.0014s delay=0.2336s (local map=3, WM=3)
[INFO] [1771075132.850711541] [rtabmap]: rtabmap (1153): Rate=1.00s, Limit=0.000s, Conversion=0.0005s, RTAB-Map=0.0756s, Maps update=0.0004s pub=0.0021s delay=0.2379s (local map=3, WM=3)
[INFO] [1771075133.847714200] [rtabmap]: rtabmap (1154): Rate=1.00s, Limit=0.000s, Conversion=0.0003s, RTAB-Map=0.0688s, Maps update=0.0002s pub=0.0015s delay=0.2348s (local map=3, WM=3)
[INFO] [1771075134.950723438] [rtabmap]: rtabmap (1155): Rate=1.00s, Limit=0.000s, Conversion=0.0004s, RTAB-Map=0.0765s, Maps update=0.0003s pub=0.0011s delay=0.2379s (local map=3, WM=3)
[INFO] [1771075136.050661817] [rtabmap]: rtabmap (1156): Rate=1.00s, Limit=0.000s, Conversion=0.0004s, RTAB-Map=0.0722s, Maps update=0.0002s pub=0.0027s delay=0.2378s (local map=3, WM=3)
[INFO] [1771075137.047136746] [rtabmap]: rtabmap (1157): Rate=1.00s, Limit=0.000s, Conversion=0.0010s, RTAB-Map=0.0729s, Maps update=0.0003s pub=0.0020s delay=0.2343s (local map=3, WM=3)
[INFO] [1771075138.160516586] [rtabmap]: rtabmap (1158): Rate=1.00s, Limit=0.000s, Conversion=0.0005s, RTAB-Map=0.0801s, Maps update=0.0002s pub=0.0010s delay=0.2476s (local map=3, WM=3)
[INFO] [1771075139.263709350] [rtabmap]: rtabmap (1159): Rate=1.00s, Limit=0.000s, Conversion=0.0106s, RTAB-Map=0.0755s, Maps update=0.0004s pub=0.0017s delay=0.2508s (local map=3, WM=3)
[INFO] [1771075140.354995267] [rtabmap]: rtabmap (1160): Rate=1.00s, Limit=0.000s, Conversion=0.0003s, RTAB-Map=0.0714s, Maps update=0.0003s pub=0.0016s delay=0.2422s (local map=3, WM=3)
[INFO] [1771075141.454651108] [rtabmap]: rtabmap (1161): Rate=1.00s, Limit=0.000s, Conversion=0.0004s, RTAB-Map=0.0713s, Maps update=0.0002s pub=0.0017s delay=0.2418s (local map=3, WM=3)
[INFO] [1771075142.448430679] [rtabmap]: rtabmap (1162): Rate=1.00s, Limit=0.000s, Conversion=0.0003s, RTAB-Map=0.0764s, Maps update=0.0002s pub=0.0015s delay=0.2356s (local map=3, WM=3)
[INFO] [1771075143.560923288] [rtabmap]: rtabmap (1163): Rate=1.00s, Limit=0.000s, Conversion=0.0107s, RTAB-Map=0.0762s, Maps update=0.0002s pub=0.0012s delay=0.2482s (local map=3, WM=3)
[INFO] [1771075144.563040398] [rtabmap]: rtabmap (1164): Rate=1.00s, Limit=0.000s, Conversion=0.0108s, RTAB-Map=0.0746s, Maps update=0.0003s pub=0.0010s delay=0.2501s (local map=3, WM=3)
[INFO] [1771075145.657836229] [rtabmap]: rtabmap (1165): Rate=1.00s, Limit=0.000s, Conversion=0.0013s, RTAB-Map=0.0739s, Maps update=0.0002s pub=0.0012s delay=0.2449s (local map=3, WM=3)
[INFO] [1771075146.656681865] [rtabmap]: rtabmap (1166): Rate=1.00s, Limit=0.000s, Conversion=0.0011s, RTAB-Map=0.0754s, Maps update=0.0003s pub=0.0010s delay=0.2437s (local map=3, WM=3)
[INFO] [1771075147.752744748] [rtabmap]: rtabmap (1167): Rate=1.00s, Limit=0.000s, Conversion=0.0004s, RTAB-Map=0.0796s, Maps update=0.0002s pub=0.0012s delay=0.2398s (local map=3, WM=3)
[INFO] [1771075148.762585263] [rtabmap]: rtabmap (1168): Rate=1.00s, Limit=0.000s, Conversion=0.0004s, RTAB-Map=0.0747s, Maps update=0.0002s pub=0.0020s delay=0.2495s (local map=3, WM=3)
[INFO] [1771075149.862151949] [rtabmap]: rtabmap (1169): Rate=1.00s, Limit=0.000s, Conversion=0.0005s, RTAB-Map=0.0856s, Maps update=0.0002s pub=0.0017s delay=0.2493s (local map=3, WM=3)
[INFO] [1771075150.856068837] [rtabmap]: rtabmap (1170): Rate=1.00s, Limit=0.000s, Conversion=0.0003s, RTAB-Map=0.0749s, Maps update=0.0003s pub=0.0011s delay=0.2431s (local map=3, WM=3)
[INFO] [1771075151.859691535] [rtabmap]: rtabmap (1171): Rate=1.00s, Limit=0.000s, Conversion=0.0106s, RTAB-Map=0.0697s, Maps update=0.0002s pub=0.0012s delay=0.2467s (local map=3, WM=3)
[INFO] [1771075152.959772255] [rtabmap]: rtabmap (1172): Rate=1.00s, Limit=0.000s, Conversion=0.0004s, RTAB-Map=0.0808s, Maps update=0.0022s pub=0.0032s delay=0.2469s (local map=4, WM=4)
[INFO] [1771075153.959299354] [rtabmap]: rtabmap (1173): Rate=1.00s, Limit=0.000s, Conversion=0.0004s, RTAB-Map=0.0759s, Maps update=0.0026s pub=0.0035s delay=0.2464s (local map=5, WM=5)
[INFO] [1771075154.964631744] [rtabmap]: rtabmap (1174): Rate=1.00s, Limit=0.000s, Conversion=0.0004s, RTAB-Map=0.0828s, Maps update=0.0019s pub=0.0041s delay=0.2517s (local map=6, WM=6)
[INFO] [1771075155.955366345] [rtabmap]: rtabmap (1175): Rate=1.00s, Limit=0.000s, Conversion=0.0004s, RTAB-Map=0.0792s, Maps update=0.0002s pub=0.0018s delay=0.2424s (local map=6, WM=6)
[INFO] [1771075157.051505935] [rtabmap]: rtabmap (1176): Rate=1.00s, Limit=0.000s, Conversion=0.0012s, RTAB-Map=0.0781s, Maps update=0.0003s pub=0.0017s delay=0.2385s (local map=6, WM=6)
[INFO] [1771075158.053592100] [rtabmap]: rtabmap (1177): Rate=1.00s, Limit=0.000s, Conversion=0.0004s, RTAB-Map=0.0780s, Maps update=0.0003s pub=0.0024s delay=0.2405s (local map=6, WM=6)
[INFO] [1771075159.142879931] [rtabmap]: rtabmap (1178): Rate=1.00s, Limit=0.000s, Conversion=0.0006s, RTAB-Map=0.0702s, Maps update=0.0003s pub=0.0019s delay=0.2298s (local map=6, WM=6)
[INFO] [1771075160.262272172] [rtabmap]: rtabmap (1179): Rate=1.00s, Limit=0.000s, Conversion=0.0004s, RTAB-Map=0.0828s, Maps update=0.0002s pub=0.0019s delay=0.2492s (local map=6, WM=6)
[INFO] [1771075161.354294403] [rtabmap]: rtabmap (1180): Rate=1.00s, Limit=0.000s, Conversion=0.0005s, RTAB-Map=0.0749s, Maps update=0.0003s pub=0.0017s delay=0.2414s (local map=6, WM=6)
[INFO] [1771075162.348123288] [rtabmap]: rtabmap (1181): Rate=1.00s, Limit=0.000s, Conversion=0.0008s, RTAB-Map=0.0756s, Maps update=0.0003s pub=0.0024s delay=0.2351s (local map=6, WM=6)
[INFO] [1771075163.348857533] [rtabmap]: rtabmap (1182): Rate=1.00s, Limit=0.000s, Conversion=0.0008s, RTAB-Map=0.0739s, Maps update=0.0004s pub=0.0027s delay=0.2358s (local map=6, WM=6)
[INFO] [1771075164.348352631] [rtabmap]: rtabmap (1183): Rate=1.00s, Limit=0.000s, Conversion=0.0005s, RTAB-Map=0.0718s, Maps update=0.0004s pub=0.0027s delay=0.2352s (local map=6, WM=6)
[INFO] [1771075165.461107681] [rtabmap]: rtabmap (1184): Rate=1.00s, Limit=0.000s, Conversion=0.0003s, RTAB-Map=0.0785s, Maps update=0.0022s pub=0.0036s delay=0.2481s (local map=7, WM=7)
[INFO] [1771075166.466831957] [rtabmap]: rtabmap (1185): Rate=1.00s, Limit=0.000s, Conversion=0.0005s, RTAB-Map=0.0845s, Maps update=0.0027s pub=0.0055s delay=0.2538s (local map=8, WM=8)
[INFO] [1771075167.549456740] [rtabmap]: rtabmap (1186): Rate=1.00s, Limit=0.000s, Conversion=0.0005s, RTAB-Map=0.0743s, Maps update=0.0003s pub=0.0016s delay=0.2366s (local map=8, WM=8)
[INFO] [1771075168.554966448] [rtabmap]: rtabmap (1187): Rate=1.00s, Limit=0.000s, Conversion=0.0003s, RTAB-Map=0.0756s, Maps update=0.0003s pub=0.0017s delay=0.2418s (local map=8, WM=8)
[INFO] [1771075169.656333324] [rtabmap]: rtabmap (1188): Rate=1.00s, Limit=0.000s, Conversion=0.0009s, RTAB-Map=0.0763s, Maps update=0.0003s pub=0.0030s delay=0.2431s (local map=8, WM=8)
[INFO] [1771075170.758077622] [rtabmap]: rtabmap (1189): Rate=1.00s, Limit=0.000s, Conversion=0.0003s, RTAB-Map=0.0794s, Maps update=0.0005s pub=0.0020s delay=0.2451s (local map=8, WM=8)
[INFO] [1771075171.754313919] [rtabmap]: rtabmap (1190): Rate=1.00s, Limit=0.000s, Conversion=0.0005s, RTAB-Map=0.0748s, Maps update=0.0003s pub=0.0021s delay=0.2413s (local map=8, WM=8)
[INFO] [1771075172.748743368] [rtabmap]: rtabmap (1191): Rate=1.00s, Limit=0.000s, Conversion=0.0003s, RTAB-Map=0.0731s, Maps update=0.0004s pub=0.0019s delay=0.2357s (local map=8, WM=8)
[INFO] [1771075173.759029659] [rtabmap]: rtabmap (1192): Rate=1.00s, Limit=0.000s, Conversion=0.0005s, RTAB-Map=0.0838s, Maps update=0.0003s pub=0.0018s delay=0.2459s (local map=8, WM=8)
[INFO] [1771075174.853677037] [rtabmap]: rtabmap (1193): Rate=1.00s, Limit=0.000s, Conversion=0.0004s, RTAB-Map=0.0796s, Maps update=0.0003s pub=0.0029s delay=0.2407s (local map=8, WM=8)
[INFO] [1771075175.954785857] [rtabmap]: rtabmap (1194): Rate=1.00s, Limit=0.000s, Conversion=0.0005s, RTAB-Map=0.0752s, Maps update=0.0003s pub=0.0021s delay=0.2415s (local map=8, WM=8)
[INFO] [1771075177.054180345] [rtabmap]: rtabmap (1195): Rate=1.00s, Limit=0.000s, Conversion=0.0004s, RTAB-Map=0.0756s, Maps update=0.0003s pub=0.0016s delay=0.2412s (local map=8, WM=8)
[INFO] [1771075178.049824492] [rtabmap]: rtabmap (1196): Rate=1.00s, Limit=0.000s, Conversion=0.0003s, RTAB-Map=0.0746s, Maps update=0.0003s pub=0.0014s delay=0.2367s (local map=8, WM=8)
[INFO] [1771075179.053220559] [rtabmap]: rtabmap (1197): Rate=1.00s, Limit=0.000s, Conversion=0.0007s, RTAB-Map=0.0747s, Maps update=0.0003s pub=0.0015s delay=0.2400s (local map=8, WM=8)
[INFO] [1771075180.158541621] [rtabmap]: rtabmap (1198): Rate=1.00s, Limit=0.000s, Conversion=0.0014s, RTAB-Map=0.0839s, Maps update=0.0003s pub=0.0017s delay=0.2456s (local map=8, WM=8)
[INFO] [1771075181.162008794] [rtabmap]: rtabmap (1199): Rate=1.00s, Limit=0.000s, Conversion=0.0007s, RTAB-Map=0.0846s, Maps update=0.0003s pub=0.0018s delay=0.2488s (local map=8, WM=8)
[INFO] [1771075182.266747661] [rtabmap]: rtabmap (1200): Rate=1.00s, Limit=0.000s, Conversion=0.0004s, RTAB-Map=0.0942s, Maps update=0.0003s pub=0.0017s delay=0.2536s (local map=8, WM=8)
[INFO] [1771075183.247535258] [rtabmap]: rtabmap (1201): Rate=1.00s, Limit=0.000s, Conversion=0.0003s, RTAB-Map=0.0684s, Maps update=0.0004s pub=0.0024s delay=0.2344s (local map=8, WM=8)
[INFO] [1771075184.255185969] [rtabmap]: rtabmap (1202): Rate=1.00s, Limit=0.000s, Conversion=0.0004s, RTAB-Map=0.0779s, Maps update=0.0003s pub=0.0018s delay=0.2419s (local map=8, WM=8)
[INFO] [1771075185.346089568] [rtabmap]: rtabmap (1203): Rate=1.00s, Limit=0.000s, Conversion=0.0009s, RTAB-Map=0.0747s, Maps update=0.0003s pub=0.0018s delay=0.2338s (local map=8, WM=8)
[INFO] [1771075186.354319595] [rtabmap]: rtabmap (1204): Rate=1.00s, Limit=0.000s, Conversion=0.0004s, RTAB-Map=0.0794s, Maps update=0.0003s pub=0.0027s delay=0.2411s (local map=8, WM=8)
[INFO] [1771075187.449186245] [rtabmap]: rtabmap (1205): Rate=1.00s, Limit=0.000s, Conversion=0.0004s, RTAB-Map=0.0717s, Maps update=0.0003s pub=0.0017s delay=0.2359s (local map=8, WM=8)
[INFO] [1771075188.547023783] [rtabmap]: rtabmap (1206): Rate=1.00s, Limit=0.000s, Conversion=0.0004s, RTAB-Map=0.0677s, Maps update=0.0003s pub=0.0017s delay=0.2337s (local map=8, WM=8)
[INFO] [1771075189.650711957] [rtabmap]: rtabmap (1207): Rate=1.00s, Limit=0.000s, Conversion=0.0005s, RTAB-Map=0.0736s, Maps update=0.0003s pub=0.0024s delay=0.2375s (local map=8, WM=8)
[INFO] [1771075190.759432466] [rtabmap]: rtabmap (1208): Rate=1.00s, Limit=0.000s, Conversion=0.0003s, RTAB-Map=0.0824s, Maps update=0.0003s pub=0.0014s delay=0.2463s (local map=8, WM=8)
[INFO] [1771075191.872541320] [rtabmap]: rtabmap (1209): Rate=1.00s, Limit=0.000s, Conversion=0.0107s, RTAB-Map=0.0775s, Maps update=0.0015s pub=0.0021s delay=0.2594s (local map=8, WM=8)
[INFO] [1771075192.953413050] [rtabmap]: rtabmap (1210): Rate=1.00s, Limit=0.000s, Conversion=0.0005s, RTAB-Map=0.0727s, Maps update=0.0003s pub=0.0014s delay=0.2410s (local map=8, WM=8)
[INFO] [1771075193.954315013] [rtabmap]: rtabmap (1211): Rate=1.00s, Limit=0.000s, Conversion=0.0005s, RTAB-Map=0.0768s, Maps update=0.0003s pub=0.0017s delay=0.2412s (local map=8, WM=8)
[INFO] [1771075194.954063368] [rtabmap]: rtabmap (1212): Rate=1.00s, Limit=0.000s, Conversion=0.0005s, RTAB-Map=0.0732s, Maps update=0.0003s pub=0.0016s delay=0.2409s (local map=8, WM=8)
[INFO] [1771075196.054230267] [rtabmap]: rtabmap (1213): Rate=1.00s, Limit=0.000s, Conversion=0.0005s, RTAB-Map=0.0719s, Maps update=0.0003s pub=0.0038s delay=0.2419s (local map=8, WM=8)
[INFO] [1771075197.052172735] [rtabmap]: rtabmap (1214): Rate=1.00s, Limit=0.000s, Conversion=0.0010s, RTAB-Map=0.0738s, Maps update=0.0003s pub=0.0019s delay=0.2390s (local map=8, WM=8)
[INFO] [1771075198.154752294] [rtabmap]: rtabmap (1215): Rate=1.00s, Limit=0.000s, Conversion=0.0003s, RTAB-Map=0.0697s, Maps update=0.0003s pub=0.0016s delay=0.2417s (local map=8, WM=8)
[INFO] [1771075199.155773653] [rtabmap]: rtabmap (1216): Rate=1.00s, Limit=0.000s, Conversion=0.0004s, RTAB-Map=0.0683s, Maps update=0.0003s pub=0.0016s delay=0.2426s (local map=8, WM=8)
[INFO] [1771075200.258138581] [rtabmap]: rtabmap (1217): Rate=1.00s, Limit=0.000s, Conversion=0.0006s, RTAB-Map=0.0771s, Maps update=0.0003s pub=0.0019s delay=0.2448s (local map=8, WM=8)
[INFO] [1771075201.253449757] [rtabmap]: rtabmap (1218): Rate=1.00s, Limit=0.000s, Conversion=0.0004s, RTAB-Map=0.0764s, Maps update=0.0003s pub=0.0016s delay=0.2400s (local map=8, WM=8)
[INFO] [1771075202.348950925] [rtabmap]: rtabmap (1219): Rate=1.00s, Limit=0.000s, Conversion=0.0003s, RTAB-Map=0.0697s, Maps update=0.0003s pub=0.0035s delay=0.2356s (local map=8, WM=8)
[INFO] [1771075203.454307061] [rtabmap]: rtabmap (1220): Rate=1.00s, Limit=0.000s, Conversion=0.0004s, RTAB-Map=0.0797s, Maps update=0.0003s pub=0.0015s delay=0.2420s (local map=8, WM=8)
[INFO] [1771075204.447911874] [rtabmap]: rtabmap (1221): Rate=1.00s, Limit=0.000s, Conversion=0.0004s, RTAB-Map=0.0738s, Maps update=0.0003s pub=0.0029s delay=0.2347s (local map=8, WM=8)
[INFO] [1771075205.453631893] [rtabmap]: rtabmap (1222): Rate=1.00s, Limit=0.000s, Conversion=0.0005s, RTAB-Map=0.0711s, Maps update=0.0004s pub=0.0032s delay=0.2403s (local map=8, WM=8)
[INFO] [1771075206.453933740] [rtabmap]: rtabmap (1223): Rate=1.00s, Limit=0.000s, Conversion=0.0005s, RTAB-Map=0.0768s, Maps update=0.0005s pub=0.0019s delay=0.2406s (local map=8, WM=8)
[INFO] [1771075207.559121454] [rtabmap]: rtabmap (1224): Rate=1.00s, Limit=0.000s, Conversion=0.0005s, RTAB-Map=0.0826s, Maps update=0.0003s pub=0.0016s delay=0.2467s (local map=8, WM=8)
[INFO] [1771075208.555110125] [rtabmap]: rtabmap (1225): Rate=1.00s, Limit=0.000s, Conversion=0.0004s, RTAB-Map=0.0785s, Maps update=0.0003s pub=0.0015s delay=0.2417s (local map=8, WM=8)
[INFO] [1771075209.656217409] [rtabmap]: rtabmap (1226): Rate=1.00s, Limit=0.000s, Conversion=0.0106s, RTAB-Map=0.0783s, Maps update=0.0003s pub=0.0017s delay=0.2439s (local map=8, WM=8)
[INFO] [1771075210.652543693] [rtabmap]: rtabmap (1227): Rate=1.00s, Limit=0.000s, Conversion=0.0005s, RTAB-Map=0.0739s, Maps update=0.0003s pub=0.0017s delay=0.2393s (local map=8, WM=8)
[INFO] [1771075211.745699787] [rtabmap]: rtabmap (1228): Rate=1.00s, Limit=0.000s, Conversion=0.0010s, RTAB-Map=0.0686s, Maps update=0.0003s pub=0.0016s delay=0.2325s (local map=8, WM=8)
[INFO] [1771075212.850975920] [rtabmap]: rtabmap (1229): Rate=1.00s, Limit=0.000s, Conversion=0.0005s, RTAB-Map=0.0719s, Maps update=0.0003s pub=0.0027s delay=0.2386s (local map=8, WM=8)
[INFO] [1771075213.850285924] [rtabmap]: rtabmap (1230): Rate=1.00s, Limit=0.000s, Conversion=0.0005s, RTAB-Map=0.0804s, Maps update=0.0003s pub=0.0019s delay=0.2370s (local map=8, WM=8)
[INFO] [1771075214.952157682] [rtabmap]: rtabmap (1231): Rate=1.00s, Limit=0.000s, Conversion=0.0005s, RTAB-Map=0.0744s, Maps update=0.0003s pub=0.0026s delay=0.2389s (local map=8, WM=8)
[INFO] [1771075215.949117108] [rtabmap]: rtabmap (1232): Rate=1.00s, Limit=0.000s, Conversion=0.0004s, RTAB-Map=0.0712s, Maps update=0.0003s pub=0.0014s delay=0.2357s (local map=8, WM=8)
[INFO] [1771075217.048919818] [rtabmap]: rtabmap (1233): Rate=1.00s, Limit=0.000s, Conversion=0.0005s, RTAB-Map=0.0700s, Maps update=0.0003s pub=0.0029s delay=0.2357s (local map=8, WM=8)
[INFO] [1771075218.159483440] [rtabmap]: rtabmap (1234): Rate=1.00s, Limit=0.000s, Conversion=0.0005s, RTAB-Map=0.0751s, Maps update=0.0004s pub=0.0017s delay=0.2471s (local map=8, WM=8)
[INFO] [1771075219.160272817] [rtabmap]: rtabmap (1235): Rate=1.00s, Limit=0.000s, Conversion=0.0006s, RTAB-Map=0.0752s, Maps update=0.0004s pub=0.0022s delay=0.2479s (local map=8, WM=8)
[INFO] [1771075220.176093661] [rtabmap]: rtabmap (1236): Rate=1.00s, Limit=0.000s, Conversion=0.0006s, RTAB-Map=0.0917s, Maps update=0.0003s pub=0.0018s delay=0.2637s (local map=8, WM=8)
[INFO] [1771075221.160162682] [rtabmap]: rtabmap (1237): Rate=1.00s, Limit=0.000s, Conversion=0.0005s, RTAB-Map=0.0827s, Maps update=0.0003s pub=0.0021s delay=0.2466s (local map=8, WM=8)
[INFO] [1771075222.268547316] [rtabmap]: rtabmap (1238): Rate=1.00s, Limit=0.000s, Conversion=0.0003s, RTAB-Map=0.0826s, Maps update=0.0003s pub=0.0021s delay=0.2551s (local map=8, WM=8)
[INFO] [1771075223.359793915] [rtabmap]: rtabmap (1239): Rate=1.00s, Limit=0.000s, Conversion=0.0004s, RTAB-Map=0.0799s, Maps update=0.0004s pub=0.0023s delay=0.2474s (local map=8, WM=8)
[INFO] [1771075224.358474932] [rtabmap]: rtabmap (1240): Rate=1.00s, Limit=0.000s, Conversion=0.0005s, RTAB-Map=0.0765s, Maps update=0.0003s pub=0.0024s delay=0.2450s (local map=8, WM=8)
[INFO] [1771075225.456408515] [rtabmap]: rtabmap (1241): Rate=1.00s, Limit=0.000s, Conversion=0.0003s, RTAB-Map=0.0798s, Maps update=0.0003s pub=0.0016s delay=0.2430s (local map=8, WM=8)
[INFO] [1771075226.443993114] [rtabmap]: rtabmap (1242): Rate=1.00s, Limit=0.000s, Conversion=0.0004s, RTAB-Map=0.0654s, Maps update=0.0003s pub=0.0018s delay=0.2305s (local map=8, WM=8)
[INFO] [1771075227.558889495] [rtabmap]: rtabmap (1243): Rate=1.00s, Limit=0.000s, Conversion=0.0003s, RTAB-Map=0.0804s, Maps update=0.0003s pub=0.0016s delay=0.2465s (local map=8, WM=8)
[INFO] [1771075228.556753075] [rtabmap]: rtabmap (1244): Rate=1.00s, Limit=0.000s, Conversion=0.0005s, RTAB-Map=0.0766s, Maps update=0.0004s pub=0.0021s delay=0.2443s (local map=8, WM=8)
[INFO] [1771075229.649615378] [rtabmap]: rtabmap (1245): Rate=1.00s, Limit=0.000s, Conversion=0.0004s, RTAB-Map=0.0736s, Maps update=0.0008s pub=0.0024s delay=0.2372s (local map=8, WM=8)
[INFO] [1771075230.651917149] [rtabmap]: rtabmap (1246): Rate=1.00s, Limit=0.000s, Conversion=0.0003s, RTAB-Map=0.0736s, Maps update=0.0006s pub=0.0023s delay=0.2383s (local map=8, WM=8)
[INFO] [1771075231.763583380] [rtabmap]: rtabmap (1247): Rate=1.00s, Limit=0.000s, Conversion=0.0005s, RTAB-Map=0.0794s, Maps update=0.0027s pub=0.0044s delay=0.2512s (local map=9, WM=9)
[INFO] [1771075232.756789611] [rtabmap]: rtabmap (1248): Rate=1.00s, Limit=0.000s, Conversion=0.0004s, RTAB-Map=0.0751s, Maps update=0.0003s pub=0.0019s delay=0.2443s (local map=9, WM=9)
[INFO] [1771075233.855777672] [rtabmap]: rtabmap (1249): Rate=1.00s, Limit=0.000s, Conversion=0.0007s, RTAB-Map=0.0803s, Maps update=0.0003s pub=0.0022s delay=0.2424s (local map=9, WM=9)
[INFO] [1771075234.961533713] [rtabmap]: rtabmap (1250): Rate=1.00s, Limit=0.000s, Conversion=0.0005s, RTAB-Map=0.0790s, Maps update=0.0003s pub=0.0016s delay=0.2490s (local map=9, WM=9)
[INFO] [1771075236.076125743] [rtabmap]: rtabmap (1251): Rate=1.00s, Limit=0.000s, Conversion=0.0005s, RTAB-Map=0.0925s, Maps update=0.0021s pub=0.0061s delay=0.2637s (local map=10, WM=10)
[INFO] [1771075237.061457683] [rtabmap]: rtabmap (1252): Rate=1.00s, Limit=0.000s, Conversion=0.0004s, RTAB-Map=0.0751s, Maps update=0.0025s pub=0.0050s delay=0.2480s (local map=11, WM=11)
[INFO] [1771075238.157632078] [rtabmap]: rtabmap (1253): Rate=1.00s, Limit=0.000s, Conversion=0.0007s, RTAB-Map=0.0786s, Maps update=0.0021s pub=0.0051s delay=0.2454s (local map=12, WM=12)
[INFO] [1771075239.247014589] [rtabmap]: rtabmap (1254): Rate=1.00s, Limit=0.000s, Conversion=0.0005s, RTAB-Map=0.0714s, Maps update=0.0003s pub=0.0020s delay=0.2346s (local map=12, WM=12)
[INFO] [1771075240.355050229] [rtabmap]: rtabmap (1255): Rate=1.00s, Limit=0.000s, Conversion=0.0005s, RTAB-Map=0.0762s, Maps update=0.0003s pub=0.0023s delay=0.2429s (local map=12, WM=12)
[INFO] [1771075241.347612949] [rtabmap]: rtabmap (1256): Rate=1.00s, Limit=0.000s, Conversion=0.0003s, RTAB-Map=0.0727s, Maps update=0.0003s pub=0.0026s delay=0.2354s (local map=12, WM=12)
[INFO] [1771075242.361483420] [rtabmap]: rtabmap (1257): Rate=1.00s, Limit=0.000s, Conversion=0.0003s, RTAB-Map=0.0777s, Maps update=0.0003s pub=0.0020s delay=0.2492s (local map=12, WM=12)
[INFO] [1771075243.346562488] [rtabmap]: rtabmap (1258): Rate=1.00s, Limit=0.000s, Conversion=0.0004s, RTAB-Map=0.0742s, Maps update=0.0004s pub=0.0026s delay=0.2331s (local map=12, WM=12)
[INFO] [1771075244.452091481] [rtabmap]: rtabmap (1259): Rate=1.00s, Limit=0.000s, Conversion=0.0003s, RTAB-Map=0.0766s, Maps update=0.0003s pub=0.0020s delay=0.2399s (local map=12, WM=12)
[INFO] [1771075245.455881537] [rtabmap]: rtabmap (1260): Rate=1.00s, Limit=0.000s, Conversion=0.0005s, RTAB-Map=0.0769s, Maps update=0.0003s pub=0.0021s delay=0.2435s (local map=12, WM=12)
[INFO] [1771075246.561582184] [rtabmap]: rtabmap (1261): Rate=1.00s, Limit=0.000s, Conversion=0.0005s, RTAB-Map=0.0809s, Maps update=0.0003s pub=0.0019s delay=0.2491s (local map=12, WM=12)
[INFO] [1771075247.661597769] [rtabmap]: rtabmap (1262): Rate=1.00s, Limit=0.000s, Conversion=0.0004s, RTAB-Map=0.0790s, Maps update=0.0003s pub=0.0018s delay=0.2492s (local map=12, WM=12)
[INFO] [1771075248.647138708] [rtabmap]: rtabmap (1263): Rate=1.00s, Limit=0.000s, Conversion=0.0003s, RTAB-Map=0.0716s, Maps update=0.0003s pub=0.0023s delay=0.2346s (local map=12, WM=12)
[INFO] [1771075249.759619880] [rtabmap]: rtabmap (1264): Rate=1.00s, Limit=0.000s, Conversion=0.0107s, RTAB-Map=0.0748s, Maps update=0.0003s pub=0.0022s delay=0.2474s (local map=12, WM=12)
[INFO] [1771075250.752871200] [rtabmap]: rtabmap (1265): Rate=1.00s, Limit=0.000s, Conversion=0.0003s, RTAB-Map=0.0764s, Maps update=0.0003s pub=0.0018s delay=0.2405s (local map=12, WM=12)
[INFO] [1771075251.862642709] [rtabmap]: rtabmap (1266): Rate=1.00s, Limit=0.000s, Conversion=0.0004s, RTAB-Map=0.0840s, Maps update=0.0003s pub=0.0019s delay=0.2504s (local map=12, WM=12)
[INFO] [1771075252.960728595] [rtabmap]: rtabmap (1267): Rate=1.00s, Limit=0.000s, Conversion=0.0003s, RTAB-Map=0.0832s, Maps update=0.0003s pub=0.0019s delay=0.2485s (local map=12, WM=12)
[INFO] [1771075253.957776816] [rtabmap]: rtabmap (1268): Rate=1.00s, Limit=0.000s, Conversion=0.0004s, RTAB-Map=0.0797s, Maps update=0.0003s pub=0.0016s delay=0.2455s (local map=12, WM=12)
[INFO] [1771075255.056611336] [rtabmap]: rtabmap (1269): Rate=1.00s, Limit=0.000s, Conversion=0.0005s, RTAB-Map=0.0762s, Maps update=0.0003s pub=0.0018s delay=0.2443s (local map=12, WM=12)
[INFO] [1771075256.055699915] [rtabmap]: rtabmap (1270): Rate=1.00s, Limit=0.000s, Conversion=0.0003s, RTAB-Map=0.0799s, Maps update=0.0003s pub=0.0022s delay=0.2434s (local map=12, WM=12)
[INFO] [1771075257.137098820] [rtabmap]: rtabmap (1271): Rate=1.00s, Limit=0.000s, Conversion=0.0004s, RTAB-Map=0.0660s, Maps update=0.0003s pub=0.0018s delay=0.2249s (local map=12, WM=12)
[INFO] [1771075258.161585372] [rtabmap]: rtabmap (1272): Rate=1.00s, Limit=0.000s, Conversion=0.0003s, RTAB-Map=0.0775s, Maps update=0.0003s pub=0.0018s delay=0.2492s (local map=12, WM=12)
[INFO] [1771075259.257089632] [rtabmap]: rtabmap (1273): Rate=1.00s, Limit=0.000s, Conversion=0.0107s, RTAB-Map=0.0725s, Maps update=0.0003s pub=0.0021s delay=0.2447s (local map=12, WM=12)
[INFO] [1771075260.349736193] [rtabmap]: rtabmap (1274): Rate=1.00s, Limit=0.000s, Conversion=0.0003s, RTAB-Map=0.0763s, Maps update=0.0003s pub=0.0018s delay=0.2375s (local map=12, WM=12)
[INFO] [1771075261.353362402] [rtabmap]: rtabmap (1275): Rate=1.00s, Limit=0.000s, Conversion=0.0005s, RTAB-Map=0.0761s, Maps update=0.0003s pub=0.0022s delay=0.2409s (local map=12, WM=12)
[INFO] [1771075262.453867349] [rtabmap]: rtabmap (1276): Rate=1.00s, Limit=0.000s, Conversion=0.0004s, RTAB-Map=0.0813s, Maps update=0.0003s pub=0.0020s delay=0.2416s (local map=12, WM=12)
[INFO] [1771075263.457436852] [rtabmap]: rtabmap (1277): Rate=1.00s, Limit=0.000s, Conversion=0.0005s, RTAB-Map=0.0767s, Maps update=0.0003s pub=0.0018s delay=0.2448s (local map=12, WM=12)
[INFO] [1771075264.552061434] [rtabmap]: rtabmap (1278): Rate=1.00s, Limit=0.000s, Conversion=0.0004s, RTAB-Map=0.0731s, Maps update=0.0004s pub=0.0019s delay=0.2398s (local map=12, WM=12)
[INFO] [1771075265.661104853] [rtabmap]: rtabmap (1279): Rate=1.00s, Limit=0.000s, Conversion=0.0003s, RTAB-Map=0.0767s, Maps update=0.0003s pub=0.0017s delay=0.2490s (local map=12, WM=12)
[INFO] [1771075266.648785484] [rtabmap]: rtabmap (1280): Rate=1.00s, Limit=0.000s, Conversion=0.0006s, RTAB-Map=0.0701s, Maps update=0.0003s pub=0.0026s delay=0.2365s (local map=12, WM=12)
[INFO] [1771075267.758145714] [rtabmap]: rtabmap (1281): Rate=1.00s, Limit=0.000s, Conversion=0.0005s, RTAB-Map=0.0769s, Maps update=0.0003s pub=0.0027s delay=0.2458s (local map=12, WM=12)
[INFO] [1771075268.755939497] [rtabmap]: rtabmap (1282): Rate=1.00s, Limit=0.000s, Conversion=0.0003s, RTAB-Map=0.0754s, Maps update=0.0003s pub=0.0018s delay=0.2434s (local map=12, WM=12)
[INFO] [1771075269.843284336] [rtabmap]: rtabmap (1283): Rate=1.00s, Limit=0.000s, Conversion=0.0009s, RTAB-Map=0.0675s, Maps update=0.0003s pub=0.0020s delay=0.2310s (local map=12, WM=12)
[INFO] [1771075270.945302551] [rtabmap]: rtabmap (1284): Rate=1.00s, Limit=0.000s, Conversion=0.0005s, RTAB-Map=0.0701s, Maps update=0.0003s pub=0.0024s delay=0.2330s (local map=12, WM=12)
[INFO] [1771075271.966148689] [rtabmap]: rtabmap (1285): Rate=1.00s, Limit=0.000s, Conversion=0.0106s, RTAB-Map=0.0759s, Maps update=0.0003s pub=0.0021s delay=0.2537s (local map=12, WM=12)
[INFO] [1771075273.055252726] [rtabmap]: rtabmap (1286): Rate=1.00s, Limit=0.000s, Conversion=0.0005s, RTAB-Map=0.0761s, Maps update=0.0003s pub=0.0022s delay=0.2429s (local map=12, WM=12)
[INFO] [1771075274.053656674] [rtabmap]: rtabmap (1287): Rate=1.00s, Limit=0.000s, Conversion=0.0003s, RTAB-Map=0.0753s, Maps update=0.0003s pub=0.0020s delay=0.2413s (local map=12, WM=12)
[INFO] [1771075275.157434758] [rtabmap]: rtabmap (1288): Rate=1.00s, Limit=0.000s, Conversion=0.0005s, RTAB-Map=0.0778s, Maps update=0.0003s pub=0.0016s delay=0.2452s (local map=12, WM=12)
[INFO] [1771075276.144046743] [rtabmap]: rtabmap (1289): Rate=1.00s, Limit=0.000s, Conversion=0.0004s, RTAB-Map=0.0693s, Maps update=0.0003s pub=0.0018s delay=0.2317s (local map=12, WM=12)
[INFO] [1771075277.250052425] [rtabmap]: rtabmap (1290): Rate=1.00s, Limit=0.000s, Conversion=0.0016s, RTAB-Map=0.0710s, Maps update=0.0003s pub=0.0022s delay=0.2379s (local map=12, WM=12)
[INFO] [1771075278.248539448] [rtabmap]: rtabmap (1291): Rate=1.00s, Limit=0.000s, Conversion=0.0004s, RTAB-Map=0.0787s, Maps update=0.0005s pub=0.0023s delay=0.2363s (local map=12, WM=12)
[INFO] [1771075279.353351200] [rtabmap]: rtabmap (1292): Rate=1.00s, Limit=0.000s, Conversion=0.0003s, RTAB-Map=0.0805s, Maps update=0.0003s pub=0.0029s delay=0.2411s (local map=12, WM=12)
[INFO] [1771075280.353417030] [rtabmap]: rtabmap (1293): Rate=1.00s, Limit=0.000s, Conversion=0.0005s, RTAB-Map=0.0796s, Maps update=0.0005s pub=0.0018s delay=0.2410s (local map=12, WM=12)
[INFO] [1771075281.465176416] [rtabmap]: rtabmap (1294): Rate=1.00s, Limit=0.000s, Conversion=0.0003s, RTAB-Map=0.0773s, Maps update=0.0024s pub=0.0048s delay=0.2530s (local map=13, WM=13)
[INFO] [1771075282.442008636] [rtabmap]: rtabmap (1295): Rate=1.00s, Limit=0.000s, Conversion=0.0003s, RTAB-Map=0.0696s, Maps update=0.0004s pub=0.0020s delay=0.2297s (local map=13, WM=13)
[INFO] [1771075283.562267583] [rtabmap]: rtabmap (1296): Rate=1.00s, Limit=0.000s, Conversion=0.0003s, RTAB-Map=0.0759s, Maps update=0.0019s pub=0.0048s delay=0.2501s (local map=14, WM=14)
[INFO] [1771075284.574430474] [rtabmap]: rtabmap (1297): Rate=1.00s, Limit=0.000s, Conversion=0.0003s, RTAB-Map=0.0861s, Maps update=0.0024s pub=0.0085s delay=0.2623s (local map=15, WM=15)
[INFO] [1771075285.562674068] [rtabmap]: rtabmap (1298): Rate=1.00s, Limit=0.000s, Conversion=0.0003s, RTAB-Map=0.0774s, Maps update=0.0019s pub=0.0054s delay=0.2505s (local map=16, WM=16)
[INFO] [1771075286.658783789] [rtabmap]: rtabmap (1299): Rate=1.00s, Limit=0.000s, Conversion=0.0004s, RTAB-Map=0.0774s, Maps update=0.0019s pub=0.0049s delay=0.2465s (local map=17, WM=17)
[INFO] [1771075287.764198922] [rtabmap]: rtabmap (1300): Rate=1.00s, Limit=0.000s, Conversion=0.0003s, RTAB-Map=0.0816s, Maps update=0.0018s pub=0.0057s delay=0.2518s (local map=18, WM=18)
[INFO] [1771075288.754017579] [rtabmap]: rtabmap (1301): Rate=1.00s, Limit=0.000s, Conversion=0.0004s, RTAB-Map=0.0730s, Maps update=0.0015s pub=0.0052s delay=0.2416s (local map=19, WM=19)
[INFO] [1771075289.854283700] [rtabmap]: rtabmap (1302): Rate=1.00s, Limit=0.000s, Conversion=0.0003s, RTAB-Map=0.0751s, Maps update=0.0027s pub=0.0068s delay=0.2419s (local map=20, WM=20)
[INFO] [1771075290.939319563] [rtabmap]: rtabmap (1303): Rate=1.00s, Limit=0.000s, Conversion=0.0008s, RTAB-Map=0.0690s, Maps update=0.0003s pub=0.0029s delay=0.2271s (local map=20, WM=20)
[INFO] [1771075291.949876223] [rtabmap]: rtabmap (1304): Rate=1.00s, Limit=0.000s, Conversion=0.0007s, RTAB-Map=0.0704s, Maps update=0.0008s pub=0.0056s delay=0.2375s (local map=21, WM=21)
[INFO] [1771075293.046224128] [rtabmap]: rtabmap (1305): Rate=1.00s, Limit=0.000s, Conversion=0.0003s, RTAB-Map=0.0772s, Maps update=0.0003s pub=0.0027s delay=0.2339s (local map=21, WM=21)
[INFO] [1771075294.161192778] [rtabmap]: rtabmap (1306): Rate=1.00s, Limit=0.000s, Conversion=0.0007s, RTAB-Map=0.0735s, Maps update=0.0021s pub=0.0065s delay=0.2488s (local map=22, WM=22)
[INFO] [1771075295.257207912] [rtabmap]: rtabmap (1307): Rate=1.00s, Limit=0.000s, Conversion=0.0006s, RTAB-Map=0.0769s, Maps update=0.0022s pub=0.0068s delay=0.2448s (local map=23, WM=23)
[INFO] [1771075296.334302464] [rtabmap]: rtabmap (1308): Rate=1.00s, Limit=0.000s, Conversion=0.0003s, RTAB-Map=0.0658s, Maps update=0.0003s pub=0.0027s delay=0.2219s (local map=23, WM=23)
[INFO] [1771075297.459897485] [rtabmap]: rtabmap (1309): Rate=1.00s, Limit=0.000s, Conversion=0.0006s, RTAB-Map=0.0736s, Maps update=0.0025s pub=0.0079s delay=0.2476s (local map=24, WM=24)
[INFO] [1771075298.458935692] [rtabmap]: rtabmap (1310): Rate=1.00s, Limit=0.000s, Conversion=0.0003s, RTAB-Map=0.0777s, Maps update=0.0022s pub=0.0056s delay=0.2466s (local map=25, WM=25)
[INFO] [1771075299.459820907] [rtabmap]: rtabmap (1311): Rate=1.00s, Limit=0.000s, Conversion=0.0006s, RTAB-Map=0.0813s, Maps update=0.0021s pub=0.0061s delay=0.2474s (local map=26, WM=26)
[INFO] [1771075300.561971081] [rtabmap]: rtabmap (1312): Rate=1.00s, Limit=0.000s, Conversion=0.0004s, RTAB-Map=0.0736s, Maps update=0.0026s pub=0.0061s delay=0.2495s (local map=27, WM=27)
[INFO] [1771075301.646171672] [rtabmap]: rtabmap (1313): Rate=1.00s, Limit=0.000s, Conversion=0.0006s, RTAB-Map=0.0682s, Maps update=0.0009s pub=0.0064s delay=0.2338s (local map=28, WM=28)
[INFO] [1771075302.755032799] [rtabmap]: rtabmap (1314): Rate=1.00s, Limit=0.000s, Conversion=0.0003s, RTAB-Map=0.0738s, Maps update=0.0026s pub=0.0067s delay=0.2426s (local map=29, WM=29)
[INFO] [1771075303.868677197] [rtabmap]: rtabmap (1315): Rate=1.00s, Limit=0.000s, Conversion=0.0003s, RTAB-Map=0.0830s, Maps update=0.0025s pub=0.0074s delay=0.2564s (local map=30, WM=30)
[INFO] [1771075304.926551080] [rtabmap]: rtabmap (1316): Rate=1.00s, Limit=0.000s, Conversion=0.0003s, RTAB-Map=0.1374s, Maps update=0.0026s pub=0.0116s delay=0.3142s (local map=31, WM=31)
[INFO] [1771075305.925266460] [rtabmap]: rtabmap (1317): Rate=1.00s, Limit=0.000s, Conversion=0.0003s, RTAB-Map=0.1424s, Maps update=0.0026s pub=0.0076s delay=0.3129s (local map=32, WM=32)
[INFO] [1771075306.939283204] [rtabmap]: rtabmap (1318): Rate=1.00s, Limit=0.000s, Conversion=0.0005s, RTAB-Map=0.1495s, Maps update=0.0023s pub=0.0077s delay=0.3268s (local map=33, WM=33)
[INFO] [1771075308.035028675] [rtabmap]: rtabmap (1319): Rate=1.00s, Limit=0.000s, Conversion=0.0006s, RTAB-Map=0.1427s, Maps update=0.0025s pub=0.0076s delay=0.3227s (local map=34, WM=34)
[INFO] [1771075309.030941654] [rtabmap]: rtabmap (1320): Rate=1.00s, Limit=0.000s, Conversion=0.0005s, RTAB-Map=0.1479s, Maps update=0.0004s pub=0.0025s delay=0.3185s (local map=34, WM=34)
[INFO] [1771075310.033841083] [rtabmap]: rtabmap (1321): Rate=1.00s, Limit=0.000s, Conversion=0.0006s, RTAB-Map=0.1438s, Maps update=0.0044s pub=0.0082s delay=0.3214s (local map=35, WM=35)
[INFO] [1771075311.041291102] [rtabmap]: rtabmap (1322): Rate=1.00s, Limit=0.000s, Conversion=0.0007s, RTAB-Map=0.1483s, Maps update=0.0026s pub=0.0092s delay=0.3288s (local map=36, WM=36)
[INFO] [1771075312.017115958] [rtabmap]: rtabmap (1323): Rate=1.00s, Limit=0.000s, Conversion=0.0004s, RTAB-Map=0.1353s, Maps update=0.0026s pub=0.0081s delay=0.3045s (local map=37, WM=37)
[INFO] [1771075313.135507657] [rtabmap]: rtabmap (1324): Rate=1.00s, Limit=0.000s, Conversion=0.0005s, RTAB-Map=0.1444s, Maps update=0.0026s pub=0.0081s delay=0.3231s (local map=38, WM=38)
[INFO] [1771075314.140685053] [rtabmap]: rtabmap (1325): Rate=1.00s, Limit=0.000s, Conversion=0.0003s, RTAB-Map=0.1476s, Maps update=0.0024s pub=0.0090s delay=0.3282s (local map=39, WM=39)
[INFO] [1771075315.125611922] [rtabmap]: rtabmap (1326): Rate=1.00s, Limit=0.000s, Conversion=0.0004s, RTAB-Map=0.1452s, Maps update=0.0005s pub=0.0065s delay=0.3131s (local map=39, WM=39)
[INFO] [1771075316.144287387] [rtabmap]: rtabmap (1327): Rate=1.00s, Limit=0.000s, Conversion=0.0003s, RTAB-Map=0.1506s, Maps update=0.0025s pub=0.0117s delay=0.3317s (local map=40, WM=40)
[INFO] [1771075317.231670616] [rtabmap]: rtabmap (1328): Rate=1.00s, Limit=0.000s, Conversion=0.0003s, RTAB-Map=0.1459s, Maps update=0.0025s pub=0.0081s delay=0.3192s (local map=41, WM=41)
[INFO] [1771075318.242592340] [rtabmap]: rtabmap (1329): Rate=1.00s, Limit=0.000s, Conversion=0.0005s, RTAB-Map=0.1470s, Maps update=0.0024s pub=0.0106s delay=0.3300s (local map=42, WM=42)
[INFO] [1771075319.252368840] [rtabmap]: rtabmap (1330): Rate=1.00s, Limit=0.000s, Conversion=0.0003s, RTAB-Map=0.1560s, Maps update=0.0029s pub=0.0105s delay=0.3398s (local map=43, WM=43)
[INFO] [1771075320.335578068] [rtabmap]: rtabmap (1331): Rate=1.00s, Limit=0.000s, Conversion=0.0007s, RTAB-Map=0.1409s, Maps update=0.0028s pub=0.0082s delay=0.3231s (local map=44, WM=44)
[INFO] [1771075321.325646491] [rtabmap]: rtabmap (1332): Rate=1.00s, Limit=0.000s, Conversion=0.0005s, RTAB-Map=0.1454s, Maps update=0.0006s pub=0.0054s delay=0.3130s (local map=44, WM=44)
[INFO] [1771075322.436522089] [rtabmap]: rtabmap (1333): Rate=1.00s, Limit=0.000s, Conversion=0.0108s, RTAB-Map=0.1403s, Maps update=0.0024s pub=0.0088s delay=0.3239s (local map=45, WM=45)
[INFO] [1771075323.541821300] [rtabmap]: rtabmap (1334): Rate=1.00s, Limit=0.000s, Conversion=0.0004s, RTAB-Map=0.1511s, Maps update=0.0023s pub=0.0098s delay=0.3292s (local map=46, WM=46)
[INFO] [1771075324.539481123] [rtabmap]: rtabmap (1335): Rate=1.00s, Limit=0.000s, Conversion=0.0004s, RTAB-Map=0.1536s, Maps update=0.0023s pub=0.0104s delay=0.3269s (local map=47, WM=47)
[INFO] [1771075325.629932171] [rtabmap]: rtabmap (1336): Rate=1.00s, Limit=0.000s, Conversion=0.0003s, RTAB-Map=0.1472s, Maps update=0.0023s pub=0.0081s delay=0.3173s (local map=48, WM=48)
[INFO] [1771075326.627746624] [rtabmap]: rtabmap (1337): Rate=1.00s, Limit=0.000s, Conversion=0.0007s, RTAB-Map=0.1411s, Maps update=0.0005s pub=0.0072s delay=0.3151s (local map=48, WM=48)
[INFO] [1771075327.737967158] [rtabmap]: rtabmap (1338): Rate=1.00s, Limit=0.000s, Conversion=0.0005s, RTAB-Map=0.1420s, Maps update=0.0028s pub=0.0099s delay=0.3255s (local map=49, WM=49)
[INFO] [1771075328.726478247] [rtabmap]: rtabmap (1339): Rate=1.00s, Limit=0.000s, Conversion=0.0006s, RTAB-Map=0.1422s, Maps update=0.0026s pub=0.0097s delay=0.3138s (local map=50, WM=50)
[INFO] [1771075329.849515612] [rtabmap]: rtabmap (1340): Rate=1.00s, Limit=0.000s, Conversion=0.0003s, RTAB-Map=0.1543s, Maps update=0.0027s pub=0.0129s delay=0.3369s (local map=51, WM=51)
[INFO] [1771075330.935103642] [rtabmap]: rtabmap (1341): Rate=1.00s, Limit=0.000s, Conversion=0.0003s, RTAB-Map=0.1544s, Maps update=0.0006s pub=0.0042s delay=0.3225s (local map=51, WM=51)
[INFO] [1771075332.008761530] [rtabmap]: rtabmap (1342): Rate=1.00s, Limit=0.000s, Conversion=0.0004s, RTAB-Map=0.1324s, Maps update=0.0005s pub=0.0034s delay=0.2962s (local map=51, WM=51)
[INFO] [1771075333.015614793] [rtabmap]: rtabmap (1343): Rate=1.00s, Limit=0.000s, Conversion=0.0003s, RTAB-Map=0.1345s, Maps update=0.0005s pub=0.0045s delay=0.3029s (local map=51, WM=51)
[INFO] [1771075334.130500738] [rtabmap]: rtabmap (1344): Rate=1.00s, Limit=0.000s, Conversion=0.0005s, RTAB-Map=0.1537s, Maps update=0.0006s pub=0.0042s delay=0.3179s (local map=51, WM=51)
[INFO] [1771075335.119006547] [rtabmap]: rtabmap (1345): Rate=1.00s, Limit=0.000s, Conversion=0.0010s, RTAB-Map=0.1423s, Maps update=0.0005s pub=0.0047s delay=0.3064s (local map=51, WM=51)
[INFO] [1771075336.128882762] [rtabmap]: rtabmap (1346): Rate=1.00s, Limit=0.000s, Conversion=0.0004s, RTAB-Map=0.1430s, Maps update=0.0005s pub=0.0047s delay=0.3163s (local map=51, WM=51)
[INFO] [1771075337.228342827] [rtabmap]: rtabmap (1347): Rate=1.00s, Limit=0.000s, Conversion=0.0005s, RTAB-Map=0.1421s, Maps update=0.0005s pub=0.0057s delay=0.3157s (local map=51, WM=51)
[INFO] [1771075338.214549996] [rtabmap]: rtabmap (1348): Rate=1.00s, Limit=0.000s, Conversion=0.0003s, RTAB-Map=0.1386s, Maps update=0.0005s pub=0.0046s delay=0.3019s (local map=51, WM=51)
[INFO] [1771075339.328312990] [rtabmap]: rtabmap (1349): Rate=1.00s, Limit=0.000s, Conversion=0.0005s, RTAB-Map=0.1446s, Maps update=0.0005s pub=0.0034s delay=0.3156s (local map=51, WM=51)
[INFO] [1771075340.429098477] [rtabmap]: rtabmap (1350): Rate=1.00s, Limit=0.000s, Conversion=0.0003s, RTAB-Map=0.1506s, Maps update=0.0006s pub=0.0048s delay=0.3165s (local map=51, WM=51)
[INFO] [1771075341.436355241] [rtabmap]: rtabmap (1351): Rate=1.00s, Limit=0.000s, Conversion=0.0004s, RTAB-Map=0.1447s, Maps update=0.0035s pub=0.0124s delay=0.3235s (local map=52, WM=52)
[INFO] [1771075342.524627269] [rtabmap]: rtabmap (1352): Rate=1.00s, Limit=0.000s, Conversion=0.0004s, RTAB-Map=0.1361s, Maps update=0.0026s pub=0.0113s delay=0.3120s (local map=53, WM=53)
[INFO] [1771075343.526925557] [rtabmap]: rtabmap (1353): Rate=1.00s, Limit=0.000s, Conversion=0.0005s, RTAB-Map=0.1410s, Maps update=0.0027s pub=0.0107s delay=0.3141s (local map=54, WM=54)
[INFO] [1771075344.631111738] [rtabmap]: rtabmap (1354): Rate=1.00s, Limit=0.000s, Conversion=0.0003s, RTAB-Map=0.1449s, Maps update=0.0025s pub=0.0100s delay=0.3184s (local map=55, WM=55)
[INFO] [1771075345.645347658] [rtabmap]: rtabmap (1355): Rate=1.00s, Limit=0.000s, Conversion=0.0005s, RTAB-Map=0.1532s, Maps update=0.0027s pub=0.0112s delay=0.3326s (local map=56, WM=56)
[INFO] [1771075346.629502179] [rtabmap]: rtabmap (1356): Rate=1.00s, Limit=0.000s, Conversion=0.0004s, RTAB-Map=0.1488s, Maps update=0.0006s pub=0.0045s delay=0.3167s (local map=56, WM=56)
[INFO] [1771075347.732126706] [rtabmap]: rtabmap (1357): Rate=1.00s, Limit=0.000s, Conversion=0.0005s, RTAB-Map=0.1404s, Maps update=0.0011s pub=0.0096s delay=0.3195s (local map=57, WM=57)
[INFO] [1771075348.735570410] [rtabmap]: rtabmap (1358): Rate=1.00s, Limit=0.000s, Conversion=0.0013s, RTAB-Map=0.1445s, Maps update=0.0024s pub=0.0095s delay=0.3228s (local map=58, WM=58)
[INFO] [1771075349.830743126] [rtabmap]: rtabmap (1359): Rate=1.00s, Limit=0.000s, Conversion=0.0005s, RTAB-Map=0.1408s, Maps update=0.0029s pub=0.0099s delay=0.3181s (local map=59, WM=59)
[INFO] [1771075350.826512419] [rtabmap]: rtabmap (1360): Rate=1.00s, Limit=0.000s, Conversion=0.0005s, RTAB-Map=0.1407s, Maps update=0.0023s pub=0.0125s delay=0.3138s (local map=60, WM=60)
[INFO] [1771075351.833881284] [rtabmap]: rtabmap (1361): Rate=1.00s, Limit=0.000s, Conversion=0.0105s, RTAB-Map=0.1381s, Maps update=0.0025s pub=0.0109s delay=0.3211s (local map=61, WM=61)
[INFO] [1771075352.813558306] [rtabmap]: rtabmap (1362): Rate=1.00s, Limit=0.000s, Conversion=0.0006s, RTAB-Map=0.1282s, Maps update=0.0029s pub=0.0119s delay=0.3007s (local map=62, WM=62)
[INFO] [1771075353.834029129] [rtabmap]: rtabmap (1363): Rate=1.00s, Limit=0.000s, Conversion=0.0007s, RTAB-Map=0.1408s, Maps update=0.0028s pub=0.0102s delay=0.3212s (local map=63, WM=63)
[INFO] [1771075354.920778256] [rtabmap]: rtabmap (1364): Rate=1.00s, Limit=0.000s, Conversion=0.0003s, RTAB-Map=0.1393s, Maps update=0.0006s pub=0.0060s delay=0.3080s (local map=63, WM=63)
[INFO] [1771075355.920678957] [rtabmap]: rtabmap (1365): Rate=1.00s, Limit=0.000s, Conversion=0.0004s, RTAB-Map=0.1347s, Maps update=0.0006s pub=0.0040s delay=0.3079s (local map=63, WM=63)
[INFO] [1771075357.022042160] [rtabmap]: rtabmap (1366): Rate=1.00s, Limit=0.000s, Conversion=0.0005s, RTAB-Map=0.1429s, Maps update=0.0007s pub=0.0050s delay=0.3091s (local map=63, WM=63)
[INFO] [1771075358.107985755] [rtabmap]: rtabmap (1367): Rate=1.00s, Limit=0.000s, Conversion=0.0004s, RTAB-Map=0.1332s, Maps update=0.0005s pub=0.0044s delay=0.2952s (local map=63, WM=63)
[INFO] [1771075359.105313119] [rtabmap]: rtabmap (1368): Rate=1.00s, Limit=0.000s, Conversion=0.0005s, RTAB-Map=0.1300s, Maps update=0.0005s pub=0.0039s delay=0.2923s (local map=63, WM=63)
[INFO] [1771075360.228625840] [rtabmap]: rtabmap (1369): Rate=1.00s, Limit=0.000s, Conversion=0.0004s, RTAB-Map=0.1373s, Maps update=0.0008s pub=0.0069s delay=0.3157s (local map=63, WM=63)
[INFO] [1771075361.310953194] [rtabmap]: rtabmap (1370): Rate=1.00s, Limit=0.000s, Conversion=0.0005s, RTAB-Map=0.1292s, Maps update=0.0024s pub=0.0099s delay=0.2982s (local map=64, WM=64)
[INFO] [1771075362.313487087] [rtabmap]: rtabmap (1371): Rate=1.00s, Limit=0.000s, Conversion=0.0005s, RTAB-Map=0.1296s, Maps update=0.0026s pub=0.0102s delay=0.3006s (local map=65, WM=65)
[INFO] [1771075363.433404707] [rtabmap]: rtabmap (1372): Rate=1.00s, Limit=0.000s, Conversion=0.0003s, RTAB-Map=0.1391s, Maps update=0.0025s pub=0.0116s delay=0.3206s (local map=66, WM=66)
[INFO] [1771075364.420342347] [rtabmap]: rtabmap (1373): Rate=1.00s, Limit=0.000s, Conversion=0.0005s, RTAB-Map=0.1358s, Maps update=0.0027s pub=0.0114s delay=0.3075s (local map=67, WM=67)
[INFO] [1771075365.419549277] [rtabmap]: rtabmap (1374): Rate=1.00s, Limit=0.000s, Conversion=0.0003s, RTAB-Map=0.1315s, Maps update=0.0024s pub=0.0126s delay=0.3066s (local map=68, WM=68)
[INFO] [1771075366.408094077] [rtabmap]: rtabmap (1375): Rate=1.00s, Limit=0.000s, Conversion=0.0003s, RTAB-Map=0.1317s, Maps update=0.0008s pub=0.0058s delay=0.2951s (local map=68, WM=68)
[INFO] [1771075367.503204019] [rtabmap]: rtabmap (1376): Rate=1.00s, Limit=0.000s, Conversion=0.0004s, RTAB-Map=0.1268s, Maps update=0.0025s pub=0.0115s delay=0.2904s (local map=69, WM=69)
[INFO] [1771075368.535969779] [rtabmap]: rtabmap (1377): Rate=1.00s, Limit=0.000s, Conversion=0.0003s, RTAB-Map=0.1455s, Maps update=0.0042s pub=0.0114s delay=0.3230s (local map=70, WM=70)
[INFO] [1771075369.526314545] [rtabmap]: rtabmap (1378): Rate=1.00s, Limit=0.000s, Conversion=0.0004s, RTAB-Map=0.1353s, Maps update=0.0025s pub=0.0116s delay=0.3134s (local map=71, WM=71)
[INFO] [1771075370.621682256] [rtabmap]: rtabmap (1379): Rate=1.00s, Limit=0.000s, Conversion=0.0003s, RTAB-Map=0.1354s, Maps update=0.0022s pub=0.0120s delay=0.3088s (local map=72, WM=72)
[INFO] [1771075371.621994792] [rtabmap]: rtabmap (1380): Rate=1.00s, Limit=0.000s, Conversion=0.0009s, RTAB-Map=0.1364s, Maps update=0.0008s pub=0.0049s delay=0.3090s (local map=72, WM=72)
[INFO] [1771075372.619693990] [rtabmap]: rtabmap (1381): Rate=1.00s, Limit=0.000s, Conversion=0.0004s, RTAB-Map=0.1327s, Maps update=0.0026s pub=0.0109s delay=0.3067s (local map=73, WM=73)
[INFO] [1771075373.719154291] [rtabmap]: rtabmap (1382): Rate=1.00s, Limit=0.000s, Conversion=0.0005s, RTAB-Map=0.1281s, Maps update=0.0022s pub=0.0128s delay=0.3061s (local map=74, WM=74)
[INFO] [1771075374.815070820] [rtabmap]: rtabmap (1383): Rate=1.00s, Limit=0.000s, Conversion=0.0005s, RTAB-Map=0.1302s, Maps update=0.0006s pub=0.0051s delay=0.3021s (local map=74, WM=74)
[INFO] [1771075375.913375497] [rtabmap]: rtabmap (1384): Rate=1.00s, Limit=0.000s, Conversion=0.0004s, RTAB-Map=0.1264s, Maps update=0.0026s pub=0.0104s delay=0.3004s (local map=75, WM=75)
[INFO] [1771075377.014011390] [rtabmap]: rtabmap (1385): Rate=1.00s, Limit=0.000s, Conversion=0.0007s, RTAB-Map=0.1274s, Maps update=0.0025s pub=0.0113s delay=0.3011s (local map=76, WM=76)
[INFO] [1771075378.005385409] [rtabmap]: rtabmap (1386): Rate=1.00s, Limit=0.000s, Conversion=0.0003s, RTAB-Map=0.1181s, Maps update=0.0025s pub=0.0137s delay=0.2923s (local map=77, WM=77)
[INFO] [1771075379.125638719] [rtabmap]: rtabmap (1387): Rate=1.00s, Limit=0.000s, Conversion=0.0004s, RTAB-Map=0.1339s, Maps update=0.0027s pub=0.0142s delay=0.3126s (local map=78, WM=78)
[INFO] [1771075380.257105028] [rtabmap]: rtabmap (1388): Rate=1.00s, Limit=0.000s, Conversion=0.0005s, RTAB-Map=0.1588s, Maps update=0.0023s pub=0.0122s delay=0.3441s (local map=79, WM=79)
[INFO] [1771075381.239576337] [rtabmap]: rtabmap (1389): Rate=1.00s, Limit=0.000s, Conversion=0.0003s, RTAB-Map=0.1434s, Maps update=0.0024s pub=0.0108s delay=0.3265s (local map=80, WM=80)
[INFO] [1771075382.325403588] [rtabmap]: rtabmap (1390): Rate=1.00s, Limit=0.000s, Conversion=0.0005s, RTAB-Map=0.1299s, Maps update=0.0024s pub=0.0184s delay=0.3125s (local map=81, WM=81)
[INFO] [1771075383.415078780] [rtabmap]: rtabmap (1391): Rate=1.00s, Limit=0.000s, Conversion=0.0004s, RTAB-Map=0.1307s, Maps update=0.0007s pub=0.0044s delay=0.3021s (local map=81, WM=81)
[INFO] [1771075384.535200247] [rtabmap]: rtabmap (1392): Rate=1.00s, Limit=0.000s, Conversion=0.0008s, RTAB-Map=0.1347s, Maps update=0.0027s pub=0.0123s delay=0.3223s (local map=82, WM=82)
[INFO] [1771075385.524440143] [rtabmap]: rtabmap (1393): Rate=1.00s, Limit=0.000s, Conversion=0.0107s, RTAB-Map=0.1281s, Maps update=0.0008s pub=0.0078s delay=0.3115s (local map=82, WM=82)
[INFO] [1771075386.522804420] [rtabmap]: rtabmap (1394): Rate=1.00s, Limit=0.000s, Conversion=0.0003s, RTAB-Map=0.1307s, Maps update=0.0024s pub=0.0112s delay=0.3098s (local map=83, WM=83)
[INFO] [1771075387.619397261] [rtabmap]: rtabmap (1395): Rate=1.00s, Limit=0.000s, Conversion=0.0005s, RTAB-Map=0.1278s, Maps update=0.0008s pub=0.0073s delay=0.3064s (local map=83, WM=83)
[INFO] [1771075388.622985559] [rtabmap]: rtabmap (1396): Rate=1.00s, Limit=0.000s, Conversion=0.0009s, RTAB-Map=0.1331s, Maps update=0.0025s pub=0.0118s delay=0.3099s (local map=84, WM=84)
[INFO] [1771075389.639562725] [rtabmap]: rtabmap (1397): Rate=1.00s, Limit=0.000s, Conversion=0.0004s, RTAB-Map=0.1418s, Maps update=0.0026s pub=0.0118s delay=0.3264s (local map=85, WM=85)
[INFO] [1771075390.643880585] [rtabmap]: rtabmap (1398): Rate=1.00s, Limit=0.000s, Conversion=0.0004s, RTAB-Map=0.1423s, Maps update=0.0028s pub=0.0121s delay=0.3307s (local map=86, WM=86)
[INFO] [1771075391.740600150] [rtabmap]: rtabmap (1399): Rate=1.00s, Limit=0.000s, Conversion=0.0003s, RTAB-Map=0.1423s, Maps update=0.0028s pub=0.0134s delay=0.3276s (local map=87, WM=87)
[INFO] [1771075392.830171083] [rtabmap]: rtabmap (1400): Rate=1.00s, Limit=0.000s, Conversion=0.0003s, RTAB-Map=0.1379s, Maps update=0.0034s pub=0.0121s delay=0.3171s (local map=88, WM=88)
[INFO] [1771075393.837153388] [rtabmap]: rtabmap (1401): Rate=1.00s, Limit=0.000s, Conversion=0.0005s, RTAB-Map=0.1415s, Maps update=0.0030s pub=0.0123s delay=0.3241s (local map=89, WM=89)
[INFO] [1771075394.832881509] [rtabmap]: rtabmap (1402): Rate=1.00s, Limit=0.000s, Conversion=0.0004s, RTAB-Map=0.1394s, Maps update=0.0027s pub=0.0119s delay=0.3197s (local map=90, WM=90)
[INFO] [1771075395.947007791] [rtabmap]: rtabmap (1403): Rate=1.00s, Limit=0.000s, Conversion=0.0005s, RTAB-Map=0.1389s, Maps update=0.0029s pub=0.0159s delay=0.3342s (local map=91, WM=91)
[INFO] [1771075396.946108542] [rtabmap]: rtabmap (1404): Rate=1.00s, Limit=0.000s, Conversion=0.0005s, RTAB-Map=0.1459s, Maps update=0.0028s pub=0.0158s delay=0.3331s (local map=92, WM=92)
[INFO] [1771075397.933520663] [rtabmap]: rtabmap (1405): Rate=1.00s, Limit=0.000s, Conversion=0.0005s, RTAB-Map=0.1358s, Maps update=0.0036s pub=0.0144s delay=0.3204s (local map=93, WM=93)
[INFO] [1771075399.040594828] [rtabmap]: rtabmap (1406): Rate=1.00s, Limit=0.000s, Conversion=0.0005s, RTAB-Map=0.1459s, Maps update=0.0024s pub=0.0120s delay=0.3273s (local map=94, WM=94)
[INFO] [1771075400.150421120] [rtabmap]: rtabmap (1407): Rate=1.00s, Limit=0.000s, Conversion=0.0005s, RTAB-Map=0.1487s, Maps update=0.0035s pub=0.0133s delay=0.3374s (local map=95, WM=95)
[INFO] [1771075401.137908988] [rtabmap]: rtabmap (1408): Rate=1.00s, Limit=0.000s, Conversion=0.0007s, RTAB-Map=0.1434s, Maps update=0.0031s pub=0.0130s delay=0.3248s (local map=96, WM=96)
[INFO] [1771075402.239592661] [rtabmap]: rtabmap (1409): Rate=1.00s, Limit=0.000s, Conversion=0.0004s, RTAB-Map=0.1387s, Maps update=0.0051s pub=0.0124s delay=0.3265s (local map=97, WM=97)
[INFO] [1771075403.229763374] [rtabmap]: rtabmap (1410): Rate=1.00s, Limit=0.000s, Conversion=0.0004s, RTAB-Map=0.1333s, Maps update=0.0027s pub=0.0159s delay=0.3166s (local map=98, WM=98)
[INFO] [1771075404.337448568] [rtabmap]: rtabmap (1411): Rate=1.00s, Limit=0.000s, Conversion=0.0105s, RTAB-Map=0.1337s, Maps update=0.0015s pub=0.0135s delay=0.3244s (local map=99, WM=99)
[INFO] [1771075405.344725283] [rtabmap]: rtabmap (1412): Rate=1.00s, Limit=0.000s, Conversion=0.0006s, RTAB-Map=0.1418s, Maps update=0.0030s pub=0.0163s delay=0.3316s (local map=100, WM=100)
[INFO] [1771075406.438748691] [rtabmap]: rtabmap (1413): Rate=1.00s, Limit=0.000s, Conversion=0.0005s, RTAB-Map=0.1525s, Maps update=0.0008s pub=0.0061s delay=0.3256s (local map=100, WM=100)
[INFO] [1771075407.428573951] [rtabmap]: rtabmap (1414): Rate=1.00s, Limit=0.000s, Conversion=0.0004s, RTAB-Map=0.1315s, Maps update=0.0008s pub=0.0079s delay=0.3153s (local map=100, WM=100)
[INFO] [1771075408.535019134] [rtabmap]: rtabmap (1415): Rate=1.00s, Limit=0.000s, Conversion=0.0004s, RTAB-Map=0.1349s, Maps update=0.0025s pub=0.0116s delay=0.3219s (local map=101, WM=101)
[INFO] [1771075409.562840403] [rtabmap]: rtabmap (1416): Rate=1.00s, Limit=0.000s, Conversion=0.0105s, RTAB-Map=0.1481s, Maps update=0.0030s pub=0.0132s delay=0.3496s (local map=102, WM=102)
[INFO] [1771075410.638363200] [rtabmap]: rtabmap (1417): Rate=1.00s, Limit=0.000s, Conversion=0.0003s, RTAB-Map=0.1401s, Maps update=0.0008s pub=0.0065s delay=0.3254s (local map=102, WM=102)
[INFO] [1771075411.643764329] [rtabmap]: rtabmap (1418): Rate=1.00s, Limit=0.000s, Conversion=0.0005s, RTAB-Map=0.1403s, Maps update=0.0029s pub=0.0153s delay=0.3305s (local map=103, WM=103)
[INFO] [1771075412.638909902] [rtabmap]: rtabmap (1419): Rate=1.00s, Limit=0.000s, Conversion=0.0004s, RTAB-Map=0.1367s, Maps update=0.0052s pub=0.0133s delay=0.3256s (local map=104, WM=104)
[INFO] [1771075413.753766578] [rtabmap]: rtabmap (1420): Rate=1.00s, Limit=0.000s, Conversion=0.0006s, RTAB-Map=0.1470s, Maps update=0.0032s pub=0.0180s delay=0.3407s (local map=105, WM=105)
[INFO] [1771075414.740603991] [rtabmap]: rtabmap (1421): Rate=1.00s, Limit=0.000s, Conversion=0.0004s, RTAB-Map=0.1379s, Maps update=0.0029s pub=0.0145s delay=0.3274s (local map=106, WM=106)
[INFO] [1771075415.844417946] [rtabmap]: rtabmap (1422): Rate=1.00s, Limit=0.000s, Conversion=0.0005s, RTAB-Map=0.1482s, Maps update=0.0029s pub=0.0134s delay=0.3313s (local map=107, WM=107)
[INFO] [1771075416.853658217] [rtabmap]: rtabmap (1423): Rate=1.00s, Limit=0.000s, Conversion=0.0006s, RTAB-Map=0.1448s, Maps update=0.0039s pub=0.0133s delay=0.3404s (local map=108, WM=108)
[INFO] [1771075417.944754003] [rtabmap]: rtabmap (1424): Rate=1.00s, Limit=0.000s, Conversion=0.0006s, RTAB-Map=0.1342s, Maps update=0.0028s pub=0.0158s delay=0.3316s (local map=109, WM=109)
[INFO] [1771075419.057690292] [rtabmap]: rtabmap (1425): Rate=1.00s, Limit=0.000s, Conversion=0.0004s, RTAB-Map=0.1498s, Maps update=0.0037s pub=0.0179s delay=0.3446s (local map=110, WM=110)
[INFO] [1771075420.046190418] [rtabmap]: rtabmap (1426): Rate=1.00s, Limit=0.000s, Conversion=0.0004s, RTAB-Map=0.1425s, Maps update=0.0026s pub=0.0144s delay=0.3328s (local map=111, WM=111)
[INFO] [1771075421.143775870] [rtabmap]: rtabmap (1427): Rate=1.00s, Limit=0.000s, Conversion=0.0004s, RTAB-Map=0.1415s, Maps update=0.0028s pub=0.0132s delay=0.3315s (local map=112, WM=112)
[INFO] [1771075422.153318423] [rtabmap]: rtabmap (1428): Rate=1.00s, Limit=0.000s, Conversion=0.0003s, RTAB-Map=0.1507s, Maps update=0.0028s pub=0.0195s delay=0.3400s (local map=113, WM=113)
[INFO] [1771075423.232556997] [rtabmap]: rtabmap (1429): Rate=1.00s, Limit=0.000s, Conversion=0.0004s, RTAB-Map=0.1361s, Maps update=0.0008s pub=0.0062s delay=0.3203s (local map=113, WM=113)
[INFO] [1771075424.273975570] [rtabmap]: rtabmap (1430): Rate=1.00s, Limit=0.000s, Conversion=0.0004s, RTAB-Map=0.1616s, Maps update=0.0032s pub=0.0170s delay=0.3607s (local map=114, WM=114)
[INFO] [1771075425.249884443] [rtabmap]: rtabmap (1431): Rate=1.00s, Limit=0.000s, Conversion=0.0003s, RTAB-Map=0.1444s, Maps update=0.0031s pub=0.0144s delay=0.3366s (local map=115, WM=115)
[INFO] [1771075426.250475357] [rtabmap]: rtabmap (1432): Rate=1.00s, Limit=0.000s, Conversion=0.0107s, RTAB-Map=0.1389s, Maps update=0.0030s pub=0.0160s delay=0.3371s (local map=116, WM=116)
[INFO] [1771075427.367028988] [rtabmap]: rtabmap (1433): Rate=1.00s, Limit=0.000s, Conversion=0.0008s, RTAB-Map=0.1536s, Maps update=0.0032s pub=0.0160s delay=0.3537s (local map=117, WM=117)
[INFO] [1771075428.450685827] [rtabmap]: rtabmap (1434): Rate=1.00s, Limit=0.000s, Conversion=0.0007s, RTAB-Map=0.1451s, Maps update=0.0029s pub=0.0165s delay=0.3373s (local map=118, WM=118)
[INFO] [1771075429.546298218] [rtabmap]: rtabmap (1435): Rate=1.00s, Limit=0.000s, Conversion=0.0005s, RTAB-Map=0.1381s, Maps update=0.0009s pub=0.0081s delay=0.3330s (local map=118, WM=118)
[INFO] [1771075430.646908991] [rtabmap]: rtabmap (1436): Rate=1.00s, Limit=0.000s, Conversion=0.0005s, RTAB-Map=0.1437s, Maps update=0.0026s pub=0.0140s delay=0.3335s (local map=119, WM=119)
[INFO] [1771075431.750711778] [rtabmap]: rtabmap (1437): Rate=1.00s, Limit=0.000s, Conversion=0.0004s, RTAB-Map=0.1464s, Maps update=0.0028s pub=0.0152s delay=0.3375s (local map=120, WM=120)
[INFO] [1771075432.757981965] [rtabmap]: rtabmap (1438): Rate=1.00s, Limit=0.000s, Conversion=0.0106s, RTAB-Map=0.1471s, Maps update=0.0036s pub=0.0150s delay=0.3446s (local map=121, WM=121)
[INFO] [1771075433.753526656] [rtabmap]: rtabmap (1439): Rate=1.00s, Limit=0.000s, Conversion=0.0004s, RTAB-Map=0.1473s, Maps update=0.0026s pub=0.0143s delay=0.3402s (local map=122, WM=122)
[INFO] [1771075434.751566122] [rtabmap]: rtabmap (1440): Rate=1.00s, Limit=0.000s, Conversion=0.0003s, RTAB-Map=0.1410s, Maps update=0.0036s pub=0.0143s delay=0.3381s (local map=123, WM=123)
[INFO] [1771075435.850773869] [rtabmap]: rtabmap (1441): Rate=1.00s, Limit=0.000s, Conversion=0.0005s, RTAB-Map=0.1430s, Maps update=0.0032s pub=0.0158s delay=0.3386s (local map=124, WM=124)
[INFO] [1771075436.956639128] [rtabmap]: rtabmap (1442): Rate=1.00s, Limit=0.000s, Conversion=0.0005s, RTAB-Map=0.1467s, Maps update=0.0033s pub=0.0166s delay=0.3434s (local map=125, WM=125)
[INFO] [1771075437.943489854] [rtabmap]: rtabmap (1443): Rate=1.00s, Limit=0.000s, Conversion=0.0005s, RTAB-Map=0.1414s, Maps update=0.0029s pub=0.0134s delay=0.3302s (local map=126, WM=126)
[INFO] [1771075438.944322120] [rtabmap]: rtabmap (1444): Rate=1.00s, Limit=0.000s, Conversion=0.0005s, RTAB-Map=0.1373s, Maps update=0.0030s pub=0.0143s delay=0.3311s (local map=127, WM=127)
[INFO] [1771075439.941946788] [rtabmap]: rtabmap (1445): Rate=1.00s, Limit=0.000s, Conversion=0.0003s, RTAB-Map=0.1357s, Maps update=0.0025s pub=0.0145s delay=0.3286s (local map=128, WM=128)
[INFO] [1771075441.042798881] [rtabmap]: rtabmap (1446): Rate=1.00s, Limit=0.000s, Conversion=0.0004s, RTAB-Map=0.1391s, Maps update=0.0028s pub=0.0134s delay=0.3295s (local map=129, WM=129)
[INFO] [1771075442.055024183] [rtabmap]: rtabmap (1447): Rate=1.00s, Limit=0.000s, Conversion=0.0003s, RTAB-Map=0.1379s, Maps update=0.0031s pub=0.0175s delay=0.3417s (local map=130, WM=130)
[INFO] [1771075443.148762237] [rtabmap]: rtabmap (1448): Rate=1.00s, Limit=0.000s, Conversion=0.0005s, RTAB-Map=0.1430s, Maps update=0.0028s pub=0.0153s delay=0.3355s (local map=131, WM=131)
[INFO] [1771075444.168871302] [rtabmap]: rtabmap (1449): Rate=1.00s, Limit=0.000s, Conversion=0.0005s, RTAB-Map=0.1571s, Maps update=0.0034s pub=0.0165s delay=0.3555s (local map=132, WM=132)
[INFO] [1771075445.142499871] [rtabmap]: rtabmap (1450): Rate=1.00s, Limit=0.000s, Conversion=0.0106s, RTAB-Map=0.1328s, Maps update=0.0027s pub=0.0140s delay=0.3290s (local map=133, WM=133)
[INFO] [1771075446.232827311] [rtabmap]: rtabmap (1451): Rate=1.00s, Limit=0.000s, Conversion=0.0003s, RTAB-Map=0.1280s, Maps update=0.0034s pub=0.0141s delay=0.3205s (local map=134, WM=134)
[INFO] [1771075447.245309262] [rtabmap]: rtabmap (1452): Rate=1.00s, Limit=0.000s, Conversion=0.0004s, RTAB-Map=0.1369s, Maps update=0.0025s pub=0.0152s delay=0.3318s (local map=135, WM=135)
[INFO] [1771075448.343972191] [rtabmap]: rtabmap (1453): Rate=1.00s, Limit=0.000s, Conversion=0.0005s, RTAB-Map=0.1369s, Maps update=0.0028s pub=0.0150s delay=0.3317s (local map=136, WM=136)
[INFO] [1771075449.345253946] [rtabmap]: rtabmap (1454): Rate=1.00s, Limit=0.000s, Conversion=0.0105s, RTAB-Map=0.1341s, Maps update=0.0010s pub=0.0092s delay=0.3317s (local map=136, WM=136)
[INFO] [1771075450.433915503] [rtabmap]: rtabmap (1455): Rate=1.00s, Limit=0.000s, Conversion=0.0005s, RTAB-Map=0.1403s, Maps update=0.0026s pub=0.0130s delay=0.3204s (local map=137, WM=137)
[INFO] [1771075451.539033472] [rtabmap]: rtabmap (1456): Rate=1.00s, Limit=0.000s, Conversion=0.0005s, RTAB-Map=0.1333s, Maps update=0.0050s pub=0.0138s delay=0.3257s (local map=138, WM=138)
[INFO] [1771075452.544949564] [rtabmap]: rtabmap (1457): Rate=1.00s, Limit=0.000s, Conversion=0.0004s, RTAB-Map=0.1334s, Maps update=0.0025s pub=0.0159s delay=0.3315s (local map=139, WM=139)
[INFO] [1771075453.534240629] [rtabmap]: rtabmap (1458): Rate=1.00s, Limit=0.000s, Conversion=0.0007s, RTAB-Map=0.1367s, Maps update=0.0010s pub=0.0062s delay=0.3207s (local map=139, WM=139)
[INFO] [1771075454.631792320] [rtabmap]: rtabmap (1459): Rate=1.00s, Limit=0.000s, Conversion=0.0004s, RTAB-Map=0.1410s, Maps update=0.0010s pub=0.0059s delay=0.3183s (local map=139, WM=139)
[INFO] [1771075455.636428495] [rtabmap]: rtabmap (1460): Rate=1.00s, Limit=0.000s, Conversion=0.0008s, RTAB-Map=0.1402s, Maps update=0.0009s pub=0.0079s delay=0.3229s (local map=139, WM=139)
[INFO] [1771075456.638795119] [rtabmap]: rtabmap (1461): Rate=1.00s, Limit=0.000s, Conversion=0.0003s, RTAB-Map=0.1372s, Maps update=0.0012s pub=0.0065s delay=0.3253s (local map=139, WM=139)
[INFO] [1771075457.652898951] [rtabmap]: rtabmap (1462): Rate=1.00s, Limit=0.000s, Conversion=0.0012s, RTAB-Map=0.1364s, Maps update=0.0028s pub=0.0175s delay=0.3393s (local map=140, WM=140)
[INFO] [1771075458.747800533] [rtabmap]: rtabmap (1463): Rate=1.00s, Limit=0.000s, Conversion=0.0005s, RTAB-Map=0.1403s, Maps update=0.0029s pub=0.0187s delay=0.3343s (local map=141, WM=141)
[INFO] [1771075459.846627531] [rtabmap]: rtabmap (1464): Rate=1.00s, Limit=0.000s, Conversion=0.0003s, RTAB-Map=0.1385s, Maps update=0.0031s pub=0.0193s delay=0.3330s (local map=142, WM=142)
[INFO] [1771075460.935378564] [rtabmap]: rtabmap (1465): Rate=1.00s, Limit=0.000s, Conversion=0.0004s, RTAB-Map=0.1371s, Maps update=0.0033s pub=0.0142s delay=0.3220s (local map=143, WM=143)
[INFO] [1771075462.029634524] [rtabmap]: rtabmap (1466): Rate=1.00s, Limit=0.000s, Conversion=0.0003s, RTAB-Map=0.1300s, Maps update=0.0025s pub=0.0154s delay=0.3162s (local map=144, WM=144)
[INFO] [1771075463.144213909] [rtabmap]: rtabmap (1467): Rate=1.00s, Limit=0.000s, Conversion=0.0003s, RTAB-Map=0.1352s, Maps update=0.0028s pub=0.0154s delay=0.3318s (local map=145, WM=145)
[INFO] [1771075464.145196902] [rtabmap]: rtabmap (1468): Rate=1.00s, Limit=0.000s, Conversion=0.0004s, RTAB-Map=0.1429s, Maps update=0.0026s pub=0.0146s delay=0.3318s (local map=146, WM=146)
[INFO] [1771075465.147616423] [rtabmap]: rtabmap (1469): Rate=1.00s, Limit=0.000s, Conversion=0.0006s, RTAB-Map=0.1412s, Maps update=0.0027s pub=0.0166s delay=0.3340s (local map=147, WM=147)
[INFO] [1771075466.170140868] [rtabmap]: rtabmap (1470): Rate=1.00s, Limit=0.000s, Conversion=0.0009s, RTAB-Map=0.1621s, Maps update=0.0031s pub=0.0144s delay=0.3565s (local map=148, WM=148)
[INFO] [1771075467.246988159] [rtabmap]: rtabmap (1471): Rate=1.00s, Limit=0.000s, Conversion=0.0003s, RTAB-Map=0.1431s, Maps update=0.0030s pub=0.0165s delay=0.3345s (local map=149, WM=149)
[INFO] [1771075468.240386632] [rtabmap]: rtabmap (1472): Rate=1.00s, Limit=0.000s, Conversion=0.0024s, RTAB-Map=0.1383s, Maps update=0.0030s pub=0.0154s delay=0.3268s (local map=150, WM=150)
[INFO] [1771075469.253087247] [rtabmap]: rtabmap (1473): Rate=1.00s, Limit=0.000s, Conversion=0.0003s, RTAB-Map=0.1415s, Maps update=0.0026s pub=0.0153s delay=0.3395s (local map=151, WM=151)
[INFO] [1771075470.252463783] [rtabmap]: rtabmap (1474): Rate=1.00s, Limit=0.000s, Conversion=0.0105s, RTAB-Map=0.1344s, Maps update=0.0017s pub=0.0148s delay=0.3389s (local map=152, WM=152)
[INFO] [1771075471.344159622] [rtabmap]: rtabmap (1475): Rate=1.00s, Limit=0.000s, Conversion=0.0003s, RTAB-Map=0.1316s, Maps update=0.0027s pub=0.0157s delay=0.3317s (local map=153, WM=153)
[INFO] [1771075472.364341201] [rtabmap]: rtabmap (1476): Rate=1.00s, Limit=0.000s, Conversion=0.0005s, RTAB-Map=0.1551s, Maps update=0.0033s pub=0.0138s delay=0.3508s (local map=154, WM=154)
[INFO] [1771075473.454769443] [rtabmap]: rtabmap (1477): Rate=1.00s, Limit=0.000s, Conversion=0.0005s, RTAB-Map=0.1412s, Maps update=0.0035s pub=0.0177s delay=0.3411s (local map=155, WM=155)
[INFO] [1771075474.550306440] [rtabmap]: rtabmap (1478): Rate=1.00s, Limit=0.000s, Conversion=0.0004s, RTAB-Map=0.1409s, Maps update=0.0011s pub=0.0111s delay=0.3368s (local map=155, WM=155)
[INFO] [1771075475.643541852] [rtabmap]: rtabmap (1479): Rate=1.00s, Limit=0.000s, Conversion=0.0005s, RTAB-Map=0.1436s, Maps update=0.0012s pub=0.0095s delay=0.3297s (local map=155, WM=155)
[INFO] [1771075476.731557019] [rtabmap]: rtabmap (1480): Rate=1.00s, Limit=0.000s, Conversion=0.0008s, RTAB-Map=0.1344s, Maps update=0.0010s pub=0.0054s delay=0.3181s (local map=155, WM=155)
[INFO] [1771075477.834852781] [rtabmap]: rtabmap (1481): Rate=1.00s, Limit=0.000s, Conversion=0.0005s, RTAB-Map=0.1449s, Maps update=0.0010s pub=0.0057s delay=0.3212s (local map=155, WM=155)
[INFO] [1771075478.849379475] [rtabmap]: rtabmap (1482): Rate=1.00s, Limit=0.000s, Conversion=0.0005s, RTAB-Map=0.1430s, Maps update=0.0027s pub=0.0157s delay=0.3356s (local map=156, WM=156)
[INFO] [1771075479.943371170] [rtabmap]: rtabmap (1483): Rate=1.00s, Limit=0.000s, Conversion=0.0004s, RTAB-Map=0.1432s, Maps update=0.0033s pub=0.0158s delay=0.3311s (local map=157, WM=157)
[INFO] [1771075480.937882481] [rtabmap]: rtabmap (1484): Rate=1.00s, Limit=0.000s, Conversion=0.0003s, RTAB-Map=0.1353s, Maps update=0.0011s pub=0.0070s delay=0.3243s (local map=157, WM=157)
[INFO] [1771075482.052860089] [rtabmap]: rtabmap (1485): Rate=1.00s, Limit=0.000s, Conversion=0.0004s, RTAB-Map=0.1410s, Maps update=0.0033s pub=0.0183s delay=0.3404s (local map=158, WM=158)
[INFO] [1771075483.045827922] [rtabmap]: rtabmap (1486): Rate=1.00s, Limit=0.000s, Conversion=0.0005s, RTAB-Map=0.1397s, Maps update=0.0032s pub=0.0152s delay=0.3322s (local map=159, WM=159)
[INFO] [1771075484.072284311] [rtabmap]: rtabmap (1487): Rate=1.00s, Limit=0.000s, Conversion=0.0003s, RTAB-Map=0.1643s, Maps update=0.0030s pub=0.0160s delay=0.3586s (local map=160, WM=160)
[INFO] [1771075485.142342503] [rtabmap]: rtabmap (1488): Rate=1.00s, Limit=0.000s, Conversion=0.0003s, RTAB-Map=0.1431s, Maps update=0.0017s pub=0.0165s delay=0.3288s (local map=161, WM=161)
[INFO] [1771075486.247369653] [rtabmap]: rtabmap (1489): Rate=1.00s, Limit=0.000s, Conversion=0.0008s, RTAB-Map=0.1473s, Maps update=0.0029s pub=0.0186s delay=0.3338s (local map=162, WM=162)
[INFO] [1771075487.365320899] [rtabmap]: rtabmap (1490): Rate=1.00s, Limit=0.000s, Conversion=0.0107s, RTAB-Map=0.1529s, Maps update=0.0031s pub=0.0186s delay=0.3529s (local map=163, WM=163)
[INFO] [1771075488.361649202] [rtabmap]: rtabmap (1491): Rate=1.00s, Limit=0.000s, Conversion=0.0004s, RTAB-Map=0.1558s, Maps update=0.0028s pub=0.0172s delay=0.3480s (local map=164, WM=164)
[INFO] [1771075489.430500842] [rtabmap]: rtabmap (1492): Rate=1.00s, Limit=0.000s, Conversion=0.0004s, RTAB-Map=0.1455s, Maps update=0.0011s pub=0.0061s delay=0.3180s (local map=164, WM=164)
[INFO] [1771075490.539008553] [rtabmap]: rtabmap (1493): Rate=1.00s, Limit=0.000s, Conversion=0.0003s, RTAB-Map=0.1366s, Maps update=0.0013s pub=0.0078s delay=0.3263s (local map=164, WM=164)
[INFO] [1771075491.540033980] [rtabmap]: rtabmap (1494): Rate=1.00s, Limit=0.000s, Conversion=0.0005s, RTAB-Map=0.1405s, Maps update=0.0033s pub=0.0175s delay=0.3264s (local map=165, WM=165)
[INFO] [1771075492.644164067] [rtabmap]: rtabmap (1495): Rate=1.00s, Limit=0.000s, Conversion=0.0007s, RTAB-Map=0.1413s, Maps update=0.0029s pub=0.0158s delay=0.3305s (local map=166, WM=166)
[INFO] [1771075493.628469747] [rtabmap]: rtabmap (1496): Rate=1.00s, Limit=0.000s, Conversion=0.0004s, RTAB-Map=0.1412s, Maps update=0.0011s pub=0.0066s delay=0.3147s (local map=166, WM=166)
[INFO] [1771075494.750502246] [rtabmap]: rtabmap (1497): Rate=1.00s, Limit=0.000s, Conversion=0.0003s, RTAB-Map=0.1452s, Maps update=0.0012s pub=0.0090s delay=0.3368s (local map=166, WM=166)
[INFO] [1771075495.842867030] [rtabmap]: rtabmap (1498): Rate=1.00s, Limit=0.000s, Conversion=0.0008s, RTAB-Map=0.1444s, Maps update=0.0012s pub=0.0083s delay=0.3304s (local map=166, WM=166)
[INFO] [1771075496.953076143] [rtabmap]: rtabmap (1499): Rate=1.00s, Limit=0.000s, Conversion=0.0003s, RTAB-Map=0.1520s, Maps update=0.0012s pub=0.0071s delay=0.3395s (local map=166, WM=166)
[INFO] [1771075498.029241933] [rtabmap]: rtabmap (1500): Rate=1.00s, Limit=0.000s, Conversion=0.0004s, RTAB-Map=0.1366s, Maps update=0.0011s pub=0.0064s delay=0.3154s (local map=166, WM=166)
[INFO] [1771075499.130952385] [rtabmap]: rtabmap (1501): Rate=1.00s, Limit=0.000s, Conversion=0.0003s, RTAB-Map=0.1372s, Maps update=0.0011s pub=0.0070s delay=0.3184s (local map=166, WM=166)
[INFO] [1771075500.142409245] [rtabmap]: rtabmap (1502): Rate=1.00s, Limit=0.000s, Conversion=0.0004s, RTAB-Map=0.1450s, Maps update=0.0011s pub=0.0101s delay=0.3296s (local map=166, WM=166)
[INFO] [1771075501.140753812] [rtabmap]: rtabmap (1503): Rate=1.00s, Limit=0.000s, Conversion=0.0003s, RTAB-Map=0.1381s, Maps update=0.0014s pub=0.0078s delay=0.3271s (local map=166, WM=166)
[INFO] [1771075502.231943355] [rtabmap]: rtabmap (1504): Rate=1.00s, Limit=0.000s, Conversion=0.0005s, RTAB-Map=0.1439s, Maps update=0.0011s pub=0.0070s delay=0.3192s (local map=166, WM=166)
[INFO] [1771075503.337877888] [rtabmap]: rtabmap (1505): Rate=1.00s, Limit=0.000s, Conversion=0.0003s, RTAB-Map=0.1447s, Maps update=0.0014s pub=0.0089s delay=0.3253s (local map=166, WM=166)
[INFO] [1771075504.427955040] [rtabmap]: rtabmap (1506): Rate=1.00s, Limit=0.000s, Conversion=0.0003s, RTAB-Map=0.1337s, Maps update=0.0012s pub=0.0073s delay=0.3158s (local map=166, WM=166)
[INFO] [1771075505.461620894] [rtabmap]: rtabmap (1507): Rate=1.00s, Limit=0.000s, Conversion=0.0016s, RTAB-Map=0.1645s, Maps update=0.0011s pub=0.0077s delay=0.3490s (local map=166, WM=166)
[INFO] [1771075506.430363795] [rtabmap]: rtabmap (1508): Rate=1.00s, Limit=0.000s, Conversion=0.0003s, RTAB-Map=0.1422s, Maps update=0.0012s pub=0.0067s delay=0.3177s (local map=166, WM=166)
[INFO] [1771075507.437488282] [rtabmap]: rtabmap (1509): Rate=1.00s, Limit=0.000s, Conversion=0.0004s, RTAB-Map=0.1435s, Maps update=0.0011s pub=0.0077s delay=0.3237s (local map=166, WM=166)
[INFO] [1771075508.544218811] [rtabmap]: rtabmap (1510): Rate=1.00s, Limit=0.000s, Conversion=0.0006s, RTAB-Map=0.1462s, Maps update=0.0021s pub=0.0092s delay=0.3315s (local map=166, WM=166)
[INFO] [1771075509.643141998] [rtabmap]: rtabmap (1511): Rate=1.00s, Limit=0.000s, Conversion=0.0005s, RTAB-Map=0.1395s, Maps update=0.0011s pub=0.0067s delay=0.3306s (local map=166, WM=166)
[INFO] [1771075510.731161287] [rtabmap]: rtabmap (1512): Rate=1.00s, Limit=0.000s, Conversion=0.0004s, RTAB-Map=0.1377s, Maps update=0.0011s pub=0.0064s delay=0.3189s (local map=166, WM=166)
[INFO] [1771075511.734937817] [rtabmap]: rtabmap (1513): Rate=1.00s, Limit=0.000s, Conversion=0.0004s, RTAB-Map=0.1460s, Maps update=0.0011s pub=0.0056s delay=0.3227s (local map=166, WM=166)
[INFO] [1771075512.828338253] [rtabmap]: rtabmap (1514): Rate=1.00s, Limit=0.000s, Conversion=0.0003s, RTAB-Map=0.1365s, Maps update=0.0011s pub=0.0070s delay=0.3161s (local map=166, WM=166)
[INFO] [1771075513.933996009] [rtabmap]: rtabmap (1515): Rate=1.00s, Limit=0.000s, Conversion=0.0004s, RTAB-Map=0.1434s, Maps update=0.0011s pub=0.0060s delay=0.3215s (local map=166, WM=166)
[INFO] [1771075515.032247812] [rtabmap]: rtabmap (1516): Rate=1.00s, Limit=0.000s, Conversion=0.0004s, RTAB-Map=0.1466s, Maps update=0.0011s pub=0.0066s delay=0.3200s (local map=166, WM=166)
[INFO] [1771075516.026928860] [rtabmap]: rtabmap (1517): Rate=1.00s, Limit=0.000s, Conversion=0.0003s, RTAB-Map=0.1427s, Maps update=0.0011s pub=0.0066s delay=0.3147s (local map=166, WM=166)
[INFO] [1771075517.130590322] [rtabmap]: rtabmap (1518): Rate=1.00s, Limit=0.000s, Conversion=0.0004s, RTAB-Map=0.1387s, Maps update=0.0011s pub=0.0052s delay=0.3183s (local map=166, WM=166)
[INFO] [1771075518.138750077] [rtabmap]: rtabmap (1519): Rate=1.00s, Limit=0.000s, Conversion=0.0003s, RTAB-Map=0.1466s, Maps update=0.0011s pub=0.0064s delay=0.3262s (local map=166, WM=166)
[INFO] [1771075519.235917843] [rtabmap]: rtabmap (1520): Rate=1.00s, Limit=0.000s, Conversion=0.0004s, RTAB-Map=0.1373s, Maps update=0.0011s pub=0.0071s delay=0.3238s (local map=166, WM=166)
[INFO] [1771075520.233419468] [rtabmap]: rtabmap (1521): Rate=1.00s, Limit=0.000s, Conversion=0.0003s, RTAB-Map=0.1445s, Maps update=0.0011s pub=0.0060s delay=0.3210s (local map=166, WM=166)
[INFO] [1771075521.231361621] [rtabmap]: rtabmap (1522): Rate=1.00s, Limit=0.000s, Conversion=0.0004s, RTAB-Map=0.1424s, Maps update=0.0012s pub=0.0055s delay=0.3187s (local map=166, WM=166)
[INFO] [1771075522.342671220] [rtabmap]: rtabmap (1523): Rate=1.00s, Limit=0.000s, Conversion=0.0006s, RTAB-Map=0.1495s, Maps update=0.0021s pub=0.0083s delay=0.3300s (local map=166, WM=166)
[INFO] [1771075523.337334763] [rtabmap]: rtabmap (1524): Rate=1.00s, Limit=0.000s, Conversion=0.0004s, RTAB-Map=0.1472s, Maps update=0.0011s pub=0.0074s delay=0.3246s (local map=166, WM=166)
[INFO] [1771075524.443433494] [rtabmap]: rtabmap (1525): Rate=1.00s, Limit=0.000s, Conversion=0.0016s, RTAB-Map=0.1483s, Maps update=0.0015s pub=0.0085s delay=0.3312s (local map=166, WM=166)
[INFO] [1771075525.454252413] [rtabmap]: rtabmap (1526): Rate=1.00s, Limit=0.000s, Conversion=0.0005s, RTAB-Map=0.1539s, Maps update=0.0013s pub=0.0066s delay=0.3419s (local map=166, WM=166)
[INFO] [1771075526.530578881] [rtabmap]: rtabmap (1527): Rate=1.00s, Limit=0.000s, Conversion=0.0005s, RTAB-Map=0.1408s, Maps update=0.0011s pub=0.0064s delay=0.3184s (local map=166, WM=166)
[INFO] [1771075527.529189121] [rtabmap]: rtabmap (1528): Rate=1.00s, Limit=0.000s, Conversion=0.0003s, RTAB-Map=0.1446s, Maps update=0.0012s pub=0.0070s delay=0.3168s (local map=166, WM=166)
[INFO] [1771075528.536893339] [rtabmap]: rtabmap (1529): Rate=1.00s, Limit=0.000s, Conversion=0.0005s, RTAB-Map=0.1414s, Maps update=0.0011s pub=0.0077s delay=0.3241s (local map=166, WM=166)
[INFO] [1771075529.637905366] [rtabmap]: rtabmap (1530): Rate=1.00s, Limit=0.000s, Conversion=0.0106s, RTAB-Map=0.1372s, Maps update=0.0011s pub=0.0072s delay=0.3257s (local map=166, WM=166)
[INFO] [1771075530.641092597] [rtabmap]: rtabmap (1531): Rate=1.00s, Limit=0.000s, Conversion=0.0006s, RTAB-Map=0.1437s, Maps update=0.0011s pub=0.0065s delay=0.3288s (local map=166, WM=166)
[INFO] [1771075531.640026848] [rtabmap]: rtabmap (1532): Rate=1.00s, Limit=0.000s, Conversion=0.0004s, RTAB-Map=0.1383s, Maps update=0.0011s pub=0.0063s delay=0.3277s (local map=166, WM=166)
[INFO] [1771075532.654366720] [rtabmap]: rtabmap (1533): Rate=1.00s, Limit=0.000s, Conversion=0.0108s, RTAB-Map=0.1450s, Maps update=0.0011s pub=0.0074s delay=0.3420s (local map=166, WM=166)
[INFO] [1771075533.732274555] [rtabmap]: rtabmap (1534): Rate=1.00s, Limit=0.000s, Conversion=0.0004s, RTAB-Map=0.1418s, Maps update=0.0013s pub=0.0066s delay=0.3200s (local map=166, WM=166)
[INFO] [1771075534.853957602] [rtabmap]: rtabmap (1535): Rate=1.00s, Limit=0.000s, Conversion=0.0005s, RTAB-Map=0.1521s, Maps update=0.0012s pub=0.0071s delay=0.3417s (local map=166, WM=166)
[INFO] [1771075535.947445656] [rtabmap]: rtabmap (1536): Rate=1.00s, Limit=0.000s, Conversion=0.0004s, RTAB-Map=0.1478s, Maps update=0.0013s pub=0.0107s delay=0.3353s (local map=166, WM=166)
[INFO] [1771075537.055840787] [rtabmap]: rtabmap (1537): Rate=1.00s, Limit=0.000s, Conversion=0.0003s, RTAB-Map=0.1589s, Maps update=0.0011s pub=0.0088s delay=0.3436s (local map=166, WM=166)
[INFO] [1771075538.134758640] [rtabmap]: rtabmap (1538): Rate=1.00s, Limit=0.000s, Conversion=0.0003s, RTAB-Map=0.1358s, Maps update=0.0011s pub=0.0066s delay=0.3226s (local map=166, WM=166)
[INFO] [1771075539.132791196] [rtabmap]: rtabmap (1539): Rate=1.00s, Limit=0.000s, Conversion=0.0006s, RTAB-Map=0.1453s, Maps update=0.0011s pub=0.0068s delay=0.3205s (local map=166, WM=166)
[INFO] [1771075540.140878980] [rtabmap]: rtabmap (1540): Rate=1.00s, Limit=0.000s, Conversion=0.0005s, RTAB-Map=0.1436s, Maps update=0.0011s pub=0.0080s delay=0.3285s (local map=166, WM=166)
[INFO] [1771075541.233035116] [rtabmap]: rtabmap (1541): Rate=1.00s, Limit=0.000s, Conversion=0.0004s, RTAB-Map=0.1397s, Maps update=0.0011s pub=0.0056s delay=0.3209s (local map=166, WM=166)
[INFO] [1771075542.231143195] [rtabmap]: rtabmap (1542): Rate=1.00s, Limit=0.000s, Conversion=0.0006s, RTAB-Map=0.1441s, Maps update=0.0012s pub=0.0066s delay=0.3188s (local map=166, WM=166)
[INFO] [1771075543.331925358] [rtabmap]: rtabmap (1543): Rate=1.00s, Limit=0.000s, Conversion=0.0005s, RTAB-Map=0.1442s, Maps update=0.0011s pub=0.0058s delay=0.3196s (local map=166, WM=166)
[INFO] [1771075544.330825976] [rtabmap]: rtabmap (1544): Rate=1.00s, Limit=0.000s, Conversion=0.0003s, RTAB-Map=0.1358s, Maps update=0.0011s pub=0.0063s delay=0.3185s (local map=166, WM=166)
[INFO] [1771075545.433349895] [rtabmap]: rtabmap (1545): Rate=1.00s, Limit=0.000s, Conversion=0.0005s, RTAB-Map=0.1375s, Maps update=0.0011s pub=0.0067s delay=0.3212s (local map=166, WM=166)
[INFO] [1771075546.527127591] [rtabmap]: rtabmap (1546): Rate=1.00s, Limit=0.000s, Conversion=0.0004s, RTAB-Map=0.1412s, Maps update=0.0015s pub=0.0081s delay=0.3149s (local map=166, WM=166)
[INFO] [1771075547.635159765] [rtabmap]: rtabmap (1547): Rate=1.00s, Limit=0.000s, Conversion=0.0003s, RTAB-Map=0.1384s, Maps update=0.0011s pub=0.0077s delay=0.3229s (local map=166, WM=166)
[INFO] [1771075548.644925240] [rtabmap]: rtabmap (1548): Rate=1.00s, Limit=0.000s, Conversion=0.0004s, RTAB-Map=0.1448s, Maps update=0.0032s pub=0.0164s delay=0.3327s (local map=167, WM=167)
[INFO] [1771075549.644142860] [rtabmap]: rtabmap (1549): Rate=1.00s, Limit=0.000s, Conversion=0.0004s, RTAB-Map=0.1482s, Maps update=0.0030s pub=0.0161s delay=0.3318s (local map=168, WM=168)
[INFO] [1771075550.634797657] [rtabmap]: rtabmap (1550): Rate=1.00s, Limit=0.000s, Conversion=0.0004s, RTAB-Map=0.1382s, Maps update=0.0035s pub=0.0163s delay=0.3223s (local map=169, WM=169)
[INFO] [1771075551.740731070] [rtabmap]: rtabmap (1551): Rate=1.00s, Limit=0.000s, Conversion=0.0004s, RTAB-Map=0.1371s, Maps update=0.0033s pub=0.0165s delay=0.3284s (local map=170, WM=170)
[INFO] [1771075552.734772511] [rtabmap]: rtabmap (1552): Rate=1.00s, Limit=0.000s, Conversion=0.0004s, RTAB-Map=0.1358s, Maps update=0.0034s pub=0.0163s delay=0.3223s (local map=171, WM=171)
[INFO] [1771075553.850781572] [rtabmap]: rtabmap (1553): Rate=1.00s, Limit=0.000s, Conversion=0.0005s, RTAB-Map=0.1453s, Maps update=0.0029s pub=0.0197s delay=0.3387s (local map=172, WM=172)
[INFO] [1771075554.845990750] [rtabmap]: rtabmap (1554): Rate=1.00s, Limit=0.000s, Conversion=0.0008s, RTAB-Map=0.1443s, Maps update=0.0029s pub=0.0174s delay=0.3337s (local map=173, WM=173)
[INFO] [1771075555.927641804] [rtabmap]: rtabmap (1555): Rate=1.00s, Limit=0.000s, Conversion=0.0005s, RTAB-Map=0.1302s, Maps update=0.0033s pub=0.0191s delay=0.3154s (local map=174, WM=174)
[INFO] [1771075557.054094347] [rtabmap]: rtabmap (1556): Rate=1.00s, Limit=0.000s, Conversion=0.0003s, RTAB-Map=0.1479s, Maps update=0.0032s pub=0.0234s delay=0.3419s (local map=175, WM=175)
[INFO] [1771075558.047792560] [rtabmap]: rtabmap (1557): Rate=1.00s, Limit=0.000s, Conversion=0.0003s, RTAB-Map=0.1455s, Maps update=0.0029s pub=0.0167s delay=0.3355s (local map=176, WM=176)
[INFO] [1771075559.143836017] [rtabmap]: rtabmap (1558): Rate=1.00s, Limit=0.000s, Conversion=0.0005s, RTAB-Map=0.1465s, Maps update=0.0033s pub=0.0161s delay=0.3316s (local map=177, WM=177)
[INFO] [1771075560.251793839] [rtabmap]: rtabmap (1559): Rate=1.00s, Limit=0.000s, Conversion=0.0003s, RTAB-Map=0.1476s, Maps update=0.0031s pub=0.0196s delay=0.3388s (local map=178, WM=178)
[INFO] [1771075561.339428044] [rtabmap]: rtabmap (1560): Rate=1.00s, Limit=0.000s, Conversion=0.0004s, RTAB-Map=0.1384s, Maps update=0.0032s pub=0.0161s delay=0.3272s (local map=179, WM=179)
[INFO] [1771075562.346996658] [rtabmap]: rtabmap (1561): Rate=1.00s, Limit=0.000s, Conversion=0.0005s, RTAB-Map=0.1490s, Maps update=0.0031s pub=0.0188s delay=0.3347s (local map=180, WM=180)
[INFO] [1771075563.344606048] [rtabmap]: rtabmap (1562): Rate=1.00s, Limit=0.000s, Conversion=0.0004s, RTAB-Map=0.1410s, Maps update=0.0020s pub=0.0184s delay=0.3323s (local map=181, WM=181)
[INFO] [1771075564.455444545] [rtabmap]: rtabmap (1563): Rate=1.00s, Limit=0.000s, Conversion=0.0003s, RTAB-Map=0.1543s, Maps update=0.0031s pub=0.0170s delay=0.3431s (local map=182, WM=182)
[INFO] [1771075565.551540164] [rtabmap]: rtabmap (1564): Rate=1.00s, Limit=0.000s, Conversion=0.0013s, RTAB-Map=0.1484s, Maps update=0.0033s pub=0.0169s delay=0.3392s (local map=183, WM=183)
[INFO] [1771075566.589503335] [rtabmap]: rtabmap (1565): Rate=1.00s, Limit=0.000s, Conversion=0.0005s, RTAB-Map=0.1881s, Maps update=0.0035s pub=0.0155s delay=0.3771s (local map=184, WM=184)
[INFO] [1771075567.654829663] [rtabmap]: rtabmap (1566): Rate=1.00s, Limit=0.000s, Conversion=0.0007s, RTAB-Map=0.1557s, Maps update=0.0036s pub=0.0172s delay=0.3425s (local map=185, WM=185)
[INFO] [1771075568.654053445] [rtabmap]: rtabmap (1567): Rate=1.00s, Limit=0.000s, Conversion=0.0006s, RTAB-Map=0.1483s, Maps update=0.0036s pub=0.0170s delay=0.3417s (local map=186, WM=186)
[INFO] [1771075569.789343574] [rtabmap]: rtabmap (1568): Rate=1.00s, Limit=0.000s, Conversion=0.0005s, RTAB-Map=0.1770s, Maps update=0.0020s pub=0.0173s delay=0.3771s (local map=187, WM=187)
[INFO] [1771075570.805516230] [rtabmap]: rtabmap (1569): Rate=1.00s, Limit=0.000s, Conversion=0.0004s, RTAB-Map=0.1905s, Maps update=0.0041s pub=0.0164s delay=0.3932s (local map=188, WM=188)
[INFO] [1771075571.746873270] [rtabmap]: rtabmap (1570): Rate=1.00s, Limit=0.000s, Conversion=0.0007s, RTAB-Map=0.1473s, Maps update=0.0032s pub=0.0175s delay=0.3345s (local map=189, WM=189)
[INFO] [1771075572.768090613] [rtabmap]: rtabmap (1571): Rate=1.00s, Limit=0.000s, Conversion=0.0004s, RTAB-Map=0.1636s, Maps update=0.0042s pub=0.0174s delay=0.3557s (local map=190, WM=190)
[INFO] [1771075573.877240732] [rtabmap]: rtabmap (1572): Rate=1.00s, Limit=0.000s, Conversion=0.0105s, RTAB-Map=0.1547s, Maps update=0.0032s pub=0.0173s delay=0.3648s (local map=191, WM=191)
[INFO] [1771075574.873235122] [rtabmap]: rtabmap (1573): Rate=1.00s, Limit=0.000s, Conversion=0.0008s, RTAB-Map=0.1654s, Maps update=0.0046s pub=0.0186s delay=0.3608s (local map=192, WM=192)
[INFO] [1771075575.949923764] [rtabmap]: rtabmap (1574): Rate=1.00s, Limit=0.000s, Conversion=0.0005s, RTAB-Map=0.1376s, Maps update=0.0031s pub=0.0208s delay=0.3376s (local map=193, WM=193)
[INFO] [1771075576.946374137] [rtabmap]: rtabmap (1575): Rate=1.00s, Limit=0.000s, Conversion=0.0003s, RTAB-Map=0.1444s, Maps update=0.0033s pub=0.0196s delay=0.3340s (local map=194, WM=194)
[INFO] [1771075578.051750749] [rtabmap]: rtabmap (1576): Rate=1.00s, Limit=0.000s, Conversion=0.0003s, RTAB-Map=0.1463s, Maps update=0.0028s pub=0.0185s delay=0.3393s (local map=195, WM=195)
[INFO] [1771075579.152122292] [rtabmap]: rtabmap (1577): Rate=1.00s, Limit=0.000s, Conversion=0.0003s, RTAB-Map=0.1372s, Maps update=0.0030s pub=0.0192s delay=0.3397s (local map=196, WM=196)
[INFO] [1771075580.259462204] [rtabmap]: rtabmap (1578): Rate=1.00s, Limit=0.000s, Conversion=0.0004s, RTAB-Map=0.1474s, Maps update=0.0019s pub=0.0200s delay=0.3471s (local map=197, WM=197)
[INFO] [1771075581.279394191] [rtabmap]: rtabmap (1579): Rate=1.00s, Limit=0.000s, Conversion=0.0003s, RTAB-Map=0.1554s, Maps update=0.0041s pub=0.0227s delay=0.3670s (local map=198, WM=198)
[INFO] [1771075582.245129707] [rtabmap]: rtabmap (1580): Rate=1.00s, Limit=0.000s, Conversion=0.0005s, RTAB-Map=0.1373s, Maps update=0.0029s pub=0.0181s delay=0.3326s (local map=199, WM=199)
[INFO] [1771075583.354669056] [rtabmap]: rtabmap (1581): Rate=1.00s, Limit=0.000s, Conversion=0.0004s, RTAB-Map=0.1403s, Maps update=0.0026s pub=0.0213s delay=0.3422s (local map=200, WM=200)
[INFO] [1771075584.461334800] [rtabmap]: rtabmap (1582): Rate=1.00s, Limit=0.000s, Conversion=0.0003s, RTAB-Map=0.1468s, Maps update=0.0051s pub=0.0188s delay=0.3489s (local map=201, WM=201)
[INFO] [1771075585.457300101] [rtabmap]: rtabmap (1583): Rate=1.00s, Limit=0.000s, Conversion=0.0003s, RTAB-Map=0.1396s, Maps update=0.0030s pub=0.0225s delay=0.3448s (local map=202, WM=202)
[INFO] [1771075586.463212018] [rtabmap]: rtabmap (1584): Rate=1.00s, Limit=0.000s, Conversion=0.0107s, RTAB-Map=0.1385s, Maps update=0.0038s pub=0.0208s delay=0.3507s (local map=203, WM=203)
[INFO] [1771075587.553446729] [rtabmap]: rtabmap (1585): Rate=1.00s, Limit=0.000s, Conversion=0.0004s, RTAB-Map=0.1389s, Maps update=0.0035s pub=0.0208s delay=0.3410s (local map=204, WM=204)
[INFO] [1771075588.657566402] [rtabmap]: rtabmap (1586): Rate=1.00s, Limit=0.000s, Conversion=0.0004s, RTAB-Map=0.1458s, Maps update=0.0033s pub=0.0207s delay=0.3452s (local map=205, WM=205)
[INFO] [1771075589.650489517] [rtabmap]: rtabmap (1587): Rate=1.00s, Limit=0.000s, Conversion=0.0004s, RTAB-Map=0.1373s, Maps update=0.0028s pub=0.0207s delay=0.3379s (local map=206, WM=206)
[INFO] [1771075590.748892671] [rtabmap]: rtabmap (1588): Rate=1.00s, Limit=0.000s, Conversion=0.0005s, RTAB-Map=0.1402s, Maps update=0.0035s pub=0.0208s delay=0.3364s (local map=207, WM=207)
[INFO] [1771075591.749306414] [rtabmap]: rtabmap (1589): Rate=1.00s, Limit=0.000s, Conversion=0.0003s, RTAB-Map=0.1420s, Maps update=0.0036s pub=0.0198s delay=0.3367s (local map=208, WM=208)
[INFO] [1771075592.859944168] [rtabmap]: rtabmap (1590): Rate=1.00s, Limit=0.000s, Conversion=0.0005s, RTAB-Map=0.1470s, Maps update=0.0037s pub=0.0249s delay=0.3475s (local map=209, WM=209)
[INFO] [1771075593.857512404] [rtabmap]: rtabmap (1591): Rate=1.00s, Limit=0.000s, Conversion=0.0003s, RTAB-Map=0.1518s, Maps update=0.0039s pub=0.0257s delay=0.3449s (local map=210, WM=210)
[INFO] [1771075594.951778263] [rtabmap]: rtabmap (1592): Rate=1.00s, Limit=0.000s, Conversion=0.0004s, RTAB-Map=0.1476s, Maps update=0.0036s pub=0.0213s delay=0.3393s (local map=211, WM=211)
[INFO] [1771075595.963232004] [rtabmap]: rtabmap (1593): Rate=1.00s, Limit=0.000s, Conversion=0.0005s, RTAB-Map=0.1511s, Maps update=0.0037s pub=0.0255s delay=0.3507s (local map=212, WM=212)
[INFO] [1771075597.061607862] [rtabmap]: rtabmap (1594): Rate=1.00s, Limit=0.000s, Conversion=0.0003s, RTAB-Map=0.1499s, Maps update=0.0035s pub=0.0224s delay=0.3491s (local map=213, WM=213)
[INFO] [1771075598.054071409] [rtabmap]: rtabmap (1595): Rate=1.00s, Limit=0.000s, Conversion=0.0008s, RTAB-Map=0.1473s, Maps update=0.0035s pub=0.0216s delay=0.3415s (local map=214, WM=214)
[INFO] [1771075599.157878302] [rtabmap]: rtabmap (1596): Rate=1.00s, Limit=0.000s, Conversion=0.0006s, RTAB-Map=0.1462s, Maps update=0.0031s pub=0.0222s delay=0.3454s (local map=215, WM=215)
[INFO] [1771075600.175415870] [rtabmap]: rtabmap (1597): Rate=1.00s, Limit=0.000s, Conversion=0.0004s, RTAB-Map=0.1612s, Maps update=0.0036s pub=0.0221s delay=0.3628s (local map=216, WM=216)
[INFO] [1771075601.265013536] [rtabmap]: rtabmap (1598): Rate=1.00s, Limit=0.000s, Conversion=0.0005s, RTAB-Map=0.1529s, Maps update=0.0036s pub=0.0238s delay=0.3524s (local map=217, WM=217)
[INFO] [1771075602.353883176] [rtabmap]: rtabmap (1599): Rate=1.00s, Limit=0.000s, Conversion=0.0004s, RTAB-Map=0.1470s, Maps update=0.0032s pub=0.0218s delay=0.3412s (local map=218, WM=218)
[INFO] [1771075603.457707574] [rtabmap]: rtabmap (1600): Rate=1.00s, Limit=0.000s, Conversion=0.0004s, RTAB-Map=0.1552s, Maps update=0.0033s pub=0.0209s delay=0.3450s (local map=219, WM=219)
[INFO] [1771075604.557840228] [rtabmap]: rtabmap (1601): Rate=1.00s, Limit=0.000s, Conversion=0.0003s, RTAB-Map=0.1499s, Maps update=0.0031s pub=0.0246s delay=0.3453s (local map=220, WM=220)
[INFO] [1771075605.573320637] [rtabmap]: rtabmap (1602): Rate=1.00s, Limit=0.000s, Conversion=0.0008s, RTAB-Map=0.1511s, Maps update=0.0050s pub=0.0220s delay=0.3607s (local map=221, WM=221)
[INFO] [1771075606.553365225] [rtabmap]: rtabmap (1603): Rate=1.00s, Limit=0.000s, Conversion=0.0003s, RTAB-Map=0.1478s, Maps update=0.0032s pub=0.0225s delay=0.3408s (local map=222, WM=222)
[INFO] [1771075607.550390467] [rtabmap]: rtabmap (1604): Rate=1.00s, Limit=0.000s, Conversion=0.0006s, RTAB-Map=0.1396s, Maps update=0.0035s pub=0.0225s delay=0.3377s (local map=223, WM=223)
[INFO] [1771075608.652084967] [rtabmap]: rtabmap (1605): Rate=1.00s, Limit=0.000s, Conversion=0.0004s, RTAB-Map=0.1380s, Maps update=0.0032s pub=0.0262s delay=0.3395s (local map=224, WM=224)
[INFO] [1771075609.651649048] [rtabmap]: rtabmap (1606): Rate=1.00s, Limit=0.000s, Conversion=0.0005s, RTAB-Map=0.1492s, Maps update=0.0032s pub=0.0241s delay=0.3390s (local map=225, WM=225)
[INFO] [1771075610.752075889] [rtabmap]: rtabmap (1607): Rate=1.00s, Limit=0.000s, Conversion=0.0005s, RTAB-Map=0.1454s, Maps update=0.0034s pub=0.0253s delay=0.3395s (local map=226, WM=226)
[INFO] [1771075611.841472107] [rtabmap]: rtabmap (1608): Rate=1.00s, Limit=0.000s, Conversion=0.0004s, RTAB-Map=0.1425s, Maps update=0.0034s pub=0.0254s delay=0.3287s (local map=227, WM=227)
[INFO] [1771075612.942601404] [rtabmap]: rtabmap (1609): Rate=1.00s, Limit=0.000s, Conversion=0.0006s, RTAB-Map=0.1417s, Maps update=0.0037s pub=0.0239s delay=0.3300s (local map=228, WM=228)
[INFO] [1771075613.949374887] [rtabmap]: rtabmap (1610): Rate=1.00s, Limit=0.000s, Conversion=0.0004s, RTAB-Map=0.1459s, Maps update=0.0033s pub=0.0219s delay=0.3366s (local map=229, WM=229)
[INFO] [1771075615.037331855] [rtabmap]: rtabmap (1611): Rate=1.00s, Limit=0.000s, Conversion=0.0004s, RTAB-Map=0.1420s, Maps update=0.0033s pub=0.0231s delay=0.3247s (local map=230, WM=230)
[INFO] [1771075616.054573477] [rtabmap]: rtabmap (1612): Rate=1.00s, Limit=0.000s, Conversion=0.0005s, RTAB-Map=0.1443s, Maps update=0.0033s pub=0.0278s delay=0.3419s (local map=231, WM=231)
[INFO] [1771075617.049240524] [rtabmap]: rtabmap (1613): Rate=1.00s, Limit=0.000s, Conversion=0.0004s, RTAB-Map=0.1411s, Maps update=0.0047s pub=0.0252s delay=0.3365s (local map=232, WM=232)
[INFO] [1771075618.035225479] [rtabmap]: rtabmap (1614): Rate=1.00s, Limit=0.000s, Conversion=0.0003s, RTAB-Map=0.1292s, Maps update=0.0032s pub=0.0251s delay=0.3225s (local map=233, WM=233)
[INFO] [1771075619.143293154] [rtabmap]: rtabmap (1615): Rate=1.00s, Limit=0.000s, Conversion=0.0003s, RTAB-Map=0.1375s, Maps update=0.0042s pub=0.0230s delay=0.3307s (local map=234, WM=234)
[INFO] [1771075620.136690370] [rtabmap]: rtabmap (1616): Rate=1.00s, Limit=0.000s, Conversion=0.0004s, RTAB-Map=0.1292s, Maps update=0.0031s pub=0.0268s delay=0.3240s (local map=235, WM=235)
[INFO] [1771075621.243323462] [rtabmap]: rtabmap (1617): Rate=1.00s, Limit=0.000s, Conversion=0.0005s, RTAB-Map=0.1412s, Maps update=0.0036s pub=0.0274s delay=0.3307s (local map=236, WM=236)
[INFO] [1771075622.230114398] [rtabmap]: rtabmap (1618): Rate=1.00s, Limit=0.000s, Conversion=0.0007s, RTAB-Map=0.1190s, Maps update=0.0041s pub=0.0299s delay=0.3174s (local map=237, WM=237)
[INFO] [1771075623.349456512] [rtabmap]: rtabmap (1619): Rate=1.00s, Limit=0.000s, Conversion=0.0005s, RTAB-Map=0.1334s, Maps update=0.0043s pub=0.0311s delay=0.3367s (local map=238, WM=238)
[INFO] [1771075624.427226288] [rtabmap]: rtabmap (1620): Rate=1.00s, Limit=0.000s, Conversion=0.0007s, RTAB-Map=0.1229s, Maps update=0.0021s pub=0.0285s delay=0.3145s (local map=239, WM=239)
[INFO] [1771075625.530213076] [rtabmap]: rtabmap (1621): Rate=1.00s, Limit=0.000s, Conversion=0.0005s, RTAB-Map=0.1181s, Maps update=0.0034s pub=0.0265s delay=0.3177s (local map=240, WM=240)
[INFO] [1771075626.540617864] [rtabmap]: rtabmap (1622): Rate=1.00s, Limit=0.000s, Conversion=0.0007s, RTAB-Map=0.1285s, Maps update=0.0037s pub=0.0289s delay=0.3278s (local map=241, WM=241)
[INFO] [1771075627.629093487] [rtabmap]: rtabmap (1623): Rate=1.00s, Limit=0.000s, Conversion=0.0005s, RTAB-Map=0.1258s, Maps update=0.0036s pub=0.0250s delay=0.3163s (local map=242, WM=242)
[INFO] [1771075628.724672336] [rtabmap]: rtabmap (1624): Rate=1.00s, Limit=0.000s, Conversion=0.0004s, RTAB-Map=0.1212s, Maps update=0.0039s pub=0.0272s delay=0.3119s (local map=243, WM=243)
[INFO] [1771075629.811281782] [rtabmap]: rtabmap (1625): Rate=1.00s, Limit=0.000s, Conversion=0.0005s, RTAB-Map=0.1109s, Maps update=0.0032s pub=0.0233s delay=0.2985s (local map=244, WM=244)
[INFO] [1771075630.828405302] [rtabmap]: rtabmap (1626): Rate=1.00s, Limit=0.000s, Conversion=0.0004s, RTAB-Map=0.1198s, Maps update=0.0036s pub=0.0284s delay=0.3156s (local map=245, WM=245)
[INFO] [1771075631.928547830] [rtabmap]: rtabmap (1627): Rate=1.00s, Limit=0.000s, Conversion=0.0004s, RTAB-Map=0.1191s, Maps update=0.0037s pub=0.0297s delay=0.3158s (local map=246, WM=246)
[INFO] [1771075632.926359057] [rtabmap]: rtabmap (1628): Rate=1.00s, Limit=0.000s, Conversion=0.0004s, RTAB-Map=0.1198s, Maps update=0.0031s pub=0.0268s delay=0.3135s (local map=247, WM=247)
[INFO] [1771075633.932509584] [rtabmap]: rtabmap (1629): Rate=1.00s, Limit=0.000s, Conversion=0.0004s, RTAB-Map=0.1302s, Maps update=0.0029s pub=0.0229s delay=0.3196s (local map=248, WM=248)
[INFO] [1771075635.027572318] [rtabmap]: rtabmap (1630): Rate=1.00s, Limit=0.000s, Conversion=0.0005s, RTAB-Map=0.1163s, Maps update=0.0033s pub=0.0246s delay=0.3147s (local map=249, WM=249)
[INFO] [1771075636.023591578] [rtabmap]: rtabmap (1631): Rate=1.00s, Limit=0.000s, Conversion=0.0004s, RTAB-Map=0.1161s, Maps update=0.0040s pub=0.0257s delay=0.3107s (local map=250, WM=250)
[INFO] [1771075637.124500566] [rtabmap]: rtabmap (1632): Rate=1.00s, Limit=0.000s, Conversion=0.0011s, RTAB-Map=0.1154s, Maps update=0.0039s pub=0.0311s delay=0.3117s (local map=251, WM=251)
[INFO] [1771075638.121744060] [rtabmap]: rtabmap (1633): Rate=1.00s, Limit=0.000s, Conversion=0.0004s, RTAB-Map=0.1108s, Maps update=0.0031s pub=0.0270s delay=0.3089s (local map=252, WM=252)
[INFO] [1771075639.119876866] [rtabmap]: rtabmap (1634): Rate=1.00s, Limit=0.000s, Conversion=0.0003s, RTAB-Map=0.1152s, Maps update=0.0032s pub=0.0263s delay=0.3070s (local map=253, WM=253)
[INFO] [1771075640.154196478] [rtabmap]: rtabmap (1635): Rate=1.00s, Limit=0.000s, Conversion=0.0004s, RTAB-Map=0.1364s, Maps update=0.0020s pub=0.0297s delay=0.3412s (local map=254, WM=254)
[INFO] [1771075641.239311311] [rtabmap]: rtabmap (1636): Rate=1.00s, Limit=0.000s, Conversion=0.0004s, RTAB-Map=0.1180s, Maps update=0.0038s pub=0.0250s delay=0.3265s (local map=255, WM=255)
[INFO] [1771075642.228624512] [rtabmap]: rtabmap (1637): Rate=1.00s, Limit=0.000s, Conversion=0.0004s, RTAB-Map=0.1094s, Maps update=0.0037s pub=0.0247s delay=0.3157s (local map=256, WM=256)
[INFO] [1771075643.353574278] [rtabmap]: rtabmap (1638): Rate=1.00s, Limit=0.000s, Conversion=0.0005s, RTAB-Map=0.1253s, Maps update=0.0029s pub=0.0281s delay=0.3406s (local map=257, WM=257)
[INFO] [1771075644.434104407] [rtabmap]: rtabmap (1639): Rate=1.00s, Limit=0.000s, Conversion=0.0004s, RTAB-Map=0.1170s, Maps update=0.0029s pub=0.0234s delay=0.3213s (local map=258, WM=258)
[INFO] [1771075645.477659542] [rtabmap]: rtabmap (1640): Rate=1.00s, Limit=0.000s, Conversion=0.0106s, RTAB-Map=0.1289s, Maps update=0.0042s pub=0.0284s delay=0.3648s (local map=259, WM=259)
[INFO] [1771075646.438463519] [rtabmap]: rtabmap (1641): Rate=1.00s, Limit=0.000s, Conversion=0.0007s, RTAB-Map=0.1134s, Maps update=0.0032s pub=0.0273s delay=0.3256s (local map=260, WM=260)
[INFO] [1771075647.443027398] [rtabmap]: rtabmap (1642): Rate=1.00s, Limit=0.000s, Conversion=0.0005s, RTAB-Map=0.1190s, Maps update=0.0030s pub=0.0245s delay=0.3300s (local map=261, WM=261)
[INFO] [1771075648.536230003] [rtabmap]: rtabmap (1643): Rate=1.00s, Limit=0.000s, Conversion=0.0004s, RTAB-Map=0.1132s, Maps update=0.0034s pub=0.0265s delay=0.3234s (local map=262, WM=262)
[INFO] [1771075649.550392620] [rtabmap]: rtabmap (1644): Rate=1.00s, Limit=0.000s, Conversion=0.0004s, RTAB-Map=0.1280s, Maps update=0.0034s pub=0.0287s delay=0.3375s (local map=263, WM=263)
[INFO] [1771075650.548794011] [rtabmap]: rtabmap (1645): Rate=1.00s, Limit=0.000s, Conversion=0.0012s, RTAB-Map=0.1193s, Maps update=0.0022s pub=0.0292s delay=0.3359s (local map=264, WM=264)
[INFO] [1771075651.644277528] [rtabmap]: rtabmap (1646): Rate=1.00s, Limit=0.000s, Conversion=0.0005s, RTAB-Map=0.1262s, Maps update=0.0031s pub=0.0289s delay=0.3312s (local map=265, WM=265)
[INFO] [1771075652.736843919] [rtabmap]: rtabmap (1647): Rate=1.00s, Limit=0.000s, Conversion=0.0010s, RTAB-Map=0.1147s, Maps update=0.0038s pub=0.0238s delay=0.3238s (local map=266, WM=266)
[INFO] [1771075653.838306526] [rtabmap]: rtabmap (1648): Rate=1.00s, Limit=0.000s, Conversion=0.0006s, RTAB-Map=0.1114s, Maps update=0.0054s pub=0.0392s delay=0.3254s (local map=267, WM=267)
[INFO] [1771075654.929447202] [rtabmap]: rtabmap (1649): Rate=1.00s, Limit=0.000s, Conversion=0.0004s, RTAB-Map=0.1094s, Maps update=0.0033s pub=0.0252s delay=0.3165s (local map=268, WM=268)
[INFO] [1771075656.037892230] [rtabmap]: rtabmap (1650): Rate=1.00s, Limit=0.000s, Conversion=0.0004s, RTAB-Map=0.1128s, Maps update=0.0031s pub=0.0250s delay=0.3250s (local map=269, WM=269)
[INFO] [1771075657.140203315] [rtabmap]: rtabmap (1651): Rate=1.00s, Limit=0.000s, Conversion=0.0005s, RTAB-Map=0.1156s, Maps update=0.0031s pub=0.0264s delay=0.3272s (local map=270, WM=270)
[INFO] [1771075658.237559121] [rtabmap]: rtabmap (1652): Rate=1.00s, Limit=0.000s, Conversion=0.0006s, RTAB-Map=0.1150s, Maps update=0.0033s pub=0.0257s delay=0.3247s (local map=271, WM=271)
[INFO] [1771075659.253009207] [rtabmap]: rtabmap (1653): Rate=1.00s, Limit=0.000s, Conversion=0.0010s, RTAB-Map=0.1173s, Maps update=0.0059s pub=0.0325s delay=0.3400s (local map=272, WM=272)
[INFO] [1771075660.335373672] [rtabmap]: rtabmap (1654): Rate=1.00s, Limit=0.000s, Conversion=0.0004s, RTAB-Map=0.1118s, Maps update=0.0051s pub=0.0334s delay=0.3224s (local map=273, WM=273)
[INFO] [1771075661.346279502] [rtabmap]: rtabmap (1655): Rate=1.00s, Limit=0.000s, Conversion=0.0004s, RTAB-Map=0.1170s, Maps update=0.0037s pub=0.0267s delay=0.3333s (local map=274, WM=274)
[INFO] [1771075662.457150054] [rtabmap]: rtabmap (1656): Rate=1.00s, Limit=0.000s, Conversion=0.0012s, RTAB-Map=0.1225s, Maps update=0.0028s pub=0.0325s delay=0.3441s (local map=275, WM=275)
[INFO] [1771075663.554011380] [rtabmap]: rtabmap (1657): Rate=1.00s, Limit=0.000s, Conversion=0.0006s, RTAB-Map=0.1289s, Maps update=0.0017s pub=0.0186s delay=0.3410s (local map=275, WM=275)
[INFO] [1771075664.662514970] [rtabmap]: rtabmap (1658): Rate=1.00s, Limit=0.000s, Conversion=0.0004s, RTAB-Map=0.1380s, Maps update=0.0047s pub=0.0250s delay=0.3494s (local map=276, WM=276)
[INFO] [1771075665.780763029] [rtabmap]: rtabmap (1659): Rate=1.00s, Limit=0.000s, Conversion=0.0018s, RTAB-Map=0.1457s, Maps update=0.0036s pub=0.0266s delay=0.3677s (local map=277, WM=277)
[INFO] [1771075666.891232576] [rtabmap]: rtabmap (1660): Rate=1.00s, Limit=0.000s, Conversion=0.0005s, RTAB-Map=0.1579s, Maps update=0.0044s pub=0.0343s delay=0.3782s (local map=278, WM=278)
[INFO] [1771075667.864653731] [rtabmap]: rtabmap (1661): Rate=1.00s, Limit=0.000s, Conversion=0.0004s, RTAB-Map=0.1458s, Maps update=0.0041s pub=0.0264s delay=0.3515s (local map=279, WM=279)
[INFO] [1771075668.978774670] [rtabmap]: rtabmap (1662): Rate=1.00s, Limit=0.000s, Conversion=0.0003s, RTAB-Map=0.1511s, Maps update=0.0040s pub=0.0249s delay=0.3657s (local map=280, WM=280)
[INFO] [1771075669.964938576] [rtabmap]: rtabmap (1663): Rate=1.00s, Limit=0.000s, Conversion=0.0004s, RTAB-Map=0.1361s, Maps update=0.0036s pub=0.0271s delay=0.3518s (local map=281, WM=281)
[INFO] [1771075670.980970890] [rtabmap]: rtabmap (1664): Rate=1.00s, Limit=0.000s, Conversion=0.0004s, RTAB-Map=0.1538s, Maps update=0.0038s pub=0.0266s delay=0.3678s (local map=282, WM=282)
[INFO] [1771075672.088913628] [rtabmap]: rtabmap (1665): Rate=1.00s, Limit=0.000s, Conversion=0.0004s, RTAB-Map=0.1512s, Maps update=0.0040s pub=0.0272s delay=0.3760s (local map=283, WM=283)
[INFO] [1771075673.169867931] [rtabmap]: rtabmap (1666): Rate=1.00s, Limit=0.000s, Conversion=0.0004s, RTAB-Map=0.1505s, Maps update=0.0039s pub=0.0262s delay=0.3568s (local map=284, WM=284)
[INFO] [1771075674.185194364] [rtabmap]: rtabmap (1667): Rate=1.00s, Limit=0.000s, Conversion=0.0105s, RTAB-Map=0.1478s, Maps update=0.0034s pub=0.0256s delay=0.3721s (local map=285, WM=285)
[INFO] [1771075675.271346418] [rtabmap]: rtabmap (1668): Rate=1.00s, Limit=0.000s, Conversion=0.0004s, RTAB-Map=0.1504s, Maps update=0.0035s pub=0.0265s delay=0.3584s (local map=286, WM=286)
[INFO] [1771075676.370741528] [rtabmap]: rtabmap (1669): Rate=1.00s, Limit=0.000s, Conversion=0.0105s, RTAB-Map=0.1463s, Maps update=0.0017s pub=0.0132s delay=0.3576s (local map=286, WM=286)
[INFO] [1771075677.463132905] [rtabmap]: rtabmap (1670): Rate=1.00s, Limit=0.000s, Conversion=0.0004s, RTAB-Map=0.1457s, Maps update=0.0020s pub=0.0174s delay=0.3500s (local map=286, WM=286)
[INFO] [1771075678.569642697] [rtabmap]: rtabmap (1671): Rate=1.00s, Limit=0.000s, Conversion=0.0007s, RTAB-Map=0.1486s, Maps update=0.0017s pub=0.0133s delay=0.3566s (local map=286, WM=286)
[INFO] [1771075679.675776059] [rtabmap]: rtabmap (1672): Rate=1.00s, Limit=0.000s, Conversion=0.0004s, RTAB-Map=0.1535s, Maps update=0.0022s pub=0.0131s delay=0.3627s (local map=286, WM=286)
[INFO] [1771075680.774848502] [rtabmap]: rtabmap (1673): Rate=1.00s, Limit=0.000s, Conversion=0.0004s, RTAB-Map=0.1586s, Maps update=0.0017s pub=0.0110s delay=0.3616s (local map=286, WM=286)
[INFO] [1771075681.869766719] [rtabmap]: rtabmap (1674): Rate=1.00s, Limit=0.000s, Conversion=0.0004s, RTAB-Map=0.1558s, Maps update=0.0018s pub=0.0115s delay=0.3565s (local map=286, WM=286)
[INFO] [1771075682.979766650] [rtabmap]: rtabmap (1675): Rate=1.00s, Limit=0.000s, Conversion=0.0116s, RTAB-Map=0.1497s, Maps update=0.0018s pub=0.0134s delay=0.3665s (local map=286, WM=286)
[INFO] [1771075684.055667656] [rtabmap]: rtabmap (1676): Rate=1.00s, Limit=0.000s, Conversion=0.0003s, RTAB-Map=0.1433s, Maps update=0.0019s pub=0.0140s delay=0.3425s (local map=286, WM=286)
[INFO] [1771075685.190398438] [rtabmap]: rtabmap (1677): Rate=1.00s, Limit=0.000s, Conversion=0.0106s, RTAB-Map=0.1453s, Maps update=0.0049s pub=0.0314s delay=0.3774s (local map=287, WM=287)
[INFO] [1771075686.195918383] [rtabmap]: rtabmap (1678): Rate=1.00s, Limit=0.000s, Conversion=0.0106s, RTAB-Map=0.1545s, Maps update=0.0038s pub=0.0343s delay=0.3827s (local map=288, WM=288)
[INFO] [1771075687.264877449] [rtabmap]: rtabmap (1679): Rate=1.00s, Limit=0.000s, Conversion=0.0003s, RTAB-Map=0.1422s, Maps update=0.0025s pub=0.0246s delay=0.3515s (local map=289, WM=289)
[INFO] [1771075688.392096479] [rtabmap]: rtabmap (1680): Rate=1.00s, Limit=0.000s, Conversion=0.0003s, RTAB-Map=0.1573s, Maps update=0.0037s pub=0.0251s delay=0.3790s (local map=290, WM=290)
[INFO] [1771075689.387516134] [rtabmap]: rtabmap (1681): Rate=1.00s, Limit=0.000s, Conversion=0.0017s, RTAB-Map=0.1584s, Maps update=0.0028s pub=0.0281s delay=0.3743s (local map=291, WM=291)
[INFO] [1771075690.502624532] [rtabmap]: rtabmap (1682): Rate=1.00s, Limit=0.000s, Conversion=0.0005s, RTAB-Map=0.1661s, Maps update=0.0033s pub=0.0287s delay=0.3896s (local map=292, WM=292)
[INFO] [1771075691.586764995] [rtabmap]: rtabmap (1683): Rate=1.00s, Limit=0.000s, Conversion=0.0004s, RTAB-Map=0.1595s, Maps update=0.0049s pub=0.0310s delay=0.3736s (local map=293, WM=293)
[INFO] [1771075692.685485009] [rtabmap]: rtabmap (1684): Rate=1.00s, Limit=0.000s, Conversion=0.0005s, RTAB-Map=0.1671s, Maps update=0.0026s pub=0.0250s delay=0.3722s (local map=294, WM=294)
[INFO] [1771075693.695051881] [rtabmap]: rtabmap (1685): Rate=1.00s, Limit=0.000s, Conversion=0.0003s, RTAB-Map=0.1551s, Maps update=0.0034s pub=0.0363s delay=0.3814s (local map=295, WM=295)
[INFO] [1771075694.779126421] [rtabmap]: rtabmap (1686): Rate=1.00s, Limit=0.000s, Conversion=0.0004s, RTAB-Map=0.1571s, Maps update=0.0026s pub=0.0263s delay=0.3669s (local map=296, WM=296)
[INFO] [1771075695.774658592] [rtabmap]: rtabmap (1687): Rate=1.00s, Limit=0.000s, Conversion=0.0004s, RTAB-Map=0.1507s, Maps update=0.0039s pub=0.0311s delay=0.3613s (local map=297, WM=297)
[INFO] [1771075696.914834717] [rtabmap]: rtabmap (1688): Rate=1.00s, Limit=0.000s, Conversion=0.0005s, RTAB-Map=0.1788s, Maps update=0.0046s pub=0.0383s delay=0.4013s (local map=298, WM=298)
[INFO] [1771075697.976771393] [rtabmap]: rtabmap (1689): Rate=1.00s, Limit=0.000s, Conversion=0.0005s, RTAB-Map=0.1540s, Maps update=0.0026s pub=0.0270s delay=0.3636s (local map=299, WM=299)
[INFO] [1771075699.003669464] [rtabmap]: rtabmap (1690): Rate=1.00s, Limit=0.000s, Conversion=0.0008s, RTAB-Map=0.1560s, Maps update=0.0042s pub=0.0347s delay=0.3904s (local map=300, WM=300)
[INFO] [1771075700.089126293] [rtabmap]: rtabmap (1691): Rate=1.00s, Limit=0.000s, Conversion=0.0005s, RTAB-Map=0.1595s, Maps update=0.0025s pub=0.0278s delay=0.3768s (local map=301, WM=301)
[INFO] [1771075701.189181843] [rtabmap]: rtabmap (1692): Rate=1.00s, Limit=0.000s, Conversion=0.0004s, RTAB-Map=0.1575s, Maps update=0.0025s pub=0.0398s delay=0.3759s (local map=302, WM=302)
[INFO] [1771075702.333469248] [rtabmap]: rtabmap (1693): Rate=1.00s, Limit=0.000s, Conversion=0.0004s, RTAB-Map=0.2110s, Maps update=0.0035s pub=0.0260s delay=0.4204s (local map=303, WM=303)
[INFO] [1771075703.302315139] [rtabmap]: rtabmap (1694): Rate=1.00s, Limit=0.000s, Conversion=0.0003s, RTAB-Map=0.1712s, Maps update=0.0035s pub=0.0353s delay=0.3891s (local map=304, WM=304)
[INFO] [1771075704.377997289] [rtabmap]: rtabmap (1695): Rate=1.00s, Limit=0.000s, Conversion=0.0007s, RTAB-Map=0.1522s, Maps update=0.0040s pub=0.0307s delay=0.3647s (local map=305, WM=305)
[INFO] [1771075705.478064423] [rtabmap]: rtabmap (1696): Rate=1.00s, Limit=0.000s, Conversion=0.0107s, RTAB-Map=0.1383s, Maps update=0.0041s pub=0.0287s delay=0.3658s (local map=306, WM=306)
[INFO] [1771075706.458617508] [rtabmap]: rtabmap (1697): Rate=1.00s, Limit=0.000s, Conversion=0.0004s, RTAB-Map=0.1413s, Maps update=0.0034s pub=0.0290s delay=0.3462s (local map=307, WM=307)
[INFO] [1771075707.473655259] [rtabmap]: rtabmap (1698): Rate=1.00s, Limit=0.000s, Conversion=0.0005s, RTAB-Map=0.1383s, Maps update=0.0034s pub=0.0318s delay=0.3605s (local map=308, WM=308)
[INFO] [1771075708.558008242] [rtabmap]: rtabmap (1699): Rate=1.00s, Limit=0.000s, Conversion=0.0004s, RTAB-Map=0.1359s, Maps update=0.0037s pub=0.0262s delay=0.3449s (local map=309, WM=309)
[INFO] [1771075709.584607582] [rtabmap]: rtabmap (1700): Rate=1.00s, Limit=0.000s, Conversion=0.0003s, RTAB-Map=0.1598s, Maps update=0.0040s pub=0.0312s delay=0.3715s (local map=310, WM=310)
[INFO] [1771075710.676935629] [rtabmap]: rtabmap (1701): Rate=1.00s, Limit=0.000s, Conversion=0.0005s, RTAB-Map=0.1497s, Maps update=0.0050s pub=0.0302s delay=0.3636s (local map=311, WM=311)
[INFO] [1771075711.768442974] [rtabmap]: rtabmap (1702): Rate=1.00s, Limit=0.000s, Conversion=0.0108s, RTAB-Map=0.1316s, Maps update=0.0048s pub=0.0290s delay=0.3551s (local map=312, WM=312)
[INFO] [1771075712.742215822] [rtabmap]: rtabmap (1703): Rate=1.00s, Limit=0.000s, Conversion=0.0004s, RTAB-Map=0.1247s, Maps update=0.0048s pub=0.0345s delay=0.3286s (local map=313, WM=313)
[INFO] [1771075713.861510094] [rtabmap]: rtabmap (1704): Rate=1.00s, Limit=0.000s, Conversion=0.0011s, RTAB-Map=0.1304s, Maps update=0.0037s pub=0.0287s delay=0.3484s (local map=314, WM=314)
[INFO] [1771075714.870248200] [rtabmap]: rtabmap (1705): Rate=1.00s, Limit=0.000s, Conversion=0.0006s, RTAB-Map=0.1410s, Maps update=0.0039s pub=0.0327s delay=0.3569s (local map=315, WM=315)
[INFO] [1771075715.954773733] [rtabmap]: rtabmap (1706): Rate=1.00s, Limit=0.000s, Conversion=0.0006s, RTAB-Map=0.1287s, Maps update=0.0035s pub=0.0317s delay=0.3414s (local map=316, WM=316)
[INFO] [1771075717.058318044] [rtabmap]: rtabmap (1707): Rate=1.00s, Limit=0.000s, Conversion=0.0014s, RTAB-Map=0.1321s, Maps update=0.0034s pub=0.0307s delay=0.3449s (local map=317, WM=317)
[INFO] [1771075718.056473699] [rtabmap]: rtabmap (1708): Rate=1.00s, Limit=0.000s, Conversion=0.0006s, RTAB-Map=0.1300s, Maps update=0.0034s pub=0.0291s delay=0.3430s (local map=318, WM=318)
[INFO] [1771075719.164179037] [rtabmap]: rtabmap (1709): Rate=1.00s, Limit=0.000s, Conversion=0.0006s, RTAB-Map=0.1328s, Maps update=0.0036s pub=0.0320s delay=0.3510s (local map=319, WM=319)
[INFO] [1771075720.250220835] [rtabmap]: rtabmap (1710): Rate=1.00s, Limit=0.000s, Conversion=0.0004s, RTAB-Map=0.1228s, Maps update=0.0041s pub=0.0374s delay=0.3368s (local map=320, WM=320)
[INFO] [1771075721.356111866] [rtabmap]: rtabmap (1711): Rate=1.00s, Limit=0.000s, Conversion=0.0007s, RTAB-Map=0.1237s, Maps update=0.0073s pub=0.0295s delay=0.3428s (local map=321, WM=321)
[INFO] [1771075722.449772936] [rtabmap]: rtabmap (1712): Rate=1.00s, Limit=0.000s, Conversion=0.0005s, RTAB-Map=0.1149s, Maps update=0.0033s pub=0.0380s delay=0.3364s (local map=322, WM=322)
[INFO] [1771075723.454222907] [rtabmap]: rtabmap (1713): Rate=1.00s, Limit=0.000s, Conversion=0.0004s, RTAB-Map=0.1219s, Maps update=0.0049s pub=0.0325s delay=0.3408s (local map=323, WM=323)
[INFO] [1771075724.450305579] [rtabmap]: rtabmap (1714): Rate=1.00s, Limit=0.000s, Conversion=0.0009s, RTAB-Map=0.1106s, Maps update=0.0049s pub=0.0390s delay=0.3369s (local map=324, WM=324)
[INFO] [1771075725.458588163] [rtabmap]: rtabmap (1715): Rate=1.00s, Limit=0.000s, Conversion=0.0004s, RTAB-Map=0.1214s, Maps update=0.0039s pub=0.0314s delay=0.3451s (local map=325, WM=325)
[INFO] [1771075726.548472526] [rtabmap]: rtabmap (1716): Rate=1.00s, Limit=0.000s, Conversion=0.0004s, RTAB-Map=0.1133s, Maps update=0.0051s pub=0.0359s delay=0.3351s (local map=326, WM=326)
[INFO] [1771075727.546283866] [rtabmap]: rtabmap (1717): Rate=1.00s, Limit=0.000s, Conversion=0.0003s, RTAB-Map=0.1179s, Maps update=0.0063s pub=0.0361s delay=0.3328s (local map=327, WM=327)
[INFO] [1771075728.689750091] [rtabmap]: rtabmap (1718): Rate=1.00s, Limit=0.000s, Conversion=0.0108s, RTAB-Map=0.1315s, Maps update=0.0052s pub=0.0421s delay=0.3763s (local map=328, WM=328)
[INFO] [1771075729.764517865] [rtabmap]: rtabmap (1719): Rate=1.00s, Limit=0.000s, Conversion=0.0004s, RTAB-Map=0.1267s, Maps update=0.0046s pub=0.0331s delay=0.3512s (local map=329, WM=329)
[INFO] [1771075730.754278909] [rtabmap]: rtabmap (1720): Rate=1.00s, Limit=0.000s, Conversion=0.0005s, RTAB-Map=0.1218s, Maps update=0.0038s pub=0.0375s delay=0.3410s (local map=330, WM=330)
[INFO] [1771075731.760705108] [rtabmap]: rtabmap (1721): Rate=1.00s, Limit=0.000s, Conversion=0.0010s, RTAB-Map=0.1288s, Maps update=0.0040s pub=0.0337s delay=0.3472s (local map=331, WM=331)
[INFO] [1771075732.881900287] [rtabmap]: rtabmap (1722): Rate=1.00s, Limit=0.000s, Conversion=0.0112s, RTAB-Map=0.1363s, Maps update=0.0045s pub=0.0320s delay=0.3685s (local map=332, WM=332)
[INFO] [1771075733.965905502] [rtabmap]: rtabmap (1723): Rate=1.00s, Limit=0.000s, Conversion=0.0107s, RTAB-Map=0.1242s, Maps update=0.0035s pub=0.0343s delay=0.3526s (local map=333, WM=333)
[INFO] [1771075735.069291006] [rtabmap]: rtabmap (1724): Rate=1.00s, Limit=0.000s, Conversion=0.0004s, RTAB-Map=0.1323s, Maps update=0.0052s pub=0.0331s delay=0.3570s (local map=334, WM=334)
[INFO] [1771075736.078967590] [rtabmap]: rtabmap (1725): Rate=1.00s, Limit=0.000s, Conversion=0.0008s, RTAB-Map=0.1402s, Maps update=0.0050s pub=0.0365s delay=0.3656s (local map=335, WM=335)
[INFO] [1771075737.194481580] [rtabmap]: rtabmap (1726): Rate=1.00s, Limit=0.000s, Conversion=0.0004s, RTAB-Map=0.1549s, Maps update=0.0049s pub=0.0371s delay=0.3822s (local map=336, WM=336)
[INFO] [1771075738.200556759] [rtabmap]: rtabmap (1727): Rate=1.00s, Limit=0.000s, Conversion=0.0004s, RTAB-Map=0.1537s, Maps update=0.0037s pub=0.0363s delay=0.3873s (local map=337, WM=337)
[INFO] [1771075739.280638414] [rtabmap]: rtabmap (1728): Rate=1.00s, Limit=0.000s, Conversion=0.0004s, RTAB-Map=0.1509s, Maps update=0.0027s pub=0.0320s delay=0.3672s (local map=338, WM=338)
[INFO] [1771075740.297126434] [rtabmap]: rtabmap (1729): Rate=1.00s, Limit=0.000s, Conversion=0.0004s, RTAB-Map=0.1576s, Maps update=0.0039s pub=0.0400s delay=0.3837s (local map=339, WM=339)
[INFO] [1771075741.291683549] [rtabmap]: rtabmap (1730): Rate=1.00s, Limit=0.000s, Conversion=0.0105s, RTAB-Map=0.1399s, Maps update=0.0038s pub=0.0369s delay=0.3782s (local map=340, WM=340)
[INFO] [1771075742.381953174] [rtabmap]: rtabmap (1731): Rate=1.00s, Limit=0.000s, Conversion=0.0004s, RTAB-Map=0.1453s, Maps update=0.0040s pub=0.0409s delay=0.3685s (local map=341, WM=341)
[INFO] [1771075743.490269889] [rtabmap]: rtabmap (1732): Rate=1.00s, Limit=0.000s, Conversion=0.0004s, RTAB-Map=0.1514s, Maps update=0.0053s pub=0.0427s delay=0.3768s (local map=342, WM=342)
[INFO] [1771075744.483954142] [rtabmap]: rtabmap (1733): Rate=1.00s, Limit=0.000s, Conversion=0.0004s, RTAB-Map=0.1435s, Maps update=0.0057s pub=0.0431s delay=0.3704s (local map=343, WM=343)
[INFO] [1771075745.490046314] [rtabmap]: rtabmap (1734): Rate=1.00s, Limit=0.000s, Conversion=0.0004s, RTAB-Map=0.1477s, Maps update=0.0052s pub=0.0376s delay=0.3765s (local map=344, WM=344)
[INFO] [1771075746.598417431] [rtabmap]: rtabmap (1735): Rate=1.00s, Limit=0.000s, Conversion=0.0004s, RTAB-Map=0.1506s, Maps update=0.0099s pub=0.0424s delay=0.3859s (local map=345, WM=345)
[INFO] [1771075747.689500018] [rtabmap]: rtabmap (1736): Rate=1.00s, Limit=0.000s, Conversion=0.0005s, RTAB-Map=0.1554s, Maps update=0.0038s pub=0.0346s delay=0.3773s (local map=346, WM=346)
[INFO] [1771075748.661584853] [rtabmap]: rtabmap (1737): Rate=1.00s, Limit=0.000s, Conversion=0.0005s, RTAB-Map=0.1402s, Maps update=0.0020s pub=0.0250s delay=0.3490s (local map=346, WM=346)
[INFO] [1771075749.796264485] [rtabmap]: rtabmap (1738): Rate=1.00s, Limit=0.000s, Conversion=0.0004s, RTAB-Map=0.1480s, Maps update=0.0053s pub=0.0432s delay=0.3839s (local map=347, WM=347)
[INFO] [1771075750.818242352] [rtabmap]: rtabmap (1739): Rate=1.00s, Limit=0.000s, Conversion=0.0106s, RTAB-Map=0.1613s, Maps update=0.0041s pub=0.0410s delay=0.4056s (local map=348, WM=348)
[INFO] [1771075751.798091955] [rtabmap]: rtabmap (1740): Rate=1.00s, Limit=0.000s, Conversion=0.0004s, RTAB-Map=0.1653s, Maps update=0.0036s pub=0.0338s delay=0.3854s (local map=349, WM=349)
[INFO] [1771075752.908122252] [rtabmap]: rtabmap (1741): Rate=1.00s, Limit=0.000s, Conversion=0.0004s, RTAB-Map=0.1626s, Maps update=0.0039s pub=0.0442s delay=0.3956s (local map=350, WM=350)
[INFO] [1771075753.899592717] [rtabmap]: rtabmap (1742): Rate=1.00s, Limit=0.000s, Conversion=0.0004s, RTAB-Map=0.1543s, Maps update=0.0039s pub=0.0370s delay=0.3870s (local map=351, WM=351)
[INFO] [1771075754.992622665] [rtabmap]: rtabmap (1743): Rate=1.00s, Limit=0.000s, Conversion=0.0003s, RTAB-Map=0.1509s, Maps update=0.0065s pub=0.0370s delay=0.3805s (local map=352, WM=352)
[INFO] [1771075756.003590479] [rtabmap]: rtabmap (1744): Rate=1.00s, Limit=0.000s, Conversion=0.0106s, RTAB-Map=0.1501s, Maps update=0.0027s pub=0.0393s delay=0.3910s (local map=353, WM=353)
[INFO] [1771075756.984263251] [rtabmap]: rtabmap (1745): Rate=1.00s, Limit=0.000s, Conversion=0.0004s, RTAB-Map=0.1469s, Maps update=0.0049s pub=0.0341s delay=0.3715s (local map=354, WM=354)
[INFO] [1771075758.097922050] [rtabmap]: rtabmap (1746): Rate=1.00s, Limit=0.000s, Conversion=0.0004s, RTAB-Map=0.1496s, Maps update=0.0039s pub=0.0421s delay=0.3857s (local map=355, WM=355)
[INFO] [1771075759.099682987] [rtabmap]: rtabmap (1747): Rate=1.00s, Limit=0.000s, Conversion=0.0007s, RTAB-Map=0.1479s, Maps update=0.0043s pub=0.0405s delay=0.3871s (local map=356, WM=356)
[INFO] [1771075760.185514783] [rtabmap]: rtabmap (1748): Rate=1.00s, Limit=0.000s, Conversion=0.0005s, RTAB-Map=0.1446s, Maps update=0.0029s pub=0.0361s delay=0.3732s (local map=357, WM=357)
[INFO] [1771075761.190972897] [rtabmap]: rtabmap (1749): Rate=1.00s, Limit=0.000s, Conversion=0.0005s, RTAB-Map=0.1504s, Maps update=0.0039s pub=0.0367s delay=0.3783s (local map=358, WM=358)
[INFO] [1771075762.265533891] [rtabmap]: rtabmap (1750): Rate=1.00s, Limit=0.000s, Conversion=0.0004s, RTAB-Map=0.1406s, Maps update=0.0024s pub=0.0176s delay=0.3529s (local map=358, WM=358)
[INFO] [1771075763.282479327] [rtabmap]: rtabmap (1751): Rate=1.00s, Limit=0.000s, Conversion=0.0003s, RTAB-Map=0.1403s, Maps update=0.0028s pub=0.0405s delay=0.3698s (local map=359, WM=359)
[INFO] [1771075764.383912245] [rtabmap]: rtabmap (1752): Rate=1.00s, Limit=0.000s, Conversion=0.0004s, RTAB-Map=0.1426s, Maps update=0.0040s pub=0.0362s delay=0.3716s (local map=360, WM=360)
[INFO] [1771075765.511091249] [rtabmap]: rtabmap (1753): Rate=1.00s, Limit=0.000s, Conversion=0.0107s, RTAB-Map=0.1474s, Maps update=0.0041s pub=0.0457s delay=0.3984s (local map=361, WM=361)
[INFO] [1771075766.575708505] [rtabmap]: rtabmap (1754): Rate=1.00s, Limit=0.000s, Conversion=0.0004s, RTAB-Map=0.1374s, Maps update=0.0039s pub=0.0386s delay=0.3630s (local map=362, WM=362)
[INFO] [1771075767.703358024] [rtabmap]: rtabmap (1755): Rate=1.00s, Limit=0.000s, Conversion=0.0106s, RTAB-Map=0.1452s, Maps update=0.0075s pub=0.0462s delay=0.3908s (local map=363, WM=363)
[INFO] [1771075768.789347426] [rtabmap]: rtabmap (1756): Rate=1.00s, Limit=0.000s, Conversion=0.0004s, RTAB-Map=0.1555s, Maps update=0.0028s pub=0.0344s delay=0.3767s (local map=364, WM=364)
[INFO] [1771075769.899557826] [rtabmap]: rtabmap (1757): Rate=1.00s, Limit=0.000s, Conversion=0.0013s, RTAB-Map=0.1582s, Maps update=0.0040s pub=0.0416s delay=0.3868s (local map=365, WM=365)
[INFO] [1771075770.981633850] [rtabmap]: rtabmap (1758): Rate=1.00s, Limit=0.000s, Conversion=0.0004s, RTAB-Map=0.1388s, Maps update=0.0042s pub=0.0379s delay=0.3694s (local map=366, WM=366)
[INFO] [1771075772.065517565] [rtabmap]: rtabmap (1759): Rate=1.00s, Limit=0.000s, Conversion=0.0004s, RTAB-Map=0.1306s, Maps update=0.0038s pub=0.0352s delay=0.3533s (local map=367, WM=367)
[INFO] [1771075773.112110559] [rtabmap]: rtabmap (1760): Rate=1.00s, Limit=0.000s, Conversion=0.0003s, RTAB-Map=0.1676s, Maps update=0.0041s pub=0.0403s delay=0.3998s (local map=368, WM=368)
[INFO] [1771075774.212844504] [rtabmap]: rtabmap (1761): Rate=1.00s, Limit=0.000s, Conversion=0.0004s, RTAB-Map=0.1790s, Maps update=0.0050s pub=0.0397s delay=0.4007s (local map=369, WM=369)
[INFO] [1771075775.194490597] [rtabmap]: rtabmap (1762): Rate=1.00s, Limit=0.000s, Conversion=0.0111s, RTAB-Map=0.1451s, Maps update=0.0047s pub=0.0346s delay=0.3821s (local map=370, WM=370)
[INFO] [1771075776.297429593] [rtabmap]: rtabmap (1763): Rate=1.00s, Limit=0.000s, Conversion=0.0106s, RTAB-Map=0.1341s, Maps update=0.0045s pub=0.0451s delay=0.3851s (local map=371, WM=371)
[INFO] [1771075777.281096761] [rtabmap]: rtabmap (1764): Rate=1.00s, Limit=0.000s, Conversion=0.0107s, RTAB-Map=0.1351s, Maps update=0.0036s pub=0.0389s delay=0.3688s (local map=372, WM=372)
[INFO] [1771075778.275038849] [rtabmap]: rtabmap (1765): Rate=1.00s, Limit=0.000s, Conversion=0.0008s, RTAB-Map=0.1408s, Maps update=0.0039s pub=0.0381s delay=0.3626s (local map=373, WM=373)
[INFO] [1771075779.414558873] [rtabmap]: rtabmap (1766): Rate=1.00s, Limit=0.000s, Conversion=0.0005s, RTAB-Map=0.1728s, Maps update=0.0048s pub=0.0429s delay=0.4022s (local map=374, WM=374)
[INFO] [1771075780.445941000] [rtabmap]: rtabmap (1767): Rate=1.00s, Limit=0.000s, Conversion=0.0004s, RTAB-Map=0.1149s, Maps update=0.0041s pub=0.0382s delay=0.3336s (local map=375, WM=375)
[INFO] [1771075781.557641989] [rtabmap]: rtabmap (1768): Rate=1.00s, Limit=0.000s, Conversion=0.0004s, RTAB-Map=0.1213s, Maps update=0.0037s pub=0.0355s delay=0.3452s (local map=376, WM=376)
[INFO] [1771075782.666031226] [rtabmap]: rtabmap (1769): Rate=1.00s, Limit=0.000s, Conversion=0.0006s, RTAB-Map=0.1339s, Maps update=0.0037s pub=0.0352s delay=0.3538s (local map=377, WM=377)
[INFO] [1771075783.759332737] [rtabmap]: rtabmap (1770): Rate=1.00s, Limit=0.000s, Conversion=0.0003s, RTAB-Map=0.1274s, Maps update=0.0036s pub=0.0320s delay=0.3470s (local map=378, WM=378)
[INFO] [1771075784.868977002] [rtabmap]: rtabmap (1771): Rate=1.00s, Limit=0.000s, Conversion=0.0004s, RTAB-Map=0.1233s, Maps update=0.0032s pub=0.0486s delay=0.3567s (local map=379, WM=379)
[INFO] [1771075785.975399789] [rtabmap]: rtabmap (1772): Rate=1.00s, Limit=0.000s, Conversion=0.0005s, RTAB-Map=0.1334s, Maps update=0.0034s pub=0.0444s delay=0.3630s (local map=380, WM=380)
[INFO] [1771075786.947581300] [rtabmap]: rtabmap (1773): Rate=1.00s, Limit=0.000s, Conversion=0.0015s, RTAB-Map=0.1128s, Maps update=0.0042s pub=0.0425s delay=0.3346s (local map=381, WM=381)
[INFO] [1771075788.070393116] [rtabmap]: rtabmap (1774): Rate=1.00s, Limit=0.000s, Conversion=0.0004s, RTAB-Map=0.1444s, Maps update=0.0036s pub=0.0377s delay=0.3581s (local map=382, WM=382)
[INFO] [1771075789.272976219] [rtabmap]: rtabmap (1775): Rate=1.00s, Limit=0.000s, Conversion=0.0004s, RTAB-Map=0.2436s, Maps update=0.0047s pub=0.0394s delay=0.4606s (local map=383, WM=383)
[INFO] [1771075790.170491740] [rtabmap]: rtabmap (1776): Rate=1.00s, Limit=0.000s, Conversion=0.0006s, RTAB-Map=0.0513s, Maps update=0.0028s pub=0.0269s delay=0.2581s (local map=383, WM=383)
[INFO] [1771075791.394622227] [rtabmap]: rtabmap (1777): Rate=1.00s, Limit=0.000s, Conversion=0.0004s, RTAB-Map=0.1670s, Maps update=0.0039s pub=0.0402s delay=0.3823s (local map=384, WM=384)
[INFO] [1771075792.366991394] [rtabmap]: rtabmap (1778): Rate=1.00s, Limit=0.000s, Conversion=0.0018s, RTAB-Map=0.1278s, Maps update=0.0036s pub=0.0416s delay=0.3546s (local map=385, WM=385)
[INFO] [1771075793.361579652] [rtabmap]: rtabmap (1779): Rate=1.00s, Limit=0.000s, Conversion=0.0005s, RTAB-Map=0.1305s, Maps update=0.0038s pub=0.0389s delay=0.3492s (local map=386, WM=386)
[INFO] [1771075794.361350812] [rtabmap]: rtabmap (1780): Rate=1.00s, Limit=0.000s, Conversion=0.0018s, RTAB-Map=0.1262s, Maps update=0.0028s pub=0.0361s delay=0.3489s (local map=387, WM=387)
[INFO] [1771075795.475345240] [rtabmap]: rtabmap (1781): Rate=1.00s, Limit=0.000s, Conversion=0.0106s, RTAB-Map=0.1226s, Maps update=0.0041s pub=0.0455s delay=0.3629s (local map=388, WM=388)
[INFO] [1771075796.469174651] [rtabmap]: rtabmap (1782): Rate=1.00s, Limit=0.000s, Conversion=0.0004s, RTAB-Map=0.1296s, Maps update=0.0042s pub=0.0414s delay=0.3567s (local map=389, WM=389)
[INFO] [1771075797.551577217] [rtabmap]: rtabmap (1783): Rate=1.00s, Limit=0.000s, Conversion=0.0004s, RTAB-Map=0.1172s, Maps update=0.0042s pub=0.0394s delay=0.3391s (local map=390, WM=390)
[INFO] [1771075798.678591669] [rtabmap]: rtabmap (1784): Rate=1.00s, Limit=0.000s, Conversion=0.0003s, RTAB-Map=0.1318s, Maps update=0.0043s pub=0.0460s delay=0.3663s (local map=391, WM=391)
[INFO] [1771075799.710068200] [rtabmap]: rtabmap (1785): Rate=1.00s, Limit=0.000s, Conversion=0.0004s, RTAB-Map=0.1497s, Maps update=0.0046s pub=0.0541s delay=0.3977s (local map=392, WM=392)
[INFO] [1771075800.771848604] [rtabmap]: rtabmap (1786): Rate=1.00s, Limit=0.000s, Conversion=0.0004s, RTAB-Map=0.1351s, Maps update=0.0038s pub=0.0373s delay=0.3595s (local map=393, WM=393)
[INFO] [1771075801.826236863] [rtabmap]: rtabmap (1787): Rate=1.00s, Limit=0.000s, Conversion=0.0005s, RTAB-Map=0.1819s, Maps update=0.0040s pub=0.0467s delay=0.4138s (local map=394, WM=394)
[INFO] [1771075802.789066916] [rtabmap]: rtabmap (1788): Rate=1.00s, Limit=0.000s, Conversion=0.0005s, RTAB-Map=0.1405s, Maps update=0.0039s pub=0.0374s delay=0.3765s (local map=395, WM=395)
[INFO] [1771075803.904541053] [rtabmap]: rtabmap (1789): Rate=1.00s, Limit=0.000s, Conversion=0.0107s, RTAB-Map=0.1459s, Maps update=0.0047s pub=0.0445s delay=0.3921s (local map=396, WM=396)
[INFO] [1771075805.012163699] [rtabmap]: rtabmap (1790): Rate=1.00s, Limit=0.000s, Conversion=0.0004s, RTAB-Map=0.1801s, Maps update=0.0039s pub=0.0394s delay=0.3996s (local map=397, WM=397)
[INFO] [1771075806.120662604] [rtabmap]: rtabmap (1791): Rate=1.00s, Limit=0.000s, Conversion=0.0004s, RTAB-Map=0.1757s, Maps update=0.0044s pub=0.0411s delay=0.4083s (local map=398, WM=398)
[INFO] [1771075807.123270265] [rtabmap]: rtabmap (1792): Rate=1.00s, Limit=0.000s, Conversion=0.0105s, RTAB-Map=0.1673s, Maps update=0.0047s pub=0.0433s delay=0.4107s (local map=399, WM=399)
[INFO] [1771075808.222857443] [rtabmap]: rtabmap (1793): Rate=1.00s, Limit=0.000s, Conversion=0.0005s, RTAB-Map=0.1750s, Maps update=0.0047s pub=0.0412s delay=0.4102s (local map=400, WM=400)
[INFO] [1771075809.321662413] [rtabmap]: rtabmap (1794): Rate=1.00s, Limit=0.000s, Conversion=0.0003s, RTAB-Map=0.1748s, Maps update=0.0047s pub=0.0463s delay=0.4090s (local map=401, WM=401)
[INFO] [1771075810.433852830] [rtabmap]: rtabmap (1795): Rate=1.00s, Limit=0.000s, Conversion=0.0003s, RTAB-Map=0.1805s, Maps update=0.0091s pub=0.0445s delay=0.4213s (local map=402, WM=402)
[INFO] [1771075811.529129303] [rtabmap]: rtabmap (1796): Rate=1.00s, Limit=0.000s, Conversion=0.0005s, RTAB-Map=0.1812s, Maps update=0.0041s pub=0.0419s delay=0.4165s (local map=403, WM=403)
[INFO] [1771075812.522676238] [rtabmap]: rtabmap (1797): Rate=1.00s, Limit=0.000s, Conversion=0.0004s, RTAB-Map=0.1729s, Maps update=0.0042s pub=0.0416s delay=0.4100s (local map=404, WM=404)
[INFO] [1771075813.539436354] [rtabmap]: rtabmap (1798): Rate=1.00s, Limit=0.000s, Conversion=0.0004s, RTAB-Map=0.1907s, Maps update=0.0056s pub=0.0426s delay=0.4267s (local map=405, WM=405)
[INFO] [1771075814.624035586] [rtabmap]: rtabmap (1799): Rate=1.00s, Limit=0.000s, Conversion=0.0004s, RTAB-Map=0.1857s, Maps update=0.0044s pub=0.0404s delay=0.4114s (local map=406, WM=406)
[INFO] [1771075815.718720674] [rtabmap]: rtabmap (1800): Rate=1.00s, Limit=0.000s, Conversion=0.0004s, RTAB-Map=0.1762s, Maps update=0.0039s pub=0.0391s delay=0.4060s (local map=407, WM=407)
[INFO] [1771075816.731286250] [rtabmap]: rtabmap (1801): Rate=1.00s, Limit=0.000s, Conversion=0.0005s, RTAB-Map=0.1839s, Maps update=0.0049s pub=0.0418s delay=0.4180s (local map=408, WM=408)
[INFO] [1771075817.840056782] [rtabmap]: rtabmap (1802): Rate=1.00s, Limit=0.000s, Conversion=0.0006s, RTAB-Map=0.1934s, Maps update=0.0041s pub=0.0404s delay=0.4273s (local map=409, WM=409)
[INFO] [1771075818.938727571] [rtabmap]: rtabmap (1803): Rate=1.00s, Limit=0.000s, Conversion=0.0004s, RTAB-Map=0.1854s, Maps update=0.0044s pub=0.0497s delay=0.4261s (local map=410, WM=410)
[INFO] [1771075820.043721372] [rtabmap]: rtabmap (1804): Rate=1.00s, Limit=0.000s, Conversion=0.0004s, RTAB-Map=0.1978s, Maps update=0.0056s pub=0.0381s delay=0.4310s (local map=411, WM=411)
[INFO] [1771075821.181471019] [rtabmap]: rtabmap (1805): Rate=1.00s, Limit=0.000s, Conversion=0.0170s, RTAB-Map=0.2098s, Maps update=0.0048s pub=0.0414s delay=0.4688s (local map=412, WM=412)
[INFO] [1771075822.141607841] [rtabmap]: rtabmap (1806): Rate=1.00s, Limit=0.000s, Conversion=0.0106s, RTAB-Map=0.1878s, Maps update=0.0044s pub=0.0368s delay=0.4289s (local map=413, WM=413)
[INFO] [1771075823.235735914] [rtabmap]: rtabmap (1807): Rate=1.00s, Limit=0.000s, Conversion=0.0005s, RTAB-Map=0.1930s, Maps update=0.0048s pub=0.0368s delay=0.4231s (local map=414, WM=414)
[INFO] [1771075824.369430802] [rtabmap]: rtabmap (1808): Rate=1.00s, Limit=0.000s, Conversion=0.0106s, RTAB-Map=0.2022s, Maps update=0.0071s pub=0.0426s delay=0.4567s (local map=415, WM=415)
[INFO] [1771075825.340639088] [rtabmap]: rtabmap (1809): Rate=1.00s, Limit=0.000s, Conversion=0.0005s, RTAB-Map=0.1955s, Maps update=0.0042s pub=0.0392s delay=0.4278s (local map=416, WM=416)
[INFO] [1771075826.434526672] [rtabmap]: rtabmap (1810): Rate=1.00s, Limit=0.000s, Conversion=0.0005s, RTAB-Map=0.1981s, Maps update=0.0045s pub=0.0407s delay=0.4218s (local map=417, WM=417)
[INFO] [1771075827.409481833] [rtabmap]: rtabmap (1811): Rate=1.00s, Limit=0.000s, Conversion=0.0003s, RTAB-Map=0.1615s, Maps update=0.0041s pub=0.0537s delay=0.3966s (local map=418, WM=418)
[INFO] [1771075828.763021718] [rtabmap]: rtabmap (1812): Rate=1.00s, Limit=0.000s, Conversion=0.0034s, RTAB-Map=0.2091s, Maps update=0.0077s pub=0.0563s delay=0.5502s (local map=419, WM=419)
[INFO] [1771075830.479391150] [rtabmap]: rtabmap (1813): Rate=1.00s, Limit=0.000s, Conversion=0.0062s, RTAB-Map=0.4027s, Maps update=0.0125s pub=0.1643s delay=1.0661s (local map=420, WM=420)
[WARN] [1771075837.314220000] [rtabmap]: rtabmap: Did not receive data since 5 seconds! Make sure the input topics are published ("$ ros2 topic hz my_topic") and the timestamps in their header are set. If topics are coming from different computers, make sure the clocks of the computers are synchronized ("ntpdate"). Ajusting topic_queue_size (10) and sync_queue_size (200) can also help for better synchronization if framerates and/or delays are different. If topics are not published at the same rate, you could increase "sync_queue_size" and/or "topic_queue_size" parameters (current=200 and 10 respectively).
rtabmap subscribed to (approx sync):
   /odom \
   /leo04/livox/lidar
[WARN] [1771075842.314341100] [rtabmap]: rtabmap: Did not receive data since 5 seconds! Make sure the input topics are published ("$ ros2 topic hz my_topic") and the timestamps in their header are set. If topics are coming from different computers, make sure the clocks of the computers are synchronized ("ntpdate"). Ajusting topic_queue_size (10) and sync_queue_size (200) can also help for better synchronization if framerates and/or delays are different. If topics are not published at the same rate, you could increase "sync_queue_size" and/or "topic_queue_size" parameters (current=200 and 10 respectively).
rtabmap subscribed to (approx sync):
   /odom \
   /leo04/livox/lidar
[WARN] [1771075847.314550683] [rtabmap]: rtabmap: Did not receive data since 5 seconds! Make sure the input topics are published ("$ ros2 topic hz my_topic") and the timestamps in their header are set. If topics are coming from different computers, make sure the clocks of the computers are synchronized ("ntpdate"). Ajusting topic_queue_size (10) and sync_queue_size (200) can also help for better synchronization if framerates and/or delays are different. If topics are not published at the same rate, you could increase "sync_queue_size" and/or "topic_queue_size" parameters (current=200 and 10 respectively).
rtabmap subscribed to (approx sync):
   /odom \
   /leo04/livox/lidar
[WARN] [1771075852.314773224] [rtabmap]: rtabmap: Did not receive data since 5 seconds! Make sure the input topics are published ("$ ros2 topic hz my_topic") and the timestamps in their header are set. If topics are coming from different computers, make sure the clocks of the computers are synchronized ("ntpdate"). Ajusting topic_queue_size (10) and sync_queue_size (200) can also help for better synchronization if framerates and/or delays are different. If topics are not published at the same rate, you could increase "sync_queue_size" and/or "topic_queue_size" parameters (current=200 and 10 respectively).
rtabmap subscribed to (approx sync):
   /odom \
   /leo04/livox/lidar
[WARN] [1771075857.314923578] [rtabmap]: rtabmap: Did not receive data since 5 seconds! Make sure the input topics are published ("$ ros2 topic hz my_topic") and the timestamps in their header are set. If topics are coming from different computers, make sure the clocks of the computers are synchronized ("ntpdate"). Ajusting topic_queue_size (10) and sync_queue_size (200) can also help for better synchronization if framerates and/or delays are different. If topics are not published at the same rate, you could increase "sync_queue_size" and/or "topic_queue_size" parameters (current=200 and 10 respectively).
rtabmap subscribed to (approx sync):
   /odom \
   /leo04/livox/lidar
[WARN] [1771075862.315101676] [rtabmap]: rtabmap: Did not receive data since 5 seconds! Make sure the input topics are published ("$ ros2 topic hz my_topic") and the timestamps in their header are set. If topics are coming from different computers, make sure the clocks of the computers are synchronized ("ntpdate"). Ajusting topic_queue_size (10) and sync_queue_size (200) can also help for better synchronization if framerates and/or delays are different. If topics are not published at the same rate, you could increase "sync_queue_size" and/or "topic_queue_size" parameters (current=200 and 10 respectively).
rtabmap subscribed to (approx sync):
   /odom \
   /leo04/livox/lidar
[WARN] [1771075867.315282558] [rtabmap]: rtabmap: Did not receive data since 5 seconds! Make sure the input topics are published ("$ ros2 topic hz my_topic") and the timestamps in their header are set. If topics are coming from different computers, make sure the clocks of the computers are synchronized ("ntpdate"). Ajusting topic_queue_size (10) and sync_queue_size (200) can also help for better synchronization if framerates and/or delays are different. If topics are not published at the same rate, you could increase "sync_queue_size" and/or "topic_queue_size" parameters (current=200 and 10 respectively).
rtabmap subscribed to (approx sync):
   /odom \
   /leo04/livox/lidar
[WARN] [1771075872.315440016] [rtabmap]: rtabmap: Did not receive data since 5 seconds! Make sure the input topics are published ("$ ros2 topic hz my_topic") and the timestamps in their header are set. If topics are coming from different computers, make sure the clocks of the computers are synchronized ("ntpdate"). Ajusting topic_queue_size (10) and sync_queue_size (200) can also help for better synchronization if framerates and/or delays are different. If topics are not published at the same rate, you could increase "sync_queue_size" and/or "topic_queue_size" parameters (current=200 and 10 respectively).
rtabmap subscribed to (approx sync):
   /odom \
   /leo04/livox/lidar
[WARN] [1771075877.315623476] [rtabmap]: rtabmap: Did not receive data since 5 seconds! Make sure the input topics are published ("$ ros2 topic hz my_topic") and the timestamps in their header are set. If topics are coming from different computers, make sure the clocks of the computers are synchronized ("ntpdate"). Ajusting topic_queue_size (10) and sync_queue_size (200) can also help for better synchronization if framerates and/or delays are different. If topics are not published at the same rate, you could increase "sync_queue_size" and/or "topic_queue_size" parameters (current=200 and 10 respectively).
rtabmap subscribed to (approx sync):
   /odom \
   /leo04/livox/lidar
[WARN] [1771075882.315796719] [rtabmap]: rtabmap: Did not receive data since 5 seconds! Make sure the input topics are published ("$ ros2 topic hz my_topic") and the timestamps in their header are set. If topics are coming from different computers, make sure the clocks of the computers are synchronized ("ntpdate"). Ajusting topic_queue_size (10) and sync_queue_size (200) can also help for better synchronization if framerates and/or delays are different. If topics are not published at the same rate, you could increase "sync_queue_size" and/or "topic_queue_size" parameters (current=200 and 10 respectively).
rtabmap subscribed to (approx sync):
   /odom \
   /leo04/livox/lidar
[WARN] [1771075887.316118640] [rtabmap]: rtabmap: Did not receive data since 5 seconds! Make sure the input topics are published ("$ ros2 topic hz my_topic") and the timestamps in their header are set. If topics are coming from different computers, make sure the clocks of the computers are synchronized ("ntpdate"). Ajusting topic_queue_size (10) and sync_queue_size (200) can also help for better synchronization if framerates and/or delays are different. If topics are not published at the same rate, you could increase "sync_queue_size" and/or "topic_queue_size" parameters (current=200 and 10 respectively).
rtabmap subscribed to (approx sync):
   /odom \
   /leo04/livox/lidar
[WARN] [1771075892.316195144] [rtabmap]: rtabmap: Did not receive data since 5 seconds! Make sure the input topics are published ("$ ros2 topic hz my_topic") and the timestamps in their header are set. If topics are coming from different computers, make sure the clocks of the computers are synchronized ("ntpdate"). Ajusting topic_queue_size (10) and sync_queue_size (200) can also help for better synchronization if framerates and/or delays are different. If topics are not published at the same rate, you could increase "sync_queue_size" and/or "topic_queue_size" parameters (current=200 and 10 respectively).
rtabmap subscribed to (approx sync):
   /odom \
   /leo04/livox/lidar
[WARN] [1771075897.316358147] [rtabmap]: rtabmap: Did not receive data since 5 seconds! Make sure the input topics are published ("$ ros2 topic hz my_topic") and the timestamps in their header are set. If topics are coming from different computers, make sure the clocks of the computers are synchronized ("ntpdate"). Ajusting topic_queue_size (10) and sync_queue_size (200) can also help for better synchronization if framerates and/or delays are different. If topics are not published at the same rate, you could increase "sync_queue_size" and/or "topic_queue_size" parameters (current=200 and 10 respectively).
rtabmap subscribed to (approx sync):
   /odom \
   /leo04/livox/lidar
[WARN] [1771075902.316569055] [rtabmap]: rtabmap: Did not receive data since 5 seconds! Make sure the input topics are published ("$ ros2 topic hz my_topic") and the timestamps in their header are set. If topics are coming from different computers, make sure the clocks of the computers are synchronized ("ntpdate"). Ajusting topic_queue_size (10) and sync_queue_size (200) can also help for better synchronization if framerates and/or delays are different. If topics are not published at the same rate, you could increase "sync_queue_size" and/or "topic_queue_size" parameters (current=200 and 10 respectively).
rtabmap subscribed to (approx sync):
   /odom \
   /leo04/livox/lidar
[WARN] [1771075907.316734714] [rtabmap]: rtabmap: Did not receive data since 5 seconds! Make sure the input topics are published ("$ ros2 topic hz my_topic") and the timestamps in their header are set. If topics are coming from different computers, make sure the clocks of the computers are synchronized ("ntpdate"). Ajusting topic_queue_size (10) and sync_queue_size (200) can also help for better synchronization if framerates and/or delays are different. If topics are not published at the same rate, you could increase "sync_queue_size" and/or "topic_queue_size" parameters (current=200 and 10 respectively).
rtabmap subscribed to (approx sync):
   /odom \
   /leo04/livox/lidar
[WARN] [1771075912.316934358] [rtabmap]: rtabmap: Did not receive data since 5 seconds! Make sure the input topics are published ("$ ros2 topic hz my_topic") and the timestamps in their header are set. If topics are coming from different computers, make sure the clocks of the computers are synchronized ("ntpdate"). Ajusting topic_queue_size (10) and sync_queue_size (200) can also help for better synchronization if framerates and/or delays are different. If topics are not published at the same rate, you could increase "sync_queue_size" and/or "topic_queue_size" parameters (current=200 and 10 respectively).
rtabmap subscribed to (approx sync):
   /odom \
   /leo04/livox/lidar
[WARN] [1771075917.317116434] [rtabmap]: rtabmap: Did not receive data since 5 seconds! Make sure the input topics are published ("$ ros2 topic hz my_topic") and the timestamps in their header are set. If topics are coming from different computers, make sure the clocks of the computers are synchronized ("ntpdate"). Ajusting topic_queue_size (10) and sync_queue_size (200) can also help for better synchronization if framerates and/or delays are different. If topics are not published at the same rate, you could increase "sync_queue_size" and/or "topic_queue_size" parameters (current=200 and 10 respectively).
rtabmap subscribed to (approx sync):
   /odom \
   /leo04/livox/lidar
[WARN] [1771075922.317319598] [rtabmap]: rtabmap: Did not receive data since 5 seconds! Make sure the input topics are published ("$ ros2 topic hz my_topic") and the timestamps in their header are set. If topics are coming from different computers, make sure the clocks of the computers are synchronized ("ntpdate"). Ajusting topic_queue_size (10) and sync_queue_size (200) can also help for better synchronization if framerates and/or delays are different. If topics are not published at the same rate, you could increase "sync_queue_size" and/or "topic_queue_size" parameters (current=200 and 10 respectively).
rtabmap subscribed to (approx sync):
   /odom \
   /leo04/livox/lidar
[WARN] [1771075927.317503402] [rtabmap]: rtabmap: Did not receive data since 5 seconds! Make sure the input topics are published ("$ ros2 topic hz my_topic") and the timestamps in their header are set. If topics are coming from different computers, make sure the clocks of the computers are synchronized ("ntpdate"). Ajusting topic_queue_size (10) and sync_queue_size (200) can also help for better synchronization if framerates and/or delays are different. If topics are not published at the same rate, you could increase "sync_queue_size" and/or "topic_queue_size" parameters (current=200 and 10 respectively).
rtabmap subscribed to (approx sync):
   /odom \
   /leo04/livox/lidar
[WARN] [1771075932.317678949] [rtabmap]: rtabmap: Did not receive data since 5 seconds! Make sure the input topics are published ("$ ros2 topic hz my_topic") and the timestamps in their header are set. If topics are coming from different computers, make sure the clocks of the computers are synchronized ("ntpdate"). Ajusting topic_queue_size (10) and sync_queue_size (200) can also help for better synchronization if framerates and/or delays are different. If topics are not published at the same rate, you could increase "sync_queue_size" and/or "topic_queue_size" parameters (current=200 and 10 respectively).
rtabmap subscribed to (approx sync):
   /odom \
   /leo04/livox/lidar
[WARN] [1771075937.317886370] [rtabmap]: rtabmap: Did not receive data since 5 seconds! Make sure the input topics are published ("$ ros2 topic hz my_topic") and the timestamps in their header are set. If topics are coming from different computers, make sure the clocks of the computers are synchronized ("ntpdate"). Ajusting topic_queue_size (10) and sync_queue_size (200) can also help for better synchronization if framerates and/or delays are different. If topics are not published at the same rate, you could increase "sync_queue_size" and/or "topic_queue_size" parameters (current=200 and 10 respectively).
rtabmap subscribed to (approx sync):
   /odom \
   /leo04/livox/lidar
[WARN] [1771075942.318055675] [rtabmap]: rtabmap: Did not receive data since 5 seconds! Make sure the input topics are published ("$ ros2 topic hz my_topic") and the timestamps in their header are set. If topics are coming from different computers, make sure the clocks of the computers are synchronized ("ntpdate"). Ajusting topic_queue_size (10) and sync_queue_size (200) can also help for better synchronization if framerates and/or delays are different. If topics are not published at the same rate, you could increase "sync_queue_size" and/or "topic_queue_size" parameters (current=200 and 10 respectively).
rtabmap subscribed to (approx sync):
   /odom \
   /leo04/livox/lidar
[WARN] [1771075947.318252406] [rtabmap]: rtabmap: Did not receive data since 5 seconds! Make sure the input topics are published ("$ ros2 topic hz my_topic") and the timestamps in their header are set. If topics are coming from different computers, make sure the clocks of the computers are synchronized ("ntpdate"). Ajusting topic_queue_size (10) and sync_queue_size (200) can also help for better synchronization if framerates and/or delays are different. If topics are not published at the same rate, you could increase "sync_queue_size" and/or "topic_queue_size" parameters (current=200 and 10 respectively).
rtabmap subscribed to (approx sync):
   /odom \
   /leo04/livox/lidar
[WARN] [1771075952.318542678] [rtabmap]: rtabmap: Did not receive data since 5 seconds! Make sure the input topics are published ("$ ros2 topic hz my_topic") and the timestamps in their header are set. If topics are coming from different computers, make sure the clocks of the computers are synchronized ("ntpdate"). Ajusting topic_queue_size (10) and sync_queue_size (200) can also help for better synchronization if framerates and/or delays are different. If topics are not published at the same rate, you could increase "sync_queue_size" and/or "topic_queue_size" parameters (current=200 and 10 respectively).
rtabmap subscribed to (approx sync):
   /odom \
   /leo04/livox/lidar
[WARN] [1771075957.318673390] [rtabmap]: rtabmap: Did not receive data since 5 seconds! Make sure the input topics are published ("$ ros2 topic hz my_topic") and the timestamps in their header are set. If topics are coming from different computers, make sure the clocks of the computers are synchronized ("ntpdate"). Ajusting topic_queue_size (10) and sync_queue_size (200) can also help for better synchronization if framerates and/or delays are different. If topics are not published at the same rate, you could increase "sync_queue_size" and/or "topic_queue_size" parameters (current=200 and 10 respectively).
rtabmap subscribed to (approx sync):
   /odom \
   /leo04/livox/lidar
[WARN] [1771075962.318976238] [rtabmap]: rtabmap: Did not receive data since 5 seconds! Make sure the input topics are published ("$ ros2 topic hz my_topic") and the timestamps in their header are set. If topics are coming from different computers, make sure the clocks of the computers are synchronized ("ntpdate"). Ajusting topic_queue_size (10) and sync_queue_size (200) can also help for better synchronization if framerates and/or delays are different. If topics are not published at the same rate, you could increase "sync_queue_size" and/or "topic_queue_size" parameters (current=200 and 10 respectively).
rtabmap subscribed to (approx sync):
   /odom \
   /leo04/livox/lidar
[WARN] [1771075967.319170889] [rtabmap]: rtabmap: Did not receive data since 5 seconds! Make sure the input topics are published ("$ ros2 topic hz my_topic") and the timestamps in their header are set. If topics are coming from different computers, make sure the clocks of the computers are synchronized ("ntpdate"). Ajusting topic_queue_size (10) and sync_queue_size (200) can also help for better synchronization if framerates and/or delays are different. If topics are not published at the same rate, you could increase "sync_queue_size" and/or "topic_queue_size" parameters (current=200 and 10 respectively).
rtabmap subscribed to (approx sync):
   /odom \
   /leo04/livox/lidar
[INFO] [1771075970.532633275] [rclcpp]: signal_handler(signum=2)
