[INFO] [1772726336.365804789] [rtabmap]: rtabmap(maps): latch                      = false
[INFO] [1772726336.366436940] [rtabmap]: rtabmap(maps): map_filter_radius          = 0.000000
[INFO] [1772726336.366483726] [rtabmap]: rtabmap(maps): map_filter_angle           = 30.000000
[INFO] [1772726336.366510415] [rtabmap]: rtabmap(maps): map_cleanup                = true
[INFO] [1772726336.366528688] [rtabmap]: rtabmap(maps): map_always_update          = false
[INFO] [1772726336.366546800] [rtabmap]: rtabmap(maps): map_empty_ray_tracing      = true
[INFO] [1772726336.366565137] [rtabmap]: rtabmap(maps): cloud_output_voxelized     = true
[INFO] [1772726336.366588562] [rtabmap]: rtabmap(maps): cloud_subtract_filtering   = false
[INFO] [1772726336.366607186] [rtabmap]: rtabmap(maps): cloud_subtract_filtering_min_neighbors = 2
[INFO] [1772726336.366713398] [rtabmap]: rtabmap(maps): octomap_tree_depth         = 16
[INFO] [1772726336.384013851] [rtabmap]: rtabmap: frame_id      = leo04/base_footprint
[INFO] [1772726336.384130143] [rtabmap]: rtabmap: map_frame_id  = map
[INFO] [1772726336.384151040] [rtabmap]: rtabmap: log_to_rosout_level  = 4
[INFO] [1772726336.384166048] [rtabmap]: rtabmap: initial_pose  = 
[INFO] [1772726336.384179841] [rtabmap]: rtabmap: use_action_for_goal  = false
[INFO] [1772726336.384199458] [rtabmap]: rtabmap: tf_delay      = 0.050000
[INFO] [1772726336.384224099] [rtabmap]: rtabmap: tf_tolerance  = 0.100000
[INFO] [1772726336.384249444] [rtabmap]: rtabmap: odom_sensor_sync   = false
[INFO] [1772726336.384265412] [rtabmap]: rtabmap: pub_loc_pose_only_when_localizing = false
[INFO] [1772726336.384279173] [rtabmap]: rtabmap: wait_for_transform = 0.500000
[INFO] [1772726336.384293317] [rtabmap]: rtabmap: gen_scan  = false
[INFO] [1772726336.384306886] [rtabmap]: rtabmap: gen_depth  = false
[INFO] [1772726336.384320326] [rtabmap]: rtabmap: scan_cloud_max_points = 0
[INFO] [1772726336.384333927] [rtabmap]: rtabmap: scan_cloud_is_2d = false
[INFO] [1772726336.398767104] [rtabmap]: Setting RTAB-Map parameter "Grid/CellSize"="0.03" (rosparam)
[INFO] [1772726336.399184112] [rtabmap]: Setting RTAB-Map parameter "Grid/MaxGroundAngle"="45" (rosparam)
[INFO] [1772726336.399254546] [rtabmap]: Setting RTAB-Map parameter "Grid/MaxGroundHeight"="0.1" (rosparam)
[INFO] [1772726336.399311508] [rtabmap]: Setting RTAB-Map parameter "Grid/MaxObstacleHeight"="0.7" (rosparam)
[INFO] [1772726336.399399960] [rtabmap]: Setting RTAB-Map parameter "Grid/MinGroundHeight"="-0.1" (rosparam)
[INFO] [1772726336.399572798] [rtabmap]: Setting RTAB-Map parameter "Grid/RangeMax"="3.0" (rosparam)
[INFO] [1772726336.399633376] [rtabmap]: Setting RTAB-Map parameter "Grid/RangeMin"="0.7" (rosparam)
[INFO] [1772726336.399695555] [rtabmap]: Setting RTAB-Map parameter "Grid/RayTracing"="false" (rosparam)
[INFO] [1772726336.399800775] [rtabmap]: Setting RTAB-Map parameter "Grid/Sensor"="0" (rosparam)
[INFO] [1772726336.400194485] [rtabmap]: Setting RTAB-Map parameter "Icp/CorrespondenceRatio"="0.2" (rosparam)
[INFO] [1772726336.400323578] [rtabmap]: Setting RTAB-Map parameter "Icp/Epsilon"="0.001" (rosparam)
[INFO] [1772726336.400456543] [rtabmap]: Setting RTAB-Map parameter "Icp/Iterations"="10" (rosparam)
[INFO] [1772726336.400511265] [rtabmap]: Setting RTAB-Map parameter "Icp/MaxCorrespondenceDistance"="1" (rosparam)
[INFO] [1772726336.400585860] [rtabmap]: Setting RTAB-Map parameter "Icp/MaxTranslation"="3" (rosparam)
[INFO] [1772726336.400632582] [rtabmap]: Setting RTAB-Map parameter "Icp/OutlierRatio"="0.7" (rosparam)
[INFO] [1772726336.400772043] [rtabmap]: Setting RTAB-Map parameter "Icp/PointToPlane"="true" (rosparam)
[INFO] [1772726336.400846862] [rtabmap]: Setting RTAB-Map parameter "Icp/PointToPlaneK"="20" (rosparam)
[INFO] [1772726336.400939665] [rtabmap]: Setting RTAB-Map parameter "Icp/PointToPlaneRadius"="0" (rosparam)
[INFO] [1772726336.401013364] [rtabmap]: Setting RTAB-Map parameter "Icp/RangeMin"="0.3" (rosparam)
[INFO] [1772726336.401083927] [rtabmap]: Setting RTAB-Map parameter "Icp/Strategy"="1" (rosparam)
[INFO] [1772726336.401136024] [rtabmap]: Setting RTAB-Map parameter "Icp/VoxelSize"="0.1" (rosparam)
[INFO] [1772726336.402641585] [rtabmap]: Setting RTAB-Map parameter "Mem/LaserScanNormalK"="20" (rosparam)
[INFO] [1772726336.402745236] [rtabmap]: Setting RTAB-Map parameter "Mem/LaserScanVoxelSize"="0.03" (rosparam)
[INFO] [1772726336.402852152] [rtabmap]: Setting RTAB-Map parameter "Mem/NotLinkedNodesKept"="false" (rosparam)
[INFO] [1772726336.403069760] [rtabmap]: Setting RTAB-Map parameter "Mem/STMSize"="30" (rosparam)
[INFO] [1772726336.403791803] [rtabmap]: Setting RTAB-Map parameter "RGBD/AngularUpdate"="0.05" (rosparam)
[INFO] [1772726336.403853278] [rtabmap]: Setting RTAB-Map parameter "RGBD/CreateOccupancyGrid"="true" (rosparam)
[INFO] [1772726336.404046597] [rtabmap]: Setting RTAB-Map parameter "RGBD/LinearUpdate"="0.05" (rosparam)
[INFO] [1772726336.404613658] [rtabmap]: Setting RTAB-Map parameter "RGBD/ProximityMaxGraphDepth"="0" (rosparam)
[INFO] [1772726336.404783072] [rtabmap]: Setting RTAB-Map parameter "RGBD/ProximityPathMaxNeighbors"="1" (rosparam)
[INFO] [1772726336.404950887] [rtabmap]: Setting RTAB-Map parameter "Reg/Strategy"="1" (rosparam)
[INFO] [1772726336.408241281] [rtabmap]: RTAB-Map detection rate = 1.000000 Hz
[INFO] [1772726336.408623311] [rtabmap]: rtabmap: Deleted database "/root/.ros/rtabmap.db" (--delete_db_on_start or -d are set).
[INFO] [1772726336.408695346] [rtabmap]: rtabmap: Using database from "/root/.ros/rtabmap.db" (0 MB).
[INFO] [1772726336.473748809] [rtabmap]: rtabmap: Database version = "0.22.1".
[INFO] [1772726336.473874797] [rtabmap]: rtabmap: SLAM mode (Mem/IncrementalMemory=true)
[INFO] [1772726336.486100469] [rtabmap]: Setup callbacks
[INFO] [1772726336.486281404] [rtabmap]: rtabmap: subscribe_depth = false
[INFO] [1772726336.486318653] [rtabmap]: rtabmap: subscribe_rgb = false
[INFO] [1772726336.486344094] [rtabmap]: rtabmap: subscribe_stereo = false
[INFO] [1772726336.486367487] [rtabmap]: rtabmap: subscribe_rgbd = false (rgbd_cameras=1)
[INFO] [1772726336.486432673] [rtabmap]: rtabmap: subscribe_sensor_data = false
[INFO] [1772726336.486461762] [rtabmap]: rtabmap: subscribe_odom_info = false
[INFO] [1772726336.486485507] [rtabmap]: rtabmap: subscribe_user_data = false
[INFO] [1772726336.486508036] [rtabmap]: rtabmap: subscribe_scan = false
[INFO] [1772726336.486531269] [rtabmap]: rtabmap: subscribe_scan_cloud = true
[INFO] [1772726336.486553734] [rtabmap]: rtabmap: subscribe_scan_descriptor = false
[INFO] [1772726336.486576199] [rtabmap]: rtabmap: topic_queue_size = 10
[INFO] [1772726336.486599015] [rtabmap]: rtabmap: sync_queue_size  = 200
[INFO] [1772726336.486621736] [rtabmap]: rtabmap: qos_image       = 0
[INFO] [1772726336.486644809] [rtabmap]: rtabmap: qos_camera_info = 0
[INFO] [1772726336.486668010] [rtabmap]: rtabmap: qos_scan        = 0
[INFO] [1772726336.486690443] [rtabmap]: rtabmap: qos_odom        = 0
[INFO] [1772726336.486726060] [rtabmap]: rtabmap: qos_user_data   = 0
[INFO] [1772726336.486751341] [rtabmap]: rtabmap: approx_sync     = true
[INFO] [1772726336.486794735] [rtabmap]: Setup scan callback
[INFO] [1772726336.488184802] [rtabmap]: 
rtabmap subscribed to (approx sync):
   /odom \
   /leo04/livox/lidar
[WARN] [1772726336.490897543] [rtabmap]: There is no image subscription, bag-of-words loop closure detection will be disabled...
[WARN] [1772726336.490986827] [rtabmap]: Setting Kp/MaxFeatures=-1 (bag-of-words disabled)
[INFO] [1772726338.062479210] [rtabmap]: rtabmap (1): Rate=1.00s, Limit=0.000s, Conversion=0.0110s, RTAB-Map=0.0914s, Maps update=0.0002s pub=0.0001s delay=3.1403s (local map=1, WM=1)
[INFO] [1772726338.125433587] [rtabmap]: rtabmap (2): Rate=1.00s, Limit=0.000s, Conversion=0.0005s, RTAB-Map=0.0577s, Maps update=0.0001s pub=0.0001s delay=0.2014s (local map=1, WM=1)
[INFO] [1772726339.241293993] [rtabmap]: rtabmap (3): Rate=1.00s, Limit=0.000s, Conversion=0.0005s, RTAB-Map=0.0627s, Maps update=0.0002s pub=0.0001s delay=0.2178s (local map=1, WM=1)
[INFO] [1772726340.345237955] [rtabmap]: rtabmap (4): Rate=1.00s, Limit=0.000s, Conversion=0.0005s, RTAB-Map=0.0651s, Maps update=0.0001s pub=0.0001s delay=0.2218s (local map=1, WM=1)
[INFO] [1772726341.445693735] [rtabmap]: rtabmap (5): Rate=1.00s, Limit=0.000s, Conversion=0.0003s, RTAB-Map=0.0656s, Maps update=0.0002s pub=0.0001s delay=0.2223s (local map=1, WM=1)
[INFO] [1772726342.555390909] [rtabmap]: rtabmap (6): Rate=1.00s, Limit=0.000s, Conversion=0.0009s, RTAB-Map=0.0691s, Maps update=0.0001s pub=0.0001s delay=0.2320s (local map=1, WM=1)
[INFO] [1772726343.538891538] [rtabmap]: rtabmap (7): Rate=1.00s, Limit=0.000s, Conversion=0.0003s, RTAB-Map=0.0714s, Maps update=0.0001s pub=0.0001s delay=0.2154s (local map=1, WM=1)
[INFO] [1772726344.631928979] [rtabmap]: rtabmap (8): Rate=1.00s, Limit=0.000s, Conversion=0.0003s, RTAB-Map=0.0611s, Maps update=0.0001s pub=0.0001s delay=0.2085s (local map=1, WM=1)
[INFO] [1772726345.655153678] [rtabmap]: rtabmap (9): Rate=1.00s, Limit=0.000s, Conversion=0.0008s, RTAB-Map=0.0680s, Maps update=0.0001s pub=0.0001s delay=0.2316s (local map=1, WM=1)
[INFO] [1772726346.751474686] [rtabmap]: rtabmap (10): Rate=1.00s, Limit=0.000s, Conversion=0.0004s, RTAB-Map=0.0645s, Maps update=0.0001s pub=0.0001s delay=0.2280s (local map=1, WM=1)
[INFO] [1772726347.848334688] [rtabmap]: rtabmap (11): Rate=1.00s, Limit=0.000s, Conversion=0.0005s, RTAB-Map=0.0690s, Maps update=0.0001s pub=0.0001s delay=0.2249s (local map=1, WM=1)
[INFO] [1772726348.962089408] [rtabmap]: rtabmap (12): Rate=1.00s, Limit=0.000s, Conversion=0.0003s, RTAB-Map=0.0778s, Maps update=0.0002s pub=0.0001s delay=0.2386s (local map=1, WM=1)
[INFO] [1772726350.050613543] [rtabmap]: rtabmap (13): Rate=1.00s, Limit=0.000s, Conversion=0.0005s, RTAB-Map=0.0725s, Maps update=0.0002s pub=0.0001s delay=0.2270s (local map=1, WM=1)
[INFO] [1772726351.151530835] [rtabmap]: rtabmap (14): Rate=1.00s, Limit=0.000s, Conversion=0.0005s, RTAB-Map=0.0640s, Maps update=0.0001s pub=0.0001s delay=0.2281s (local map=1, WM=1)
[INFO] [1772726352.244581396] [rtabmap]: rtabmap (15): Rate=1.00s, Limit=0.000s, Conversion=0.0003s, RTAB-Map=0.0613s, Maps update=0.0001s pub=0.0001s delay=0.2210s (local map=1, WM=1)
[INFO] [1772726353.352470125] [rtabmap]: rtabmap (16): Rate=1.00s, Limit=0.000s, Conversion=0.0003s, RTAB-Map=0.0769s, Maps update=0.0002s pub=0.0001s delay=0.2290s (local map=1, WM=1)
[INFO] [1772726354.442090777] [rtabmap]: rtabmap (17): Rate=1.00s, Limit=0.000s, Conversion=0.0006s, RTAB-Map=0.0631s, Maps update=0.0001s pub=0.0001s delay=0.2186s (local map=1, WM=1)
[INFO] [1772726355.555111936] [rtabmap]: rtabmap (18): Rate=1.00s, Limit=0.000s, Conversion=0.0003s, RTAB-Map=0.0701s, Maps update=0.0001s pub=0.0001s delay=0.2317s (local map=1, WM=1)
[INFO] [1772726356.552294439] [rtabmap]: rtabmap (19): Rate=1.00s, Limit=0.000s, Conversion=0.0008s, RTAB-Map=0.0723s, Maps update=0.0001s pub=0.0001s delay=0.2288s (local map=1, WM=1)
[INFO] [1772726357.653244500] [rtabmap]: rtabmap (20): Rate=1.00s, Limit=0.000s, Conversion=0.0005s, RTAB-Map=0.0638s, Maps update=0.0001s pub=0.0001s delay=0.2296s (local map=1, WM=1)
[INFO] [1772726358.763829576] [rtabmap]: rtabmap (21): Rate=1.00s, Limit=0.000s, Conversion=0.0005s, RTAB-Map=0.0767s, Maps update=0.0004s pub=0.0017s delay=0.2403s (local map=1, WM=1)
[INFO] [1772726359.753126114] [rtabmap]: rtabmap (22): Rate=1.00s, Limit=0.000s, Conversion=0.0003s, RTAB-Map=0.0724s, Maps update=0.0002s pub=0.0006s delay=0.2288s (local map=1, WM=1)
[INFO] [1772726360.861173889] [rtabmap]: rtabmap (23): Rate=1.00s, Limit=0.000s, Conversion=0.0003s, RTAB-Map=0.0772s, Maps update=0.0002s pub=0.0006s delay=0.2376s (local map=1, WM=1)
[INFO] [1772726361.844314730] [rtabmap]: rtabmap (24): Rate=1.00s, Limit=0.000s, Conversion=0.0003s, RTAB-Map=0.0620s, Maps update=0.0002s pub=0.0006s delay=0.2207s (local map=1, WM=1)
[INFO] [1772726362.858118661] [rtabmap]: rtabmap (25): Rate=1.00s, Limit=0.000s, Conversion=0.0005s, RTAB-Map=0.0748s, Maps update=0.0002s pub=0.0006s delay=0.2344s (local map=1, WM=1)
[INFO] [1772726363.951637045] [rtabmap]: rtabmap (26): Rate=1.00s, Limit=0.000s, Conversion=0.0005s, RTAB-Map=0.0687s, Maps update=0.0004s pub=0.0006s delay=0.2282s (local map=1, WM=1)
[INFO] [1772726365.043355081] [rtabmap]: rtabmap (27): Rate=1.00s, Limit=0.000s, Conversion=0.0005s, RTAB-Map=0.0690s, Maps update=0.0002s pub=0.0004s delay=0.2197s (local map=1, WM=1)
[INFO] [1772726366.044475221] [rtabmap]: rtabmap (28): Rate=1.00s, Limit=0.000s, Conversion=0.0005s, RTAB-Map=0.0638s, Maps update=0.0002s pub=0.0004s delay=0.2208s (local map=1, WM=1)
[INFO] [1772726367.042900677] [rtabmap]: rtabmap (29): Rate=1.00s, Limit=0.000s, Conversion=0.0005s, RTAB-Map=0.0591s, Maps update=0.0002s pub=0.0009s delay=0.2186s (local map=1, WM=1)
[INFO] [1772726368.152945383] [rtabmap]: rtabmap (30): Rate=1.00s, Limit=0.000s, Conversion=0.0003s, RTAB-Map=0.0702s, Maps update=0.0003s pub=0.0006s delay=0.2295s (local map=1, WM=1)
[INFO] [1772726369.152694405] [rtabmap]: rtabmap (31): Rate=1.00s, Limit=0.000s, Conversion=0.0003s, RTAB-Map=0.0751s, Maps update=0.0002s pub=0.0006s delay=0.2291s (local map=1, WM=1)
[INFO] [1772726370.152917650] [rtabmap]: rtabmap (32): Rate=1.00s, Limit=0.000s, Conversion=0.0006s, RTAB-Map=0.0670s, Maps update=0.0002s pub=0.0006s delay=0.2293s (local map=1, WM=1)
[INFO] [1772726371.251480046] [rtabmap]: rtabmap (33): Rate=1.00s, Limit=0.000s, Conversion=0.0003s, RTAB-Map=0.0673s, Maps update=0.0003s pub=0.0005s delay=0.2279s (local map=1, WM=1)
[INFO] [1772726372.345216134] [rtabmap]: rtabmap (34): Rate=1.00s, Limit=0.000s, Conversion=0.0005s, RTAB-Map=0.0689s, Maps update=0.0003s pub=0.0005s delay=0.2216s (local map=1, WM=1)
[INFO] [1772726373.343826461] [rtabmap]: rtabmap (35): Rate=1.00s, Limit=0.000s, Conversion=0.0005s, RTAB-Map=0.0687s, Maps update=0.0002s pub=0.0006s delay=0.2201s (local map=1, WM=1)
[INFO] [1772726374.451611122] [rtabmap]: rtabmap (36): Rate=1.00s, Limit=0.000s, Conversion=0.0003s, RTAB-Map=0.0678s, Maps update=0.0002s pub=0.0006s delay=0.2278s (local map=1, WM=1)
[INFO] [1772726375.458468481] [rtabmap]: rtabmap (37): Rate=1.00s, Limit=0.000s, Conversion=0.0005s, RTAB-Map=0.0698s, Maps update=0.0002s pub=0.0004s delay=0.2347s (local map=1, WM=1)
[INFO] [1772726376.457555432] [rtabmap]: rtabmap (38): Rate=1.00s, Limit=0.000s, Conversion=0.0003s, RTAB-Map=0.0711s, Maps update=0.0003s pub=0.0006s delay=0.2337s (local map=1, WM=1)
[INFO] [1772726377.550961365] [rtabmap]: rtabmap (39): Rate=1.00s, Limit=0.000s, Conversion=0.0005s, RTAB-Map=0.0701s, Maps update=0.0003s pub=0.0011s delay=0.2273s (local map=1, WM=1)
[INFO] [1772726378.648278951] [rtabmap]: rtabmap (40): Rate=1.00s, Limit=0.000s, Conversion=0.0005s, RTAB-Map=0.0759s, Maps update=0.0003s pub=0.0009s delay=0.2246s (local map=1, WM=1)
[INFO] [1772726379.764330325] [rtabmap]: rtabmap (41): Rate=1.00s, Limit=0.000s, Conversion=0.0003s, RTAB-Map=0.0844s, Maps update=0.0002s pub=0.0006s delay=0.2406s (local map=1, WM=1)
[INFO] [1772726380.861082036] [rtabmap]: rtabmap (42): Rate=1.00s, Limit=0.000s, Conversion=0.0005s, RTAB-Map=0.0797s, Maps update=0.0003s pub=0.0006s delay=0.2373s (local map=1, WM=1)
[INFO] [1772726381.967675425] [rtabmap]: rtabmap (43): Rate=1.00s, Limit=0.000s, Conversion=0.0003s, RTAB-Map=0.0792s, Maps update=0.0003s pub=0.0006s delay=0.2440s (local map=1, WM=1)
[INFO] [1772726383.056432847] [rtabmap]: rtabmap (44): Rate=1.00s, Limit=0.000s, Conversion=0.0005s, RTAB-Map=0.0699s, Maps update=0.0003s pub=0.0005s delay=0.2327s (local map=1, WM=1)
[INFO] [1772726384.149049249] [rtabmap]: rtabmap (45): Rate=1.00s, Limit=0.000s, Conversion=0.0003s, RTAB-Map=0.0729s, Maps update=0.0002s pub=0.0007s delay=0.2253s (local map=1, WM=1)
[INFO] [1772726385.255890103] [rtabmap]: rtabmap (46): Rate=1.00s, Limit=0.000s, Conversion=0.0003s, RTAB-Map=0.0710s, Maps update=0.0003s pub=0.0005s delay=0.2324s (local map=1, WM=1)
[INFO] [1772726386.350173473] [rtabmap]: rtabmap (47): Rate=1.00s, Limit=0.000s, Conversion=0.0004s, RTAB-Map=0.0701s, Maps update=0.0002s pub=0.0006s delay=0.2272s (local map=1, WM=1)
[INFO] [1772726387.360134330] [rtabmap]: rtabmap (48): Rate=1.00s, Limit=0.000s, Conversion=0.0004s, RTAB-Map=0.0771s, Maps update=0.0002s pub=0.0005s delay=0.2366s (local map=1, WM=1)
[INFO] [1772726388.359752178] [rtabmap]: rtabmap (49): Rate=1.00s, Limit=0.000s, Conversion=0.0003s, RTAB-Map=0.0796s, Maps update=0.0003s pub=0.0006s delay=0.2360s (local map=1, WM=1)
[INFO] [1772726389.357111231] [rtabmap]: rtabmap (50): Rate=1.00s, Limit=0.000s, Conversion=0.0005s, RTAB-Map=0.0778s, Maps update=0.0002s pub=0.0006s delay=0.2333s (local map=1, WM=1)
[INFO] [1772726390.458528380] [rtabmap]: rtabmap (51): Rate=1.00s, Limit=0.000s, Conversion=0.0004s, RTAB-Map=0.0741s, Maps update=0.0003s pub=0.0005s delay=0.2349s (local map=1, WM=1)
[INFO] [1772726391.544436362] [rtabmap]: rtabmap (52): Rate=1.00s, Limit=0.000s, Conversion=0.0003s, RTAB-Map=0.0635s, Maps update=0.0002s pub=0.0006s delay=0.2206s (local map=1, WM=1)
[INFO] [1772726392.650951892] [rtabmap]: rtabmap (53): Rate=1.00s, Limit=0.000s, Conversion=0.0005s, RTAB-Map=0.0724s, Maps update=0.0002s pub=0.0006s delay=0.2271s (local map=1, WM=1)
[INFO] [1772726393.746592397] [rtabmap]: rtabmap (54): Rate=1.00s, Limit=0.000s, Conversion=0.0005s, RTAB-Map=0.0681s, Maps update=0.0002s pub=0.0005s delay=0.2228s (local map=1, WM=1)
[INFO] [1772726394.748593430] [rtabmap]: rtabmap (55): Rate=1.00s, Limit=0.000s, Conversion=0.0003s, RTAB-Map=0.0678s, Maps update=0.0004s pub=0.0006s delay=0.2247s (local map=1, WM=1)
[INFO] [1772726395.865005041] [rtabmap]: rtabmap (56): Rate=1.00s, Limit=0.000s, Conversion=0.0003s, RTAB-Map=0.0815s, Maps update=0.0002s pub=0.0006s delay=0.2414s (local map=1, WM=1)
[INFO] [1772726396.853988577] [rtabmap]: rtabmap (57): Rate=1.00s, Limit=0.000s, Conversion=0.0006s, RTAB-Map=0.0701s, Maps update=0.0003s pub=0.0007s delay=0.2303s (local map=1, WM=1)
[INFO] [1772726397.849499246] [rtabmap]: rtabmap (58): Rate=1.00s, Limit=0.000s, Conversion=0.0005s, RTAB-Map=0.0666s, Maps update=0.0003s pub=0.0005s delay=0.2258s (local map=1, WM=1)
[INFO] [1772726398.859803154] [rtabmap]: rtabmap (59): Rate=1.00s, Limit=0.000s, Conversion=0.0003s, RTAB-Map=0.0817s, Maps update=0.0003s pub=0.0008s delay=0.2359s (local map=1, WM=1)
[INFO] [1772726399.952210397] [rtabmap]: rtabmap (60): Rate=1.00s, Limit=0.000s, Conversion=0.0003s, RTAB-Map=0.0745s, Maps update=0.0003s pub=0.0008s delay=0.2285s (local map=1, WM=1)
[INFO] [1772726400.963749803] [rtabmap]: rtabmap (61): Rate=1.00s, Limit=0.000s, Conversion=0.0005s, RTAB-Map=0.0794s, Maps update=0.0003s pub=0.0006s delay=0.2398s (local map=1, WM=1)
[INFO] [1772726402.048306027] [rtabmap]: rtabmap (62): Rate=1.00s, Limit=0.000s, Conversion=0.0004s, RTAB-Map=0.0643s, Maps update=0.0002s pub=0.0006s delay=0.2246s (local map=1, WM=1)
[INFO] [1772726403.060567282] [rtabmap]: rtabmap (63): Rate=1.00s, Limit=0.000s, Conversion=0.0004s, RTAB-Map=0.0786s, Maps update=0.0002s pub=0.0005s delay=0.2368s (local map=1, WM=1)
[INFO] [1772726404.152134144] [rtabmap]: rtabmap (64): Rate=1.00s, Limit=0.000s, Conversion=0.0005s, RTAB-Map=0.0701s, Maps update=0.0002s pub=0.0009s delay=0.2284s (local map=1, WM=1)
[INFO] [1772726405.261171552] [rtabmap]: rtabmap (65): Rate=1.00s, Limit=0.000s, Conversion=0.0005s, RTAB-Map=0.0786s, Maps update=0.0002s pub=0.0005s delay=0.2375s (local map=1, WM=1)
[INFO] [1772726406.351456515] [rtabmap]: rtabmap (66): Rate=1.00s, Limit=0.000s, Conversion=0.0006s, RTAB-Map=0.0649s, Maps update=0.0003s pub=0.0006s delay=0.2285s (local map=1, WM=1)
[INFO] [1772726407.351902067] [rtabmap]: rtabmap (67): Rate=1.00s, Limit=0.000s, Conversion=0.0003s, RTAB-Map=0.0712s, Maps update=0.0003s pub=0.0009s delay=0.2282s (local map=1, WM=1)
[INFO] [1772726408.346009435] [rtabmap]: rtabmap (68): Rate=1.00s, Limit=0.000s, Conversion=0.0005s, RTAB-Map=0.0645s, Maps update=0.0002s pub=0.0006s delay=0.2222s (local map=1, WM=1)
[INFO] [1772726409.346842702] [rtabmap]: rtabmap (69): Rate=1.00s, Limit=0.000s, Conversion=0.0003s, RTAB-Map=0.0729s, Maps update=0.0003s pub=0.0006s delay=0.2230s (local map=1, WM=1)
[INFO] [1772726410.467266000] [rtabmap]: rtabmap (70): Rate=1.00s, Limit=0.000s, Conversion=0.0003s, RTAB-Map=0.0783s, Maps update=0.0004s pub=0.0005s delay=0.2436s (local map=1, WM=1)
[INFO] [1772726411.548690301] [rtabmap]: rtabmap (71): Rate=1.00s, Limit=0.000s, Conversion=0.0003s, RTAB-Map=0.0695s, Maps update=0.0003s pub=0.0008s delay=0.2256s (local map=1, WM=1)
[INFO] [1772726412.544724369] [rtabmap]: rtabmap (72): Rate=1.00s, Limit=0.000s, Conversion=0.0005s, RTAB-Map=0.0695s, Maps update=0.0004s pub=0.0009s delay=0.2211s (local map=1, WM=1)
[INFO] [1772726413.650028500] [rtabmap]: rtabmap (73): Rate=1.00s, Limit=0.000s, Conversion=0.0007s, RTAB-Map=0.0719s, Maps update=0.0002s pub=0.0005s delay=0.2270s (local map=1, WM=1)
[INFO] [1772726414.661240840] [rtabmap]: rtabmap (74): Rate=1.00s, Limit=0.000s, Conversion=0.0005s, RTAB-Map=0.0742s, Maps update=0.0002s pub=0.0006s delay=0.2375s (local map=1, WM=1)
[INFO] [1772726415.652941313] [rtabmap]: rtabmap (75): Rate=1.00s, Limit=0.000s, Conversion=0.0003s, RTAB-Map=0.0755s, Maps update=0.0002s pub=0.0006s delay=0.2292s (local map=1, WM=1)
[INFO] [1772726416.752181662] [rtabmap]: rtabmap (76): Rate=1.00s, Limit=0.000s, Conversion=0.0005s, RTAB-Map=0.0725s, Maps update=0.0003s pub=0.0006s delay=0.2285s (local map=1, WM=1)
[INFO] [1772726417.764188503] [rtabmap]: rtabmap (77): Rate=1.00s, Limit=0.000s, Conversion=0.0005s, RTAB-Map=0.0781s, Maps update=0.0002s pub=0.0005s delay=0.2404s (local map=1, WM=1)
[INFO] [1772726418.857278125] [rtabmap]: rtabmap (78): Rate=1.00s, Limit=0.000s, Conversion=0.0003s, RTAB-Map=0.0730s, Maps update=0.0002s pub=0.0006s delay=0.2337s (local map=1, WM=1)
[INFO] [1772726419.841875514] [rtabmap]: rtabmap (79): Rate=1.00s, Limit=0.000s, Conversion=0.0003s, RTAB-Map=0.0656s, Maps update=0.0002s pub=0.0005s delay=0.2183s (local map=1, WM=1)
[INFO] [1772726420.859390837] [rtabmap]: rtabmap (80): Rate=1.00s, Limit=0.000s, Conversion=0.0004s, RTAB-Map=0.0789s, Maps update=0.0003s pub=0.0006s delay=0.2358s (local map=1, WM=1)
[INFO] [1772726421.843763616] [rtabmap]: rtabmap (81): Rate=1.00s, Limit=0.000s, Conversion=0.0003s, RTAB-Map=0.0645s, Maps update=0.0014s pub=0.0005s delay=0.2201s (local map=1, WM=1)
[INFO] [1772726422.953141501] [rtabmap]: rtabmap (82): Rate=1.00s, Limit=0.000s, Conversion=0.0004s, RTAB-Map=0.0749s, Maps update=0.0003s pub=0.0005s delay=0.2297s (local map=1, WM=1)
[INFO] [1772726423.942420647] [rtabmap]: rtabmap (83): Rate=1.00s, Limit=0.000s, Conversion=0.0003s, RTAB-Map=0.0658s, Maps update=0.0002s pub=0.0005s delay=0.2188s (local map=1, WM=1)
[INFO] [1772726425.056952068] [rtabmap]: rtabmap (84): Rate=1.00s, Limit=0.000s, Conversion=0.0003s, RTAB-Map=0.0711s, Maps update=0.0003s pub=0.0006s delay=0.2335s (local map=1, WM=1)
[INFO] [1772726426.040439689] [rtabmap]: rtabmap (85): Rate=1.00s, Limit=0.000s, Conversion=0.0003s, RTAB-Map=0.0649s, Maps update=0.0002s pub=0.0006s delay=0.2169s (local map=1, WM=1)
[INFO] [1772726427.047776324] [rtabmap]: rtabmap (86): Rate=1.00s, Limit=0.000s, Conversion=0.0005s, RTAB-Map=0.0705s, Maps update=0.0003s pub=0.0006s delay=0.2243s (local map=1, WM=1)
[INFO] [1772726428.058545205] [rtabmap]: rtabmap (87): Rate=1.00s, Limit=0.000s, Conversion=0.0003s, RTAB-Map=0.0705s, Maps update=0.0002s pub=0.0006s delay=0.2350s (local map=1, WM=1)
[INFO] [1772726429.157822611] [rtabmap]: rtabmap (88): Rate=1.00s, Limit=0.000s, Conversion=0.0006s, RTAB-Map=0.0737s, Maps update=0.0002s pub=0.0008s delay=0.2343s (local map=1, WM=1)
[INFO] [1772726430.251006858] [rtabmap]: rtabmap (89): Rate=1.00s, Limit=0.000s, Conversion=0.0005s, RTAB-Map=0.0685s, Maps update=0.0002s pub=0.0006s delay=0.2274s (local map=1, WM=1)
[INFO] [1772726431.350788842] [rtabmap]: rtabmap (90): Rate=1.00s, Limit=0.000s, Conversion=0.0005s, RTAB-Map=0.0699s, Maps update=0.0003s pub=0.0006s delay=0.2275s (local map=1, WM=1)
[INFO] [1772726432.349271150] [rtabmap]: rtabmap (91): Rate=1.00s, Limit=0.000s, Conversion=0.0004s, RTAB-Map=0.0647s, Maps update=0.0003s pub=0.0005s delay=0.2258s (local map=1, WM=1)
[INFO] [1772726433.460795544] [rtabmap]: rtabmap (92): Rate=1.00s, Limit=0.000s, Conversion=0.0003s, RTAB-Map=0.0858s, Maps update=0.0002s pub=0.0004s delay=0.2373s (local map=1, WM=1)
[INFO] [1772726434.550579385] [rtabmap]: rtabmap (93): Rate=1.00s, Limit=0.000s, Conversion=0.0005s, RTAB-Map=0.0734s, Maps update=0.0003s pub=0.0006s delay=0.2272s (local map=1, WM=1)
[INFO] [1772726435.552162991] [rtabmap]: rtabmap (94): Rate=1.00s, Limit=0.000s, Conversion=0.0004s, RTAB-Map=0.0668s, Maps update=0.0003s pub=0.0005s delay=0.2287s (local map=1, WM=1)
[INFO] [1772726436.560577950] [rtabmap]: rtabmap (95): Rate=1.00s, Limit=0.000s, Conversion=0.0004s, RTAB-Map=0.0750s, Maps update=0.0002s pub=0.0004s delay=0.2371s (local map=1, WM=1)
[INFO] [1772726437.654104427] [rtabmap]: rtabmap (96): Rate=1.00s, Limit=0.000s, Conversion=0.0006s, RTAB-Map=0.0743s, Maps update=0.0002s pub=0.0005s delay=0.2301s (local map=1, WM=1)
[INFO] [1772726438.755369106] [rtabmap]: rtabmap (97): Rate=1.00s, Limit=0.000s, Conversion=0.0003s, RTAB-Map=0.0720s, Maps update=0.0003s pub=0.0006s delay=0.2313s (local map=1, WM=1)
[INFO] [1772726439.859433407] [rtabmap]: rtabmap (98): Rate=1.00s, Limit=0.000s, Conversion=0.0006s, RTAB-Map=0.0797s, Maps update=0.0003s pub=0.0005s delay=0.2361s (local map=1, WM=1)
[INFO] [1772726440.863455182] [rtabmap]: rtabmap (99): Rate=1.00s, Limit=0.000s, Conversion=0.0003s, RTAB-Map=0.0809s, Maps update=0.0002s pub=0.0005s delay=0.2400s (local map=1, WM=1)
[INFO] [1772726441.958119300] [rtabmap]: rtabmap (100): Rate=1.00s, Limit=0.000s, Conversion=0.0005s, RTAB-Map=0.0779s, Maps update=0.0002s pub=0.0005s delay=0.2346s (local map=1, WM=1)
[INFO] [1772726442.948839918] [rtabmap]: rtabmap (101): Rate=1.00s, Limit=0.000s, Conversion=0.0005s, RTAB-Map=0.0669s, Maps update=0.0007s pub=0.0005s delay=0.2253s (local map=1, WM=1)
[INFO] [1772726443.939292142] [rtabmap]: rtabmap (102): Rate=1.00s, Limit=0.000s, Conversion=0.0005s, RTAB-Map=0.0646s, Maps update=0.0003s pub=0.0005s delay=0.2158s (local map=1, WM=1)
[INFO] [1772726445.055394194] [rtabmap]: rtabmap (103): Rate=1.00s, Limit=0.000s, Conversion=0.0005s, RTAB-Map=0.0706s, Maps update=0.0004s pub=0.0006s delay=0.2313s (local map=1, WM=1)
[INFO] [1772726446.161455304] [rtabmap]: rtabmap (104): Rate=1.00s, Limit=0.000s, Conversion=0.0004s, RTAB-Map=0.0780s, Maps update=0.0003s pub=0.0005s delay=0.2381s (local map=1, WM=1)
[INFO] [1772726447.160476896] [rtabmap]: rtabmap (105): Rate=1.00s, Limit=0.000s, Conversion=0.0004s, RTAB-Map=0.0746s, Maps update=0.0002s pub=0.0005s delay=0.2370s (local map=1, WM=1)
[INFO] [1772726448.163846968] [rtabmap]: rtabmap (106): Rate=1.00s, Limit=0.000s, Conversion=0.0004s, RTAB-Map=0.0844s, Maps update=0.0002s pub=0.0004s delay=0.2403s (local map=1, WM=1)
[INFO] [1772726449.158518034] [rtabmap]: rtabmap (107): Rate=1.00s, Limit=0.000s, Conversion=0.0003s, RTAB-Map=0.0765s, Maps update=0.0003s pub=0.0006s delay=0.2344s (local map=1, WM=1)
[INFO] [1772726450.250192891] [rtabmap]: rtabmap (108): Rate=1.00s, Limit=0.000s, Conversion=0.0005s, RTAB-Map=0.0681s, Maps update=0.0002s pub=0.0005s delay=0.2268s (local map=1, WM=1)
[INFO] [1772726451.269947847] [rtabmap]: rtabmap (109): Rate=1.00s, Limit=0.000s, Conversion=0.0105s, RTAB-Map=0.0715s, Maps update=0.0002s pub=0.0006s delay=0.2464s (local map=1, WM=1)
[INFO] [1772726452.237980375] [rtabmap]: rtabmap (110): Rate=1.00s, Limit=0.000s, Conversion=0.0003s, RTAB-Map=0.0618s, Maps update=0.0002s pub=0.0004s delay=0.2144s (local map=1, WM=1)
[INFO] [1772726453.252438434] [rtabmap]: rtabmap (111): Rate=1.00s, Limit=0.000s, Conversion=0.0003s, RTAB-Map=0.0738s, Maps update=0.0002s pub=0.0005s delay=0.2288s (local map=1, WM=1)
[INFO] [1772726454.359093165] [rtabmap]: rtabmap (112): Rate=1.00s, Limit=0.000s, Conversion=0.0005s, RTAB-Map=0.0713s, Maps update=0.0003s pub=0.0005s delay=0.2355s (local map=1, WM=1)
[INFO] [1772726455.352825541] [rtabmap]: rtabmap (113): Rate=1.00s, Limit=0.000s, Conversion=0.0005s, RTAB-Map=0.0662s, Maps update=0.0002s pub=0.0005s delay=0.2291s (local map=1, WM=1)
[INFO] [1772726456.356262239] [rtabmap]: rtabmap (114): Rate=1.00s, Limit=0.000s, Conversion=0.0003s, RTAB-Map=0.0802s, Maps update=0.0002s pub=0.0005s delay=0.2326s (local map=1, WM=1)
[INFO] [1772726457.452816666] [rtabmap]: rtabmap (115): Rate=1.00s, Limit=0.000s, Conversion=0.0003s, RTAB-Map=0.0705s, Maps update=0.0002s pub=0.0005s delay=0.2292s (local map=1, WM=1)
[INFO] [1772726458.551905906] [rtabmap]: rtabmap (116): Rate=1.00s, Limit=0.000s, Conversion=0.0005s, RTAB-Map=0.0727s, Maps update=0.0003s pub=0.0007s delay=0.2283s (local map=1, WM=1)
[INFO] [1772726459.656991940] [rtabmap]: rtabmap (117): Rate=1.00s, Limit=0.000s, Conversion=0.0005s, RTAB-Map=0.0637s, Maps update=0.0002s pub=0.0007s delay=0.2335s (local map=1, WM=1)
[INFO] [1772726460.759053064] [rtabmap]: rtabmap (118): Rate=1.00s, Limit=0.000s, Conversion=0.0005s, RTAB-Map=0.0712s, Maps update=0.0003s pub=0.0005s delay=0.2354s (local map=1, WM=1)
[INFO] [1772726461.854290803] [rtabmap]: rtabmap (119): Rate=1.00s, Limit=0.000s, Conversion=0.0003s, RTAB-Map=0.0713s, Maps update=0.0002s pub=0.0005s delay=0.2308s (local map=1, WM=1)
[INFO] [1772726462.851040953] [rtabmap]: rtabmap (120): Rate=1.00s, Limit=0.000s, Conversion=0.0005s, RTAB-Map=0.0764s, Maps update=0.0004s pub=0.0006s delay=0.2273s (local map=1, WM=1)
[INFO] [1772726463.957673027] [rtabmap]: rtabmap (121): Rate=1.00s, Limit=0.000s, Conversion=0.0004s, RTAB-Map=0.0719s, Maps update=0.0002s pub=0.0005s delay=0.2347s (local map=1, WM=1)
[INFO] [1772726464.955408205] [rtabmap]: rtabmap (122): Rate=1.00s, Limit=0.000s, Conversion=0.0003s, RTAB-Map=0.0716s, Maps update=0.0003s pub=0.0005s delay=0.2316s (local map=1, WM=1)
[INFO] [1772726466.054658187] [rtabmap]: rtabmap (123): Rate=1.00s, Limit=0.000s, Conversion=0.0003s, RTAB-Map=0.0701s, Maps update=0.0003s pub=0.0005s delay=0.2312s (local map=1, WM=1)
[INFO] [1772726467.051199945] [rtabmap]: rtabmap (124): Rate=1.00s, Limit=0.000s, Conversion=0.0003s, RTAB-Map=0.0726s, Maps update=0.0002s pub=0.0005s delay=0.2276s (local map=1, WM=1)
[INFO] [1772726468.063737614] [rtabmap]: rtabmap (125): Rate=1.00s, Limit=0.000s, Conversion=0.0006s, RTAB-Map=0.0804s, Maps update=0.0002s pub=0.0004s delay=0.2401s (local map=1, WM=1)
[INFO] [1772726469.049907699] [rtabmap]: rtabmap (126): Rate=1.00s, Limit=0.000s, Conversion=0.0005s, RTAB-Map=0.0668s, Maps update=0.0003s pub=0.0006s delay=0.2262s (local map=1, WM=1)
[INFO] [1772726470.153871292] [rtabmap]: rtabmap (127): Rate=1.00s, Limit=0.000s, Conversion=0.0004s, RTAB-Map=0.0777s, Maps update=0.0002s pub=0.0006s delay=0.2302s (local map=1, WM=1)
[INFO] [1772726471.262574570] [rtabmap]: rtabmap (128): Rate=1.00s, Limit=0.000s, Conversion=0.0005s, RTAB-Map=0.0756s, Maps update=0.0002s pub=0.0005s delay=0.2391s (local map=1, WM=1)
[INFO] [1772726472.242961994] [rtabmap]: rtabmap (129): Rate=1.00s, Limit=0.000s, Conversion=0.0004s, RTAB-Map=0.0690s, Maps update=0.0016s pub=0.0022s delay=0.2192s (local map=2, WM=2)
[INFO] [1772726473.360826183] [rtabmap]: rtabmap (130): Rate=1.00s, Limit=0.000s, Conversion=0.0003s, RTAB-Map=0.0724s, Maps update=0.0015s pub=0.0022s delay=0.2372s (local map=3, WM=3)
[INFO] [1772726474.469787534] [rtabmap]: rtabmap (131): Rate=1.00s, Limit=0.000s, Conversion=0.0006s, RTAB-Map=0.0774s, Maps update=0.0013s pub=0.0033s delay=0.2460s (local map=4, WM=4)
[INFO] [1772726475.555307542] [rtabmap]: rtabmap (132): Rate=1.00s, Limit=0.000s, Conversion=0.0005s, RTAB-Map=0.0768s, Maps update=0.0013s pub=0.0037s delay=0.2317s (local map=5, WM=5)
[INFO] [1772726476.658082078] [rtabmap]: rtabmap (133): Rate=1.00s, Limit=0.000s, Conversion=0.0005s, RTAB-Map=0.0698s, Maps update=0.0016s pub=0.0041s delay=0.2345s (local map=6, WM=6)
[INFO] [1772726477.764511377] [rtabmap]: rtabmap (134): Rate=1.00s, Limit=0.000s, Conversion=0.0007s, RTAB-Map=0.0766s, Maps update=0.0002s pub=0.0014s delay=0.2408s (local map=6, WM=6)
[INFO] [1772726478.858773388] [rtabmap]: rtabmap (135): Rate=1.00s, Limit=0.000s, Conversion=0.0003s, RTAB-Map=0.0775s, Maps update=0.0003s pub=0.0015s delay=0.2352s (local map=6, WM=6)
[INFO] [1772726479.845644720] [rtabmap]: rtabmap (136): Rate=1.00s, Limit=0.000s, Conversion=0.0005s, RTAB-Map=0.0666s, Maps update=0.0002s pub=0.0013s delay=0.2220s (local map=6, WM=6)
[INFO] [1772726480.854569208] [rtabmap]: rtabmap (137): Rate=1.00s, Limit=0.000s, Conversion=0.0003s, RTAB-Map=0.0693s, Maps update=0.0003s pub=0.0021s delay=0.2309s (local map=6, WM=6)
[INFO] [1772726481.864707769] [rtabmap]: rtabmap (138): Rate=1.00s, Limit=0.000s, Conversion=0.0005s, RTAB-Map=0.0784s, Maps update=0.0003s pub=0.0019s delay=0.2410s (local map=6, WM=6)
[INFO] [1772726482.957113261] [rtabmap]: rtabmap (139): Rate=1.00s, Limit=0.000s, Conversion=0.0003s, RTAB-Map=0.0774s, Maps update=0.0003s pub=0.0015s delay=0.2334s (local map=6, WM=6)
[INFO] [1772726484.059224168] [rtabmap]: rtabmap (140): Rate=1.00s, Limit=0.000s, Conversion=0.0005s, RTAB-Map=0.0731s, Maps update=0.0003s pub=0.0012s delay=0.2356s (local map=6, WM=6)
[INFO] [1772726485.058703086] [rtabmap]: rtabmap (141): Rate=1.00s, Limit=0.000s, Conversion=0.0003s, RTAB-Map=0.0720s, Maps update=0.0003s pub=0.0015s delay=0.2350s (local map=6, WM=6)
[INFO] [1772726486.156738966] [rtabmap]: rtabmap (142): Rate=1.00s, Limit=0.000s, Conversion=0.0005s, RTAB-Map=0.0754s, Maps update=0.0003s pub=0.0017s delay=0.2331s (local map=6, WM=6)
[INFO] [1772726487.253941804] [rtabmap]: rtabmap (143): Rate=1.00s, Limit=0.000s, Conversion=0.0004s, RTAB-Map=0.0739s, Maps update=0.0004s pub=0.0018s delay=0.2304s (local map=6, WM=6)
[INFO] [1772726488.257111166] [rtabmap]: rtabmap (144): Rate=1.00s, Limit=0.000s, Conversion=0.0005s, RTAB-Map=0.0706s, Maps update=0.0003s pub=0.0012s delay=0.2334s (local map=6, WM=6)
[INFO] [1772726489.353218270] [rtabmap]: rtabmap (145): Rate=1.00s, Limit=0.000s, Conversion=0.0003s, RTAB-Map=0.0741s, Maps update=0.0003s pub=0.0015s delay=0.2296s (local map=6, WM=6)
[INFO] [1772726490.358777633] [rtabmap]: rtabmap (146): Rate=1.00s, Limit=0.000s, Conversion=0.0003s, RTAB-Map=0.0804s, Maps update=0.0003s pub=0.0015s delay=0.2351s (local map=6, WM=6)
[INFO] [1772726491.452177354] [rtabmap]: rtabmap (147): Rate=1.00s, Limit=0.000s, Conversion=0.0003s, RTAB-Map=0.0726s, Maps update=0.0003s pub=0.0014s delay=0.2285s (local map=6, WM=6)
[INFO] [1772726492.456361233] [rtabmap]: rtabmap (148): Rate=1.00s, Limit=0.000s, Conversion=0.0003s, RTAB-Map=0.0690s, Maps update=0.0003s pub=0.0011s delay=0.2327s (local map=6, WM=6)
[INFO] [1772726493.553711370] [rtabmap]: rtabmap (149): Rate=1.00s, Limit=0.000s, Conversion=0.0003s, RTAB-Map=0.0661s, Maps update=0.0003s pub=0.0012s delay=0.2302s (local map=6, WM=6)
[INFO] [1772726494.559604628] [rtabmap]: rtabmap (150): Rate=1.00s, Limit=0.000s, Conversion=0.0005s, RTAB-Map=0.0759s, Maps update=0.0002s pub=0.0012s delay=0.2359s (local map=6, WM=6)
[INFO] [1772726495.652943707] [rtabmap]: rtabmap (151): Rate=1.00s, Limit=0.000s, Conversion=0.0003s, RTAB-Map=0.0668s, Maps update=0.0003s pub=0.0011s delay=0.2295s (local map=6, WM=6)
[INFO] [1772726496.663239391] [rtabmap]: rtabmap (152): Rate=1.00s, Limit=0.000s, Conversion=0.0005s, RTAB-Map=0.0837s, Maps update=0.0003s pub=0.0011s delay=0.2396s (local map=6, WM=6)
[INFO] [1772726497.760583321] [rtabmap]: rtabmap (153): Rate=1.00s, Limit=0.000s, Conversion=0.0005s, RTAB-Map=0.0760s, Maps update=0.0003s pub=0.0014s delay=0.2371s (local map=6, WM=6)
[INFO] [1772726498.764169747] [rtabmap]: rtabmap (154): Rate=1.00s, Limit=0.000s, Conversion=0.0003s, RTAB-Map=0.0814s, Maps update=0.0003s pub=0.0012s delay=0.2406s (local map=6, WM=6)
[INFO] [1772726499.759260000] [rtabmap]: rtabmap (155): Rate=1.00s, Limit=0.000s, Conversion=0.0005s, RTAB-Map=0.0777s, Maps update=0.0002s pub=0.0013s delay=0.2357s (local map=6, WM=6)
[INFO] [1772726500.849197442] [rtabmap]: rtabmap (156): Rate=1.00s, Limit=0.000s, Conversion=0.0003s, RTAB-Map=0.0700s, Maps update=0.0003s pub=0.0013s delay=0.2255s (local map=6, WM=6)
[INFO] [1772726501.961399115] [rtabmap]: rtabmap (157): Rate=1.00s, Limit=0.000s, Conversion=0.0008s, RTAB-Map=0.0800s, Maps update=0.0004s pub=0.0015s delay=0.2379s (local map=6, WM=6)
[INFO] [1772726502.948497565] [rtabmap]: rtabmap (158): Rate=1.00s, Limit=0.000s, Conversion=0.0005s, RTAB-Map=0.0695s, Maps update=0.0003s pub=0.0024s delay=0.2249s (local map=6, WM=6)
[INFO] [1772726504.050938391] [rtabmap]: rtabmap (159): Rate=1.00s, Limit=0.000s, Conversion=0.0004s, RTAB-Map=0.0665s, Maps update=0.0003s pub=0.0014s delay=0.2274s (local map=6, WM=6)
[INFO] [1772726505.064212565] [rtabmap]: rtabmap (160): Rate=1.00s, Limit=0.000s, Conversion=0.0007s, RTAB-Map=0.0743s, Maps update=0.0003s pub=0.0013s delay=0.2406s (local map=6, WM=6)
[INFO] [1772726506.161014641] [rtabmap]: rtabmap (161): Rate=1.00s, Limit=0.000s, Conversion=0.0004s, RTAB-Map=0.0784s, Maps update=0.0003s pub=0.0016s delay=0.2368s (local map=6, WM=6)
[INFO] [1772726507.253871656] [rtabmap]: rtabmap (162): Rate=1.00s, Limit=0.000s, Conversion=0.0005s, RTAB-Map=0.0684s, Maps update=0.0003s pub=0.0013s delay=0.2303s (local map=6, WM=6)
[INFO] [1772726508.246555857] [rtabmap]: rtabmap (163): Rate=1.00s, Limit=0.000s, Conversion=0.0003s, RTAB-Map=0.0626s, Maps update=0.0003s pub=0.0010s delay=0.2229s (local map=6, WM=6)
[INFO] [1772726509.348289011] [rtabmap]: rtabmap (164): Rate=1.00s, Limit=0.000s, Conversion=0.0003s, RTAB-Map=0.0636s, Maps update=0.0003s pub=0.0014s delay=0.2246s (local map=6, WM=6)
[INFO] [1772726510.456829563] [rtabmap]: rtabmap (165): Rate=1.00s, Limit=0.000s, Conversion=0.0003s, RTAB-Map=0.0737s, Maps update=0.0002s pub=0.0014s delay=0.2332s (local map=6, WM=6)
[INFO] [1772726511.559589632] [rtabmap]: rtabmap (166): Rate=1.00s, Limit=0.000s, Conversion=0.0004s, RTAB-Map=0.0724s, Maps update=0.0003s pub=0.0013s delay=0.2360s (local map=6, WM=6)
[INFO] [1772726512.569511405] [rtabmap]: rtabmap (167): Rate=1.00s, Limit=0.000s, Conversion=0.0005s, RTAB-Map=0.0793s, Maps update=0.0024s pub=0.0040s delay=0.2459s (local map=7, WM=7)
[INFO] [1772726513.552318472] [rtabmap]: rtabmap (168): Rate=1.00s, Limit=0.000s, Conversion=0.0005s, RTAB-Map=0.0682s, Maps update=0.0014s pub=0.0037s delay=0.2286s (local map=8, WM=8)
[INFO] [1772726514.664149022] [rtabmap]: rtabmap (169): Rate=1.00s, Limit=0.000s, Conversion=0.0003s, RTAB-Map=0.0712s, Maps update=0.0015s pub=0.0043s delay=0.2405s (local map=9, WM=9)
[INFO] [1772726515.656990252] [rtabmap]: rtabmap (170): Rate=1.00s, Limit=0.000s, Conversion=0.0003s, RTAB-Map=0.0721s, Maps update=0.0003s pub=0.0024s delay=0.2333s (local map=9, WM=9)
[INFO] [1772726516.754894509] [rtabmap]: rtabmap (171): Rate=1.00s, Limit=0.000s, Conversion=0.0010s, RTAB-Map=0.0725s, Maps update=0.0003s pub=0.0018s delay=0.2312s (local map=9, WM=9)
[INFO] [1772726517.757380864] [rtabmap]: rtabmap (172): Rate=1.00s, Limit=0.000s, Conversion=0.0003s, RTAB-Map=0.0695s, Maps update=0.0003s pub=0.0019s delay=0.2336s (local map=9, WM=9)
[INFO] [1772726518.868061135] [rtabmap]: rtabmap (173): Rate=1.00s, Limit=0.000s, Conversion=0.0003s, RTAB-Map=0.0758s, Maps update=0.0014s pub=0.0038s delay=0.2444s (local map=10, WM=10)
[INFO] [1772726519.873937396] [rtabmap]: rtabmap (174): Rate=1.00s, Limit=0.000s, Conversion=0.0004s, RTAB-Map=0.0841s, Maps update=0.0014s pub=0.0043s delay=0.2502s (local map=11, WM=11)
[INFO] [1772726520.970733360] [rtabmap]: rtabmap (175): Rate=1.00s, Limit=0.000s, Conversion=0.0003s, RTAB-Map=0.0760s, Maps update=0.0017s pub=0.0052s delay=0.2470s (local map=12, WM=12)
[INFO] [1772726522.072372591] [rtabmap]: rtabmap (176): Rate=1.00s, Limit=0.000s, Conversion=0.0005s, RTAB-Map=0.0732s, Maps update=0.0015s pub=0.0055s delay=0.2486s (local map=13, WM=13)
[INFO] [1772726523.067500810] [rtabmap]: rtabmap (177): Rate=1.00s, Limit=0.000s, Conversion=0.0005s, RTAB-Map=0.0755s, Maps update=0.0003s pub=0.0015s delay=0.2437s (local map=13, WM=13)
[INFO] [1772726524.172460249] [rtabmap]: rtabmap (178): Rate=1.00s, Limit=0.000s, Conversion=0.0005s, RTAB-Map=0.0835s, Maps update=0.0003s pub=0.0015s delay=0.2487s (local map=13, WM=13)
[INFO] [1772726525.170732029] [rtabmap]: rtabmap (179): Rate=1.00s, Limit=0.000s, Conversion=0.0004s, RTAB-Map=0.0818s, Maps update=0.0003s pub=0.0021s delay=0.2469s (local map=13, WM=13)
[INFO] [1772726526.265132329] [rtabmap]: rtabmap (180): Rate=1.00s, Limit=0.000s, Conversion=0.0004s, RTAB-Map=0.0763s, Maps update=0.0004s pub=0.0018s delay=0.2414s (local map=13, WM=13)
[INFO] [1772726527.263932095] [rtabmap]: rtabmap (181): Rate=1.00s, Limit=0.000s, Conversion=0.0004s, RTAB-Map=0.0727s, Maps update=0.0003s pub=0.0021s delay=0.2401s (local map=13, WM=13)
[INFO] [1772726528.357822969] [rtabmap]: rtabmap (182): Rate=1.00s, Limit=0.000s, Conversion=0.0005s, RTAB-Map=0.0711s, Maps update=0.0003s pub=0.0020s delay=0.2348s (local map=13, WM=13)
[INFO] [1772726529.368203413] [rtabmap]: rtabmap (183): Rate=1.00s, Limit=0.000s, Conversion=0.0006s, RTAB-Map=0.0709s, Maps update=0.0003s pub=0.0019s delay=0.2445s (local map=13, WM=13)
[INFO] [1772726530.465419039] [rtabmap]: rtabmap (184): Rate=1.00s, Limit=0.000s, Conversion=0.0003s, RTAB-Map=0.0749s, Maps update=0.0003s pub=0.0024s delay=0.2418s (local map=13, WM=13)
[INFO] [1772726531.586904955] [rtabmap]: rtabmap (185): Rate=1.00s, Limit=0.000s, Conversion=0.0006s, RTAB-Map=0.0801s, Maps update=0.0025s pub=0.0044s delay=0.2633s (local map=14, WM=14)
[INFO] [1772726532.565006520] [rtabmap]: rtabmap (186): Rate=1.00s, Limit=0.000s, Conversion=0.0005s, RTAB-Map=0.0770s, Maps update=0.0017s pub=0.0057s delay=0.2412s (local map=15, WM=15)
[INFO] [1772726533.664509871] [rtabmap]: rtabmap (187): Rate=1.00s, Limit=0.000s, Conversion=0.0005s, RTAB-Map=0.0683s, Maps update=0.0018s pub=0.0055s delay=0.2407s (local map=16, WM=16)
[INFO] [1772726534.773071288] [rtabmap]: rtabmap (188): Rate=1.00s, Limit=0.000s, Conversion=0.0005s, RTAB-Map=0.0792s, Maps update=0.0025s pub=0.0062s delay=0.2494s (local map=17, WM=17)
[INFO] [1772726535.872539291] [rtabmap]: rtabmap (189): Rate=1.00s, Limit=0.000s, Conversion=0.0004s, RTAB-Map=0.0788s, Maps update=0.0023s pub=0.0058s delay=0.2489s (local map=18, WM=18)
[INFO] [1772726536.871097610] [rtabmap]: rtabmap (190): Rate=1.00s, Limit=0.000s, Conversion=0.0003s, RTAB-Map=0.0751s, Maps update=0.0016s pub=0.0055s delay=0.2474s (local map=19, WM=19)
[INFO] [1772726537.874424902] [rtabmap]: rtabmap (191): Rate=1.00s, Limit=0.000s, Conversion=0.0004s, RTAB-Map=0.0753s, Maps update=0.0016s pub=0.0062s delay=0.2506s (local map=20, WM=20)
[INFO] [1772726538.977104068] [rtabmap]: rtabmap (192): Rate=1.00s, Limit=0.000s, Conversion=0.0005s, RTAB-Map=0.0810s, Maps update=0.0020s pub=0.0057s delay=0.2532s (local map=21, WM=21)
[INFO] [1772726540.075911920] [rtabmap]: rtabmap (193): Rate=1.00s, Limit=0.000s, Conversion=0.0006s, RTAB-Map=0.0796s, Maps update=0.0015s pub=0.0058s delay=0.2520s (local map=22, WM=22)
[INFO] [1772726541.176142054] [rtabmap]: rtabmap (194): Rate=1.00s, Limit=0.000s, Conversion=0.0003s, RTAB-Map=0.0791s, Maps update=0.0016s pub=0.0060s delay=0.2522s (local map=23, WM=23)
[INFO] [1772726542.184961925] [rtabmap]: rtabmap (195): Rate=1.00s, Limit=0.000s, Conversion=0.0004s, RTAB-Map=0.0783s, Maps update=0.0015s pub=0.0068s delay=0.2611s (local map=24, WM=24)
[INFO] [1772726543.278187724] [rtabmap]: rtabmap (196): Rate=1.00s, Limit=0.000s, Conversion=0.0003s, RTAB-Map=0.0821s, Maps update=0.0017s pub=0.0064s delay=0.2544s (local map=25, WM=25)
[INFO] [1772726544.376489417] [rtabmap]: rtabmap (197): Rate=1.00s, Limit=0.000s, Conversion=0.0006s, RTAB-Map=0.0812s, Maps update=0.0015s pub=0.0064s delay=0.2526s (local map=26, WM=26)
[INFO] [1772726545.472939919] [rtabmap]: rtabmap (198): Rate=1.00s, Limit=0.000s, Conversion=0.0003s, RTAB-Map=0.0856s, Maps update=0.0018s pub=0.0067s delay=0.2492s (local map=27, WM=27)
[INFO] [1772726546.484039409] [rtabmap]: rtabmap (199): Rate=1.00s, Limit=0.000s, Conversion=0.0005s, RTAB-Map=0.0892s, Maps update=0.0021s pub=0.0067s delay=0.2603s (local map=28, WM=28)
[INFO] [1772726547.476355815] [rtabmap]: rtabmap (200): Rate=1.00s, Limit=0.000s, Conversion=0.0005s, RTAB-Map=0.0787s, Maps update=0.0022s pub=0.0067s delay=0.2524s (local map=29, WM=29)
[INFO] [1772726548.578825631] [rtabmap]: rtabmap (201): Rate=1.00s, Limit=0.000s, Conversion=0.0005s, RTAB-Map=0.0873s, Maps update=0.0016s pub=0.0064s delay=0.2550s (local map=30, WM=30)
[INFO] [1772726549.725905763] [rtabmap]: rtabmap (202): Rate=1.00s, Limit=0.000s, Conversion=0.0003s, RTAB-Map=0.1330s, Maps update=0.0017s pub=0.0088s delay=0.3024s (local map=31, WM=31)
[INFO] [1772726550.733581952] [rtabmap]: rtabmap (203): Rate=1.00s, Limit=0.000s, Conversion=0.0004s, RTAB-Map=0.1376s, Maps update=0.0028s pub=0.0086s delay=0.3099s (local map=32, WM=32)
[INFO] [1772726551.819411371] [rtabmap]: rtabmap (204): Rate=1.00s, Limit=0.000s, Conversion=0.0007s, RTAB-Map=0.1234s, Maps update=0.0017s pub=0.0071s delay=0.2963s (local map=33, WM=33)
[INFO] [1772726552.813038695] [rtabmap]: rtabmap (205): Rate=1.00s, Limit=0.000s, Conversion=0.0003s, RTAB-Map=0.1218s, Maps update=0.0019s pub=0.0089s delay=0.2893s (local map=34, WM=34)
[INFO] [1772726553.822177424] [rtabmap]: rtabmap (206): Rate=1.00s, Limit=0.000s, Conversion=0.0003s, RTAB-Map=0.1319s, Maps update=0.0018s pub=0.0066s delay=0.2985s (local map=35, WM=35)
[INFO] [1772726554.820733502] [rtabmap]: rtabmap (207): Rate=1.00s, Limit=0.000s, Conversion=0.0004s, RTAB-Map=0.1366s, Maps update=0.0017s pub=0.0071s delay=0.2968s (local map=36, WM=36)
[INFO] [1772726555.924211989] [rtabmap]: rtabmap (208): Rate=1.00s, Limit=0.000s, Conversion=0.0003s, RTAB-Map=0.1341s, Maps update=0.0017s pub=0.0099s delay=0.3002s (local map=37, WM=37)
[INFO] [1772726557.030076274] [rtabmap]: rtabmap (209): Rate=1.00s, Limit=0.000s, Conversion=0.0005s, RTAB-Map=0.1412s, Maps update=0.0026s pub=0.0091s delay=0.3070s (local map=38, WM=38)
[INFO] [1772726558.028655905] [rtabmap]: rtabmap (210): Rate=1.00s, Limit=0.000s, Conversion=0.0005s, RTAB-Map=0.1388s, Maps update=0.0020s pub=0.0075s delay=0.3048s (local map=39, WM=39)
[INFO] [1772726559.138855135] [rtabmap]: rtabmap (211): Rate=1.00s, Limit=0.000s, Conversion=0.0004s, RTAB-Map=0.1333s, Maps update=0.0020s pub=0.0089s delay=0.3150s (local map=40, WM=40)
[INFO] [1772726560.254487646] [rtabmap]: rtabmap (212): Rate=1.00s, Limit=0.000s, Conversion=0.0003s, RTAB-Map=0.1636s, Maps update=0.0018s pub=0.0080s delay=0.3306s (local map=41, WM=41)
[INFO] [1772726561.347835624] [rtabmap]: rtabmap (213): Rate=1.00s, Limit=0.000s, Conversion=0.0006s, RTAB-Map=0.1466s, Maps update=0.0004s pub=0.0090s delay=0.3239s (local map=42, WM=42)
[INFO] [1772726562.444469779] [rtabmap]: rtabmap (214): Rate=1.00s, Limit=0.000s, Conversion=0.0005s, RTAB-Map=0.1416s, Maps update=0.0021s pub=0.0076s delay=0.3207s (local map=43, WM=43)
[INFO] [1772726563.471558576] [rtabmap]: rtabmap (215): Rate=1.00s, Limit=0.000s, Conversion=0.0004s, RTAB-Map=0.0808s, Maps update=0.0005s pub=0.0024s delay=0.2485s (local map=43, WM=43)
[INFO] [1772726564.529395133] [rtabmap]: rtabmap (216): Rate=1.00s, Limit=0.000s, Conversion=0.0003s, RTAB-Map=0.1345s, Maps update=0.0017s pub=0.0087s delay=0.3056s (local map=44, WM=44)
[INFO] [1772726565.539573604] [rtabmap]: rtabmap (217): Rate=1.00s, Limit=0.000s, Conversion=0.0003s, RTAB-Map=0.1420s, Maps update=0.0030s pub=0.0087s delay=0.3157s (local map=45, WM=45)
[INFO] [1772726566.570992801] [rtabmap]: rtabmap (218): Rate=1.00s, Limit=0.000s, Conversion=0.0010s, RTAB-Map=0.0749s, Maps update=0.0015s pub=0.0030s delay=0.2473s (local map=45, WM=45)
[INFO] [1772726567.735637038] [rtabmap]: rtabmap (219): Rate=1.00s, Limit=0.000s, Conversion=0.0005s, RTAB-Map=0.1418s, Maps update=0.0016s pub=0.0099s delay=0.3118s (local map=46, WM=46)
[INFO] [1772726568.859802602] [rtabmap]: rtabmap (220): Rate=1.00s, Limit=0.000s, Conversion=0.0003s, RTAB-Map=0.1491s, Maps update=0.0020s pub=0.0109s delay=0.3361s (local map=47, WM=47)
[INFO] [1772726569.854449733] [rtabmap]: rtabmap (221): Rate=1.00s, Limit=0.000s, Conversion=0.0006s, RTAB-Map=0.1559s, Maps update=0.0024s pub=0.0087s delay=0.3306s (local map=48, WM=48)
[INFO] [1772726570.858775966] [rtabmap]: rtabmap (222): Rate=1.00s, Limit=0.000s, Conversion=0.0005s, RTAB-Map=0.0776s, Maps update=0.0004s pub=0.0025s delay=0.2351s (local map=48, WM=48)
[INFO] [1772726572.045471577] [rtabmap]: rtabmap (223): Rate=1.00s, Limit=0.000s, Conversion=0.0006s, RTAB-Map=0.1460s, Maps update=0.0049s pub=0.0096s delay=0.3223s (local map=49, WM=49)
[INFO] [1772726573.146460508] [rtabmap]: rtabmap (224): Rate=1.00s, Limit=0.000s, Conversion=0.0005s, RTAB-Map=0.1439s, Maps update=0.0018s pub=0.0085s delay=0.3234s (local map=50, WM=50)
[INFO] [1772726574.138664056] [rtabmap]: rtabmap (225): Rate=1.00s, Limit=0.000s, Conversion=0.0004s, RTAB-Map=0.1391s, Maps update=0.0022s pub=0.0095s delay=0.3148s (local map=51, WM=51)
[INFO] [1772726575.231516828] [rtabmap]: rtabmap (226): Rate=1.00s, Limit=0.000s, Conversion=0.0007s, RTAB-Map=0.1351s, Maps update=0.0005s pub=0.0027s delay=0.3076s (local map=51, WM=51)
[INFO] [1772726576.327988085] [rtabmap]: rtabmap (227): Rate=1.00s, Limit=0.000s, Conversion=0.0006s, RTAB-Map=0.1368s, Maps update=0.0017s pub=0.0082s delay=0.3042s (local map=52, WM=52)
[INFO] [1772726577.351730290] [rtabmap]: rtabmap (228): Rate=1.00s, Limit=0.000s, Conversion=0.0004s, RTAB-Map=0.1485s, Maps update=0.0021s pub=0.0087s delay=0.3277s (local map=53, WM=53)
[INFO] [1772726578.439127780] [rtabmap]: rtabmap (229): Rate=1.00s, Limit=0.000s, Conversion=0.0004s, RTAB-Map=0.1450s, Maps update=0.0027s pub=0.0094s delay=0.3154s (local map=54, WM=54)
[INFO] [1772726579.435166621] [rtabmap]: rtabmap (230): Rate=1.00s, Limit=0.000s, Conversion=0.0004s, RTAB-Map=0.1441s, Maps update=0.0007s pub=0.0044s delay=0.3113s (local map=54, WM=54)
[INFO] [1772726580.542336498] [rtabmap]: rtabmap (231): Rate=1.00s, Limit=0.000s, Conversion=0.0005s, RTAB-Map=0.1445s, Maps update=0.0023s pub=0.0140s delay=0.3193s (local map=55, WM=55)
[INFO] [1772726581.540776920] [rtabmap]: rtabmap (232): Rate=1.00s, Limit=0.000s, Conversion=0.0005s, RTAB-Map=0.1469s, Maps update=0.0021s pub=0.0093s delay=0.3168s (local map=56, WM=56)
[INFO] [1772726582.631644571] [rtabmap]: rtabmap (233): Rate=1.00s, Limit=0.000s, Conversion=0.0005s, RTAB-Map=0.1271s, Maps update=0.0020s pub=0.0085s delay=0.3087s (local map=57, WM=57)
[INFO] [1772726583.629972414] [rtabmap]: rtabmap (234): Rate=1.00s, Limit=0.000s, Conversion=0.0003s, RTAB-Map=0.1327s, Maps update=0.0006s pub=0.0036s delay=0.3069s (local map=57, WM=57)
[INFO] [1772726584.726005993] [rtabmap]: rtabmap (235): Rate=1.00s, Limit=0.000s, Conversion=0.0003s, RTAB-Map=0.1398s, Maps update=0.0005s pub=0.0030s delay=0.3030s (local map=57, WM=57)
[INFO] [1772726585.822386624] [rtabmap]: rtabmap (236): Rate=1.00s, Limit=0.000s, Conversion=0.0005s, RTAB-Map=0.1363s, Maps update=0.0005s pub=0.0031s delay=0.2987s (local map=57, WM=57)
[INFO] [1772726586.843146044] [rtabmap]: rtabmap (237): Rate=1.00s, Limit=0.000s, Conversion=0.0010s, RTAB-Map=0.1363s, Maps update=0.0048s pub=0.0087s delay=0.3193s (local map=58, WM=58)
[INFO] [1772726587.916880658] [rtabmap]: rtabmap (238): Rate=1.00s, Limit=0.000s, Conversion=0.0003s, RTAB-Map=0.1289s, Maps update=0.0017s pub=0.0081s delay=0.2930s (local map=59, WM=59)
[INFO] [1772726589.036398232] [rtabmap]: rtabmap (239): Rate=1.00s, Limit=0.000s, Conversion=0.0004s, RTAB-Map=0.1307s, Maps update=0.0018s pub=0.0117s delay=0.3134s (local map=60, WM=60)
[INFO] [1772726590.040057768] [rtabmap]: rtabmap (240): Rate=1.00s, Limit=0.000s, Conversion=0.0005s, RTAB-Map=0.1467s, Maps update=0.0017s pub=0.0093s delay=0.3170s (local map=61, WM=61)
[INFO] [1772726591.039409389] [rtabmap]: rtabmap (241): Rate=1.00s, Limit=0.000s, Conversion=0.0005s, RTAB-Map=0.1433s, Maps update=0.0020s pub=0.0119s delay=0.3163s (local map=62, WM=62)
[INFO] [1772726592.054144581] [rtabmap]: rtabmap (242): Rate=1.00s, Limit=0.000s, Conversion=0.0003s, RTAB-Map=0.1552s, Maps update=0.0018s pub=0.0106s delay=0.3310s (local map=63, WM=63)
[INFO] [1772726593.156363769] [rtabmap]: rtabmap (243): Rate=1.00s, Limit=0.000s, Conversion=0.0004s, RTAB-Map=0.1512s, Maps update=0.0025s pub=0.0123s delay=0.3325s (local map=64, WM=64)
[INFO] [1772726594.250416996] [rtabmap]: rtabmap (244): Rate=1.00s, Limit=0.000s, Conversion=0.0003s, RTAB-Map=0.1469s, Maps update=0.0018s pub=0.0121s delay=0.3273s (local map=65, WM=65)
[INFO] [1772726595.362424534] [rtabmap]: rtabmap (245): Rate=1.00s, Limit=0.000s, Conversion=0.0003s, RTAB-Map=0.1542s, Maps update=0.0026s pub=0.0123s delay=0.3384s (local map=66, WM=66)
[INFO] [1772726596.436711838] [rtabmap]: rtabmap (246): Rate=1.00s, Limit=0.000s, Conversion=0.0003s, RTAB-Map=0.1379s, Maps update=0.0007s pub=0.0100s delay=0.3136s (local map=67, WM=67)
[INFO] [1772726597.432772503] [rtabmap]: rtabmap (247): Rate=1.00s, Limit=0.000s, Conversion=0.0005s, RTAB-Map=0.1360s, Maps update=0.0018s pub=0.0122s delay=0.3089s (local map=68, WM=68)
[INFO] [1772726598.541367674] [rtabmap]: rtabmap (248): Rate=1.00s, Limit=0.000s, Conversion=0.0003s, RTAB-Map=0.1381s, Maps update=0.0023s pub=0.0096s delay=0.3181s (local map=69, WM=69)
[INFO] [1772726599.539837314] [rtabmap]: rtabmap (249): Rate=1.00s, Limit=0.000s, Conversion=0.0005s, RTAB-Map=0.1398s, Maps update=0.0022s pub=0.0116s delay=0.3158s (local map=70, WM=70)
[INFO] [1772726600.649997720] [rtabmap]: rtabmap (250): Rate=1.00s, Limit=0.000s, Conversion=0.0005s, RTAB-Map=0.1455s, Maps update=0.0019s pub=0.0112s delay=0.3262s (local map=71, WM=71)
[INFO] [1772726601.738489125] [rtabmap]: rtabmap (251): Rate=1.00s, Limit=0.000s, Conversion=0.0005s, RTAB-Map=0.1373s, Maps update=0.0018s pub=0.0093s delay=0.3145s (local map=72, WM=72)
[INFO] [1772726602.844165276] [rtabmap]: rtabmap (252): Rate=1.00s, Limit=0.000s, Conversion=0.0005s, RTAB-Map=0.1331s, Maps update=0.0024s pub=0.0153s delay=0.3210s (local map=73, WM=73)
[INFO] [1772726603.940099174] [rtabmap]: rtabmap (253): Rate=1.00s, Limit=0.000s, Conversion=0.0005s, RTAB-Map=0.1321s, Maps update=0.0021s pub=0.0157s delay=0.3170s (local map=74, WM=74)
[INFO] [1772726605.037888944] [rtabmap]: rtabmap (254): Rate=1.00s, Limit=0.000s, Conversion=0.0005s, RTAB-Map=0.1326s, Maps update=0.0018s pub=0.0146s delay=0.3138s (local map=75, WM=75)
[INFO] [1772726606.138334324] [rtabmap]: rtabmap (255): Rate=1.00s, Limit=0.000s, Conversion=0.0003s, RTAB-Map=0.1328s, Maps update=0.0021s pub=0.0109s delay=0.3152s (local map=76, WM=76)
[INFO] [1772726607.138262169] [rtabmap]: rtabmap (256): Rate=1.00s, Limit=0.000s, Conversion=0.0003s, RTAB-Map=0.1411s, Maps update=0.0022s pub=0.0129s delay=0.3143s (local map=77, WM=77)
[INFO] [1772726608.237533141] [rtabmap]: rtabmap (257): Rate=1.00s, Limit=0.000s, Conversion=0.0004s, RTAB-Map=0.1311s, Maps update=0.0021s pub=0.0105s delay=0.3144s (local map=78, WM=78)
[INFO] [1772726609.343550615] [rtabmap]: rtabmap (258): Rate=1.00s, Limit=0.000s, Conversion=0.0004s, RTAB-Map=0.1476s, Maps update=0.0009s pub=0.0105s delay=0.3205s (local map=79, WM=79)
[INFO] [1772726610.444539758] [rtabmap]: rtabmap (259): Rate=1.00s, Limit=0.000s, Conversion=0.0003s, RTAB-Map=0.1390s, Maps update=0.0006s pub=0.0109s delay=0.3204s (local map=80, WM=80)
[INFO] [1772726611.538432243] [rtabmap]: rtabmap (260): Rate=1.00s, Limit=0.000s, Conversion=0.0006s, RTAB-Map=0.1339s, Maps update=0.0022s pub=0.0115s delay=0.3153s (local map=81, WM=81)
[INFO] [1772726612.542286589] [rtabmap]: rtabmap (261): Rate=1.00s, Limit=0.000s, Conversion=0.0005s, RTAB-Map=0.1395s, Maps update=0.0032s pub=0.0117s delay=0.3191s (local map=82, WM=82)
[INFO] [1772726613.549508667] [rtabmap]: rtabmap (262): Rate=1.00s, Limit=0.000s, Conversion=0.0003s, RTAB-Map=0.1472s, Maps update=0.0019s pub=0.0120s delay=0.3263s (local map=83, WM=83)
[INFO] [1772726614.555256646] [rtabmap]: rtabmap (263): Rate=1.00s, Limit=0.000s, Conversion=0.0005s, RTAB-Map=0.1500s, Maps update=0.0019s pub=0.0107s delay=0.3312s (local map=84, WM=84)
[INFO] [1772726615.649406228] [rtabmap]: rtabmap (264): Rate=1.00s, Limit=0.000s, Conversion=0.0022s, RTAB-Map=0.1477s, Maps update=0.0019s pub=0.0107s delay=0.3261s (local map=85, WM=85)
[INFO] [1772726616.742338136] [rtabmap]: rtabmap (265): Rate=1.00s, Limit=0.000s, Conversion=0.0005s, RTAB-Map=0.1319s, Maps update=0.0006s pub=0.0100s delay=0.3192s (local map=86, WM=86)
[INFO] [1772726617.844868419] [rtabmap]: rtabmap (266): Rate=1.00s, Limit=0.000s, Conversion=0.0004s, RTAB-Map=0.1389s, Maps update=0.0020s pub=0.0131s delay=0.3216s (local map=87, WM=87)
[INFO] [1772726618.833884148] [rtabmap]: rtabmap (267): Rate=1.00s, Limit=0.000s, Conversion=0.0005s, RTAB-Map=0.1334s, Maps update=0.0018s pub=0.0125s delay=0.3106s (local map=88, WM=88)
[INFO] [1772726619.839394360] [rtabmap]: rtabmap (268): Rate=1.00s, Limit=0.000s, Conversion=0.0005s, RTAB-Map=0.1360s, Maps update=0.0023s pub=0.0121s delay=0.3153s (local map=89, WM=89)
[INFO] [1772726620.941327790] [rtabmap]: rtabmap (269): Rate=1.00s, Limit=0.000s, Conversion=0.0003s, RTAB-Map=0.1355s, Maps update=0.0020s pub=0.0113s delay=0.3182s (local map=90, WM=90)
[INFO] [1772726621.926592384] [rtabmap]: rtabmap (270): Rate=1.00s, Limit=0.000s, Conversion=0.0005s, RTAB-Map=0.1302s, Maps update=0.0006s pub=0.0041s delay=0.3033s (local map=90, WM=90)
[INFO] [1772726622.947700406] [rtabmap]: rtabmap (271): Rate=1.00s, Limit=0.000s, Conversion=0.0005s, RTAB-Map=0.1374s, Maps update=0.0007s pub=0.0143s delay=0.3236s (local map=91, WM=91)
[INFO] [1772726624.031010867] [rtabmap]: rtabmap (272): Rate=1.00s, Limit=0.000s, Conversion=0.0008s, RTAB-Map=0.1305s, Maps update=0.0024s pub=0.0110s delay=0.3078s (local map=92, WM=92)
[INFO] [1772726625.031644176] [rtabmap]: rtabmap (273): Rate=1.00s, Limit=0.000s, Conversion=0.0006s, RTAB-Map=0.1266s, Maps update=0.0020s pub=0.0112s delay=0.3075s (local map=93, WM=93)
[INFO] [1772726626.138003805] [rtabmap]: rtabmap (274): Rate=1.00s, Limit=0.000s, Conversion=0.0005s, RTAB-Map=0.1280s, Maps update=0.0021s pub=0.0131s delay=0.3147s (local map=94, WM=94)
[INFO] [1772726627.239346496] [rtabmap]: rtabmap (275): Rate=1.00s, Limit=0.000s, Conversion=0.0006s, RTAB-Map=0.1389s, Maps update=0.0028s pub=0.0143s delay=0.3161s (local map=95, WM=95)
[INFO] [1772726628.245767202] [rtabmap]: rtabmap (276): Rate=1.00s, Limit=0.000s, Conversion=0.0005s, RTAB-Map=0.1341s, Maps update=0.0026s pub=0.0124s delay=0.3226s (local map=96, WM=96)
[INFO] [1772726629.235100478] [rtabmap]: rtabmap (277): Rate=1.00s, Limit=0.000s, Conversion=0.0005s, RTAB-Map=0.1309s, Maps update=0.0018s pub=0.0125s delay=0.3118s (local map=97, WM=97)
[INFO] [1772726630.237189709] [rtabmap]: rtabmap (278): Rate=1.00s, Limit=0.000s, Conversion=0.0004s, RTAB-Map=0.1274s, Maps update=0.0021s pub=0.0153s delay=0.3139s (local map=98, WM=98)
[INFO] [1772726631.230986209] [rtabmap]: rtabmap (279): Rate=1.00s, Limit=0.000s, Conversion=0.0005s, RTAB-Map=0.1274s, Maps update=0.0017s pub=0.0110s delay=0.3076s (local map=99, WM=99)
[INFO] [1772726632.232415673] [rtabmap]: rtabmap (280): Rate=1.00s, Limit=0.000s, Conversion=0.0006s, RTAB-Map=0.1200s, Maps update=0.0021s pub=0.0126s delay=0.3082s (local map=100, WM=100)
[INFO] [1772726633.330824120] [rtabmap]: rtabmap (281): Rate=1.00s, Limit=0.000s, Conversion=0.0005s, RTAB-Map=0.1194s, Maps update=0.0021s pub=0.0140s delay=0.3066s (local map=101, WM=101)
[INFO] [1772726634.420420747] [rtabmap]: rtabmap (282): Rate=1.00s, Limit=0.000s, Conversion=0.0005s, RTAB-Map=0.1145s, Maps update=0.0017s pub=0.0114s delay=0.2971s (local map=102, WM=102)
[INFO] [1772726635.542102402] [rtabmap]: rtabmap (283): Rate=1.00s, Limit=0.000s, Conversion=0.0005s, RTAB-Map=0.1226s, Maps update=0.0026s pub=0.0158s delay=0.3179s (local map=103, WM=103)
[INFO] [1772726636.624935726] [rtabmap]: rtabmap (284): Rate=1.00s, Limit=0.000s, Conversion=0.0003s, RTAB-Map=0.1203s, Maps update=0.0018s pub=0.0123s delay=0.3015s (local map=104, WM=104)
[INFO] [1772726637.720790998] [rtabmap]: rtabmap (285): Rate=1.00s, Limit=0.000s, Conversion=0.0005s, RTAB-Map=0.1196s, Maps update=0.0017s pub=0.0117s delay=0.2966s (local map=105, WM=105)
[INFO] [1772726638.838619466] [rtabmap]: rtabmap (286): Rate=1.00s, Limit=0.000s, Conversion=0.0003s, RTAB-Map=0.1221s, Maps update=0.0017s pub=0.0126s delay=0.3153s (local map=106, WM=106)
[INFO] [1772726639.936839075] [rtabmap]: rtabmap (287): Rate=1.00s, Limit=0.000s, Conversion=0.0004s, RTAB-Map=0.1273s, Maps update=0.0018s pub=0.0161s delay=0.3135s (local map=107, WM=107)
[INFO] [1772726641.032017844] [rtabmap]: rtabmap (288): Rate=1.00s, Limit=0.000s, Conversion=0.0003s, RTAB-Map=0.1231s, Maps update=0.0023s pub=0.0154s delay=0.3087s (local map=108, WM=108)
[INFO] [1772726642.137744332] [rtabmap]: rtabmap (289): Rate=1.00s, Limit=0.000s, Conversion=0.0004s, RTAB-Map=0.1261s, Maps update=0.0024s pub=0.0169s delay=0.3143s (local map=109, WM=109)
[INFO] [1772726643.125955714] [rtabmap]: rtabmap (290): Rate=1.00s, Limit=0.000s, Conversion=0.0004s, RTAB-Map=0.1240s, Maps update=0.0007s pub=0.0064s delay=0.3017s (local map=109, WM=109)
[INFO] [1772726644.236088464] [rtabmap]: rtabmap (291): Rate=1.00s, Limit=0.000s, Conversion=0.0005s, RTAB-Map=0.1271s, Maps update=0.0028s pub=0.0145s delay=0.3118s (local map=110, WM=110)
[INFO] [1772726645.324840614] [rtabmap]: rtabmap (292): Rate=1.00s, Limit=0.000s, Conversion=0.0005s, RTAB-Map=0.1169s, Maps update=0.0018s pub=0.0127s delay=0.3016s (local map=111, WM=111)
[INFO] [1772726646.335316786] [rtabmap]: rtabmap (293): Rate=1.00s, Limit=0.000s, Conversion=0.0004s, RTAB-Map=0.1278s, Maps update=0.0023s pub=0.0130s delay=0.3119s (local map=112, WM=112)
[INFO] [1772726647.329052772] [rtabmap]: rtabmap (294): Rate=1.00s, Limit=0.000s, Conversion=0.0003s, RTAB-Map=0.1190s, Maps update=0.0019s pub=0.0128s delay=0.3056s (local map=113, WM=113)
[INFO] [1772726648.338193283] [rtabmap]: rtabmap (295): Rate=1.00s, Limit=0.000s, Conversion=0.0005s, RTAB-Map=0.1232s, Maps update=0.0027s pub=0.0136s delay=0.3147s (local map=114, WM=114)
[INFO] [1772726649.449869989] [rtabmap]: rtabmap (296): Rate=1.00s, Limit=0.000s, Conversion=0.0003s, RTAB-Map=0.1353s, Maps update=0.0048s pub=0.0155s delay=0.3265s (local map=115, WM=115)
[INFO] [1772726650.551960321] [rtabmap]: rtabmap (297): Rate=1.00s, Limit=0.000s, Conversion=0.0004s, RTAB-Map=0.1368s, Maps update=0.0023s pub=0.0141s delay=0.3290s (local map=116, WM=116)
[INFO] [1772726651.544005306] [rtabmap]: rtabmap (298): Rate=1.00s, Limit=0.000s, Conversion=0.0003s, RTAB-Map=0.1343s, Maps update=0.0020s pub=0.0149s delay=0.3198s (local map=117, WM=117)
[INFO] [1772726652.657755971] [rtabmap]: rtabmap (299): Rate=1.00s, Limit=0.000s, Conversion=0.0004s, RTAB-Map=0.1421s, Maps update=0.0023s pub=0.0195s delay=0.3341s (local map=118, WM=118)
[INFO] [1772726653.650267980] [rtabmap]: rtabmap (300): Rate=1.00s, Limit=0.000s, Conversion=0.0005s, RTAB-Map=0.1325s, Maps update=0.0008s pub=0.0156s delay=0.3260s (local map=119, WM=119)
[INFO] [1772726654.751061628] [rtabmap]: rtabmap (301): Rate=1.00s, Limit=0.000s, Conversion=0.0003s, RTAB-Map=0.1404s, Maps update=0.0023s pub=0.0153s delay=0.3277s (local map=120, WM=120)
[INFO] [1772726655.744652361] [rtabmap]: rtabmap (302): Rate=1.00s, Limit=0.000s, Conversion=0.0004s, RTAB-Map=0.1303s, Maps update=0.0022s pub=0.0155s delay=0.3211s (local map=121, WM=121)
[INFO] [1772726656.853143921] [rtabmap]: rtabmap (303): Rate=1.00s, Limit=0.000s, Conversion=0.0003s, RTAB-Map=0.1349s, Maps update=0.0020s pub=0.0186s delay=0.3297s (local map=122, WM=122)
[INFO] [1772726657.847623017] [rtabmap]: rtabmap (304): Rate=1.00s, Limit=0.000s, Conversion=0.0004s, RTAB-Map=0.1326s, Maps update=0.0020s pub=0.0151s delay=0.3240s (local map=123, WM=123)
[INFO] [1772726658.938695154] [rtabmap]: rtabmap (305): Rate=1.00s, Limit=0.000s, Conversion=0.0005s, RTAB-Map=0.1299s, Maps update=0.0018s pub=0.0158s delay=0.3152s (local map=124, WM=124)
[INFO] [1772726659.949634596] [rtabmap]: rtabmap (306): Rate=1.00s, Limit=0.000s, Conversion=0.0003s, RTAB-Map=0.1328s, Maps update=0.0008s pub=0.0168s delay=0.3253s (local map=125, WM=125)
[INFO] [1772726661.042235104] [rtabmap]: rtabmap (307): Rate=1.00s, Limit=0.000s, Conversion=0.0003s, RTAB-Map=0.1386s, Maps update=0.0026s pub=0.0152s delay=0.3187s (local map=126, WM=126)
[INFO] [1772726662.158896461] [rtabmap]: rtabmap (308): Rate=1.00s, Limit=0.000s, Conversion=0.0005s, RTAB-Map=0.1332s, Maps update=0.0021s pub=0.0167s delay=0.3354s (local map=127, WM=127)
[INFO] [1772726663.235610978] [rtabmap]: rtabmap (309): Rate=1.00s, Limit=0.000s, Conversion=0.0005s, RTAB-Map=0.1181s, Maps update=0.0019s pub=0.0167s delay=0.3121s (local map=128, WM=128)
[INFO] [1772726664.236503948] [rtabmap]: rtabmap (310): Rate=1.00s, Limit=0.000s, Conversion=0.0005s, RTAB-Map=0.1227s, Maps update=0.0019s pub=0.0175s delay=0.3128s (local map=129, WM=129)
[INFO] [1772726665.338277254] [rtabmap]: rtabmap (311): Rate=1.00s, Limit=0.000s, Conversion=0.0006s, RTAB-Map=0.1223s, Maps update=0.0019s pub=0.0162s delay=0.3147s (local map=130, WM=130)
[INFO] [1772726666.343377623] [rtabmap]: rtabmap (312): Rate=1.00s, Limit=0.000s, Conversion=0.0005s, RTAB-Map=0.1262s, Maps update=0.0023s pub=0.0153s delay=0.3198s (local map=131, WM=131)
[INFO] [1772726667.437693717] [rtabmap]: rtabmap (313): Rate=1.00s, Limit=0.000s, Conversion=0.0003s, RTAB-Map=0.1233s, Maps update=0.0021s pub=0.0170s delay=0.3142s (local map=132, WM=132)
[INFO] [1772726668.539222559] [rtabmap]: rtabmap (314): Rate=1.00s, Limit=0.000s, Conversion=0.0004s, RTAB-Map=0.1363s, Maps update=0.0020s pub=0.0161s delay=0.3157s (local map=133, WM=133)
[INFO] [1772726669.629145772] [rtabmap]: rtabmap (315): Rate=1.00s, Limit=0.000s, Conversion=0.0004s, RTAB-Map=0.1224s, Maps update=0.0022s pub=0.0148s delay=0.3055s (local map=134, WM=134)
[INFO] [1772726670.734726331] [rtabmap]: rtabmap (316): Rate=1.00s, Limit=0.000s, Conversion=0.0005s, RTAB-Map=0.1255s, Maps update=0.0023s pub=0.0186s delay=0.3112s (local map=135, WM=135)
[INFO] [1772726671.840134532] [rtabmap]: rtabmap (317): Rate=1.00s, Limit=0.000s, Conversion=0.0005s, RTAB-Map=0.1223s, Maps update=0.0024s pub=0.0202s delay=0.3166s (local map=136, WM=136)
[INFO] [1772726672.832423794] [rtabmap]: rtabmap (318): Rate=1.00s, Limit=0.000s, Conversion=0.0004s, RTAB-Map=0.1210s, Maps update=0.0018s pub=0.0163s delay=0.3088s (local map=137, WM=137)
[INFO] [1772726673.946099850] [rtabmap]: rtabmap (319): Rate=1.00s, Limit=0.000s, Conversion=0.0003s, RTAB-Map=0.1347s, Maps update=0.0024s pub=0.0146s delay=0.3224s (local map=138, WM=138)
[INFO] [1772726675.059383861] [rtabmap]: rtabmap (320): Rate=1.00s, Limit=0.000s, Conversion=0.0004s, RTAB-Map=0.1391s, Maps update=0.0022s pub=0.0182s delay=0.3358s (local map=139, WM=139)
[INFO] [1772726676.043675196] [rtabmap]: rtabmap (321): Rate=1.00s, Limit=0.000s, Conversion=0.0004s, RTAB-Map=0.1228s, Maps update=0.0026s pub=0.0152s delay=0.3201s (local map=140, WM=140)
[INFO] [1772726677.135473223] [rtabmap]: rtabmap (322): Rate=1.00s, Limit=0.000s, Conversion=0.0003s, RTAB-Map=0.1230s, Maps update=0.0019s pub=0.0168s delay=0.3118s (local map=141, WM=141)
[INFO] [1772726678.244566217] [rtabmap]: rtabmap (323): Rate=1.00s, Limit=0.000s, Conversion=0.0005s, RTAB-Map=0.1275s, Maps update=0.0019s pub=0.0150s delay=0.3210s (local map=142, WM=142)
[INFO] [1772726679.353136250] [rtabmap]: rtabmap (324): Rate=1.00s, Limit=0.000s, Conversion=0.0005s, RTAB-Map=0.1306s, Maps update=0.0020s pub=0.0162s delay=0.3296s (local map=143, WM=143)
[INFO] [1772726680.334294778] [rtabmap]: rtabmap (325): Rate=1.00s, Limit=0.000s, Conversion=0.0005s, RTAB-Map=0.1181s, Maps update=0.0018s pub=0.0154s delay=0.3106s (local map=144, WM=144)
[INFO] [1772726681.436840646] [rtabmap]: rtabmap (326): Rate=1.00s, Limit=0.000s, Conversion=0.0005s, RTAB-Map=0.1266s, Maps update=0.0022s pub=0.0164s delay=0.3132s (local map=145, WM=145)
[INFO] [1772726682.530048735] [rtabmap]: rtabmap (327): Rate=1.00s, Limit=0.000s, Conversion=0.0005s, RTAB-Map=0.1196s, Maps update=0.0018s pub=0.0143s delay=0.3070s (local map=146, WM=146)
[INFO] [1772726683.537441307] [rtabmap]: rtabmap (328): Rate=1.00s, Limit=0.000s, Conversion=0.0005s, RTAB-Map=0.1282s, Maps update=0.0019s pub=0.0163s delay=0.3144s (local map=147, WM=147)
[INFO] [1772726684.647184819] [rtabmap]: rtabmap (329): Rate=1.00s, Limit=0.000s, Conversion=0.0008s, RTAB-Map=0.1221s, Maps update=0.0019s pub=0.0176s delay=0.3238s (local map=148, WM=148)
[INFO] [1772726685.747083879] [rtabmap]: rtabmap (330): Rate=1.00s, Limit=0.000s, Conversion=0.0005s, RTAB-Map=0.1298s, Maps update=0.0024s pub=0.0171s delay=0.3235s (local map=149, WM=149)
[INFO] [1772726686.846927290] [rtabmap]: rtabmap (331): Rate=1.00s, Limit=0.000s, Conversion=0.0004s, RTAB-Map=0.1305s, Maps update=0.0022s pub=0.0145s delay=0.3240s (local map=150, WM=150)
[INFO] [1772726687.836532975] [rtabmap]: rtabmap (332): Rate=1.00s, Limit=0.000s, Conversion=0.0005s, RTAB-Map=0.1296s, Maps update=0.0018s pub=0.0165s delay=0.3129s (local map=151, WM=151)
[INFO] [1772726688.948520304] [rtabmap]: rtabmap (333): Rate=1.00s, Limit=0.000s, Conversion=0.0006s, RTAB-Map=0.1321s, Maps update=0.0028s pub=0.0184s delay=0.3254s (local map=152, WM=152)
[INFO] [1772726690.040523938] [rtabmap]: rtabmap (334): Rate=1.00s, Limit=0.000s, Conversion=0.0004s, RTAB-Map=0.1303s, Maps update=0.0023s pub=0.0152s delay=0.3169s (local map=153, WM=153)
[INFO] [1772726691.136289999] [rtabmap]: rtabmap (335): Rate=1.00s, Limit=0.000s, Conversion=0.0009s, RTAB-Map=0.1252s, Maps update=0.0019s pub=0.0174s delay=0.3127s (local map=154, WM=154)
[INFO] [1772726692.243048804] [rtabmap]: rtabmap (336): Rate=1.00s, Limit=0.000s, Conversion=0.0003s, RTAB-Map=0.1271s, Maps update=0.0025s pub=0.0157s delay=0.3200s (local map=155, WM=155)
[INFO] [1772726693.242429594] [rtabmap]: rtabmap (337): Rate=1.00s, Limit=0.000s, Conversion=0.0004s, RTAB-Map=0.1279s, Maps update=0.0020s pub=0.0174s delay=0.3188s (local map=156, WM=156)
[INFO] [1772726694.338906911] [rtabmap]: rtabmap (338): Rate=1.00s, Limit=0.000s, Conversion=0.0005s, RTAB-Map=0.1275s, Maps update=0.0021s pub=0.0184s delay=0.3159s (local map=157, WM=157)
[INFO] [1772726695.436615275] [rtabmap]: rtabmap (339): Rate=1.00s, Limit=0.000s, Conversion=0.0003s, RTAB-Map=0.1243s, Maps update=0.0020s pub=0.0166s delay=0.3136s (local map=158, WM=158)
[INFO] [1772726696.547112507] [rtabmap]: rtabmap (340): Rate=1.00s, Limit=0.000s, Conversion=0.0003s, RTAB-Map=0.1380s, Maps update=0.0024s pub=0.0168s delay=0.3242s (local map=159, WM=159)
[INFO] [1772726697.542362218] [rtabmap]: rtabmap (341): Rate=1.00s, Limit=0.000s, Conversion=0.0004s, RTAB-Map=0.1297s, Maps update=0.0030s pub=0.0155s delay=0.3193s (local map=160, WM=160)
[INFO] [1772726698.552757320] [rtabmap]: rtabmap (342): Rate=1.00s, Limit=0.000s, Conversion=0.0005s, RTAB-Map=0.1451s, Maps update=0.0039s pub=0.0195s delay=0.3296s (local map=161, WM=161)
[INFO] [1772726699.547071736] [rtabmap]: rtabmap (343): Rate=1.00s, Limit=0.000s, Conversion=0.0005s, RTAB-Map=0.1361s, Maps update=0.0021s pub=0.0173s delay=0.3235s (local map=162, WM=162)
[INFO] [1772726700.640705855] [rtabmap]: rtabmap (344): Rate=1.00s, Limit=0.000s, Conversion=0.0006s, RTAB-Map=0.1304s, Maps update=0.0024s pub=0.0169s delay=0.3178s (local map=163, WM=163)
[INFO] [1772726701.650449609] [rtabmap]: rtabmap (345): Rate=1.00s, Limit=0.000s, Conversion=0.0005s, RTAB-Map=0.1323s, Maps update=0.0050s pub=0.0165s delay=0.3269s (local map=164, WM=164)
[INFO] [1772726702.735884003] [rtabmap]: rtabmap (346): Rate=1.00s, Limit=0.000s, Conversion=0.0003s, RTAB-Map=0.1257s, Maps update=0.0020s pub=0.0159s delay=0.3128s (local map=165, WM=165)
[INFO] [1772726703.736288315] [rtabmap]: rtabmap (347): Rate=1.00s, Limit=0.000s, Conversion=0.0003s, RTAB-Map=0.1268s, Maps update=0.0021s pub=0.0185s delay=0.3126s (local map=166, WM=166)
[INFO] [1772726704.838460090] [rtabmap]: rtabmap (348): Rate=1.00s, Limit=0.000s, Conversion=0.0003s, RTAB-Map=0.1293s, Maps update=0.0026s pub=0.0175s delay=0.3149s (local map=167, WM=167)
[INFO] [1772726705.844363685] [rtabmap]: rtabmap (349): Rate=1.00s, Limit=0.000s, Conversion=0.0105s, RTAB-Map=0.1258s, Maps update=0.0025s pub=0.0186s delay=0.3207s (local map=168, WM=168)
[INFO] [1772726706.930757791] [rtabmap]: rtabmap (350): Rate=1.00s, Limit=0.000s, Conversion=0.0003s, RTAB-Map=0.1288s, Maps update=0.0020s pub=0.0158s delay=0.3076s (local map=169, WM=169)
[INFO] [1772726708.038324463] [rtabmap]: rtabmap (351): Rate=1.00s, Limit=0.000s, Conversion=0.0006s, RTAB-Map=0.1307s, Maps update=0.0020s pub=0.0170s delay=0.3147s (local map=170, WM=170)
[INFO] [1772726709.135732114] [rtabmap]: rtabmap (352): Rate=1.00s, Limit=0.000s, Conversion=0.0005s, RTAB-Map=0.1231s, Maps update=0.0019s pub=0.0215s delay=0.3121s (local map=171, WM=171)
[INFO] [1772726710.224619582] [rtabmap]: rtabmap (353): Rate=1.00s, Limit=0.000s, Conversion=0.0005s, RTAB-Map=0.1284s, Maps update=0.0020s pub=0.0159s delay=0.3009s (local map=172, WM=172)
[INFO] [1772726711.348159705] [rtabmap]: rtabmap (354): Rate=1.00s, Limit=0.000s, Conversion=0.0005s, RTAB-Map=0.1323s, Maps update=0.0027s pub=0.0198s delay=0.3252s (local map=173, WM=173)
[INFO] [1772726712.443940167] [rtabmap]: rtabmap (355): Rate=1.00s, Limit=0.000s, Conversion=0.0003s, RTAB-Map=0.1356s, Maps update=0.0021s pub=0.0177s delay=0.3210s (local map=174, WM=174)
[INFO] [1772726713.440212951] [rtabmap]: rtabmap (356): Rate=1.00s, Limit=0.000s, Conversion=0.0005s, RTAB-Map=0.1359s, Maps update=0.0023s pub=0.0184s delay=0.3172s (local map=175, WM=175)
[INFO] [1772726714.537733053] [rtabmap]: rtabmap (357): Rate=1.00s, Limit=0.000s, Conversion=0.0004s, RTAB-Map=0.1297s, Maps update=0.0020s pub=0.0212s delay=0.3147s (local map=176, WM=176)
[INFO] [1772726715.541037588] [rtabmap]: rtabmap (358): Rate=1.00s, Limit=0.000s, Conversion=0.0003s, RTAB-Map=0.1378s, Maps update=0.0023s pub=0.0174s delay=0.3180s (local map=177, WM=177)
[INFO] [1772726716.660298083] [rtabmap]: rtabmap (359): Rate=1.00s, Limit=0.000s, Conversion=0.0005s, RTAB-Map=0.1449s, Maps update=0.0023s pub=0.0232s delay=0.3366s (local map=178, WM=178)
[INFO] [1772726717.742957122] [rtabmap]: rtabmap (360): Rate=1.00s, Limit=0.000s, Conversion=0.0003s, RTAB-Map=0.1250s, Maps update=0.0023s pub=0.0216s delay=0.3199s (local map=179, WM=179)
[INFO] [1772726718.758214144] [rtabmap]: rtabmap (361): Rate=1.00s, Limit=0.000s, Conversion=0.0003s, RTAB-Map=0.1408s, Maps update=0.0023s pub=0.0199s delay=0.3351s (local map=180, WM=180)
[INFO] [1772726719.839043748] [rtabmap]: rtabmap (362): Rate=1.00s, Limit=0.000s, Conversion=0.0005s, RTAB-Map=0.1337s, Maps update=0.0021s pub=0.0185s delay=0.3160s (local map=181, WM=181)
[INFO] [1772726720.850505926] [rtabmap]: rtabmap (363): Rate=1.00s, Limit=0.000s, Conversion=0.0006s, RTAB-Map=0.1408s, Maps update=0.0011s pub=0.0194s delay=0.3267s (local map=182, WM=182)
[INFO] [1772726721.954221047] [rtabmap]: rtabmap (364): Rate=1.00s, Limit=0.000s, Conversion=0.0003s, RTAB-Map=0.1391s, Maps update=0.0027s pub=0.0211s delay=0.3311s (local map=183, WM=183)
[INFO] [1772726723.049000196] [rtabmap]: rtabmap (365): Rate=1.00s, Limit=0.000s, Conversion=0.0005s, RTAB-Map=0.1375s, Maps update=0.0020s pub=0.0276s delay=0.3259s (local map=184, WM=184)
[INFO] [1772726724.142310049] [rtabmap]: rtabmap (366): Rate=1.00s, Limit=0.000s, Conversion=0.0003s, RTAB-Map=0.1391s, Maps update=0.0021s pub=0.0185s delay=0.3193s (local map=185, WM=185)
[INFO] [1772726725.145121351] [rtabmap]: rtabmap (367): Rate=1.00s, Limit=0.000s, Conversion=0.0003s, RTAB-Map=0.1320s, Maps update=0.0027s pub=0.0211s delay=0.3221s (local map=186, WM=186)
[INFO] [1772726726.138054025] [rtabmap]: rtabmap (368): Rate=1.00s, Limit=0.000s, Conversion=0.0004s, RTAB-Map=0.1318s, Maps update=0.0024s pub=0.0211s delay=0.3149s (local map=187, WM=187)
[INFO] [1772726727.250927431] [rtabmap]: rtabmap (369): Rate=1.00s, Limit=0.000s, Conversion=0.0003s, RTAB-Map=0.1422s, Maps update=0.0026s pub=0.0218s delay=0.3272s (local map=188, WM=188)
[INFO] [1772726728.341141534] [rtabmap]: rtabmap (370): Rate=1.00s, Limit=0.000s, Conversion=0.0005s, RTAB-Map=0.1282s, Maps update=0.0028s pub=0.0180s delay=0.3180s (local map=189, WM=189)
[INFO] [1772726729.447909972] [rtabmap]: rtabmap (371): Rate=1.00s, Limit=0.000s, Conversion=0.0005s, RTAB-Map=0.1350s, Maps update=0.0028s pub=0.0201s delay=0.3249s (local map=190, WM=190)
[INFO] [1772726730.436894997] [rtabmap]: rtabmap (372): Rate=1.00s, Limit=0.000s, Conversion=0.0006s, RTAB-Map=0.1241s, Maps update=0.0022s pub=0.0211s delay=0.3137s (local map=191, WM=191)
[INFO] [1772726731.430722613] [rtabmap]: rtabmap (373): Rate=1.00s, Limit=0.000s, Conversion=0.0005s, RTAB-Map=0.1270s, Maps update=0.0021s pub=0.0188s delay=0.3070s (local map=192, WM=192)
[INFO] [1772726732.533370691] [rtabmap]: rtabmap (374): Rate=1.00s, Limit=0.000s, Conversion=0.0006s, RTAB-Map=0.1235s, Maps update=0.0028s pub=0.0253s delay=0.3104s (local map=193, WM=193)
[INFO] [1772726733.538857761] [rtabmap]: rtabmap (375): Rate=1.00s, Limit=0.000s, Conversion=0.0007s, RTAB-Map=0.1283s, Maps update=0.0029s pub=0.0244s delay=0.3158s (local map=194, WM=194)
[INFO] [1772726734.528622844] [rtabmap]: rtabmap (376): Rate=1.00s, Limit=0.000s, Conversion=0.0004s, RTAB-Map=0.1238s, Maps update=0.0025s pub=0.0235s delay=0.3055s (local map=195, WM=195)
[INFO] [1772726735.529592358] [rtabmap]: rtabmap (377): Rate=1.00s, Limit=0.000s, Conversion=0.0003s, RTAB-Map=0.1236s, Maps update=0.0023s pub=0.0234s delay=0.3064s (local map=196, WM=196)
[INFO] [1772726736.532655156] [rtabmap]: rtabmap (378): Rate=1.00s, Limit=0.000s, Conversion=0.0003s, RTAB-Map=0.1214s, Maps update=0.0020s pub=0.0209s delay=0.3089s (local map=197, WM=197)
[INFO] [1772726737.636120670] [rtabmap]: rtabmap (379): Rate=1.00s, Limit=0.000s, Conversion=0.0003s, RTAB-Map=0.1192s, Maps update=0.0020s pub=0.0222s delay=0.3131s (local map=198, WM=198)
[INFO] [1772726738.643458808] [rtabmap]: rtabmap (380): Rate=1.00s, Limit=0.000s, Conversion=0.0008s, RTAB-Map=0.1321s, Maps update=0.0023s pub=0.0194s delay=0.3203s (local map=199, WM=199)
[INFO] [1772726739.736770549] [rtabmap]: rtabmap (381): Rate=1.00s, Limit=0.000s, Conversion=0.0003s, RTAB-Map=0.1174s, Maps update=0.0021s pub=0.0254s delay=0.3136s (local map=200, WM=200)
[INFO] [1772726740.844566028] [rtabmap]: rtabmap (382): Rate=1.00s, Limit=0.000s, Conversion=0.0004s, RTAB-Map=0.1316s, Maps update=0.0021s pub=0.0236s delay=0.3214s (local map=201, WM=201)
[INFO] [1772726741.948479460] [rtabmap]: rtabmap (383): Rate=1.00s, Limit=0.000s, Conversion=0.0006s, RTAB-Map=0.1267s, Maps update=0.0025s pub=0.0218s delay=0.3247s (local map=202, WM=202)
[INFO] [1772726743.030626835] [rtabmap]: rtabmap (384): Rate=1.00s, Limit=0.000s, Conversion=0.0004s, RTAB-Map=0.1149s, Maps update=0.0022s pub=0.0197s delay=0.3074s (local map=203, WM=203)
[INFO] [1772726744.151410900] [rtabmap]: rtabmap (385): Rate=1.00s, Limit=0.000s, Conversion=0.0003s, RTAB-Map=0.1303s, Maps update=0.0022s pub=0.0202s delay=0.3283s (local map=204, WM=204)
[INFO] [1772726745.250565584] [rtabmap]: rtabmap (386): Rate=1.00s, Limit=0.000s, Conversion=0.0108s, RTAB-Map=0.1254s, Maps update=0.0028s pub=0.0205s delay=0.3273s (local map=205, WM=205)
[INFO] [1772726746.340505791] [rtabmap]: rtabmap (387): Rate=1.00s, Limit=0.000s, Conversion=0.0005s, RTAB-Map=0.1280s, Maps update=0.0021s pub=0.0210s delay=0.3173s (local map=206, WM=206)
[INFO] [1772726747.452339834] [rtabmap]: rtabmap (388): Rate=1.00s, Limit=0.000s, Conversion=0.0003s, RTAB-Map=0.1302s, Maps update=0.0023s pub=0.0229s delay=0.3290s (local map=207, WM=207)
[INFO] [1772726748.546575157] [rtabmap]: rtabmap (389): Rate=1.00s, Limit=0.000s, Conversion=0.0003s, RTAB-Map=0.1244s, Maps update=0.0023s pub=0.0217s delay=0.3234s (local map=208, WM=208)
[INFO] [1772726749.566241412] [rtabmap]: rtabmap (390): Rate=1.00s, Limit=0.000s, Conversion=0.0005s, RTAB-Map=0.1337s, Maps update=0.0023s pub=0.0211s delay=0.3430s (local map=209, WM=209)
[INFO] [1772726750.663325084] [rtabmap]: rtabmap (391): Rate=1.00s, Limit=0.000s, Conversion=0.0005s, RTAB-Map=0.1384s, Maps update=0.0021s pub=0.0226s delay=0.3402s (local map=210, WM=210)
[INFO] [1772726751.656885011] [rtabmap]: rtabmap (392): Rate=1.00s, Limit=0.000s, Conversion=0.0007s, RTAB-Map=0.1317s, Maps update=0.0022s pub=0.0206s delay=0.3337s (local map=211, WM=211)
[INFO] [1772726752.658386447] [rtabmap]: rtabmap (393): Rate=1.00s, Limit=0.000s, Conversion=0.0005s, RTAB-Map=0.1325s, Maps update=0.0034s pub=0.0208s delay=0.3351s (local map=212, WM=212)
[INFO] [1772726753.651585914] [rtabmap]: rtabmap (394): Rate=1.00s, Limit=0.000s, Conversion=0.0005s, RTAB-Map=0.1309s, Maps update=0.0029s pub=0.0214s delay=0.3282s (local map=213, WM=213)
[INFO] [1772726754.752021568] [rtabmap]: rtabmap (395): Rate=1.00s, Limit=0.000s, Conversion=0.0004s, RTAB-Map=0.1313s, Maps update=0.0022s pub=0.0213s delay=0.3288s (local map=214, WM=214)
[INFO] [1772726755.856301732] [rtabmap]: rtabmap (396): Rate=1.00s, Limit=0.000s, Conversion=0.0005s, RTAB-Map=0.1365s, Maps update=0.0012s pub=0.0211s delay=0.3330s (local map=215, WM=215)
[INFO] [1772726756.966843605] [rtabmap]: rtabmap (397): Rate=1.00s, Limit=0.000s, Conversion=0.0003s, RTAB-Map=0.1374s, Maps update=0.0025s pub=0.0225s delay=0.3429s (local map=216, WM=216)
[INFO] [1772726758.053360947] [rtabmap]: rtabmap (398): Rate=1.00s, Limit=0.000s, Conversion=0.0004s, RTAB-Map=0.1327s, Maps update=0.0027s pub=0.0254s delay=0.3301s (local map=217, WM=217)
[INFO] [1772726759.060947350] [rtabmap]: rtabmap (399): Rate=1.00s, Limit=0.000s, Conversion=0.0005s, RTAB-Map=0.1400s, Maps update=0.0022s pub=0.0188s delay=0.3370s (local map=218, WM=218)
[INFO] [1772726760.142837340] [rtabmap]: rtabmap (400): Rate=1.00s, Limit=0.000s, Conversion=0.0005s, RTAB-Map=0.1287s, Maps update=0.0021s pub=0.0194s delay=0.3195s (local map=219, WM=219)
[INFO] [1772726761.140217105] [rtabmap]: rtabmap (401): Rate=1.00s, Limit=0.000s, Conversion=0.0003s, RTAB-Map=0.1333s, Maps update=0.0012s pub=0.0080s delay=0.3168s (local map=219, WM=219)
[INFO] [1772726762.245090952] [rtabmap]: rtabmap (402): Rate=1.00s, Limit=0.000s, Conversion=0.0006s, RTAB-Map=0.1360s, Maps update=0.0012s pub=0.0094s delay=0.3219s (local map=219, WM=219)
[INFO] [1772726763.245428733] [rtabmap]: rtabmap (403): Rate=1.00s, Limit=0.000s, Conversion=0.0005s, RTAB-Map=0.1356s, Maps update=0.0021s pub=0.0092s delay=0.3222s (local map=219, WM=219)
[INFO] [1772726764.258603191] [rtabmap]: rtabmap (404): Rate=1.00s, Limit=0.000s, Conversion=0.0003s, RTAB-Map=0.1394s, Maps update=0.0012s pub=0.0077s delay=0.3353s (local map=219, WM=219)
[INFO] [1772726765.351065048] [rtabmap]: rtabmap (405): Rate=1.00s, Limit=0.000s, Conversion=0.0005s, RTAB-Map=0.1404s, Maps update=0.0015s pub=0.0113s delay=0.3276s (local map=219, WM=219)
[INFO] [1772726766.450677027] [rtabmap]: rtabmap (406): Rate=1.00s, Limit=0.000s, Conversion=0.0005s, RTAB-Map=0.1444s, Maps update=0.0012s pub=0.0080s delay=0.3266s (local map=219, WM=219)
[INFO] [1772726767.553289777] [rtabmap]: rtabmap (407): Rate=1.00s, Limit=0.000s, Conversion=0.0005s, RTAB-Map=0.1426s, Maps update=0.0014s pub=0.0088s delay=0.3299s (local map=219, WM=219)
[INFO] [1772726768.638500164] [rtabmap]: rtabmap (408): Rate=1.00s, Limit=0.000s, Conversion=0.0005s, RTAB-Map=0.1390s, Maps update=0.0018s pub=0.0108s delay=0.3152s (local map=219, WM=219)
[INFO] [1772726769.645608343] [rtabmap]: rtabmap (409): Rate=1.00s, Limit=0.000s, Conversion=0.0003s, RTAB-Map=0.1339s, Maps update=0.0015s pub=0.0098s delay=0.3216s (local map=219, WM=219)
[INFO] [1772726770.752742457] [rtabmap]: rtabmap (410): Rate=1.00s, Limit=0.000s, Conversion=0.0004s, RTAB-Map=0.1424s, Maps update=0.0013s pub=0.0086s delay=0.3295s (local map=219, WM=219)
[INFO] [1772726771.750993129] [rtabmap]: rtabmap (411): Rate=1.00s, Limit=0.000s, Conversion=0.0004s, RTAB-Map=0.1436s, Maps update=0.0012s pub=0.0072s delay=0.3276s (local map=219, WM=219)
[INFO] [1772726772.857758719] [rtabmap]: rtabmap (412): Rate=1.00s, Limit=0.000s, Conversion=0.0005s, RTAB-Map=0.1385s, Maps update=0.0013s pub=0.0093s delay=0.3344s (local map=219, WM=219)
[INFO] [1772726773.840850751] [rtabmap]: rtabmap (413): Rate=1.00s, Limit=0.000s, Conversion=0.0004s, RTAB-Map=0.1300s, Maps update=0.0013s pub=0.0105s delay=0.3174s (local map=219, WM=219)
[INFO] [1772726774.847122358] [rtabmap]: rtabmap (414): Rate=1.00s, Limit=0.000s, Conversion=0.0005s, RTAB-Map=0.1376s, Maps update=0.0019s pub=0.0094s delay=0.3230s (local map=219, WM=219)
[INFO] [1772726775.959431170] [rtabmap]: rtabmap (415): Rate=1.00s, Limit=0.000s, Conversion=0.0003s, RTAB-Map=0.1451s, Maps update=0.0013s pub=0.0080s delay=0.3361s (local map=219, WM=219)
[INFO] [1772726776.942128149] [rtabmap]: rtabmap (416): Rate=1.00s, Limit=0.000s, Conversion=0.0006s, RTAB-Map=0.1339s, Maps update=0.0012s pub=0.0073s delay=0.3188s (local map=219, WM=219)
[INFO] [1772726778.040088074] [rtabmap]: rtabmap (417): Rate=1.00s, Limit=0.000s, Conversion=0.0003s, RTAB-Map=0.1315s, Maps update=0.0012s pub=0.0092s delay=0.3161s (local map=219, WM=219)
[INFO] [1772726779.147246284] [rtabmap]: rtabmap (418): Rate=1.00s, Limit=0.000s, Conversion=0.0005s, RTAB-Map=0.1365s, Maps update=0.0013s pub=0.0074s delay=0.3240s (local map=219, WM=219)
[INFO] [1772726780.138294161] [rtabmap]: rtabmap (419): Rate=1.00s, Limit=0.000s, Conversion=0.0005s, RTAB-Map=0.1320s, Maps update=0.0013s pub=0.0126s delay=0.3149s (local map=219, WM=219)
[INFO] [1772726781.250124749] [rtabmap]: rtabmap (420): Rate=1.00s, Limit=0.000s, Conversion=0.0005s, RTAB-Map=0.1392s, Maps update=0.0014s pub=0.0099s delay=0.3267s (local map=219, WM=219)
[INFO] [1772726782.243118865] [rtabmap]: rtabmap (421): Rate=1.00s, Limit=0.000s, Conversion=0.0006s, RTAB-Map=0.1315s, Maps update=0.0012s pub=0.0076s delay=0.3197s (local map=219, WM=219)
[INFO] [1772726783.243608267] [rtabmap]: rtabmap (422): Rate=1.00s, Limit=0.000s, Conversion=0.0004s, RTAB-Map=0.1283s, Maps update=0.0012s pub=0.0092s delay=0.3201s (local map=219, WM=219)
[INFO] [1772726784.248665915] [rtabmap]: rtabmap (423): Rate=1.00s, Limit=0.000s, Conversion=0.0004s, RTAB-Map=0.1371s, Maps update=0.0012s pub=0.0074s delay=0.3251s (local map=219, WM=219)
[INFO] [1772726785.239809347] [rtabmap]: rtabmap (424): Rate=1.00s, Limit=0.000s, Conversion=0.0005s, RTAB-Map=0.1262s, Maps update=0.0012s pub=0.0073s delay=0.3157s (local map=219, WM=219)
[INFO] [1772726786.343936034] [rtabmap]: rtabmap (425): Rate=1.00s, Limit=0.000s, Conversion=0.0004s, RTAB-Map=0.1358s, Maps update=0.0013s pub=0.0080s delay=0.3204s (local map=219, WM=219)
[INFO] [1772726787.451181927] [rtabmap]: rtabmap (426): Rate=1.00s, Limit=0.000s, Conversion=0.0004s, RTAB-Map=0.1429s, Maps update=0.0012s pub=0.0099s delay=0.3270s (local map=219, WM=219)
[INFO] [1772726788.537157683] [rtabmap]: rtabmap (427): Rate=1.00s, Limit=0.000s, Conversion=0.0004s, RTAB-Map=0.1296s, Maps update=0.0012s pub=0.0119s delay=0.3136s (local map=219, WM=219)
[INFO] [1772726789.650239064] [rtabmap]: rtabmap (428): Rate=1.00s, Limit=0.000s, Conversion=0.0003s, RTAB-Map=0.1361s, Maps update=0.0012s pub=0.0087s delay=0.3260s (local map=219, WM=219)
[INFO] [1772726790.738483727] [rtabmap]: rtabmap (429): Rate=1.00s, Limit=0.000s, Conversion=0.0004s, RTAB-Map=0.1307s, Maps update=0.0012s pub=0.0119s delay=0.3150s (local map=219, WM=219)
[INFO] [1772726791.754810288] [rtabmap]: rtabmap (430): Rate=1.00s, Limit=0.000s, Conversion=0.0006s, RTAB-Map=0.1414s, Maps update=0.0016s pub=0.0087s delay=0.3313s (local map=219, WM=219)
[INFO] [1772726792.852846439] [rtabmap]: rtabmap (431): Rate=1.00s, Limit=0.000s, Conversion=0.0003s, RTAB-Map=0.1416s, Maps update=0.0012s pub=0.0118s delay=0.3293s (local map=219, WM=219)
[INFO] [1772726793.939530354] [rtabmap]: rtabmap (432): Rate=1.00s, Limit=0.000s, Conversion=0.0005s, RTAB-Map=0.1356s, Maps update=0.0017s pub=0.0098s delay=0.3160s (local map=219, WM=219)
[INFO] [1772726795.049561740] [rtabmap]: rtabmap (433): Rate=1.00s, Limit=0.000s, Conversion=0.0006s, RTAB-Map=0.1333s, Maps update=0.0012s pub=0.0080s delay=0.3261s (local map=219, WM=219)
[INFO] [1772726796.148469190] [rtabmap]: rtabmap (434): Rate=1.00s, Limit=0.000s, Conversion=0.0005s, RTAB-Map=0.1394s, Maps update=0.0012s pub=0.0081s delay=0.3251s (local map=219, WM=219)
[INFO] [1772726797.144512054] [rtabmap]: rtabmap (435): Rate=1.00s, Limit=0.000s, Conversion=0.0004s, RTAB-Map=0.1384s, Maps update=0.0012s pub=0.0073s delay=0.3209s (local map=219, WM=219)
[INFO] [1772726798.147686558] [rtabmap]: rtabmap (436): Rate=1.00s, Limit=0.000s, Conversion=0.0004s, RTAB-Map=0.1351s, Maps update=0.0012s pub=0.0084s delay=0.3236s (local map=219, WM=219)
[INFO] [1772726799.172292331] [rtabmap]: rtabmap (437): Rate=1.00s, Limit=0.000s, Conversion=0.0004s, RTAB-Map=0.1542s, Maps update=0.0012s pub=0.0082s delay=0.3481s (local map=219, WM=219)
[INFO] [1772726800.254822798] [rtabmap]: rtabmap (438): Rate=1.00s, Limit=0.000s, Conversion=0.0107s, RTAB-Map=0.1347s, Maps update=0.0012s pub=0.0097s delay=0.3313s (local map=219, WM=219)
[INFO] [1772726801.241012489] [rtabmap]: rtabmap (439): Rate=1.00s, Limit=0.000s, Conversion=0.0005s, RTAB-Map=0.1316s, Maps update=0.0012s pub=0.0078s delay=0.3175s (local map=219, WM=219)
[INFO] [1772726802.276526256] [rtabmap]: rtabmap (440): Rate=1.00s, Limit=0.000s, Conversion=0.0003s, RTAB-Map=0.1616s, Maps update=0.0014s pub=0.0077s delay=0.3530s (local map=219, WM=219)
[INFO] [1772726803.243048163] [rtabmap]: rtabmap (441): Rate=1.00s, Limit=0.000s, Conversion=0.0005s, RTAB-Map=0.1392s, Maps update=0.0014s pub=0.0073s delay=0.3194s (local map=219, WM=219)
[INFO] [1772726804.350955796] [rtabmap]: rtabmap (442): Rate=1.00s, Limit=0.000s, Conversion=0.0005s, RTAB-Map=0.1375s, Maps update=0.0012s pub=0.0086s delay=0.3276s (local map=219, WM=219)
[INFO] [1772726805.346463858] [rtabmap]: rtabmap (443): Rate=1.00s, Limit=0.000s, Conversion=0.0005s, RTAB-Map=0.1298s, Maps update=0.0015s pub=0.0085s delay=0.3222s (local map=219, WM=219)
[INFO] [1772726806.435294415] [rtabmap]: rtabmap (444): Rate=1.00s, Limit=0.000s, Conversion=0.0005s, RTAB-Map=0.1300s, Maps update=0.0012s pub=0.0092s delay=0.3117s (local map=219, WM=219)
[INFO] [1772726807.544715316] [rtabmap]: rtabmap (445): Rate=1.00s, Limit=0.000s, Conversion=0.0004s, RTAB-Map=0.1382s, Maps update=0.0012s pub=0.0067s delay=0.3212s (local map=219, WM=219)
[INFO] [1772726808.639125362] [rtabmap]: rtabmap (446): Rate=1.00s, Limit=0.000s, Conversion=0.0004s, RTAB-Map=0.1320s, Maps update=0.0013s pub=0.0122s delay=0.3155s (local map=219, WM=219)
[INFO] [1772726809.655375486] [rtabmap]: rtabmap (447): Rate=1.00s, Limit=0.000s, Conversion=0.0007s, RTAB-Map=0.1436s, Maps update=0.0012s pub=0.0093s delay=0.3318s (local map=219, WM=219)
[INFO] [1772726810.746997403] [rtabmap]: rtabmap (448): Rate=1.00s, Limit=0.000s, Conversion=0.0004s, RTAB-Map=0.1368s, Maps update=0.0015s pub=0.0104s delay=0.3228s (local map=219, WM=219)
[INFO] [1772726811.848849211] [rtabmap]: rtabmap (449): Rate=1.00s, Limit=0.000s, Conversion=0.0005s, RTAB-Map=0.1368s, Maps update=0.0014s pub=0.0093s delay=0.3251s (local map=219, WM=219)
[INFO] [1772726812.954167154] [rtabmap]: rtabmap (450): Rate=1.00s, Limit=0.000s, Conversion=0.0003s, RTAB-Map=0.1439s, Maps update=0.0012s pub=0.0068s delay=0.3305s (local map=219, WM=219)
[INFO] [1772726814.042958158] [rtabmap]: rtabmap (451): Rate=1.00s, Limit=0.000s, Conversion=0.0005s, RTAB-Map=0.1380s, Maps update=0.0014s pub=0.0080s delay=0.3193s (local map=219, WM=219)
[INFO] [1772726815.144719018] [rtabmap]: rtabmap (452): Rate=1.00s, Limit=0.000s, Conversion=0.0003s, RTAB-Map=0.1311s, Maps update=0.0012s pub=0.0085s delay=0.3212s (local map=219, WM=219)
[INFO] [1772726816.148918357] [rtabmap]: rtabmap (453): Rate=1.00s, Limit=0.000s, Conversion=0.0005s, RTAB-Map=0.1397s, Maps update=0.0012s pub=0.0086s delay=0.3253s (local map=219, WM=219)
[INFO] [1772726817.155946882] [rtabmap]: rtabmap (454): Rate=1.00s, Limit=0.000s, Conversion=0.0005s, RTAB-Map=0.1390s, Maps update=0.0012s pub=0.0080s delay=0.3323s (local map=219, WM=219)
[INFO] [1772726818.238828880] [rtabmap]: rtabmap (455): Rate=1.00s, Limit=0.000s, Conversion=0.0005s, RTAB-Map=0.1312s, Maps update=0.0013s pub=0.0090s delay=0.3153s (local map=219, WM=219)
[INFO] [1772726819.343230472] [rtabmap]: rtabmap (456): Rate=1.00s, Limit=0.000s, Conversion=0.0005s, RTAB-Map=0.1324s, Maps update=0.0012s pub=0.0122s delay=0.3196s (local map=219, WM=219)
[INFO] [1772726820.340529988] [rtabmap]: rtabmap (457): Rate=1.00s, Limit=0.000s, Conversion=0.0004s, RTAB-Map=0.1299s, Maps update=0.0013s pub=0.0101s delay=0.3169s (local map=219, WM=219)
[INFO] [1772726821.347395787] [rtabmap]: rtabmap (458): Rate=1.00s, Limit=0.000s, Conversion=0.0005s, RTAB-Map=0.1350s, Maps update=0.0012s pub=0.0087s delay=0.3236s (local map=219, WM=219)
[INFO] [1772726822.353442070] [rtabmap]: rtabmap (459): Rate=1.00s, Limit=0.000s, Conversion=0.0003s, RTAB-Map=0.1454s, Maps update=0.0017s pub=0.0101s delay=0.3296s (local map=219, WM=219)
[INFO] [1772726823.353033378] [rtabmap]: rtabmap (460): Rate=1.00s, Limit=0.000s, Conversion=0.0006s, RTAB-Map=0.1363s, Maps update=0.0013s pub=0.0088s delay=0.3291s (local map=219, WM=219)
[INFO] [1772726824.447514370] [rtabmap]: rtabmap (461): Rate=1.00s, Limit=0.000s, Conversion=0.0005s, RTAB-Map=0.1376s, Maps update=0.0014s pub=0.0078s delay=0.3245s (local map=219, WM=219)
[INFO] [1772726825.440372548] [rtabmap]: rtabmap (462): Rate=1.00s, Limit=0.000s, Conversion=0.0005s, RTAB-Map=0.1311s, Maps update=0.0013s pub=0.0085s delay=0.3168s (local map=219, WM=219)
[INFO] [1772726826.564388515] [rtabmap]: rtabmap (463): Rate=1.00s, Limit=0.000s, Conversion=0.0005s, RTAB-Map=0.1441s, Maps update=0.0025s pub=0.0104s delay=0.3408s (local map=219, WM=219)
[INFO] [1772726827.644286923] [rtabmap]: rtabmap (464): Rate=1.00s, Limit=0.000s, Conversion=0.0005s, RTAB-Map=0.1421s, Maps update=0.0012s pub=0.0070s delay=0.3205s (local map=219, WM=219)
[INFO] [1772726828.735954825] [rtabmap]: rtabmap (465): Rate=1.00s, Limit=0.000s, Conversion=0.0004s, RTAB-Map=0.1306s, Maps update=0.0015s pub=0.0086s delay=0.3121s (local map=219, WM=219)
[INFO] [1772726829.868833787] [rtabmap]: rtabmap (466): Rate=1.00s, Limit=0.000s, Conversion=0.0105s, RTAB-Map=0.1414s, Maps update=0.0012s pub=0.0094s delay=0.3450s (local map=219, WM=219)
[INFO] [1772726830.945363854] [rtabmap]: rtabmap (467): Rate=1.00s, Limit=0.000s, Conversion=0.0006s, RTAB-Map=0.1417s, Maps update=0.0013s pub=0.0060s delay=0.3215s (local map=219, WM=219)
[INFO] [1772726832.065051127] [rtabmap]: rtabmap (468): Rate=1.00s, Limit=0.000s, Conversion=0.0005s, RTAB-Map=0.1483s, Maps update=0.0012s pub=0.0088s delay=0.3415s (local map=219, WM=219)
[INFO] [1772726833.055305983] [rtabmap]: rtabmap (469): Rate=1.00s, Limit=0.000s, Conversion=0.0005s, RTAB-Map=0.1407s, Maps update=0.0013s pub=0.0082s delay=0.3316s (local map=219, WM=219)
[INFO] [1772726834.138587324] [rtabmap]: rtabmap (470): Rate=1.00s, Limit=0.000s, Conversion=0.0004s, RTAB-Map=0.1263s, Maps update=0.0012s pub=0.0070s delay=0.3150s (local map=219, WM=219)
[INFO] [1772726835.139594168] [rtabmap]: rtabmap (471): Rate=1.00s, Limit=0.000s, Conversion=0.0003s, RTAB-Map=0.1325s, Maps update=0.0012s pub=0.0080s delay=0.3158s (local map=219, WM=219)
[INFO] [1772726836.252699165] [rtabmap]: rtabmap (472): Rate=1.00s, Limit=0.000s, Conversion=0.0003s, RTAB-Map=0.1453s, Maps update=0.0014s pub=0.0101s delay=0.3296s (local map=219, WM=219)
[INFO] [1772726837.240473391] [rtabmap]: rtabmap (473): Rate=1.00s, Limit=0.000s, Conversion=0.0003s, RTAB-Map=0.1318s, Maps update=0.0015s pub=0.0096s delay=0.3166s (local map=219, WM=219)
[INFO] [1772726838.367045190] [rtabmap]: rtabmap (474): Rate=1.00s, Limit=0.000s, Conversion=0.0005s, RTAB-Map=0.1468s, Maps update=0.0012s pub=0.0088s delay=0.3433s (local map=219, WM=219)
[INFO] [1772726839.443190060] [rtabmap]: rtabmap (475): Rate=1.00s, Limit=0.000s, Conversion=0.0006s, RTAB-Map=0.1356s, Maps update=0.0012s pub=0.0074s delay=0.3201s (local map=219, WM=219)
[INFO] [1772726840.463518693] [rtabmap]: rtabmap (476): Rate=1.00s, Limit=0.000s, Conversion=0.0005s, RTAB-Map=0.1420s, Maps update=0.0016s pub=0.0125s delay=0.3399s (local map=219, WM=219)
[INFO] [1772726841.552767760] [rtabmap]: rtabmap (477): Rate=1.00s, Limit=0.000s, Conversion=0.0005s, RTAB-Map=0.1434s, Maps update=0.0013s pub=0.0104s delay=0.3291s (local map=219, WM=219)
[INFO] [1772726842.650089235] [rtabmap]: rtabmap (478): Rate=1.00s, Limit=0.000s, Conversion=0.0007s, RTAB-Map=0.1384s, Maps update=0.0016s pub=0.0094s delay=0.3265s (local map=219, WM=219)
[INFO] [1772726843.641466146] [rtabmap]: rtabmap (479): Rate=1.00s, Limit=0.000s, Conversion=0.0003s, RTAB-Map=0.1345s, Maps update=0.0012s pub=0.0077s delay=0.3176s (local map=219, WM=219)
[INFO] [1772726844.756194271] [rtabmap]: rtabmap (480): Rate=1.00s, Limit=0.000s, Conversion=0.0004s, RTAB-Map=0.1468s, Maps update=0.0014s pub=0.0099s delay=0.3326s (local map=219, WM=219)
[INFO] [1772726845.844926649] [rtabmap]: rtabmap (481): Rate=1.00s, Limit=0.000s, Conversion=0.0004s, RTAB-Map=0.1409s, Maps update=0.0012s pub=0.0087s delay=0.3212s (local map=219, WM=219)
[INFO] [1772726846.948720731] [rtabmap]: rtabmap (482): Rate=1.00s, Limit=0.000s, Conversion=0.0004s, RTAB-Map=0.1313s, Maps update=0.0012s pub=0.0085s delay=0.3250s (local map=219, WM=219)
[INFO] [1772726848.049441780] [rtabmap]: rtabmap (483): Rate=1.00s, Limit=0.000s, Conversion=0.0003s, RTAB-Map=0.1423s, Maps update=0.0016s pub=0.0095s delay=0.3257s (local map=219, WM=219)
[INFO] [1772726849.040157644] [rtabmap]: rtabmap (484): Rate=1.00s, Limit=0.000s, Conversion=0.0005s, RTAB-Map=0.1359s, Maps update=0.0014s pub=0.0107s delay=0.3163s (local map=219, WM=219)
[INFO] [1772726850.138563156] [rtabmap]: rtabmap (485): Rate=1.00s, Limit=0.000s, Conversion=0.0003s, RTAB-Map=0.1370s, Maps update=0.0012s pub=0.0087s delay=0.3147s (local map=219, WM=219)
[INFO] [1772726851.238774171] [rtabmap]: rtabmap (486): Rate=1.00s, Limit=0.000s, Conversion=0.0005s, RTAB-Map=0.1343s, Maps update=0.0013s pub=0.0133s delay=0.3156s (local map=219, WM=219)
[INFO] [1772726852.347899446] [rtabmap]: rtabmap (487): Rate=1.00s, Limit=0.000s, Conversion=0.0005s, RTAB-Map=0.1376s, Maps update=0.0012s pub=0.0071s delay=0.3240s (local map=219, WM=219)
[INFO] [1772726853.473537773] [rtabmap]: rtabmap (488): Rate=1.00s, Limit=0.000s, Conversion=0.0005s, RTAB-Map=0.1499s, Maps update=0.0014s pub=0.0105s delay=0.3504s (local map=219, WM=219)
[INFO] [1772726854.546722636] [rtabmap]: rtabmap (489): Rate=1.00s, Limit=0.000s, Conversion=0.0005s, RTAB-Map=0.1397s, Maps update=0.0013s pub=0.0070s delay=0.3236s (local map=219, WM=219)
[INFO] [1772726855.547862733] [rtabmap]: rtabmap (490): Rate=1.00s, Limit=0.000s, Conversion=0.0004s, RTAB-Map=0.1405s, Maps update=0.0015s pub=0.0095s delay=0.3246s (local map=219, WM=219)
[INFO] [1772726856.673378111] [rtabmap]: rtabmap (491): Rate=1.00s, Limit=0.000s, Conversion=0.0003s, RTAB-Map=0.1514s, Maps update=0.0016s pub=0.0077s delay=0.3503s (local map=219, WM=219)
[INFO] [1772726857.639586343] [rtabmap]: rtabmap (492): Rate=1.00s, Limit=0.000s, Conversion=0.0003s, RTAB-Map=0.1306s, Maps update=0.0014s pub=0.0104s delay=0.3165s (local map=219, WM=219)
[INFO] [1772726858.746727606] [rtabmap]: rtabmap (493): Rate=1.00s, Limit=0.000s, Conversion=0.0005s, RTAB-Map=0.1331s, Maps update=0.0013s pub=0.0079s delay=0.3229s (local map=219, WM=219)
[INFO] [1772726859.847996768] [rtabmap]: rtabmap (494): Rate=1.00s, Limit=0.000s, Conversion=0.0004s, RTAB-Map=0.1442s, Maps update=0.0015s pub=0.0096s delay=0.3250s (local map=219, WM=219)
[INFO] [1772726860.848306320] [rtabmap]: rtabmap (495): Rate=1.00s, Limit=0.000s, Conversion=0.0004s, RTAB-Map=0.1377s, Maps update=0.0012s pub=0.0086s delay=0.3252s (local map=219, WM=219)
[INFO] [1772726861.867525417] [rtabmap]: rtabmap (496): Rate=1.00s, Limit=0.000s, Conversion=0.0005s, RTAB-Map=0.1523s, Maps update=0.0012s pub=0.0078s delay=0.3443s (local map=219, WM=219)
[INFO] [1772726862.839604656] [rtabmap]: rtabmap (497): Rate=1.00s, Limit=0.000s, Conversion=0.0005s, RTAB-Map=0.1279s, Maps update=0.0012s pub=0.0066s delay=0.3155s (local map=219, WM=219)
[INFO] [1772726863.967558931] [rtabmap]: rtabmap (498): Rate=1.00s, Limit=0.000s, Conversion=0.0105s, RTAB-Map=0.1398s, Maps update=0.0012s pub=0.0098s delay=0.3437s (local map=219, WM=219)
[INFO] [1772726864.940343102] [rtabmap]: rtabmap (499): Rate=1.00s, Limit=0.000s, Conversion=0.0004s, RTAB-Map=0.1327s, Maps update=0.0013s pub=0.0105s delay=0.3163s (local map=219, WM=219)
[INFO] [1772726866.047775365] [rtabmap]: rtabmap (500): Rate=1.00s, Limit=0.000s, Conversion=0.0005s, RTAB-Map=0.1332s, Maps update=0.0013s pub=0.0091s delay=0.3244s (local map=219, WM=219)
[INFO] [1772726867.150370067] [rtabmap]: rtabmap (501): Rate=1.00s, Limit=0.000s, Conversion=0.0003s, RTAB-Map=0.1363s, Maps update=0.0013s pub=0.0081s delay=0.3271s (local map=219, WM=219)
[INFO] [1772726868.143153344] [rtabmap]: rtabmap (502): Rate=1.00s, Limit=0.000s, Conversion=0.0004s, RTAB-Map=0.1366s, Maps update=0.0015s pub=0.0081s delay=0.3190s (local map=219, WM=219)
[INFO] [1772726869.251709952] [rtabmap]: rtabmap (503): Rate=1.00s, Limit=0.000s, Conversion=0.0005s, RTAB-Map=0.1474s, Maps update=0.0014s pub=0.0098s delay=0.3284s (local map=219, WM=219)
[INFO] [1772726870.348598985] [rtabmap]: rtabmap (504): Rate=1.00s, Limit=0.000s, Conversion=0.0005s, RTAB-Map=0.1342s, Maps update=0.0015s pub=0.0091s delay=0.3246s (local map=219, WM=219)
[INFO] [1772726871.464403421] [rtabmap]: rtabmap (505): Rate=1.00s, Limit=0.000s, Conversion=0.0003s, RTAB-Map=0.1434s, Maps update=0.0016s pub=0.0102s delay=0.3386s (local map=219, WM=219)
[INFO] [1772726872.540219534] [rtabmap]: rtabmap (506): Rate=1.00s, Limit=0.000s, Conversion=0.0005s, RTAB-Map=0.1367s, Maps update=0.0012s pub=0.0077s delay=0.3170s (local map=219, WM=219)
[INFO] [1772726873.654926985] [rtabmap]: rtabmap (507): Rate=1.00s, Limit=0.000s, Conversion=0.0003s, RTAB-Map=0.1398s, Maps update=0.0015s pub=0.0104s delay=0.3317s (local map=219, WM=219)
[INFO] [1772726874.650913915] [rtabmap]: rtabmap (508): Rate=1.00s, Limit=0.000s, Conversion=0.0003s, RTAB-Map=0.1413s, Maps update=0.0015s pub=0.0075s delay=0.3276s (local map=219, WM=219)
[INFO] [1772726875.742807812] [rtabmap]: rtabmap (509): Rate=1.00s, Limit=0.000s, Conversion=0.0003s, RTAB-Map=0.1350s, Maps update=0.0012s pub=0.0100s delay=0.3195s (local map=219, WM=219)
[INFO] [1772726876.840393457] [rtabmap]: rtabmap (510): Rate=1.00s, Limit=0.000s, Conversion=0.0003s, RTAB-Map=0.1328s, Maps update=0.0012s pub=0.0085s delay=0.3174s (local map=219, WM=219)
[INFO] [1772726877.841319616] [rtabmap]: rtabmap (511): Rate=1.00s, Limit=0.000s, Conversion=0.0004s, RTAB-Map=0.1272s, Maps update=0.0015s pub=0.0078s delay=0.3180s (local map=219, WM=219)
[INFO] [1772726878.943885261] [rtabmap]: rtabmap (512): Rate=1.00s, Limit=0.000s, Conversion=0.0004s, RTAB-Map=0.1384s, Maps update=0.0013s pub=0.0087s delay=0.3209s (local map=219, WM=219)
[INFO] [1772726879.946581878] [rtabmap]: rtabmap (513): Rate=1.00s, Limit=0.000s, Conversion=0.0005s, RTAB-Map=0.1320s, Maps update=0.0014s pub=0.0090s delay=0.3233s (local map=219, WM=219)
[INFO] [1772726881.050233467] [rtabmap]: rtabmap (514): Rate=1.00s, Limit=0.000s, Conversion=0.0005s, RTAB-Map=0.1407s, Maps update=0.0013s pub=0.0086s delay=0.3272s (local map=219, WM=219)
[INFO] [1772726882.043859539] [rtabmap]: rtabmap (515): Rate=1.00s, Limit=0.000s, Conversion=0.0008s, RTAB-Map=0.1366s, Maps update=0.0014s pub=0.0078s delay=0.3208s (local map=219, WM=219)
[INFO] [1772726883.139841422] [rtabmap]: rtabmap (516): Rate=1.00s, Limit=0.000s, Conversion=0.0007s, RTAB-Map=0.1277s, Maps update=0.0012s pub=0.0076s delay=0.3168s (local map=219, WM=219)
[INFO] [1772726884.239598155] [rtabmap]: rtabmap (517): Rate=1.00s, Limit=0.000s, Conversion=0.0005s, RTAB-Map=0.1278s, Maps update=0.0012s pub=0.0089s delay=0.3167s (local map=219, WM=219)
[INFO] [1772726885.350551750] [rtabmap]: rtabmap (518): Rate=1.00s, Limit=0.000s, Conversion=0.0006s, RTAB-Map=0.1358s, Maps update=0.0013s pub=0.0087s delay=0.3268s (local map=219, WM=219)
[INFO] [1772726886.448742322] [rtabmap]: rtabmap (519): Rate=1.00s, Limit=0.000s, Conversion=0.0005s, RTAB-Map=0.1328s, Maps update=0.0012s pub=0.0081s delay=0.3257s (local map=219, WM=219)
[INFO] [1772726887.542530665] [rtabmap]: rtabmap (520): Rate=1.00s, Limit=0.000s, Conversion=0.0005s, RTAB-Map=0.1342s, Maps update=0.0012s pub=0.0066s delay=0.3196s (local map=219, WM=219)
[INFO] [1772726888.545470964] [rtabmap]: rtabmap (521): Rate=1.00s, Limit=0.000s, Conversion=0.0003s, RTAB-Map=0.1317s, Maps update=0.0013s pub=0.0065s delay=0.3225s (local map=219, WM=219)
[INFO] [1772726889.660803011] [rtabmap]: rtabmap (522): Rate=1.00s, Limit=0.000s, Conversion=0.0005s, RTAB-Map=0.1466s, Maps update=0.0012s pub=0.0078s delay=0.3378s (local map=219, WM=219)
[INFO] [1772726890.652954601] [rtabmap]: rtabmap (523): Rate=1.00s, Limit=0.000s, Conversion=0.0005s, RTAB-Map=0.1330s, Maps update=0.0012s pub=0.0092s delay=0.3299s (local map=219, WM=219)
[INFO] [1772726891.739002384] [rtabmap]: rtabmap (524): Rate=1.00s, Limit=0.000s, Conversion=0.0005s, RTAB-Map=0.1299s, Maps update=0.0012s pub=0.0087s delay=0.3159s (local map=219, WM=219)
[INFO] [1772726892.843290834] [rtabmap]: rtabmap (525): Rate=1.00s, Limit=0.000s, Conversion=0.0005s, RTAB-Map=0.1358s, Maps update=0.0012s pub=0.0083s delay=0.3202s (local map=219, WM=219)
[INFO] [1772726893.836763107] [rtabmap]: rtabmap (526): Rate=1.00s, Limit=0.000s, Conversion=0.0004s, RTAB-Map=0.1320s, Maps update=0.0014s pub=0.0088s delay=0.3137s (local map=219, WM=219)
[INFO] [1772726894.939655607] [rtabmap]: rtabmap (527): Rate=1.00s, Limit=0.000s, Conversion=0.0004s, RTAB-Map=0.1291s, Maps update=0.0013s pub=0.0089s delay=0.3167s (local map=219, WM=219)
[INFO] [1772726895.949518279] [rtabmap]: rtabmap (528): Rate=1.00s, Limit=0.000s, Conversion=0.0004s, RTAB-Map=0.1379s, Maps update=0.0012s pub=0.0084s delay=0.3265s (local map=219, WM=219)
[INFO] [1772726897.052386778] [rtabmap]: rtabmap (529): Rate=1.00s, Limit=0.000s, Conversion=0.0005s, RTAB-Map=0.1430s, Maps update=0.0012s pub=0.0096s delay=0.3295s (local map=219, WM=219)
[INFO] [1772726898.047254585] [rtabmap]: rtabmap (530): Rate=1.00s, Limit=0.000s, Conversion=0.0005s, RTAB-Map=0.1371s, Maps update=0.0012s pub=0.0075s delay=0.3243s (local map=219, WM=219)
[INFO] [1772726899.037688359] [rtabmap]: rtabmap (531): Rate=1.00s, Limit=0.000s, Conversion=0.0004s, RTAB-Map=0.1268s, Maps update=0.0013s pub=0.0063s delay=0.3146s (local map=219, WM=219)
[INFO] [1772726900.140693854] [rtabmap]: rtabmap (532): Rate=1.00s, Limit=0.000s, Conversion=0.0004s, RTAB-Map=0.1277s, Maps update=0.0012s pub=0.0062s delay=0.3177s (local map=219, WM=219)
[INFO] [1772726901.251621403] [rtabmap]: rtabmap (533): Rate=1.00s, Limit=0.000s, Conversion=0.0004s, RTAB-Map=0.1425s, Maps update=0.0012s pub=0.0087s delay=0.3286s (local map=219, WM=219)
[INFO] [1772726902.246942794] [rtabmap]: rtabmap (534): Rate=1.00s, Limit=0.000s, Conversion=0.0003s, RTAB-Map=0.1407s, Maps update=0.0012s pub=0.0084s delay=0.3239s (local map=219, WM=219)
[INFO] [1772726903.243881135] [rtabmap]: rtabmap (535): Rate=1.00s, Limit=0.000s, Conversion=0.0004s, RTAB-Map=0.1363s, Maps update=0.0012s pub=0.0081s delay=0.3207s (local map=219, WM=219)
[INFO] [1772726904.347656127] [rtabmap]: rtabmap (536): Rate=1.00s, Limit=0.000s, Conversion=0.0005s, RTAB-Map=0.1342s, Maps update=0.0012s pub=0.0103s delay=0.3246s (local map=219, WM=219)
[INFO] [1772726905.438332607] [rtabmap]: rtabmap (537): Rate=1.00s, Limit=0.000s, Conversion=0.0005s, RTAB-Map=0.1358s, Maps update=0.0013s pub=0.0075s delay=0.3152s (local map=219, WM=219)
[INFO] [1772726906.449328436] [rtabmap]: rtabmap (538): Rate=1.00s, Limit=0.000s, Conversion=0.0005s, RTAB-Map=0.1366s, Maps update=0.0012s pub=0.0091s delay=0.3262s (local map=219, WM=219)
[INFO] [1772726907.552906943] [rtabmap]: rtabmap (539): Rate=1.00s, Limit=0.000s, Conversion=0.0005s, RTAB-Map=0.1358s, Maps update=0.0012s pub=0.0076s delay=0.3297s (local map=219, WM=219)
[INFO] [1772726908.640084203] [rtabmap]: rtabmap (540): Rate=1.00s, Limit=0.000s, Conversion=0.0005s, RTAB-Map=0.1341s, Maps update=0.0013s pub=0.0104s delay=0.3170s (local map=219, WM=219)
[INFO] [1772726909.640704617] [rtabmap]: rtabmap (541): Rate=1.00s, Limit=0.000s, Conversion=0.0007s, RTAB-Map=0.1311s, Maps update=0.0012s pub=0.0099s delay=0.3175s (local map=219, WM=219)
[INFO] [1772726910.745027660] [rtabmap]: rtabmap (542): Rate=1.00s, Limit=0.000s, Conversion=0.0006s, RTAB-Map=0.1363s, Maps update=0.0012s pub=0.0076s delay=0.3219s (local map=219, WM=219)
[INFO] [1772726911.745838320] [rtabmap]: rtabmap (543): Rate=1.00s, Limit=0.000s, Conversion=0.0005s, RTAB-Map=0.1285s, Maps update=0.0012s pub=0.0088s delay=0.3226s (local map=219, WM=219)
[INFO] [1772726912.849752070] [rtabmap]: rtabmap (544): Rate=1.00s, Limit=0.000s, Conversion=0.0003s, RTAB-Map=0.1352s, Maps update=0.0015s pub=0.0096s delay=0.3267s (local map=219, WM=219)
[INFO] [1772726913.944104511] [rtabmap]: rtabmap (545): Rate=1.00s, Limit=0.000s, Conversion=0.0005s, RTAB-Map=0.1300s, Maps update=0.0012s pub=0.0082s delay=0.3210s (local map=219, WM=219)
[INFO] [1772726915.047955922] [rtabmap]: rtabmap (546): Rate=1.00s, Limit=0.000s, Conversion=0.0004s, RTAB-Map=0.1353s, Maps update=0.0020s pub=0.0096s delay=0.3247s (local map=219, WM=219)
[INFO] [1772726916.157369918] [rtabmap]: rtabmap (547): Rate=1.00s, Limit=0.000s, Conversion=0.0004s, RTAB-Map=0.1432s, Maps update=0.0013s pub=0.0075s delay=0.3342s (local map=219, WM=219)
[INFO] [1772726917.140896454] [rtabmap]: rtabmap (548): Rate=1.00s, Limit=0.000s, Conversion=0.0004s, RTAB-Map=0.1340s, Maps update=0.0015s pub=0.0129s delay=0.3178s (local map=219, WM=219)
[INFO] [1772726918.140394463] [rtabmap]: rtabmap (549): Rate=1.00s, Limit=0.000s, Conversion=0.0003s, RTAB-Map=0.1317s, Maps update=0.0012s pub=0.0065s delay=0.3172s (local map=219, WM=219)
[INFO] [1772726919.248132627] [rtabmap]: rtabmap (550): Rate=1.00s, Limit=0.000s, Conversion=0.0005s, RTAB-Map=0.1365s, Maps update=0.0012s pub=0.0080s delay=0.3250s (local map=219, WM=219)
[INFO] [1772726920.241725801] [rtabmap]: rtabmap (551): Rate=1.00s, Limit=0.000s, Conversion=0.0005s, RTAB-Map=0.1349s, Maps update=0.0012s pub=0.0072s delay=0.3186s (local map=219, WM=219)
[INFO] [1772726921.350109618] [rtabmap]: rtabmap (552): Rate=1.00s, Limit=0.000s, Conversion=0.0005s, RTAB-Map=0.1371s, Maps update=0.0012s pub=0.0091s delay=0.3269s (local map=219, WM=219)
[INFO] [1772726922.472650128] [rtabmap]: rtabmap (553): Rate=1.00s, Limit=0.000s, Conversion=0.0003s, RTAB-Map=0.1493s, Maps update=0.0012s pub=0.0088s delay=0.3495s (local map=219, WM=219)
[INFO] [1772726923.443759574] [rtabmap]: rtabmap (554): Rate=1.00s, Limit=0.000s, Conversion=0.0004s, RTAB-Map=0.1423s, Maps update=0.0014s pub=0.0074s delay=0.3206s (local map=219, WM=219)
[INFO] [1772726924.439461927] [rtabmap]: rtabmap (555): Rate=1.00s, Limit=0.000s, Conversion=0.0004s, RTAB-Map=0.1302s, Maps update=0.0013s pub=0.0080s delay=0.3162s (local map=219, WM=219)
[INFO] [1772726925.441342872] [rtabmap]: rtabmap (556): Rate=1.00s, Limit=0.000s, Conversion=0.0005s, RTAB-Map=0.1335s, Maps update=0.0012s pub=0.0078s delay=0.3181s (local map=219, WM=219)
[INFO] [1772726926.541022695] [rtabmap]: rtabmap (557): Rate=1.00s, Limit=0.000s, Conversion=0.0006s, RTAB-Map=0.1353s, Maps update=0.0013s pub=0.0089s delay=0.3178s (local map=219, WM=219)
[INFO] [1772726927.644720008] [rtabmap]: rtabmap (558): Rate=1.00s, Limit=0.000s, Conversion=0.0006s, RTAB-Map=0.1339s, Maps update=0.0012s pub=0.0107s delay=0.3214s (local map=219, WM=219)
[INFO] [1772726928.745846124] [rtabmap]: rtabmap (559): Rate=1.00s, Limit=0.000s, Conversion=0.0006s, RTAB-Map=0.1378s, Maps update=0.0012s pub=0.0068s delay=0.3226s (local map=219, WM=219)
[INFO] [1772726929.737702866] [rtabmap]: rtabmap (560): Rate=1.00s, Limit=0.000s, Conversion=0.0005s, RTAB-Map=0.1381s, Maps update=0.0014s pub=0.0063s delay=0.3144s (local map=219, WM=219)
[INFO] [1772726930.746130160] [rtabmap]: rtabmap (561): Rate=1.00s, Limit=0.000s, Conversion=0.0005s, RTAB-Map=0.1384s, Maps update=0.0016s pub=0.0084s delay=0.3228s (local map=219, WM=219)
[INFO] [1772726931.838566329] [rtabmap]: rtabmap (562): Rate=1.00s, Limit=0.000s, Conversion=0.0005s, RTAB-Map=0.1313s, Maps update=0.0012s pub=0.0073s delay=0.3152s (local map=219, WM=219)
[INFO] [1772726932.950148216] [rtabmap]: rtabmap (563): Rate=1.00s, Limit=0.000s, Conversion=0.0003s, RTAB-Map=0.1384s, Maps update=0.0014s pub=0.0091s delay=0.3268s (local map=219, WM=219)
[INFO] [1772726934.049908203] [rtabmap]: rtabmap (564): Rate=1.00s, Limit=0.000s, Conversion=0.0005s, RTAB-Map=0.1445s, Maps update=0.0016s pub=0.0110s delay=0.3265s (local map=219, WM=219)
[INFO] [1772726935.042610735] [rtabmap]: rtabmap (565): Rate=1.00s, Limit=0.000s, Conversion=0.0004s, RTAB-Map=0.1323s, Maps update=0.0012s pub=0.0088s delay=0.3192s (local map=219, WM=219)
[INFO] [1772726936.138704188] [rtabmap]: rtabmap (566): Rate=1.00s, Limit=0.000s, Conversion=0.0005s, RTAB-Map=0.1338s, Maps update=0.0013s pub=0.0079s delay=0.3154s (local map=219, WM=219)
[INFO] [1772726937.253244807] [rtabmap]: rtabmap (567): Rate=1.00s, Limit=0.000s, Conversion=0.0006s, RTAB-Map=0.1427s, Maps update=0.0017s pub=0.0097s delay=0.3298s (local map=219, WM=219)
[INFO] [1772726938.356139371] [rtabmap]: rtabmap (568): Rate=1.00s, Limit=0.000s, Conversion=0.0005s, RTAB-Map=0.1479s, Maps update=0.0015s pub=0.0104s delay=0.3328s (local map=219, WM=219)
[INFO] [1772726939.336841499] [rtabmap]: rtabmap (569): Rate=1.00s, Limit=0.000s, Conversion=0.0005s, RTAB-Map=0.1330s, Maps update=0.0013s pub=0.0083s delay=0.3135s (local map=219, WM=219)
[INFO] [1772726940.341985091] [rtabmap]: rtabmap (570): Rate=1.00s, Limit=0.000s, Conversion=0.0005s, RTAB-Map=0.1330s, Maps update=0.0012s pub=0.0106s delay=0.3186s (local map=219, WM=219)
[INFO] [1772726941.454831184] [rtabmap]: rtabmap (571): Rate=1.00s, Limit=0.000s, Conversion=0.0004s, RTAB-Map=0.1473s, Maps update=0.0015s pub=0.0102s delay=0.3315s (local map=219, WM=219)
[INFO] [1772726942.440014371] [rtabmap]: rtabmap (572): Rate=1.00s, Limit=0.000s, Conversion=0.0007s, RTAB-Map=0.1251s, Maps update=0.0012s pub=0.0075s delay=0.3166s (local map=219, WM=219)
[INFO] [1772726943.554112958] [rtabmap]: rtabmap (573): Rate=1.00s, Limit=0.000s, Conversion=0.0004s, RTAB-Map=0.1347s, Maps update=0.0014s pub=0.0121s delay=0.3308s (local map=219, WM=219)
[INFO] [1772726944.537494320] [rtabmap]: rtabmap (574): Rate=1.00s, Limit=0.000s, Conversion=0.0003s, RTAB-Map=0.1328s, Maps update=0.0012s pub=0.0070s delay=0.3141s (local map=219, WM=219)
[INFO] [1772726945.631155141] [rtabmap]: rtabmap (575): Rate=1.00s, Limit=0.000s, Conversion=0.0003s, RTAB-Map=0.1276s, Maps update=0.0012s pub=0.0085s delay=0.3077s (local map=219, WM=219)
[INFO] [1772726946.753802326] [rtabmap]: rtabmap (576): Rate=1.00s, Limit=0.000s, Conversion=0.0005s, RTAB-Map=0.1375s, Maps update=0.0012s pub=0.0083s delay=0.3304s (local map=219, WM=219)
[INFO] [1772726947.738991561] [rtabmap]: rtabmap (577): Rate=1.00s, Limit=0.000s, Conversion=0.0004s, RTAB-Map=0.1359s, Maps update=0.0012s pub=0.0070s delay=0.3156s (local map=219, WM=219)
[INFO] [1772726948.745758892] [rtabmap]: rtabmap (578): Rate=1.00s, Limit=0.000s, Conversion=0.0005s, RTAB-Map=0.1357s, Maps update=0.0013s pub=0.0089s delay=0.3223s (local map=219, WM=219)
[INFO] [1772726949.846628998] [rtabmap]: rtabmap (579): Rate=1.00s, Limit=0.000s, Conversion=0.0005s, RTAB-Map=0.1412s, Maps update=0.0012s pub=0.0101s delay=0.3231s (local map=219, WM=219)
[INFO] [1772726950.951000800] [rtabmap]: rtabmap (580): Rate=1.00s, Limit=0.000s, Conversion=0.0005s, RTAB-Map=0.1388s, Maps update=0.0012s pub=0.0082s delay=0.3276s (local map=219, WM=219)
[INFO] [1772726951.945803856] [rtabmap]: rtabmap (581): Rate=1.00s, Limit=0.000s, Conversion=0.0005s, RTAB-Map=0.1441s, Maps update=0.0012s pub=0.0073s delay=0.3223s (local map=219, WM=219)
[INFO] [1772726953.048591216] [rtabmap]: rtabmap (582): Rate=1.00s, Limit=0.000s, Conversion=0.0005s, RTAB-Map=0.1363s, Maps update=0.0013s pub=0.0093s delay=0.3251s (local map=219, WM=219)
[INFO] [1772726954.160415673] [rtabmap]: rtabmap (583): Rate=1.00s, Limit=0.000s, Conversion=0.0005s, RTAB-Map=0.1444s, Maps update=0.0013s pub=0.0089s delay=0.3370s (local map=219, WM=219)
[INFO] [1772726955.137588233] [rtabmap]: rtabmap (584): Rate=1.00s, Limit=0.000s, Conversion=0.0004s, RTAB-Map=0.1287s, Maps update=0.0014s pub=0.0091s delay=0.3141s (local map=219, WM=219)
[INFO] [1772726956.249221546] [rtabmap]: rtabmap (585): Rate=1.00s, Limit=0.000s, Conversion=0.0005s, RTAB-Map=0.1390s, Maps update=0.0012s pub=0.0075s delay=0.3257s (local map=219, WM=219)
[INFO] [1772726957.339259036] [rtabmap]: rtabmap (586): Rate=1.00s, Limit=0.000s, Conversion=0.0005s, RTAB-Map=0.1356s, Maps update=0.0012s pub=0.0078s delay=0.3158s (local map=219, WM=219)
[INFO] [1772726958.348195341] [rtabmap]: rtabmap (587): Rate=1.00s, Limit=0.000s, Conversion=0.0004s, RTAB-Map=0.1295s, Maps update=0.0012s pub=0.0072s delay=0.3246s (local map=219, WM=219)
[INFO] [1772726959.337481077] [rtabmap]: rtabmap (588): Rate=1.00s, Limit=0.000s, Conversion=0.0005s, RTAB-Map=0.1313s, Maps update=0.0013s pub=0.0070s delay=0.3139s (local map=219, WM=219)
[INFO] [1772726960.447570846] [rtabmap]: rtabmap (589): Rate=1.00s, Limit=0.000s, Conversion=0.0003s, RTAB-Map=0.1445s, Maps update=0.0012s pub=0.0084s delay=0.3240s (local map=219, WM=219)
[INFO] [1772726961.441051679] [rtabmap]: rtabmap (590): Rate=1.00s, Limit=0.000s, Conversion=0.0003s, RTAB-Map=0.1369s, Maps update=0.0012s pub=0.0087s delay=0.3174s (local map=219, WM=219)
[INFO] [1772726962.543623799] [rtabmap]: rtabmap (591): Rate=1.00s, Limit=0.000s, Conversion=0.0003s, RTAB-Map=0.1330s, Maps update=0.0012s pub=0.0081s delay=0.3200s (local map=219, WM=219)
[INFO] [1772726963.640865742] [rtabmap]: rtabmap (592): Rate=1.00s, Limit=0.000s, Conversion=0.0003s, RTAB-Map=0.1316s, Maps update=0.0013s pub=0.0097s delay=0.3173s (local map=219, WM=219)
[INFO] [1772726964.737964800] [rtabmap]: rtabmap (593): Rate=1.00s, Limit=0.000s, Conversion=0.0003s, RTAB-Map=0.1278s, Maps update=0.0012s pub=0.0111s delay=0.3144s (local map=219, WM=219)
[INFO] [1772726965.847864066] [rtabmap]: rtabmap (594): Rate=1.00s, Limit=0.000s, Conversion=0.0005s, RTAB-Map=0.1366s, Maps update=0.0012s pub=0.0077s delay=0.3243s (local map=219, WM=219)
[INFO] [1772726966.943420540] [rtabmap]: rtabmap (595): Rate=1.00s, Limit=0.000s, Conversion=0.0005s, RTAB-Map=0.1410s, Maps update=0.0015s pub=0.0074s delay=0.3197s (local map=219, WM=219)
[INFO] [1772726968.040267364] [rtabmap]: rtabmap (596): Rate=1.00s, Limit=0.000s, Conversion=0.0005s, RTAB-Map=0.1372s, Maps update=0.0013s pub=0.0090s delay=0.3166s (local map=219, WM=219)
[INFO] [1772726969.040747203] [rtabmap]: rtabmap (597): Rate=1.00s, Limit=0.000s, Conversion=0.0003s, RTAB-Map=0.1305s, Maps update=0.0013s pub=0.0095s delay=0.3170s (local map=219, WM=219)
[INFO] [1772726970.042558897] [rtabmap]: rtabmap (598): Rate=1.00s, Limit=0.000s, Conversion=0.0004s, RTAB-Map=0.1335s, Maps update=0.0012s pub=0.0089s delay=0.3188s (local map=219, WM=219)
[INFO] [1772726971.156399459] [rtabmap]: rtabmap (599): Rate=1.00s, Limit=0.000s, Conversion=0.0003s, RTAB-Map=0.1331s, Maps update=0.0019s pub=0.0102s delay=0.3326s (local map=219, WM=219)
[INFO] [1772726972.245249737] [rtabmap]: rtabmap (600): Rate=1.00s, Limit=0.000s, Conversion=0.0004s, RTAB-Map=0.1335s, Maps update=0.0012s pub=0.0068s delay=0.3216s (local map=219, WM=219)
[INFO] [1772726973.243939078] [rtabmap]: rtabmap (601): Rate=1.00s, Limit=0.000s, Conversion=0.0005s, RTAB-Map=0.1388s, Maps update=0.0013s pub=0.0076s delay=0.3202s (local map=219, WM=219)
[INFO] [1772726974.343142308] [rtabmap]: rtabmap (602): Rate=1.00s, Limit=0.000s, Conversion=0.0004s, RTAB-Map=0.1297s, Maps update=0.0012s pub=0.0105s delay=0.3194s (local map=219, WM=219)
[INFO] [1772726975.455307193] [rtabmap]: rtabmap (603): Rate=1.00s, Limit=0.000s, Conversion=0.0003s, RTAB-Map=0.1483s, Maps update=0.0016s pub=0.0097s delay=0.3315s (local map=219, WM=219)
[INFO] [1772726976.538145381] [rtabmap]: rtabmap (604): Rate=1.00s, Limit=0.000s, Conversion=0.0004s, RTAB-Map=0.1327s, Maps update=0.0013s pub=0.0110s delay=0.3143s (local map=219, WM=219)
[INFO] [1772726977.643323548] [rtabmap]: rtabmap (605): Rate=1.00s, Limit=0.000s, Conversion=0.0003s, RTAB-Map=0.1326s, Maps update=0.0012s pub=0.0074s delay=0.3196s (local map=219, WM=219)
[INFO] [1772726978.670704267] [rtabmap]: rtabmap (606): Rate=1.00s, Limit=0.000s, Conversion=0.0004s, RTAB-Map=0.1513s, Maps update=0.0012s pub=0.0093s delay=0.3469s (local map=219, WM=219)
[INFO] [1772726979.740128816] [rtabmap]: rtabmap (607): Rate=1.00s, Limit=0.000s, Conversion=0.0003s, RTAB-Map=0.1385s, Maps update=0.0013s pub=0.0089s delay=0.3164s (local map=219, WM=219)
[INFO] [1772726980.739665708] [rtabmap]: rtabmap (608): Rate=1.00s, Limit=0.000s, Conversion=0.0003s, RTAB-Map=0.1329s, Maps update=0.0013s pub=0.0110s delay=0.3159s (local map=219, WM=219)
[INFO] [1772726981.849074973] [rtabmap]: rtabmap (609): Rate=1.00s, Limit=0.000s, Conversion=0.0006s, RTAB-Map=0.1360s, Maps update=0.0012s pub=0.0079s delay=0.3254s (local map=219, WM=219)
[INFO] [1772726982.841375122] [rtabmap]: rtabmap (610): Rate=1.00s, Limit=0.000s, Conversion=0.0003s, RTAB-Map=0.1323s, Maps update=0.0012s pub=0.0080s delay=0.3176s (local map=219, WM=219)
[INFO] [1772726983.846655679] [rtabmap]: rtabmap (611): Rate=1.00s, Limit=0.000s, Conversion=0.0004s, RTAB-Map=0.1335s, Maps update=0.0013s pub=0.0095s delay=0.3229s (local map=219, WM=219)
[INFO] [1772726984.841755994] [rtabmap]: rtabmap (612): Rate=1.00s, Limit=0.000s, Conversion=0.0005s, RTAB-Map=0.1340s, Maps update=0.0012s pub=0.0065s delay=0.3180s (local map=219, WM=219)
[INFO] [1772726985.850619465] [rtabmap]: rtabmap (613): Rate=1.00s, Limit=0.000s, Conversion=0.0004s, RTAB-Map=0.1398s, Maps update=0.0012s pub=0.0086s delay=0.3267s (local map=219, WM=219)
[INFO] [1772726986.932243273] [rtabmap]: rtabmap (614): Rate=1.00s, Limit=0.000s, Conversion=0.0003s, RTAB-Map=0.1333s, Maps update=0.0012s pub=0.0072s delay=0.3085s (local map=219, WM=219)
[INFO] [1772726987.965835001] [rtabmap]: rtabmap (615): Rate=1.00s, Limit=0.000s, Conversion=0.0007s, RTAB-Map=0.1429s, Maps update=0.0013s pub=0.0070s delay=0.3420s (local map=219, WM=219)
[INFO] [1772726989.081690099] [rtabmap]: rtabmap (616): Rate=1.00s, Limit=0.000s, Conversion=0.0005s, RTAB-Map=0.1649s, Maps update=0.0012s pub=0.0063s delay=0.3578s (local map=219, WM=219)
[INFO] [1772726990.047281471] [rtabmap]: rtabmap (617): Rate=1.00s, Limit=0.000s, Conversion=0.0003s, RTAB-Map=0.1326s, Maps update=0.0016s pub=0.0096s delay=0.3233s (local map=219, WM=219)
[INFO] [1772726991.145700321] [rtabmap]: rtabmap (618): Rate=1.00s, Limit=0.000s, Conversion=0.0003s, RTAB-Map=0.1394s, Maps update=0.0013s pub=0.0069s delay=0.3217s (local map=219, WM=219)
[INFO] [1772726992.242565034] [rtabmap]: rtabmap (619): Rate=1.00s, Limit=0.000s, Conversion=0.0005s, RTAB-Map=0.1299s, Maps update=0.0012s pub=0.0088s delay=0.3186s (local map=219, WM=219)
[INFO] [1772726993.355435224] [rtabmap]: rtabmap (620): Rate=1.00s, Limit=0.000s, Conversion=0.0005s, RTAB-Map=0.1414s, Maps update=0.0012s pub=0.0088s delay=0.3314s (local map=219, WM=219)
[INFO] [1772726994.444426404] [rtabmap]: rtabmap (621): Rate=1.00s, Limit=0.000s, Conversion=0.0005s, RTAB-Map=0.1307s, Maps update=0.0012s pub=0.0079s delay=0.3203s (local map=219, WM=219)
[INFO] [1772726995.543264437] [rtabmap]: rtabmap (622): Rate=1.00s, Limit=0.000s, Conversion=0.0003s, RTAB-Map=0.1336s, Maps update=0.0012s pub=0.0075s delay=0.3194s (local map=219, WM=219)
[INFO] [1772726996.560106670] [rtabmap]: rtabmap (623): Rate=1.00s, Limit=0.000s, Conversion=0.0003s, RTAB-Map=0.1407s, Maps update=0.0021s pub=0.0114s delay=0.3361s (local map=219, WM=219)
[INFO] [1772726997.680016050] [rtabmap]: rtabmap (624): Rate=1.00s, Limit=0.000s, Conversion=0.0006s, RTAB-Map=0.1598s, Maps update=0.0015s pub=0.0097s delay=0.3560s (local map=219, WM=219)
[INFO] [1772726998.753198109] [rtabmap]: rtabmap (625): Rate=1.00s, Limit=0.000s, Conversion=0.0006s, RTAB-Map=0.1356s, Maps update=0.0014s pub=0.0099s delay=0.3292s (local map=219, WM=219)
[INFO] [1772726999.839692549] [rtabmap]: rtabmap (626): Rate=1.00s, Limit=0.000s, Conversion=0.0004s, RTAB-Map=0.1371s, Maps update=0.0012s pub=0.0073s delay=0.3158s (local map=219, WM=219)
[INFO] [1772727000.841143988] [rtabmap]: rtabmap (627): Rate=1.00s, Limit=0.000s, Conversion=0.0004s, RTAB-Map=0.1327s, Maps update=0.0014s pub=0.0116s delay=0.3172s (local map=219, WM=219)
[INFO] [1772727001.947199145] [rtabmap]: rtabmap (628): Rate=1.00s, Limit=0.000s, Conversion=0.0004s, RTAB-Map=0.1370s, Maps update=0.0012s pub=0.0085s delay=0.3232s (local map=219, WM=219)
[INFO] [1772727003.040688539] [rtabmap]: rtabmap (629): Rate=1.00s, Limit=0.000s, Conversion=0.0005s, RTAB-Map=0.1319s, Maps update=0.0020s pub=0.0112s delay=0.3168s (local map=219, WM=219)
[INFO] [1772727004.070224340] [rtabmap]: rtabmap (630): Rate=1.00s, Limit=0.000s, Conversion=0.0004s, RTAB-Map=0.1462s, Maps update=0.0028s pub=0.0203s delay=0.3462s (local map=220, WM=220)
[INFO] [1772727005.182855333] [rtabmap]: rtabmap (631): Rate=1.00s, Limit=0.000s, Conversion=0.0003s, RTAB-Map=0.1488s, Maps update=0.0024s pub=0.0191s delay=0.3589s (local map=221, WM=221)
[INFO] [1772727006.173824374] [rtabmap]: rtabmap (632): Rate=1.00s, Limit=0.000s, Conversion=0.0003s, RTAB-Map=0.1463s, Maps update=0.0025s pub=0.0196s delay=0.3498s (local map=222, WM=222)
[INFO] [1772727007.259513283] [rtabmap]: rtabmap (633): Rate=1.00s, Limit=0.000s, Conversion=0.0006s, RTAB-Map=0.1374s, Maps update=0.0013s pub=0.0215s delay=0.3357s (local map=223, WM=223)
[INFO] [1772727008.255993004] [rtabmap]: rtabmap (634): Rate=1.00s, Limit=0.000s, Conversion=0.0005s, RTAB-Map=0.1360s, Maps update=0.0012s pub=0.0215s delay=0.3320s (local map=224, WM=224)
[INFO] [1772727009.255953705] [rtabmap]: rtabmap (635): Rate=1.00s, Limit=0.000s, Conversion=0.0004s, RTAB-Map=0.1397s, Maps update=0.0012s pub=0.0225s delay=0.3319s (local map=225, WM=225)
[INFO] [1772727010.353283483] [rtabmap]: rtabmap (636): Rate=1.00s, Limit=0.000s, Conversion=0.0005s, RTAB-Map=0.1320s, Maps update=0.0032s pub=0.0213s delay=0.3294s (local map=226, WM=226)
[INFO] [1772727011.364902525] [rtabmap]: rtabmap (637): Rate=1.00s, Limit=0.000s, Conversion=0.0005s, RTAB-Map=0.1432s, Maps update=0.0026s pub=0.0209s delay=0.3409s (local map=227, WM=227)
[INFO] [1772727012.458355566] [rtabmap]: rtabmap (638): Rate=1.00s, Limit=0.000s, Conversion=0.0003s, RTAB-Map=0.1373s, Maps update=0.0026s pub=0.0200s delay=0.3345s (local map=228, WM=228)
[INFO] [1772727013.450905395] [rtabmap]: rtabmap (639): Rate=1.00s, Limit=0.000s, Conversion=0.0005s, RTAB-Map=0.1348s, Maps update=0.0012s pub=0.0088s delay=0.3268s (local map=228, WM=228)
[INFO] [1772727014.552640664] [rtabmap]: rtabmap (640): Rate=1.00s, Limit=0.000s, Conversion=0.0003s, RTAB-Map=0.1346s, Maps update=0.0013s pub=0.0075s delay=0.3287s (local map=228, WM=228)
[INFO] [1772727015.544134907] [rtabmap]: rtabmap (641): Rate=1.00s, Limit=0.000s, Conversion=0.0005s, RTAB-Map=0.1363s, Maps update=0.0012s pub=0.0090s delay=0.3200s (local map=228, WM=228)
[INFO] [1772727016.658100408] [rtabmap]: rtabmap (642): Rate=1.00s, Limit=0.000s, Conversion=0.0005s, RTAB-Map=0.1406s, Maps update=0.0013s pub=0.0090s delay=0.3339s (local map=228, WM=228)
[INFO] [1772727017.740814178] [rtabmap]: rtabmap (643): Rate=1.00s, Limit=0.000s, Conversion=0.0005s, RTAB-Map=0.1340s, Maps update=0.0012s pub=0.0071s delay=0.3168s (local map=228, WM=228)
[INFO] [1772727018.845150654] [rtabmap]: rtabmap (644): Rate=1.00s, Limit=0.000s, Conversion=0.0005s, RTAB-Map=0.1352s, Maps update=0.0012s pub=0.0070s delay=0.3211s (local map=228, WM=228)
[INFO] [1772727019.842963507] [rtabmap]: rtabmap (645): Rate=1.00s, Limit=0.000s, Conversion=0.0005s, RTAB-Map=0.1319s, Maps update=0.0013s pub=0.0080s delay=0.3189s (local map=228, WM=228)
[INFO] [1772727020.841273497] [rtabmap]: rtabmap (646): Rate=1.00s, Limit=0.000s, Conversion=0.0004s, RTAB-Map=0.1296s, Maps update=0.0012s pub=0.0078s delay=0.3162s (local map=228, WM=228)
[INFO] [1772727021.950113388] [rtabmap]: rtabmap (647): Rate=1.00s, Limit=0.000s, Conversion=0.0007s, RTAB-Map=0.1324s, Maps update=0.0012s pub=0.0089s delay=0.3262s (local map=228, WM=228)
[INFO] [1772727022.955580321] [rtabmap]: rtabmap (648): Rate=1.00s, Limit=0.000s, Conversion=0.0004s, RTAB-Map=0.1422s, Maps update=0.0014s pub=0.0084s delay=0.3315s (local map=228, WM=228)
[INFO] [1772727023.949430802] [rtabmap]: rtabmap (649): Rate=1.00s, Limit=0.000s, Conversion=0.0005s, RTAB-Map=0.1385s, Maps update=0.0012s pub=0.0085s delay=0.3253s (local map=228, WM=228)
[INFO] [1772727025.044365556] [rtabmap]: rtabmap (650): Rate=1.00s, Limit=0.000s, Conversion=0.0005s, RTAB-Map=0.1380s, Maps update=0.0012s pub=0.0061s delay=0.3203s (local map=228, WM=228)
[INFO] [1772727026.041626902] [rtabmap]: rtabmap (651): Rate=1.00s, Limit=0.000s, Conversion=0.0005s, RTAB-Map=0.1401s, Maps update=0.0016s pub=0.0088s delay=0.3175s (local map=228, WM=228)
[INFO] [1772727027.143251896] [rtabmap]: rtabmap (652): Rate=1.00s, Limit=0.000s, Conversion=0.0005s, RTAB-Map=0.1315s, Maps update=0.0012s pub=0.0076s delay=0.3192s (local map=228, WM=228)
[INFO] [1772727028.141480699] [rtabmap]: rtabmap (653): Rate=1.00s, Limit=0.000s, Conversion=0.0005s, RTAB-Map=0.1321s, Maps update=0.0022s pub=0.0089s delay=0.3173s (local map=228, WM=228)
[INFO] [1772727029.149267710] [rtabmap]: rtabmap (654): Rate=1.00s, Limit=0.000s, Conversion=0.0005s, RTAB-Map=0.1376s, Maps update=0.0012s pub=0.0072s delay=0.3251s (local map=228, WM=228)
[INFO] [1772727030.243387108] [rtabmap]: rtabmap (655): Rate=1.00s, Limit=0.000s, Conversion=0.0005s, RTAB-Map=0.1375s, Maps update=0.0013s pub=0.0078s delay=0.3191s (local map=228, WM=228)
[INFO] [1772727031.354148759] [rtabmap]: rtabmap (656): Rate=1.00s, Limit=0.000s, Conversion=0.0005s, RTAB-Map=0.1437s, Maps update=0.0012s pub=0.0083s delay=0.3301s (local map=228, WM=228)
[INFO] [1772727032.347309873] [rtabmap]: rtabmap (657): Rate=1.00s, Limit=0.000s, Conversion=0.0003s, RTAB-Map=0.1256s, Maps update=0.0012s pub=0.0088s delay=0.3232s (local map=228, WM=228)
[INFO] [1772727033.433176932] [rtabmap]: rtabmap (658): Rate=1.00s, Limit=0.000s, Conversion=0.0005s, RTAB-Map=0.1332s, Maps update=0.0012s pub=0.0084s delay=0.3092s (local map=228, WM=228)
[INFO] [1772727034.448514435] [rtabmap]: rtabmap (659): Rate=1.00s, Limit=0.000s, Conversion=0.0004s, RTAB-Map=0.1409s, Maps update=0.0018s pub=0.0111s delay=0.3244s (local map=228, WM=228)
[INFO] [1772727035.545480456] [rtabmap]: rtabmap (660): Rate=1.00s, Limit=0.000s, Conversion=0.0003s, RTAB-Map=0.1346s, Maps update=0.0013s pub=0.0068s delay=0.3214s (local map=228, WM=228)
[INFO] [1772727036.575468145] [rtabmap]: rtabmap (661): Rate=1.00s, Limit=0.000s, Conversion=0.0105s, RTAB-Map=0.1460s, Maps update=0.0013s pub=0.0080s delay=0.3513s (local map=228, WM=228)
[INFO] [1772727037.657398752] [rtabmap]: rtabmap (662): Rate=1.00s, Limit=0.000s, Conversion=0.0003s, RTAB-Map=0.1417s, Maps update=0.0012s pub=0.0072s delay=0.3332s (local map=228, WM=228)
[INFO] [1772727038.744079566] [rtabmap]: rtabmap (663): Rate=1.00s, Limit=0.000s, Conversion=0.0004s, RTAB-Map=0.1345s, Maps update=0.0012s pub=0.0080s delay=0.3201s (local map=228, WM=228)
[INFO] [1772727039.759232967] [rtabmap]: rtabmap (664): Rate=1.00s, Limit=0.000s, Conversion=0.0003s, RTAB-Map=0.1394s, Maps update=0.0012s pub=0.0113s delay=0.3351s (local map=228, WM=228)
[INFO] [1772727040.845477191] [rtabmap]: rtabmap (665): Rate=1.00s, Limit=0.000s, Conversion=0.0005s, RTAB-Map=0.1317s, Maps update=0.0012s pub=0.0088s delay=0.3213s (local map=228, WM=228)
[INFO] [1772727041.851929085] [rtabmap]: rtabmap (666): Rate=1.00s, Limit=0.000s, Conversion=0.0005s, RTAB-Map=0.1380s, Maps update=0.0012s pub=0.0087s delay=0.3277s (local map=228, WM=228)
[INFO] [1772727042.951112044] [rtabmap]: rtabmap (667): Rate=1.00s, Limit=0.000s, Conversion=0.0003s, RTAB-Map=0.1364s, Maps update=0.0012s pub=0.0082s delay=0.3269s (local map=228, WM=228)
[INFO] [1772727044.042023400] [rtabmap]: rtabmap (668): Rate=1.00s, Limit=0.000s, Conversion=0.0004s, RTAB-Map=0.1365s, Maps update=0.0013s pub=0.0088s delay=0.3179s (local map=228, WM=228)
[INFO] [1772727045.059605714] [rtabmap]: rtabmap (669): Rate=1.00s, Limit=0.000s, Conversion=0.0006s, RTAB-Map=0.1431s, Maps update=0.0013s pub=0.0081s delay=0.3354s (local map=228, WM=228)
[INFO] [1772727046.069333173] [rtabmap]: rtabmap (670): Rate=1.00s, Limit=0.000s, Conversion=0.0003s, RTAB-Map=0.1482s, Maps update=0.0012s pub=0.0097s delay=0.3450s (local map=228, WM=228)
[INFO] [1772727047.143735017] [rtabmap]: rtabmap (671): Rate=1.00s, Limit=0.000s, Conversion=0.0005s, RTAB-Map=0.1401s, Maps update=0.0012s pub=0.0091s delay=0.3198s (local map=228, WM=228)
[INFO] [1772727048.150147326] [rtabmap]: rtabmap (672): Rate=1.00s, Limit=0.000s, Conversion=0.0005s, RTAB-Map=0.1381s, Maps update=0.0012s pub=0.0077s delay=0.3258s (local map=228, WM=228)
[INFO] [1772727049.239901106] [rtabmap]: rtabmap (673): Rate=1.00s, Limit=0.000s, Conversion=0.0005s, RTAB-Map=0.1346s, Maps update=0.0012s pub=0.0073s delay=0.3157s (local map=228, WM=228)
[INFO] [1772727050.340717497] [rtabmap]: rtabmap (674): Rate=1.00s, Limit=0.000s, Conversion=0.0005s, RTAB-Map=0.1342s, Maps update=0.0013s pub=0.0083s delay=0.3165s (local map=228, WM=228)
[INFO] [1772727051.461109677] [rtabmap]: rtabmap (675): Rate=1.00s, Limit=0.000s, Conversion=0.0005s, RTAB-Map=0.1455s, Maps update=0.0012s pub=0.0091s delay=0.3367s (local map=228, WM=228)
[INFO] [1772727052.543961227] [rtabmap]: rtabmap (676): Rate=1.00s, Limit=0.000s, Conversion=0.0006s, RTAB-Map=0.1320s, Maps update=0.0013s pub=0.0074s delay=0.3199s (local map=228, WM=228)
[INFO] [1772727053.534649545] [rtabmap]: rtabmap (677): Rate=1.00s, Limit=0.000s, Conversion=0.0007s, RTAB-Map=0.1271s, Maps update=0.0012s pub=0.0091s delay=0.3106s (local map=228, WM=228)
[INFO] [1772727054.544312507] [rtabmap]: rtabmap (678): Rate=1.00s, Limit=0.000s, Conversion=0.0003s, RTAB-Map=0.1395s, Maps update=0.0015s pub=0.0074s delay=0.3200s (local map=228, WM=228)
[INFO] [1772727055.638048522] [rtabmap]: rtabmap (679): Rate=1.00s, Limit=0.000s, Conversion=0.0004s, RTAB-Map=0.1332s, Maps update=0.0014s pub=0.0064s delay=0.3138s (local map=228, WM=228)
[INFO] [1772727056.749187956] [rtabmap]: rtabmap (680): Rate=1.00s, Limit=0.000s, Conversion=0.0006s, RTAB-Map=0.1363s, Maps update=0.0015s pub=0.0080s delay=0.3249s (local map=228, WM=228)
[INFO] [1772727057.737705795] [rtabmap]: rtabmap (681): Rate=1.00s, Limit=0.000s, Conversion=0.0005s, RTAB-Map=0.1321s, Maps update=0.0014s pub=0.0084s delay=0.3134s (local map=228, WM=228)
[INFO] [1772727058.861471898] [rtabmap]: rtabmap (682): Rate=1.00s, Limit=0.000s, Conversion=0.0003s, RTAB-Map=0.1410s, Maps update=0.0013s pub=0.0088s delay=0.3371s (local map=228, WM=228)
[INFO] [1772727059.932442282] [rtabmap]: rtabmap (683): Rate=1.00s, Limit=0.000s, Conversion=0.0003s, RTAB-Map=0.1315s, Maps update=0.0013s pub=0.0066s delay=0.3081s (local map=228, WM=228)
[INFO] [1772727061.056259075] [rtabmap]: rtabmap (684): Rate=1.00s, Limit=0.000s, Conversion=0.0004s, RTAB-Map=0.1426s, Maps update=0.0014s pub=0.0070s delay=0.3319s (local map=228, WM=228)
[INFO] [1772727062.055675423] [rtabmap]: rtabmap (685): Rate=1.00s, Limit=0.000s, Conversion=0.0004s, RTAB-Map=0.1464s, Maps update=0.0016s pub=0.0090s delay=0.3313s (local map=228, WM=228)
[INFO] [1772727063.063322664] [rtabmap]: rtabmap (686): Rate=1.00s, Limit=0.000s, Conversion=0.0005s, RTAB-Map=0.1476s, Maps update=0.0013s pub=0.0087s delay=0.3390s (local map=228, WM=228)
[INFO] [1772727064.156849936] [rtabmap]: rtabmap (687): Rate=1.00s, Limit=0.000s, Conversion=0.0005s, RTAB-Map=0.1377s, Maps update=0.0012s pub=0.0104s delay=0.3325s (local map=228, WM=228)
[INFO] [1772727065.278156557] [rtabmap]: rtabmap (688): Rate=1.00s, Limit=0.000s, Conversion=0.0005s, RTAB-Map=0.1575s, Maps update=0.0015s pub=0.0075s delay=0.3551s (local map=228, WM=228)
[INFO] [1772727066.247354362] [rtabmap]: rtabmap (689): Rate=1.00s, Limit=0.000s, Conversion=0.0006s, RTAB-Map=0.1347s, Maps update=0.0012s pub=0.0084s delay=0.3231s (local map=228, WM=228)
[INFO] [1772727067.238704144] [rtabmap]: rtabmap (690): Rate=1.00s, Limit=0.000s, Conversion=0.0005s, RTAB-Map=0.1287s, Maps update=0.0013s pub=0.0074s delay=0.3143s (local map=228, WM=228)
[INFO] [1772727068.237517495] [rtabmap]: rtabmap (691): Rate=1.00s, Limit=0.000s, Conversion=0.0004s, RTAB-Map=0.1330s, Maps update=0.0012s pub=0.0117s delay=0.3130s (local map=228, WM=228)
[INFO] [1772727069.341695843] [rtabmap]: rtabmap (692): Rate=1.00s, Limit=0.000s, Conversion=0.0004s, RTAB-Map=0.1332s, Maps update=0.0013s pub=0.0075s delay=0.3173s (local map=228, WM=228)
[INFO] [1772727070.446474853] [rtabmap]: rtabmap (693): Rate=1.00s, Limit=0.000s, Conversion=0.0005s, RTAB-Map=0.1356s, Maps update=0.0017s pub=0.0089s delay=0.3222s (local map=228, WM=228)
[INFO] [1772727071.444865532] [rtabmap]: rtabmap (694): Rate=1.00s, Limit=0.000s, Conversion=0.0005s, RTAB-Map=0.1319s, Maps update=0.0012s pub=0.0075s delay=0.3204s (local map=228, WM=228)
[INFO] [1772727072.536079855] [rtabmap]: rtabmap (695): Rate=1.00s, Limit=0.000s, Conversion=0.0004s, RTAB-Map=0.1293s, Maps update=0.0013s pub=0.0073s delay=0.3116s (local map=228, WM=228)
[INFO] [1772727073.642574160] [rtabmap]: rtabmap (696): Rate=1.00s, Limit=0.000s, Conversion=0.0003s, RTAB-Map=0.1296s, Maps update=0.0013s pub=0.0074s delay=0.3182s (local map=228, WM=228)
[INFO] [1772727074.674000988] [rtabmap]: rtabmap (697): Rate=1.00s, Limit=0.000s, Conversion=0.0005s, RTAB-Map=0.1554s, Maps update=0.0012s pub=0.0091s delay=0.3495s (local map=228, WM=228)
[INFO] [1772727075.758352853] [rtabmap]: rtabmap (698): Rate=1.00s, Limit=0.000s, Conversion=0.0003s, RTAB-Map=0.1362s, Maps update=0.0013s pub=0.0113s delay=0.3339s (local map=228, WM=228)
[INFO] [1772727076.849955318] [rtabmap]: rtabmap (699): Rate=1.00s, Limit=0.000s, Conversion=0.0004s, RTAB-Map=0.1370s, Maps update=0.0013s pub=0.0086s delay=0.3256s (local map=228, WM=228)
[INFO] [1772727077.841819807] [rtabmap]: rtabmap (700): Rate=1.00s, Limit=0.000s, Conversion=0.0004s, RTAB-Map=0.1344s, Maps update=0.0013s pub=0.0096s delay=0.3174s (local map=228, WM=228)
[INFO] [1772727078.843278150] [rtabmap]: rtabmap (701): Rate=1.00s, Limit=0.000s, Conversion=0.0004s, RTAB-Map=0.1329s, Maps update=0.0012s pub=0.0078s delay=0.3188s (local map=228, WM=228)
[INFO] [1772727079.832484782] [rtabmap]: rtabmap (702): Rate=1.00s, Limit=0.000s, Conversion=0.0005s, RTAB-Map=0.1262s, Maps update=0.0012s pub=0.0086s delay=0.3080s (local map=228, WM=228)
[INFO] [1772727080.829801918] [rtabmap]: rtabmap (703): Rate=1.00s, Limit=0.000s, Conversion=0.0005s, RTAB-Map=0.1309s, Maps update=0.0012s pub=0.0086s delay=0.3052s (local map=228, WM=228)
[INFO] [1772727081.928755083] [rtabmap]: rtabmap (704): Rate=1.00s, Limit=0.000s, Conversion=0.0003s, RTAB-Map=0.1251s, Maps update=0.0012s pub=0.0080s delay=0.3042s (local map=228, WM=228)
[INFO] [1772727082.928805951] [rtabmap]: rtabmap (705): Rate=1.00s, Limit=0.000s, Conversion=0.0003s, RTAB-Map=0.1309s, Maps update=0.0015s pub=0.0095s delay=0.3043s (local map=228, WM=228)
[INFO] [1772727084.018921993] [rtabmap]: rtabmap (706): Rate=1.00s, Limit=0.000s, Conversion=0.0004s, RTAB-Map=0.1154s, Maps update=0.0012s pub=0.0073s delay=0.2943s (local map=228, WM=228)
[INFO] [1772727085.126818845] [rtabmap]: rtabmap (707): Rate=1.00s, Limit=0.000s, Conversion=0.0003s, RTAB-Map=0.1347s, Maps update=0.0012s pub=0.0069s delay=0.3023s (local map=228, WM=228)
[INFO] [1772727086.224483324] [rtabmap]: rtabmap (708): Rate=1.00s, Limit=0.000s, Conversion=0.0005s, RTAB-Map=0.1279s, Maps update=0.0012s pub=0.0080s delay=0.2999s (local map=228, WM=228)
[INFO] [1772727087.330310244] [rtabmap]: rtabmap (709): Rate=1.00s, Limit=0.000s, Conversion=0.0003s, RTAB-Map=0.1261s, Maps update=0.0012s pub=0.0078s delay=0.3070s (local map=228, WM=228)
[INFO] [1772727088.336580858] [rtabmap]: rtabmap (710): Rate=1.00s, Limit=0.000s, Conversion=0.0006s, RTAB-Map=0.1323s, Maps update=0.0012s pub=0.0102s delay=0.3120s (local map=228, WM=228)
[INFO] [1772727089.350071609] [rtabmap]: rtabmap (711): Rate=1.00s, Limit=0.000s, Conversion=0.0005s, RTAB-Map=0.1333s, Maps update=0.0015s pub=0.0078s delay=0.3254s (local map=228, WM=228)
[INFO] [1772727090.444017647] [rtabmap]: rtabmap (712): Rate=1.00s, Limit=0.000s, Conversion=0.0005s, RTAB-Map=0.1404s, Maps update=0.0015s pub=0.0078s delay=0.3207s (local map=228, WM=228)
[INFO] [1772727091.439344535] [rtabmap]: rtabmap (713): Rate=1.00s, Limit=0.000s, Conversion=0.0004s, RTAB-Map=0.1290s, Maps update=0.0013s pub=0.0074s delay=0.3160s (local map=228, WM=228)
[INFO] [1772727092.447119684] [rtabmap]: rtabmap (714): Rate=1.00s, Limit=0.000s, Conversion=0.0007s, RTAB-Map=0.1362s, Maps update=0.0013s pub=0.0081s delay=0.3225s (local map=228, WM=228)
[INFO] [1772727093.428131521] [rtabmap]: rtabmap (715): Rate=1.00s, Limit=0.000s, Conversion=0.0005s, RTAB-Map=0.1316s, Maps update=0.0012s pub=0.0073s delay=0.3035s (local map=228, WM=228)
[INFO] [1772727094.548555262] [rtabmap]: rtabmap (716): Rate=1.00s, Limit=0.000s, Conversion=0.0005s, RTAB-Map=0.1307s, Maps update=0.0013s pub=0.0100s delay=0.3240s (local map=228, WM=228)
[INFO] [1772727095.641022911] [rtabmap]: rtabmap (717): Rate=1.00s, Limit=0.000s, Conversion=0.0003s, RTAB-Map=0.1276s, Maps update=0.0012s pub=0.0081s delay=0.3165s (local map=228, WM=228)
[INFO] [1772727096.648393469] [rtabmap]: rtabmap (718): Rate=1.00s, Limit=0.000s, Conversion=0.0005s, RTAB-Map=0.1395s, Maps update=0.0016s pub=0.0089s delay=0.3238s (local map=228, WM=228)
[INFO] [1772727097.639422248] [rtabmap]: rtabmap (719): Rate=1.00s, Limit=0.000s, Conversion=0.0005s, RTAB-Map=0.1270s, Maps update=0.0012s pub=0.0091s delay=0.3148s (local map=228, WM=228)
[INFO] [1772727098.746781288] [rtabmap]: rtabmap (720): Rate=1.00s, Limit=0.000s, Conversion=0.0004s, RTAB-Map=0.1313s, Maps update=0.0012s pub=0.0081s delay=0.3222s (local map=228, WM=228)
[INFO] [1772727099.742666532] [rtabmap]: rtabmap (721): Rate=1.00s, Limit=0.000s, Conversion=0.0004s, RTAB-Map=0.1332s, Maps update=0.0012s pub=0.0071s delay=0.3180s (local map=228, WM=228)
[INFO] [1772727100.873818216] [rtabmap]: rtabmap (722): Rate=1.00s, Limit=0.000s, Conversion=0.0005s, RTAB-Map=0.1524s, Maps update=0.0013s pub=0.0092s delay=0.3505s (local map=228, WM=228)
[INFO] [1772727101.947413624] [rtabmap]: rtabmap (723): Rate=1.00s, Limit=0.000s, Conversion=0.0005s, RTAB-Map=0.1325s, Maps update=0.0012s pub=0.0087s delay=0.3239s (local map=228, WM=228)
[INFO] [1772727103.053969819] [rtabmap]: rtabmap (724): Rate=1.00s, Limit=0.000s, Conversion=0.0004s, RTAB-Map=0.1390s, Maps update=0.0016s pub=0.0088s delay=0.3308s (local map=228, WM=228)
[INFO] [1772727104.153807752] [rtabmap]: rtabmap (725): Rate=1.00s, Limit=0.000s, Conversion=0.0003s, RTAB-Map=0.1401s, Maps update=0.0015s pub=0.0129s delay=0.3307s (local map=228, WM=228)
[INFO] [1772727105.154253707] [rtabmap]: rtabmap (726): Rate=1.00s, Limit=0.000s, Conversion=0.0003s, RTAB-Map=0.1429s, Maps update=0.0015s pub=0.0085s delay=0.3308s (local map=228, WM=228)
[INFO] [1772727106.240107258] [rtabmap]: rtabmap (727): Rate=1.00s, Limit=0.000s, Conversion=0.0005s, RTAB-Map=0.1350s, Maps update=0.0012s pub=0.0071s delay=0.3168s (local map=228, WM=228)
[INFO] [1772727107.234183699] [rtabmap]: rtabmap (728): Rate=1.00s, Limit=0.000s, Conversion=0.0005s, RTAB-Map=0.1349s, Maps update=0.0012s pub=0.0086s delay=0.3095s (local map=228, WM=228)
[INFO] [1772727108.343137294] [rtabmap]: rtabmap (729): Rate=1.00s, Limit=0.000s, Conversion=0.0005s, RTAB-Map=0.1377s, Maps update=0.0012s pub=0.0078s delay=0.3196s (local map=228, WM=228)
[INFO] [1772727109.340382971] [rtabmap]: rtabmap (730): Rate=1.00s, Limit=0.000s, Conversion=0.0004s, RTAB-Map=0.1291s, Maps update=0.0014s pub=0.0128s delay=0.3168s (local map=228, WM=228)
[INFO] [1772727110.338326466] [rtabmap]: rtabmap (731): Rate=1.00s, Limit=0.000s, Conversion=0.0005s, RTAB-Map=0.1350s, Maps update=0.0012s pub=0.0064s delay=0.3138s (local map=228, WM=228)
[INFO] [1772727111.459009608] [rtabmap]: rtabmap (732): Rate=1.00s, Limit=0.000s, Conversion=0.0004s, RTAB-Map=0.1378s, Maps update=0.0013s pub=0.0083s delay=0.3357s (local map=228, WM=228)
[INFO] [1772727112.440186027] [rtabmap]: rtabmap (733): Rate=1.00s, Limit=0.000s, Conversion=0.0004s, RTAB-Map=0.1366s, Maps update=0.0012s pub=0.0073s delay=0.3167s (local map=228, WM=228)
[INFO] [1772727113.541611603] [rtabmap]: rtabmap (734): Rate=1.00s, Limit=0.000s, Conversion=0.0003s, RTAB-Map=0.1323s, Maps update=0.0012s pub=0.0085s delay=0.3182s (local map=228, WM=228)
[INFO] [1772727114.540217618] [rtabmap]: rtabmap (735): Rate=1.00s, Limit=0.000s, Conversion=0.0005s, RTAB-Map=0.1301s, Maps update=0.0012s pub=0.0070s delay=0.3168s (local map=228, WM=228)
[INFO] [1772727115.653616430] [rtabmap]: rtabmap (736): Rate=1.00s, Limit=0.000s, Conversion=0.0005s, RTAB-Map=0.1379s, Maps update=0.0012s pub=0.0096s delay=0.3303s (local map=228, WM=228)
[INFO] [1772727116.755060118] [rtabmap]: rtabmap (737): Rate=1.00s, Limit=0.000s, Conversion=0.0004s, RTAB-Map=0.1347s, Maps update=0.0028s pub=0.0206s delay=0.3315s (local map=229, WM=229)
[INFO] [1772727117.863798401] [rtabmap]: rtabmap (738): Rate=1.00s, Limit=0.000s, Conversion=0.0004s, RTAB-Map=0.1381s, Maps update=0.0024s pub=0.0217s delay=0.3410s (local map=230, WM=230)
[INFO] [1772727118.856814104] [rtabmap]: rtabmap (739): Rate=1.00s, Limit=0.000s, Conversion=0.0005s, RTAB-Map=0.1370s, Maps update=0.0050s pub=0.0211s delay=0.3337s (local map=231, WM=231)
[INFO] [1772727119.955258081] [rtabmap]: rtabmap (740): Rate=1.00s, Limit=0.000s, Conversion=0.0003s, RTAB-Map=0.1313s, Maps update=0.0012s pub=0.0220s delay=0.3318s (local map=232, WM=232)
[INFO] [1772727121.057375190] [rtabmap]: rtabmap (741): Rate=1.00s, Limit=0.000s, Conversion=0.0005s, RTAB-Map=0.1321s, Maps update=0.0061s pub=0.0218s delay=0.3344s (local map=233, WM=233)
[INFO] [1772727122.168814254] [rtabmap]: rtabmap (742): Rate=1.00s, Limit=0.000s, Conversion=0.0003s, RTAB-Map=0.1420s, Maps update=0.0025s pub=0.0208s delay=0.3459s (local map=234, WM=234)
[INFO] [1772727123.153235613] [rtabmap]: rtabmap (743): Rate=1.00s, Limit=0.000s, Conversion=0.0004s, RTAB-Map=0.1360s, Maps update=0.0024s pub=0.0202s delay=0.3298s (local map=235, WM=235)
[INFO] [1772727124.258681041] [rtabmap]: rtabmap (744): Rate=1.00s, Limit=0.000s, Conversion=0.0003s, RTAB-Map=0.1371s, Maps update=0.0024s pub=0.0188s delay=0.3355s (local map=236, WM=236)
[INFO] [1772727125.356202998] [rtabmap]: rtabmap (745): Rate=1.00s, Limit=0.000s, Conversion=0.0003s, RTAB-Map=0.1371s, Maps update=0.0024s pub=0.0212s delay=0.3330s (local map=237, WM=237)
[INFO] [1772727126.464186187] [rtabmap]: rtabmap (746): Rate=1.00s, Limit=0.000s, Conversion=0.0005s, RTAB-Map=0.1356s, Maps update=0.0023s pub=0.0210s delay=0.3411s (local map=238, WM=238)
[INFO] [1772727127.461373664] [rtabmap]: rtabmap (747): Rate=1.00s, Limit=0.000s, Conversion=0.0003s, RTAB-Map=0.1406s, Maps update=0.0028s pub=0.0226s delay=0.3383s (local map=239, WM=239)
[INFO] [1772727128.553889703] [rtabmap]: rtabmap (748): Rate=1.00s, Limit=0.000s, Conversion=0.0005s, RTAB-Map=0.1335s, Maps update=0.0030s pub=0.0236s delay=0.3308s (local map=240, WM=240)
[INFO] [1772727129.560293052] [rtabmap]: rtabmap (749): Rate=1.00s, Limit=0.000s, Conversion=0.0004s, RTAB-Map=0.1386s, Maps update=0.0023s pub=0.0246s delay=0.3368s (local map=241, WM=241)
[INFO] [1772727130.653016139] [rtabmap]: rtabmap (750): Rate=1.00s, Limit=0.000s, Conversion=0.0003s, RTAB-Map=0.1388s, Maps update=0.0014s pub=0.0209s delay=0.3301s (local map=242, WM=242)
[INFO] [1772727131.653705318] [rtabmap]: rtabmap (751): Rate=1.00s, Limit=0.000s, Conversion=0.0007s, RTAB-Map=0.1338s, Maps update=0.0024s pub=0.0215s delay=0.3302s (local map=243, WM=243)
[INFO] [1772727132.753205815] [rtabmap]: rtabmap (752): Rate=1.00s, Limit=0.000s, Conversion=0.0003s, RTAB-Map=0.1327s, Maps update=0.0013s pub=0.0205s delay=0.3303s (local map=244, WM=244)
[INFO] [1772727133.857137201] [rtabmap]: rtabmap (753): Rate=1.00s, Limit=0.000s, Conversion=0.0004s, RTAB-Map=0.1395s, Maps update=0.0025s pub=0.0199s delay=0.3341s (local map=245, WM=245)
[INFO] [1772727134.960799041] [rtabmap]: rtabmap (754): Rate=1.00s, Limit=0.000s, Conversion=0.0008s, RTAB-Map=0.1365s, Maps update=0.0024s pub=0.0243s delay=0.3377s (local map=246, WM=246)
[INFO] [1772727136.062755472] [rtabmap]: rtabmap (755): Rate=1.00s, Limit=0.000s, Conversion=0.0004s, RTAB-Map=0.1355s, Maps update=0.0016s pub=0.0231s delay=0.3396s (local map=247, WM=247)
[INFO] [1772727137.174492883] [rtabmap]: rtabmap (756): Rate=1.00s, Limit=0.000s, Conversion=0.0003s, RTAB-Map=0.1428s, Maps update=0.0026s pub=0.0215s delay=0.3514s (local map=248, WM=248)
[INFO] [1772727138.264967725] [rtabmap]: rtabmap (757): Rate=1.00s, Limit=0.000s, Conversion=0.0004s, RTAB-Map=0.1415s, Maps update=0.0026s pub=0.0253s delay=0.3419s (local map=249, WM=249)
[INFO] [1772727139.373756320] [rtabmap]: rtabmap (758): Rate=1.00s, Limit=0.000s, Conversion=0.0005s, RTAB-Map=0.1541s, Maps update=0.0030s pub=0.0225s delay=0.3508s (local map=250, WM=250)
[INFO] [1772727140.478685856] [rtabmap]: rtabmap (759): Rate=1.00s, Limit=0.000s, Conversion=0.0008s, RTAB-Map=0.1579s, Maps update=0.0024s pub=0.0226s delay=0.3557s (local map=251, WM=251)
[INFO] [1772727141.474716713] [rtabmap]: rtabmap (760): Rate=1.00s, Limit=0.000s, Conversion=0.0007s, RTAB-Map=0.1577s, Maps update=0.0025s pub=0.0227s delay=0.3517s (local map=252, WM=252)
[INFO] [1772727142.478530076] [rtabmap]: rtabmap (761): Rate=1.00s, Limit=0.000s, Conversion=0.0005s, RTAB-Map=0.1574s, Maps update=0.0026s pub=0.0243s delay=0.3555s (local map=253, WM=253)
[INFO] [1772727143.466014111] [rtabmap]: rtabmap (762): Rate=1.00s, Limit=0.000s, Conversion=0.0005s, RTAB-Map=0.1547s, Maps update=0.0022s pub=0.0204s delay=0.3430s (local map=254, WM=254)
[INFO] [1772727144.472778498] [rtabmap]: rtabmap (763): Rate=1.00s, Limit=0.000s, Conversion=0.0003s, RTAB-Map=0.1598s, Maps update=0.0029s pub=0.0264s delay=0.3497s (local map=255, WM=255)
[INFO] [1772727145.572504092] [rtabmap]: rtabmap (764): Rate=1.00s, Limit=0.000s, Conversion=0.0005s, RTAB-Map=0.1635s, Maps update=0.0024s pub=0.0204s delay=0.3494s (local map=256, WM=256)
[INFO] [1772727146.672577091] [rtabmap]: rtabmap (765): Rate=1.00s, Limit=0.000s, Conversion=0.0004s, RTAB-Map=0.1559s, Maps update=0.0026s pub=0.0214s delay=0.3496s (local map=257, WM=257)
[INFO] [1772727147.704149655] [rtabmap]: rtabmap (766): Rate=1.00s, Limit=0.000s, Conversion=0.0005s, RTAB-Map=0.1771s, Maps update=0.0026s pub=0.0244s delay=0.3810s (local map=258, WM=258)
[INFO] [1772727148.806003522] [rtabmap]: rtabmap (767): Rate=1.00s, Limit=0.000s, Conversion=0.0004s, RTAB-Map=0.1751s, Maps update=0.0024s pub=0.0255s delay=0.3830s (local map=259, WM=259)
[INFO] [1772727149.888407783] [rtabmap]: rtabmap (768): Rate=1.00s, Limit=0.000s, Conversion=0.0005s, RTAB-Map=0.1653s, Maps update=0.0024s pub=0.0208s delay=0.3653s (local map=260, WM=260)
[INFO] [1772727150.978173157] [rtabmap]: rtabmap (769): Rate=1.00s, Limit=0.000s, Conversion=0.0004s, RTAB-Map=0.1603s, Maps update=0.0023s pub=0.0206s delay=0.3550s (local map=261, WM=261)
[INFO] [1772727152.051693944] [rtabmap]: rtabmap (770): Rate=1.00s, Limit=0.000s, Conversion=0.0005s, RTAB-Map=0.1346s, Maps update=0.0026s pub=0.0231s delay=0.3286s (local map=262, WM=262)
[INFO] [1772727153.154637229] [rtabmap]: rtabmap (771): Rate=1.00s, Limit=0.000s, Conversion=0.0004s, RTAB-Map=0.1264s, Maps update=0.0013s pub=0.0213s delay=0.3316s (local map=263, WM=263)
[INFO] [1772727154.145629814] [rtabmap]: rtabmap (772): Rate=1.00s, Limit=0.000s, Conversion=0.0005s, RTAB-Map=0.1287s, Maps update=0.0026s pub=0.0225s delay=0.3225s (local map=264, WM=264)
[INFO] [1772727155.148250107] [rtabmap]: rtabmap (773): Rate=1.00s, Limit=0.000s, Conversion=0.0007s, RTAB-Map=0.1358s, Maps update=0.0033s pub=0.0204s delay=0.3250s (local map=265, WM=265)
[INFO] [1772727156.272545757] [rtabmap]: rtabmap (774): Rate=1.00s, Limit=0.000s, Conversion=0.0003s, RTAB-Map=0.1395s, Maps update=0.0025s pub=0.0219s delay=0.3495s (local map=266, WM=266)
[INFO] [1772727157.243970173] [rtabmap]: rtabmap (775): Rate=1.00s, Limit=0.000s, Conversion=0.0004s, RTAB-Map=0.1250s, Maps update=0.0023s pub=0.0209s delay=0.3208s (local map=267, WM=267)
[INFO] [1772727158.251361400] [rtabmap]: rtabmap (776): Rate=1.00s, Limit=0.000s, Conversion=0.0003s, RTAB-Map=0.1293s, Maps update=0.0031s pub=0.0215s delay=0.3282s (local map=268, WM=268)
[INFO] [1772727159.354704347] [rtabmap]: rtabmap (777): Rate=1.00s, Limit=0.000s, Conversion=0.0003s, RTAB-Map=0.1387s, Maps update=0.0029s pub=0.0249s delay=0.3315s (local map=269, WM=269)
[INFO] [1772727160.444275410] [rtabmap]: rtabmap (778): Rate=1.00s, Limit=0.000s, Conversion=0.0005s, RTAB-Map=0.1301s, Maps update=0.0022s pub=0.0217s delay=0.3210s (local map=270, WM=270)
[INFO] [1772727161.549671908] [rtabmap]: rtabmap (779): Rate=1.00s, Limit=0.000s, Conversion=0.0006s, RTAB-Map=0.1262s, Maps update=0.0029s pub=0.0213s delay=0.3266s (local map=271, WM=271)
[INFO] [1772727162.542615480] [rtabmap]: rtabmap (780): Rate=1.00s, Limit=0.000s, Conversion=0.0004s, RTAB-Map=0.1191s, Maps update=0.0024s pub=0.0249s delay=0.3193s (local map=272, WM=272)
[INFO] [1772727163.658888936] [rtabmap]: rtabmap (781): Rate=1.00s, Limit=0.000s, Conversion=0.0006s, RTAB-Map=0.1399s, Maps update=0.0024s pub=0.0215s delay=0.3357s (local map=273, WM=273)
[INFO] [1772727164.638005805] [rtabmap]: rtabmap (782): Rate=1.00s, Limit=0.000s, Conversion=0.0005s, RTAB-Map=0.1249s, Maps update=0.0025s pub=0.0214s delay=0.3148s (local map=274, WM=274)
[INFO] [1772727165.654247289] [rtabmap]: rtabmap (783): Rate=1.00s, Limit=0.000s, Conversion=0.0005s, RTAB-Map=0.1243s, Maps update=0.0028s pub=0.0251s delay=0.3310s (local map=275, WM=275)
[INFO] [1772727166.750245189] [rtabmap]: rtabmap (784): Rate=1.00s, Limit=0.000s, Conversion=0.0006s, RTAB-Map=0.1254s, Maps update=0.0024s pub=0.0251s delay=0.3270s (local map=276, WM=276)
[INFO] [1772727167.839900158] [rtabmap]: rtabmap (785): Rate=1.00s, Limit=0.000s, Conversion=0.0005s, RTAB-Map=0.1232s, Maps update=0.0028s pub=0.0238s delay=0.3166s (local map=277, WM=277)
[INFO] [1772727168.945325265] [rtabmap]: rtabmap (786): Rate=1.00s, Limit=0.000s, Conversion=0.0005s, RTAB-Map=0.1196s, Maps update=0.0034s pub=0.0266s delay=0.3221s (local map=278, WM=278)
[INFO] [1772727169.947587753] [rtabmap]: rtabmap (787): Rate=1.00s, Limit=0.000s, Conversion=0.0005s, RTAB-Map=0.1271s, Maps update=0.0033s pub=0.0224s delay=0.3243s (local map=279, WM=279)
[INFO] [1772727170.952826673] [rtabmap]: rtabmap (788): Rate=1.00s, Limit=0.000s, Conversion=0.0004s, RTAB-Map=0.1348s, Maps update=0.0032s pub=0.0254s delay=0.3294s (local map=280, WM=280)
[INFO] [1772727172.053767545] [rtabmap]: rtabmap (789): Rate=1.00s, Limit=0.000s, Conversion=0.0006s, RTAB-Map=0.1279s, Maps update=0.0028s pub=0.0255s delay=0.3305s (local map=281, WM=281)
[INFO] [1772727173.125859958] [rtabmap]: rtabmap (790): Rate=1.00s, Limit=0.000s, Conversion=0.0004s, RTAB-Map=0.1225s, Maps update=0.0014s pub=0.0088s delay=0.3025s (local map=281, WM=281)
[INFO] [1772727174.242981958] [rtabmap]: rtabmap (791): Rate=1.00s, Limit=0.000s, Conversion=0.0006s, RTAB-Map=0.1301s, Maps update=0.0014s pub=0.0161s delay=0.3196s (local map=281, WM=281)
[INFO] [1772727175.351316424] [rtabmap]: rtabmap (792): Rate=1.00s, Limit=0.000s, Conversion=0.0005s, RTAB-Map=0.1290s, Maps update=0.0026s pub=0.0209s delay=0.3280s (local map=282, WM=282)
[INFO] [1772727176.363942762] [rtabmap]: rtabmap (793): Rate=1.00s, Limit=0.000s, Conversion=0.0003s, RTAB-Map=0.1339s, Maps update=0.0014s pub=0.0289s delay=0.3405s (local map=283, WM=283)
[INFO] [1772727177.453690536] [rtabmap]: rtabmap (794): Rate=1.00s, Limit=0.000s, Conversion=0.0003s, RTAB-Map=0.1222s, Maps update=0.0030s pub=0.0263s delay=0.3304s (local map=284, WM=284)
[INFO] [1772727178.463545600] [rtabmap]: rtabmap (795): Rate=1.00s, Limit=0.000s, Conversion=0.0003s, RTAB-Map=0.1395s, Maps update=0.0026s pub=0.0278s delay=0.3402s (local map=285, WM=285)
[INFO] [1772727179.457415671] [rtabmap]: rtabmap (796): Rate=1.00s, Limit=0.000s, Conversion=0.0003s, RTAB-Map=0.1327s, Maps update=0.0034s pub=0.0275s delay=0.3340s (local map=286, WM=286)
[INFO] [1772727180.563833488] [rtabmap]: rtabmap (797): Rate=1.00s, Limit=0.000s, Conversion=0.0003s, RTAB-Map=0.1290s, Maps update=0.0014s pub=0.0269s delay=0.3404s (local map=287, WM=287)
[INFO] [1772727181.552711241] [rtabmap]: rtabmap (798): Rate=1.00s, Limit=0.000s, Conversion=0.0003s, RTAB-Map=0.1215s, Maps update=0.0031s pub=0.0245s delay=0.3287s (local map=288, WM=288)
[INFO] [1772727182.651776202] [rtabmap]: rtabmap (799): Rate=1.00s, Limit=0.000s, Conversion=0.0005s, RTAB-Map=0.1233s, Maps update=0.0023s pub=0.0296s delay=0.3283s (local map=289, WM=289)
[INFO] [1772727183.623375184] [rtabmap]: rtabmap (800): Rate=1.00s, Limit=0.000s, Conversion=0.0004s, RTAB-Map=0.1296s, Maps update=0.0015s pub=0.0082s delay=0.2999s (local map=289, WM=289)
[INFO] [1772727184.739011336] [rtabmap]: rtabmap (801): Rate=1.00s, Limit=0.000s, Conversion=0.0005s, RTAB-Map=0.1225s, Maps update=0.0017s pub=0.0159s delay=0.3156s (local map=289, WM=289)
[INFO] [1772727185.727926947] [rtabmap]: rtabmap (802): Rate=1.00s, Limit=0.000s, Conversion=0.0003s, RTAB-Map=0.1279s, Maps update=0.0014s pub=0.0085s delay=0.3044s (local map=289, WM=289)
[INFO] [1772727186.748407120] [rtabmap]: rtabmap (803): Rate=1.00s, Limit=0.000s, Conversion=0.0005s, RTAB-Map=0.1250s, Maps update=0.0029s pub=0.0240s delay=0.3243s (local map=290, WM=290)
[INFO] [1772727187.853371026] [rtabmap]: rtabmap (804): Rate=1.00s, Limit=0.000s, Conversion=0.0105s, RTAB-Map=0.1280s, Maps update=0.0031s pub=0.0247s delay=0.3299s (local map=291, WM=291)
[INFO] [1772727188.876587335] [rtabmap]: rtabmap (805): Rate=1.00s, Limit=0.000s, Conversion=0.0005s, RTAB-Map=0.1464s, Maps update=0.0026s pub=0.0295s delay=0.3531s (local map=292, WM=292)
[INFO] [1772727189.856271394] [rtabmap]: rtabmap (806): Rate=1.00s, Limit=0.000s, Conversion=0.0003s, RTAB-Map=0.1288s, Maps update=0.0024s pub=0.0247s delay=0.3327s (local map=293, WM=293)
[INFO] [1772727190.980941970] [rtabmap]: rtabmap (807): Rate=1.00s, Limit=0.000s, Conversion=0.0003s, RTAB-Map=0.1415s, Maps update=0.0027s pub=0.0330s delay=0.3575s (local map=294, WM=294)
[INFO] [1772727191.966169472] [rtabmap]: rtabmap (808): Rate=1.00s, Limit=0.000s, Conversion=0.0006s, RTAB-Map=0.1297s, Maps update=0.0024s pub=0.0244s delay=0.3427s (local map=295, WM=295)
[INFO] [1772727192.939360675] [rtabmap]: rtabmap (809): Rate=1.00s, Limit=0.000s, Conversion=0.0003s, RTAB-Map=0.1280s, Maps update=0.0016s pub=0.0124s delay=0.3157s (local map=295, WM=295)
[INFO] [1772727194.056645978] [rtabmap]: rtabmap (810): Rate=1.00s, Limit=0.000s, Conversion=0.0006s, RTAB-Map=0.1355s, Maps update=0.0032s pub=0.0347s delay=0.3331s (local map=296, WM=296)
[INFO] [1772727195.066429584] [rtabmap]: rtabmap (811): Rate=1.00s, Limit=0.000s, Conversion=0.0005s, RTAB-Map=0.1400s, Maps update=0.0027s pub=0.0269s delay=0.3428s (local map=297, WM=297)
[INFO] [1772727196.168787374] [rtabmap]: rtabmap (812): Rate=1.00s, Limit=0.000s, Conversion=0.0004s, RTAB-Map=0.1327s, Maps update=0.0025s pub=0.0286s delay=0.3453s (local map=298, WM=298)
[INFO] [1772727197.172027594] [rtabmap]: rtabmap (813): Rate=1.00s, Limit=0.000s, Conversion=0.0008s, RTAB-Map=0.1375s, Maps update=0.0025s pub=0.0293s delay=0.3484s (local map=299, WM=299)
[INFO] [1772727198.274282276] [rtabmap]: rtabmap (814): Rate=1.00s, Limit=0.000s, Conversion=0.0008s, RTAB-Map=0.1381s, Maps update=0.0028s pub=0.0305s delay=0.3507s (local map=300, WM=300)
[INFO] [1772727199.260122314] [rtabmap]: rtabmap (815): Rate=1.00s, Limit=0.000s, Conversion=0.0004s, RTAB-Map=0.1318s, Maps update=0.0032s pub=0.0274s delay=0.3365s (local map=301, WM=301)
[INFO] [1772727200.386410136] [rtabmap]: rtabmap (816): Rate=1.00s, Limit=0.000s, Conversion=0.0005s, RTAB-Map=0.1379s, Maps update=0.0028s pub=0.0324s delay=0.3627s (local map=302, WM=302)
[INFO] [1772727201.479989127] [rtabmap]: rtabmap (817): Rate=1.00s, Limit=0.000s, Conversion=0.0006s, RTAB-Map=0.1346s, Maps update=0.0032s pub=0.0349s delay=0.3564s (local map=303, WM=303)
[INFO] [1772727202.458674108] [rtabmap]: rtabmap (818): Rate=1.00s, Limit=0.000s, Conversion=0.0004s, RTAB-Map=0.1332s, Maps update=0.0015s pub=0.0245s delay=0.3350s (local map=304, WM=304)
[INFO] [1772727203.580517440] [rtabmap]: rtabmap (819): Rate=1.00s, Limit=0.000s, Conversion=0.0005s, RTAB-Map=0.1443s, Maps update=0.0027s pub=0.0280s delay=0.3569s (local map=305, WM=305)
[INFO] [1772727204.576135162] [rtabmap]: rtabmap (820): Rate=1.00s, Limit=0.000s, Conversion=0.0005s, RTAB-Map=0.1358s, Maps update=0.0037s pub=0.0279s delay=0.3525s (local map=306, WM=306)
[INFO] [1772727205.570051226] [rtabmap]: rtabmap (821): Rate=1.00s, Limit=0.000s, Conversion=0.0004s, RTAB-Map=0.1368s, Maps update=0.0026s pub=0.0303s delay=0.3464s (local map=307, WM=307)
[INFO] [1772727206.573451096] [rtabmap]: rtabmap (822): Rate=1.00s, Limit=0.000s, Conversion=0.0004s, RTAB-Map=0.1418s, Maps update=0.0036s pub=0.0267s delay=0.3497s (local map=308, WM=308)
[INFO] [1772727207.662062369] [rtabmap]: rtabmap (823): Rate=1.00s, Limit=0.000s, Conversion=0.0004s, RTAB-Map=0.1331s, Maps update=0.0026s pub=0.0291s delay=0.3383s (local map=309, WM=309)
[INFO] [1772727208.656754027] [rtabmap]: rtabmap (824): Rate=1.00s, Limit=0.000s, Conversion=0.0005s, RTAB-Map=0.1329s, Maps update=0.0028s pub=0.0281s delay=0.3329s (local map=310, WM=310)
[INFO] [1772727209.777831218] [rtabmap]: rtabmap (825): Rate=1.00s, Limit=0.000s, Conversion=0.0004s, RTAB-Map=0.1461s, Maps update=0.0032s pub=0.0322s delay=0.3540s (local map=311, WM=311)
[INFO] [1772727210.872887615] [rtabmap]: rtabmap (826): Rate=1.00s, Limit=0.000s, Conversion=0.0005s, RTAB-Map=0.1325s, Maps update=0.0028s pub=0.0318s delay=0.3490s (local map=312, WM=312)
[INFO] [1772727211.966896168] [rtabmap]: rtabmap (827): Rate=1.00s, Limit=0.000s, Conversion=0.0004s, RTAB-Map=0.1364s, Maps update=0.0016s pub=0.0312s delay=0.3431s (local map=313, WM=313)
[INFO] [1772727213.076515641] [rtabmap]: rtabmap (828): Rate=1.00s, Limit=0.000s, Conversion=0.0003s, RTAB-Map=0.1373s, Maps update=0.0026s pub=0.0317s delay=0.3528s (local map=314, WM=314)
[INFO] [1772727214.167119913] [rtabmap]: rtabmap (829): Rate=1.00s, Limit=0.000s, Conversion=0.0005s, RTAB-Map=0.1372s, Maps update=0.0027s pub=0.0290s delay=0.3434s (local map=315, WM=315)
[INFO] [1772727215.160703307] [rtabmap]: rtabmap (830): Rate=1.00s, Limit=0.000s, Conversion=0.0003s, RTAB-Map=0.1332s, Maps update=0.0027s pub=0.0270s delay=0.3369s (local map=316, WM=316)
[INFO] [1772727216.278296919] [rtabmap]: rtabmap (831): Rate=1.00s, Limit=0.000s, Conversion=0.0005s, RTAB-Map=0.1503s, Maps update=0.0016s pub=0.0183s delay=0.3544s (local map=316, WM=316)
[INFO] [1772727217.367997894] [rtabmap]: rtabmap (832): Rate=1.00s, Limit=0.000s, Conversion=0.0005s, RTAB-Map=0.1377s, Maps update=0.0025s pub=0.0268s delay=0.3442s (local map=317, WM=317)
[INFO] [1772727218.473372097] [rtabmap]: rtabmap (833): Rate=1.00s, Limit=0.000s, Conversion=0.0007s, RTAB-Map=0.1340s, Maps update=0.0064s pub=0.0362s delay=0.3495s (local map=318, WM=318)
[INFO] [1772727219.558852155] [rtabmap]: rtabmap (834): Rate=1.00s, Limit=0.000s, Conversion=0.0006s, RTAB-Map=0.1292s, Maps update=0.0029s pub=0.0314s delay=0.3351s (local map=319, WM=319)
[INFO] [1772727220.589724230] [rtabmap]: rtabmap (835): Rate=1.00s, Limit=0.000s, Conversion=0.0005s, RTAB-Map=0.1459s, Maps update=0.0021s pub=0.0381s delay=0.3659s (local map=320, WM=320)
[INFO] [1772727221.666708115] [rtabmap]: rtabmap (836): Rate=1.00s, Limit=0.000s, Conversion=0.0007s, RTAB-Map=0.1318s, Maps update=0.0032s pub=0.0300s delay=0.3428s (local map=321, WM=321)
[INFO] [1772727222.770240589] [rtabmap]: rtabmap (837): Rate=1.00s, Limit=0.000s, Conversion=0.0003s, RTAB-Map=0.1333s, Maps update=0.0027s pub=0.0323s delay=0.3464s (local map=322, WM=322)
[INFO] [1772727223.877585422] [rtabmap]: rtabmap (838): Rate=1.00s, Limit=0.000s, Conversion=0.0003s, RTAB-Map=0.1372s, Maps update=0.0029s pub=0.0329s delay=0.3536s (local map=323, WM=323)
[INFO] [1772727224.965663460] [rtabmap]: rtabmap (839): Rate=1.00s, Limit=0.000s, Conversion=0.0005s, RTAB-Map=0.1294s, Maps update=0.0029s pub=0.0316s delay=0.3418s (local map=324, WM=324)
[INFO] [1772727226.083508089] [rtabmap]: rtabmap (840): Rate=1.00s, Limit=0.000s, Conversion=0.0006s, RTAB-Map=0.1386s, Maps update=0.0035s pub=0.0335s delay=0.3597s (local map=325, WM=325)
[INFO] [1772727227.071153576] [rtabmap]: rtabmap (841): Rate=1.00s, Limit=0.000s, Conversion=0.0004s, RTAB-Map=0.1362s, Maps update=0.0018s pub=0.0323s delay=0.3473s (local map=326, WM=326)
[INFO] [1772727228.080326419] [rtabmap]: rtabmap (842): Rate=1.00s, Limit=0.000s, Conversion=0.0004s, RTAB-Map=0.1381s, Maps update=0.0017s pub=0.0334s delay=0.3564s (local map=327, WM=327)
[INFO] [1772727229.075613649] [rtabmap]: rtabmap (843): Rate=1.00s, Limit=0.000s, Conversion=0.0003s, RTAB-Map=0.1416s, Maps update=0.0030s pub=0.0352s delay=0.3516s (local map=328, WM=328)
[INFO] [1772727230.177412942] [rtabmap]: rtabmap (844): Rate=1.00s, Limit=0.000s, Conversion=0.0005s, RTAB-Map=0.1357s, Maps update=0.0035s pub=0.0367s delay=0.3537s (local map=329, WM=329)
[INFO] [1772727231.167730716] [rtabmap]: rtabmap (845): Rate=1.00s, Limit=0.000s, Conversion=0.0004s, RTAB-Map=0.1372s, Maps update=0.0016s pub=0.0335s delay=0.3438s (local map=330, WM=330)
[INFO] [1772727232.299086864] [rtabmap]: rtabmap (846): Rate=1.00s, Limit=0.000s, Conversion=0.0005s, RTAB-Map=0.1417s, Maps update=0.0035s pub=0.0459s delay=0.3752s (local map=331, WM=331)
[INFO] [1772727233.306777734] [rtabmap]: rtabmap (847): Rate=1.00s, Limit=0.000s, Conversion=0.0004s, RTAB-Map=0.1552s, Maps update=0.0030s pub=0.0461s delay=0.3829s (local map=332, WM=332)
[INFO] [1772727234.299062394] [rtabmap]: rtabmap (848): Rate=1.00s, Limit=0.000s, Conversion=0.0004s, RTAB-Map=0.1387s, Maps update=0.0027s pub=0.0521s delay=0.3751s (local map=333, WM=333)
[INFO] [1772727235.287857554] [rtabmap]: rtabmap (849): Rate=1.00s, Limit=0.000s, Conversion=0.0003s, RTAB-Map=0.1415s, Maps update=0.0029s pub=0.0315s delay=0.3639s (local map=334, WM=334)
[INFO] [1772727236.394228017] [rtabmap]: rtabmap (850): Rate=1.00s, Limit=0.000s, Conversion=0.0003s, RTAB-Map=0.1527s, Maps update=0.0029s pub=0.0310s delay=0.3705s (local map=335, WM=335)
[INFO] [1772727237.415983161] [rtabmap]: rtabmap (851): Rate=1.00s, Limit=0.000s, Conversion=0.0003s, RTAB-Map=0.1562s, Maps update=0.0032s pub=0.0458s delay=0.3922s (local map=336, WM=336)
[INFO] [1772727238.409628285] [rtabmap]: rtabmap (852): Rate=1.00s, Limit=0.000s, Conversion=0.0003s, RTAB-Map=0.1517s, Maps update=0.0044s pub=0.0350s delay=0.3858s (local map=337, WM=337)
[INFO] [1772727239.501418391] [rtabmap]: rtabmap (853): Rate=1.00s, Limit=0.000s, Conversion=0.0005s, RTAB-Map=0.1539s, Maps update=0.0028s pub=0.0340s delay=0.3776s (local map=338, WM=338)
[INFO] [1772727240.497462768] [rtabmap]: rtabmap (854): Rate=1.00s, Limit=0.000s, Conversion=0.0006s, RTAB-Map=0.1454s, Maps update=0.0018s pub=0.0316s delay=0.3735s (local map=339, WM=339)
[INFO] [1772727241.606322535] [rtabmap]: rtabmap (855): Rate=1.00s, Limit=0.000s, Conversion=0.0005s, RTAB-Map=0.1546s, Maps update=0.0035s pub=0.0334s delay=0.3823s (local map=340, WM=340)
[INFO] [1772727242.708635509] [rtabmap]: rtabmap (856): Rate=1.00s, Limit=0.000s, Conversion=0.0004s, RTAB-Map=0.1492s, Maps update=0.0032s pub=0.0424s delay=0.3857s (local map=341, WM=341)
[INFO] [1772727243.710251604] [rtabmap]: rtabmap (857): Rate=1.00s, Limit=0.000s, Conversion=0.0107s, RTAB-Map=0.1442s, Maps update=0.0033s pub=0.0386s delay=0.3863s (local map=342, WM=342)
[INFO] [1772727244.797550126] [rtabmap]: rtabmap (858): Rate=1.00s, Limit=0.000s, Conversion=0.0005s, RTAB-Map=0.1513s, Maps update=0.0027s pub=0.0328s delay=0.3744s (local map=343, WM=343)
[INFO] [1772727245.790685217] [rtabmap]: rtabmap (859): Rate=1.00s, Limit=0.000s, Conversion=0.0003s, RTAB-Map=0.1404s, Maps update=0.0029s pub=0.0370s delay=0.3669s (local map=344, WM=344)
[INFO] [1772727246.805292652] [rtabmap]: rtabmap (860): Rate=1.00s, Limit=0.000s, Conversion=0.0008s, RTAB-Map=0.1478s, Maps update=0.0017s pub=0.0431s delay=0.3814s (local map=345, WM=345)
[INFO] [1772727247.786496919] [rtabmap]: rtabmap (861): Rate=1.00s, Limit=0.000s, Conversion=0.0004s, RTAB-Map=0.1418s, Maps update=0.0029s pub=0.0405s delay=0.3626s (local map=346, WM=346)
[INFO] [1772727248.839360398] [rtabmap]: rtabmap (862): Rate=1.00s, Limit=0.000s, Conversion=0.0004s, RTAB-Map=0.1797s, Maps update=0.0029s pub=0.0384s delay=0.4154s (local map=347, WM=347)
[INFO] [1772727249.910933659] [rtabmap]: rtabmap (863): Rate=1.00s, Limit=0.000s, Conversion=0.0007s, RTAB-Map=0.1453s, Maps update=0.0035s pub=0.0493s delay=0.3880s (local map=348, WM=348)
[INFO] [1772727250.911461299] [rtabmap]: rtabmap (864): Rate=1.00s, Limit=0.000s, Conversion=0.0005s, RTAB-Map=0.1503s, Maps update=0.0028s pub=0.0456s delay=0.3876s (local map=349, WM=349)
[INFO] [1772727251.989745230] [rtabmap]: rtabmap (865): Rate=1.00s, Limit=0.000s, Conversion=0.0004s, RTAB-Map=0.1580s, Maps update=0.0021s pub=0.0193s delay=0.3656s (local map=349, WM=349)
[INFO] [1772727253.100537065] [rtabmap]: rtabmap (866): Rate=1.00s, Limit=0.000s, Conversion=0.0005s, RTAB-Map=0.1475s, Maps update=0.0029s pub=0.0394s delay=0.3774s (local map=350, WM=350)
[INFO] [1772727254.106522115] [rtabmap]: rtabmap (867): Rate=1.00s, Limit=0.000s, Conversion=0.0004s, RTAB-Map=0.1562s, Maps update=0.0030s pub=0.0342s delay=0.3825s (local map=351, WM=351)
[INFO] [1772727255.162624172] [rtabmap]: rtabmap (868): Rate=1.00s, Limit=0.000s, Conversion=0.0005s, RTAB-Map=0.1378s, Maps update=0.0018s pub=0.0164s delay=0.3385s (local map=351, WM=351)
[INFO] [1772727256.278745796] [rtabmap]: rtabmap (869): Rate=1.00s, Limit=0.000s, Conversion=0.0005s, RTAB-Map=0.1497s, Maps update=0.0018s pub=0.0165s delay=0.3549s (local map=351, WM=351)
[INFO] [1772727257.284822624] [rtabmap]: rtabmap (870): Rate=1.00s, Limit=0.000s, Conversion=0.0105s, RTAB-Map=0.1441s, Maps update=0.0022s pub=0.0168s delay=0.3608s (local map=351, WM=351)
[INFO] [1772727258.279228320] [rtabmap]: rtabmap (871): Rate=1.00s, Limit=0.000s, Conversion=0.0005s, RTAB-Map=0.1484s, Maps update=0.0018s pub=0.0145s delay=0.3552s (local map=351, WM=351)
[INFO] [1772727259.389368708] [rtabmap]: rtabmap (872): Rate=1.00s, Limit=0.000s, Conversion=0.0004s, RTAB-Map=0.1507s, Maps update=0.0023s pub=0.0172s delay=0.3653s (local map=351, WM=351)
[INFO] [1772727260.382784544] [rtabmap]: rtabmap (873): Rate=1.00s, Limit=0.000s, Conversion=0.0004s, RTAB-Map=0.1442s, Maps update=0.0019s pub=0.0166s delay=0.3587s (local map=351, WM=351)
[INFO] [1772727261.483378449] [rtabmap]: rtabmap (874): Rate=1.00s, Limit=0.000s, Conversion=0.0004s, RTAB-Map=0.1468s, Maps update=0.0021s pub=0.0163s delay=0.3603s (local map=351, WM=351)
[INFO] [1772727262.467563527] [rtabmap]: rtabmap (875): Rate=1.00s, Limit=0.000s, Conversion=0.0005s, RTAB-Map=0.1424s, Maps update=0.0017s pub=0.0132s delay=0.3434s (local map=351, WM=351)
[INFO] [1772727263.557808009] [rtabmap]: rtabmap (876): Rate=1.00s, Limit=0.000s, Conversion=0.0004s, RTAB-Map=0.1398s, Maps update=0.0017s pub=0.0152s delay=0.3336s (local map=351, WM=351)
[INFO] [1772727264.677396604] [rtabmap]: rtabmap (877): Rate=1.00s, Limit=0.000s, Conversion=0.0005s, RTAB-Map=0.1497s, Maps update=0.0022s pub=0.0141s delay=0.3533s (local map=351, WM=351)
[INFO] [1772727265.669994299] [rtabmap]: rtabmap (878): Rate=1.00s, Limit=0.000s, Conversion=0.0003s, RTAB-Map=0.1439s, Maps update=0.0020s pub=0.0159s delay=0.3458s (local map=351, WM=351)
[INFO] [1772727266.772074241] [rtabmap]: rtabmap (879): Rate=1.00s, Limit=0.000s, Conversion=0.0003s, RTAB-Map=0.1436s, Maps update=0.0022s pub=0.0265s delay=0.3489s (local map=351, WM=351)
[INFO] [1772727267.869854799] [rtabmap]: rtabmap (880): Rate=1.00s, Limit=0.000s, Conversion=0.0004s, RTAB-Map=0.1440s, Maps update=0.0017s pub=0.0120s delay=0.3459s (local map=351, WM=351)
[INFO] [1772727268.854023268] [rtabmap]: rtabmap (881): Rate=1.00s, Limit=0.000s, Conversion=0.0005s, RTAB-Map=0.1332s, Maps update=0.0018s pub=0.0187s delay=0.3299s (local map=351, WM=351)
[INFO] [1772727269.968035889] [rtabmap]: rtabmap (882): Rate=1.00s, Limit=0.000s, Conversion=0.0004s, RTAB-Map=0.1369s, Maps update=0.0017s pub=0.0135s delay=0.3439s (local map=351, WM=351)
[INFO] [1772727271.078945744] [rtabmap]: rtabmap (883): Rate=1.00s, Limit=0.000s, Conversion=0.0003s, RTAB-Map=0.1491s, Maps update=0.0018s pub=0.0139s delay=0.3548s (local map=351, WM=351)
[INFO] [1772727272.076338329] [rtabmap]: rtabmap (884): Rate=1.00s, Limit=0.000s, Conversion=0.0003s, RTAB-Map=0.1485s, Maps update=0.0020s pub=0.0159s delay=0.3521s (local map=351, WM=351)
[INFO] [1772727273.162417416] [rtabmap]: rtabmap (885): Rate=1.00s, Limit=0.000s, Conversion=0.0004s, RTAB-Map=0.1320s, Maps update=0.0019s pub=0.0185s delay=0.3382s (local map=351, WM=351)
[INFO] [1772727274.152653108] [rtabmap]: rtabmap (886): Rate=1.00s, Limit=0.000s, Conversion=0.0004s, RTAB-Map=0.1329s, Maps update=0.0018s pub=0.0110s delay=0.3285s (local map=351, WM=351)
[INFO] [1772727275.162348305] [rtabmap]: rtabmap (887): Rate=1.00s, Limit=0.000s, Conversion=0.0006s, RTAB-Map=0.1424s, Maps update=0.0018s pub=0.0117s delay=0.3381s (local map=351, WM=351)
[INFO] [1772727276.293172049] [rtabmap]: rtabmap (888): Rate=1.00s, Limit=0.000s, Conversion=0.0105s, RTAB-Map=0.1595s, Maps update=0.0024s pub=0.0136s delay=0.3690s (local map=351, WM=351)
[INFO] [1772727277.361882297] [rtabmap]: rtabmap (889): Rate=1.00s, Limit=0.000s, Conversion=0.0003s, RTAB-Map=0.1397s, Maps update=0.0018s pub=0.0124s delay=0.3377s (local map=351, WM=351)
[INFO] [1772727278.462063836] [rtabmap]: rtabmap (890): Rate=1.00s, Limit=0.000s, Conversion=0.0005s, RTAB-Map=0.1384s, Maps update=0.0018s pub=0.0131s delay=0.3390s (local map=351, WM=351)
[INFO] [1772727279.488794613] [rtabmap]: rtabmap (891): Rate=1.00s, Limit=0.000s, Conversion=0.0005s, RTAB-Map=0.1545s, Maps update=0.0018s pub=0.0150s delay=0.3646s (local map=351, WM=351)
[INFO] [1772727280.569393730] [rtabmap]: rtabmap (892): Rate=1.00s, Limit=0.000s, Conversion=0.0005s, RTAB-Map=0.1474s, Maps update=0.0020s pub=0.0137s delay=0.3466s (local map=351, WM=351)
[INFO] [1772727281.555505371] [rtabmap]: rtabmap (893): Rate=1.00s, Limit=0.000s, Conversion=0.0005s, RTAB-Map=0.1337s, Maps update=0.0018s pub=0.0123s delay=0.3322s (local map=351, WM=351)
[INFO] [1772727282.575921716] [rtabmap]: rtabmap (894): Rate=1.00s, Limit=0.000s, Conversion=0.0005s, RTAB-Map=0.1359s, Maps update=0.0020s pub=0.0276s delay=0.3517s (local map=351, WM=351)
[INFO] [1772727283.652244330] [rtabmap]: rtabmap (895): Rate=1.00s, Limit=0.000s, Conversion=0.0004s, RTAB-Map=0.1323s, Maps update=0.0017s pub=0.0118s delay=0.3280s (local map=351, WM=351)
[INFO] [1772727284.683029618] [rtabmap]: rtabmap (896): Rate=1.00s, Limit=0.000s, Conversion=0.0005s, RTAB-Map=0.1491s, Maps update=0.0024s pub=0.0145s delay=0.3587s (local map=351, WM=351)
[INFO] [1772727285.773458267] [rtabmap]: rtabmap (897): Rate=1.00s, Limit=0.000s, Conversion=0.0004s, RTAB-Map=0.1465s, Maps update=0.0018s pub=0.0124s delay=0.3503s (local map=351, WM=351)
[INFO] [1772727286.757482699] [rtabmap]: rtabmap (898): Rate=1.00s, Limit=0.000s, Conversion=0.0003s, RTAB-Map=0.1342s, Maps update=0.0019s pub=0.0139s delay=0.3340s (local map=351, WM=351)
[INFO] [1772727287.758040356] [rtabmap]: rtabmap (899): Rate=1.00s, Limit=0.000s, Conversion=0.0003s, RTAB-Map=0.1394s, Maps update=0.0017s pub=0.0112s delay=0.3338s (local map=351, WM=351)
[INFO] [1772727288.868006626] [rtabmap]: rtabmap (900): Rate=1.00s, Limit=0.000s, Conversion=0.0003s, RTAB-Map=0.1345s, Maps update=0.0018s pub=0.0150s delay=0.3438s (local map=351, WM=351)
[INFO] [1772727289.860892491] [rtabmap]: rtabmap (901): Rate=1.00s, Limit=0.000s, Conversion=0.0005s, RTAB-Map=0.1367s, Maps update=0.0017s pub=0.0266s delay=0.3366s (local map=351, WM=351)
[INFO] [1772727290.968889091] [rtabmap]: rtabmap (902): Rate=1.00s, Limit=0.000s, Conversion=0.0006s, RTAB-Map=0.1492s, Maps update=0.0019s pub=0.0111s delay=0.3447s (local map=351, WM=351)
[INFO] [1772727292.059267531] [rtabmap]: rtabmap (903): Rate=1.00s, Limit=0.000s, Conversion=0.0004s, RTAB-Map=0.1348s, Maps update=0.0018s pub=0.0143s delay=0.3361s (local map=351, WM=351)
[INFO] [1772727293.063333728] [rtabmap]: rtabmap (904): Rate=1.00s, Limit=0.000s, Conversion=0.0003s, RTAB-Map=0.1393s, Maps update=0.0018s pub=0.0120s delay=0.3391s (local map=351, WM=351)
[INFO] [1772727294.162471230] [rtabmap]: rtabmap (905): Rate=1.00s, Limit=0.000s, Conversion=0.0004s, RTAB-Map=0.1294s, Maps update=0.0017s pub=0.0128s delay=0.3383s (local map=351, WM=351)
[INFO] [1772727295.279820481] [rtabmap]: rtabmap (906): Rate=1.00s, Limit=0.000s, Conversion=0.0005s, RTAB-Map=0.1533s, Maps update=0.0019s pub=0.0141s delay=0.3554s (local map=351, WM=351)
[INFO] [1772727296.404241855] [rtabmap]: rtabmap (907): Rate=1.00s, Limit=0.000s, Conversion=0.0004s, RTAB-Map=0.1641s, Maps update=0.0023s pub=0.0213s delay=0.3800s (local map=351, WM=351)
[INFO] [1772727297.476845457] [rtabmap]: rtabmap (908): Rate=1.00s, Limit=0.000s, Conversion=0.0004s, RTAB-Map=0.1427s, Maps update=0.0019s pub=0.0139s delay=0.3539s (local map=351, WM=351)
[INFO] [1772727298.479498517] [rtabmap]: rtabmap (909): Rate=1.00s, Limit=0.000s, Conversion=0.0006s, RTAB-Map=0.1488s, Maps update=0.0020s pub=0.0171s delay=0.3561s (local map=351, WM=351)
[INFO] [1772727299.564170610] [rtabmap]: rtabmap (910): Rate=1.00s, Limit=0.000s, Conversion=0.0008s, RTAB-Map=0.1356s, Maps update=0.0018s pub=0.0172s delay=0.3398s (local map=351, WM=351)
[INFO] [1772727300.660393897] [rtabmap]: rtabmap (911): Rate=1.00s, Limit=0.000s, Conversion=0.0005s, RTAB-Map=0.1383s, Maps update=0.0017s pub=0.0183s delay=0.3360s (local map=351, WM=351)
[INFO] [1772727301.788354756] [rtabmap]: rtabmap (912): Rate=1.00s, Limit=0.000s, Conversion=0.0006s, RTAB-Map=0.1546s, Maps update=0.0018s pub=0.0250s delay=0.3650s (local map=351, WM=351)
[INFO] [1772727302.785622088] [rtabmap]: rtabmap (913): Rate=1.00s, Limit=0.000s, Conversion=0.0005s, RTAB-Map=0.1533s, Maps update=0.0023s pub=0.0155s delay=0.3623s (local map=351, WM=351)
[INFO] [1772727303.776300740] [rtabmap]: rtabmap (914): Rate=1.00s, Limit=0.000s, Conversion=0.0003s, RTAB-Map=0.1404s, Maps update=0.0018s pub=0.0164s delay=0.3528s (local map=351, WM=351)
[INFO] [1772727304.855123282] [rtabmap]: rtabmap (915): Rate=1.00s, Limit=0.000s, Conversion=0.0005s, RTAB-Map=0.1397s, Maps update=0.0017s pub=0.0147s delay=0.3317s (local map=351, WM=351)
[INFO] [1772727306.006584974] [rtabmap]: rtabmap (916): Rate=1.00s, Limit=0.000s, Conversion=0.0003s, RTAB-Map=0.1720s, Maps update=0.0021s pub=0.0144s delay=0.3835s (local map=351, WM=351)
[INFO] [1772727306.973250326] [rtabmap]: rtabmap (917): Rate=1.00s, Limit=0.000s, Conversion=0.0006s, RTAB-Map=0.1436s, Maps update=0.0019s pub=0.0138s delay=0.3499s (local map=351, WM=351)
[INFO] [1772727307.950370449] [rtabmap]: rtabmap (918): Rate=1.00s, Limit=0.000s, Conversion=0.0003s, RTAB-Map=0.1354s, Maps update=0.0017s pub=0.0126s delay=0.3268s (local map=351, WM=351)
[INFO] [1772727309.068486863] [rtabmap]: rtabmap (919): Rate=1.00s, Limit=0.000s, Conversion=0.0004s, RTAB-Map=0.1383s, Maps update=0.0018s pub=0.0159s delay=0.3454s (local map=351, WM=351)
[INFO] [1772727310.163470970] [rtabmap]: rtabmap (920): Rate=1.00s, Limit=0.000s, Conversion=0.0004s, RTAB-Map=0.1410s, Maps update=0.0017s pub=0.0141s delay=0.3401s (local map=351, WM=351)
[INFO] [1772727311.278645136] [rtabmap]: rtabmap (921): Rate=1.00s, Limit=0.000s, Conversion=0.0004s, RTAB-Map=0.1508s, Maps update=0.0023s pub=0.0161s delay=0.3552s (local map=351, WM=351)
[INFO] [1772727312.376224250] [rtabmap]: rtabmap (922): Rate=1.00s, Limit=0.000s, Conversion=0.0004s, RTAB-Map=0.1484s, Maps update=0.0019s pub=0.0143s delay=0.3527s (local map=351, WM=351)
[INFO] [1772727313.467047910] [rtabmap]: rtabmap (923): Rate=1.00s, Limit=0.000s, Conversion=0.0005s, RTAB-Map=0.1405s, Maps update=0.0021s pub=0.0159s delay=0.3436s (local map=351, WM=351)
[INFO] [1772727314.579522307] [rtabmap]: rtabmap (924): Rate=1.00s, Limit=0.000s, Conversion=0.0005s, RTAB-Map=0.1436s, Maps update=0.0019s pub=0.0128s delay=0.3565s (local map=351, WM=351)
[INFO] [1772727315.574971834] [rtabmap]: rtabmap (925): Rate=1.00s, Limit=0.000s, Conversion=0.0004s, RTAB-Map=0.1479s, Maps update=0.0022s pub=0.0144s delay=0.3516s (local map=351, WM=351)
[INFO] [1772727316.560577243] [rtabmap]: rtabmap (926): Rate=1.00s, Limit=0.000s, Conversion=0.0003s, RTAB-Map=0.1372s, Maps update=0.0018s pub=0.0129s delay=0.3361s (local map=351, WM=351)
[INFO] [1772727317.670653573] [rtabmap]: rtabmap (927): Rate=1.00s, Limit=0.000s, Conversion=0.0003s, RTAB-Map=0.1452s, Maps update=0.0023s pub=0.0213s delay=0.3477s (local map=351, WM=351)
[INFO] [1772727318.760388843] [rtabmap]: rtabmap (928): Rate=1.00s, Limit=0.000s, Conversion=0.0005s, RTAB-Map=0.1388s, Maps update=0.0018s pub=0.0147s delay=0.3374s (local map=351, WM=351)
[INFO] [1772727319.854309891] [rtabmap]: rtabmap (929): Rate=1.00s, Limit=0.000s, Conversion=0.0004s, RTAB-Map=0.1403s, Maps update=0.0017s pub=0.0120s delay=0.3309s (local map=351, WM=351)
[INFO] [1772727320.973185886] [rtabmap]: rtabmap (930): Rate=1.00s, Limit=0.000s, Conversion=0.0004s, RTAB-Map=0.1471s, Maps update=0.0017s pub=0.0243s delay=0.3502s (local map=351, WM=351)
[INFO] [1772727321.966079133] [rtabmap]: rtabmap (931): Rate=1.00s, Limit=0.000s, Conversion=0.0004s, RTAB-Map=0.1377s, Maps update=0.0019s pub=0.0143s delay=0.3429s (local map=351, WM=351)
[INFO] [1772727323.054582040] [rtabmap]: rtabmap (932): Rate=1.00s, Limit=0.000s, Conversion=0.0005s, RTAB-Map=0.1325s, Maps update=0.0018s pub=0.0142s delay=0.3312s (local map=351, WM=351)
[INFO] [1772727324.159087072] [rtabmap]: rtabmap (933): Rate=1.00s, Limit=0.000s, Conversion=0.0004s, RTAB-Map=0.1432s, Maps update=0.0023s pub=0.0127s delay=0.3361s (local map=351, WM=351)
[INFO] [1772727325.163176164] [rtabmap]: rtabmap (934): Rate=1.00s, Limit=0.000s, Conversion=0.0004s, RTAB-Map=0.1432s, Maps update=0.0017s pub=0.0132s delay=0.3397s (local map=351, WM=351)
[INFO] [1772727326.258917819] [rtabmap]: rtabmap (935): Rate=1.00s, Limit=0.000s, Conversion=0.0005s, RTAB-Map=0.1365s, Maps update=0.0021s pub=0.0149s delay=0.3358s (local map=351, WM=351)
[INFO] [1772727327.379934784] [rtabmap]: rtabmap (936): Rate=1.00s, Limit=0.000s, Conversion=0.0006s, RTAB-Map=0.1502s, Maps update=0.0017s pub=0.0154s delay=0.3571s (local map=351, WM=351)
[INFO] [1772727328.377672424] [rtabmap]: rtabmap (937): Rate=1.00s, Limit=0.000s, Conversion=0.0005s, RTAB-Map=0.1496s, Maps update=0.0019s pub=0.0146s delay=0.3547s (local map=351, WM=351)
[INFO] [1772727329.383892149] [rtabmap]: rtabmap (938): Rate=1.00s, Limit=0.000s, Conversion=0.0004s, RTAB-Map=0.1481s, Maps update=0.0020s pub=0.0132s delay=0.3608s (local map=351, WM=351)
[INFO] [1772727330.489276316] [rtabmap]: rtabmap (939): Rate=1.00s, Limit=0.000s, Conversion=0.0003s, RTAB-Map=0.1529s, Maps update=0.0018s pub=0.0161s delay=0.3663s (local map=351, WM=351)
[INFO] [1772727331.487059844] [rtabmap]: rtabmap (940): Rate=1.00s, Limit=0.000s, Conversion=0.0005s, RTAB-Map=0.1518s, Maps update=0.0019s pub=0.0237s delay=0.3638s (local map=351, WM=351)
[INFO] [1772727332.587222581] [rtabmap]: rtabmap (941): Rate=1.00s, Limit=0.000s, Conversion=0.0006s, RTAB-Map=0.1554s, Maps update=0.0019s pub=0.0123s delay=0.3643s (local map=351, WM=351)
[INFO] [1772727333.557926160] [rtabmap]: rtabmap (942): Rate=1.00s, Limit=0.000s, Conversion=0.0003s, RTAB-Map=0.1339s, Maps update=0.0018s pub=0.0123s delay=0.3344s (local map=351, WM=351)
[INFO] [1772727334.584302427] [rtabmap]: rtabmap (943): Rate=1.00s, Limit=0.000s, Conversion=0.0006s, RTAB-Map=0.1475s, Maps update=0.0020s pub=0.0169s delay=0.3607s (local map=351, WM=351)
[INFO] [1772727335.666264211] [rtabmap]: rtabmap (944): Rate=1.00s, Limit=0.000s, Conversion=0.0007s, RTAB-Map=0.1392s, Maps update=0.0020s pub=0.0149s delay=0.3433s (local map=351, WM=351)
[INFO] [1772727336.771943395] [rtabmap]: rtabmap (945): Rate=1.00s, Limit=0.000s, Conversion=0.0005s, RTAB-Map=0.1433s, Maps update=0.0018s pub=0.0143s delay=0.3488s (local map=351, WM=351)
[INFO] [1772727337.875068699] [rtabmap]: rtabmap (946): Rate=1.00s, Limit=0.000s, Conversion=0.0004s, RTAB-Map=0.1479s, Maps update=0.0017s pub=0.0128s delay=0.3515s (local map=351, WM=351)
[INFO] [1772727338.989288853] [rtabmap]: rtabmap (947): Rate=1.00s, Limit=0.000s, Conversion=0.0004s, RTAB-Map=0.1530s, Maps update=0.0019s pub=0.0177s delay=0.3663s (local map=351, WM=351)
[INFO] [1772727340.077665515] [rtabmap]: rtabmap (948): Rate=1.00s, Limit=0.000s, Conversion=0.0007s, RTAB-Map=0.1516s, Maps update=0.0017s pub=0.0169s delay=0.3547s (local map=351, WM=351)
[INFO] [1772727341.070611692] [rtabmap]: rtabmap (949): Rate=1.00s, Limit=0.000s, Conversion=0.0004s, RTAB-Map=0.1387s, Maps update=0.0019s pub=0.0178s delay=0.3475s (local map=351, WM=351)
[INFO] [1772727342.152969201] [rtabmap]: rtabmap (950): Rate=1.00s, Limit=0.000s, Conversion=0.0004s, RTAB-Map=0.1341s, Maps update=0.0017s pub=0.0155s delay=0.3299s (local map=351, WM=351)
[INFO] [1772727343.263920409] [rtabmap]: rtabmap (951): Rate=1.00s, Limit=0.000s, Conversion=0.0006s, RTAB-Map=0.1337s, Maps update=0.0018s pub=0.0148s delay=0.3408s (local map=351, WM=351)
[INFO] [1772727344.359369990] [rtabmap]: rtabmap (952): Rate=1.00s, Limit=0.000s, Conversion=0.0004s, RTAB-Map=0.1333s, Maps update=0.0017s pub=0.0141s delay=0.3363s (local map=351, WM=351)
[INFO] [1772727345.455909689] [rtabmap]: rtabmap (953): Rate=1.00s, Limit=0.000s, Conversion=0.0004s, RTAB-Map=0.1353s, Maps update=0.0017s pub=0.0141s delay=0.3327s (local map=351, WM=351)
[INFO] [1772727346.562201087] [rtabmap]: rtabmap (954): Rate=1.00s, Limit=0.000s, Conversion=0.0005s, RTAB-Map=0.1370s, Maps update=0.0018s pub=0.0139s delay=0.3385s (local map=351, WM=351)
[INFO] [1772727347.691076534] [rtabmap]: rtabmap (955): Rate=1.00s, Limit=0.000s, Conversion=0.0003s, RTAB-Map=0.1543s, Maps update=0.0020s pub=0.0129s delay=0.3679s (local map=351, WM=351)
[INFO] [1772727348.751804107] [rtabmap]: rtabmap (956): Rate=1.00s, Limit=0.000s, Conversion=0.0005s, RTAB-Map=0.1322s, Maps update=0.0018s pub=0.0160s delay=0.3288s (local map=351, WM=351)
[INFO] [1772727349.782474636] [rtabmap]: rtabmap (957): Rate=1.00s, Limit=0.000s, Conversion=0.0005s, RTAB-Map=0.1501s, Maps update=0.0020s pub=0.0207s delay=0.3594s (local map=351, WM=351)
[INFO] [1772727350.790627037] [rtabmap]: rtabmap (958): Rate=1.00s, Limit=0.000s, Conversion=0.0004s, RTAB-Map=0.1565s, Maps update=0.0023s pub=0.0147s delay=0.3676s (local map=351, WM=351)
[INFO] [1772727351.880122138] [rtabmap]: rtabmap (959): Rate=1.00s, Limit=0.000s, Conversion=0.0009s, RTAB-Map=0.1535s, Maps update=0.0017s pub=0.0150s delay=0.3570s (local map=351, WM=351)
[INFO] [1772727352.959533818] [rtabmap]: rtabmap (960): Rate=1.00s, Limit=0.000s, Conversion=0.0004s, RTAB-Map=0.1334s, Maps update=0.0017s pub=0.0168s delay=0.3363s (local map=351, WM=351)
[INFO] [1772727354.062583951] [rtabmap]: rtabmap (961): Rate=1.00s, Limit=0.000s, Conversion=0.0005s, RTAB-Map=0.1413s, Maps update=0.0019s pub=0.0128s delay=0.3388s (local map=351, WM=351)
[INFO] [1772727355.160519442] [rtabmap]: rtabmap (962): Rate=1.00s, Limit=0.000s, Conversion=0.0005s, RTAB-Map=0.1434s, Maps update=0.0018s pub=0.0133s delay=0.3373s (local map=351, WM=351)
[INFO] [1772727356.172145692] [rtabmap]: rtabmap (963): Rate=1.00s, Limit=0.000s, Conversion=0.0005s, RTAB-Map=0.1444s, Maps update=0.0019s pub=0.0129s delay=0.3484s (local map=351, WM=351)
[INFO] [1772727357.273571737] [rtabmap]: rtabmap (964): Rate=1.00s, Limit=0.000s, Conversion=0.0006s, RTAB-Map=0.1464s, Maps update=0.0018s pub=0.0138s delay=0.3505s (local map=351, WM=351)
[INFO] [1772727358.381528216] [rtabmap]: rtabmap (965): Rate=1.00s, Limit=0.000s, Conversion=0.0003s, RTAB-Map=0.1569s, Maps update=0.0017s pub=0.0129s delay=0.3585s (local map=351, WM=351)
[INFO] [1772727359.460329570] [rtabmap]: rtabmap (966): Rate=1.00s, Limit=0.000s, Conversion=0.0004s, RTAB-Map=0.1339s, Maps update=0.0017s pub=0.0129s delay=0.3374s (local map=351, WM=351)
[INFO] [1772727360.471015340] [rtabmap]: rtabmap (967): Rate=1.00s, Limit=0.000s, Conversion=0.0004s, RTAB-Map=0.1401s, Maps update=0.0020s pub=0.0256s delay=0.3480s (local map=351, WM=351)
[INFO] [1772727361.486231026] [rtabmap]: rtabmap (968): Rate=1.00s, Limit=0.000s, Conversion=0.0004s, RTAB-Map=0.1514s, Maps update=0.0025s pub=0.0140s delay=0.3632s (local map=351, WM=351)
[INFO] [1772727362.545295854] [rtabmap]: rtabmap (969): Rate=1.00s, Limit=0.000s, Conversion=0.0003s, RTAB-Map=0.1298s, Maps update=0.0018s pub=0.0134s delay=0.3221s (local map=351, WM=351)
[INFO] [1772727363.650825497] [rtabmap]: rtabmap (970): Rate=1.00s, Limit=0.000s, Conversion=0.0006s, RTAB-Map=0.1381s, Maps update=0.0019s pub=0.0118s delay=0.3277s (local map=351, WM=351)
[INFO] [1772727364.758089345] [rtabmap]: rtabmap (971): Rate=1.00s, Limit=0.000s, Conversion=0.0004s, RTAB-Map=0.1337s, Maps update=0.0018s pub=0.0201s delay=0.3350s (local map=351, WM=351)
[INFO] [1772727365.787340720] [rtabmap]: rtabmap (972): Rate=1.00s, Limit=0.000s, Conversion=0.0005s, RTAB-Map=0.1538s, Maps update=0.0018s pub=0.0166s delay=0.3643s (local map=351, WM=351)
[INFO] [1772727366.744346318] [rtabmap]: rtabmap (973): Rate=1.00s, Limit=0.000s, Conversion=0.0006s, RTAB-Map=0.1315s, Maps update=0.0017s pub=0.0112s delay=0.3213s (local map=351, WM=351)
[INFO] [1772727367.771658842] [rtabmap]: rtabmap (974): Rate=1.00s, Limit=0.000s, Conversion=0.0004s, RTAB-Map=0.1443s, Maps update=0.0018s pub=0.0119s delay=0.3486s (local map=351, WM=351)
[INFO] [1772727368.770740656] [rtabmap]: rtabmap (975): Rate=1.00s, Limit=0.000s, Conversion=0.0005s, RTAB-Map=0.1389s, Maps update=0.0019s pub=0.0163s delay=0.3469s (local map=351, WM=351)
[INFO] [1772727369.865017300] [rtabmap]: rtabmap (976): Rate=1.00s, Limit=0.000s, Conversion=0.0005s, RTAB-Map=0.1407s, Maps update=0.0020s pub=0.0138s delay=0.3418s (local map=351, WM=351)
[INFO] [1772727370.961010899] [rtabmap]: rtabmap (977): Rate=1.00s, Limit=0.000s, Conversion=0.0006s, RTAB-Map=0.1354s, Maps update=0.0019s pub=0.0168s delay=0.3378s (local map=351, WM=351)
[INFO] [1772727371.953422689] [rtabmap]: rtabmap (978): Rate=1.00s, Limit=0.000s, Conversion=0.0005s, RTAB-Map=0.1301s, Maps update=0.0017s pub=0.0169s delay=0.3302s (local map=351, WM=351)
[INFO] [1772727373.071350076] [rtabmap]: rtabmap (979): Rate=1.00s, Limit=0.000s, Conversion=0.0003s, RTAB-Map=0.1486s, Maps update=0.0017s pub=0.0149s delay=0.3482s (local map=351, WM=351)
[INFO] [1772727374.077060344] [rtabmap]: rtabmap (980): Rate=1.00s, Limit=0.000s, Conversion=0.0005s, RTAB-Map=0.1434s, Maps update=0.0018s pub=0.0169s delay=0.3539s (local map=351, WM=351)
[INFO] [1772727375.158328888] [rtabmap]: rtabmap (981): Rate=1.00s, Limit=0.000s, Conversion=0.0003s, RTAB-Map=0.1338s, Maps update=0.0018s pub=0.0137s delay=0.3352s (local map=351, WM=351)
[INFO] [1772727376.155866872] [rtabmap]: rtabmap (982): Rate=1.00s, Limit=0.000s, Conversion=0.0004s, RTAB-Map=0.1375s, Maps update=0.0019s pub=0.0126s delay=0.3324s (local map=351, WM=351)
[INFO] [1772727377.260740844] [rtabmap]: rtabmap (983): Rate=1.00s, Limit=0.000s, Conversion=0.0005s, RTAB-Map=0.1446s, Maps update=0.0019s pub=0.0132s delay=0.3375s (local map=351, WM=351)
[INFO] [1772727378.357864563] [rtabmap]: rtabmap (984): Rate=1.00s, Limit=0.000s, Conversion=0.0005s, RTAB-Map=0.1369s, Maps update=0.0021s pub=0.0130s delay=0.3346s (local map=351, WM=351)
[INFO] [1772727379.364617236] [rtabmap]: rtabmap (985): Rate=1.00s, Limit=0.000s, Conversion=0.0003s, RTAB-Map=0.1383s, Maps update=0.0018s pub=0.0168s delay=0.3413s (local map=351, WM=351)
[INFO] [1772727380.366946779] [rtabmap]: rtabmap (986): Rate=1.00s, Limit=0.000s, Conversion=0.0005s, RTAB-Map=0.1451s, Maps update=0.0022s pub=0.0176s delay=0.3436s (local map=351, WM=351)
[INFO] [1772727381.477005059] [rtabmap]: rtabmap (987): Rate=1.00s, Limit=0.000s, Conversion=0.0006s, RTAB-Map=0.1483s, Maps update=0.0018s pub=0.0132s delay=0.3539s (local map=351, WM=351)
[INFO] [1772727382.468381709] [rtabmap]: rtabmap (988): Rate=1.00s, Limit=0.000s, Conversion=0.0005s, RTAB-Map=0.1364s, Maps update=0.0021s pub=0.0207s delay=0.3452s (local map=351, WM=351)
[INFO] [1772727383.465261878] [rtabmap]: rtabmap (989): Rate=1.00s, Limit=0.000s, Conversion=0.0005s, RTAB-Map=0.1425s, Maps update=0.0022s pub=0.0176s delay=0.3420s (local map=351, WM=351)
[INFO] [1772727384.484447495] [rtabmap]: rtabmap (990): Rate=1.00s, Limit=0.000s, Conversion=0.0003s, RTAB-Map=0.1468s, Maps update=0.0018s pub=0.0134s delay=0.3611s (local map=351, WM=351)
[INFO] [1772727385.563444472] [rtabmap]: rtabmap (991): Rate=1.00s, Limit=0.000s, Conversion=0.0005s, RTAB-Map=0.1383s, Maps update=0.0018s pub=0.0193s delay=0.3401s (local map=351, WM=351)
[INFO] [1772727386.668388783] [rtabmap]: rtabmap (992): Rate=1.00s, Limit=0.000s, Conversion=0.0005s, RTAB-Map=0.1382s, Maps update=0.0031s pub=0.0131s delay=0.3452s (local map=351, WM=351)
[INFO] [1772727387.682083905] [rtabmap]: rtabmap (993): Rate=1.00s, Limit=0.000s, Conversion=0.0006s, RTAB-Map=0.1519s, Maps update=0.0018s pub=0.0133s delay=0.3587s (local map=351, WM=351)
[INFO] [1772727388.745997829] [rtabmap]: rtabmap (994): Rate=1.00s, Limit=0.000s, Conversion=0.0004s, RTAB-Map=0.1374s, Maps update=0.0017s pub=0.0118s delay=0.3227s (local map=351, WM=351)
[INFO] [1772727389.762931208] [rtabmap]: rtabmap (995): Rate=1.00s, Limit=0.000s, Conversion=0.0004s, RTAB-Map=0.1427s, Maps update=0.0018s pub=0.0132s delay=0.3395s (local map=351, WM=351)
[INFO] [1772727390.865053853] [rtabmap]: rtabmap (996): Rate=1.00s, Limit=0.000s, Conversion=0.0004s, RTAB-Map=0.1409s, Maps update=0.0019s pub=0.0135s delay=0.3418s (local map=351, WM=351)
[INFO] [1772727391.861274959] [rtabmap]: rtabmap (997): Rate=1.00s, Limit=0.000s, Conversion=0.0005s, RTAB-Map=0.1410s, Maps update=0.0023s pub=0.0168s delay=0.3380s (local map=351, WM=351)
[INFO] [1772727392.871987865] [rtabmap]: rtabmap (998): Rate=1.00s, Limit=0.000s, Conversion=0.0004s, RTAB-Map=0.1392s, Maps update=0.0018s pub=0.0179s delay=0.3486s (local map=351, WM=351)
[INFO] [1772727394.000433089] [rtabmap]: rtabmap (999): Rate=1.00s, Limit=0.000s, Conversion=0.0005s, RTAB-Map=0.1482s, Maps update=0.0019s pub=0.0309s delay=0.3771s (local map=351, WM=351)
[INFO] [1772727395.076115295] [rtabmap]: rtabmap (1000): Rate=1.00s, Limit=0.000s, Conversion=0.0004s, RTAB-Map=0.1459s, Maps update=0.0018s pub=0.0150s delay=0.3528s (local map=351, WM=351)
[INFO] [1772727396.055500072] [rtabmap]: rtabmap (1001): Rate=1.00s, Limit=0.000s, Conversion=0.0004s, RTAB-Map=0.1325s, Maps update=0.0017s pub=0.0127s delay=0.3321s (local map=351, WM=351)
[INFO] [1772727397.092685802] [rtabmap]: rtabmap (1002): Rate=1.00s, Limit=0.000s, Conversion=0.0003s, RTAB-Map=0.1509s, Maps update=0.0021s pub=0.0147s delay=0.3693s (local map=351, WM=351)
[INFO] [1772727398.172879717] [rtabmap]: rtabmap (1003): Rate=1.00s, Limit=0.000s, Conversion=0.0005s, RTAB-Map=0.1445s, Maps update=0.0017s pub=0.0142s delay=0.3496s (local map=351, WM=351)
[INFO] [1772727399.168977587] [rtabmap]: rtabmap (1004): Rate=1.00s, Limit=0.000s, Conversion=0.0005s, RTAB-Map=0.1386s, Maps update=0.0018s pub=0.0162s delay=0.3455s (local map=351, WM=351)
[INFO] [1772727400.297241173] [rtabmap]: rtabmap (1005): Rate=1.00s, Limit=0.000s, Conversion=0.0006s, RTAB-Map=0.1643s, Maps update=0.0019s pub=0.0140s delay=0.3738s (local map=351, WM=351)
[INFO] [1772727401.377479056] [rtabmap]: rtabmap (1006): Rate=1.00s, Limit=0.000s, Conversion=0.0004s, RTAB-Map=0.1436s, Maps update=0.0020s pub=0.0138s delay=0.3541s (local map=351, WM=351)
[INFO] [1772727402.368006909] [rtabmap]: rtabmap (1007): Rate=1.00s, Limit=0.000s, Conversion=0.0005s, RTAB-Map=0.1397s, Maps update=0.0018s pub=0.0139s delay=0.3446s (local map=351, WM=351)
[INFO] [1772727403.476597714] [rtabmap]: rtabmap (1008): Rate=1.00s, Limit=0.000s, Conversion=0.0005s, RTAB-Map=0.1422s, Maps update=0.0018s pub=0.0188s delay=0.3532s (local map=351, WM=351)
[INFO] [1772727404.500184956] [rtabmap]: rtabmap (1009): Rate=1.00s, Limit=0.000s, Conversion=0.0005s, RTAB-Map=0.1613s, Maps update=0.0020s pub=0.0132s delay=0.3767s (local map=351, WM=351)
[INFO] [1772727405.594501442] [rtabmap]: rtabmap (1010): Rate=1.00s, Limit=0.000s, Conversion=0.0106s, RTAB-Map=0.1570s, Maps update=0.0019s pub=0.0110s delay=0.3709s (local map=351, WM=351)
[INFO] [1772727406.663457141] [rtabmap]: rtabmap (1011): Rate=1.00s, Limit=0.000s, Conversion=0.0005s, RTAB-Map=0.1374s, Maps update=0.0017s pub=0.0164s delay=0.3401s (local map=351, WM=351)
[INFO] [1772727407.649369601] [rtabmap]: rtabmap (1012): Rate=1.00s, Limit=0.000s, Conversion=0.0006s, RTAB-Map=0.1300s, Maps update=0.0020s pub=0.0138s delay=0.3260s (local map=351, WM=351)
[INFO] [1772727408.657928545] [rtabmap]: rtabmap (1013): Rate=1.00s, Limit=0.000s, Conversion=0.0006s, RTAB-Map=0.1358s, Maps update=0.0018s pub=0.0149s delay=0.3345s (local map=351, WM=351)
[INFO] [1772727409.754874657] [rtabmap]: rtabmap (1014): Rate=1.00s, Limit=0.000s, Conversion=0.0004s, RTAB-Map=0.1277s, Maps update=0.0017s pub=0.0138s delay=0.3314s (local map=351, WM=351)
[INFO] [1772727410.860949152] [rtabmap]: rtabmap (1015): Rate=1.00s, Limit=0.000s, Conversion=0.0006s, RTAB-Map=0.1373s, Maps update=0.0017s pub=0.0169s delay=0.3375s (local map=351, WM=351)
[INFO] [1772727411.854369617] [rtabmap]: rtabmap (1016): Rate=1.00s, Limit=0.000s, Conversion=0.0004s, RTAB-Map=0.1372s, Maps update=0.0019s pub=0.0145s delay=0.3309s (local map=351, WM=351)
[INFO] [1772727412.965659876] [rtabmap]: rtabmap (1017): Rate=1.00s, Limit=0.000s, Conversion=0.0005s, RTAB-Map=0.1427s, Maps update=0.0018s pub=0.0163s delay=0.3421s (local map=351, WM=351)
[INFO] [1772727413.956198737] [rtabmap]: rtabmap (1018): Rate=1.00s, Limit=0.000s, Conversion=0.0007s, RTAB-Map=0.1384s, Maps update=0.0018s pub=0.0121s delay=0.3325s (local map=351, WM=351)
[INFO] [1772727415.082334217] [rtabmap]: rtabmap (1019): Rate=1.00s, Limit=0.000s, Conversion=0.0006s, RTAB-Map=0.1481s, Maps update=0.0017s pub=0.0133s delay=0.3589s (local map=351, WM=351)
[INFO] [1772727416.073386439] [rtabmap]: rtabmap (1020): Rate=1.00s, Limit=0.000s, Conversion=0.0005s, RTAB-Map=0.1488s, Maps update=0.0019s pub=0.0150s delay=0.3500s (local map=351, WM=351)
[INFO] [1772727417.076711665] [rtabmap]: rtabmap (1021): Rate=1.00s, Limit=0.000s, Conversion=0.0005s, RTAB-Map=0.1432s, Maps update=0.0021s pub=0.0137s delay=0.3533s (local map=351, WM=351)
[INFO] [1772727418.067722638] [rtabmap]: rtabmap (1022): Rate=1.00s, Limit=0.000s, Conversion=0.0005s, RTAB-Map=0.1406s, Maps update=0.0019s pub=0.0123s delay=0.3441s (local map=351, WM=351)
[INFO] [1772727419.187482984] [rtabmap]: rtabmap (1023): Rate=1.00s, Limit=0.000s, Conversion=0.0003s, RTAB-Map=0.1554s, Maps update=0.0023s pub=0.0165s delay=0.3640s (local map=351, WM=351)
[INFO] [1772727420.150422197] [rtabmap]: rtabmap (1024): Rate=1.00s, Limit=0.000s, Conversion=0.0004s, RTAB-Map=0.1333s, Maps update=0.0020s pub=0.0215s delay=0.3269s (local map=351, WM=351)
[INFO] [1772727421.165184172] [rtabmap]: rtabmap (1025): Rate=1.00s, Limit=0.000s, Conversion=0.0005s, RTAB-Map=0.1408s, Maps update=0.0017s pub=0.0162s delay=0.3416s (local map=351, WM=351)
[INFO] [1772727422.254544613] [rtabmap]: rtabmap (1026): Rate=1.00s, Limit=0.000s, Conversion=0.0004s, RTAB-Map=0.1355s, Maps update=0.0018s pub=0.0142s delay=0.3310s (local map=351, WM=351)
[INFO] [1772727423.271920183] [rtabmap]: rtabmap (1027): Rate=1.00s, Limit=0.000s, Conversion=0.0004s, RTAB-Map=0.1486s, Maps update=0.0019s pub=0.0123s delay=0.3483s (local map=351, WM=351)
[INFO] [1772727424.352759752] [rtabmap]: rtabmap (1028): Rate=1.00s, Limit=0.000s, Conversion=0.0005s, RTAB-Map=0.1388s, Maps update=0.0018s pub=0.0132s delay=0.3292s (local map=351, WM=351)
[INFO] [1772727425.355469756] [rtabmap]: rtabmap (1029): Rate=1.00s, Limit=0.000s, Conversion=0.0004s, RTAB-Map=0.1387s, Maps update=0.0018s pub=0.0157s delay=0.3318s (local map=351, WM=351)
[INFO] [1772727426.381856551] [rtabmap]: rtabmap (1030): Rate=1.00s, Limit=0.000s, Conversion=0.0003s, RTAB-Map=0.1532s, Maps update=0.0021s pub=0.0141s delay=0.3581s (local map=351, WM=351)
[INFO] [1772727427.471241345] [rtabmap]: rtabmap (1031): Rate=1.00s, Limit=0.000s, Conversion=0.0006s, RTAB-Map=0.1419s, Maps update=0.0018s pub=0.0135s delay=0.3477s (local map=351, WM=351)
[INFO] [1772727428.473814800] [rtabmap]: rtabmap (1032): Rate=1.00s, Limit=0.000s, Conversion=0.0003s, RTAB-Map=0.1514s, Maps update=0.0021s pub=0.0154s delay=0.3502s (local map=351, WM=351)
[INFO] [1772727429.579411230] [rtabmap]: rtabmap (1033): Rate=1.00s, Limit=0.000s, Conversion=0.0005s, RTAB-Map=0.1513s, Maps update=0.0019s pub=0.0138s delay=0.3558s (local map=351, WM=351)
[INFO] [1772727430.555181897] [rtabmap]: rtabmap (1034): Rate=1.00s, Limit=0.000s, Conversion=0.0005s, RTAB-Map=0.1346s, Maps update=0.0018s pub=0.0128s delay=0.3315s (local map=351, WM=351)
[INFO] [1772727431.687922534] [rtabmap]: rtabmap (1035): Rate=1.00s, Limit=0.000s, Conversion=0.0005s, RTAB-Map=0.1517s, Maps update=0.0017s pub=0.0136s delay=0.3643s (local map=351, WM=351)
[INFO] [1772727432.669051340] [rtabmap]: rtabmap (1036): Rate=1.00s, Limit=0.000s, Conversion=0.0007s, RTAB-Map=0.1390s, Maps update=0.0019s pub=0.0130s delay=0.3454s (local map=351, WM=351)
[INFO] [1772727433.766249014] [rtabmap]: rtabmap (1037): Rate=1.00s, Limit=0.000s, Conversion=0.0003s, RTAB-Map=0.1387s, Maps update=0.0017s pub=0.0127s delay=0.3426s (local map=351, WM=351)
[INFO] [1772727434.774974363] [rtabmap]: rtabmap (1038): Rate=1.00s, Limit=0.000s, Conversion=0.0005s, RTAB-Map=0.1466s, Maps update=0.0018s pub=0.0171s delay=0.3513s (local map=351, WM=351)
[INFO] [1772727435.799564583] [rtabmap]: rtabmap (1039): Rate=1.00s, Limit=0.000s, Conversion=0.0005s, RTAB-Map=0.1520s, Maps update=0.0022s pub=0.0278s delay=0.3759s (local map=351, WM=351)
[INFO] [1772727436.799109773] [rtabmap]: rtabmap (1040): Rate=1.00s, Limit=0.000s, Conversion=0.0004s, RTAB-Map=0.1734s, Maps update=0.0018s pub=0.0148s delay=0.3754s (local map=351, WM=351)
[INFO] [1772727437.868487056] [rtabmap]: rtabmap (1041): Rate=1.00s, Limit=0.000s, Conversion=0.0003s, RTAB-Map=0.1437s, Maps update=0.0018s pub=0.0136s delay=0.3447s (local map=351, WM=351)
[INFO] [1772727438.982302939] [rtabmap]: rtabmap (1042): Rate=1.00s, Limit=0.000s, Conversion=0.0004s, RTAB-Map=0.1503s, Maps update=0.0018s pub=0.0143s delay=0.3587s (local map=351, WM=351)
[INFO] [1772727440.001413769] [rtabmap]: rtabmap (1043): Rate=1.00s, Limit=0.000s, Conversion=0.0004s, RTAB-Map=0.1710s, Maps update=0.0018s pub=0.0100s delay=0.3776s (local map=351, WM=351)
[INFO] [1772727441.074141920] [rtabmap]: rtabmap (1044): Rate=1.00s, Limit=0.000s, Conversion=0.0004s, RTAB-Map=0.1486s, Maps update=0.0018s pub=0.0135s delay=0.3506s (local map=351, WM=351)
[INFO] [1772727442.075175115] [rtabmap]: rtabmap (1045): Rate=1.00s, Limit=0.000s, Conversion=0.0004s, RTAB-Map=0.1448s, Maps update=0.0018s pub=0.0129s delay=0.3514s (local map=351, WM=351)
[INFO] [1772727443.159902590] [rtabmap]: rtabmap (1046): Rate=1.00s, Limit=0.000s, Conversion=0.0005s, RTAB-Map=0.1343s, Maps update=0.0017s pub=0.0141s delay=0.3361s (local map=351, WM=351)
[INFO] [1772727444.255708936] [rtabmap]: rtabmap (1047): Rate=1.00s, Limit=0.000s, Conversion=0.0003s, RTAB-Map=0.1340s, Maps update=0.0018s pub=0.0123s delay=0.3321s (local map=351, WM=351)
[INFO] [1772727445.382911993] [rtabmap]: rtabmap (1048): Rate=1.00s, Limit=0.000s, Conversion=0.0004s, RTAB-Map=0.1496s, Maps update=0.0023s pub=0.0145s delay=0.3593s (local map=351, WM=351)
[INFO] [1772727446.481433970] [rtabmap]: rtabmap (1049): Rate=1.00s, Limit=0.000s, Conversion=0.0003s, RTAB-Map=0.1545s, Maps update=0.0021s pub=0.0135s delay=0.3579s (local map=351, WM=351)
[INFO] [1772727447.559923415] [rtabmap]: rtabmap (1050): Rate=1.00s, Limit=0.000s, Conversion=0.0004s, RTAB-Map=0.1361s, Maps update=0.0017s pub=0.0156s delay=0.3364s (local map=351, WM=351)
[INFO] [1772727448.664298470] [rtabmap]: rtabmap (1051): Rate=1.00s, Limit=0.000s, Conversion=0.0005s, RTAB-Map=0.1385s, Maps update=0.0022s pub=0.0239s delay=0.3409s (local map=351, WM=351)
[INFO] [1772727449.672482500] [rtabmap]: rtabmap (1052): Rate=1.00s, Limit=0.000s, Conversion=0.0012s, RTAB-Map=0.1406s, Maps update=0.0018s pub=0.0144s delay=0.3490s (local map=351, WM=351)
[INFO] [1772727450.793102861] [rtabmap]: rtabmap (1053): Rate=1.00s, Limit=0.000s, Conversion=0.0004s, RTAB-Map=0.1580s, Maps update=0.0017s pub=0.0164s delay=0.3698s (local map=351, WM=351)
[INFO] [1772727451.751567152] [rtabmap]: rtabmap (1054): Rate=1.00s, Limit=0.000s, Conversion=0.0004s, RTAB-Map=0.1345s, Maps update=0.0018s pub=0.0154s delay=0.3283s (local map=351, WM=351)
[INFO] [1772727452.789108955] [rtabmap]: rtabmap (1055): Rate=1.00s, Limit=0.000s, Conversion=0.0003s, RTAB-Map=0.1551s, Maps update=0.0021s pub=0.0243s delay=0.3656s (local map=351, WM=351)
[INFO] [1772727453.872391111] [rtabmap]: rtabmap (1056): Rate=1.00s, Limit=0.000s, Conversion=0.0004s, RTAB-Map=0.1424s, Maps update=0.0019s pub=0.0144s delay=0.3492s (local map=351, WM=351)
[INFO] [1772727454.961895121] [rtabmap]: rtabmap (1057): Rate=1.00s, Limit=0.000s, Conversion=0.0005s, RTAB-Map=0.1405s, Maps update=0.0019s pub=0.0176s delay=0.3387s (local map=351, WM=351)
[INFO] [1772727455.994166049] [rtabmap]: rtabmap (1058): Rate=1.00s, Limit=0.000s, Conversion=0.0003s, RTAB-Map=0.1614s, Maps update=0.0018s pub=0.0100s delay=0.3709s (local map=351, WM=351)
[INFO] [1772727457.071872921] [rtabmap]: rtabmap (1059): Rate=1.00s, Limit=0.000s, Conversion=0.0004s, RTAB-Map=0.1443s, Maps update=0.0028s pub=0.0141s delay=0.3486s (local map=351, WM=351)
[INFO] [1772727458.075398072] [rtabmap]: rtabmap (1060): Rate=1.00s, Limit=0.000s, Conversion=0.0005s, RTAB-Map=0.1454s, Maps update=0.0018s pub=0.0150s delay=0.3522s (local map=351, WM=351)
[INFO] [1772727459.187904175] [rtabmap]: rtabmap (1061): Rate=1.00s, Limit=0.000s, Conversion=0.0005s, RTAB-Map=0.1510s, Maps update=0.0022s pub=0.0178s delay=0.3647s (local map=351, WM=351)
[INFO] [1772727460.161087495] [rtabmap]: rtabmap (1062): Rate=1.00s, Limit=0.000s, Conversion=0.0005s, RTAB-Map=0.1392s, Maps update=0.0021s pub=0.0149s delay=0.3378s (local map=351, WM=351)
[INFO] [1772727461.258991981] [rtabmap]: rtabmap (1063): Rate=1.00s, Limit=0.000s, Conversion=0.0006s, RTAB-Map=0.1356s, Maps update=0.0019s pub=0.0153s delay=0.3358s (local map=351, WM=351)
[INFO] [1772727462.257614438] [rtabmap]: rtabmap (1064): Rate=1.00s, Limit=0.000s, Conversion=0.0007s, RTAB-Map=0.1351s, Maps update=0.0017s pub=0.0146s delay=0.3344s (local map=351, WM=351)
[INFO] [1772727463.291418698] [rtabmap]: rtabmap (1065): Rate=1.00s, Limit=0.000s, Conversion=0.0005s, RTAB-Map=0.1524s, Maps update=0.0023s pub=0.0230s delay=0.3682s (local map=351, WM=351)
[INFO] [1772727464.270816724] [rtabmap]: rtabmap (1066): Rate=1.00s, Limit=0.000s, Conversion=0.0004s, RTAB-Map=0.1401s, Maps update=0.0018s pub=0.0193s delay=0.3475s (local map=351, WM=351)
[INFO] [1772727465.252559215] [rtabmap]: rtabmap (1067): Rate=1.00s, Limit=0.000s, Conversion=0.0005s, RTAB-Map=0.1384s, Maps update=0.0022s pub=0.0152s delay=0.3292s (local map=351, WM=351)
[INFO] [1772727466.353688259] [rtabmap]: rtabmap (1068): Rate=1.00s, Limit=0.000s, Conversion=0.0004s, RTAB-Map=0.1325s, Maps update=0.0018s pub=0.0139s delay=0.3304s (local map=351, WM=351)
[INFO] [1772727467.356250849] [rtabmap]: rtabmap (1069): Rate=1.00s, Limit=0.000s, Conversion=0.0003s, RTAB-Map=0.1383s, Maps update=0.0021s pub=0.0150s delay=0.3329s (local map=351, WM=351)
[INFO] [1772727468.486377552] [rtabmap]: rtabmap (1070): Rate=1.00s, Limit=0.000s, Conversion=0.0005s, RTAB-Map=0.1567s, Maps update=0.0020s pub=0.0133s delay=0.3632s (local map=351, WM=351)
[INFO] [1772727469.476980695] [rtabmap]: rtabmap (1071): Rate=1.00s, Limit=0.000s, Conversion=0.0005s, RTAB-Map=0.1481s, Maps update=0.0020s pub=0.0126s delay=0.3536s (local map=351, WM=351)
[INFO] [1772727470.557171108] [rtabmap]: rtabmap (1072): Rate=1.00s, Limit=0.000s, Conversion=0.0004s, RTAB-Map=0.1371s, Maps update=0.0018s pub=0.0148s delay=0.3339s (local map=351, WM=351)
[INFO] [1772727471.595086260] [rtabmap]: rtabmap (1073): Rate=1.00s, Limit=0.000s, Conversion=0.0003s, RTAB-Map=0.1570s, Maps update=0.0017s pub=0.0165s delay=0.3717s (local map=351, WM=351)
[INFO] [1772727472.679026816] [rtabmap]: rtabmap (1074): Rate=1.00s, Limit=0.000s, Conversion=0.0005s, RTAB-Map=0.1436s, Maps update=0.0017s pub=0.0154s delay=0.3556s (local map=351, WM=351)
[INFO] [1772727473.678124840] [rtabmap]: rtabmap (1075): Rate=1.00s, Limit=0.000s, Conversion=0.0004s, RTAB-Map=0.1463s, Maps update=0.0017s pub=0.0249s delay=0.3547s (local map=351, WM=351)
[INFO] [1772727474.754551957] [rtabmap]: rtabmap (1076): Rate=1.00s, Limit=0.000s, Conversion=0.0007s, RTAB-Map=0.1356s, Maps update=0.0017s pub=0.0121s delay=0.3312s (local map=351, WM=351)
[INFO] [1772727475.799397873] [rtabmap]: rtabmap (1077): Rate=1.00s, Limit=0.000s, Conversion=0.0005s, RTAB-Map=0.1560s, Maps update=0.0018s pub=0.0237s delay=0.3759s (local map=351, WM=351)
[INFO] [1772727476.872844920] [rtabmap]: rtabmap (1078): Rate=1.00s, Limit=0.000s, Conversion=0.0004s, RTAB-Map=0.1361s, Maps update=0.0017s pub=0.0309s delay=0.3494s (local map=351, WM=351)
[INFO] [1772727477.894664549] [rtabmap]: rtabmap (1079): Rate=1.00s, Limit=0.000s, Conversion=0.0004s, RTAB-Map=0.1596s, Maps update=0.0017s pub=0.0121s delay=0.3706s (local map=351, WM=351)
[INFO] [1772727478.971379483] [rtabmap]: rtabmap (1080): Rate=1.00s, Limit=0.000s, Conversion=0.0004s, RTAB-Map=0.1410s, Maps update=0.0029s pub=0.0200s delay=0.3480s (local map=351, WM=351)
[INFO] [1772727479.976578035] [rtabmap]: rtabmap (1081): Rate=1.00s, Limit=0.000s, Conversion=0.0005s, RTAB-Map=0.1510s, Maps update=0.0022s pub=0.0139s delay=0.3531s (local map=351, WM=351)
[INFO] [1772727481.079342975] [rtabmap]: rtabmap (1082): Rate=1.00s, Limit=0.000s, Conversion=0.0005s, RTAB-Map=0.1540s, Maps update=0.0019s pub=0.0184s delay=0.3560s (local map=351, WM=351)
[INFO] [1772727482.070002729] [rtabmap]: rtabmap (1083): Rate=1.00s, Limit=0.000s, Conversion=0.0004s, RTAB-Map=0.1500s, Maps update=0.0018s pub=0.0111s delay=0.3465s (local map=351, WM=351)
[INFO] [1772727483.165087568] [rtabmap]: rtabmap (1084): Rate=1.00s, Limit=0.000s, Conversion=0.0005s, RTAB-Map=0.1370s, Maps update=0.0018s pub=0.0250s delay=0.3417s (local map=351, WM=351)
[INFO] [1772727484.280527019] [rtabmap]: rtabmap (1085): Rate=1.00s, Limit=0.000s, Conversion=0.0007s, RTAB-Map=0.1512s, Maps update=0.0018s pub=0.0144s delay=0.3571s (local map=351, WM=351)
[INFO] [1772727485.274884946] [rtabmap]: rtabmap (1086): Rate=1.00s, Limit=0.000s, Conversion=0.0006s, RTAB-Map=0.1412s, Maps update=0.0018s pub=0.0167s delay=0.3514s (local map=351, WM=351)
[INFO] [1772727486.356832507] [rtabmap]: 