[INFO] [1773308133.388575907] [rtabmap]: rtabmap(maps): latch                      = false
[INFO] [1773308133.390579660] [rtabmap]: rtabmap(maps): map_filter_radius          = 0.000000
[INFO] [1773308133.390645710] [rtabmap]: rtabmap(maps): map_filter_angle           = 30.000000
[INFO] [1773308133.390673743] [rtabmap]: rtabmap(maps): map_cleanup                = true
[INFO] [1773308133.390691504] [rtabmap]: rtabmap(maps): map_always_update          = false
[INFO] [1773308133.390708625] [rtabmap]: rtabmap(maps): map_empty_ray_tracing      = true
[INFO] [1773308133.390724625] [rtabmap]: rtabmap(maps): cloud_output_voxelized     = true
[INFO] [1773308133.390746194] [rtabmap]: rtabmap(maps): cloud_subtract_filtering   = false
[INFO] [1773308133.390762899] [rtabmap]: rtabmap(maps): cloud_subtract_filtering_min_neighbors = 2
[INFO] [1773308133.390913560] [rtabmap]: rtabmap(maps): octomap_tree_depth         = 16
[INFO] [1773308133.408301554] [rtabmap]: rtabmap: frame_id      = leo04/base_footprint
[INFO] [1773308133.410166710] [rtabmap]: rtabmap: map_frame_id  = map
[INFO] [1773308133.411246109] [rtabmap]: rtabmap: log_to_rosout_level  = 4
[INFO] [1773308133.411287039] [rtabmap]: rtabmap: initial_pose  = 
[INFO] [1773308133.411307840] [rtabmap]: rtabmap: use_action_for_goal  = false
[INFO] [1773308133.411326880] [rtabmap]: rtabmap: tf_delay      = 0.050000
[INFO] [1773308133.411356546] [rtabmap]: rtabmap: tf_tolerance  = 0.100000
[INFO] [1773308133.411412644] [rtabmap]: rtabmap: odom_sensor_sync   = false
[INFO] [1773308133.411435364] [rtabmap]: rtabmap: pub_loc_pose_only_when_localizing = false
[INFO] [1773308133.411453637] [rtabmap]: rtabmap: wait_for_transform = 0.500000
[INFO] [1773308133.411474214] [rtabmap]: rtabmap: gen_scan  = false
[INFO] [1773308133.411492486] [rtabmap]: rtabmap: gen_depth  = false
[INFO] [1773308133.411510727] [rtabmap]: rtabmap: scan_cloud_max_points = 0
[INFO] [1773308133.411529544] [rtabmap]: rtabmap: scan_cloud_is_2d = false
[INFO] [1773308133.426757203] [rtabmap]: Setting RTAB-Map parameter "Grid/CellSize"="0.03" (rosparam)
[INFO] [1773308133.427096192] [rtabmap]: Setting RTAB-Map parameter "Grid/MaxGroundAngle"="45" (rosparam)
[INFO] [1773308133.427153922] [rtabmap]: Setting RTAB-Map parameter "Grid/MaxGroundHeight"="0.1" (rosparam)
[INFO] [1773308133.427226372] [rtabmap]: Setting RTAB-Map parameter "Grid/MaxObstacleHeight"="0.7" (rosparam)
[INFO] [1773308133.427319816] [rtabmap]: Setting RTAB-Map parameter "Grid/MinGroundHeight"="-0.1" (rosparam)
[INFO] [1773308133.427517135] [rtabmap]: Setting RTAB-Map parameter "Grid/RangeMax"="3.0" (rosparam)
[INFO] [1773308133.427569169] [rtabmap]: Setting RTAB-Map parameter "Grid/RangeMin"="0.7" (rosparam)
[INFO] [1773308133.427615058] [rtabmap]: Setting RTAB-Map parameter "Grid/RayTracing"="false" (rosparam)
[INFO] [1773308133.427731895] [rtabmap]: Setting RTAB-Map parameter "Grid/Sensor"="0" (rosparam)
[INFO] [1773308133.428241705] [rtabmap]: Setting RTAB-Map parameter "Icp/CorrespondenceRatio"="0.2" (rosparam)
[INFO] [1773308133.428360270] [rtabmap]: Setting RTAB-Map parameter "Icp/Epsilon"="0.001" (rosparam)
[INFO] [1773308133.428492850] [rtabmap]: Setting RTAB-Map parameter "Icp/Iterations"="10" (rosparam)
[INFO] [1773308133.428545524] [rtabmap]: Setting RTAB-Map parameter "Icp/MaxCorrespondenceDistance"="1" (rosparam)
[INFO] [1773308133.428635448] [rtabmap]: Setting RTAB-Map parameter "Icp/MaxTranslation"="3" (rosparam)
[INFO] [1773308133.428698170] [rtabmap]: Setting RTAB-Map parameter "Icp/OutlierRatio"="0.7" (rosparam)
[INFO] [1773308133.428841151] [rtabmap]: Setting RTAB-Map parameter "Icp/PointToPlane"="true" (rosparam)
[INFO] [1773308133.428928258] [rtabmap]: Setting RTAB-Map parameter "Icp/PointToPlaneK"="20" (rosparam)
[INFO] [1773308133.429040710] [rtabmap]: Setting RTAB-Map parameter "Icp/PointToPlaneRadius"="0" (rosparam)
[INFO] [1773308133.429115529] [rtabmap]: Setting RTAB-Map parameter "Icp/RangeMin"="0.3" (rosparam)
[INFO] [1773308133.429180140] [rtabmap]: Setting RTAB-Map parameter "Icp/Strategy"="1" (rosparam)
[INFO] [1773308133.429229261] [rtabmap]: Setting RTAB-Map parameter "Icp/VoxelSize"="0.1" (rosparam)
[INFO] [1773308133.430820999] [rtabmap]: Setting RTAB-Map parameter "Mem/LaserScanNormalK"="20" (rosparam)
[INFO] [1773308133.430943564] [rtabmap]: Setting RTAB-Map parameter "Mem/LaserScanVoxelSize"="0.03" (rosparam)
[INFO] [1773308133.431042895] [rtabmap]: Setting RTAB-Map parameter "Mem/NotLinkedNodesKept"="false" (rosparam)
[INFO] [1773308133.431252951] [rtabmap]: Setting RTAB-Map parameter "Mem/STMSize"="30" (rosparam)
[INFO] [1773308133.431994546] [rtabmap]: Setting RTAB-Map parameter "RGBD/AngularUpdate"="0.05" (rosparam)
[INFO] [1773308133.432060853] [rtabmap]: Setting RTAB-Map parameter "RGBD/CreateOccupancyGrid"="true" (rosparam)
[INFO] [1773308133.432271132] [rtabmap]: Setting RTAB-Map parameter "RGBD/LinearUpdate"="0.05" (rosparam)
[INFO] [1773308133.432868402] [rtabmap]: Setting RTAB-Map parameter "RGBD/ProximityMaxGraphDepth"="0" (rosparam)
[INFO] [1773308133.433026776] [rtabmap]: Setting RTAB-Map parameter "RGBD/ProximityPathMaxNeighbors"="1" (rosparam)
[INFO] [1773308133.433200126] [rtabmap]: Setting RTAB-Map parameter "Reg/Strategy"="1" (rosparam)
[INFO] [1773308133.436585178] [rtabmap]: RTAB-Map detection rate = 1.000000 Hz
[INFO] [1773308133.437029706] [rtabmap]: rtabmap: Deleted database "/root/.ros/rtabmap.db" (--delete_db_on_start or -d are set).
[INFO] [1773308133.437107949] [rtabmap]: rtabmap: Using database from "/root/.ros/rtabmap.db" (0 MB).
[INFO] [1773308133.502767399] [rtabmap]: rtabmap: Database version = "0.22.1".
[INFO] [1773308133.502915916] [rtabmap]: rtabmap: SLAM mode (Mem/IncrementalMemory=true)
[INFO] [1773308133.515724576] [rtabmap]: Setup callbacks
[INFO] [1773308133.515916135] [rtabmap]: rtabmap: subscribe_depth = false
[INFO] [1773308133.515952968] [rtabmap]: rtabmap: subscribe_rgb = false
[INFO] [1773308133.515977577] [rtabmap]: rtabmap: subscribe_stereo = false
[INFO] [1773308133.515999626] [rtabmap]: rtabmap: subscribe_rgbd = false (rgbd_cameras=1)
[INFO] [1773308133.516053804] [rtabmap]: rtabmap: subscribe_sensor_data = false
[INFO] [1773308133.516079981] [rtabmap]: rtabmap: subscribe_odom_info = false
[INFO] [1773308133.516103245] [rtabmap]: rtabmap: subscribe_user_data = false
[INFO] [1773308133.516125870] [rtabmap]: rtabmap: subscribe_scan = false
[INFO] [1773308133.516148751] [rtabmap]: rtabmap: subscribe_scan_cloud = true
[INFO] [1773308133.516171024] [rtabmap]: rtabmap: subscribe_scan_descriptor = false
[INFO] [1773308133.516192977] [rtabmap]: rtabmap: topic_queue_size = 10
[INFO] [1773308133.516219730] [rtabmap]: rtabmap: sync_queue_size  = 200
[INFO] [1773308133.516249747] [rtabmap]: rtabmap: qos_image       = 0
[INFO] [1773308133.516273908] [rtabmap]: rtabmap: qos_camera_info = 0
[INFO] [1773308133.516296404] [rtabmap]: rtabmap: qos_scan        = 0
[INFO] [1773308133.516319125] [rtabmap]: rtabmap: qos_odom        = 0
[INFO] [1773308133.516341366] [rtabmap]: rtabmap: qos_user_data   = 0
[INFO] [1773308133.516363575] [rtabmap]: rtabmap: approx_sync     = true
[INFO] [1773308133.516567614] [rtabmap]: Setup scan callback
[INFO] [1773308133.518237115] [rtabmap]: 
rtabmap subscribed to (approx sync):
   /odom \
   /leo04/livox/lidar
[WARN] [1773308133.520713558] [rtabmap]: There is no image subscription, bag-of-words loop closure detection will be disabled...
[WARN] [1773308133.520801529] [rtabmap]: Setting Kp/MaxFeatures=-1 (bag-of-words disabled)
[INFO] [1773308138.325399079] [rtabmap]: rtabmap (1): Rate=1.00s, Limit=0.000s, Conversion=0.0110s, RTAB-Map=0.1054s, Maps update=0.0002s pub=0.0001s delay=3.1554s (local map=1, WM=1)
[INFO] [1773308138.407117291] [rtabmap]: rtabmap (2): Rate=1.00s, Limit=0.000s, Conversion=0.0008s, RTAB-Map=0.0633s, Maps update=0.0002s pub=0.0001s delay=0.2363s (local map=1, WM=1)
[INFO] [1773308139.398077045] [rtabmap]: rtabmap (3): Rate=1.00s, Limit=0.000s, Conversion=0.0006s, RTAB-Map=0.0668s, Maps update=0.0001s pub=0.0001s delay=0.2262s (local map=1, WM=1)
[INFO] [1773308140.505062183] [rtabmap]: rtabmap (4): Rate=1.00s, Limit=0.000s, Conversion=0.0005s, RTAB-Map=0.0658s, Maps update=0.0002s pub=0.0001s delay=0.2332s (local map=1, WM=1)
[INFO] [1773308141.607647224] [rtabmap]: rtabmap (5): Rate=1.00s, Limit=0.000s, Conversion=0.0005s, RTAB-Map=0.0727s, Maps update=0.0001s pub=0.0001s delay=0.2367s (local map=1, WM=1)
[INFO] [1773308142.605641250] [rtabmap]: rtabmap (6): Rate=1.00s, Limit=0.000s, Conversion=0.0005s, RTAB-Map=0.0681s, Maps update=0.0001s pub=0.0001s delay=0.2339s (local map=1, WM=1)
[INFO] [1773308143.706927748] [rtabmap]: rtabmap (7): Rate=1.00s, Limit=0.000s, Conversion=0.0005s, RTAB-Map=0.0682s, Maps update=0.0002s pub=0.0001s delay=0.2350s (local map=1, WM=1)
[INFO] [1773308144.797186740] [rtabmap]: rtabmap (8): Rate=1.00s, Limit=0.000s, Conversion=0.0003s, RTAB-Map=0.0699s, Maps update=0.0001s pub=0.0001s delay=0.2254s (local map=1, WM=1)
[INFO] [1773308145.895977978] [rtabmap]: rtabmap (9): Rate=1.00s, Limit=0.000s, Conversion=0.0005s, RTAB-Map=0.0662s, Maps update=0.0001s pub=0.0001s delay=0.2240s (local map=1, WM=1)
[INFO] [1773308147.011153783] [rtabmap]: rtabmap (10): Rate=1.00s, Limit=0.000s, Conversion=0.0003s, RTAB-Map=0.0705s, Maps update=0.0001s pub=0.0001s delay=0.2393s (local map=1, WM=1)
[INFO] [1773308147.995788730] [rtabmap]: rtabmap (11): Rate=1.00s, Limit=0.000s, Conversion=0.0003s, RTAB-Map=0.0692s, Maps update=0.0001s pub=0.0001s delay=0.2238s (local map=1, WM=1)
[INFO] [1773308149.113493683] [rtabmap]: rtabmap (12): Rate=1.00s, Limit=0.000s, Conversion=0.0005s, RTAB-Map=0.0791s, Maps update=0.0001s pub=0.0001s delay=0.2425s (local map=1, WM=1)
[INFO] [1773308150.209830144] [rtabmap]: rtabmap (13): Rate=1.00s, Limit=0.000s, Conversion=0.0005s, RTAB-Map=0.0741s, Maps update=0.0001s pub=0.0001s delay=0.2386s (local map=1, WM=1)
[INFO] [1773308151.293404443] [rtabmap]: rtabmap (14): Rate=1.00s, Limit=0.000s, Conversion=0.0003s, RTAB-Map=0.0655s, Maps update=0.0001s pub=0.0001s delay=0.2215s (local map=1, WM=1)
[INFO] [1773308152.302997677] [rtabmap]: rtabmap (15): Rate=1.00s, Limit=0.000s, Conversion=0.0004s, RTAB-Map=0.0716s, Maps update=0.0001s pub=0.0001s delay=0.2311s (local map=1, WM=1)
[INFO] [1773308153.398329046] [rtabmap]: rtabmap (16): Rate=1.00s, Limit=0.000s, Conversion=0.0003s, RTAB-Map=0.0709s, Maps update=0.0002s pub=0.0001s delay=0.2263s (local map=1, WM=1)
[INFO] [1773308154.493687263] [rtabmap]: rtabmap (17): Rate=1.00s, Limit=0.000s, Conversion=0.0004s, RTAB-Map=0.0670s, Maps update=0.0001s pub=0.0001s delay=0.2227s (local map=1, WM=1)
[INFO] [1773308155.501331754] [rtabmap]: rtabmap (18): Rate=1.00s, Limit=0.000s, Conversion=0.0003s, RTAB-Map=0.0676s, Maps update=0.0001s pub=0.0001s delay=0.2294s (local map=1, WM=1)
[INFO] [1773308156.507599555] [rtabmap]: rtabmap (19): Rate=1.00s, Limit=0.000s, Conversion=0.0008s, RTAB-Map=0.0754s, Maps update=0.0002s pub=0.0001s delay=0.2357s (local map=1, WM=1)
[INFO] [1773308157.604051668] [rtabmap]: rtabmap (20): Rate=1.00s, Limit=0.000s, Conversion=0.0004s, RTAB-Map=0.0677s, Maps update=0.0002s pub=0.0001s delay=0.2322s (local map=1, WM=1)
[INFO] [1773308158.598583201] [rtabmap]: rtabmap (21): Rate=1.00s, Limit=0.000s, Conversion=0.0004s, RTAB-Map=0.0666s, Maps update=0.0004s pub=0.0015s delay=0.2266s (local map=1, WM=1)
[INFO] [1773308159.700840134] [rtabmap]: rtabmap (22): Rate=1.00s, Limit=0.000s, Conversion=0.0003s, RTAB-Map=0.0688s, Maps update=0.0002s pub=0.0005s delay=0.2288s (local map=1, WM=1)
[INFO] [1773308160.708416814] [rtabmap]: rtabmap (23): Rate=1.00s, Limit=0.000s, Conversion=0.0005s, RTAB-Map=0.0701s, Maps update=0.0003s pub=0.0006s delay=0.2364s (local map=1, WM=1)
[INFO] [1773308161.808433504] [rtabmap]: rtabmap (24): Rate=1.00s, Limit=0.000s, Conversion=0.0007s, RTAB-Map=0.0782s, Maps update=0.0004s pub=0.0010s delay=0.2365s (local map=1, WM=1)
[INFO] [1773308162.792842072] [rtabmap]: rtabmap (25): Rate=1.00s, Limit=0.000s, Conversion=0.0003s, RTAB-Map=0.0624s, Maps update=0.0002s pub=0.0006s delay=0.2208s (local map=1, WM=1)
[INFO] [1773308163.902951094] [rtabmap]: rtabmap (26): Rate=1.00s, Limit=0.000s, Conversion=0.0005s, RTAB-Map=0.0731s, Maps update=0.0004s pub=0.0006s delay=0.2310s (local map=1, WM=1)
[INFO] [1773308164.903869451] [rtabmap]: rtabmap (27): Rate=1.00s, Limit=0.000s, Conversion=0.0005s, RTAB-Map=0.0690s, Maps update=0.0002s pub=0.0006s delay=0.2318s (local map=1, WM=1)
[INFO] [1773308165.909430840] [rtabmap]: rtabmap (28): Rate=1.00s, Limit=0.000s, Conversion=0.0005s, RTAB-Map=0.0731s, Maps update=0.0003s pub=0.0005s delay=0.2372s (local map=1, WM=1)
[INFO] [1773308167.014737658] [rtabmap]: rtabmap (29): Rate=1.00s, Limit=0.000s, Conversion=0.0008s, RTAB-Map=0.0789s, Maps update=0.0002s pub=0.0005s delay=0.2429s (local map=1, WM=1)
[INFO] [1773308168.109086987] [rtabmap]: rtabmap (30): Rate=1.00s, Limit=0.000s, Conversion=0.0006s, RTAB-Map=0.0714s, Maps update=0.0002s pub=0.0008s delay=0.2382s (local map=1, WM=1)
[INFO] [1773308169.095407624] [rtabmap]: rtabmap (31): Rate=1.00s, Limit=0.000s, Conversion=0.0005s, RTAB-Map=0.0656s, Maps update=0.0005s pub=0.0008s delay=0.2236s (local map=1, WM=1)
[INFO] [1773308170.108709802] [rtabmap]: rtabmap (32): Rate=1.00s, Limit=0.000s, Conversion=0.0003s, RTAB-Map=0.0700s, Maps update=0.0004s pub=0.0007s delay=0.2368s (local map=1, WM=1)
[INFO] [1773308171.097443221] [rtabmap]: rtabmap (33): Rate=1.00s, Limit=0.000s, Conversion=0.0003s, RTAB-Map=0.0677s, Maps update=0.0003s pub=0.0006s delay=0.2255s (local map=1, WM=1)
[INFO] [1773308172.205837618] [rtabmap]: rtabmap (34): Rate=1.00s, Limit=0.000s, Conversion=0.0005s, RTAB-Map=0.0726s, Maps update=0.0002s pub=0.0005s delay=0.2337s (local map=1, WM=1)
[INFO] [1773308173.309315153] [rtabmap]: rtabmap (35): Rate=1.00s, Limit=0.000s, Conversion=0.0005s, RTAB-Map=0.0780s, Maps update=0.0003s pub=0.0005s delay=0.2375s (local map=1, WM=1)
[INFO] [1773308174.322295661] [rtabmap]: rtabmap (36): Rate=1.00s, Limit=0.000s, Conversion=0.0003s, RTAB-Map=0.0813s, Maps update=0.0002s pub=0.0004s delay=0.2503s (local map=1, WM=1)
[INFO] [1773308175.409692376] [rtabmap]: rtabmap (37): Rate=1.00s, Limit=0.000s, Conversion=0.0003s, RTAB-Map=0.0728s, Maps update=0.0004s pub=0.0008s delay=0.2377s (local map=1, WM=1)
[INFO] [1773308176.497977717] [rtabmap]: rtabmap (38): Rate=1.00s, Limit=0.000s, Conversion=0.0006s, RTAB-Map=0.0708s, Maps update=0.0003s pub=0.0008s delay=0.2261s (local map=1, WM=1)
[INFO] [1773308177.508111417] [rtabmap]: rtabmap (39): Rate=1.00s, Limit=0.000s, Conversion=0.0003s, RTAB-Map=0.0671s, Maps update=0.0002s pub=0.0006s delay=0.2362s (local map=1, WM=1)
[INFO] [1773308178.500824945] [rtabmap]: rtabmap (40): Rate=1.00s, Limit=0.000s, Conversion=0.0006s, RTAB-Map=0.0690s, Maps update=0.0005s pub=0.0006s delay=0.2289s (local map=1, WM=1)
[INFO] [1773308179.597637361] [rtabmap]: rtabmap (41): Rate=1.00s, Limit=0.000s, Conversion=0.0003s, RTAB-Map=0.0681s, Maps update=0.0002s pub=0.0006s delay=0.2267s (local map=1, WM=1)
[INFO] [1773308180.617218571] [rtabmap]: rtabmap (42): Rate=1.00s, Limit=0.000s, Conversion=0.0007s, RTAB-Map=0.0755s, Maps update=0.0002s pub=0.0005s delay=0.2454s (local map=1, WM=1)
[INFO] [1773308181.613247328] [rtabmap]: rtabmap (43): Rate=1.00s, Limit=0.000s, Conversion=0.0003s, RTAB-Map=0.0773s, Maps update=0.0002s pub=0.0006s delay=0.2413s (local map=1, WM=1)
[INFO] [1773308182.700779652] [rtabmap]: rtabmap (44): Rate=1.00s, Limit=0.000s, Conversion=0.0004s, RTAB-Map=0.0742s, Maps update=0.0002s pub=0.0006s delay=0.2289s (local map=1, WM=1)
[INFO] [1773308183.807017587] [rtabmap]: rtabmap (45): Rate=1.00s, Limit=0.000s, Conversion=0.0005s, RTAB-Map=0.0780s, Maps update=0.0003s pub=0.0006s delay=0.2361s (local map=1, WM=1)
[INFO] [1773308184.813893518] [rtabmap]: rtabmap (46): Rate=1.00s, Limit=0.000s, Conversion=0.0012s, RTAB-Map=0.0678s, Maps update=0.0002s pub=0.0005s delay=0.2421s (local map=1, WM=1)
[INFO] [1773308185.804683733] [rtabmap]: rtabmap (47): Rate=1.00s, Limit=0.000s, Conversion=0.0004s, RTAB-Map=0.0708s, Maps update=0.0002s pub=0.0006s delay=0.2328s (local map=1, WM=1)
[INFO] [1773308186.915451513] [rtabmap]: rtabmap (48): Rate=1.00s, Limit=0.000s, Conversion=0.0005s, RTAB-Map=0.0839s, Maps update=0.0003s pub=0.0006s delay=0.2444s (local map=1, WM=1)
[INFO] [1773308187.899155479] [rtabmap]: rtabmap (49): Rate=1.00s, Limit=0.000s, Conversion=0.0007s, RTAB-Map=0.0695s, Maps update=0.0002s pub=0.0006s delay=0.2272s (local map=1, WM=1)
[INFO] [1773308188.909558086] [rtabmap]: rtabmap (50): Rate=1.00s, Limit=0.000s, Conversion=0.0005s, RTAB-Map=0.0798s, Maps update=0.0002s pub=0.0005s delay=0.2376s (local map=1, WM=1)
[INFO] [1773308190.011985815] [rtabmap]: rtabmap (51): Rate=1.00s, Limit=0.000s, Conversion=0.0004s, RTAB-Map=0.0805s, Maps update=0.0002s pub=0.0006s delay=0.2412s (local map=1, WM=1)
[INFO] [1773308191.011943949] [rtabmap]: rtabmap (52): Rate=1.00s, Limit=0.000s, Conversion=0.0003s, RTAB-Map=0.0739s, Maps update=0.0002s pub=0.0005s delay=0.2401s (local map=1, WM=1)
[INFO] [1773308192.097887965] [rtabmap]: rtabmap (53): Rate=1.00s, Limit=0.000s, Conversion=0.0005s, RTAB-Map=0.0660s, Maps update=0.0003s pub=0.0007s delay=0.2268s (local map=1, WM=1)
[INFO] [1773308193.207784900] [rtabmap]: rtabmap (54): Rate=1.00s, Limit=0.000s, Conversion=0.0004s, RTAB-Map=0.0726s, Maps update=0.0003s pub=0.0005s delay=0.2369s (local map=1, WM=1)
[INFO] [1773308194.205217191] [rtabmap]: rtabmap (55): Rate=1.00s, Limit=0.000s, Conversion=0.0007s, RTAB-Map=0.0696s, Maps update=0.0002s pub=0.0005s delay=0.2334s (local map=1, WM=1)
[INFO] [1773308195.299025339] [rtabmap]: rtabmap (56): Rate=1.00s, Limit=0.000s, Conversion=0.0004s, RTAB-Map=0.0675s, Maps update=0.0003s pub=0.0005s delay=0.2283s (local map=1, WM=1)
[INFO] [1773308196.294768294] [rtabmap]: rtabmap (57): Rate=1.00s, Limit=0.000s, Conversion=0.0005s, RTAB-Map=0.0635s, Maps update=0.0002s pub=0.0006s delay=0.2228s (local map=1, WM=1)
[INFO] [1773308197.299727714] [rtabmap]: rtabmap (58): Rate=1.00s, Limit=0.000s, Conversion=0.0006s, RTAB-Map=0.0726s, Maps update=0.0003s pub=0.0009s delay=0.2275s (local map=1, WM=1)
[INFO] [1773308198.391277739] [rtabmap]: rtabmap (59): Rate=1.00s, Limit=0.000s, Conversion=0.0003s, RTAB-Map=0.0679s, Maps update=0.0002s pub=0.0006s delay=0.2191s (local map=1, WM=1)
[INFO] [1773308199.509592329] [rtabmap]: rtabmap (60): Rate=1.00s, Limit=0.000s, Conversion=0.0003s, RTAB-Map=0.0679s, Maps update=0.0002s pub=0.0006s delay=0.2377s (local map=1, WM=1)
[INFO] [1773308200.609035895] [rtabmap]: rtabmap (61): Rate=1.00s, Limit=0.000s, Conversion=0.0003s, RTAB-Map=0.0737s, Maps update=0.0002s pub=0.0009s delay=0.2371s (local map=1, WM=1)
[INFO] [1773308201.697308531] [rtabmap]: rtabmap (62): Rate=1.00s, Limit=0.000s, Conversion=0.0003s, RTAB-Map=0.0661s, Maps update=0.0003s pub=0.0006s delay=0.2251s (local map=1, WM=1)
[INFO] [1773308202.802428029] [rtabmap]: rtabmap (63): Rate=1.00s, Limit=0.000s, Conversion=0.0008s, RTAB-Map=0.0735s, Maps update=0.0003s pub=0.0008s delay=0.2306s (local map=1, WM=1)
[INFO] [1773308203.815729708] [rtabmap]: rtabmap (64): Rate=1.00s, Limit=0.000s, Conversion=0.0008s, RTAB-Map=0.0758s, Maps update=0.0002s pub=0.0006s delay=0.2438s (local map=1, WM=1)
[INFO] [1773308204.913319453] [rtabmap]: rtabmap (65): Rate=1.00s, Limit=0.000s, Conversion=0.0004s, RTAB-Map=0.0766s, Maps update=0.0002s pub=0.0007s delay=0.2413s (local map=1, WM=1)
[INFO] [1773308205.904273642] [rtabmap]: rtabmap (66): Rate=1.00s, Limit=0.000s, Conversion=0.0003s, RTAB-Map=0.0739s, Maps update=0.0003s pub=0.0008s delay=0.2322s (local map=1, WM=1)
[INFO] [1773308207.002683030] [rtabmap]: rtabmap (67): Rate=1.00s, Limit=0.000s, Conversion=0.0004s, RTAB-Map=0.0771s, Maps update=0.0002s pub=0.0008s delay=0.2307s (local map=1, WM=1)
[INFO] [1773308208.116114258] [rtabmap]: rtabmap (68): Rate=1.00s, Limit=0.000s, Conversion=0.0003s, RTAB-Map=0.0779s, Maps update=0.0002s pub=0.0007s delay=0.2441s (local map=1, WM=1)
[INFO] [1773308209.131087289] [rtabmap]: rtabmap (69): Rate=1.00s, Limit=0.000s, Conversion=0.0003s, RTAB-Map=0.0938s, Maps update=0.0009s pub=0.0019s delay=0.2581s (local map=1, WM=1)
[INFO] [1773308210.264844245] [rtabmap]: rtabmap (70): Rate=1.00s, Limit=0.000s, Conversion=0.0003s, RTAB-Map=0.1156s, Maps update=0.0002s pub=0.0008s delay=0.2941s (local map=1, WM=1)
[INFO] [1773308211.307597905] [rtabmap]: rtabmap (71): Rate=1.00s, Limit=0.000s, Conversion=0.0003s, RTAB-Map=0.1410s, Maps update=0.0003s pub=0.0008s delay=0.3366s (local map=1, WM=1)
[INFO] [1773308212.269350425] [rtabmap]: rtabmap (72): Rate=1.00s, Limit=0.000s, Conversion=0.0006s, RTAB-Map=0.1209s, Maps update=0.0002s pub=0.0008s delay=0.2972s (local map=1, WM=1)
[INFO] [1773308213.406818128] [rtabmap]: rtabmap (73): Rate=1.00s, Limit=0.000s, Conversion=0.0004s, RTAB-Map=0.1470s, Maps update=0.0003s pub=0.0009s delay=0.3319s (local map=1, WM=1)
[INFO] [1773308214.451394504] [rtabmap]: rtabmap (74): Rate=1.00s, Limit=0.000s, Conversion=0.0003s, RTAB-Map=0.1016s, Maps update=0.0003s pub=0.0008s delay=0.2802s (local map=1, WM=1)
[INFO] [1773308215.582046174] [rtabmap]: rtabmap (75): Rate=1.00s, Limit=0.000s, Conversion=0.0003s, RTAB-Map=0.1281s, Maps update=0.0002s pub=0.0008s delay=0.3100s (local map=1, WM=1)
[INFO] [1773308216.607241430] [rtabmap]: rtabmap (76): Rate=1.00s, Limit=0.000s, Conversion=0.0108s, RTAB-Map=0.0665s, Maps update=0.0004s pub=0.0006s delay=0.2363s (local map=1, WM=1)
[INFO] [1773308217.611988075] [rtabmap]: rtabmap (77): Rate=1.00s, Limit=0.000s, Conversion=0.0003s, RTAB-Map=0.0787s, Maps update=0.0002s pub=0.0006s delay=0.2408s (local map=1, WM=1)
[INFO] [1773308218.595046450] [rtabmap]: rtabmap (78): Rate=1.00s, Limit=0.000s, Conversion=0.0005s, RTAB-Map=0.0659s, Maps update=0.0003s pub=0.0013s delay=0.2230s (local map=1, WM=1)
[INFO] [1773308219.711790588] [rtabmap]: rtabmap (79): Rate=1.00s, Limit=0.000s, Conversion=0.0005s, RTAB-Map=0.0693s, Maps update=0.0003s pub=0.0006s delay=0.2397s (local map=1, WM=1)
[INFO] [1773308220.795446561] [rtabmap]: rtabmap (80): Rate=1.00s, Limit=0.000s, Conversion=0.0003s, RTAB-Map=0.0673s, Maps update=0.0003s pub=0.0006s delay=0.2243s (local map=1, WM=1)
[INFO] [1773308221.792601050] [rtabmap]: rtabmap (81): Rate=1.00s, Limit=0.000s, Conversion=0.0004s, RTAB-Map=0.0686s, Maps update=0.0003s pub=0.0007s delay=0.2205s (local map=1, WM=1)
[INFO] [1773308222.907737903] [rtabmap]: rtabmap (82): Rate=1.00s, Limit=0.000s, Conversion=0.0004s, RTAB-Map=0.0771s, Maps update=0.0003s pub=0.0006s delay=0.2356s (local map=1, WM=1)
[INFO] [1773308224.013449164] [rtabmap]: rtabmap (83): Rate=1.00s, Limit=0.000s, Conversion=0.0003s, RTAB-Map=0.0759s, Maps update=0.0002s pub=0.0007s delay=0.2423s (local map=1, WM=1)
[INFO] [1773308225.096989869] [rtabmap]: rtabmap (84): Rate=1.00s, Limit=0.000s, Conversion=0.0003s, RTAB-Map=0.0695s, Maps update=0.0003s pub=0.0006s delay=0.2260s (local map=1, WM=1)
[INFO] [1773308226.212016926] [rtabmap]: rtabmap (85): Rate=1.00s, Limit=0.000s, Conversion=0.0003s, RTAB-Map=0.0748s, Maps update=0.0002s pub=0.0006s delay=0.2411s (local map=1, WM=1)
[INFO] [1773308227.200010184] [rtabmap]: rtabmap (86): Rate=1.00s, Limit=0.000s, Conversion=0.0006s, RTAB-Map=0.0778s, Maps update=0.0003s pub=0.0013s delay=0.2288s (local map=1, WM=1)
[INFO] [1773308228.298071049] [rtabmap]: rtabmap (87): Rate=1.00s, Limit=0.000s, Conversion=0.0003s, RTAB-Map=0.0692s, Maps update=0.0014s pub=0.0009s delay=0.2272s (local map=1, WM=1)
[INFO] [1773308229.313792456] [rtabmap]: rtabmap (88): Rate=1.00s, Limit=0.000s, Conversion=0.0004s, RTAB-Map=0.0703s, Maps update=0.0002s pub=0.0005s delay=0.2428s (local map=1, WM=1)
[INFO] [1773308230.420667756] [rtabmap]: rtabmap (89): Rate=1.00s, Limit=0.000s, Conversion=0.0005s, RTAB-Map=0.0765s, Maps update=0.0002s pub=0.0004s delay=0.2498s (local map=1, WM=1)
[INFO] [1773308231.498827642] [rtabmap]: rtabmap (90): Rate=1.00s, Limit=0.000s, Conversion=0.0004s, RTAB-Map=0.0657s, Maps update=0.0003s pub=0.0005s delay=0.2276s (local map=1, WM=1)
[INFO] [1773308232.610019917] [rtabmap]: rtabmap (91): Rate=1.00s, Limit=0.000s, Conversion=0.0003s, RTAB-Map=0.0643s, Maps update=0.0002s pub=0.0005s delay=0.2387s (local map=1, WM=1)
[INFO] [1773308233.711180915] [rtabmap]: rtabmap (92): Rate=1.00s, Limit=0.000s, Conversion=0.0005s, RTAB-Map=0.0779s, Maps update=0.0003s pub=0.0006s delay=0.2403s (local map=1, WM=1)
[INFO] [1773308234.693775244] [rtabmap]: rtabmap (93): Rate=1.00s, Limit=0.000s, Conversion=0.0003s, RTAB-Map=0.0660s, Maps update=0.0002s pub=0.0005s delay=0.2227s (local map=1, WM=1)
[INFO] [1773308235.698672197] [rtabmap]: rtabmap (94): Rate=1.00s, Limit=0.000s, Conversion=0.0003s, RTAB-Map=0.0659s, Maps update=0.0002s pub=0.0006s delay=0.2275s (local map=1, WM=1)
[INFO] [1773308236.812847258] [rtabmap]: rtabmap (95): Rate=1.00s, Limit=0.000s, Conversion=0.0003s, RTAB-Map=0.0757s, Maps update=0.0003s pub=0.0007s delay=0.2415s (local map=1, WM=1)
[INFO] [1773308237.908479594] [rtabmap]: rtabmap (96): Rate=1.00s, Limit=0.000s, Conversion=0.0006s, RTAB-Map=0.0795s, Maps update=0.0005s pub=0.0010s delay=0.2378s (local map=1, WM=1)
[INFO] [1773308238.907120821] [rtabmap]: rtabmap (97): Rate=1.00s, Limit=0.000s, Conversion=0.0004s, RTAB-Map=0.0795s, Maps update=0.0004s pub=0.0005s delay=0.2360s (local map=1, WM=1)
[INFO] [1773308239.933593656] [rtabmap]: rtabmap (98): Rate=1.00s, Limit=0.000s, Conversion=0.0107s, RTAB-Map=0.0861s, Maps update=0.0003s pub=0.0005s delay=0.2623s (local map=1, WM=1)
[INFO] [1773308240.984064499] [rtabmap]: rtabmap (99): Rate=1.00s, Limit=0.000s, Conversion=0.0003s, RTAB-Map=0.0649s, Maps update=0.0012s pub=0.0008s delay=0.2129s (local map=1, WM=1)
[INFO] [1773308242.106210768] [rtabmap]: rtabmap (100): Rate=1.00s, Limit=0.000s, Conversion=0.0005s, RTAB-Map=0.0782s, Maps update=0.0002s pub=0.0005s delay=0.2353s (local map=1, WM=1)
[INFO] [1773308243.110011333] [rtabmap]: rtabmap (101): Rate=1.00s, Limit=0.000s, Conversion=0.0105s, RTAB-Map=0.0697s, Maps update=0.0002s pub=0.0004s delay=0.2388s (local map=1, WM=1)
[INFO] [1773308244.100308892] [rtabmap]: rtabmap (102): Rate=1.00s, Limit=0.000s, Conversion=0.0004s, RTAB-Map=0.0738s, Maps update=0.0007s pub=0.0006s delay=0.2274s (local map=1, WM=1)
[INFO] [1773308245.193814438] [rtabmap]: rtabmap (103): Rate=1.00s, Limit=0.000s, Conversion=0.0004s, RTAB-Map=0.0690s, Maps update=0.0002s pub=0.0005s delay=0.2229s (local map=1, WM=1)
[INFO] [1773308246.297352571] [rtabmap]: rtabmap (104): Rate=1.00s, Limit=0.000s, Conversion=0.0004s, RTAB-Map=0.0713s, Maps update=0.0003s pub=0.0011s delay=0.2262s (local map=1, WM=1)
[INFO] [1773308247.305837195] [rtabmap]: rtabmap (105): Rate=1.00s, Limit=0.000s, Conversion=0.0005s, RTAB-Map=0.0682s, Maps update=0.0002s pub=0.0005s delay=0.2346s (local map=1, WM=1)
[INFO] [1773308248.404916781] [rtabmap]: rtabmap (106): Rate=1.00s, Limit=0.000s, Conversion=0.0014s, RTAB-Map=0.0643s, Maps update=0.0002s pub=0.0005s delay=0.2338s (local map=1, WM=1)
[INFO] [1773308249.498587773] [rtabmap]: rtabmap (107): Rate=1.00s, Limit=0.000s, Conversion=0.0008s, RTAB-Map=0.0667s, Maps update=0.0002s pub=0.0005s delay=0.2273s (local map=1, WM=1)
[INFO] [1773308250.604791946] [rtabmap]: rtabmap (108): Rate=1.00s, Limit=0.000s, Conversion=0.0004s, RTAB-Map=0.0774s, Maps update=0.0002s pub=0.0005s delay=0.2335s (local map=1, WM=1)
[INFO] [1773308251.602855842] [rtabmap]: rtabmap (109): Rate=1.00s, Limit=0.000s, Conversion=0.0004s, RTAB-Map=0.0708s, Maps update=0.0003s pub=0.0009s delay=0.2315s (local map=1, WM=1)
[INFO] [1773308252.690575340] [rtabmap]: rtabmap (110): Rate=1.00s, Limit=0.000s, Conversion=0.0003s, RTAB-Map=0.0650s, Maps update=0.0002s pub=0.0005s delay=0.2192s (local map=1, WM=1)
[INFO] [1773308253.807021196] [rtabmap]: rtabmap (111): Rate=1.00s, Limit=0.000s, Conversion=0.0018s, RTAB-Map=0.0799s, Maps update=0.0003s pub=0.0006s delay=0.2363s (local map=1, WM=1)
[INFO] [1773308254.810401684] [rtabmap]: rtabmap (112): Rate=1.00s, Limit=0.000s, Conversion=0.0004s, RTAB-Map=0.0787s, Maps update=0.0003s pub=0.0006s delay=0.2393s (local map=1, WM=1)
[INFO] [1773308255.792862024] [rtabmap]: rtabmap (113): Rate=1.00s, Limit=0.000s, Conversion=0.0003s, RTAB-Map=0.0642s, Maps update=0.0002s pub=0.0005s delay=0.2217s (local map=1, WM=1)
[INFO] [1773308256.902702477] [rtabmap]: rtabmap (114): Rate=1.00s, Limit=0.000s, Conversion=0.0003s, RTAB-Map=0.0675s, Maps update=0.0003s pub=0.0008s delay=0.2314s (local map=1, WM=1)
[INFO] [1773308258.012722169] [rtabmap]: rtabmap (115): Rate=1.00s, Limit=0.000s, Conversion=0.0107s, RTAB-Map=0.0648s, Maps update=0.0002s pub=0.0006s delay=0.2419s (local map=1, WM=1)
[INFO] [1773308258.997102348] [rtabmap]: rtabmap (116): Rate=1.00s, Limit=0.000s, Conversion=0.0003s, RTAB-Map=0.0677s, Maps update=0.0003s pub=0.0006s delay=0.2259s (local map=1, WM=1)
[INFO] [1773308260.103725736] [rtabmap]: rtabmap (117): Rate=1.00s, Limit=0.000s, Conversion=0.0004s, RTAB-Map=0.0681s, Maps update=0.0002s pub=0.0007s delay=0.2325s (local map=1, WM=1)
[INFO] [1773308261.203650726] [rtabmap]: rtabmap (118): Rate=1.00s, Limit=0.000s, Conversion=0.0004s, RTAB-Map=0.0678s, Maps update=0.0002s pub=0.0008s delay=0.2330s (local map=1, WM=1)
[INFO] [1773308262.232906948] [rtabmap]: rtabmap (119): Rate=1.00s, Limit=0.000s, Conversion=0.0107s, RTAB-Map=0.0831s, Maps update=0.0037s pub=0.0023s delay=0.2620s (local map=2, WM=2)
[INFO] [1773308263.296780091] [rtabmap]: rtabmap (120): Rate=1.00s, Limit=0.000s, Conversion=0.0003s, RTAB-Map=0.0714s, Maps update=0.0003s pub=0.0009s delay=0.2259s (local map=2, WM=2)
[INFO] [1773308264.415635082] [rtabmap]: rtabmap (121): Rate=1.00s, Limit=0.000s, Conversion=0.0106s, RTAB-Map=0.0687s, Maps update=0.0003s pub=0.0007s delay=0.2447s (local map=2, WM=2)
[INFO] [1773308265.524107267] [rtabmap]: rtabmap (122): Rate=1.00s, Limit=0.000s, Conversion=0.0003s, RTAB-Map=0.0884s, Maps update=0.0017s pub=0.0046s delay=0.2532s (local map=3, WM=3)
[INFO] [1773308266.596509683] [rtabmap]: rtabmap (123): Rate=1.00s, Limit=0.000s, Conversion=0.0004s, RTAB-Map=0.0654s, Maps update=0.0003s pub=0.0009s delay=0.2252s (local map=3, WM=3)
[INFO] [1773308267.697116808] [rtabmap]: rtabmap (124): Rate=1.00s, Limit=0.000s, Conversion=0.0003s, RTAB-Map=0.0650s, Maps update=0.0003s pub=0.0008s delay=0.2263s (local map=3, WM=3)
[INFO] [1773308268.801349524] [rtabmap]: rtabmap (125): Rate=1.00s, Limit=0.000s, Conversion=0.0003s, RTAB-Map=0.0747s, Maps update=0.0003s pub=0.0010s delay=0.2305s (local map=3, WM=3)
[INFO] [1773308269.917960697] [rtabmap]: rtabmap (126): Rate=1.00s, Limit=0.000s, Conversion=0.0003s, RTAB-Map=0.0846s, Maps update=0.0023s pub=0.0025s delay=0.2471s (local map=4, WM=4)
[INFO] [1773308271.007112723] [rtabmap]: rtabmap (127): Rate=1.00s, Limit=0.000s, Conversion=0.0105s, RTAB-Map=0.0671s, Maps update=0.0003s pub=0.0016s delay=0.2358s (local map=4, WM=4)
[INFO] [1773308272.122865660] [rtabmap]: rtabmap (128): Rate=1.00s, Limit=0.000s, Conversion=0.0004s, RTAB-Map=0.0867s, Maps update=0.0003s pub=0.0013s delay=0.2520s (local map=4, WM=4)
[INFO] [1773308273.194412624] [rtabmap]: rtabmap (129): Rate=1.00s, Limit=0.000s, Conversion=0.0003s, RTAB-Map=0.0644s, Maps update=0.0002s pub=0.0013s delay=0.2231s (local map=4, WM=4)
[INFO] [1773308274.320322153] [rtabmap]: rtabmap (130): Rate=1.00s, Limit=0.000s, Conversion=0.0005s, RTAB-Map=0.0852s, Maps update=0.0002s pub=0.0009s delay=0.2494s (local map=4, WM=4)
[INFO] [1773308275.415444008] [rtabmap]: rtabmap (131): Rate=1.00s, Limit=0.000s, Conversion=0.0005s, RTAB-Map=0.0719s, Maps update=0.0003s pub=0.0010s delay=0.2446s (local map=4, WM=4)
[INFO] [1773308276.397603539] [rtabmap]: rtabmap (132): Rate=1.00s, Limit=0.000s, Conversion=0.0003s, RTAB-Map=0.0654s, Maps update=0.0014s pub=0.0014s delay=0.2263s (local map=4, WM=4)
[INFO] [1773308277.414481176] [rtabmap]: rtabmap (133): Rate=1.00s, Limit=0.000s, Conversion=0.0003s, RTAB-Map=0.0732s, Maps update=0.0003s pub=0.0013s delay=0.2431s (local map=4, WM=4)
[INFO] [1773308278.518704068] [rtabmap]: rtabmap (134): Rate=1.00s, Limit=0.000s, Conversion=0.0009s, RTAB-Map=0.0858s, Maps update=0.0004s pub=0.0014s delay=0.2477s (local map=4, WM=4)
[INFO] [1773308279.611371762] [rtabmap]: rtabmap (135): Rate=1.00s, Limit=0.000s, Conversion=0.0005s, RTAB-Map=0.0728s, Maps update=0.0002s pub=0.0011s delay=0.2405s (local map=4, WM=4)
[INFO] [1773308280.703997503] [rtabmap]: rtabmap (136): Rate=1.00s, Limit=0.000s, Conversion=0.0003s, RTAB-Map=0.0762s, Maps update=0.0003s pub=0.0020s delay=0.2332s (local map=4, WM=4)
[INFO] [1773308281.708026716] [rtabmap]: rtabmap (137): Rate=1.00s, Limit=0.000s, Conversion=0.0009s, RTAB-Map=0.0832s, Maps update=0.0003s pub=0.0016s delay=0.2366s (local map=4, WM=4)
[INFO] [1773308282.812540465] [rtabmap]: rtabmap (138): Rate=1.00s, Limit=0.000s, Conversion=0.0003s, RTAB-Map=0.0757s, Maps update=0.0005s pub=0.0011s delay=0.2417s (local map=4, WM=4)
[INFO] [1773308283.920152653] [rtabmap]: rtabmap (139): Rate=1.00s, Limit=0.000s, Conversion=0.0003s, RTAB-Map=0.0870s, Maps update=0.0003s pub=0.0011s delay=0.2487s (local map=4, WM=4)
[INFO] [1773308285.009275558] [rtabmap]: rtabmap (140): Rate=1.00s, Limit=0.000s, Conversion=0.0004s, RTAB-Map=0.0765s, Maps update=0.0002s pub=0.0011s delay=0.2385s (local map=4, WM=4)
[INFO] [1773308286.120078476] [rtabmap]: rtabmap (141): Rate=1.00s, Limit=0.000s, Conversion=0.0004s, RTAB-Map=0.0814s, Maps update=0.0002s pub=0.0014s delay=0.2491s (local map=4, WM=4)
[INFO] [1773308287.202181021] [rtabmap]: rtabmap (142): Rate=1.00s, Limit=0.000s, Conversion=0.0003s, RTAB-Map=0.0674s, Maps update=0.0003s pub=0.0011s delay=0.2312s (local map=4, WM=4)
[INFO] [1773308288.207486372] [rtabmap]: rtabmap (143): Rate=1.00s, Limit=0.000s, Conversion=0.0003s, RTAB-Map=0.0755s, Maps update=0.0004s pub=0.0017s delay=0.2360s (local map=4, WM=4)
[INFO] [1773308289.309483846] [rtabmap]: rtabmap (144): Rate=1.00s, Limit=0.000s, Conversion=0.0004s, RTAB-Map=0.0793s, Maps update=0.0003s pub=0.0011s delay=0.2387s (local map=4, WM=4)
[INFO] [1773308290.308332760] [rtabmap]: rtabmap (145): Rate=1.00s, Limit=0.000s, Conversion=0.0004s, RTAB-Map=0.0688s, Maps update=0.0003s pub=0.0008s delay=0.2375s (local map=4, WM=4)
[INFO] [1773308291.397659703] [rtabmap]: rtabmap (146): Rate=1.00s, Limit=0.000s, Conversion=0.0003s, RTAB-Map=0.0654s, Maps update=0.0003s pub=0.0011s delay=0.2266s (local map=4, WM=4)
[INFO] [1773308292.505917737] [rtabmap]: rtabmap (147): Rate=1.00s, Limit=0.000s, Conversion=0.0006s, RTAB-Map=0.0736s, Maps update=0.0003s pub=0.0013s delay=0.2351s (local map=4, WM=4)
[INFO] [1773308293.515495933] [rtabmap]: rtabmap (148): Rate=1.00s, Limit=0.000s, Conversion=0.0003s, RTAB-Map=0.0784s, Maps update=0.0003s pub=0.0010s delay=0.2444s (local map=4, WM=4)
[INFO] [1773308294.618675239] [rtabmap]: rtabmap (149): Rate=1.00s, Limit=0.000s, Conversion=0.0004s, RTAB-Map=0.0794s, Maps update=0.0014s pub=0.0008s delay=0.2480s (local map=4, WM=4)
[INFO] [1773308295.610824155] [rtabmap]: rtabmap (150): Rate=1.00s, Limit=0.000s, Conversion=0.0004s, RTAB-Map=0.0771s, Maps update=0.0003s pub=0.0010s delay=0.2400s (local map=4, WM=4)
[INFO] [1773308296.602662565] [rtabmap]: rtabmap (151): Rate=1.00s, Limit=0.000s, Conversion=0.0004s, RTAB-Map=0.0734s, Maps update=0.0003s pub=0.0011s delay=0.2317s (local map=4, WM=4)
[INFO] [1773308297.705880816] [rtabmap]: rtabmap (152): Rate=1.00s, Limit=0.000s, Conversion=0.0007s, RTAB-Map=0.0731s, Maps update=0.0003s pub=0.0010s delay=0.2352s (local map=4, WM=4)
[INFO] [1773308298.719896694] [rtabmap]: rtabmap (153): Rate=1.00s, Limit=0.000s, Conversion=0.0005s, RTAB-Map=0.0794s, Maps update=0.0002s pub=0.0017s delay=0.2489s (local map=4, WM=4)
[INFO] [1773308299.807624929] [rtabmap]: rtabmap (154): Rate=1.00s, Limit=0.000s, Conversion=0.0005s, RTAB-Map=0.0740s, Maps update=0.0003s pub=0.0009s delay=0.2367s (local map=4, WM=4)
[INFO] [1773308300.893392203] [rtabmap]: rtabmap (155): Rate=1.00s, Limit=0.000s, Conversion=0.0006s, RTAB-Map=0.0636s, Maps update=0.0002s pub=0.0012s delay=0.2225s (local map=4, WM=4)
[INFO] [1773308301.904513139] [rtabmap]: rtabmap (156): Rate=1.00s, Limit=0.000s, Conversion=0.0003s, RTAB-Map=0.0714s, Maps update=0.0003s pub=0.0011s delay=0.2336s (local map=4, WM=4)
[INFO] [1773308302.908406507] [rtabmap]: rtabmap (157): Rate=1.00s, Limit=0.000s, Conversion=0.0003s, RTAB-Map=0.0724s, Maps update=0.0003s pub=0.0008s delay=0.2369s (local map=4, WM=4)
[INFO] [1773308303.998821743] [rtabmap]: rtabmap (158): Rate=1.00s, Limit=0.000s, Conversion=0.0004s, RTAB-Map=0.0708s, Maps update=0.0003s pub=0.0017s delay=0.2280s (local map=4, WM=4)
[INFO] [1773308305.109506640] [rtabmap]: rtabmap (159): Rate=1.00s, Limit=0.000s, Conversion=0.0006s, RTAB-Map=0.0749s, Maps update=0.0003s pub=0.0011s delay=0.2387s (local map=4, WM=4)
[INFO] [1773308306.208556273] [rtabmap]: rtabmap (160): Rate=1.00s, Limit=0.000s, Conversion=0.0017s, RTAB-Map=0.0742s, Maps update=0.0003s pub=0.0017s delay=0.2376s (local map=4, WM=4)
[INFO] [1773308307.198214451] [rtabmap]: rtabmap (161): Rate=1.00s, Limit=0.000s, Conversion=0.0003s, RTAB-Map=0.0713s, Maps update=0.0002s pub=0.0009s delay=0.2272s (local map=4, WM=4)
[INFO] [1773308308.298860489] [rtabmap]: rtabmap (162): Rate=1.00s, Limit=0.000s, Conversion=0.0003s, RTAB-Map=0.0674s, Maps update=0.0002s pub=0.0009s delay=0.2280s (local map=4, WM=4)
[INFO] [1773308309.295602613] [rtabmap]: rtabmap (163): Rate=1.00s, Limit=0.000s, Conversion=0.0004s, RTAB-Map=0.0675s, Maps update=0.0003s pub=0.0013s delay=0.2247s (local map=4, WM=4)
[INFO] [1773308310.412802286] [rtabmap]: rtabmap (164): Rate=1.00s, Limit=0.000s, Conversion=0.0003s, RTAB-Map=0.0754s, Maps update=0.0004s pub=0.0014s delay=0.2419s (local map=4, WM=4)
[INFO] [1773308311.505421914] [rtabmap]: rtabmap (165): Rate=1.00s, Limit=0.000s, Conversion=0.0003s, RTAB-Map=0.0696s, Maps update=0.0002s pub=0.0009s delay=0.2345s (local map=4, WM=4)
[INFO] [1773308312.607795401] [rtabmap]: rtabmap (166): Rate=1.00s, Limit=0.000s, Conversion=0.0004s, RTAB-Map=0.0788s, Maps update=0.0003s pub=0.0009s delay=0.2370s (local map=4, WM=4)
[INFO] [1773308313.615450814] [rtabmap]: rtabmap (167): Rate=1.00s, Limit=0.000s, Conversion=0.0005s, RTAB-Map=0.0826s, Maps update=0.0003s pub=0.0011s delay=0.2446s (local map=4, WM=4)
[INFO] [1773308314.708958856] [rtabmap]: rtabmap (168): Rate=1.00s, Limit=0.000s, Conversion=0.0005s, RTAB-Map=0.0737s, Maps update=0.0003s pub=0.0009s delay=0.2380s (local map=4, WM=4)
[INFO] [1773308315.806221742] [rtabmap]: rtabmap (169): Rate=1.00s, Limit=0.000s, Conversion=0.0004s, RTAB-Map=0.0795s, Maps update=0.0004s pub=0.0020s delay=0.2354s (local map=4, WM=4)
[INFO] [1773308316.795739019] [rtabmap]: rtabmap (170): Rate=1.00s, Limit=0.000s, Conversion=0.0003s, RTAB-Map=0.0647s, Maps update=0.0004s pub=0.0021s delay=0.2248s (local map=4, WM=4)
[INFO] [1773308317.904383401] [rtabmap]: rtabmap (171): Rate=1.00s, Limit=0.000s, Conversion=0.0003s, RTAB-Map=0.0700s, Maps update=0.0003s pub=0.0022s delay=0.2334s (local map=4, WM=4)
[INFO] [1773308318.999404677] [rtabmap]: rtabmap (172): Rate=1.00s, Limit=0.000s, Conversion=0.0004s, RTAB-Map=0.0718s, Maps update=0.0004s pub=0.0040s delay=0.2285s (local map=4, WM=4)
[INFO] [1773308320.099451527] [rtabmap]: rtabmap (173): Rate=1.00s, Limit=0.000s, Conversion=0.0004s, RTAB-Map=0.0691s, Maps update=0.0003s pub=0.0010s delay=0.2285s (local map=4, WM=4)
[INFO] [1773308321.102726795] [rtabmap]: rtabmap (174): Rate=1.00s, Limit=0.000s, Conversion=0.0004s, RTAB-Map=0.0684s, Maps update=0.0014s pub=0.0023s delay=0.2317s (local map=4, WM=4)
[INFO] [1773308322.201696265] [rtabmap]: rtabmap (175): Rate=1.00s, Limit=0.000s, Conversion=0.0003s, RTAB-Map=0.0668s, Maps update=0.0003s pub=0.0012s delay=0.2309s (local map=4, WM=4)
[INFO] [1773308323.200909575] [rtabmap]: rtabmap (176): Rate=1.00s, Limit=0.000s, Conversion=0.0004s, RTAB-Map=0.0718s, Maps update=0.0005s pub=0.0011s delay=0.2300s (local map=4, WM=4)
[INFO] [1773308324.303445659] [rtabmap]: rtabmap (177): Rate=1.00s, Limit=0.000s, Conversion=0.0003s, RTAB-Map=0.0644s, Maps update=0.0003s pub=0.0013s delay=0.2325s (local map=4, WM=4)
[INFO] [1773308325.411820112] [rtabmap]: rtabmap (178): Rate=1.00s, Limit=0.000s, Conversion=0.0004s, RTAB-Map=0.0712s, Maps update=0.0003s pub=0.0014s delay=0.2408s (local map=4, WM=4)
[INFO] [1773308326.416137719] [rtabmap]: rtabmap (179): Rate=1.00s, Limit=0.000s, Conversion=0.0004s, RTAB-Map=0.0759s, Maps update=0.0003s pub=0.0009s delay=0.2451s (local map=4, WM=4)
[INFO] [1773308327.498947007] [rtabmap]: rtabmap (180): Rate=1.00s, Limit=0.000s, Conversion=0.0005s, RTAB-Map=0.0689s, Maps update=0.0002s pub=0.0014s delay=0.2280s (local map=4, WM=4)
[INFO] [1773308328.610963693] [rtabmap]: rtabmap (181): Rate=1.00s, Limit=0.000s, Conversion=0.0003s, RTAB-Map=0.0786s, Maps update=0.0003s pub=0.0010s delay=0.2400s (local map=4, WM=4)
[INFO] [1773308329.704351443] [rtabmap]: rtabmap (182): Rate=1.00s, Limit=0.000s, Conversion=0.0005s, RTAB-Map=0.0712s, Maps update=0.0002s pub=0.0013s delay=0.2334s (local map=4, WM=4)
[INFO] [1773308330.818429284] [rtabmap]: rtabmap (183): Rate=1.00s, Limit=0.000s, Conversion=0.0003s, RTAB-Map=0.0776s, Maps update=0.0009s pub=0.0010s delay=0.2475s (local map=4, WM=4)
[INFO] [1773308331.812244016] [rtabmap]: rtabmap (184): Rate=1.00s, Limit=0.000s, Conversion=0.0005s, RTAB-Map=0.0791s, Maps update=0.0003s pub=0.0010s delay=0.2413s (local map=4, WM=4)
[INFO] [1773308332.909573720] [rtabmap]: rtabmap (185): Rate=1.00s, Limit=0.000s, Conversion=0.0016s, RTAB-Map=0.0757s, Maps update=0.0003s pub=0.0009s delay=0.2386s (local map=4, WM=4)
[INFO] [1773308333.912221799] [rtabmap]: rtabmap (186): Rate=1.00s, Limit=0.000s, Conversion=0.0004s, RTAB-Map=0.0764s, Maps update=0.0002s pub=0.0010s delay=0.2412s (local map=4, WM=4)
[INFO] [1773308335.011609811] [rtabmap]: rtabmap (187): Rate=1.00s, Limit=0.000s, Conversion=0.0005s, RTAB-Map=0.0806s, Maps update=0.0003s pub=0.0010s delay=0.2406s (local map=4, WM=4)
[INFO] [1773308336.008167769] [rtabmap]: rtabmap (188): Rate=1.00s, Limit=0.000s, Conversion=0.0108s, RTAB-Map=0.0670s, Maps update=0.0003s pub=0.0017s delay=0.2371s (local map=4, WM=4)
[INFO] [1773308337.112185470] [rtabmap]: rtabmap (189): Rate=1.00s, Limit=0.000s, Conversion=0.0004s, RTAB-Map=0.0736s, Maps update=0.0013s pub=0.0017s delay=0.2413s (local map=4, WM=4)
[INFO] [1773308338.115275580] [rtabmap]: rtabmap (190): Rate=1.00s, Limit=0.000s, Conversion=0.0003s, RTAB-Map=0.0746s, Maps update=0.0003s pub=0.0011s delay=0.2444s (local map=4, WM=4)
[INFO] [1773308339.102114081] [rtabmap]: rtabmap (191): Rate=1.00s, Limit=0.000s, Conversion=0.0004s, RTAB-Map=0.0704s, Maps update=0.0003s pub=0.0010s delay=0.2312s (local map=4, WM=4)
[INFO] [1773308340.116159721] [rtabmap]: rtabmap (192): Rate=1.00s, Limit=0.000s, Conversion=0.0004s, RTAB-Map=0.0795s, Maps update=0.0008s pub=0.0017s delay=0.2452s (local map=4, WM=4)
[INFO] [1773308341.210926876] [rtabmap]: rtabmap (193): Rate=1.00s, Limit=0.000s, Conversion=0.0003s, RTAB-Map=0.0765s, Maps update=0.0003s pub=0.0017s delay=0.2398s (local map=4, WM=4)
[INFO] [1773308342.304431110] [rtabmap]: rtabmap (194): Rate=1.00s, Limit=0.000s, Conversion=0.0003s, RTAB-Map=0.0738s, Maps update=0.0003s pub=0.0017s delay=0.2333s (local map=4, WM=4)
[INFO] [1773308343.420340468] [rtabmap]: rtabmap (195): Rate=1.00s, Limit=0.000s, Conversion=0.0006s, RTAB-Map=0.0786s, Maps update=0.0005s pub=0.0012s delay=0.2493s (local map=4, WM=4)
[INFO] [1773308344.514941762] [rtabmap]: rtabmap (196): Rate=1.00s, Limit=0.000s, Conversion=0.0006s, RTAB-Map=0.0791s, Maps update=0.0003s pub=0.0020s delay=0.2439s (local map=4, WM=4)
[INFO] [1773308345.609689557] [rtabmap]: rtabmap (197): Rate=1.00s, Limit=0.000s, Conversion=0.0006s, RTAB-Map=0.0741s, Maps update=0.0003s pub=0.0011s delay=0.2387s (local map=4, WM=4)
[INFO] [1773308346.697445153] [rtabmap]: rtabmap (198): Rate=1.00s, Limit=0.000s, Conversion=0.0003s, RTAB-Map=0.0697s, Maps update=0.0002s pub=0.0014s delay=0.2265s (local map=4, WM=4)
[INFO] [1773308347.697375862] [rtabmap]: rtabmap (199): Rate=1.00s, Limit=0.000s, Conversion=0.0004s, RTAB-Map=0.0691s, Maps update=0.0003s pub=0.0012s delay=0.2264s (local map=4, WM=4)
[INFO] [1773308348.707573471] [rtabmap]: rtabmap (200): Rate=1.00s, Limit=0.000s, Conversion=0.0005s, RTAB-Map=0.0773s, Maps update=0.0005s pub=0.0013s delay=0.2365s (local map=4, WM=4)
[INFO] [1773308349.808242261] [rtabmap]: rtabmap (201): Rate=1.00s, Limit=0.000s, Conversion=0.0005s, RTAB-Map=0.0718s, Maps update=0.0003s pub=0.0013s delay=0.2372s (local map=4, WM=4)
[INFO] [1773308350.820265370] [rtabmap]: rtabmap (202): Rate=1.00s, Limit=0.000s, Conversion=0.0004s, RTAB-Map=0.0821s, Maps update=0.0003s pub=0.0044s delay=0.2492s (local map=4, WM=4)
[INFO] [1773308351.814109319] [rtabmap]: rtabmap (203): Rate=1.00s, Limit=0.000s, Conversion=0.0006s, RTAB-Map=0.0786s, Maps update=0.0003s pub=0.0015s delay=0.2430s (local map=4, WM=4)
[INFO] [1773308352.807730124] [rtabmap]: rtabmap (204): Rate=1.00s, Limit=0.000s, Conversion=0.0004s, RTAB-Map=0.0748s, Maps update=0.0004s pub=0.0015s delay=0.2366s (local map=4, WM=4)
[INFO] [1773308353.797860445] [rtabmap]: rtabmap (205): Rate=1.00s, Limit=0.000s, Conversion=0.0005s, RTAB-Map=0.0727s, Maps update=0.0004s pub=0.0014s delay=0.2265s (local map=4, WM=4)
[INFO] [1773308354.912186711] [rtabmap]: rtabmap (206): Rate=1.00s, Limit=0.000s, Conversion=0.0005s, RTAB-Map=0.0679s, Maps update=0.0003s pub=0.0010s delay=0.2411s (local map=4, WM=4)
[INFO] [1773308355.916151282] [rtabmap]: rtabmap (207): Rate=1.00s, Limit=0.000s, Conversion=0.0107s, RTAB-Map=0.0773s, Maps update=0.0003s pub=0.0010s delay=0.2451s (local map=4, WM=4)
[INFO] [1773308356.913504370] [rtabmap]: rtabmap (208): Rate=1.00s, Limit=0.000s, Conversion=0.0005s, RTAB-Map=0.0725s, Maps update=0.0002s pub=0.0010s delay=0.2423s (local map=4, WM=4)
[INFO] [1773308358.001897331] [rtabmap]: rtabmap (209): Rate=1.00s, Limit=0.000s, Conversion=0.0003s, RTAB-Map=0.0743s, Maps update=0.0003s pub=0.0012s delay=0.2307s (local map=4, WM=4)
[INFO] [1773308359.106256387] [rtabmap]: rtabmap (210): Rate=1.00s, Limit=0.000s, Conversion=0.0003s, RTAB-Map=0.0735s, Maps update=0.0002s pub=0.0020s delay=0.2352s (local map=4, WM=4)
[INFO] [1773308360.200509958] [rtabmap]: rtabmap (211): Rate=1.00s, Limit=0.000s, Conversion=0.0004s, RTAB-Map=0.0663s, Maps update=0.0002s pub=0.0009s delay=0.2295s (local map=4, WM=4)
[INFO] [1773308361.202900524] [rtabmap]: rtabmap (212): Rate=1.00s, Limit=0.000s, Conversion=0.0005s, RTAB-Map=0.0685s, Maps update=0.0003s pub=0.0010s delay=0.2317s (local map=4, WM=4)
[INFO] [1773308362.312636527] [rtabmap]: rtabmap (213): Rate=1.00s, Limit=0.000s, Conversion=0.0005s, RTAB-Map=0.0785s, Maps update=0.0003s pub=0.0014s delay=0.2416s (local map=4, WM=4)
[INFO] [1773308363.302114955] [rtabmap]: rtabmap (214): Rate=1.00s, Limit=0.000s, Conversion=0.0004s, RTAB-Map=0.0769s, Maps update=0.0003s pub=0.0015s delay=0.2310s (local map=4, WM=4)
[INFO] [1773308364.410890093] [rtabmap]: rtabmap (215): Rate=1.00s, Limit=0.000s, Conversion=0.0004s, RTAB-Map=0.0748s, Maps update=0.0003s pub=0.0009s delay=0.2398s (local map=4, WM=4)
[INFO] [1773308365.400491565] [rtabmap]: rtabmap (216): Rate=1.00s, Limit=0.000s, Conversion=0.0003s, RTAB-Map=0.0673s, Maps update=0.0002s pub=0.0010s delay=0.2294s (local map=4, WM=4)
[INFO] [1773308366.507628985] [rtabmap]: rtabmap (217): Rate=1.00s, Limit=0.000s, Conversion=0.0108s, RTAB-Map=0.0716s, Maps update=0.0004s pub=0.0011s delay=0.2364s (local map=4, WM=4)
[INFO] [1773308367.612516603] [rtabmap]: rtabmap (218): Rate=1.00s, Limit=0.000s, Conversion=0.0006s, RTAB-Map=0.0744s, Maps update=0.0002s pub=0.0008s delay=0.2413s (local map=4, WM=4)
[INFO] [1773308368.710876198] [rtabmap]: rtabmap (219): Rate=1.00s, Limit=0.000s, Conversion=0.0003s, RTAB-Map=0.0793s, Maps update=0.0006s pub=0.0043s delay=0.2397s (local map=4, WM=4)
[INFO] [1773308369.814293143] [rtabmap]: rtabmap (220): Rate=1.00s, Limit=0.000s, Conversion=0.0003s, RTAB-Map=0.0780s, Maps update=0.0002s pub=0.0010s delay=0.2431s (local map=4, WM=4)
[INFO] [1773308370.814785375] [rtabmap]: rtabmap (221): Rate=1.00s, Limit=0.000s, Conversion=0.0003s, RTAB-Map=0.0747s, Maps update=0.0002s pub=0.0014s delay=0.2436s (local map=4, WM=4)
[INFO] [1773308371.905541422] [rtabmap]: rtabmap (222): Rate=1.00s, Limit=0.000s, Conversion=0.0003s, RTAB-Map=0.0767s, Maps update=0.0005s pub=0.0019s delay=0.2344s (local map=4, WM=4)
[INFO] [1773308372.909769873] [rtabmap]: rtabmap (223): Rate=1.00s, Limit=0.000s, Conversion=0.0004s, RTAB-Map=0.0762s, Maps update=0.0003s pub=0.0016s delay=0.2385s (local map=4, WM=4)
[INFO] [1773308374.011182848] [rtabmap]: rtabmap (224): Rate=1.00s, Limit=0.000s, Conversion=0.0003s, RTAB-Map=0.0752s, Maps update=0.0009s pub=0.0009s delay=0.2401s (local map=4, WM=4)
[INFO] [1773308375.112886713] [rtabmap]: rtabmap (225): Rate=1.00s, Limit=0.000s, Conversion=0.0005s, RTAB-Map=0.0817s, Maps update=0.0010s pub=0.0012s delay=0.2417s (local map=4, WM=4)
[INFO] [1773308376.114796048] [rtabmap]: rtabmap (226): Rate=1.00s, Limit=0.000s, Conversion=0.0003s, RTAB-Map=0.0792s, Maps update=0.0003s pub=0.0011s delay=0.2435s (local map=4, WM=4)
[INFO] [1773308377.205847241] [rtabmap]: rtabmap (227): Rate=1.00s, Limit=0.000s, Conversion=0.0105s, RTAB-Map=0.0667s, Maps update=0.0002s pub=0.0009s delay=0.2346s (local map=4, WM=4)
[INFO] [1773308378.312633097] [rtabmap]: rtabmap (228): Rate=1.00s, Limit=0.000s, Conversion=0.0006s, RTAB-Map=0.0755s, Maps update=0.0005s pub=0.0016s delay=0.2414s (local map=4, WM=4)
[INFO] [1773308379.412147770] [rtabmap]: rtabmap (229): Rate=1.00s, Limit=0.000s, Conversion=0.0003s, RTAB-Map=0.0726s, Maps update=0.0003s pub=0.0008s delay=0.2408s (local map=4, WM=4)
[INFO] [1773308380.500885478] [rtabmap]: rtabmap (230): Rate=1.00s, Limit=0.000s, Conversion=0.0005s, RTAB-Map=0.0690s, Maps update=0.0004s pub=0.0012s delay=0.2296s (local map=4, WM=4)
[INFO] [1773308381.512264822] [rtabmap]: rtabmap (231): Rate=1.00s, Limit=0.000s, Conversion=0.0004s, RTAB-Map=0.0775s, Maps update=0.0007s pub=0.0022s delay=0.2410s (local map=4, WM=4)
[INFO] [1773308382.610846151] [rtabmap]: rtabmap (232): Rate=1.00s, Limit=0.000s, Conversion=0.0003s, RTAB-Map=0.0762s, Maps update=0.0002s pub=0.0011s delay=0.2396s (local map=4, WM=4)
[INFO] [1773308383.698744248] [rtabmap]: rtabmap (233): Rate=1.00s, Limit=0.000s, Conversion=0.0005s, RTAB-Map=0.0685s, Maps update=0.0002s pub=0.0011s delay=0.2276s (local map=4, WM=4)
[INFO] [1773308384.807006185] [rtabmap]: rtabmap (234): Rate=1.00s, Limit=0.000s, Conversion=0.0003s, RTAB-Map=0.0727s, Maps update=0.0005s pub=0.0009s delay=0.2356s (local map=4, WM=4)
[INFO] [1773308385.909212211] [rtabmap]: rtabmap (235): Rate=1.00s, Limit=0.000s, Conversion=0.0005s, RTAB-Map=0.0749s, Maps update=0.0002s pub=0.0012s delay=0.2380s (local map=4, WM=4)
[INFO] [1773308386.919808968] [rtabmap]: rtabmap (236): Rate=1.00s, Limit=0.000s, Conversion=0.0004s, RTAB-Map=0.0732s, Maps update=0.0003s pub=0.0013s delay=0.2485s (local map=4, WM=4)
[INFO] [1773308387.923814628] [rtabmap]: rtabmap (237): Rate=1.00s, Limit=0.000s, Conversion=0.0005s, RTAB-Map=0.0804s, Maps update=0.0003s pub=0.0008s delay=0.2525s (local map=4, WM=4)
[INFO] [1773308389.006986649] [rtabmap]: rtabmap (238): Rate=1.00s, Limit=0.000s, Conversion=0.0004s, RTAB-Map=0.0731s, Maps update=0.0002s pub=0.0013s delay=0.2357s (local map=4, WM=4)
[INFO] [1773308390.095362617] [rtabmap]: rtabmap (239): Rate=1.00s, Limit=0.000s, Conversion=0.0003s, RTAB-Map=0.0660s, Maps update=0.0003s pub=0.0009s delay=0.2241s (local map=4, WM=4)
[INFO] [1773308391.113843188] [rtabmap]: rtabmap (240): Rate=1.00s, Limit=0.000s, Conversion=0.0004s, RTAB-Map=0.0787s, Maps update=0.0002s pub=0.0009s delay=0.2425s (local map=4, WM=4)
[INFO] [1773308392.207447905] [rtabmap]: rtabmap (241): Rate=1.00s, Limit=0.000s, Conversion=0.0004s, RTAB-Map=0.0753s, Maps update=0.0003s pub=0.0014s delay=0.2362s (local map=4, WM=4)
[INFO] [1773308393.212974255] [rtabmap]: rtabmap (242): Rate=1.00s, Limit=0.000s, Conversion=0.0004s, RTAB-Map=0.0714s, Maps update=0.0002s pub=0.0008s delay=0.2417s (local map=4, WM=4)
[INFO] [1773308394.309679554] [rtabmap]: rtabmap (243): Rate=1.00s, Limit=0.000s, Conversion=0.0004s, RTAB-Map=0.0739s, Maps update=0.0002s pub=0.0008s delay=0.2384s (local map=4, WM=4)
[INFO] [1773308395.400966723] [rtabmap]: rtabmap (244): Rate=1.00s, Limit=0.000s, Conversion=0.0003s, RTAB-Map=0.0689s, Maps update=0.0007s pub=0.0012s delay=0.2297s (local map=4, WM=4)
[INFO] [1773308396.409369232] [rtabmap]: rtabmap (245): Rate=1.00s, Limit=0.000s, Conversion=0.0003s, RTAB-Map=0.0715s, Maps update=0.0002s pub=0.0008s delay=0.2380s (local map=4, WM=4)
[INFO] [1773308397.492712938] [rtabmap]: rtabmap (246): Rate=1.00s, Limit=0.000s, Conversion=0.0005s, RTAB-Map=0.0644s, Maps update=0.0002s pub=0.0009s delay=0.2215s (local map=4, WM=4)
[INFO] [1773308398.601771318] [rtabmap]: rtabmap (247): Rate=1.00s, Limit=0.000s, Conversion=0.0003s, RTAB-Map=0.0695s, Maps update=0.0002s pub=0.0010s delay=0.2304s (local map=4, WM=4)
[INFO] [1773308399.621749762] [rtabmap]: rtabmap (248): Rate=1.00s, Limit=0.000s, Conversion=0.0004s, RTAB-Map=0.0831s, Maps update=0.0002s pub=0.0010s delay=0.2503s (local map=4, WM=4)
[INFO] [1773308400.720643454] [rtabmap]: rtabmap (249): Rate=1.00s, Limit=0.000s, Conversion=0.0005s, RTAB-Map=0.0777s, Maps update=0.0003s pub=0.0011s delay=0.2493s (local map=4, WM=4)
[INFO] [1773308401.708429506] [rtabmap]: rtabmap (250): Rate=1.00s, Limit=0.000s, Conversion=0.0003s, RTAB-Map=0.0751s, Maps update=0.0002s pub=0.0013s delay=0.2370s (local map=4, WM=4)
[INFO] [1773308402.698420367] [rtabmap]: rtabmap (251): Rate=1.00s, Limit=0.000s, Conversion=0.0003s, RTAB-Map=0.0671s, Maps update=0.0003s pub=0.0009s delay=0.2270s (local map=4, WM=4)
[INFO] [1773308403.801941412] [rtabmap]: rtabmap (252): Rate=1.00s, Limit=0.000s, Conversion=0.0004s, RTAB-Map=0.0699s, Maps update=0.0003s pub=0.0014s delay=0.2306s (local map=4, WM=4)
[INFO] [1773308404.914315197] [rtabmap]: rtabmap (253): Rate=1.00s, Limit=0.000s, Conversion=0.0004s, RTAB-Map=0.0784s, Maps update=0.0003s pub=0.0010s delay=0.2430s (local map=4, WM=4)
[INFO] [1773308405.932425195] [rtabmap]: rtabmap (254): Rate=1.00s, Limit=0.000s, Conversion=0.0007s, RTAB-Map=0.0865s, Maps update=0.0004s pub=0.0011s delay=0.2610s (local map=4, WM=4)
[INFO] [1773308407.009769375] [rtabmap]: rtabmap (255): Rate=1.00s, Limit=0.000s, Conversion=0.0005s, RTAB-Map=0.0801s, Maps update=0.0003s pub=0.0016s delay=0.2384s (local map=4, WM=4)
[INFO] [1773308408.109814625] [rtabmap]: rtabmap (256): Rate=1.00s, Limit=0.000s, Conversion=0.0007s, RTAB-Map=0.0731s, Maps update=0.0003s pub=0.0012s delay=0.2384s (local map=4, WM=4)
[INFO] [1773308409.201843994] [rtabmap]: rtabmap (257): Rate=1.00s, Limit=0.000s, Conversion=0.0003s, RTAB-Map=0.0774s, Maps update=0.0003s pub=0.0010s delay=0.2305s (local map=4, WM=4)
[INFO] [1773308410.210149092] [rtabmap]: rtabmap (258): Rate=1.00s, Limit=0.000s, Conversion=0.0005s, RTAB-Map=0.0718s, Maps update=0.0003s pub=0.0012s delay=0.2387s (local map=4, WM=4)
[INFO] [1773308411.196889189] [rtabmap]: rtabmap (259): Rate=1.00s, Limit=0.000s, Conversion=0.0003s, RTAB-Map=0.0706s, Maps update=0.0003s pub=0.0010s delay=0.2254s (local map=4, WM=4)
[INFO] [1773308412.311279073] [rtabmap]: rtabmap (260): Rate=1.00s, Limit=0.000s, Conversion=0.0004s, RTAB-Map=0.0773s, Maps update=0.0004s pub=0.0009s delay=0.2399s (local map=4, WM=4)
[INFO] [1773308413.313077429] [rtabmap]: rtabmap (261): Rate=1.00s, Limit=0.000s, Conversion=0.0006s, RTAB-Map=0.0732s, Maps update=0.0003s pub=0.0013s delay=0.2416s (local map=4, WM=4)
[INFO] [1773308414.314947082] [rtabmap]: rtabmap (262): Rate=1.00s, Limit=0.000s, Conversion=0.0004s, RTAB-Map=0.0778s, Maps update=0.0002s pub=0.0010s delay=0.2434s (local map=4, WM=4)
[INFO] [1773308415.407221515] [rtabmap]: rtabmap (263): Rate=1.00s, Limit=0.000s, Conversion=0.0004s, RTAB-Map=0.0720s, Maps update=0.0003s pub=0.0010s delay=0.2358s (local map=4, WM=4)
[INFO] [1773308416.413823613] [rtabmap]: rtabmap (264): Rate=1.00s, Limit=0.000s, Conversion=0.0004s, RTAB-Map=0.0830s, Maps update=0.0003s pub=0.0012s delay=0.2423s (local map=4, WM=4)
[INFO] [1773308417.497729578] [rtabmap]: rtabmap (265): Rate=1.00s, Limit=0.000s, Conversion=0.0004s, RTAB-Map=0.0697s, Maps update=0.0003s pub=0.0010s delay=0.2264s (local map=4, WM=4)
[INFO] [1773308418.493088232] [rtabmap]: rtabmap (266): Rate=1.00s, Limit=0.000s, Conversion=0.0003s, RTAB-Map=0.0674s, Maps update=0.0002s pub=0.0009s delay=0.2215s (local map=4, WM=4)
[INFO] [1773308419.618239688] [rtabmap]: rtabmap (267): Rate=1.00s, Limit=0.000s, Conversion=0.0003s, RTAB-Map=0.0833s, Maps update=0.0011s pub=0.0017s delay=0.2467s (local map=4, WM=4)
[INFO] [1773308420.693265711] [rtabmap]: rtabmap (268): Rate=1.00s, Limit=0.000s, Conversion=0.0003s, RTAB-Map=0.0633s, Maps update=0.0002s pub=0.0010s delay=0.2218s (local map=4, WM=4)
[INFO] [1773308421.813339244] [rtabmap]: rtabmap (269): Rate=1.00s, Limit=0.000s, Conversion=0.0003s, RTAB-Map=0.0808s, Maps update=0.0022s pub=0.0009s delay=0.2421s (local map=4, WM=4)
[INFO] [1773308422.818257452] [rtabmap]: rtabmap (270): Rate=1.00s, Limit=0.000s, Conversion=0.0004s, RTAB-Map=0.0794s, Maps update=0.0003s pub=0.0016s delay=0.2468s (local map=4, WM=4)
[INFO] [1773308423.809698296] [rtabmap]: rtabmap (271): Rate=1.00s, Limit=0.000s, Conversion=0.0004s, RTAB-Map=0.0782s, Maps update=0.0004s pub=0.0014s delay=0.2382s (local map=4, WM=4)
[INFO] [1773308424.915634201] [rtabmap]: rtabmap (272): Rate=1.00s, Limit=0.000s, Conversion=0.0004s, RTAB-Map=0.0721s, Maps update=0.0002s pub=0.0008s delay=0.2443s (local map=4, WM=4)
[INFO] [1773308425.910558806] [rtabmap]: rtabmap (273): Rate=1.00s, Limit=0.000s, Conversion=0.0004s, RTAB-Map=0.0779s, Maps update=0.0021s pub=0.0033s delay=0.2391s (local map=5, WM=5)
[INFO] [1773308426.909893793] [rtabmap]: rtabmap (274): Rate=1.00s, Limit=0.000s, Conversion=0.0003s, RTAB-Map=0.0718s, Maps update=0.0003s pub=0.0019s delay=0.2384s (local map=5, WM=5)
[INFO] [1773308427.916294225] [rtabmap]: rtabmap (275): Rate=1.00s, Limit=0.000s, Conversion=0.0108s, RTAB-Map=0.0741s, Maps update=0.0014s pub=0.0032s delay=0.2447s (local map=6, WM=6)
[INFO] [1773308429.010108458] [rtabmap]: rtabmap (276): Rate=1.00s, Limit=0.000s, Conversion=0.0005s, RTAB-Map=0.0748s, Maps update=0.0002s pub=0.0017s delay=0.2387s (local map=6, WM=6)
[INFO] [1773308430.106829793] [rtabmap]: rtabmap (277): Rate=1.00s, Limit=0.000s, Conversion=0.0004s, RTAB-Map=0.0758s, Maps update=0.0004s pub=0.0013s delay=0.2353s (local map=6, WM=6)
[INFO] [1773308431.211915846] [rtabmap]: rtabmap (278): Rate=1.00s, Limit=0.000s, Conversion=0.0007s, RTAB-Map=0.0743s, Maps update=0.0003s pub=0.0012s delay=0.2405s (local map=6, WM=6)
[INFO] [1773308432.200416852] [rtabmap]: rtabmap (279): Rate=1.00s, Limit=0.000s, Conversion=0.0003s, RTAB-Map=0.0665s, Maps update=0.0004s pub=0.0016s delay=0.2289s (local map=6, WM=6)
[INFO] [1773308433.303722399] [rtabmap]: rtabmap (280): Rate=1.00s, Limit=0.000s, Conversion=0.0004s, RTAB-Map=0.0709s, Maps update=0.0003s pub=0.0017s delay=0.2323s (local map=6, WM=6)
[INFO] [1773308434.308485626] [rtabmap]: rtabmap (281): Rate=1.00s, Limit=0.000s, Conversion=0.0003s, RTAB-Map=0.0798s, Maps update=0.0004s pub=0.0020s delay=0.2369s (local map=6, WM=6)
[INFO] [1773308435.408131536] [rtabmap]: rtabmap (282): Rate=1.00s, Limit=0.000s, Conversion=0.0003s, RTAB-Map=0.0772s, Maps update=0.0003s pub=0.0026s delay=0.2367s (local map=6, WM=6)
[INFO] [1773308436.498331700] [rtabmap]: rtabmap (283): Rate=1.00s, Limit=0.000s, Conversion=0.0004s, RTAB-Map=0.0700s, Maps update=0.0003s pub=0.0013s delay=0.2267s (local map=6, WM=6)
[INFO] [1773308437.612932045] [rtabmap]: rtabmap (284): Rate=1.00s, Limit=0.000s, Conversion=0.0004s, RTAB-Map=0.0767s, Maps update=0.0002s pub=0.0011s delay=0.2415s (local map=6, WM=6)
[INFO] [1773308438.612287609] [rtabmap]: rtabmap (285): Rate=1.00s, Limit=0.000s, Conversion=0.0005s, RTAB-Map=0.0821s, Maps update=0.0003s pub=0.0012s delay=0.2407s (local map=6, WM=6)
[INFO] [1773308439.719298236] [rtabmap]: rtabmap (286): Rate=1.00s, Limit=0.000s, Conversion=0.0107s, RTAB-Map=0.0790s, Maps update=0.0002s pub=0.0011s delay=0.2477s (local map=6, WM=6)
[INFO] [1773308440.810147861] [rtabmap]: rtabmap (287): Rate=1.00s, Limit=0.000s, Conversion=0.0005s, RTAB-Map=0.0721s, Maps update=0.0003s pub=0.0011s delay=0.2387s (local map=6, WM=6)
[INFO] [1773308441.814865743] [rtabmap]: rtabmap (288): Rate=1.00s, Limit=0.000s, Conversion=0.0004s, RTAB-Map=0.0761s, Maps update=0.0002s pub=0.0012s delay=0.2433s (local map=6, WM=6)
[INFO] [1773308442.813966483] [rtabmap]: rtabmap (289): Rate=1.00s, Limit=0.000s, Conversion=0.0004s, RTAB-Map=0.0736s, Maps update=0.0002s pub=0.0012s delay=0.2424s (local map=6, WM=6)
[INFO] [1773308443.811703018] [rtabmap]: rtabmap (290): Rate=1.00s, Limit=0.000s, Conversion=0.0003s, RTAB-Map=0.0713s, Maps update=0.0003s pub=0.0011s delay=0.2401s (local map=6, WM=6)
[INFO] [1773308444.909121016] [rtabmap]: rtabmap (291): Rate=1.00s, Limit=0.000s, Conversion=0.0005s, RTAB-Map=0.0766s, Maps update=0.0008s pub=0.0016s delay=0.2374s (local map=6, WM=6)
[INFO] [1773308446.002118518] [rtabmap]: rtabmap (292): Rate=1.00s, Limit=0.000s, Conversion=0.0003s, RTAB-Map=0.0722s, Maps update=0.0004s pub=0.0014s delay=0.2306s (local map=6, WM=6)
[INFO] [1773308447.015949110] [rtabmap]: rtabmap (293): Rate=1.00s, Limit=0.000s, Conversion=0.0004s, RTAB-Map=0.0765s, Maps update=0.0003s pub=0.0013s delay=0.2443s (local map=6, WM=6)
[INFO] [1773308448.007533383] [rtabmap]: rtabmap (294): Rate=1.00s, Limit=0.000s, Conversion=0.0005s, RTAB-Map=0.0707s, Maps update=0.0014s pub=0.0017s delay=0.2359s (local map=6, WM=6)
[INFO] [1773308449.013880565] [rtabmap]: rtabmap (295): Rate=1.00s, Limit=0.000s, Conversion=0.0005s, RTAB-Map=0.0721s, Maps update=0.0002s pub=0.0016s delay=0.2422s (local map=6, WM=6)
[INFO] [1773308450.097477188] [rtabmap]: rtabmap (296): Rate=1.00s, Limit=0.000s, Conversion=0.0004s, RTAB-Map=0.0681s, Maps update=0.0003s pub=0.0025s delay=0.2259s (local map=6, WM=6)
[INFO] [1773308451.213748051] [rtabmap]: rtabmap (297): Rate=1.00s, Limit=0.000s, Conversion=0.0106s, RTAB-Map=0.0677s, Maps update=0.0003s pub=0.0011s delay=0.2422s (local map=6, WM=6)
[INFO] [1773308452.210956570] [rtabmap]: rtabmap (298): Rate=1.00s, Limit=0.000s, Conversion=0.0004s, RTAB-Map=0.0749s, Maps update=0.0003s pub=0.0014s delay=0.2393s (local map=6, WM=6)
[INFO] [1773308453.307888887] [rtabmap]: rtabmap (299): Rate=1.00s, Limit=0.000s, Conversion=0.0005s, RTAB-Map=0.0779s, Maps update=0.0007s pub=0.0014s delay=0.2363s (local map=6, WM=6)
[INFO] [1773308454.316209413] [rtabmap]: rtabmap (300): Rate=1.00s, Limit=0.000s, Conversion=0.0007s, RTAB-Map=0.0868s, Maps update=0.0003s pub=0.0012s delay=0.2447s (local map=6, WM=6)
[INFO] [1773308455.294038233] [rtabmap]: rtabmap (301): Rate=1.00s, Limit=0.000s, Conversion=0.0003s, RTAB-Map=0.0671s, Maps update=0.0003s pub=0.0016s delay=0.2224s (local map=6, WM=6)
[INFO] [1773308456.415593587] [rtabmap]: rtabmap (302): Rate=1.00s, Limit=0.000s, Conversion=0.0007s, RTAB-Map=0.0763s, Maps update=0.0003s pub=0.0012s delay=0.2441s (local map=6, WM=6)
[INFO] [1773308457.398748724] [rtabmap]: rtabmap (303): Rate=1.00s, Limit=0.000s, Conversion=0.0003s, RTAB-Map=0.0654s, Maps update=0.0003s pub=0.0013s delay=0.2270s (local map=6, WM=6)
[INFO] [1773308458.513517106] [rtabmap]: rtabmap (304): Rate=1.00s, Limit=0.000s, Conversion=0.0011s, RTAB-Map=0.0768s, Maps update=0.0003s pub=0.0012s delay=0.2418s (local map=6, WM=6)
[INFO] [1773308459.609274602] [rtabmap]: rtabmap (305): Rate=1.00s, Limit=0.000s, Conversion=0.0005s, RTAB-Map=0.0735s, Maps update=0.0004s pub=0.0011s delay=0.2377s (local map=6, WM=6)
[INFO] [1773308460.711368910] [rtabmap]: rtabmap (306): Rate=1.00s, Limit=0.000s, Conversion=0.0005s, RTAB-Map=0.0771s, Maps update=0.0003s pub=0.0011s delay=0.2398s (local map=6, WM=6)
[INFO] [1773308461.814432818] [rtabmap]: rtabmap (307): Rate=1.00s, Limit=0.000s, Conversion=0.0004s, RTAB-Map=0.0808s, Maps update=0.0003s pub=0.0013s delay=0.2428s (local map=6, WM=6)
[INFO] [1773308462.916125130] [rtabmap]: rtabmap (308): Rate=1.00s, Limit=0.000s, Conversion=0.0004s, RTAB-Map=0.0803s, Maps update=0.0003s pub=0.0013s delay=0.2445s (local map=6, WM=6)
[INFO] [1773308463.990765911] [rtabmap]: rtabmap (309): Rate=1.00s, Limit=0.000s, Conversion=0.0004s, RTAB-Map=0.0665s, Maps update=0.0003s pub=0.0019s delay=0.2190s (local map=6, WM=6)
[INFO] [1773308465.107453460] [rtabmap]: rtabmap (310): Rate=1.00s, Limit=0.000s, Conversion=0.0005s, RTAB-Map=0.0772s, Maps update=0.0005s pub=0.0019s delay=0.2357s (local map=6, WM=6)
[INFO] [1773308466.210649436] [rtabmap]: rtabmap (311): Rate=1.00s, Limit=0.000s, Conversion=0.0003s, RTAB-Map=0.0734s, Maps update=0.0003s pub=0.0013s delay=0.2390s (local map=6, WM=6)
[INFO] [1773308467.303445108] [rtabmap]: rtabmap (312): Rate=1.00s, Limit=0.000s, Conversion=0.0005s, RTAB-Map=0.0741s, Maps update=0.0004s pub=0.0019s delay=0.2319s (local map=6, WM=6)
[INFO] [1773308468.433631493] [rtabmap]: rtabmap (313): Rate=1.00s, Limit=0.000s, Conversion=0.0107s, RTAB-Map=0.0811s, Maps update=0.0003s pub=0.0014s delay=0.2620s (local map=6, WM=6)
[INFO] [1773308469.425036976] [rtabmap]: rtabmap (314): Rate=1.00s, Limit=0.000s, Conversion=0.0003s, RTAB-Map=0.0823s, Maps update=0.0004s pub=0.0014s delay=0.2534s (local map=6, WM=6)
[INFO] [1773308470.514206707] [rtabmap]: rtabmap (315): Rate=1.00s, Limit=0.000s, Conversion=0.0003s, RTAB-Map=0.0780s, Maps update=0.0002s pub=0.0016s delay=0.2426s (local map=6, WM=6)
[INFO] [1773308471.621050353] [rtabmap]: rtabmap (316): Rate=1.00s, Limit=0.000s, Conversion=0.0005s, RTAB-Map=0.0859s, Maps update=0.0003s pub=0.0013s delay=0.2494s (local map=6, WM=6)
[INFO] [1773308472.706890280] [rtabmap]: rtabmap (317): Rate=1.00s, Limit=0.000s, Conversion=0.0005s, RTAB-Map=0.0735s, Maps update=0.0003s pub=0.0017s delay=0.2352s (local map=6, WM=6)
[INFO] [1773308473.797057963] [rtabmap]: rtabmap (318): Rate=1.00s, Limit=0.000s, Conversion=0.0003s, RTAB-Map=0.0737s, Maps update=0.0005s pub=0.0020s delay=0.2255s (local map=6, WM=6)
[INFO] [1773308474.800564029] [rtabmap]: rtabmap (319): Rate=1.00s, Limit=0.000s, Conversion=0.0006s, RTAB-Map=0.0719s, Maps update=0.0003s pub=0.0023s delay=0.2290s (local map=6, WM=6)
[INFO] [1773308475.808711718] [rtabmap]: rtabmap (320): Rate=1.00s, Limit=0.000s, Conversion=0.0005s, RTAB-Map=0.0756s, Maps update=0.0003s pub=0.0018s delay=0.2370s (local map=6, WM=6)
[INFO] [1773308476.926879186] [rtabmap]: rtabmap (321): Rate=1.00s, Limit=0.000s, Conversion=0.0004s, RTAB-Map=0.0853s, Maps update=0.0003s pub=0.0014s delay=0.2553s (local map=6, WM=6)
[INFO] [1773308477.942555629] [rtabmap]: rtabmap (322): Rate=1.00s, Limit=0.000s, Conversion=0.0005s, RTAB-Map=0.0971s, Maps update=0.0003s pub=0.0014s delay=0.2709s (local map=6, WM=6)
[INFO] [1773308478.915537765] [rtabmap]: rtabmap (323): Rate=1.00s, Limit=0.000s, Conversion=0.0004s, RTAB-Map=0.0750s, Maps update=0.0003s pub=0.0017s delay=0.2438s (local map=6, WM=6)
[INFO] [1773308480.014840591] [rtabmap]: rtabmap (324): Rate=1.00s, Limit=0.000s, Conversion=0.0105s, RTAB-Map=0.0694s, Maps update=0.0003s pub=0.0013s delay=0.2434s (local map=6, WM=6)
[INFO] [1773308480.999423390] [rtabmap]: rtabmap (325): Rate=1.00s, Limit=0.000s, Conversion=0.0003s, RTAB-Map=0.0678s, Maps update=0.0003s pub=0.0015s delay=0.2278s (local map=6, WM=6)
[INFO] [1773308482.115049016] [rtabmap]: rtabmap (326): Rate=1.00s, Limit=0.000s, Conversion=0.0004s, RTAB-Map=0.0763s, Maps update=0.0003s pub=0.0019s delay=0.2433s (local map=6, WM=6)
[INFO] [1773308483.215777680] [rtabmap]: rtabmap (327): Rate=1.00s, Limit=0.000s, Conversion=0.0003s, RTAB-Map=0.0771s, Maps update=0.0003s pub=0.0019s delay=0.2441s (local map=6, WM=6)
[INFO] [1773308484.314431398] [rtabmap]: rtabmap (328): Rate=1.00s, Limit=0.000s, Conversion=0.0004s, RTAB-Map=0.0756s, Maps update=0.0003s pub=0.0017s delay=0.2428s (local map=6, WM=6)
[INFO] [1773308485.399597063] [rtabmap]: rtabmap (329): Rate=1.00s, Limit=0.000s, Conversion=0.0003s, RTAB-Map=0.0700s, Maps update=0.0003s pub=0.0013s delay=0.2278s (local map=6, WM=6)
[INFO] [1773308486.511490121] [rtabmap]: rtabmap (330): Rate=1.00s, Limit=0.000s, Conversion=0.0008s, RTAB-Map=0.0830s, Maps update=0.0003s pub=0.0017s delay=0.2407s (local map=6, WM=6)
[INFO] [1773308487.514188107] [rtabmap]: rtabmap (331): Rate=1.00s, Limit=0.000s, Conversion=0.0105s, RTAB-Map=0.0683s, Maps update=0.0004s pub=0.0016s delay=0.2427s (local map=6, WM=6)
[INFO] [1773308488.526788437] [rtabmap]: rtabmap (332): Rate=1.00s, Limit=0.000s, Conversion=0.0004s, RTAB-Map=0.0802s, Maps update=0.0003s pub=0.0013s delay=0.2553s (local map=6, WM=6)
[INFO] [1773308489.519784885] [rtabmap]: rtabmap (333): Rate=1.00s, Limit=0.000s, Conversion=0.0003s, RTAB-Map=0.0938s, Maps update=0.0004s pub=0.0017s delay=0.2483s (local map=6, WM=6)
[INFO] [1773308490.643283526] [rtabmap]: rtabmap (334): Rate=1.00s, Limit=0.000s, Conversion=0.0003s, RTAB-Map=0.0904s, Maps update=0.0006s pub=0.0013s delay=0.2667s (local map=6, WM=6)
[INFO] [1773308491.741162642] [rtabmap]: rtabmap (335): Rate=1.00s, Limit=0.000s, Conversion=0.0004s, RTAB-Map=0.0931s, Maps update=0.0004s pub=0.0023s delay=0.2694s (local map=6, WM=6)
[INFO] [1773308492.858023729] [rtabmap]: rtabmap (336): Rate=1.00s, Limit=0.000s, Conversion=0.0003s, RTAB-Map=0.1122s, Maps update=0.0003s pub=0.0019s delay=0.2839s (local map=6, WM=6)
[INFO] [1773308494.043999045] [rtabmap]: rtabmap (337): Rate=1.00s, Limit=0.000s, Conversion=0.0004s, RTAB-Map=0.1648s, Maps update=0.0004s pub=0.0148s delay=0.3724s (local map=7, WM=7)
[INFO] [1773308494.957024486] [rtabmap]: rtabmap (338): Rate=1.00s, Limit=0.000s, Conversion=0.0003s, RTAB-Map=0.1001s, Maps update=0.0003s pub=0.0032s delay=0.2853s (local map=7, WM=7)
[INFO] [1773308496.002920173] [rtabmap]: rtabmap (339): Rate=1.00s, Limit=0.000s, Conversion=0.0003s, RTAB-Map=0.1444s, Maps update=0.0005s pub=0.0016s delay=0.3311s (local map=7, WM=7)
[INFO] [1773308497.132153966] [rtabmap]: rtabmap (340): Rate=1.00s, Limit=0.000s, Conversion=0.0106s, RTAB-Map=0.1720s, Maps update=0.0005s pub=0.0012s delay=0.3604s (local map=7, WM=7)
[INFO] [1773308498.124158955] [rtabmap]: rtabmap (341): Rate=1.00s, Limit=0.000s, Conversion=0.0004s, RTAB-Map=0.1701s, Maps update=0.0005s pub=0.0019s delay=0.3523s (local map=7, WM=7)
[INFO] [1773308499.007536083] [rtabmap]: rtabmap (342): Rate=1.00s, Limit=0.000s, Conversion=0.0003s, RTAB-Map=0.0782s, Maps update=0.0003s pub=0.0015s delay=0.2323s (local map=7, WM=7)
[INFO] [1773308500.104966191] [rtabmap]: rtabmap (343): Rate=1.00s, Limit=0.000s, Conversion=0.0003s, RTAB-Map=0.0714s, Maps update=0.0023s pub=0.0036s delay=0.2333s (local map=8, WM=8)
[INFO] [1773308501.111448315] [rtabmap]: rtabmap (344): Rate=1.00s, Limit=0.000s, Conversion=0.0004s, RTAB-Map=0.0751s, Maps update=0.0021s pub=0.0040s delay=0.2397s (local map=9, WM=9)
[INFO] [1773308502.208637997] [rtabmap]: rtabmap (345): Rate=1.00s, Limit=0.000s, Conversion=0.0004s, RTAB-Map=0.0695s, Maps update=0.0003s pub=0.0042s delay=0.2369s (local map=10, WM=10)
[INFO] [1773308503.207881905] [rtabmap]: rtabmap (346): Rate=1.00s, Limit=0.000s, Conversion=0.0004s, RTAB-Map=0.0769s, Maps update=0.0003s pub=0.0018s delay=0.2362s (local map=10, WM=10)
[INFO] [1773308504.319220903] [rtabmap]: rtabmap (347): Rate=1.00s, Limit=0.000s, Conversion=0.0005s, RTAB-Map=0.0737s, Maps update=0.0014s pub=0.0049s delay=0.2475s (local map=11, WM=11)
[INFO] [1773308505.302327072] [rtabmap]: rtabmap (348): Rate=1.00s, Limit=0.000s, Conversion=0.0004s, RTAB-Map=0.0693s, Maps update=0.0018s pub=0.0045s delay=0.2305s (local map=12, WM=12)
[INFO] [1773308506.417906320] [rtabmap]: rtabmap (349): Rate=1.00s, Limit=0.000s, Conversion=0.0004s, RTAB-Map=0.0833s, Maps update=0.0020s pub=0.0043s delay=0.2470s (local map=13, WM=13)
[INFO] [1773308507.412862744] [rtabmap]: rtabmap (350): Rate=1.00s, Limit=0.000s, Conversion=0.0005s, RTAB-Map=0.0758s, Maps update=0.0004s pub=0.0021s delay=0.2410s (local map=13, WM=13)
[INFO] [1773308508.532185873] [rtabmap]: rtabmap (351): Rate=1.00s, Limit=0.000s, Conversion=0.0006s, RTAB-Map=0.0858s, Maps update=0.0026s pub=0.0049s delay=0.2604s (local map=14, WM=14)
[INFO] [1773308509.607468358] [rtabmap]: rtabmap (352): Rate=1.00s, Limit=0.000s, Conversion=0.0003s, RTAB-Map=0.0726s, Maps update=0.0017s pub=0.0054s delay=0.2358s (local map=15, WM=15)
[INFO] [1773308510.618783266] [rtabmap]: rtabmap (353): Rate=1.00s, Limit=0.000s, Conversion=0.0006s, RTAB-Map=0.0732s, Maps update=0.0013s pub=0.0097s delay=0.2469s (local map=16, WM=16)
[INFO] [1773308511.618893701] [rtabmap]: rtabmap (354): Rate=1.00s, Limit=0.000s, Conversion=0.0004s, RTAB-Map=0.0734s, Maps update=0.0003s pub=0.0066s delay=0.2470s (local map=16, WM=16)
[INFO] [1773308512.707683942] [rtabmap]: rtabmap (355): Rate=1.00s, Limit=0.000s, Conversion=0.0005s, RTAB-Map=0.0656s, Maps update=0.0005s pub=0.0035s delay=0.2367s (local map=16, WM=16)
[INFO] [1773308513.721440923] [rtabmap]: rtabmap (356): Rate=1.00s, Limit=0.000s, Conversion=0.0004s, RTAB-Map=0.0795s, Maps update=0.0004s pub=0.0030s delay=0.2494s (local map=16, WM=16)
[INFO] [1773308514.812853083] [rtabmap]: rtabmap (357): Rate=1.00s, Limit=0.000s, Conversion=0.0003s, RTAB-Map=0.0778s, Maps update=0.0004s pub=0.0021s delay=0.2419s (local map=16, WM=16)
[INFO] [1773308515.814911462] [rtabmap]: rtabmap (358): Rate=1.00s, Limit=0.000s, Conversion=0.0008s, RTAB-Map=0.0752s, Maps update=0.0005s pub=0.0034s delay=0.2430s (local map=16, WM=16)
[INFO] [1773308516.817328541] [rtabmap]: rtabmap (359): Rate=1.00s, Limit=0.000s, Conversion=0.0005s, RTAB-Map=0.0736s, Maps update=0.0003s pub=0.0016s delay=0.2454s (local map=16, WM=16)
[INFO] [1773308517.897304989] [rtabmap]: rtabmap (360): Rate=1.00s, Limit=0.000s, Conversion=0.0010s, RTAB-Map=0.0685s, Maps update=0.0003s pub=0.0020s delay=0.2255s (local map=16, WM=16)
[INFO] [1773308518.998179158] [rtabmap]: rtabmap (361): Rate=1.00s, Limit=0.000s, Conversion=0.0003s, RTAB-Map=0.0683s, Maps update=0.0004s pub=0.0023s delay=0.2273s (local map=16, WM=16)
[INFO] [1773308520.002964324] [rtabmap]: rtabmap (362): Rate=1.00s, Limit=0.000s, Conversion=0.0003s, RTAB-Map=0.0668s, Maps update=0.0003s pub=0.0019s delay=0.2310s (local map=16, WM=16)
[INFO] [1773308521.003475222] [rtabmap]: rtabmap (363): Rate=1.00s, Limit=0.000s, Conversion=0.0003s, RTAB-Map=0.0722s, Maps update=0.0003s pub=0.0018s delay=0.2313s (local map=16, WM=16)
[INFO] [1773308522.097477557] [rtabmap]: rtabmap (364): Rate=1.00s, Limit=0.000s, Conversion=0.0004s, RTAB-Map=0.0643s, Maps update=0.0004s pub=0.0017s delay=0.2254s (local map=16, WM=16)
[INFO] [1773308523.257380755] [rtabmap]: rtabmap (365): Rate=1.00s, Limit=0.000s, Conversion=0.0003s, RTAB-Map=0.0709s, Maps update=0.0003s pub=0.0014s delay=0.2853s (local map=16, WM=16)
[INFO] [1773308524.299123107] [rtabmap]: rtabmap (366): Rate=1.00s, Limit=0.000s, Conversion=0.0004s, RTAB-Map=0.0672s, Maps update=0.0004s pub=0.0021s delay=0.2273s (local map=16, WM=16)
[INFO] [1773308525.311919957] [rtabmap]: rtabmap (367): Rate=1.00s, Limit=0.000s, Conversion=0.0004s, RTAB-Map=0.0839s, Maps update=0.0004s pub=0.0023s delay=0.2399s (local map=16, WM=16)
[INFO] [1773308526.399609005] [rtabmap]: rtabmap (368): Rate=1.00s, Limit=0.000s, Conversion=0.0003s, RTAB-Map=0.0632s, Maps update=0.0004s pub=0.0024s delay=0.2287s (local map=16, WM=16)
[INFO] [1773308527.405978101] [rtabmap]: rtabmap (369): Rate=1.00s, Limit=0.000s, Conversion=0.0003s, RTAB-Map=0.0696s, Maps update=0.0003s pub=0.0022s delay=0.2341s (local map=16, WM=16)
[INFO] [1773308528.415531888] [rtabmap]: rtabmap (370): Rate=1.00s, Limit=0.000s, Conversion=0.0005s, RTAB-Map=0.0789s, Maps update=0.0003s pub=0.0030s delay=0.2434s (local map=16, WM=16)
[INFO] [1773308529.505971501] [rtabmap]: rtabmap (371): Rate=1.00s, Limit=0.000s, Conversion=0.0005s, RTAB-Map=0.0741s, Maps update=0.0003s pub=0.0017s delay=0.2351s (local map=16, WM=16)
[INFO] [1773308530.516854457] [rtabmap]: rtabmap (372): Rate=1.00s, Limit=0.000s, Conversion=0.0005s, RTAB-Map=0.0761s, Maps update=0.0004s pub=0.0022s delay=0.2458s (local map=16, WM=16)
[INFO] [1773308531.513322808] [rtabmap]: rtabmap (373): Rate=1.00s, Limit=0.000s, Conversion=0.0006s, RTAB-Map=0.0784s, Maps update=0.0003s pub=0.0015s delay=0.2413s (local map=16, WM=16)
[INFO] [1773308532.596141600] [rtabmap]: rtabmap (374): Rate=1.00s, Limit=0.000s, Conversion=0.0004s, RTAB-Map=0.0666s, Maps update=0.0003s pub=0.0015s delay=0.2251s (local map=16, WM=16)
[INFO] [1773308533.613879621] [rtabmap]: rtabmap (375): Rate=1.00s, Limit=0.000s, Conversion=0.0004s, RTAB-Map=0.0778s, Maps update=0.0003s pub=0.0019s delay=0.2418s (local map=16, WM=16)
[INFO] [1773308534.703149528] [rtabmap]: rtabmap (376): Rate=1.00s, Limit=0.000s, Conversion=0.0004s, RTAB-Map=0.0724s, Maps update=0.0003s pub=0.0035s delay=0.2321s (local map=16, WM=16)
[INFO] [1773308535.706429935] [rtabmap]: rtabmap (377): Rate=1.00s, Limit=0.000s, Conversion=0.0003s, RTAB-Map=0.0742s, Maps update=0.0003s pub=0.0018s delay=0.2344s (local map=16, WM=16)
[INFO] [1773308536.802516185] [rtabmap]: rtabmap (378): Rate=1.00s, Limit=0.000s, Conversion=0.0005s, RTAB-Map=0.0644s, Maps update=0.0003s pub=0.0021s delay=0.2315s (local map=16, WM=16)
[INFO] [1773308537.807042782] [rtabmap]: rtabmap (379): Rate=1.00s, Limit=0.000s, Conversion=0.0006s, RTAB-Map=0.0768s, Maps update=0.0004s pub=0.0019s delay=0.2349s (local map=16, WM=16)
[INFO] [1773308538.907186012] [rtabmap]: rtabmap (380): Rate=1.00s, Limit=0.000s, Conversion=0.0005s, RTAB-Map=0.0749s, Maps update=0.0005s pub=0.0018s delay=0.2361s (local map=16, WM=16)
[INFO] [1773308539.912353304] [rtabmap]: rtabmap (381): Rate=1.00s, Limit=0.000s, Conversion=0.0005s, RTAB-Map=0.0813s, Maps update=0.0003s pub=0.0015s delay=0.2413s (local map=16, WM=16)
[INFO] [1773308540.923008635] [rtabmap]: rtabmap (382): Rate=1.00s, Limit=0.000s, Conversion=0.0106s, RTAB-Map=0.0689s, Maps update=0.0003s pub=0.0015s delay=0.2518s (local map=16, WM=16)
[INFO] [1773308541.905547775] [rtabmap]: rtabmap (383): Rate=1.00s, Limit=0.000s, Conversion=0.0004s, RTAB-Map=0.0775s, Maps update=0.0003s pub=0.0019s delay=0.2335s (local map=16, WM=16)
[INFO] [1773308543.010003739] [rtabmap]: rtabmap (384): Rate=1.00s, Limit=0.000s, Conversion=0.0003s, RTAB-Map=0.0725s, Maps update=0.0004s pub=0.0029s delay=0.2389s (local map=16, WM=16)
[INFO] [1773308544.108922412] [rtabmap]: rtabmap (385): Rate=1.00s, Limit=0.000s, Conversion=0.0004s, RTAB-Map=0.0750s, Maps update=0.0005s pub=0.0027s delay=0.2367s (local map=16, WM=16)
[INFO] [1773308545.207447024] [rtabmap]: rtabmap (386): Rate=1.00s, Limit=0.000s, Conversion=0.0004s, RTAB-Map=0.0775s, Maps update=0.0004s pub=0.0028s delay=0.2367s (local map=16, WM=16)
[INFO] [1773308546.212119481] [rtabmap]: rtabmap (387): Rate=1.00s, Limit=0.000s, Conversion=0.0003s, RTAB-Map=0.0780s, Maps update=0.0003s pub=0.0015s delay=0.2412s (local map=16, WM=16)
[INFO] [1773308547.215902683] [rtabmap]: rtabmap (388): Rate=1.00s, Limit=0.000s, Conversion=0.0004s, RTAB-Map=0.0738s, Maps update=0.0004s pub=0.0024s delay=0.2447s (local map=16, WM=16)
[INFO] [1773308548.317529108] [rtabmap]: rtabmap (389): Rate=1.00s, Limit=0.000s, Conversion=0.0004s, RTAB-Map=0.0797s, Maps update=0.0003s pub=0.0017s delay=0.2467s (local map=16, WM=16)
[INFO] [1773308549.298697965] [rtabmap]: rtabmap (390): Rate=1.00s, Limit=0.000s, Conversion=0.0003s, RTAB-Map=0.0654s, Maps update=0.0003s pub=0.0016s delay=0.2268s (local map=16, WM=16)
[INFO] [1773308550.313199344] [rtabmap]: rtabmap (391): Rate=1.00s, Limit=0.000s, Conversion=0.0004s, RTAB-Map=0.0740s, Maps update=0.0004s pub=0.0038s delay=0.2412s (local map=16, WM=16)
[INFO] [1773308551.410468954] [rtabmap]: rtabmap (392): Rate=1.00s, Limit=0.000s, Conversion=0.0005s, RTAB-Map=0.0758s, Maps update=0.0004s pub=0.0035s delay=0.2396s (local map=16, WM=16)
[INFO] [1773308552.405184938] [rtabmap]: rtabmap (393): Rate=1.00s, Limit=0.000s, Conversion=0.0007s, RTAB-Map=0.0698s, Maps update=0.0003s pub=0.0018s delay=0.2342s (local map=16, WM=16)
[INFO] [1773308553.500171921] [rtabmap]: rtabmap (394): Rate=1.00s, Limit=0.000s, Conversion=0.0004s, RTAB-Map=0.0731s, Maps update=0.0004s pub=0.0022s delay=0.2280s (local map=16, WM=16)
[INFO] [1773308554.616497785] [rtabmap]: rtabmap (395): Rate=1.00s, Limit=0.000s, Conversion=0.0004s, RTAB-Map=0.0726s, Maps update=0.0003s pub=0.0027s delay=0.2454s (local map=16, WM=16)
[INFO] [1773308555.697380911] [rtabmap]: rtabmap (396): Rate=1.00s, Limit=0.000s, Conversion=0.0003s, RTAB-Map=0.0657s, Maps update=0.0003s pub=0.0017s delay=0.2263s (local map=16, WM=16)
[INFO] [1773308556.824636672] [rtabmap]: rtabmap (397): Rate=1.00s, Limit=0.000s, Conversion=0.0106s, RTAB-Map=0.0800s, Maps update=0.0005s pub=0.0021s delay=0.2537s (local map=16, WM=16)
[INFO] [1773308557.903081541] [rtabmap]: rtabmap (398): Rate=1.00s, Limit=0.000s, Conversion=0.0004s, RTAB-Map=0.0672s, Maps update=0.0003s pub=0.0022s delay=0.2323s (local map=16, WM=16)
[INFO] [1773308559.009984726] [rtabmap]: rtabmap (399): Rate=1.00s, Limit=0.000s, Conversion=0.0003s, RTAB-Map=0.0769s, Maps update=0.0003s pub=0.0017s delay=0.2389s (local map=16, WM=16)
[INFO] [1773308560.107851197] [rtabmap]: rtabmap (400): Rate=1.00s, Limit=0.000s, Conversion=0.0003s, RTAB-Map=0.0729s, Maps update=0.0003s pub=0.0022s delay=0.2357s (local map=16, WM=16)
[INFO] [1773308561.209112755] [rtabmap]: rtabmap (401): Rate=1.00s, Limit=0.000s, Conversion=0.0004s, RTAB-Map=0.0782s, Maps update=0.0003s pub=0.0024s delay=0.2380s (local map=16, WM=16)
[INFO] [1773308562.213182690] [rtabmap]: rtabmap (402): Rate=1.00s, Limit=0.000s, Conversion=0.0003s, RTAB-Map=0.0791s, Maps update=0.0003s pub=0.0017s delay=0.2420s (local map=16, WM=16)
[INFO] [1773308563.312848196] [rtabmap]: rtabmap (403): Rate=1.00s, Limit=0.000s, Conversion=0.0008s, RTAB-Map=0.0755s, Maps update=0.0003s pub=0.0018s delay=0.2419s (local map=16, WM=16)
[INFO] [1773308564.408943953] [rtabmap]: rtabmap (404): Rate=1.00s, Limit=0.000s, Conversion=0.0005s, RTAB-Map=0.0682s, Maps update=0.0004s pub=0.0016s delay=0.2377s (local map=16, WM=16)
[INFO] [1773308565.405566858] [rtabmap]: rtabmap (405): Rate=1.00s, Limit=0.000s, Conversion=0.0106s, RTAB-Map=0.0650s, Maps update=0.0003s pub=0.0015s delay=0.2343s (local map=16, WM=16)
[INFO] [1773308566.495085885] [rtabmap]: rtabmap (406): Rate=1.00s, Limit=0.000s, Conversion=0.0005s, RTAB-Map=0.0665s, Maps update=0.0003s pub=0.0017s delay=0.2244s (local map=16, WM=16)
[INFO] [1773308567.511054357] [rtabmap]: rtabmap (407): Rate=1.00s, Limit=0.000s, Conversion=0.0006s, RTAB-Map=0.0790s, Maps update=0.0005s pub=0.0027s delay=0.2402s (local map=16, WM=16)
[INFO] [1773308568.512645170] [rtabmap]: rtabmap (408): Rate=1.00s, Limit=0.000s, Conversion=0.0009s, RTAB-Map=0.0732s, Maps update=0.0003s pub=0.0018s delay=0.2417s (local map=16, WM=16)
[INFO] [1773308569.500309156] [rtabmap]: rtabmap (409): Rate=1.00s, Limit=0.000s, Conversion=0.0004s, RTAB-Map=0.0737s, Maps update=0.0003s pub=0.0022s delay=0.2294s (local map=16, WM=16)
[INFO] [1773308570.511875979] [rtabmap]: rtabmap (410): Rate=1.00s, Limit=0.000s, Conversion=0.0005s, RTAB-Map=0.0808s, Maps update=0.0005s pub=0.0033s delay=0.2409s (local map=16, WM=16)
[INFO] [1773308571.604528357] [rtabmap]: rtabmap (411): Rate=1.00s, Limit=0.000s, Conversion=0.0006s, RTAB-Map=0.0673s, Maps update=0.0003s pub=0.0023s delay=0.2334s (local map=16, WM=16)
[INFO] [1773308572.697668656] [rtabmap]: rtabmap (412): Rate=1.00s, Limit=0.000s, Conversion=0.0004s, RTAB-Map=0.0630s, Maps update=0.0005s pub=0.0018s delay=0.2268s (local map=16, WM=16)
[INFO] [1773308573.819113600] [rtabmap]: rtabmap (413): Rate=1.00s, Limit=0.000s, Conversion=0.0004s, RTAB-Map=0.0741s, Maps update=0.0004s pub=0.0031s delay=0.2481s (local map=16, WM=16)
[INFO] [1773308574.809032829] [rtabmap]: rtabmap (414): Rate=1.00s, Limit=0.000s, Conversion=0.0004s, RTAB-Map=0.0750s, Maps update=0.0003s pub=0.0014s delay=0.2380s (local map=16, WM=16)
[INFO] [1773308575.904206026] [rtabmap]: rtabmap (415): Rate=1.00s, Limit=0.000s, Conversion=0.0007s, RTAB-Map=0.0710s, Maps update=0.0003s pub=0.0015s delay=0.2332s (local map=16, WM=16)
[INFO] [1773308577.005812076] [rtabmap]: rtabmap (416): Rate=1.00s, Limit=0.000s, Conversion=0.0007s, RTAB-Map=0.0722s, Maps update=0.0003s pub=0.0028s delay=0.2350s (local map=16, WM=16)
[INFO] [1773308578.111484756] [rtabmap]: rtabmap (417): Rate=1.00s, Limit=0.000s, Conversion=0.0005s, RTAB-Map=0.0803s, Maps update=0.0003s pub=0.0019s delay=0.2407s (local map=16, WM=16)
[INFO] [1773308579.205560766] [rtabmap]: rtabmap (418): Rate=1.00s, Limit=0.000s, Conversion=0.0005s, RTAB-Map=0.0763s, Maps update=0.0004s pub=0.0022s delay=0.2345s (local map=16, WM=16)
[INFO] [1773308580.306868662] [rtabmap]: rtabmap (419): Rate=1.00s, Limit=0.000s, Conversion=0.0004s, RTAB-Map=0.0674s, Maps update=0.0003s pub=0.0016s delay=0.2362s (local map=16, WM=16)
[INFO] [1773308581.415587075] [rtabmap]: rtabmap (420): Rate=1.00s, Limit=0.000s, Conversion=0.0106s, RTAB-Map=0.0724s, Maps update=0.0003s pub=0.0016s delay=0.2448s (local map=16, WM=16)
[INFO] [1773308582.513338309] [rtabmap]: rtabmap (421): Rate=1.00s, Limit=0.000s, Conversion=0.0005s, RTAB-Map=0.0769s, Maps update=0.0003s pub=0.0016s delay=0.2426s (local map=16, WM=16)
[INFO] [1773308583.505383976] [rtabmap]: rtabmap (422): Rate=1.00s, Limit=0.000s, Conversion=0.0004s, RTAB-Map=0.0725s, Maps update=0.0003s pub=0.0020s delay=0.2345s (local map=16, WM=16)
[INFO] [1773308584.611748359] [rtabmap]: rtabmap (423): Rate=1.00s, Limit=0.000s, Conversion=0.0003s, RTAB-Map=0.0742s, Maps update=0.0006s pub=0.0043s delay=0.2409s (local map=16, WM=16)
[INFO] [1773308585.602081937] [rtabmap]: rtabmap (424): Rate=1.00s, Limit=0.000s, Conversion=0.0005s, RTAB-Map=0.0691s, Maps update=0.0003s pub=0.0024s delay=0.2312s (local map=16, WM=16)
[INFO] [1773308586.709603670] [rtabmap]: rtabmap (425): Rate=1.00s, Limit=0.000s, Conversion=0.0003s, RTAB-Map=0.0705s, Maps update=0.0003s pub=0.0032s delay=0.2388s (local map=16, WM=16)
[INFO] [1773308587.715295387] [rtabmap]: rtabmap (426): Rate=1.00s, Limit=0.000s, Conversion=0.0003s, RTAB-Map=0.0720s, Maps update=0.0003s pub=0.0019s delay=0.2444s (local map=16, WM=16)
[INFO] [1773308588.814179331] [rtabmap]: rtabmap (427): Rate=1.00s, Limit=0.000s, Conversion=0.0003s, RTAB-Map=0.0785s, Maps update=0.0003s pub=0.0017s delay=0.2432s (local map=16, WM=16)
[INFO] [1773308589.925151994] [rtabmap]: rtabmap (428): Rate=1.00s, Limit=0.000s, Conversion=0.0105s, RTAB-Map=0.0682s, Maps update=0.0004s pub=0.0021s delay=0.2543s (local map=16, WM=16)
[INFO] [1773308591.029363378] [rtabmap]: rtabmap (429): Rate=1.00s, Limit=0.000s, Conversion=0.0005s, RTAB-Map=0.0881s, Maps update=0.0003s pub=0.0015s delay=0.2585s (local map=16, WM=16)
[INFO] [1773308592.111080771] [rtabmap]: rtabmap (430): Rate=1.00s, Limit=0.000s, Conversion=0.0004s, RTAB-Map=0.0672s, Maps update=0.0003s pub=0.0016s delay=0.2402s (local map=16, WM=16)
[INFO] [1773308593.115751430] [rtabmap]: rtabmap (431): Rate=1.00s, Limit=0.000s, Conversion=0.0108s, RTAB-Map=0.0682s, Maps update=0.0003s pub=0.0015s delay=0.2449s (local map=16, WM=16)
[INFO] [1773308594.111797997] [rtabmap]: rtabmap (432): Rate=1.00s, Limit=0.000s, Conversion=0.0006s, RTAB-Map=0.0742s, Maps update=0.0003s pub=0.0018s delay=0.2408s (local map=16, WM=16)
[INFO] [1773308595.203233855] [rtabmap]: rtabmap (433): Rate=1.00s, Limit=0.000s, Conversion=0.0004s, RTAB-Map=0.0733s, Maps update=0.0003s pub=0.0018s delay=0.2324s (local map=16, WM=16)
[INFO] [1773308596.331589812] [rtabmap]: rtabmap (434): Rate=1.00s, Limit=0.000s, Conversion=0.0004s, RTAB-Map=0.0875s, Maps update=0.0003s pub=0.0017s delay=0.2606s (local map=16, WM=16)
[INFO] [1773308597.413287013] [rtabmap]: rtabmap (435): Rate=1.00s, Limit=0.000s, Conversion=0.0003s, RTAB-Map=0.0817s, Maps update=0.0003s pub=0.0016s delay=0.2426s (local map=16, WM=16)
[INFO] [1773308598.419530620] [rtabmap]: rtabmap (436): Rate=1.00s, Limit=0.000s, Conversion=0.0003s, RTAB-Map=0.0794s, Maps update=0.0005s pub=0.0019s delay=0.2487s (local map=16, WM=16)
[INFO] [1773308599.507855495] [rtabmap]: rtabmap (437): Rate=1.00s, Limit=0.000s, Conversion=0.0003s, RTAB-Map=0.0712s, Maps update=0.0003s pub=0.0018s delay=0.2371s (local map=16, WM=16)
[INFO] [1773308600.497768323] [rtabmap]: rtabmap (438): Rate=1.00s, Limit=0.000s, Conversion=0.0004s, RTAB-Map=0.0677s, Maps update=0.0004s pub=0.0025s delay=0.2269s (local map=16, WM=16)
[INFO] [1773308601.621007279] [rtabmap]: rtabmap (439): Rate=1.00s, Limit=0.000s, Conversion=0.0003s, RTAB-Map=0.0764s, Maps update=0.0007s pub=0.0038s delay=0.2501s (local map=16, WM=16)
[INFO] [1773308602.694224456] [rtabmap]: rtabmap (440): Rate=1.00s, Limit=0.000s, Conversion=0.0004s, RTAB-Map=0.0658s, Maps update=0.0004s pub=0.0016s delay=0.2233s (local map=16, WM=16)
[INFO] [1773308603.805684848] [rtabmap]: rtabmap (441): Rate=1.00s, Limit=0.000s, Conversion=0.0003s, RTAB-Map=0.0750s, Maps update=0.0003s pub=0.0017s delay=0.2349s (local map=16, WM=16)
[INFO] [1773308604.798902809] [rtabmap]: rtabmap (442): Rate=1.00s, Limit=0.000s, Conversion=0.0006s, RTAB-Map=0.0661s, Maps update=0.0004s pub=0.0016s delay=0.2280s (local map=16, WM=16)
[INFO] [1773308605.809983855] [rtabmap]: rtabmap (443): Rate=1.00s, Limit=0.000s, Conversion=0.0003s, RTAB-Map=0.0686s, Maps update=0.0003s pub=0.0020s delay=0.2390s (local map=16, WM=16)
[INFO] [1773308606.805161945] [rtabmap]: rtabmap (444): Rate=1.00s, Limit=0.000s, Conversion=0.0006s, RTAB-Map=0.0719s, Maps update=0.0003s pub=0.0024s delay=0.2338s (local map=16, WM=16)
[INFO] [1773308607.799193693] [rtabmap]: rtabmap (445): Rate=1.00s, Limit=0.000s, Conversion=0.0007s, RTAB-Map=0.0690s, Maps update=0.0005s pub=0.0022s delay=0.2274s (local map=16, WM=16)
[INFO] [1773308608.908684195] [rtabmap]: rtabmap (446): Rate=1.00s, Limit=0.000s, Conversion=0.0004s, RTAB-Map=0.0782s, Maps update=0.0003s pub=0.0016s delay=0.2379s (local map=16, WM=16)
[INFO] [1773308609.911897910] [rtabmap]: rtabmap (447): Rate=1.00s, Limit=0.000s, Conversion=0.0004s, RTAB-Map=0.0737s, Maps update=0.0003s pub=0.0028s delay=0.2410s (local map=16, WM=16)
[INFO] [1773308610.897367071] [rtabmap]: rtabmap (448): Rate=1.00s, Limit=0.000s, Conversion=0.0006s, RTAB-Map=0.0708s, Maps update=0.0004s pub=0.0014s delay=0.2265s (local map=16, WM=16)
[INFO] [1773308612.012741704] [rtabmap]: rtabmap (449): Rate=1.00s, Limit=0.000s, Conversion=0.0004s, RTAB-Map=0.0754s, Maps update=0.0003s pub=0.0028s delay=0.2421s (local map=16, WM=16)
[INFO] [1773308613.017178435] [rtabmap]: rtabmap (450): Rate=1.00s, Limit=0.000s, Conversion=0.0008s, RTAB-Map=0.0794s, Maps update=0.0003s pub=0.0020s delay=0.2463s (local map=16, WM=16)
[INFO] [1773308614.019677822] [rtabmap]: rtabmap (451): Rate=1.00s, Limit=0.000s, Conversion=0.0004s, RTAB-Map=0.0840s, Maps update=0.0004s pub=0.0025s delay=0.2487s (local map=16, WM=16)
[INFO] [1773308615.016595682] [rtabmap]: rtabmap (452): Rate=1.00s, Limit=0.000s, Conversion=0.0003s, RTAB-Map=0.0807s, Maps update=0.0003s pub=0.0034s delay=0.2455s (local map=16, WM=16)
[INFO] [1773308616.106821708] [rtabmap]: rtabmap (453): Rate=1.00s, Limit=0.000s, Conversion=0.0004s, RTAB-Map=0.0703s, Maps update=0.0022s pub=0.0051s delay=0.2360s (local map=17, WM=17)
[INFO] [1773308617.117732093] [rtabmap]: rtabmap (454): Rate=1.00s, Limit=0.000s, Conversion=0.0004s, RTAB-Map=0.0790s, Maps update=0.0003s pub=0.0048s delay=0.2469s (local map=18, WM=18)
[INFO] [1773308618.128763954] [rtabmap]: rtabmap (455): Rate=1.00s, Limit=0.000s, Conversion=0.0005s, RTAB-Map=0.0860s, Maps update=0.0017s pub=0.0068s delay=0.2579s (local map=19, WM=19)
[INFO] [1773308619.116240733] [rtabmap]: rtabmap (456): Rate=1.00s, Limit=0.000s, Conversion=0.0010s, RTAB-Map=0.0764s, Maps update=0.0017s pub=0.0057s delay=0.2453s (local map=20, WM=20)
[INFO] [1773308620.225085582] [rtabmap]: rtabmap (457): Rate=1.00s, Limit=0.000s, Conversion=0.0107s, RTAB-Map=0.0741s, Maps update=0.0020s pub=0.0053s delay=0.2540s (local map=21, WM=21)
[INFO] [1773308621.327779892] [rtabmap]: rtabmap (458): Rate=1.00s, Limit=0.000s, Conversion=0.0003s, RTAB-Map=0.0890s, Maps update=0.0016s pub=0.0067s delay=0.2568s (local map=22, WM=22)
[INFO] [1773308622.421204136] [rtabmap]: rtabmap (459): Rate=1.00s, Limit=0.000s, Conversion=0.0004s, RTAB-Map=0.0743s, Maps update=0.0016s pub=0.0054s delay=0.2504s (local map=23, WM=23)
[INFO] [1773308623.441014367] [rtabmap]: rtabmap (460): Rate=1.00s, Limit=0.000s, Conversion=0.0006s, RTAB-Map=0.0929s, Maps update=0.0018s pub=0.0059s delay=0.2701s (local map=24, WM=24)
[INFO] [1773308624.516659912] [rtabmap]: rtabmap (461): Rate=1.00s, Limit=0.000s, Conversion=0.0003s, RTAB-Map=0.0797s, Maps update=0.0015s pub=0.0071s delay=0.2458s (local map=25, WM=25)
[INFO] [1773308625.612504396] [rtabmap]: rtabmap (462): Rate=1.00s, Limit=0.000s, Conversion=0.0005s, RTAB-Map=0.0716s, Maps update=0.0021s pub=0.0070s delay=0.2417s (local map=26, WM=26)
[INFO] [1773308626.716757029] [rtabmap]: rtabmap (463): Rate=1.00s, Limit=0.000s, Conversion=0.0004s, RTAB-Map=0.0749s, Maps update=0.0016s pub=0.0061s delay=0.2460s (local map=27, WM=27)
[INFO] [1773308627.718357763] [rtabmap]: rtabmap (464): Rate=1.00s, Limit=0.000s, Conversion=0.0004s, RTAB-Map=0.0748s, Maps update=0.0022s pub=0.0065s delay=0.2474s (local map=28, WM=28)
[INFO] [1773308628.804343969] [rtabmap]: rtabmap (465): Rate=1.00s, Limit=0.000s, Conversion=0.0003s, RTAB-Map=0.0698s, Maps update=0.0016s pub=0.0065s delay=0.2335s (local map=29, WM=29)
[INFO] [1773308629.807983778] [rtabmap]: rtabmap (466): Rate=1.00s, Limit=0.000s, Conversion=0.0004s, RTAB-Map=0.0730s, Maps update=0.0020s pub=0.0061s delay=0.2371s (local map=30, WM=30)
[INFO] [1773308630.995673597] [rtabmap]: rtabmap (467): Rate=1.00s, Limit=0.000s, Conversion=0.0004s, RTAB-Map=0.1591s, Maps update=0.0023s pub=0.0062s delay=0.3247s (local map=31, WM=31)
[INFO] [1773308632.077326957] [rtabmap]: rtabmap (468): Rate=1.00s, Limit=0.000s, Conversion=0.0008s, RTAB-Map=0.1396s, Maps update=0.0021s pub=0.0077s delay=0.3065s (local map=32, WM=32)
[INFO] [1773308633.084371678] [rtabmap]: rtabmap (469): Rate=1.00s, Limit=0.000s, Conversion=0.0003s, RTAB-Map=0.1425s, Maps update=0.0023s pub=0.0080s delay=0.3135s (local map=33, WM=33)
[INFO] [1773308634.092521140] [rtabmap]: rtabmap (470): Rate=1.00s, Limit=0.000s, Conversion=0.0004s, RTAB-Map=0.1492s, Maps update=0.0016s pub=0.0066s delay=0.3215s (local map=34, WM=34)
[INFO] [1773308635.197775438] [rtabmap]: rtabmap (471): Rate=1.00s, Limit=0.000s, Conversion=0.0004s, RTAB-Map=0.1513s, Maps update=0.0037s pub=0.0069s delay=0.3269s (local map=35, WM=35)
[INFO] [1773308636.295438030] [rtabmap]: rtabmap (472): Rate=1.00s, Limit=0.000s, Conversion=0.0004s, RTAB-Map=0.1406s, Maps update=0.0017s pub=0.0077s delay=0.3246s (local map=36, WM=36)
[INFO] [1773308637.286451758] [rtabmap]: rtabmap (473): Rate=1.00s, Limit=0.000s, Conversion=0.0005s, RTAB-Map=0.1382s, Maps update=0.0018s pub=0.0063s delay=0.3155s (local map=37, WM=37)
[INFO] [1773308638.388172948] [rtabmap]: rtabmap (474): Rate=1.00s, Limit=0.000s, Conversion=0.0106s, RTAB-Map=0.1364s, Maps update=0.0004s pub=0.0073s delay=0.3174s (local map=38, WM=38)
[INFO] [1773308639.387429284] [rtabmap]: rtabmap (475): Rate=1.00s, Limit=0.000s, Conversion=0.0004s, RTAB-Map=0.1385s, Maps update=0.0021s pub=0.0100s delay=0.3166s (local map=39, WM=39)
[INFO] [1773308640.389285131] [rtabmap]: rtabmap (476): Rate=1.00s, Limit=0.000s, Conversion=0.0006s, RTAB-Map=0.1350s, Maps update=0.0017s pub=0.0100s delay=0.3184s (local map=40, WM=40)
[INFO] [1773308641.473716150] [rtabmap]: rtabmap (477): Rate=1.00s, Limit=0.000s, Conversion=0.0004s, RTAB-Map=0.1273s, Maps update=0.0021s pub=0.0096s delay=0.3029s (local map=41, WM=41)
[INFO] [1773308642.490068858] [rtabmap]: rtabmap (478): Rate=1.00s, Limit=0.000s, Conversion=0.0004s, RTAB-Map=0.1375s, Maps update=0.0023s pub=0.0092s delay=0.3191s (local map=42, WM=42)
[INFO] [1773308643.563534812] [rtabmap]: rtabmap (479): Rate=1.00s, Limit=0.000s, Conversion=0.0005s, RTAB-Map=0.1293s, Maps update=0.0017s pub=0.0075s delay=0.2926s (local map=43, WM=43)
[INFO] [1773308644.681979561] [rtabmap]: rtabmap (480): Rate=1.00s, Limit=0.000s, Conversion=0.0004s, RTAB-Map=0.1382s, Maps update=0.0018s pub=0.0095s delay=0.3111s (local map=44, WM=44)
[INFO] [1773308645.670447670] [rtabmap]: rtabmap (481): Rate=1.00s, Limit=0.000s, Conversion=0.0004s, RTAB-Map=0.1214s, Maps update=0.0020s pub=0.0085s delay=0.2995s (local map=45, WM=45)
[INFO] [1773308646.783358061] [rtabmap]: rtabmap (482): Rate=1.00s, Limit=0.000s, Conversion=0.0005s, RTAB-Map=0.1351s, Maps update=0.0016s pub=0.0101s delay=0.3125s (local map=46, WM=46)
[INFO] [1773308647.776769116] [rtabmap]: rtabmap (483): Rate=1.00s, Limit=0.000s, Conversion=0.0003s, RTAB-Map=0.1302s, Maps update=0.0015s pub=0.0089s delay=0.3059s (local map=47, WM=47)
[INFO] [1773308648.790417095] [rtabmap]: rtabmap (484): Rate=1.00s, Limit=0.000s, Conversion=0.0004s, RTAB-Map=0.1308s, Maps update=0.0023s pub=0.0147s delay=0.3194s (local map=48, WM=48)
[INFO] [1773308649.893508730] [rtabmap]: rtabmap (485): Rate=1.00s, Limit=0.000s, Conversion=0.0010s, RTAB-Map=0.1372s, Maps update=0.0043s pub=0.0083s delay=0.3226s (local map=49, WM=49)
[INFO] [1773308650.978925414] [rtabmap]: rtabmap (486): Rate=1.00s, Limit=0.000s, Conversion=0.0005s, RTAB-Map=0.1318s, Maps update=0.0029s pub=0.0110s delay=0.3079s (local map=50, WM=50)
[INFO] [1773308651.997312206] [rtabmap]: rtabmap (487): Rate=1.00s, Limit=0.000s, Conversion=0.0003s, RTAB-Map=0.1412s, Maps update=0.0040s pub=0.0146s delay=0.3263s (local map=51, WM=51)
[INFO] [1773308653.105940343] [rtabmap]: rtabmap (488): Rate=1.00s, Limit=0.000s, Conversion=0.0106s, RTAB-Map=0.1522s, Maps update=0.0005s pub=0.0092s delay=0.3351s (local map=52, WM=52)
[INFO] [1773308654.079606203] [rtabmap]: rtabmap (489): Rate=1.00s, Limit=0.000s, Conversion=0.0004s, RTAB-Map=0.1411s, Maps update=0.0030s pub=0.0124s delay=0.3087s (local map=53, WM=53)
[INFO] [1773308655.181601642] [rtabmap]: rtabmap (490): Rate=1.00s, Limit=0.000s, Conversion=0.0005s, RTAB-Map=0.1329s, Maps update=0.0019s pub=0.0116s delay=0.3106s (local map=54, WM=54)
[INFO] [1773308656.265506980] [rtabmap]: rtabmap (491): Rate=1.00s, Limit=0.000s, Conversion=0.0003s, RTAB-Map=0.1235s, Maps update=0.0021s pub=0.0102s delay=0.2946s (local map=55, WM=55)
[INFO] [1773308657.282737541] [rtabmap]: rtabmap (492): Rate=1.00s, Limit=0.000s, Conversion=0.0004s, RTAB-Map=0.1428s, Maps update=0.0023s pub=0.0103s delay=0.3118s (local map=56, WM=56)
[INFO] [1773308658.272357656] [rtabmap]: rtabmap (493): Rate=1.00s, Limit=0.000s, Conversion=0.0005s, RTAB-Map=0.1297s, Maps update=0.0020s pub=0.0096s delay=0.3014s (local map=57, WM=57)
[INFO] [1773308659.276589740] [rtabmap]: rtabmap (494): Rate=1.00s, Limit=0.000s, Conversion=0.0003s, RTAB-Map=0.1356s, Maps update=0.0022s pub=0.0105s delay=0.3056s (local map=58, WM=58)
[INFO] [1773308660.283820228] [rtabmap]: rtabmap (495): Rate=1.00s, Limit=0.000s, Conversion=0.0007s, RTAB-Map=0.1332s, Maps update=0.0024s pub=0.0113s delay=0.3128s (local map=59, WM=59)
[INFO] [1773308661.377909966] [rtabmap]: rtabmap (496): Rate=1.00s, Limit=0.000s, Conversion=0.0004s, RTAB-Map=0.1367s, Maps update=0.0021s pub=0.0106s delay=0.3068s (local map=60, WM=60)
[INFO] [1773308662.396461339] [rtabmap]: rtabmap (497): Rate=1.00s, Limit=0.000s, Conversion=0.0004s, RTAB-Map=0.1421s, Maps update=0.0017s pub=0.0125s delay=0.3253s (local map=61, WM=61)
[INFO] [1773308663.482513659] [rtabmap]: rtabmap (498): Rate=1.00s, Limit=0.000s, Conversion=0.0004s, RTAB-Map=0.1364s, Maps update=0.0024s pub=0.0128s delay=0.3116s (local map=62, WM=62)
[INFO] [1773308664.584118717] [rtabmap]: rtabmap (499): Rate=1.00s, Limit=0.000s, Conversion=0.0004s, RTAB-Map=0.1287s, Maps update=0.0018s pub=0.0134s delay=0.3130s (local map=63, WM=63)
[INFO] [1773308665.688034604] [rtabmap]: rtabmap (500): Rate=1.00s, Limit=0.000s, Conversion=0.0003s, RTAB-Map=0.1409s, Maps update=0.0020s pub=0.0123s delay=0.3170s (local map=64, WM=64)
[INFO] [1773308666.698373130] [rtabmap]: rtabmap (501): Rate=1.00s, Limit=0.000s, Conversion=0.0004s, RTAB-Map=0.1400s, Maps update=0.0006s pub=0.0120s delay=0.3273s (local map=65, WM=65)
[INFO] [1773308667.810986295] [rtabmap]: rtabmap (502): Rate=1.00s, Limit=0.000s, Conversion=0.0003s, RTAB-Map=0.1501s, Maps update=0.0019s pub=0.0184s delay=0.3399s (local map=66, WM=66)
[INFO] [1773308668.906866140] [rtabmap]: rtabmap (503): Rate=1.00s, Limit=0.000s, Conversion=0.0004s, RTAB-Map=0.1472s, Maps update=0.0021s pub=0.0136s delay=0.3357s (local map=67, WM=67)
[INFO] [1773308670.002255473] [rtabmap]: rtabmap (504): Rate=1.00s, Limit=0.000s, Conversion=0.0006s, RTAB-Map=0.1450s, Maps update=0.0020s pub=0.0123s delay=0.3312s (local map=68, WM=68)
[INFO] [1773308671.101231196] [rtabmap]: rtabmap (505): Rate=1.00s, Limit=0.000s, Conversion=0.0003s, RTAB-Map=0.1479s, Maps update=0.0023s pub=0.0114s delay=0.3303s (local map=69, WM=69)
[INFO] [1773308672.098111838] [rtabmap]: rtabmap (506): Rate=1.00s, Limit=0.000s, Conversion=0.0004s, RTAB-Map=0.1423s, Maps update=0.0008s pub=0.0113s delay=0.3271s (local map=70, WM=70)
[INFO] [1773308673.223908670] [rtabmap]: rtabmap (507): Rate=1.00s, Limit=0.000s, Conversion=0.0005s, RTAB-Map=0.1558s, Maps update=0.0022s pub=0.0118s delay=0.3528s (local map=71, WM=71)
[INFO] [1773308674.221868484] [rtabmap]: rtabmap (508): Rate=1.00s, Limit=0.000s, Conversion=0.0005s, RTAB-Map=0.1511s, Maps update=0.0007s pub=0.0074s delay=0.3505s (local map=71, WM=71)
[INFO] [1773308674.902898990] [rclcpp]: signal_handler(signum=2)
