[INFO] [1774356127.898063790] [rtabmap]: rtabmap(maps): latch                      = false
[INFO] [1774356127.899045072] [rtabmap]: rtabmap(maps): map_filter_radius          = 0.000000
[INFO] [1774356127.899113938] [rtabmap]: rtabmap(maps): map_filter_angle           = 30.000000
[INFO] [1774356127.899141427] [rtabmap]: rtabmap(maps): map_cleanup                = true
[INFO] [1774356127.899160628] [rtabmap]: rtabmap(maps): map_always_update          = false
[INFO] [1774356127.899179156] [rtabmap]: rtabmap(maps): map_empty_ray_tracing      = true
[INFO] [1774356127.899196309] [rtabmap]: rtabmap(maps): cloud_output_voxelized     = true
[INFO] [1774356127.899218422] [rtabmap]: rtabmap(maps): cloud_subtract_filtering   = false
[INFO] [1774356127.899237238] [rtabmap]: rtabmap(maps): cloud_subtract_filtering_min_neighbors = 2
[INFO] [1774356127.900058418] [rtabmap]: rtabmap(maps): octomap_tree_depth         = 16
[INFO] [1774356127.972361929] [rtabmap]: rtabmap: frame_id      = leo04/base_footprint
[INFO] [1774356127.972477101] [rtabmap]: rtabmap: map_frame_id  = map
[INFO] [1774356127.972501870] [rtabmap]: rtabmap: log_to_rosout_level  = 4
[INFO] [1774356127.972519119] [rtabmap]: rtabmap: initial_pose  = 
[INFO] [1774356127.972535407] [rtabmap]: rtabmap: use_action_for_goal  = false
[INFO] [1774356127.972557936] [rtabmap]: rtabmap: tf_delay      = 0.050000
[INFO] [1774356127.972586193] [rtabmap]: rtabmap: tf_tolerance  = 0.100000
[INFO] [1774356127.972614226] [rtabmap]: rtabmap: odom_sensor_sync   = false
[INFO] [1774356127.973015296] [rtabmap]: rtabmap: pub_loc_pose_only_when_localizing = false
[INFO] [1774356127.973042336] [rtabmap]: rtabmap: wait_for_transform = 0.500000
[INFO] [1774356127.973070273] [rtabmap]: rtabmap: gen_scan  = false
[INFO] [1774356127.973089762] [rtabmap]: rtabmap: gen_depth  = false
[INFO] [1774356127.973107747] [rtabmap]: rtabmap: scan_cloud_max_points = 0
[INFO] [1774356127.973126211] [rtabmap]: rtabmap: scan_cloud_is_2d = false
[INFO] [1774356128.000255165] [rtabmap]: Setting RTAB-Map parameter "Grid/CellSize"="0.03" (rosparam)
[INFO] [1774356128.000623241] [rtabmap]: Setting RTAB-Map parameter "Grid/MaxGroundAngle"="45" (rosparam)
[INFO] [1774356128.000696396] [rtabmap]: Setting RTAB-Map parameter "Grid/MaxGroundHeight"="0.1" (rosparam)
[INFO] [1774356128.000748525] [rtabmap]: Setting RTAB-Map parameter "Grid/MaxObstacleHeight"="0.7" (rosparam)
[INFO] [1774356128.000824464] [rtabmap]: Setting RTAB-Map parameter "Grid/MinGroundHeight"="-0.1" (rosparam)
[INFO] [1774356128.000980661] [rtabmap]: Setting RTAB-Map parameter "Grid/RangeMax"="3.0" (rosparam)
[INFO] [1774356128.001045591] [rtabmap]: Setting RTAB-Map parameter "Grid/RangeMin"="0.7" (rosparam)
[INFO] [1774356128.001098009] [rtabmap]: Setting RTAB-Map parameter "Grid/RayTracing"="false" (rosparam)
[INFO] [1774356128.001210525] [rtabmap]: Setting RTAB-Map parameter "Grid/Sensor"="0" (rosparam)
[INFO] [1774356128.001579370] [rtabmap]: Setting RTAB-Map parameter "Icp/CorrespondenceRatio"="0.2" (rosparam)
[INFO] [1774356128.001688301] [rtabmap]: Setting RTAB-Map parameter "Icp/Epsilon"="0.001" (rosparam)
[INFO] [1774356128.001789873] [rtabmap]: Setting RTAB-Map parameter "Icp/Iterations"="10" (rosparam)
[INFO] [1774356128.001842130] [rtabmap]: Setting RTAB-Map parameter "Icp/MaxCorrespondenceDistance"="1" (rosparam)
[INFO] [1774356128.001922933] [rtabmap]: Setting RTAB-Map parameter "Icp/MaxTranslation"="3" (rosparam)
[INFO] [1774356128.001978487] [rtabmap]: Setting RTAB-Map parameter "Icp/OutlierRatio"="0.7" (rosparam)
[INFO] [1774356128.002139197] [rtabmap]: Setting RTAB-Map parameter "Icp/PointToPlane"="true" (rosparam)
[INFO] [1774356128.004095647] [rtabmap]: Setting RTAB-Map parameter "Icp/PointToPlaneK"="20" (rosparam)
[INFO] [1774356128.006330187] [rtabmap]: Setting RTAB-Map parameter "Icp/PointToPlaneRadius"="0" (rosparam)
[INFO] [1774356128.007734235] [rtabmap]: Setting RTAB-Map parameter "Icp/RangeMin"="0.3" (rosparam)
[INFO] [1774356128.008193418] [rtabmap]: Setting RTAB-Map parameter "Icp/Strategy"="1" (rosparam)
[INFO] [1774356128.008906914] [rtabmap]: Setting RTAB-Map parameter "Icp/VoxelSize"="0.1" (rosparam)
[INFO] [1774356128.011176015] [rtabmap]: Setting RTAB-Map parameter "Mem/LaserScanNormalK"="20" (rosparam)
[INFO] [1774356128.012393817] [rtabmap]: Setting RTAB-Map parameter "Mem/LaserScanVoxelSize"="0.03" (rosparam)
[INFO] [1774356128.012534494] [rtabmap]: Setting RTAB-Map parameter "Mem/NotLinkedNodesKept"="false" (rosparam)
[INFO] [1774356128.012745541] [rtabmap]: Setting RTAB-Map parameter "Mem/STMSize"="30" (rosparam)
[INFO] [1774356128.015942769] [rtabmap]: Setting RTAB-Map parameter "RGBD/AngularUpdate"="0.05" (rosparam)
[INFO] [1774356128.016037877] [rtabmap]: Setting RTAB-Map parameter "RGBD/CreateOccupancyGrid"="true" (rosparam)
[INFO] [1774356128.018308162] [rtabmap]: Setting RTAB-Map parameter "RGBD/LinearUpdate"="0.05" (rosparam)
[INFO] [1774356128.018868821] [rtabmap]: Setting RTAB-Map parameter "RGBD/ProximityMaxGraphDepth"="0" (rosparam)
[INFO] [1774356128.019034618] [rtabmap]: Setting RTAB-Map parameter "RGBD/ProximityPathMaxNeighbors"="1" (rosparam)
[INFO] [1774356128.019198144] [rtabmap]: Setting RTAB-Map parameter "Reg/Strategy"="1" (rosparam)
[INFO] [1774356128.029231733] [rtabmap]: RTAB-Map detection rate = 1.000000 Hz
[INFO] [1774356128.029681156] [rtabmap]: rtabmap: Deleted database "/root/.ros/rtabmap.db" (--delete_db_on_start or -d are set).
[INFO] [1774356128.029757702] [rtabmap]: rtabmap: Using database from "/root/.ros/rtabmap.db" (0 MB).
[INFO] [1774356128.098816880] [rtabmap]: rtabmap: Database version = "0.22.1".
[INFO] [1774356128.098990229] [rtabmap]: rtabmap: SLAM mode (Mem/IncrementalMemory=true)
[INFO] [1774356128.121836285] [rtabmap]: Setup callbacks
[INFO] [1774356128.122023076] [rtabmap]: rtabmap: subscribe_depth = false
[INFO] [1774356128.122056869] [rtabmap]: rtabmap: subscribe_rgb = false
[INFO] [1774356128.122078021] [rtabmap]: rtabmap: subscribe_stereo = false
[INFO] [1774356128.122096998] [rtabmap]: rtabmap: subscribe_rgbd = false (rgbd_cameras=1)
[INFO] [1774356128.122146984] [rtabmap]: rtabmap: subscribe_sensor_data = false
[INFO] [1774356128.122171241] [rtabmap]: rtabmap: subscribe_odom_info = false
[INFO] [1774356128.122191049] [rtabmap]: rtabmap: subscribe_user_data = false
[INFO] [1774356128.122210314] [rtabmap]: rtabmap: subscribe_scan = false
[INFO] [1774356128.122230155] [rtabmap]: rtabmap: subscribe_scan_cloud = true
[INFO] [1774356128.122249323] [rtabmap]: rtabmap: subscribe_scan_descriptor = false
[INFO] [1774356128.122267756] [rtabmap]: rtabmap: topic_queue_size = 10
[INFO] [1774356128.122298413] [rtabmap]: rtabmap: sync_queue_size  = 200
[INFO] [1774356128.122321038] [rtabmap]: rtabmap: qos_image       = 0
[INFO] [1774356128.122342286] [rtabmap]: rtabmap: qos_camera_info = 0
[INFO] [1774356128.122361615] [rtabmap]: rtabmap: qos_scan        = 0
[INFO] [1774356128.122380688] [rtabmap]: rtabmap: qos_odom        = 0
[INFO] [1774356128.122399984] [rtabmap]: rtabmap: qos_user_data   = 0
[INFO] [1774356128.122419537] [rtabmap]: rtabmap: approx_sync     = true
[INFO] [1774356128.122457106] [rtabmap]: Setup scan callback
[INFO] [1774356128.123806208] [rtabmap]: 
rtabmap subscribed to (approx sync):
   /odom \
   /leo04/livox/lidar
[WARN] [1774356128.130340094] [rtabmap]: There is no image subscription, bag-of-words loop closure detection will be disabled...
[WARN] [1774356128.130688490] [rtabmap]: Setting Kp/MaxFeatures=-1 (bag-of-words disabled)
[WARN] [1774356133.130730217] [rtabmap]: rtabmap: Did not receive data since 5 seconds! Make sure the input topics are published ("$ ros2 topic hz my_topic") and the timestamps in their header are set. If topics are coming from different computers, make sure the clocks of the computers are synchronized ("ntpdate"). Ajusting topic_queue_size (10) and sync_queue_size (200) can also help for better synchronization if framerates and/or delays are different. If topics are not published at the same rate, you could increase "sync_queue_size" and/or "topic_queue_size" parameters (current=200 and 10 respectively).
rtabmap subscribed to (approx sync):
   /odom \
   /leo04/livox/lidar
[WARN] [1774356138.130814634] [rtabmap]: rtabmap: Did not receive data since 5 seconds! Make sure the input topics are published ("$ ros2 topic hz my_topic") and the timestamps in their header are set. If topics are coming from different computers, make sure the clocks of the computers are synchronized ("ntpdate"). Ajusting topic_queue_size (10) and sync_queue_size (200) can also help for better synchronization if framerates and/or delays are different. If topics are not published at the same rate, you could increase "sync_queue_size" and/or "topic_queue_size" parameters (current=200 and 10 respectively).
rtabmap subscribed to (approx sync):
   /odom \
   /leo04/livox/lidar
[INFO] [1774356140.102129415] [rtabmap]: rtabmap (1): Rate=1.00s, Limit=0.000s, Conversion=0.0009s, RTAB-Map=0.1069s, Maps update=0.0021s pub=0.0017s delay=3.1499s (local map=1, WM=1)
[INFO] [1774356140.169056168] [rtabmap]: rtabmap (2): Rate=1.00s, Limit=0.000s, Conversion=0.0005s, RTAB-Map=0.0581s, Maps update=0.0002s pub=0.0006s delay=0.2155s (local map=1, WM=1)
[INFO] [1774356141.281521625] [rtabmap]: rtabmap (3): Rate=1.00s, Limit=0.000s, Conversion=0.0004s, RTAB-Map=0.0679s, Maps update=0.0003s pub=0.0007s delay=0.2268s (local map=1, WM=1)
[INFO] [1774356142.373132582] [rtabmap]: rtabmap (4): Rate=1.00s, Limit=0.000s, Conversion=0.0006s, RTAB-Map=0.0592s, Maps update=0.0005s pub=0.0006s delay=0.2199s (local map=1, WM=1)
[INFO] [1774356143.372463029] [rtabmap]: rtabmap (5): Rate=1.00s, Limit=0.000s, Conversion=0.0003s, RTAB-Map=0.0649s, Maps update=0.0002s pub=0.0005s delay=0.2189s (local map=1, WM=1)
[INFO] [1774356144.471924653] [rtabmap]: rtabmap (6): Rate=1.00s, Limit=0.000s, Conversion=0.0004s, RTAB-Map=0.0633s, Maps update=0.0003s pub=0.0006s delay=0.2187s (local map=1, WM=1)
[INFO] [1774356145.483083341] [rtabmap]: rtabmap (7): Rate=1.00s, Limit=0.000s, Conversion=0.0003s, RTAB-Map=0.0775s, Maps update=0.0002s pub=0.0006s delay=0.2298s (local map=1, WM=1)
[INFO] [1774356146.488220482] [rtabmap]: rtabmap (8): Rate=1.00s, Limit=0.000s, Conversion=0.0006s, RTAB-Map=0.0793s, Maps update=0.0002s pub=0.0006s delay=0.2349s (local map=1, WM=1)
[INFO] [1774356147.579171672] [rtabmap]: rtabmap (9): Rate=1.00s, Limit=0.000s, Conversion=0.0005s, RTAB-Map=0.0678s, Maps update=0.0002s pub=0.0008s delay=0.2256s (local map=1, WM=1)
[INFO] [1774356148.677372165] [rtabmap]: rtabmap (10): Rate=1.00s, Limit=0.000s, Conversion=0.0005s, RTAB-Map=0.0713s, Maps update=0.0003s pub=0.0006s delay=0.2237s (local map=1, WM=1)
[INFO] [1774356149.780591260] [rtabmap]: rtabmap (11): Rate=1.00s, Limit=0.000s, Conversion=0.0008s, RTAB-Map=0.0695s, Maps update=0.0002s pub=0.0012s delay=0.2272s (local map=1, WM=1)
[INFO] [1774356150.889841376] [rtabmap]: rtabmap (12): Rate=1.00s, Limit=0.000s, Conversion=0.0004s, RTAB-Map=0.0712s, Maps update=0.0002s pub=0.0006s delay=0.2369s (local map=1, WM=1)
[INFO] [1774356151.890359575] [rtabmap]: rtabmap (13): Rate=1.00s, Limit=0.000s, Conversion=0.0003s, RTAB-Map=0.0753s, Maps update=0.0002s pub=0.0009s delay=0.2373s (local map=1, WM=1)
[INFO] [1774356152.877294562] [rtabmap]: rtabmap (14): Rate=1.00s, Limit=0.000s, Conversion=0.0004s, RTAB-Map=0.0654s, Maps update=0.0002s pub=0.0006s delay=0.2237s (local map=1, WM=1)
[INFO] [1774356153.973324516] [rtabmap]: rtabmap (15): Rate=1.00s, Limit=0.000s, Conversion=0.0003s, RTAB-Map=0.0649s, Maps update=0.0004s pub=0.0007s delay=0.2198s (local map=1, WM=1)
[INFO] [1774356154.983526533] [rtabmap]: rtabmap (16): Rate=1.00s, Limit=0.000s, Conversion=0.0004s, RTAB-Map=0.0684s, Maps update=0.0003s pub=0.0011s delay=0.2299s (local map=1, WM=1)
[INFO] [1774356156.084449230] [rtabmap]: rtabmap (17): Rate=1.00s, Limit=0.000s, Conversion=0.0005s, RTAB-Map=0.0657s, Maps update=0.0003s pub=0.0010s delay=0.2315s (local map=1, WM=1)
[INFO] [1774356157.083160744] [rtabmap]: rtabmap (18): Rate=1.00s, Limit=0.000s, Conversion=0.0004s, RTAB-Map=0.0676s, Maps update=0.0002s pub=0.0008s delay=0.2300s (local map=1, WM=1)
[INFO] [1774356158.183306039] [rtabmap]: rtabmap (19): Rate=1.00s, Limit=0.000s, Conversion=0.0005s, RTAB-Map=0.0740s, Maps update=0.0003s pub=0.0009s delay=0.2296s (local map=1, WM=1)
[INFO] [1774356159.280797611] [rtabmap]: rtabmap (20): Rate=1.00s, Limit=0.000s, Conversion=0.0006s, RTAB-Map=0.0710s, Maps update=0.0003s pub=0.0006s delay=0.2277s (local map=1, WM=1)
[INFO] [1774356160.384498611] [rtabmap]: rtabmap (21): Rate=1.00s, Limit=0.000s, Conversion=0.0003s, RTAB-Map=0.0697s, Maps update=0.0002s pub=0.0005s delay=0.2294s (local map=1, WM=1)
[INFO] [1774356161.494803194] [rtabmap]: rtabmap (22): Rate=1.00s, Limit=0.000s, Conversion=0.0003s, RTAB-Map=0.0755s, Maps update=0.0002s pub=0.0007s delay=0.2413s (local map=1, WM=1)
[INFO] [1774356162.579106255] [rtabmap]: rtabmap (23): Rate=1.00s, Limit=0.000s, Conversion=0.0005s, RTAB-Map=0.0692s, Maps update=0.0013s pub=0.0019s delay=0.2255s (local map=2, WM=2)
[INFO] [1774356163.576804039] [rtabmap]: rtabmap (24): Rate=1.00s, Limit=0.000s, Conversion=0.0003s, RTAB-Map=0.0649s, Maps update=0.0002s pub=0.0008s delay=0.2231s (local map=2, WM=2)
[INFO] [1774356164.692373217] [rtabmap]: rtabmap (25): Rate=1.00s, Limit=0.000s, Conversion=0.0003s, RTAB-Map=0.0706s, Maps update=0.0002s pub=0.0007s delay=0.2389s (local map=2, WM=2)
[INFO] [1774356165.778374256] [rtabmap]: rtabmap (26): Rate=1.00s, Limit=0.000s, Conversion=0.0005s, RTAB-Map=0.0655s, Maps update=0.0003s pub=0.0008s delay=0.2250s (local map=2, WM=2)
[INFO] [1774356166.879328890] [rtabmap]: rtabmap (27): Rate=1.00s, Limit=0.000s, Conversion=0.0004s, RTAB-Map=0.0688s, Maps update=0.0003s pub=0.0008s delay=0.2264s (local map=2, WM=2)
[INFO] [1774356167.894091477] [rtabmap]: rtabmap (28): Rate=1.00s, Limit=0.000s, Conversion=0.0009s, RTAB-Map=0.0718s, Maps update=0.0002s pub=0.0006s delay=0.2407s (local map=2, WM=2)
[INFO] [1774356168.978365513] [rtabmap]: rtabmap (29): Rate=1.00s, Limit=0.000s, Conversion=0.0007s, RTAB-Map=0.0725s, Maps update=0.0003s pub=0.0010s delay=0.2254s (local map=2, WM=2)
[INFO] [1774356169.988013046] [rtabmap]: rtabmap (30): Rate=1.00s, Limit=0.000s, Conversion=0.0003s, RTAB-Map=0.0751s, Maps update=0.0002s pub=0.0007s delay=0.2345s (local map=2, WM=2)
[INFO] [1774356171.076727233] [rtabmap]: rtabmap (31): Rate=1.00s, Limit=0.000s, Conversion=0.0005s, RTAB-Map=0.0661s, Maps update=0.0002s pub=0.0018s delay=0.2237s (local map=2, WM=2)
[INFO] [1774356172.085737145] [rtabmap]: rtabmap (32): Rate=1.00s, Limit=0.000s, Conversion=0.0003s, RTAB-Map=0.0703s, Maps update=0.0002s pub=0.0009s delay=0.2326s (local map=2, WM=2)
[INFO] [1774356173.192280257] [rtabmap]: rtabmap (33): Rate=1.00s, Limit=0.000s, Conversion=0.0003s, RTAB-Map=0.0760s, Maps update=0.0005s pub=0.0012s delay=0.2393s (local map=2, WM=2)
[INFO] [1774356174.186365022] [rtabmap]: rtabmap (34): Rate=1.00s, Limit=0.000s, Conversion=0.0005s, RTAB-Map=0.0739s, Maps update=0.0002s pub=0.0007s delay=0.2329s (local map=2, WM=2)
[INFO] [1774356175.282592935] [rtabmap]: rtabmap (35): Rate=1.00s, Limit=0.000s, Conversion=0.0004s, RTAB-Map=0.0700s, Maps update=0.0003s pub=0.0010s delay=0.2296s (local map=2, WM=2)
[INFO] [1774356176.291804774] [rtabmap]: rtabmap (36): Rate=1.00s, Limit=0.000s, Conversion=0.0005s, RTAB-Map=0.0776s, Maps update=0.0002s pub=0.0008s delay=0.2388s (local map=2, WM=2)
[INFO] [1774356177.398124070] [rtabmap]: rtabmap (37): Rate=1.00s, Limit=0.000s, Conversion=0.0005s, RTAB-Map=0.0800s, Maps update=0.0002s pub=0.0007s delay=0.2451s (local map=2, WM=2)
[INFO] [1774356178.380287215] [rtabmap]: rtabmap (38): Rate=1.00s, Limit=0.000s, Conversion=0.0005s, RTAB-Map=0.0715s, Maps update=0.0003s pub=0.0008s delay=0.2266s (local map=2, WM=2)
[INFO] [1774356179.486878456] [rtabmap]: rtabmap (39): Rate=1.00s, Limit=0.000s, Conversion=0.0004s, RTAB-Map=0.0698s, Maps update=0.0002s pub=0.0008s delay=0.2339s (local map=2, WM=2)
[INFO] [1774356180.585163144] [rtabmap]: rtabmap (40): Rate=1.00s, Limit=0.000s, Conversion=0.0005s, RTAB-Map=0.0751s, Maps update=0.0003s pub=0.0014s delay=0.2322s (local map=2, WM=2)
[INFO] [1774356181.590260859] [rtabmap]: rtabmap (41): Rate=1.00s, Limit=0.000s, Conversion=0.0005s, RTAB-Map=0.0825s, Maps update=0.0002s pub=0.0008s delay=0.2373s (local map=2, WM=2)
[INFO] [1774356182.587089109] [rtabmap]: rtabmap (42): Rate=1.00s, Limit=0.000s, Conversion=0.0004s, RTAB-Map=0.0664s, Maps update=0.0002s pub=0.0009s delay=0.2340s (local map=2, WM=2)
[INFO] [1774356183.587124220] [rtabmap]: rtabmap (43): Rate=1.00s, Limit=0.000s, Conversion=0.0003s, RTAB-Map=0.0721s, Maps update=0.0003s pub=0.0009s delay=0.2335s (local map=2, WM=2)
[INFO] [1774356184.681289536] [rtabmap]: rtabmap (44): Rate=1.00s, Limit=0.000s, Conversion=0.0004s, RTAB-Map=0.0735s, Maps update=0.0002s pub=0.0008s delay=0.2282s (local map=2, WM=2)
[INFO] [1774356185.790686600] [rtabmap]: rtabmap (45): Rate=1.00s, Limit=0.000s, Conversion=0.0003s, RTAB-Map=0.0747s, Maps update=0.0003s pub=0.0009s delay=0.2377s (local map=2, WM=2)
[INFO] [1774356186.786540098] [rtabmap]: rtabmap (46): Rate=1.00s, Limit=0.000s, Conversion=0.0003s, RTAB-Map=0.0689s, Maps update=0.0003s pub=0.0007s delay=0.2329s (local map=2, WM=2)
[INFO] [1774356187.893925638] [rtabmap]: rtabmap (47): Rate=1.00s, Limit=0.000s, Conversion=0.0005s, RTAB-Map=0.0747s, Maps update=0.0002s pub=0.0007s delay=0.2411s (local map=2, WM=2)
[INFO] [1774356188.889380242] [rtabmap]: rtabmap (48): Rate=1.00s, Limit=0.000s, Conversion=0.0003s, RTAB-Map=0.0753s, Maps update=0.0002s pub=0.0007s delay=0.2358s (local map=2, WM=2)
[INFO] [1774356189.983583639] [rtabmap]: rtabmap (49): Rate=1.00s, Limit=0.000s, Conversion=0.0004s, RTAB-Map=0.0760s, Maps update=0.0003s pub=0.0010s delay=0.2305s (local map=2, WM=2)
[INFO] [1774356190.991686416] [rtabmap]: rtabmap (50): Rate=1.00s, Limit=0.000s, Conversion=0.0003s, RTAB-Map=0.0787s, Maps update=0.0003s pub=0.0007s delay=0.2385s (local map=2, WM=2)
[INFO] [1774356192.089151587] [rtabmap]: rtabmap (51): Rate=1.00s, Limit=0.000s, Conversion=0.0005s, RTAB-Map=0.0757s, Maps update=0.0002s pub=0.0007s delay=0.2361s (local map=2, WM=2)
[INFO] [1774356193.073199020] [rtabmap]: rtabmap (52): Rate=1.00s, Limit=0.000s, Conversion=0.0003s, RTAB-Map=0.0627s, Maps update=0.0004s pub=0.0008s delay=0.2195s (local map=2, WM=2)
[INFO] [1774356194.179655985] [rtabmap]: rtabmap (53): Rate=1.00s, Limit=0.000s, Conversion=0.0012s, RTAB-Map=0.0694s, Maps update=0.0003s pub=0.0007s delay=0.2266s (local map=2, WM=2)
[INFO] [1774356195.169462876] [rtabmap]: rtabmap (54): Rate=1.00s, Limit=0.000s, Conversion=0.0004s, RTAB-Map=0.0663s, Maps update=0.0002s pub=0.0008s delay=0.2162s (local map=2, WM=2)
[INFO] [1774356196.299450624] [rtabmap]: rtabmap (55): Rate=1.00s, Limit=0.000s, Conversion=0.0005s, RTAB-Map=0.0823s, Maps update=0.0002s pub=0.0009s delay=0.2463s (local map=2, WM=2)
[INFO] [1774356197.389033576] [rtabmap]: rtabmap (56): Rate=1.00s, Limit=0.000s, Conversion=0.0003s, RTAB-Map=0.0723s, Maps update=0.0002s pub=0.0009s delay=0.2360s (local map=2, WM=2)
[INFO] [1774356198.491468005] [rtabmap]: rtabmap (57): Rate=1.00s, Limit=0.000s, Conversion=0.0005s, RTAB-Map=0.0754s, Maps update=0.0003s pub=0.0010s delay=0.2385s (local map=2, WM=2)
[INFO] [1774356199.484588673] [rtabmap]: rtabmap (58): Rate=1.00s, Limit=0.000s, Conversion=0.0003s, RTAB-Map=0.0647s, Maps update=0.0002s pub=0.0009s delay=0.2316s (local map=2, WM=2)
[INFO] [1774356200.587998111] [rtabmap]: rtabmap (59): Rate=1.00s, Limit=0.000s, Conversion=0.0005s, RTAB-Map=0.0770s, Maps update=0.0003s pub=0.0007s delay=0.2350s (local map=2, WM=2)
[INFO] [1774356201.582029018] [rtabmap]: rtabmap (60): Rate=1.00s, Limit=0.000s, Conversion=0.0005s, RTAB-Map=0.0708s, Maps update=0.0014s pub=0.0007s delay=0.2283s (local map=2, WM=2)
[INFO] [1774356202.681186471] [rtabmap]: rtabmap (61): Rate=1.00s, Limit=0.000s, Conversion=0.0005s, RTAB-Map=0.0705s, Maps update=0.0003s pub=0.0009s delay=0.2282s (local map=2, WM=2)
[INFO] [1774356203.774727445] [rtabmap]: rtabmap (62): Rate=1.00s, Limit=0.000s, Conversion=0.0003s, RTAB-Map=0.0622s, Maps update=0.0002s pub=0.0007s delay=0.2218s (local map=2, WM=2)
[INFO] [1774356204.900528747] [rtabmap]: rtabmap (63): Rate=1.00s, Limit=0.000s, Conversion=0.0004s, RTAB-Map=0.0822s, Maps update=0.0003s pub=0.0007s delay=0.2475s (local map=2, WM=2)
[INFO] [1774356205.989292215] [rtabmap]: rtabmap (64): Rate=1.00s, Limit=0.000s, Conversion=0.0004s, RTAB-Map=0.0745s, Maps update=0.0002s pub=0.0008s delay=0.2363s (local map=2, WM=2)
[INFO] [1774356207.080179404] [rtabmap]: rtabmap (65): Rate=1.00s, Limit=0.000s, Conversion=0.0006s, RTAB-Map=0.0694s, Maps update=0.0003s pub=0.0008s delay=0.2273s (local map=2, WM=2)
[INFO] [1774356208.092146056] [rtabmap]: rtabmap (66): Rate=1.00s, Limit=0.000s, Conversion=0.0003s, RTAB-Map=0.0756s, Maps update=0.0002s pub=0.0009s delay=0.2391s (local map=2, WM=2)
[INFO] [1774356209.189902854] [rtabmap]: rtabmap (67): Rate=1.00s, Limit=0.000s, Conversion=0.0007s, RTAB-Map=0.0781s, Maps update=0.0003s pub=0.0008s delay=0.2369s (local map=2, WM=2)
[INFO] [1774356210.186632157] [rtabmap]: rtabmap (68): Rate=1.00s, Limit=0.000s, Conversion=0.0005s, RTAB-Map=0.0693s, Maps update=0.0002s pub=0.0011s delay=0.2336s (local map=2, WM=2)
[INFO] [1774356211.183597019] [rtabmap]: rtabmap (69): Rate=1.00s, Limit=0.000s, Conversion=0.0003s, RTAB-Map=0.0771s, Maps update=0.0003s pub=0.0012s delay=0.2304s (local map=2, WM=2)
[INFO] [1774356212.287548011] [rtabmap]: rtabmap (70): Rate=1.00s, Limit=0.000s, Conversion=0.0005s, RTAB-Map=0.0737s, Maps update=0.0004s pub=0.0010s delay=0.2345s (local map=2, WM=2)
[INFO] [1774356213.285235555] [rtabmap]: rtabmap (71): Rate=1.00s, Limit=0.000s, Conversion=0.0004s, RTAB-Map=0.0741s, Maps update=0.0003s pub=0.0008s delay=0.2322s (local map=2, WM=2)
[INFO] [1774356214.290890857] [rtabmap]: rtabmap (72): Rate=1.00s, Limit=0.000s, Conversion=0.0005s, RTAB-Map=0.0760s, Maps update=0.0004s pub=0.0007s delay=0.2378s (local map=2, WM=2)
[INFO] [1774356215.279170529] [rtabmap]: rtabmap (73): Rate=1.00s, Limit=0.000s, Conversion=0.0005s, RTAB-Map=0.0741s, Maps update=0.0002s pub=0.0011s delay=0.2261s (local map=2, WM=2)
[INFO] [1774356216.282438006] [rtabmap]: rtabmap (74): Rate=1.00s, Limit=0.000s, Conversion=0.0003s, RTAB-Map=0.0697s, Maps update=0.0002s pub=0.0007s delay=0.2292s (local map=2, WM=2)
[INFO] [1774356217.385321025] [rtabmap]: rtabmap (75): Rate=1.00s, Limit=0.000s, Conversion=0.0003s, RTAB-Map=0.0738s, Maps update=0.0003s pub=0.0006s delay=0.2323s (local map=2, WM=2)
[INFO] [1774356218.383502153] [rtabmap]: rtabmap (76): Rate=1.00s, Limit=0.000s, Conversion=0.0005s, RTAB-Map=0.0786s, Maps update=0.0002s pub=0.0008s delay=0.2303s (local map=2, WM=2)
[INFO] [1774356219.474753450] [rtabmap]: rtabmap (77): Rate=1.00s, Limit=0.000s, Conversion=0.0003s, RTAB-Map=0.0719s, Maps update=0.0003s pub=0.0011s delay=0.2216s (local map=2, WM=2)
[INFO] [1774356220.476554221] [rtabmap]: rtabmap (78): Rate=1.00s, Limit=0.000s, Conversion=0.0004s, RTAB-Map=0.0641s, Maps update=0.0002s pub=0.0006s delay=0.2233s (local map=2, WM=2)
[INFO] [1774356221.578630301] [rtabmap]: rtabmap (79): Rate=1.00s, Limit=0.000s, Conversion=0.0006s, RTAB-Map=0.0675s, Maps update=0.0019s pub=0.0035s delay=0.2255s (local map=3, WM=3)
[INFO] [1774356222.578100817] [rtabmap]: rtabmap (80): Rate=1.00s, Limit=0.000s, Conversion=0.0007s, RTAB-Map=0.0664s, Maps update=0.0026s pub=0.0030s delay=0.2250s (local map=4, WM=4)
[INFO] [1774356223.595888371] [rtabmap]: rtabmap (81): Rate=1.00s, Limit=0.000s, Conversion=0.0005s, RTAB-Map=0.0756s, Maps update=0.0024s pub=0.0049s delay=0.2427s (local map=5, WM=5)
[INFO] [1774356224.582837310] [rtabmap]: rtabmap (82): Rate=1.00s, Limit=0.000s, Conversion=0.0005s, RTAB-Map=0.0694s, Maps update=0.0014s pub=0.0036s delay=0.2296s (local map=6, WM=6)
[INFO] [1774356225.691903196] [rtabmap]: rtabmap (83): Rate=1.00s, Limit=0.000s, Conversion=0.0005s, RTAB-Map=0.0702s, Maps update=0.0021s pub=0.0040s delay=0.2387s (local map=7, WM=7)
[INFO] [1774356226.685213758] [rtabmap]: rtabmap (84): Rate=1.00s, Limit=0.000s, Conversion=0.0004s, RTAB-Map=0.0700s, Maps update=0.0003s pub=0.0052s delay=0.2320s (local map=8, WM=8)
[INFO] [1774356227.797911543] [rtabmap]: rtabmap (85): Rate=1.00s, Limit=0.000s, Conversion=0.0005s, RTAB-Map=0.0755s, Maps update=0.0023s pub=0.0041s delay=0.2447s (local map=9, WM=9)
[INFO] [1774356228.904628389] [rtabmap]: rtabmap (86): Rate=1.00s, Limit=0.000s, Conversion=0.0005s, RTAB-Map=0.0796s, Maps update=0.0015s pub=0.0050s delay=0.2514s (local map=10, WM=10)
[INFO] [1774356229.986959159] [rtabmap]: rtabmap (87): Rate=1.00s, Limit=0.000s, Conversion=0.0003s, RTAB-Map=0.0743s, Maps update=0.0020s pub=0.0048s delay=0.2338s (local map=11, WM=11)
[INFO] [1774356230.989070628] [rtabmap]: rtabmap (88): Rate=1.00s, Limit=0.000s, Conversion=0.0004s, RTAB-Map=0.0721s, Maps update=0.0016s pub=0.0047s delay=0.2358s (local map=12, WM=12)
[INFO] [1774356231.998729650] [rtabmap]: rtabmap (89): Rate=1.00s, Limit=0.000s, Conversion=0.0017s, RTAB-Map=0.0788s, Maps update=0.0022s pub=0.0051s delay=0.2455s (local map=13, WM=13)
[INFO] [1774356233.095501678] [rtabmap]: rtabmap (90): Rate=1.00s, Limit=0.000s, Conversion=0.0003s, RTAB-Map=0.0766s, Maps update=0.0014s pub=0.0057s delay=0.2423s (local map=14, WM=14)
[INFO] [1774356234.099322902] [rtabmap]: rtabmap (91): Rate=1.00s, Limit=0.000s, Conversion=0.0004s, RTAB-Map=0.0838s, Maps update=0.0017s pub=0.0067s delay=0.2461s (local map=15, WM=15)
[INFO] [1774356235.205274410] [rtabmap]: rtabmap (92): Rate=1.00s, Limit=0.000s, Conversion=0.0005s, RTAB-Map=0.0780s, Maps update=0.0016s pub=0.0056s delay=0.2519s (local map=16, WM=16)
[INFO] [1774356236.205044072] [rtabmap]: rtabmap (93): Rate=1.00s, Limit=0.000s, Conversion=0.0003s, RTAB-Map=0.0748s, Maps update=0.0016s pub=0.0067s delay=0.2517s (local map=17, WM=17)
[INFO] [1774356237.206792969] [rtabmap]: rtabmap (94): Rate=1.00s, Limit=0.000s, Conversion=0.0004s, RTAB-Map=0.0792s, Maps update=0.0021s pub=0.0060s delay=0.2534s (local map=18, WM=18)
[INFO] [1774356238.294332940] [rtabmap]: rtabmap (95): Rate=1.00s, Limit=0.000s, Conversion=0.0004s, RTAB-Map=0.0745s, Maps update=0.0015s pub=0.0066s delay=0.2410s (local map=19, WM=19)
[INFO] [1774356239.307420462] [rtabmap]: rtabmap (96): Rate=1.00s, Limit=0.000s, Conversion=0.0004s, RTAB-Map=0.0827s, Maps update=0.0026s pub=0.0069s delay=0.2541s (local map=20, WM=20)
[INFO] [1774356240.411415712] [rtabmap]: rtabmap (97): Rate=1.00s, Limit=0.000s, Conversion=0.0004s, RTAB-Map=0.0790s, Maps update=0.0015s pub=0.0065s delay=0.2581s (local map=21, WM=21)
[INFO] [1774356241.507125048] [rtabmap]: rtabmap (98): Rate=1.00s, Limit=0.000s, Conversion=0.0005s, RTAB-Map=0.0758s, Maps update=0.0016s pub=0.0071s delay=0.2538s (local map=22, WM=22)
[INFO] [1774356242.606557934] [rtabmap]: rtabmap (99): Rate=1.00s, Limit=0.000s, Conversion=0.0003s, RTAB-Map=0.0783s, Maps update=0.0024s pub=0.0063s delay=0.2531s (local map=23, WM=23)
[INFO] [1774356243.719711863] [rtabmap]: rtabmap (100): Rate=1.00s, Limit=0.000s, Conversion=0.0005s, RTAB-Map=0.0793s, Maps update=0.0018s pub=0.0068s delay=0.2663s (local map=24, WM=24)
[INFO] [1774356244.802360531] [rtabmap]: rtabmap (101): Rate=1.00s, Limit=0.000s, Conversion=0.0005s, RTAB-Map=0.0815s, Maps update=0.0017s pub=0.0069s delay=0.2491s (local map=25, WM=25)
[INFO] [1774356245.789338879] [rtabmap]: rtabmap (102): Rate=1.00s, Limit=0.000s, Conversion=0.0005s, RTAB-Map=0.0702s, Maps update=0.0017s pub=0.0069s delay=0.2360s (local map=26, WM=26)
[INFO] [1774356246.898431390] [rtabmap]: rtabmap (103): Rate=1.00s, Limit=0.000s, Conversion=0.0005s, RTAB-Map=0.0712s, Maps update=0.0018s pub=0.0089s delay=0.2451s (local map=27, WM=27)
[INFO] [1774356247.909644448] [rtabmap]: rtabmap (104): Rate=1.00s, Limit=0.000s, Conversion=0.0003s, RTAB-Map=0.0771s, Maps update=0.0019s pub=0.0073s delay=0.2563s (local map=28, WM=28)
[INFO] [1774356248.912117530] [rtabmap]: rtabmap (105): Rate=1.00s, Limit=0.000s, Conversion=0.0005s, RTAB-Map=0.0766s, Maps update=0.0018s pub=0.0072s delay=0.2587s (local map=29, WM=29)
[INFO] [1774356250.000442295] [rtabmap]: rtabmap (106): Rate=1.00s, Limit=0.000s, Conversion=0.0005s, RTAB-Map=0.0808s, Maps update=0.0022s pub=0.0074s delay=0.2471s (local map=30, WM=30)
[INFO] [1774356251.161164623] [rtabmap]: rtabmap (107): Rate=1.00s, Limit=0.000s, Conversion=0.0003s, RTAB-Map=0.1320s, Maps update=0.0016s pub=0.0088s delay=0.3078s (local map=31, WM=31)
[INFO] [1774356252.146746955] [rtabmap]: rtabmap (108): Rate=1.00s, Limit=0.000s, Conversion=0.0003s, RTAB-Map=0.1305s, Maps update=0.0017s pub=0.0072s delay=0.2933s (local map=32, WM=32)
[INFO] [1774356253.260203902] [rtabmap]: rtabmap (109): Rate=1.00s, Limit=0.000s, Conversion=0.0004s, RTAB-Map=0.1276s, Maps update=0.0020s pub=0.0075s delay=0.3069s (local map=33, WM=33)
[INFO] [1774356254.254094549] [rtabmap]: rtabmap (110): Rate=1.00s, Limit=0.000s, Conversion=0.0005s, RTAB-Map=0.1205s, Maps update=0.0017s pub=0.0073s delay=0.3007s (local map=34, WM=34)
[INFO] [1774356255.254411941] [rtabmap]: rtabmap (111): Rate=1.00s, Limit=0.000s, Conversion=0.0007s, RTAB-Map=0.1287s, Maps update=0.0017s pub=0.0070s delay=0.3010s (local map=35, WM=35)
[INFO] [1774356256.253038973] [rtabmap]: rtabmap (112): Rate=1.00s, Limit=0.000s, Conversion=0.0004s, RTAB-Map=0.1298s, Maps update=0.0016s pub=0.0076s delay=0.2996s (local map=36, WM=36)
[INFO] [1774356257.357835273] [rtabmap]: rtabmap (113): Rate=1.00s, Limit=0.000s, Conversion=0.0006s, RTAB-Map=0.1320s, Maps update=0.0019s pub=0.0082s delay=0.3044s (local map=37, WM=37)
[INFO] [1774356258.353132080] [rtabmap]: rtabmap (114): Rate=1.00s, Limit=0.000s, Conversion=0.0005s, RTAB-Map=0.1313s, Maps update=0.0016s pub=0.0075s delay=0.2996s (local map=38, WM=38)
[INFO] [1774356259.454844243] [rtabmap]: rtabmap (115): Rate=1.00s, Limit=0.000s, Conversion=0.0005s, RTAB-Map=0.1293s, Maps update=0.0016s pub=0.0077s delay=0.3014s (local map=39, WM=39)
[INFO] [1774356260.567149375] [rtabmap]: rtabmap (116): Rate=1.00s, Limit=0.000s, Conversion=0.0005s, RTAB-Map=0.1345s, Maps update=0.0019s pub=0.0093s delay=0.3137s (local map=40, WM=40)
[INFO] [1774356261.663257957] [rtabmap]: rtabmap (117): Rate=1.00s, Limit=0.000s, Conversion=0.0007s, RTAB-Map=0.1281s, Maps update=0.0026s pub=0.0087s delay=0.3097s (local map=41, WM=41)
[INFO] [1774356262.766482044] [rtabmap]: rtabmap (118): Rate=1.00s, Limit=0.000s, Conversion=0.0003s, RTAB-Map=0.1322s, Maps update=0.0020s pub=0.0084s delay=0.3130s (local map=42, WM=42)
[INFO] [1774356263.857268301] [rtabmap]: rtabmap (119): Rate=1.00s, Limit=0.000s, Conversion=0.0006s, RTAB-Map=0.1328s, Maps update=0.0017s pub=0.0091s delay=0.3039s (local map=43, WM=43)
[INFO] [1774356264.866574927] [rtabmap]: rtabmap (120): Rate=1.00s, Limit=0.000s, Conversion=0.0004s, RTAB-Map=0.1411s, Maps update=0.0019s pub=0.0109s delay=0.3132s (local map=44, WM=44)
[INFO] [1774356265.847646450] [rtabmap]: rtabmap (121): Rate=1.00s, Limit=0.000s, Conversion=0.0005s, RTAB-Map=0.1322s, Maps update=0.0021s pub=0.0085s delay=0.2941s (local map=45, WM=45)
[INFO] [1774356266.860903450] [rtabmap]: rtabmap (122): Rate=1.00s, Limit=0.000s, Conversion=0.0003s, RTAB-Map=0.1381s, Maps update=0.0021s pub=0.0099s delay=0.3074s (local map=46, WM=46)
[INFO] [1774356267.862445428] [rtabmap]: rtabmap (123): Rate=1.00s, Limit=0.000s, Conversion=0.0007s, RTAB-Map=0.1288s, Maps update=0.0017s pub=0.0116s delay=0.3089s (local map=47, WM=47)
[INFO] [1774356268.955220105] [rtabmap]: rtabmap (124): Rate=1.00s, Limit=0.000s, Conversion=0.0004s, RTAB-Map=0.1262s, Maps update=0.0019s pub=0.0092s delay=0.3016s (local map=48, WM=48)
[INFO] [1774356270.066313515] [rtabmap]: rtabmap (125): Rate=1.00s, Limit=0.000s, Conversion=0.0004s, RTAB-Map=0.1398s, Maps update=0.0020s pub=0.0111s delay=0.3128s (local map=49, WM=49)
[INFO] [1774356271.162975075] [rtabmap]: rtabmap (126): Rate=1.00s, Limit=0.000s, Conversion=0.0004s, RTAB-Map=0.1306s, Maps update=0.0018s pub=0.0131s delay=0.3094s (local map=50, WM=50)
[INFO] [1774356272.155736115] [rtabmap]: rtabmap (127): Rate=1.00s, Limit=0.000s, Conversion=0.0003s, RTAB-Map=0.1282s, Maps update=0.0018s pub=0.0092s delay=0.3021s (local map=51, WM=51)
[INFO] [1774356273.268100961] [rtabmap]: rtabmap (128): Rate=1.00s, Limit=0.000s, Conversion=0.0003s, RTAB-Map=0.1374s, Maps update=0.0019s pub=0.0154s delay=0.3145s (local map=52, WM=52)
[INFO] [1774356274.358502789] [rtabmap]: rtabmap (129): Rate=1.00s, Limit=0.000s, Conversion=0.0005s, RTAB-Map=0.1298s, Maps update=0.0020s pub=0.0088s delay=0.3049s (local map=53, WM=53)
[INFO] [1774356275.374105469] [rtabmap]: rtabmap (130): Rate=1.00s, Limit=0.000s, Conversion=0.0003s, RTAB-Map=0.1446s, Maps update=0.0024s pub=0.0139s delay=0.3205s (local map=54, WM=54)
[INFO] [1774356276.472122499] [rtabmap]: rtabmap (131): Rate=1.00s, Limit=0.000s, Conversion=0.0005s, RTAB-Map=0.1424s, Maps update=0.0017s pub=0.0103s delay=0.3186s (local map=55, WM=55)
[INFO] [1774356277.462435808] [rtabmap]: rtabmap (132): Rate=1.00s, Limit=0.000s, Conversion=0.0003s, RTAB-Map=0.1317s, Maps update=0.0024s pub=0.0114s delay=0.3088s (local map=56, WM=56)
[INFO] [1774356278.456959308] [rtabmap]: rtabmap (133): Rate=1.00s, Limit=0.000s, Conversion=0.0003s, RTAB-Map=0.1313s, Maps update=0.0020s pub=0.0114s delay=0.3033s (local map=57, WM=57)
[INFO] [1774356279.477511820] [rtabmap]: rtabmap (134): Rate=1.00s, Limit=0.000s, Conversion=0.0003s, RTAB-Map=0.1406s, Maps update=0.0005s pub=0.0113s delay=0.3238s (local map=58, WM=58)
[INFO] [1774356280.479958021] [rtabmap]: rtabmap (135): Rate=1.00s, Limit=0.000s, Conversion=0.0004s, RTAB-Map=0.1439s, Maps update=0.0036s pub=0.0124s delay=0.3263s (local map=59, WM=59)
[INFO] [1774356281.569512844] [rtabmap]: rtabmap (136): Rate=1.00s, Limit=0.000s, Conversion=0.0005s, RTAB-Map=0.1373s, Maps update=0.0022s pub=0.0112s delay=0.3158s (local map=60, WM=60)
[INFO] [1774356282.672237650] [rtabmap]: rtabmap (137): Rate=1.00s, Limit=0.000s, Conversion=0.0006s, RTAB-Map=0.1403s, Maps update=0.0026s pub=0.0105s delay=0.3187s (local map=61, WM=61)
[INFO] [1774356283.677762292] [rtabmap]: rtabmap (138): Rate=1.00s, Limit=0.000s, Conversion=0.0003s, RTAB-Map=0.1493s, Maps update=0.0024s pub=0.0108s delay=0.3240s (local map=62, WM=62)
[INFO] [1774356284.782391611] [rtabmap]: rtabmap (139): Rate=1.00s, Limit=0.000s, Conversion=0.0003s, RTAB-Map=0.1413s, Maps update=0.0020s pub=0.0113s delay=0.3288s (local map=63, WM=63)
[INFO] [1774356285.868778614] [rtabmap]: rtabmap (140): Rate=1.00s, Limit=0.000s, Conversion=0.0004s, RTAB-Map=0.1330s, Maps update=0.0020s pub=0.0129s delay=0.3151s (local map=64, WM=64)
[INFO] [1774356286.970151695] [rtabmap]: rtabmap (141): Rate=1.00s, Limit=0.000s, Conversion=0.0005s, RTAB-Map=0.1350s, Maps update=0.0021s pub=0.0126s delay=0.3164s (local map=65, WM=65)
[INFO] [1774356288.063178251] [rtabmap]: rtabmap (142): Rate=1.00s, Limit=0.000s, Conversion=0.0004s, RTAB-Map=0.1330s, Maps update=0.0028s pub=0.0115s delay=0.3095s (local map=66, WM=66)
[INFO] [1774356289.068624042] [rtabmap]: rtabmap (143): Rate=1.00s, Limit=0.000s, Conversion=0.0004s, RTAB-Map=0.1307s, Maps update=0.0019s pub=0.0134s delay=0.3149s (local map=67, WM=67)
[INFO] [1774356290.184695478] [rtabmap]: rtabmap (144): Rate=1.00s, Limit=0.000s, Conversion=0.0006s, RTAB-Map=0.1469s, Maps update=0.0018s pub=0.0158s delay=0.3310s (local map=68, WM=68)
[INFO] [1774356291.163540397] [rtabmap]: rtabmap (145): Rate=1.00s, Limit=0.000s, Conversion=0.0003s, RTAB-Map=0.1323s, Maps update=0.0017s pub=0.0123s delay=0.3099s (local map=69, WM=69)
[INFO] [1774356292.169696100] [rtabmap]: rtabmap (146): Rate=1.00s, Limit=0.000s, Conversion=0.0006s, RTAB-Map=0.1398s, Maps update=0.0030s pub=0.0113s delay=0.3160s (local map=70, WM=70)
[INFO] [1774356293.277356082] [rtabmap]: rtabmap (147): Rate=1.00s, Limit=0.000s, Conversion=0.0105s, RTAB-Map=0.1311s, Maps update=0.0005s pub=0.0128s delay=0.3238s (local map=71, WM=71)
[INFO] [1774356294.277206451] [rtabmap]: rtabmap (148): Rate=1.00s, Limit=0.000s, Conversion=0.0003s, RTAB-Map=0.1365s, Maps update=0.0020s pub=0.0205s delay=0.3234s (local map=72, WM=72)
[INFO] [1774356295.369620955] [rtabmap]: rtabmap (149): Rate=1.00s, Limit=0.000s, Conversion=0.0003s, RTAB-Map=0.1342s, Maps update=0.0019s pub=0.0148s delay=0.3160s (local map=73, WM=73)
[INFO] [1774356296.386539872] [rtabmap]: rtabmap (150): Rate=1.00s, Limit=0.000s, Conversion=0.0004s, RTAB-Map=0.1439s, Maps update=0.0021s pub=0.0167s delay=0.3328s (local map=74, WM=74)
[INFO] [1774356297.462452215] [rtabmap]: rtabmap (151): Rate=1.00s, Limit=0.000s, Conversion=0.0005s, RTAB-Map=0.1271s, Maps update=0.0020s pub=0.0125s delay=0.3087s (local map=75, WM=75)
[INFO] [1774356298.571925795] [rtabmap]: rtabmap (152): Rate=1.00s, Limit=0.000s, Conversion=0.0007s, RTAB-Map=0.1385s, Maps update=0.0019s pub=0.0115s delay=0.3183s (local map=76, WM=76)
[INFO] [1774356299.566288777] [rtabmap]: rtabmap (153): Rate=1.00s, Limit=0.000s, Conversion=0.0004s, RTAB-Map=0.1355s, Maps update=0.0019s pub=0.0147s delay=0.3125s (local map=77, WM=77)
[INFO] [1774356300.576853206] [rtabmap]: rtabmap (154): Rate=1.00s, Limit=0.000s, Conversion=0.0004s, RTAB-Map=0.1295s, Maps update=0.0019s pub=0.0123s delay=0.3230s (local map=78, WM=78)
[INFO] [1774356301.669671276] [rtabmap]: rtabmap (155): Rate=1.00s, Limit=0.000s, Conversion=0.0004s, RTAB-Map=0.1292s, Maps update=0.0023s pub=0.0134s delay=0.3160s (local map=79, WM=79)
[INFO] [1774356302.668049947] [rtabmap]: rtabmap (156): Rate=1.00s, Limit=0.000s, Conversion=0.0005s, RTAB-Map=0.1261s, Maps update=0.0019s pub=0.0128s delay=0.3143s (local map=80, WM=80)
[INFO] [1774356303.665644783] [rtabmap]: rtabmap (157): Rate=1.00s, Limit=0.000s, Conversion=0.0003s, RTAB-Map=0.1358s, Maps update=0.0020s pub=0.0130s delay=0.3118s (local map=81, WM=81)
[INFO] [1774356304.768897159] [rtabmap]: rtabmap (158): Rate=1.00s, Limit=0.000s, Conversion=0.0003s, RTAB-Map=0.1287s, Maps update=0.0020s pub=0.0191s delay=0.3152s (local map=82, WM=82)
[INFO] [1774356305.775577072] [rtabmap]: rtabmap (159): Rate=1.00s, Limit=0.000s, Conversion=0.0003s, RTAB-Map=0.1379s, Maps update=0.0024s pub=0.0123s delay=0.3218s (local map=83, WM=83)
[INFO] [1774356306.874491509] [rtabmap]: rtabmap (160): Rate=1.00s, Limit=0.000s, Conversion=0.0004s, RTAB-Map=0.1295s, Maps update=0.0021s pub=0.0121s delay=0.3209s (local map=84, WM=84)
[INFO] [1774356307.874547645] [rtabmap]: rtabmap (161): Rate=1.00s, Limit=0.000s, Conversion=0.0003s, RTAB-Map=0.1286s, Maps update=0.0021s pub=0.0175s delay=0.3207s (local map=85, WM=85)
[INFO] [1774356308.968904039] [rtabmap]: rtabmap (162): Rate=1.00s, Limit=0.000s, Conversion=0.0004s, RTAB-Map=0.1287s, Maps update=0.0019s pub=0.0141s delay=0.3151s (local map=86, WM=86)
[INFO] [1774356310.103673293] [rtabmap]: rtabmap (163): Rate=1.00s, Limit=0.000s, Conversion=0.0003s, RTAB-Map=0.1552s, Maps update=0.0016s pub=0.0133s delay=0.3499s (local map=87, WM=87)
[INFO] [1774356311.173167819] [rtabmap]: rtabmap (164): Rate=1.00s, Limit=0.000s, Conversion=0.0004s, RTAB-Map=0.1247s, Maps update=0.0019s pub=0.0129s delay=0.3193s (local map=88, WM=88)
[INFO] [1774356312.186234413] [rtabmap]: rtabmap (165): Rate=1.00s, Limit=0.000s, Conversion=0.0003s, RTAB-Map=0.1312s, Maps update=0.0020s pub=0.0144s delay=0.3323s (local map=89, WM=89)
[INFO] [1774356313.273331488] [rtabmap]: rtabmap (166): Rate=1.00s, Limit=0.000s, Conversion=0.0005s, RTAB-Map=0.1262s, Maps update=0.0023s pub=0.0130s delay=0.3196s (local map=90, WM=90)
[INFO] [1774356314.261821983] [rtabmap]: rtabmap (167): Rate=1.00s, Limit=0.000s, Conversion=0.0003s, RTAB-Map=0.1234s, Maps update=0.0022s pub=0.0143s delay=0.3080s (local map=91, WM=91)
[INFO] [1774356315.267081176] [rtabmap]: rtabmap (168): Rate=1.00s, Limit=0.000s, Conversion=0.0005s, RTAB-Map=0.1383s, Maps update=0.0006s pub=0.0046s delay=0.3131s (local map=91, WM=91)
[INFO] [1774356316.352885984] [rtabmap]: rtabmap (169): Rate=1.00s, Limit=0.000s, Conversion=0.0006s, RTAB-Map=0.1261s, Maps update=0.0006s pub=0.0045s delay=0.2991s (local map=91, WM=91)
[INFO] [1774356317.460439210] [rtabmap]: rtabmap (170): Rate=1.00s, Limit=0.000s, Conversion=0.0005s, RTAB-Map=0.1305s, Maps update=0.0006s pub=0.0078s delay=0.3067s (local map=91, WM=91)
[INFO] [1774356318.563644832] [rtabmap]: rtabmap (171): Rate=1.00s, Limit=0.000s, Conversion=0.0003s, RTAB-Map=0.1299s, Maps update=0.0008s pub=0.0057s delay=0.3098s (local map=91, WM=91)
[INFO] [1774356319.564446210] [rtabmap]: rtabmap (172): Rate=1.00s, Limit=0.000s, Conversion=0.0003s, RTAB-Map=0.1330s, Maps update=0.0007s pub=0.0070s delay=0.3106s (local map=91, WM=91)
[INFO] [1774356320.658888303] [rtabmap]: rtabmap (173): Rate=1.00s, Limit=0.000s, Conversion=0.0004s, RTAB-Map=0.1352s, Maps update=0.0006s pub=0.0067s delay=0.3049s (local map=91, WM=91)
[INFO] [1774356321.767386777] [rtabmap]: rtabmap (174): Rate=1.00s, Limit=0.000s, Conversion=0.0004s, RTAB-Map=0.1337s, Maps update=0.0006s pub=0.0068s delay=0.3136s (local map=91, WM=91)
[INFO] [1774356322.761517879] [rtabmap]: rtabmap (175): Rate=1.00s, Limit=0.000s, Conversion=0.0003s, RTAB-Map=0.1352s, Maps update=0.0008s pub=0.0072s delay=0.3077s (local map=91, WM=91)
[INFO] [1774356323.750942006] [rtabmap]: rtabmap (176): Rate=1.00s, Limit=0.000s, Conversion=0.0003s, RTAB-Map=0.1210s, Maps update=0.0006s pub=0.0043s delay=0.2971s (local map=91, WM=91)
[INFO] [1774356324.776524353] [rtabmap]: rtabmap (177): Rate=1.00s, Limit=0.000s, Conversion=0.0005s, RTAB-Map=0.1310s, Maps update=0.0024s pub=0.0139s delay=0.3226s (local map=92, WM=92)
[INFO] [1774356325.785805282] [rtabmap]: rtabmap (178): Rate=1.00s, Limit=0.000s, Conversion=0.0004s, RTAB-Map=0.1372s, Maps update=0.0023s pub=0.0168s delay=0.3318s (local map=93, WM=93)
[INFO] [1774356326.875834393] [rtabmap]: rtabmap (179): Rate=1.00s, Limit=0.000s, Conversion=0.0007s, RTAB-Map=0.1353s, Maps update=0.0021s pub=0.0138s delay=0.3229s (local map=94, WM=94)
[INFO] [1774356327.878131053] [rtabmap]: rtabmap (180): Rate=1.00s, Limit=0.000s, Conversion=0.0003s, RTAB-Map=0.1354s, Maps update=0.0023s pub=0.0158s delay=0.3243s (local map=95, WM=95)
[INFO] [1774356328.980473638] [rtabmap]: rtabmap (181): Rate=1.00s, Limit=0.000s, Conversion=0.0004s, RTAB-Map=0.1404s, Maps update=0.0026s pub=0.0151s delay=0.3267s (local map=96, WM=96)
[INFO] [1774356329.977787889] [rtabmap]: rtabmap (182): Rate=1.00s, Limit=0.000s, Conversion=0.0005s, RTAB-Map=0.1421s, Maps update=0.0021s pub=0.0193s delay=0.3239s (local map=97, WM=97)
[INFO] [1774356330.972399488] [rtabmap]: rtabmap (183): Rate=1.00s, Limit=0.000s, Conversion=0.0004s, RTAB-Map=0.1363s, Maps update=0.0024s pub=0.0124s delay=0.3184s (local map=98, WM=98)
[INFO] [1774356332.077167020] [rtabmap]: rtabmap (184): Rate=1.00s, Limit=0.000s, Conversion=0.0005s, RTAB-Map=0.1413s, Maps update=0.0035s pub=0.0172s delay=0.3242s (local map=99, WM=99)
[INFO] [1774356333.078031919] [rtabmap]: rtabmap (185): Rate=1.00s, Limit=0.000s, Conversion=0.0005s, RTAB-Map=0.1315s, Maps update=0.0025s pub=0.0149s delay=0.3244s (local map=100, WM=100)
[INFO] [1774356334.080223039] [rtabmap]: rtabmap (186): Rate=1.00s, Limit=0.000s, Conversion=0.0003s, RTAB-Map=0.1333s, Maps update=0.0026s pub=0.0193s delay=0.3262s (local map=101, WM=101)
[INFO] [1774356335.179479664] [rtabmap]: rtabmap (187): Rate=1.00s, Limit=0.000s, Conversion=0.0003s, RTAB-Map=0.1464s, Maps update=0.0007s pub=0.0162s delay=0.3254s (local map=102, WM=102)
[INFO] [1774356336.280501180] [rtabmap]: rtabmap (188): Rate=1.00s, Limit=0.000s, Conversion=0.0004s, RTAB-Map=0.1383s, Maps update=0.0019s pub=0.0145s delay=0.3266s (local map=103, WM=103)
[INFO] [1774356337.269267397] [rtabmap]: rtabmap (189): Rate=1.00s, Limit=0.000s, Conversion=0.0004s, RTAB-Map=0.1301s, Maps update=0.0020s pub=0.0160s delay=0.3153s (local map=104, WM=104)
[INFO] [1774356338.368666682] [rtabmap]: rtabmap (190): Rate=1.00s, Limit=0.000s, Conversion=0.0003s, RTAB-Map=0.1291s, Maps update=0.0020s pub=0.0166s delay=0.3148s (local map=105, WM=105)
[INFO] [1774356339.460336905] [rtabmap]: rtabmap (191): Rate=1.00s, Limit=0.000s, Conversion=0.0004s, RTAB-Map=0.1366s, Maps update=0.0007s pub=0.0052s delay=0.3063s (local map=105, WM=105)
[INFO] [1774356340.562305558] [rtabmap]: rtabmap (192): Rate=1.00s, Limit=0.000s, Conversion=0.0005s, RTAB-Map=0.1294s, Maps update=0.0007s pub=0.0070s delay=0.3086s (local map=105, WM=105)
[INFO] [1774356341.661965364] [rtabmap]: rtabmap (193): Rate=1.00s, Limit=0.000s, Conversion=0.0005s, RTAB-Map=0.1288s, Maps update=0.0007s pub=0.0081s delay=0.3090s (local map=105, WM=105)
[INFO] [1774356342.651967526] [rtabmap]: rtabmap (194): Rate=1.00s, Limit=0.000s, Conversion=0.0003s, RTAB-Map=0.1236s, Maps update=0.0007s pub=0.0047s delay=0.2980s (local map=105, WM=105)
[INFO] [1774356343.766166770] [rtabmap]: rtabmap (195): Rate=1.00s, Limit=0.000s, Conversion=0.0005s, RTAB-Map=0.1346s, Maps update=0.0014s pub=0.0087s delay=0.3123s (local map=105, WM=105)
[INFO] [1774356344.860742052] [rtabmap]: rtabmap (196): Rate=1.00s, Limit=0.000s, Conversion=0.0005s, RTAB-Map=0.1286s, Maps update=0.0007s pub=0.0089s delay=0.3069s (local map=105, WM=105)
[INFO] [1774356345.879622475] [rtabmap]: rtabmap (197): Rate=1.00s, Limit=0.000s, Conversion=0.0003s, RTAB-Map=0.1367s, Maps update=0.0007s pub=0.0056s delay=0.3257s (local map=105, WM=105)
[INFO] [1774356346.962073568] [rtabmap]: rtabmap (198): Rate=1.00s, Limit=0.000s, Conversion=0.0005s, RTAB-Map=0.1345s, Maps update=0.0009s pub=0.0062s delay=0.3091s (local map=105, WM=105)
[INFO] [1774356347.968109363] [rtabmap]: rtabmap (199): Rate=1.00s, Limit=0.000s, Conversion=0.0005s, RTAB-Map=0.1362s, Maps update=0.0007s pub=0.0074s delay=0.3141s (local map=105, WM=105)
[INFO] [1774356348.953805044] [rtabmap]: rtabmap (200): Rate=1.00s, Limit=0.000s, Conversion=0.0003s, RTAB-Map=0.1258s, Maps update=0.0007s pub=0.0046s delay=0.2998s (local map=105, WM=105)
[INFO] [1774356350.053096645] [rtabmap]: rtabmap (201): Rate=1.00s, Limit=0.000s, Conversion=0.0005s, RTAB-Map=0.1292s, Maps update=0.0007s pub=0.0062s delay=0.2992s (local map=105, WM=105)
[INFO] [1774356351.065814843] [rtabmap]: rtabmap (202): Rate=1.00s, Limit=0.000s, Conversion=0.0004s, RTAB-Map=0.1362s, Maps update=0.0007s pub=0.0047s delay=0.3117s (local map=105, WM=105)
[INFO] [1774356352.160857884] [rtabmap]: rtabmap (203): Rate=1.00s, Limit=0.000s, Conversion=0.0003s, RTAB-Map=0.1234s, Maps update=0.0007s pub=0.0077s delay=0.3077s (local map=105, WM=105)
[INFO] [1774356353.170044186] [rtabmap]: rtabmap (204): Rate=1.00s, Limit=0.000s, Conversion=0.0004s, RTAB-Map=0.1326s, Maps update=0.0007s pub=0.0099s delay=0.3161s (local map=105, WM=105)
[INFO] [1774356354.153789432] [rtabmap]: rtabmap (205): Rate=1.00s, Limit=0.000s, Conversion=0.0008s, RTAB-Map=0.1304s, Maps update=0.0007s pub=0.0046s delay=0.2998s (local map=105, WM=105)
[INFO] [1774356355.263070909] [rtabmap]: rtabmap (206): Rate=1.00s, Limit=0.000s, Conversion=0.0005s, RTAB-Map=0.1326s, Maps update=0.0008s pub=0.0068s delay=0.3092s (local map=105, WM=105)
[INFO] [1774356356.374505195] [rtabmap]: rtabmap (207): Rate=1.00s, Limit=0.000s, Conversion=0.0005s, RTAB-Map=0.1415s, Maps update=0.0007s pub=0.0064s delay=0.3205s (local map=105, WM=105)
[INFO] [1774356357.368342176] [rtabmap]: rtabmap (208): Rate=1.00s, Limit=0.000s, Conversion=0.0107s, RTAB-Map=0.1260s, Maps update=0.0007s pub=0.0054s delay=0.3143s (local map=105, WM=105)
[INFO] [1774356358.358144524] [rtabmap]: rtabmap (209): Rate=1.00s, Limit=0.000s, Conversion=0.0005s, RTAB-Map=0.1297s, Maps update=0.0007s pub=0.0057s delay=0.3040s (local map=105, WM=105)
[INFO] [1774356359.458671111] [rtabmap]: rtabmap (210): Rate=1.00s, Limit=0.000s, Conversion=0.0007s, RTAB-Map=0.1291s, Maps update=0.0008s pub=0.0077s delay=0.3047s (local map=105, WM=105)
[INFO] [1774356360.466979047] [rtabmap]: rtabmap (211): Rate=1.00s, Limit=0.000s, Conversion=0.0003s, RTAB-Map=0.1365s, Maps update=0.0009s pub=0.0093s delay=0.3129s (local map=105, WM=105)
[INFO] [1774356361.553568618] [rtabmap]: rtabmap (212): Rate=1.00s, Limit=0.000s, Conversion=0.0003s, RTAB-Map=0.1273s, Maps update=0.0007s pub=0.0052s delay=0.2996s (local map=105, WM=105)
[INFO] [1774356362.660507039] [rtabmap]: rtabmap (213): Rate=1.00s, Limit=0.000s, Conversion=0.0005s, RTAB-Map=0.1312s, Maps update=0.0007s pub=0.0070s delay=0.3065s (local map=105, WM=105)
[INFO] [1774356363.662892726] [rtabmap]: rtabmap (214): Rate=1.00s, Limit=0.000s, Conversion=0.0004s, RTAB-Map=0.1269s, Maps update=0.0008s pub=0.0074s delay=0.3088s (local map=105, WM=105)
[INFO] [1774356364.771775501] [rtabmap]: rtabmap (215): Rate=1.00s, Limit=0.000s, Conversion=0.0003s, RTAB-Map=0.1341s, Maps update=0.0007s pub=0.0105s delay=0.3177s (local map=105, WM=105)
[INFO] [1774356365.869656399] [rtabmap]: rtabmap (216): Rate=1.00s, Limit=0.000s, Conversion=0.0005s, RTAB-Map=0.1273s, Maps update=0.0007s pub=0.0146s delay=0.3155s (local map=105, WM=105)
[INFO] [1774356366.960742826] [rtabmap]: rtabmap (217): Rate=1.00s, Limit=0.000s, Conversion=0.0003s, RTAB-Map=0.1307s, Maps update=0.0007s pub=0.0067s delay=0.3068s (local map=105, WM=105)
[INFO] [1774356368.067474424] [rtabmap]: rtabmap (218): Rate=1.00s, Limit=0.000s, Conversion=0.0004s, RTAB-Map=0.1309s, Maps update=0.0008s pub=0.0110s delay=0.3135s (local map=105, WM=105)
[INFO] [1774356369.160241516] [rtabmap]: rtabmap (219): Rate=1.00s, Limit=0.000s, Conversion=0.0004s, RTAB-Map=0.1330s, Maps update=0.0007s pub=0.0064s delay=0.3062s (local map=105, WM=105)
[INFO] [1774356370.172556213] [rtabmap]: rtabmap (220): Rate=1.00s, Limit=0.000s, Conversion=0.0004s, RTAB-Map=0.1399s, Maps update=0.0017s pub=0.0115s delay=0.3185s (local map=105, WM=105)
[INFO] [1774356371.260281790] [rtabmap]: rtabmap (221): Rate=1.00s, Limit=0.000s, Conversion=0.0005s, RTAB-Map=0.1365s, Maps update=0.0007s pub=0.0069s delay=0.3071s (local map=105, WM=105)
[INFO] [1774356372.265676635] [rtabmap]: rtabmap (222): Rate=1.00s, Limit=0.000s, Conversion=0.0004s, RTAB-Map=0.1421s, Maps update=0.0009s pub=0.0060s delay=0.3124s (local map=105, WM=105)
[INFO] [1774356373.254611241] [rtabmap]: rtabmap (223): Rate=1.00s, Limit=0.000s, Conversion=0.0005s, RTAB-Map=0.1311s, Maps update=0.0007s pub=0.0060s delay=0.3005s (local map=105, WM=105)
[INFO] [1774356374.350033879] [rtabmap]: rtabmap (224): Rate=1.00s, Limit=0.000s, Conversion=0.0005s, RTAB-Map=0.1278s, Maps update=0.0008s pub=0.0060s delay=0.2969s (local map=105, WM=105)
[INFO] [1774356375.371755295] [rtabmap]: rtabmap (225): Rate=1.00s, Limit=0.000s, Conversion=0.0005s, RTAB-Map=0.1377s, Maps update=0.0007s pub=0.0067s delay=0.3178s (local map=105, WM=105)
[INFO] [1774356376.467253968] [rtabmap]: rtabmap (226): Rate=1.00s, Limit=0.000s, Conversion=0.0004s, RTAB-Map=0.1315s, Maps update=0.0009s pub=0.0073s delay=0.3141s (local map=105, WM=105)
[INFO] [1774356377.466366647] [rtabmap]: rtabmap (227): Rate=1.00s, Limit=0.000s, Conversion=0.0003s, RTAB-Map=0.1321s, Maps update=0.0010s pub=0.0082s delay=0.3122s (local map=105, WM=105)
[INFO] [1774356378.566341568] [rtabmap]: rtabmap (228): Rate=1.00s, Limit=0.000s, Conversion=0.0005s, RTAB-Map=0.1325s, Maps update=0.0008s pub=0.0071s delay=0.3122s (local map=105, WM=105)
[INFO] [1774356379.559732230] [rtabmap]: rtabmap (229): Rate=1.00s, Limit=0.000s, Conversion=0.0005s, RTAB-Map=0.1341s, Maps update=0.0008s pub=0.0074s delay=0.3055s (local map=105, WM=105)
[INFO] [1774356380.652025802] [rtabmap]: rtabmap (230): Rate=1.00s, Limit=0.000s, Conversion=0.0004s, RTAB-Map=0.1256s, Maps update=0.0007s pub=0.0047s delay=0.2979s (local map=105, WM=105)
[INFO] [1774356381.768065268] [rtabmap]: rtabmap (231): Rate=1.00s, Limit=0.000s, Conversion=0.0005s, RTAB-Map=0.1407s, Maps update=0.0007s pub=0.0056s delay=0.3140s (local map=105, WM=105)
[INFO] [1774356382.768133980] [rtabmap]: rtabmap (232): Rate=1.00s, Limit=0.000s, Conversion=0.0005s, RTAB-Map=0.1341s, Maps update=0.0009s pub=0.0077s delay=0.3139s (local map=105, WM=105)
[INFO] [1774356383.752227622] [rtabmap]: rtabmap (233): Rate=1.00s, Limit=0.000s, Conversion=0.0004s, RTAB-Map=0.1283s, Maps update=0.0007s pub=0.0047s delay=0.2980s (local map=105, WM=105)
[INFO] [1774356384.860003928] [rtabmap]: rtabmap (234): Rate=1.00s, Limit=0.000s, Conversion=0.0003s, RTAB-Map=0.1323s, Maps update=0.0007s pub=0.0058s delay=0.3058s (local map=105, WM=105)
[INFO] [1774356385.855974581] [rtabmap]: rtabmap (235): Rate=1.00s, Limit=0.000s, Conversion=0.0006s, RTAB-Map=0.1297s, Maps update=0.0007s pub=0.0059s delay=0.3017s (local map=105, WM=105)
[INFO] [1774356386.961709218] [rtabmap]: rtabmap (236): Rate=1.00s, Limit=0.000s, Conversion=0.0003s, RTAB-Map=0.1269s, Maps update=0.0007s pub=0.0052s delay=0.3075s (local map=105, WM=105)
[INFO] [1774356388.056245618] [rtabmap]: rtabmap (237): Rate=1.00s, Limit=0.000s, Conversion=0.0005s, RTAB-Map=0.1270s, Maps update=0.0007s pub=0.0054s delay=0.3029s (local map=105, WM=105)
[INFO] [1774356389.073334172] [rtabmap]: rtabmap (238): Rate=1.00s, Limit=0.000s, Conversion=0.0003s, RTAB-Map=0.1329s, Maps update=0.0011s pub=0.0150s delay=0.3192s (local map=105, WM=105)
[INFO] [1774356390.071271388] [rtabmap]: rtabmap (239): Rate=1.00s, Limit=0.000s, Conversion=0.0003s, RTAB-Map=0.1420s, Maps update=0.0007s pub=0.0046s delay=0.3171s (local map=105, WM=105)
[INFO] [1774356391.164804618] [rtabmap]: rtabmap (240): Rate=1.00s, Limit=0.000s, Conversion=0.0003s, RTAB-Map=0.1325s, Maps update=0.0009s pub=0.0064s delay=0.3106s (local map=105, WM=105)
[INFO] [1774356392.160537375] [rtabmap]: rtabmap (241): Rate=1.00s, Limit=0.000s, Conversion=0.0005s, RTAB-Map=0.1287s, Maps update=0.0007s pub=0.0059s delay=0.3062s (local map=105, WM=105)
[INFO] [1774356393.271162354] [rtabmap]: rtabmap (242): Rate=1.00s, Limit=0.000s, Conversion=0.0004s, RTAB-Map=0.1376s, Maps update=0.0007s pub=0.0050s delay=0.3168s (local map=105, WM=105)
[INFO] [1774356394.367815562] [rtabmap]: rtabmap (243): Rate=1.00s, Limit=0.000s, Conversion=0.0004s, RTAB-Map=0.1309s, Maps update=0.0018s pub=0.0090s delay=0.3136s (local map=105, WM=105)
[INFO] [1774356395.466662188] [rtabmap]: rtabmap (244): Rate=1.00s, Limit=0.000s, Conversion=0.0003s, RTAB-Map=0.1314s, Maps update=0.0009s pub=0.0080s delay=0.3124s (local map=105, WM=105)
[INFO] [1774356396.558180502] [rtabmap]: rtabmap (245): Rate=1.00s, Limit=0.000s, Conversion=0.0005s, RTAB-Map=0.1340s, Maps update=0.0007s pub=0.0076s delay=0.3040s (local map=105, WM=105)
[INFO] [1774356397.552413816] [rtabmap]: rtabmap (246): Rate=1.00s, Limit=0.000s, Conversion=0.0003s, RTAB-Map=0.1270s, Maps update=0.0007s pub=0.0050s delay=0.2980s (local map=105, WM=105)
[INFO] [1774356398.666853772] [rtabmap]: rtabmap (247): Rate=1.00s, Limit=0.000s, Conversion=0.0008s, RTAB-Map=0.1381s, Maps update=0.0008s pub=0.0069s delay=0.3126s (local map=105, WM=105)
[INFO] [1774356399.765391780] [rtabmap]: rtabmap (248): Rate=1.00s, Limit=0.000s, Conversion=0.0004s, RTAB-Map=0.1358s, Maps update=0.0007s pub=0.0057s delay=0.3121s (local map=105, WM=105)
[INFO] [1774356400.765974174] [rtabmap]: rtabmap (249): Rate=1.00s, Limit=0.000s, Conversion=0.0003s, RTAB-Map=0.1385s, Maps update=0.0007s pub=0.0052s delay=0.3117s (local map=105, WM=105)
[INFO] [1774356401.760757651] [rtabmap]: rtabmap (250): Rate=1.00s, Limit=0.000s, Conversion=0.0005s, RTAB-Map=0.1296s, Maps update=0.0007s pub=0.0075s delay=0.3064s (local map=105, WM=105)
[INFO] [1774356402.847178415] [rtabmap]: rtabmap (251): Rate=1.00s, Limit=0.000s, Conversion=0.0004s, RTAB-Map=0.1235s, Maps update=0.0007s pub=0.0053s delay=0.2929s (local map=105, WM=105)
[INFO] [1774356403.854759095] [rtabmap]: rtabmap (252): Rate=1.00s, Limit=0.000s, Conversion=0.0004s, RTAB-Map=0.1310s, Maps update=0.0007s pub=0.0049s delay=0.3004s (local map=105, WM=105)
[INFO] [1774356404.961632874] [rtabmap]: rtabmap (253): Rate=1.00s, Limit=0.000s, Conversion=0.0004s, RTAB-Map=0.1329s, Maps update=0.0007s pub=0.0055s delay=0.3083s (local map=105, WM=105)
[INFO] [1774356406.071050739] [rtabmap]: rtabmap (254): Rate=1.00s, Limit=0.000s, Conversion=0.0003s, RTAB-Map=0.1337s, Maps update=0.0011s pub=0.0099s delay=0.3178s (local map=105, WM=105)
[INFO] [1774356407.052729195] [rtabmap]: rtabmap (255): Rate=1.00s, Limit=0.000s, Conversion=0.0003s, RTAB-Map=0.1291s, Maps update=0.0007s pub=0.0051s delay=0.2985s (local map=105, WM=105)
[INFO] [1774356408.167073308] [rtabmap]: rtabmap (256): Rate=1.00s, Limit=0.000s, Conversion=0.0105s, RTAB-Map=0.1220s, Maps update=0.0008s pub=0.0084s delay=0.3138s (local map=105, WM=105)
[INFO] [1774356409.158224053] [rtabmap]: rtabmap (257): Rate=1.00s, Limit=0.000s, Conversion=0.0003s, RTAB-Map=0.1287s, Maps update=0.0008s pub=0.0062s delay=0.3048s (local map=105, WM=105)
[INFO] [1774356410.161298596] [rtabmap]: rtabmap (258): Rate=1.00s, Limit=0.000s, Conversion=0.0004s, RTAB-Map=0.1263s, Maps update=0.0007s pub=0.0067s delay=0.3079s (local map=105, WM=105)
[INFO] [1774356411.263999913] [rtabmap]: rtabmap (259): Rate=1.00s, Limit=0.000s, Conversion=0.0005s, RTAB-Map=0.1316s, Maps update=0.0007s pub=0.0076s delay=0.3108s (local map=105, WM=105)
[INFO] [1774356412.260396149] [rtabmap]: rtabmap (260): Rate=1.00s, Limit=0.000s, Conversion=0.0003s, RTAB-Map=0.1315s, Maps update=0.0008s pub=0.0053s delay=0.3071s (local map=105, WM=105)
[INFO] [1774356413.369903457] [rtabmap]: rtabmap (261): Rate=1.00s, Limit=0.000s, Conversion=0.0004s, RTAB-Map=0.1446s, Maps update=0.0010s pub=0.0104s delay=0.3169s (local map=105, WM=105)
[INFO] [1774356414.368388756] [rtabmap]: rtabmap (262): Rate=1.00s, Limit=0.000s, Conversion=0.0004s, RTAB-Map=0.1373s, Maps update=0.0013s pub=0.0063s delay=0.3151s (local map=105, WM=105)
[INFO] [1774356415.349220143] [rtabmap]: rtabmap (263): Rate=1.00s, Limit=0.000s, Conversion=0.0003s, RTAB-Map=0.1241s, Maps update=0.0007s pub=0.0049s delay=0.2959s (local map=105, WM=105)
[INFO] [1774356416.463777543] [rtabmap]: rtabmap (264): Rate=1.00s, Limit=0.000s, Conversion=0.0005s, RTAB-Map=0.1337s, Maps update=0.0008s pub=0.0060s delay=0.3107s (local map=105, WM=105)
[INFO] [1774356417.475629567] [rtabmap]: rtabmap (265): Rate=1.00s, Limit=0.000s, Conversion=0.0005s, RTAB-Map=0.1477s, Maps update=0.0007s pub=0.0057s delay=0.3223s (local map=105, WM=105)
[INFO] [1774356418.568143915] [rtabmap]: rtabmap (266): Rate=1.00s, Limit=0.000s, Conversion=0.0005s, RTAB-Map=0.1440s, Maps update=0.0017s pub=0.0063s delay=0.3151s (local map=105, WM=105)
[INFO] [1774356419.553330426] [rtabmap]: rtabmap (267): Rate=1.00s, Limit=0.000s, Conversion=0.0004s, RTAB-Map=0.1226s, Maps update=0.0007s pub=0.0041s delay=0.3000s (local map=105, WM=105)
[INFO] [1774356420.548250803] [rtabmap]: rtabmap (268): Rate=1.00s, Limit=0.000s, Conversion=0.0003s, RTAB-Map=0.1259s, Maps update=0.0007s pub=0.0051s delay=0.2949s (local map=105, WM=105)
[INFO] [1774356421.672808319] [rtabmap]: rtabmap (269): Rate=1.00s, Limit=0.000s, Conversion=0.0003s, RTAB-Map=0.1351s, Maps update=0.0007s pub=0.0074s delay=0.3198s (local map=105, WM=105)
[INFO] [1774356422.753990986] [rtabmap]: rtabmap (270): Rate=1.00s, Limit=0.000s, Conversion=0.0005s, RTAB-Map=0.1284s, Maps update=0.0007s pub=0.0044s delay=0.3009s (local map=105, WM=105)
[INFO] [1774356423.760186754] [rtabmap]: rtabmap (271): Rate=1.00s, Limit=0.000s, Conversion=0.0006s, RTAB-Map=0.1304s, Maps update=0.0007s pub=0.0075s delay=0.3068s (local map=105, WM=105)
[INFO] [1774356424.763631805] [rtabmap]: rtabmap (272): Rate=1.00s, Limit=0.000s, Conversion=0.0005s, RTAB-Map=0.1415s, Maps update=0.0007s pub=0.0059s delay=0.3101s (local map=105, WM=105)
[INFO] [1774356425.859944201] [rtabmap]: rtabmap (273): Rate=1.00s, Limit=0.000s, Conversion=0.0006s, RTAB-Map=0.1305s, Maps update=0.0007s pub=0.0069s delay=0.3064s (local map=105, WM=105)
[INFO] [1774356426.864570060] [rtabmap]: rtabmap (274): Rate=1.00s, Limit=0.000s, Conversion=0.0005s, RTAB-Map=0.1344s, Maps update=0.0008s pub=0.0066s delay=0.3110s (local map=105, WM=105)
[INFO] [1774356427.950127692] [rtabmap]: rtabmap (275): Rate=1.00s, Limit=0.000s, Conversion=0.0004s, RTAB-Map=0.1229s, Maps update=0.0007s pub=0.0040s delay=0.2966s (local map=105, WM=105)
[INFO] [1774356429.073580498] [rtabmap]: rtabmap (276): Rate=1.00s, Limit=0.000s, Conversion=0.0005s, RTAB-Map=0.1366s, Maps update=0.0007s pub=0.0065s delay=0.3201s (local map=105, WM=105)
[INFO] [1774356430.059830853] [rtabmap]: rtabmap (277): Rate=1.00s, Limit=0.000s, Conversion=0.0005s, RTAB-Map=0.1270s, Maps update=0.0007s pub=0.0073s delay=0.3063s (local map=105, WM=105)
[INFO] [1774356431.162516010] [rtabmap]: rtabmap (278): Rate=1.00s, Limit=0.000s, Conversion=0.0003s, RTAB-Map=0.1276s, Maps update=0.0008s pub=0.0059s delay=0.3095s (local map=105, WM=105)
[INFO] [1774356432.149387922] [rtabmap]: rtabmap (279): Rate=1.00s, Limit=0.000s, Conversion=0.0005s, RTAB-Map=0.1298s, Maps update=0.0007s pub=0.0055s delay=0.2960s (local map=105, WM=105)
[INFO] [1774356433.266983793] [rtabmap]: rtabmap (280): Rate=1.00s, Limit=0.000s, Conversion=0.0005s, RTAB-Map=0.1352s, Maps update=0.0008s pub=0.0108s delay=0.3140s (local map=105, WM=105)
[INFO] [1774356434.258267183] [rtabmap]: rtabmap (281): Rate=1.00s, Limit=0.000s, Conversion=0.0005s, RTAB-Map=0.1257s, Maps update=0.0007s pub=0.0066s delay=0.3051s (local map=105, WM=105)
[INFO] [1774356435.355728771] [rtabmap]: rtabmap (282): Rate=1.00s, Limit=0.000s, Conversion=0.0006s, RTAB-Map=0.1292s, Maps update=0.0007s pub=0.0056s delay=0.3026s (local map=105, WM=105)
[INFO] [1774356436.459792342] [rtabmap]: rtabmap (283): Rate=1.00s, Limit=0.000s, Conversion=0.0004s, RTAB-Map=0.1330s, Maps update=0.0007s pub=0.0078s delay=0.3068s (local map=105, WM=105)
[INFO] [1774356437.556223719] [rtabmap]: rtabmap (284): Rate=1.00s, Limit=0.000s, Conversion=0.0006s, RTAB-Map=0.1259s, Maps update=0.0007s pub=0.0049s delay=0.3032s (local map=105, WM=105)
[INFO] [1774356438.656132334] [rtabmap]: rtabmap (285): Rate=1.00s, Limit=0.000s, Conversion=0.0003s, RTAB-Map=0.1298s, Maps update=0.0007s pub=0.0053s delay=0.3030s (local map=105, WM=105)
[INFO] [1774356439.661341668] [rtabmap]: rtabmap (286): Rate=1.00s, Limit=0.000s, Conversion=0.0005s, RTAB-Map=0.1309s, Maps update=0.0007s pub=0.0048s delay=0.3082s (local map=105, WM=105)
[INFO] [1774356440.763166956] [rtabmap]: rtabmap (287): Rate=1.00s, Limit=0.000s, Conversion=0.0005s, RTAB-Map=0.1336s, Maps update=0.0007s pub=0.0058s delay=0.3101s (local map=105, WM=105)
[INFO] [1774356441.860562717] [rtabmap]: rtabmap (288): Rate=1.00s, Limit=0.000s, Conversion=0.0005s, RTAB-Map=0.1313s, Maps update=0.0007s pub=0.0083s delay=0.3074s (local map=105, WM=105)
[INFO] [1774356442.958351644] [rtabmap]: rtabmap (289): Rate=1.00s, Limit=0.000s, Conversion=0.0003s, RTAB-Map=0.1342s, Maps update=0.0007s pub=0.0054s delay=0.3054s (local map=105, WM=105)
[INFO] [1774356444.062084965] [rtabmap]: rtabmap (290): Rate=1.00s, Limit=0.000s, Conversion=0.0005s, RTAB-Map=0.1293s, Maps update=0.0007s pub=0.0062s delay=0.3084s (local map=105, WM=105)
[INFO] [1774356445.158464947] [rtabmap]: rtabmap (291): Rate=1.00s, Limit=0.000s, Conversion=0.0004s, RTAB-Map=0.1318s, Maps update=0.0007s pub=0.0053s delay=0.3055s (local map=105, WM=105)
[INFO] [1774356446.249478348] [rtabmap]: rtabmap (292): Rate=1.00s, Limit=0.000s, Conversion=0.0004s, RTAB-Map=0.1250s, Maps update=0.0007s pub=0.0052s delay=0.2964s (local map=105, WM=105)
[INFO] [1774356447.351987627] [rtabmap]: rtabmap (293): Rate=1.00s, Limit=0.000s, Conversion=0.0003s, RTAB-Map=0.1241s, Maps update=0.0007s pub=0.0046s delay=0.2989s (local map=105, WM=105)
[INFO] [1774356448.454544555] [rtabmap]: rtabmap (294): Rate=1.00s, Limit=0.000s, Conversion=0.0005s, RTAB-Map=0.1278s, Maps update=0.0007s pub=0.0049s delay=0.3015s (local map=105, WM=105)
[INFO] [1774356449.564635308] [rtabmap]: rtabmap (295): Rate=1.00s, Limit=0.000s, Conversion=0.0005s, RTAB-Map=0.1310s, Maps update=0.0008s pub=0.0078s delay=0.3117s (local map=105, WM=105)
[INFO] [1774356450.560177434] [rtabmap]: rtabmap (296): Rate=1.00s, Limit=0.000s, Conversion=0.0004s, RTAB-Map=0.1314s, Maps update=0.0009s pub=0.0066s delay=0.3072s (local map=105, WM=105)
[INFO] [1774356451.660107106] [rtabmap]: rtabmap (297): Rate=1.00s, Limit=0.000s, Conversion=0.0005s, RTAB-Map=0.1403s, Maps update=0.0007s pub=0.0047s delay=0.3072s (local map=105, WM=105)
[INFO] [1774356452.665958158] [rtabmap]: rtabmap (298): Rate=1.00s, Limit=0.000s, Conversion=0.0003s, RTAB-Map=0.1308s, Maps update=0.0016s pub=0.0083s delay=0.3129s (local map=105, WM=105)
[INFO] [1774356453.760610850] [rtabmap]: rtabmap (299): Rate=1.00s, Limit=0.000s, Conversion=0.0004s, RTAB-Map=0.1295s, Maps update=0.0007s pub=0.0067s delay=0.3075s (local map=105, WM=105)
[INFO] [1774356454.756818472] [rtabmap]: rtabmap (300): Rate=1.00s, Limit=0.000s, Conversion=0.0004s, RTAB-Map=0.1327s, Maps update=0.0007s pub=0.0051s delay=0.3037s (local map=105, WM=105)
[INFO] [1774356455.868629602] [rtabmap]: rtabmap (301): Rate=1.00s, Limit=0.000s, Conversion=0.0005s, RTAB-Map=0.1421s, Maps update=0.0010s pub=0.0087s delay=0.3155s (local map=105, WM=105)
[INFO] [1774356456.955756791] [rtabmap]: rtabmap (302): Rate=1.00s, Limit=0.000s, Conversion=0.0005s, RTAB-Map=0.1263s, Maps update=0.0007s pub=0.0052s delay=0.3027s (local map=105, WM=105)
[INFO] [1774356457.967182273] [rtabmap]: rtabmap (303): Rate=1.00s, Limit=0.000s, Conversion=0.0009s, RTAB-Map=0.1347s, Maps update=0.0008s pub=0.0079s delay=0.3140s (local map=105, WM=105)
[INFO] [1774356459.075460740] [rtabmap]: rtabmap (304): Rate=1.00s, Limit=0.000s, Conversion=0.0003s, RTAB-Map=0.1380s, Maps update=0.0007s pub=0.0051s delay=0.3226s (local map=105, WM=105)
[INFO] [1774356460.070073139] [rtabmap]: rtabmap (305): Rate=1.00s, Limit=0.000s, Conversion=0.0005s, RTAB-Map=0.1341s, Maps update=0.0007s pub=0.0068s delay=0.3171s (local map=105, WM=105)
[INFO] [1774356461.054643245] [rtabmap]: rtabmap (306): Rate=1.00s, Limit=0.000s, Conversion=0.0004s, RTAB-Map=0.1246s, Maps update=0.0007s pub=0.0052s delay=0.3016s (local map=105, WM=105)
[INFO] [1774356462.059669437] [rtabmap]: rtabmap (307): Rate=1.00s, Limit=0.000s, Conversion=0.0004s, RTAB-Map=0.1294s, Maps update=0.0007s pub=0.0068s delay=0.3060s (local map=105, WM=105)
[INFO] [1774356463.150483535] [rtabmap]: rtabmap (308): Rate=1.00s, Limit=0.000s, Conversion=0.0005s, RTAB-Map=0.1304s, Maps update=0.0007s pub=0.0050s delay=0.2974s (local map=105, WM=105)
[INFO] [1774356464.261415916] [rtabmap]: rtabmap (309): Rate=1.00s, Limit=0.000s, Conversion=0.0005s, RTAB-Map=0.1267s, Maps update=0.0007s pub=0.0058s delay=0.3084s (local map=105, WM=105)
[INFO] [1774356465.258334377] [rtabmap]: rtabmap (310): Rate=1.00s, Limit=0.000s, Conversion=0.0005s, RTAB-Map=0.1334s, Maps update=0.0007s pub=0.0052s delay=0.3052s (local map=105, WM=105)
[INFO] [1774356466.259871620] [rtabmap]: rtabmap (311): Rate=1.00s, Limit=0.000s, Conversion=0.0004s, RTAB-Map=0.1313s, Maps update=0.0007s pub=0.0074s delay=0.3061s (local map=105, WM=105)
[INFO] [1774356467.347313859] [rtabmap]: rtabmap (312): Rate=1.00s, Limit=0.000s, Conversion=0.0005s, RTAB-Map=0.1281s, Maps update=0.0007s pub=0.0053s delay=0.2942s (local map=105, WM=105)
[INFO] [1774356468.474154620] [rtabmap]: rtabmap (313): Rate=1.00s, Limit=0.000s, Conversion=0.0003s, RTAB-Map=0.1374s, Maps update=0.0010s pub=0.0067s delay=0.3212s (local map=105, WM=105)
[INFO] [1774356469.564695653] [rtabmap]: rtabmap (314): Rate=1.00s, Limit=0.000s, Conversion=0.0003s, RTAB-Map=0.1296s, Maps update=0.0007s pub=0.0100s delay=0.3117s (local map=105, WM=105)
[INFO] [1774356470.550643469] [rtabmap]: rtabmap (315): Rate=1.00s, Limit=0.000s, Conversion=0.0006s, RTAB-Map=0.1314s, Maps update=0.0007s pub=0.0048s delay=0.2976s (local map=105, WM=105)
[INFO] [1774356471.675750220] [rtabmap]: rtabmap (316): Rate=1.00s, Limit=0.000s, Conversion=0.0004s, RTAB-Map=0.1365s, Maps update=0.0010s pub=0.0084s delay=0.3227s (local map=105, WM=105)
[INFO] [1774356472.758798742] [rtabmap]: rtabmap (317): Rate=1.00s, Limit=0.000s, Conversion=0.0003s, RTAB-Map=0.1286s, Maps update=0.0007s pub=0.0066s delay=0.3058s (local map=105, WM=105)
[INFO] [1774356473.766983058] [rtabmap]: rtabmap (318): Rate=1.00s, Limit=0.000s, Conversion=0.0108s, RTAB-Map=0.1261s, Maps update=0.0007s pub=0.0064s delay=0.3139s (local map=105, WM=105)
[INFO] [1774356474.755970530] [rtabmap]: rtabmap (319): Rate=1.00s, Limit=0.000s, Conversion=0.0006s, RTAB-Map=0.1303s, Maps update=0.0007s pub=0.0058s delay=0.3028s (local map=105, WM=105)
[INFO] [1774356475.856178834] [rtabmap]: rtabmap (320): Rate=1.00s, Limit=0.000s, Conversion=0.0005s, RTAB-Map=0.1312s, Maps update=0.0007s pub=0.0050s delay=0.3030s (local map=105, WM=105)
[INFO] [1774356476.956142235] [rtabmap]: rtabmap (321): Rate=1.00s, Limit=0.000s, Conversion=0.0006s, RTAB-Map=0.1340s, Maps update=0.0007s pub=0.0055s delay=0.3032s (local map=105, WM=105)
[INFO] [1774356477.970467527] [rtabmap]: rtabmap (322): Rate=1.00s, Limit=0.000s, Conversion=0.0003s, RTAB-Map=0.1351s, Maps update=0.0007s pub=0.0074s delay=0.3174s (local map=105, WM=105)
[INFO] [1774356478.970421164] [rtabmap]: rtabmap (323): Rate=1.00s, Limit=0.000s, Conversion=0.0004s, RTAB-Map=0.1370s, Maps update=0.0007s pub=0.0093s delay=0.3173s (local map=105, WM=105)
[INFO] [1774356480.059424032] [rtabmap]: rtabmap (324): Rate=1.00s, Limit=0.000s, Conversion=0.0005s, RTAB-Map=0.1309s, Maps update=0.0007s pub=0.0070s delay=0.3065s (local map=105, WM=105)
[INFO] [1774356481.066530935] [rtabmap]: rtabmap (325): Rate=1.00s, Limit=0.000s, Conversion=0.0009s, RTAB-Map=0.1316s, Maps update=0.0009s pub=0.0094s delay=0.3134s (local map=105, WM=105)
[INFO] [1774356482.051812905] [rtabmap]: rtabmap (326): Rate=1.00s, Limit=0.000s, Conversion=0.0005s, RTAB-Map=0.1301s, Maps update=0.0007s pub=0.0045s delay=0.2986s (local map=105, WM=105)
[INFO] [1774356483.159636509] [rtabmap]: rtabmap (327): Rate=1.00s, Limit=0.000s, Conversion=0.0005s, RTAB-Map=0.1305s, Maps update=0.0007s pub=0.0072s delay=0.3065s (local map=105, WM=105)
[INFO] [1774356484.261756910] [rtabmap]: rtabmap (328): Rate=1.00s, Limit=0.000s, Conversion=0.0003s, RTAB-Map=0.1259s, Maps update=0.0007s pub=0.0064s delay=0.3087s (local map=105, WM=105)
[INFO] [1774356485.275828370] [rtabmap]: rtabmap (329): Rate=1.00s, Limit=0.000s, Conversion=0.0005s, RTAB-Map=0.1411s, Maps update=0.0011s pub=0.0104s delay=0.3227s (local map=105, WM=105)
[INFO] [1774356486.368640392] [rtabmap]: rtabmap (330): Rate=1.00s, Limit=0.000s, Conversion=0.0008s, RTAB-Map=0.1301s, Maps update=0.0007s pub=0.0100s delay=0.3156s (local map=105, WM=105)
[INFO] [1774356487.350341504] [rtabmap]: rtabmap (331): Rate=1.00s, Limit=0.000s, Conversion=0.0005s, RTAB-Map=0.1279s, Maps update=0.0007s pub=0.0056s delay=0.2973s (local map=105, WM=105)
[INFO] [1774356488.366682769] [rtabmap]: rtabmap (332): Rate=1.00s, Limit=0.000s, Conversion=0.0004s, RTAB-Map=0.1393s, Maps update=0.0007s pub=0.0051s delay=0.3135s (local map=105, WM=105)
[INFO] [1774356489.464681015] [rtabmap]: rtabmap (333): Rate=1.00s, Limit=0.000s, Conversion=0.0003s, RTAB-Map=0.1278s, Maps update=0.0009s pub=0.0105s delay=0.3115s (local map=105, WM=105)
[INFO] [1774356490.580393750] [rtabmap]: rtabmap (334): Rate=1.00s, Limit=0.000s, Conversion=0.0107s, RTAB-Map=0.1396s, Maps update=0.0007s pub=0.0064s delay=0.3272s (local map=105, WM=105)
[INFO] [1774356491.655111462] [rtabmap]: rtabmap (335): Rate=1.00s, Limit=0.000s, Conversion=0.0003s, RTAB-Map=0.1288s, Maps update=0.0007s pub=0.0050s delay=0.3020s (local map=105, WM=105)
[INFO] [1774356492.656089005] [rtabmap]: rtabmap (336): Rate=1.00s, Limit=0.000s, Conversion=0.0006s, RTAB-Map=0.1355s, Maps update=0.0007s pub=0.0053s delay=0.3029s (local map=105, WM=105)
[INFO] [1774356493.767686624] [rtabmap]: rtabmap (337): Rate=1.00s, Limit=0.000s, Conversion=0.0003s, RTAB-Map=0.1352s, Maps update=0.0011s pub=0.0077s delay=0.3145s (local map=105, WM=105)
[INFO] [1774356494.869845011] [rtabmap]: rtabmap (338): Rate=1.00s, Limit=0.000s, Conversion=0.0004s, RTAB-Map=0.1395s, Maps update=0.0007s pub=0.0061s delay=0.3167s (local map=105, WM=105)
[INFO] [1774356495.967810360] [rtabmap]: rtabmap (339): Rate=1.00s, Limit=0.000s, Conversion=0.0004s, RTAB-Map=0.1355s, Maps update=0.0008s pub=0.0087s delay=0.3146s (local map=105, WM=105)
[INFO] [1774356497.068178638] [rtabmap]: rtabmap (340): Rate=1.00s, Limit=0.000s, Conversion=0.0004s, RTAB-Map=0.1350s, Maps update=0.0008s pub=0.0098s delay=0.3149s (local map=105, WM=105)
[INFO] [1774356498.167658086] [rtabmap]: rtabmap (341): Rate=1.00s, Limit=0.000s, Conversion=0.0003s, RTAB-Map=0.1445s, Maps update=0.0009s pub=0.0072s delay=0.3145s (local map=105, WM=105)
[INFO] [1774356499.155165220] [rtabmap]: rtabmap (342): Rate=1.00s, Limit=0.000s, Conversion=0.0010s, RTAB-Map=0.1372s, Maps update=0.0007s pub=0.0053s delay=0.3019s (local map=105, WM=105)
[INFO] [1774356500.181860468] [rtabmap]: rtabmap (343): Rate=1.00s, Limit=0.000s, Conversion=0.0004s, RTAB-Map=0.1501s, Maps update=0.0011s pub=0.0082s delay=0.3286s (local map=105, WM=105)
[INFO] [1774356501.159207161] [rtabmap]: rtabmap (344): Rate=1.00s, Limit=0.000s, Conversion=0.0011s, RTAB-Map=0.1283s, Maps update=0.0007s pub=0.0066s delay=0.3059s (local map=105, WM=105)
[INFO] [1774356502.261337099] [rtabmap]: rtabmap (345): Rate=1.00s, Limit=0.000s, Conversion=0.0005s, RTAB-Map=0.1260s, Maps update=0.0008s pub=0.0049s delay=0.3080s (local map=105, WM=105)
[INFO] [1774356503.360788386] [rtabmap]: rtabmap (346): Rate=1.00s, Limit=0.000s, Conversion=0.0006s, RTAB-Map=0.1345s, Maps update=0.0008s pub=0.0061s delay=0.3076s (local map=105, WM=105)
[INFO] [1774356504.468164902] [rtabmap]: rtabmap (347): Rate=1.00s, Limit=0.000s, Conversion=0.0003s, RTAB-Map=0.1294s, Maps update=0.0008s pub=0.0045s delay=0.3149s (local map=105, WM=105)
[INFO] [1774356505.461139742] [rtabmap]: rtabmap (348): Rate=1.00s, Limit=0.000s, Conversion=0.0004s, RTAB-Map=0.1371s, Maps update=0.0008s pub=0.0061s delay=0.3078s (local map=105, WM=105)
[INFO] [1774356506.559356747] [rtabmap]: rtabmap (349): Rate=1.00s, Limit=0.000s, Conversion=0.0007s, RTAB-Map=0.1249s, Maps update=0.0007s pub=0.0068s delay=0.3060s (local map=105, WM=105)
[INFO] [1774356507.555946621] [rtabmap]: rtabmap (350): Rate=1.00s, Limit=0.000s, Conversion=0.0004s, RTAB-Map=0.1273s, Maps update=0.0007s pub=0.0069s delay=0.3026s (local map=105, WM=105)
[INFO] [1774356508.674519902] [rtabmap]: rtabmap (351): Rate=1.00s, Limit=0.000s, Conversion=0.0004s, RTAB-Map=0.1423s, Maps update=0.0009s pub=0.0065s delay=0.3213s (local map=105, WM=105)
[INFO] [1774356509.650765565] [rtabmap]: rtabmap (352): Rate=1.00s, Limit=0.000s, Conversion=0.0005s, RTAB-Map=0.1281s, Maps update=0.0007s pub=0.0046s delay=0.2975s (local map=105, WM=105)
[INFO] [1774356510.672840816] [rtabmap]: rtabmap (353): Rate=1.00s, Limit=0.000s, Conversion=0.0005s, RTAB-Map=0.1385s, Maps update=0.0007s pub=0.0057s delay=0.3195s (local map=105, WM=105)
[INFO] [1774356511.755149249] [rtabmap]: rtabmap (354): Rate=1.00s, Limit=0.000s, Conversion=0.0005s, RTAB-Map=0.1282s, Maps update=0.0007s pub=0.0058s delay=0.3018s (local map=105, WM=105)
[INFO] [1774356512.853256363] [rtabmap]: rtabmap (355): Rate=1.00s, Limit=0.000s, Conversion=0.0005s, RTAB-Map=0.1268s, Maps update=0.0007s pub=0.0047s delay=0.2999s (local map=105, WM=105)
[INFO] [1774356513.861485736] [rtabmap]: rtabmap (356): Rate=1.00s, Limit=0.000s, Conversion=0.0003s, RTAB-Map=0.1289s, Maps update=0.0008s pub=0.0053s delay=0.3081s (local map=105, WM=105)
[INFO] [1774356514.954071190] [rtabmap]: rtabmap (357): Rate=1.00s, Limit=0.000s, Conversion=0.0005s, RTAB-Map=0.1254s, Maps update=0.0007s pub=0.0052s delay=0.3008s (local map=105, WM=105)
[INFO] [1774356515.962889512] [rtabmap]: rtabmap (358): Rate=1.00s, Limit=0.000s, Conversion=0.0004s, RTAB-Map=0.1326s, Maps update=0.0007s pub=0.0090s delay=0.3095s (local map=105, WM=105)
[INFO] [1774356517.060226967] [rtabmap]: rtabmap (359): Rate=1.00s, Limit=0.000s, Conversion=0.0003s, RTAB-Map=0.1278s, Maps update=0.0007s pub=0.0084s delay=0.3068s (local map=105, WM=105)
[INFO] [1774356518.157379104] [rtabmap]: rtabmap (360): Rate=1.00s, Limit=0.000s, Conversion=0.0004s, RTAB-Map=0.1330s, Maps update=0.0009s pub=0.0056s delay=0.3040s (local map=105, WM=105)
[INFO] [1774356519.155043031] [rtabmap]: rtabmap (361): Rate=1.00s, Limit=0.000s, Conversion=0.0003s, RTAB-Map=0.1233s, Maps update=0.0007s pub=0.0059s delay=0.3017s (local map=105, WM=105)
[INFO] [1774356520.262305591] [rtabmap]: rtabmap (362): Rate=1.00s, Limit=0.000s, Conversion=0.0005s, RTAB-Map=0.1253s, Maps update=0.0007s pub=0.0053s delay=0.3089s (local map=105, WM=105)
[INFO] [1774356521.264018615] [rtabmap]: rtabmap (363): Rate=1.00s, Limit=0.000s, Conversion=0.0005s, RTAB-Map=0.1308s, Maps update=0.0007s pub=0.0056s delay=0.3106s (local map=105, WM=105)
[INFO] [1774356522.370018988] [rtabmap]: rtabmap (364): Rate=1.00s, Limit=0.000s, Conversion=0.0003s, RTAB-Map=0.1316s, Maps update=0.0009s pub=0.0120s delay=0.3167s (local map=105, WM=105)
[INFO] [1774356523.461779198] [rtabmap]: rtabmap (365): Rate=1.00s, Limit=0.000s, Conversion=0.0006s, RTAB-Map=0.1333s, Maps update=0.0009s pub=0.0073s delay=0.3084s (local map=105, WM=105)
[INFO] [1774356524.470385545] [rtabmap]: rtabmap (366): Rate=1.00s, Limit=0.000s, Conversion=0.0006s, RTAB-Map=0.1452s, Maps update=0.0010s pub=0.0068s delay=0.3169s (local map=105, WM=105)
[INFO] [1774356525.567327914] [rtabmap]: rtabmap (367): Rate=1.00s, Limit=0.000s, Conversion=0.0005s, RTAB-Map=0.1311s, Maps update=0.0010s pub=0.0085s delay=0.3138s (local map=105, WM=105)
[INFO] [1774356526.666146124] [rtabmap]: rtabmap (368): Rate=1.00s, Limit=0.000s, Conversion=0.0004s, RTAB-Map=0.1231s, Maps update=0.0009s pub=0.0072s delay=0.3128s (local map=105, WM=105)
[INFO] [1774356527.671064889] [rtabmap]: rtabmap (369): Rate=1.00s, Limit=0.000s, Conversion=0.0004s, RTAB-Map=0.1386s, Maps update=0.0007s pub=0.0058s delay=0.3176s (local map=105, WM=105)
[INFO] [1774356528.758357779] [rtabmap]: rtabmap (370): Rate=1.00s, Limit=0.000s, Conversion=0.0003s, RTAB-Map=0.1299s, Maps update=0.0007s pub=0.0067s delay=0.3048s (local map=105, WM=105)
[INFO] [1774356529.857110579] [rtabmap]: rtabmap (371): Rate=1.00s, Limit=0.000s, Conversion=0.0003s, RTAB-Map=0.1264s, Maps update=0.0018s pub=0.0059s delay=0.3036s (local map=105, WM=105)
[INFO] [1774356530.978262603] [rtabmap]: rtabmap (372): Rate=1.00s, Limit=0.000s, Conversion=0.0004s, RTAB-Map=0.1413s, Maps update=0.0009s pub=0.0094s delay=0.3248s (local map=105, WM=105)
[INFO] [1774356531.971650032] [rtabmap]: rtabmap (373): Rate=1.00s, Limit=0.000s, Conversion=0.0005s, RTAB-Map=0.1403s, Maps update=0.0013s pub=0.0072s delay=0.3167s (local map=105, WM=105)
[INFO] [1774356533.067110304] [rtabmap]: rtabmap (374): Rate=1.00s, Limit=0.000s, Conversion=0.0003s, RTAB-Map=0.1299s, Maps update=0.0007s pub=0.0144s delay=0.3136s (local map=105, WM=105)
[INFO] [1774356534.155791209] [rtabmap]: rtabmap (375): Rate=1.00s, Limit=0.000s, Conversion=0.0004s, RTAB-Map=0.1305s, Maps update=0.0008s pub=0.0068s delay=0.3023s (local map=105, WM=105)
[INFO] [1774356535.261285549] [rtabmap]: rtabmap (376): Rate=1.00s, Limit=0.000s, Conversion=0.0005s, RTAB-Map=0.1281s, Maps update=0.0008s pub=0.0058s delay=0.3078s (local map=105, WM=105)
[INFO] [1774356536.260858693] [rtabmap]: rtabmap (377): Rate=1.00s, Limit=0.000s, Conversion=0.0004s, RTAB-Map=0.1293s, Maps update=0.0007s pub=0.0052s delay=0.3074s (local map=105, WM=105)
[INFO] [1774356537.355964200] [rtabmap]: rtabmap (378): Rate=1.00s, Limit=0.000s, Conversion=0.0003s, RTAB-Map=0.1294s, Maps update=0.0007s pub=0.0052s delay=0.3025s (local map=105, WM=105)
[INFO] [1774356538.363923709] [rtabmap]: rtabmap (379): Rate=1.00s, Limit=0.000s, Conversion=0.0005s, RTAB-Map=0.1354s, Maps update=0.0007s pub=0.0078s delay=0.3104s (local map=105, WM=105)
[INFO] [1774356539.354330877] [rtabmap]: rtabmap (380): Rate=1.00s, Limit=0.000s, Conversion=0.0004s, RTAB-Map=0.1317s, Maps update=0.0007s pub=0.0047s delay=0.3008s (local map=105, WM=105)
[INFO] [1774356540.460872037] [rtabmap]: rtabmap (381): Rate=1.00s, Limit=0.000s, Conversion=0.0003s, RTAB-Map=0.1294s, Maps update=0.0007s pub=0.0064s delay=0.3075s (local map=105, WM=105)
[INFO] [1774356541.468346568] [rtabmap]: rtabmap (382): Rate=1.00s, Limit=0.000s, Conversion=0.0004s, RTAB-Map=0.1312s, Maps update=0.0007s pub=0.0070s delay=0.3149s (local map=105, WM=105)
[INFO] [1774356542.457695109] [rtabmap]: rtabmap (383): Rate=1.00s, Limit=0.000s, Conversion=0.0012s, RTAB-Map=0.1274s, Maps update=0.0007s pub=0.0059s delay=0.3042s (local map=105, WM=105)
[INFO] [1774356543.459729712] [rtabmap]: rtabmap (384): Rate=1.00s, Limit=0.000s, Conversion=0.0004s, RTAB-Map=0.1334s, Maps update=0.0007s pub=0.0061s delay=0.3062s (local map=105, WM=105)
[INFO] [1774356544.556220802] [rtabmap]: rtabmap (385): Rate=1.00s, Limit=0.000s, Conversion=0.0004s, RTAB-Map=0.1278s, Maps update=0.0007s pub=0.0060s delay=0.3026s (local map=105, WM=105)
[INFO] [1774356545.669529456] [rtabmap]: rtabmap (386): Rate=1.00s, Limit=0.000s, Conversion=0.0006s, RTAB-Map=0.1390s, Maps update=0.0009s pub=0.0097s delay=0.3160s (local map=105, WM=105)
[INFO] [1774356546.655310323] [rtabmap]: rtabmap (387): Rate=1.00s, Limit=0.000s, Conversion=0.0004s, RTAB-Map=0.1310s, Maps update=0.0007s pub=0.0049s delay=0.3017s (local map=105, WM=105)
[INFO] [1774356547.753725127] [rtabmap]: rtabmap (388): Rate=1.00s, Limit=0.000s, Conversion=0.0006s, RTAB-Map=0.1278s, Maps update=0.0007s pub=0.0051s delay=0.3001s (local map=105, WM=105)
[INFO] [1774356548.849942736] [rtabmap]: rtabmap (389): Rate=1.00s, Limit=0.000s, Conversion=0.0004s, RTAB-Map=0.1293s, Maps update=0.0007s pub=0.0053s delay=0.2963s (local map=105, WM=105)
[INFO] [1774356549.961299131] [rtabmap]: rtabmap (390): Rate=1.00s, Limit=0.000s, Conversion=0.0006s, RTAB-Map=0.1346s, Maps update=0.0007s pub=0.0060s delay=0.3077s (local map=105, WM=105)
[INFO] [1774356551.067669053] [rtabmap]: rtabmap (391): Rate=1.00s, Limit=0.000s, Conversion=0.0003s, RTAB-Map=0.1398s, Maps update=0.0007s pub=0.0043s delay=0.3141s (local map=105, WM=105)
[INFO] [1774356552.061318508] [rtabmap]: rtabmap (392): Rate=1.00s, Limit=0.000s, Conversion=0.0005s, RTAB-Map=0.1275s, Maps update=0.0007s pub=0.0073s delay=0.3076s (local map=105, WM=105)
[INFO] [1774356553.175081481] [rtabmap]: rtabmap (393): Rate=1.00s, Limit=0.000s, Conversion=0.0004s, RTAB-Map=0.1418s, Maps update=0.0007s pub=0.0052s delay=0.3214s (local map=105, WM=105)
[INFO] [1774356554.161729833] [rtabmap]: rtabmap (394): Rate=1.00s, Limit=0.000s, Conversion=0.0003s, RTAB-Map=0.1348s, Maps update=0.0007s pub=0.0059s delay=0.3080s (local map=105, WM=105)
[INFO] [1774356555.263503247] [rtabmap]: rtabmap (395): Rate=1.00s, Limit=0.000s, Conversion=0.0003s, RTAB-Map=0.1381s, Maps update=0.0007s pub=0.0066s delay=0.3100s (local map=105, WM=105)
[INFO] [1774356556.259119584] [rtabmap]: rtabmap (396): Rate=1.00s, Limit=0.000s, Conversion=0.0005s, RTAB-Map=0.1281s, Maps update=0.0007s pub=0.0066s delay=0.3054s (local map=105, WM=105)
[INFO] [1774356557.360440055] [rtabmap]: rtabmap (397): Rate=1.00s, Limit=0.000s, Conversion=0.0004s, RTAB-Map=0.1359s, Maps update=0.0007s pub=0.0062s delay=0.3069s (local map=105, WM=105)
[INFO] [1774356558.353425999] [rtabmap]: rtabmap (398): Rate=1.00s, Limit=0.000s, Conversion=0.0004s, RTAB-Map=0.1260s, Maps update=0.0007s pub=0.0051s delay=0.2998s (local map=105, WM=105)
[INFO] [1774356559.369127274] [rtabmap]: rtabmap (399): Rate=1.00s, Limit=0.000s, Conversion=0.0009s, RTAB-Map=0.1317s, Maps update=0.0008s pub=0.0102s delay=0.3155s (local map=105, WM=105)
[INFO] [1774356560.461210471] [rtabmap]: rtabmap (400): Rate=1.00s, Limit=0.000s, Conversion=0.0005s, RTAB-Map=0.1341s, Maps update=0.0007s pub=0.0060s delay=0.3076s (local map=105, WM=105)
[INFO] [1774356561.461004454] [rtabmap]: rtabmap (401): Rate=1.00s, Limit=0.000s, Conversion=0.0004s, RTAB-Map=0.1370s, Maps update=0.0007s pub=0.0078s delay=0.3073s (local map=105, WM=105)
[INFO] [1774356562.461073550] [rtabmap]: rtabmap (402): Rate=1.00s, Limit=0.000s, Conversion=0.0006s, RTAB-Map=0.1307s, Maps update=0.0007s pub=0.0052s delay=0.3074s (local map=105, WM=105)
[INFO] [1774356563.567623542] [rtabmap]: rtabmap (403): Rate=1.00s, Limit=0.000s, Conversion=0.0003s, RTAB-Map=0.1288s, Maps update=0.0008s pub=0.0079s delay=0.3141s (local map=105, WM=105)
[INFO] [1774356564.559694287] [rtabmap]: rtabmap (404): Rate=1.00s, Limit=0.000s, Conversion=0.0004s, RTAB-Map=0.1319s, Maps update=0.0007s pub=0.0073s delay=0.3059s (local map=105, WM=105)
[INFO] [1774356565.646642205] [rtabmap]: rtabmap (405): Rate=1.00s, Limit=0.000s, Conversion=0.0005s, RTAB-Map=0.1300s, Maps update=0.0007s pub=0.0041s delay=0.2929s (local map=105, WM=105)
[INFO] [1774356566.667198045] [rtabmap]: rtabmap (406): Rate=1.00s, Limit=0.000s, Conversion=0.0006s, RTAB-Map=0.1319s, Maps update=0.0008s pub=0.0068s delay=0.3135s (local map=105, WM=105)
[INFO] [1774356567.760732268] [rtabmap]: rtabmap (407): Rate=1.00s, Limit=0.000s, Conversion=0.0003s, RTAB-Map=0.1316s, Maps update=0.0007s pub=0.0065s delay=0.3070s (local map=105, WM=105)
[INFO] [1774356568.871441249] [rtabmap]: rtabmap (408): Rate=1.00s, Limit=0.000s, Conversion=0.0004s, RTAB-Map=0.1359s, Maps update=0.0008s pub=0.0113s delay=0.3178s (local map=105, WM=105)
[INFO] [1774356569.860297772] [rtabmap]: rtabmap (409): Rate=1.00s, Limit=0.000s, Conversion=0.0004s, RTAB-Map=0.1289s, Maps update=0.0007s pub=0.0069s delay=0.3066s (local map=105, WM=105)
[INFO] [1774356570.961703590] [rtabmap]: rtabmap (410): Rate=1.00s, Limit=0.000s, Conversion=0.0003s, RTAB-Map=0.1319s, Maps update=0.0007s pub=0.0059s delay=0.3080s (local map=105, WM=105)
[INFO] [1774356571.962219581] [rtabmap]: rtabmap (411): Rate=1.00s, Limit=0.000s, Conversion=0.0007s, RTAB-Map=0.1256s, Maps update=0.0007s pub=0.0072s delay=0.3085s (local map=105, WM=105)
[INFO] [1774356573.066583003] [rtabmap]: rtabmap (412): Rate=1.00s, Limit=0.000s, Conversion=0.0004s, RTAB-Map=0.1249s, Maps update=0.0008s pub=0.0139s delay=0.3129s (local map=105, WM=105)
[INFO] [1774356574.057434987] [rtabmap]: rtabmap (413): Rate=1.00s, Limit=0.000s, Conversion=0.0005s, RTAB-Map=0.1268s, Maps update=0.0008s pub=0.0058s delay=0.3037s (local map=105, WM=105)
[INFO] [1774356575.069543404] [rtabmap]: rtabmap (414): Rate=1.00s, Limit=0.000s, Conversion=0.0006s, RTAB-Map=0.1299s, Maps update=0.0009s pub=0.0075s delay=0.3157s (local map=105, WM=105)
[INFO] [1774356576.163603948] [rtabmap]: rtabmap (415): Rate=1.00s, Limit=0.000s, Conversion=0.0004s, RTAB-Map=0.1265s, Maps update=0.0007s pub=0.0077s delay=0.3098s (local map=105, WM=105)
[INFO] [1774356577.255883535] [rtabmap]: rtabmap (416): Rate=1.00s, Limit=0.000s, Conversion=0.0004s, RTAB-Map=0.1273s, Maps update=0.0007s pub=0.0063s delay=0.3021s (local map=105, WM=105)
[INFO] [1774356578.362766723] [rtabmap]: rtabmap (417): Rate=1.00s, Limit=0.000s, Conversion=0.0004s, RTAB-Map=0.1338s, Maps update=0.0007s pub=0.0069s delay=0.3089s (local map=105, WM=105)
[INFO] [1774356579.471653146] [rtabmap]: rtabmap (418): Rate=1.00s, Limit=0.000s, Conversion=0.0004s, RTAB-Map=0.1385s, Maps update=0.0007s pub=0.0049s delay=0.3180s (local map=105, WM=105)
[INFO] [1774356580.457269496] [rtabmap]: rtabmap (419): Rate=1.00s, Limit=0.000s, Conversion=0.0004s, RTAB-Map=0.1280s, Maps update=0.0007s pub=0.0051s delay=0.3036s (local map=105, WM=105)
[INFO] [1774356581.463621749] [rtabmap]: rtabmap (420): Rate=1.00s, Limit=0.000s, Conversion=0.0003s, RTAB-Map=0.1294s, Maps update=0.0007s pub=0.0076s delay=0.3099s (local map=105, WM=105)
[INFO] [1774356582.551045812] [rtabmap]: rtabmap (421): Rate=1.00s, Limit=0.000s, Conversion=0.0005s, RTAB-Map=0.1240s, Maps update=0.0007s pub=0.0050s delay=0.2974s (local map=105, WM=105)
[INFO] [1774356583.559880454] [rtabmap]: rtabmap (422): Rate=1.00s, Limit=0.000s, Conversion=0.0004s, RTAB-Map=0.1320s, Maps update=0.0007s pub=0.0067s delay=0.3061s (local map=105, WM=105)
[INFO] [1774356584.583891067] [rtabmap]: rtabmap (423): Rate=1.00s, Limit=0.000s, Conversion=0.0003s, RTAB-Map=0.1468s, Maps update=0.0010s pub=0.0065s delay=0.3301s (local map=105, WM=105)
[INFO] [1774356585.659624013] [rtabmap]: rtabmap (424): Rate=1.00s, Limit=0.000s, Conversion=0.0005s, RTAB-Map=0.1326s, Maps update=0.0007s pub=0.0059s delay=0.3058s (local map=105, WM=105)
[INFO] [1774356586.768461347] [rtabmap]: rtabmap (425): Rate=1.00s, Limit=0.000s, Conversion=0.0004s, RTAB-Map=0.1386s, Maps update=0.0007s pub=0.0098s delay=0.3146s (local map=105, WM=105)
[INFO] [1774356587.755474768] [rtabmap]: rtabmap (426): Rate=1.00s, Limit=0.000s, Conversion=0.0005s, RTAB-Map=0.1351s, Maps update=0.0007s pub=0.0056s delay=0.3016s (local map=105, WM=105)
[INFO] [1774356588.867137541] [rtabmap]: rtabmap (427): Rate=1.00s, Limit=0.000s, Conversion=0.0003s, RTAB-Map=0.1325s, Maps update=0.0009s pub=0.0117s delay=0.3133s (local map=105, WM=105)
[INFO] [1774356589.873743596] [rtabmap]: rtabmap (428): Rate=1.00s, Limit=0.000s, Conversion=0.0003s, RTAB-Map=0.1352s, Maps update=0.0008s pub=0.0117s delay=0.3199s (local map=105, WM=105)
[INFO] [1774356590.867989646] [rtabmap]: rtabmap (429): Rate=1.00s, Limit=0.000s, Conversion=0.0004s, RTAB-Map=0.1315s, Maps update=0.0007s pub=0.0070s delay=0.3141s (local map=105, WM=105)
[INFO] [1774356591.857006207] [rtabmap]: rtabmap (430): Rate=1.00s, Limit=0.000s, Conversion=0.0003s, RTAB-Map=0.1277s, Maps update=0.0007s pub=0.0056s delay=0.3031s (local map=105, WM=105)
[INFO] [1774356592.969462288] [rtabmap]: rtabmap (431): Rate=1.00s, Limit=0.000s, Conversion=0.0006s, RTAB-Map=0.1390s, Maps update=0.0008s pub=0.0059s delay=0.3157s (local map=105, WM=105)
[INFO] [1774356593.960048278] [rtabmap]: rtabmap (432): Rate=1.00s, Limit=0.000s, Conversion=0.0005s, RTAB-Map=0.1285s, Maps update=0.0007s pub=0.0071s delay=0.3060s (local map=105, WM=105)
[INFO] [1774356595.066537148] [rtabmap]: rtabmap (433): Rate=1.00s, Limit=0.000s, Conversion=0.0004s, RTAB-Map=0.1328s, Maps update=0.0009s pub=0.0078s delay=0.3127s (local map=105, WM=105)
[INFO] [1774356596.163436029] [rtabmap]: rtabmap (434): Rate=1.00s, Limit=0.000s, Conversion=0.0004s, RTAB-Map=0.1297s, Maps update=0.0008s pub=0.0064s delay=0.3097s (local map=105, WM=105)
[INFO] [1774356597.171910306] [rtabmap]: rtabmap (435): Rate=1.00s, Limit=0.000s, Conversion=0.0004s, RTAB-Map=0.1300s, Maps update=0.0007s pub=0.0099s delay=0.3180s (local map=105, WM=105)
[INFO] [1774356598.268022888] [rtabmap]: rtabmap (436): Rate=1.00s, Limit=0.000s, Conversion=0.0005s, RTAB-Map=0.1276s, Maps update=0.0009s pub=0.0087s delay=0.3141s (local map=105, WM=105)
[INFO] [1774356599.254648264] [rtabmap]: rtabmap (437): Rate=1.00s, Limit=0.000s, Conversion=0.0005s, RTAB-Map=0.1275s, Maps update=0.0007s pub=0.0064s delay=0.3007s (local map=105, WM=105)
[INFO] [1774356600.363371098] [rtabmap]: rtabmap (438): Rate=1.00s, Limit=0.000s, Conversion=0.0005s, RTAB-Map=0.1306s, Maps update=0.0007s pub=0.0070s delay=0.3094s (local map=105, WM=105)
[INFO] [1774356601.454941125] [rtabmap]: rtabmap (439): Rate=1.00s, Limit=0.000s, Conversion=0.0005s, RTAB-Map=0.1276s, Maps update=0.0007s pub=0.0048s delay=0.3011s (local map=105, WM=105)
[INFO] [1774356602.563154598] [rtabmap]: rtabmap (440): Rate=1.00s, Limit=0.000s, Conversion=0.0005s, RTAB-Map=0.1290s, Maps update=0.0007s pub=0.0083s delay=0.3092s (local map=105, WM=105)
[INFO] [1774356603.661902533] [rtabmap]: rtabmap (441): Rate=1.00s, Limit=0.000s, Conversion=0.0005s, RTAB-Map=0.1332s, Maps update=0.0007s pub=0.0073s delay=0.3080s (local map=105, WM=105)
[INFO] [1774356604.668817206] [rtabmap]: rtabmap (442): Rate=1.00s, Limit=0.000s, Conversion=0.0005s, RTAB-Map=0.1367s, Maps update=0.0007s pub=0.0080s delay=0.3149s (local map=105, WM=105)
[INFO] [1774356605.760592840] [rtabmap]: rtabmap (443): Rate=1.00s, Limit=0.000s, Conversion=0.0003s, RTAB-Map=0.1275s, Maps update=0.0007s pub=0.0067s delay=0.3076s (local map=105, WM=105)
[INFO] [1774356606.760889592] [rtabmap]: rtabmap (444): Rate=1.00s, Limit=0.000s, Conversion=0.0005s, RTAB-Map=0.1278s, Maps update=0.0007s pub=0.0061s delay=0.3072s (local map=105, WM=105)
[INFO] [1774356607.766255285] [rtabmap]: rtabmap (445): Rate=1.00s, Limit=0.000s, Conversion=0.0003s, RTAB-Map=0.1296s, Maps update=0.0007s pub=0.0097s delay=0.3125s (local map=105, WM=105)
[INFO] [1774356608.861963149] [rtabmap]: rtabmap (446): Rate=1.00s, Limit=0.000s, Conversion=0.0005s, RTAB-Map=0.1342s, Maps update=0.0008s pub=0.0064s delay=0.3089s (local map=105, WM=105)
[INFO] [1774356609.867495694] [rtabmap]: rtabmap (447): Rate=1.00s, Limit=0.000s, Conversion=0.0005s, RTAB-Map=0.1314s, Maps update=0.0007s pub=0.0052s delay=0.3137s (local map=105, WM=105)
[INFO] [1774356610.959564715] [rtabmap]: rtabmap (448): Rate=1.00s, Limit=0.000s, Conversion=0.0005s, RTAB-Map=0.1276s, Maps update=0.0007s pub=0.0066s delay=0.3055s (local map=105, WM=105)
[INFO] [1774356612.069853522] [rtabmap]: rtabmap (449): Rate=1.00s, Limit=0.000s, Conversion=0.0005s, RTAB-Map=0.1348s, Maps update=0.0008s pub=0.0063s delay=0.3160s (local map=105, WM=105)
[INFO] [1774356613.066258718] [rtabmap]: rtabmap (450): Rate=1.00s, Limit=0.000s, Conversion=0.0005s, RTAB-Map=0.1385s, Maps update=0.0007s pub=0.0068s delay=0.3122s (local map=105, WM=105)
[INFO] [1774356614.160455234] [rtabmap]: rtabmap (451): Rate=1.00s, Limit=0.000s, Conversion=0.0004s, RTAB-Map=0.1363s, Maps update=0.0008s pub=0.0048s delay=0.3066s (local map=105, WM=105)
[INFO] [1774356615.161324006] [rtabmap]: rtabmap (452): Rate=1.00s, Limit=0.000s, Conversion=0.0005s, RTAB-Map=0.1317s, Maps update=0.0007s pub=0.0060s delay=0.3073s (local map=105, WM=105)
[INFO] [1774356616.263147342] [rtabmap]: rtabmap (453): Rate=1.00s, Limit=0.000s, Conversion=0.0004s, RTAB-Map=0.1383s, Maps update=0.0007s pub=0.0063s delay=0.3092s (local map=105, WM=105)
[INFO] [1774356617.259170572] [rtabmap]: rtabmap (454): Rate=1.00s, Limit=0.000s, Conversion=0.0005s, RTAB-Map=0.1250s, Maps update=0.0007s pub=0.0065s delay=0.3051s (local map=105, WM=105)
[INFO] [1774356618.373925131] [rtabmap]: rtabmap (455): Rate=1.00s, Limit=0.000s, Conversion=0.0003s, RTAB-Map=0.1388s, Maps update=0.0007s pub=0.0076s delay=0.3201s (local map=105, WM=105)
[INFO] [1774356619.369278387] [rtabmap]: rtabmap (456): Rate=1.00s, Limit=0.000s, Conversion=0.0003s, RTAB-Map=0.1414s, Maps update=0.0012s pub=0.0063s delay=0.3154s (local map=105, WM=105)
[INFO] [1774356620.373132700] [rtabmap]: rtabmap (457): Rate=1.00s, Limit=0.000s, Conversion=0.0003s, RTAB-Map=0.1337s, Maps update=0.0007s pub=0.0094s delay=0.3190s (local map=105, WM=105)
[INFO] [1774356621.448087795] [rtabmap]: rtabmap (458): Rate=1.00s, Limit=0.000s, Conversion=0.0003s, RTAB-Map=0.1277s, Maps update=0.0007s pub=0.0040s delay=0.2941s (local map=105, WM=105)
[INFO] [1774356622.551315499] [rtabmap]: rtabmap (459): Rate=1.00s, Limit=0.000s, Conversion=0.0004s, RTAB-Map=0.1297s, Maps update=0.0007s pub=0.0056s delay=0.2982s (local map=105, WM=105)
[INFO] [1774356623.562243972] [rtabmap]: rtabmap (460): Rate=1.00s, Limit=0.000s, Conversion=0.0005s, RTAB-Map=0.1338s, Maps update=0.0008s pub=0.0069s delay=0.3083s (local map=105, WM=105)
[INFO] [1774356624.685127511] [rtabmap]: rtabmap (461): Rate=1.00s, Limit=0.000s, Conversion=0.0005s, RTAB-Map=0.1396s, Maps update=0.0008s pub=0.0080s delay=0.3312s (local map=105, WM=105)
[INFO] [1774356625.656137444] [rtabmap]: rtabmap (462): Rate=1.00s, Limit=0.000s, Conversion=0.0003s, RTAB-Map=0.1311s, Maps update=0.0007s pub=0.0058s delay=0.3021s (local map=105, WM=105)
[INFO] [1774356626.761181881] [rtabmap]: rtabmap (463): Rate=1.00s, Limit=0.000s, Conversion=0.0005s, RTAB-Map=0.1308s, Maps update=0.0007s pub=0.0080s delay=0.3081s (local map=105, WM=105)
[INFO] [1774356627.760940631] [rtabmap]: rtabmap (464): Rate=1.00s, Limit=0.000s, Conversion=0.0006s, RTAB-Map=0.1301s, Maps update=0.0007s pub=0.0062s delay=0.3068s (local map=105, WM=105)
[INFO] [1774356628.845652121] [rtabmap]: rtabmap (465): Rate=1.00s, Limit=0.000s, Conversion=0.0004s, RTAB-Map=0.1235s, Maps update=0.0007s pub=0.0055s delay=0.2926s (local map=105, WM=105)
[INFO] [1774356629.849273338] [rtabmap]: rtabmap (466): Rate=1.00s, Limit=0.000s, Conversion=0.0006s, RTAB-Map=0.1284s, Maps update=0.0007s pub=0.0045s delay=0.2951s (local map=105, WM=105)
[INFO] [1774356630.956544955] [rtabmap]: rtabmap (467): Rate=1.00s, Limit=0.000s, Conversion=0.0005s, RTAB-Map=0.1299s, Maps update=0.0007s pub=0.0049s delay=0.3034s (local map=105, WM=105)
[INFO] [1774356631.960914261] [rtabmap]: rtabmap (468): Rate=1.00s, Limit=0.000s, Conversion=0.0004s, RTAB-Map=0.1316s, Maps update=0.0007s pub=0.0077s delay=0.3067s (local map=105, WM=105)
[INFO] [1774356633.055624907] [rtabmap]: rtabmap (469): Rate=1.00s, Limit=0.000s, Conversion=0.0005s, RTAB-Map=0.1264s, Maps update=0.0007s pub=0.0053s delay=0.3014s (local map=105, WM=105)
[INFO] [1774356634.159687231] [rtabmap]: rtabmap (470): Rate=1.00s, Limit=0.000s, Conversion=0.0004s, RTAB-Map=0.1360s, Maps update=0.0007s pub=0.0080s delay=0.3055s (local map=105, WM=105)
[INFO] [1774356635.254817827] [rtabmap]: rtabmap (471): Rate=1.00s, Limit=0.000s, Conversion=0.0003s, RTAB-Map=0.1266s, Maps update=0.0007s pub=0.0055s delay=0.3007s (local map=105, WM=105)
[INFO] [1774356636.262164675] [rtabmap]: rtabmap (472): Rate=1.00s, Limit=0.000s, Conversion=0.0008s, RTAB-Map=0.1306s, Maps update=0.0009s pub=0.0049s delay=0.3080s (local map=105, WM=105)
[INFO] [1774356637.366267672] [rtabmap]: rtabmap (473): Rate=1.00s, Limit=0.000s, Conversion=0.0004s, RTAB-Map=0.1343s, Maps update=0.0007s pub=0.0095s delay=0.3122s (local map=105, WM=105)
[INFO] [1774356638.356077380] [rtabmap]: rtabmap (474): Rate=1.00s, Limit=0.000s, Conversion=0.0005s, RTAB-Map=0.1227s, Maps update=0.0007s pub=0.0073s delay=0.3019s (local map=105, WM=105)
[INFO] [1774356639.362833999] [rtabmap]: rtabmap (475): Rate=1.00s, Limit=0.000s, Conversion=0.0005s, RTAB-Map=0.1409s, Maps update=0.0008s pub=0.0055s delay=0.3086s (local map=105, WM=105)
[INFO] [1774356640.354350549] [rtabmap]: rtabmap (476): Rate=1.00s, Limit=0.000s, Conversion=0.0004s, RTAB-Map=0.1226s, Maps update=0.0007s pub=0.0054s delay=0.3000s (local map=105, WM=105)
[INFO] [1774356641.455682412] [rtabmap]: rtabmap (477): Rate=1.00s, Limit=0.000s, Conversion=0.0003s, RTAB-Map=0.1299s, Maps update=0.0007s pub=0.0046s delay=0.3017s (local map=105, WM=105)
[INFO] [1774356642.569933562] [rtabmap]: rtabmap (478): Rate=1.00s, Limit=0.000s, Conversion=0.0005s, RTAB-Map=0.1377s, Maps update=0.0007s pub=0.0051s delay=0.3167s (local map=105, WM=105)
[INFO] [1774356643.553625846] [rtabmap]: rtabmap (479): Rate=1.00s, Limit=0.000s, Conversion=0.0004s, RTAB-Map=0.1240s, Maps update=0.0007s pub=0.0053s delay=0.2994s (local map=105, WM=105)
[INFO] [1774356644.672815819] [rtabmap]: rtabmap (480): Rate=1.00s, Limit=0.000s, Conversion=0.0005s, RTAB-Map=0.1452s, Maps update=0.0009s pub=0.0070s delay=0.3189s (local map=105, WM=105)
[INFO] [1774356645.666239954] [rtabmap]: rtabmap (481): Rate=1.00s, Limit=0.000s, Conversion=0.0004s, RTAB-Map=0.1363s, Maps update=0.0007s pub=0.0075s delay=0.3122s (local map=105, WM=105)
[INFO] [1774356646.660865953] [rtabmap]: rtabmap (482): Rate=1.00s, Limit=0.000s, Conversion=0.0004s, RTAB-Map=0.1308s, Maps update=0.0007s pub=0.0073s delay=0.3067s (local map=105, WM=105)
[INFO] [1774356647.769338059] [rtabmap]: rtabmap (483): Rate=1.00s, Limit=0.000s, Conversion=0.0005s, RTAB-Map=0.1243s, Maps update=0.0007s pub=0.0138s delay=0.3152s (local map=105, WM=105)
[INFO] [1774356648.867905828] [rtabmap]: rtabmap (484): Rate=1.00s, Limit=0.000s, Conversion=0.0005s, RTAB-Map=0.1346s, Maps update=0.0009s pub=0.0117s delay=0.3146s (local map=105, WM=105)
[INFO] [1774356649.855620169] [rtabmap]: rtabmap (485): Rate=1.00s, Limit=0.000s, Conversion=0.0008s, RTAB-Map=0.1284s, Maps update=0.0017s pub=0.0054s delay=0.3016s (local map=105, WM=105)
[INFO] [1774356650.971711285] [rtabmap]: rtabmap (486): Rate=1.00s, Limit=0.000s, Conversion=0.0003s, RTAB-Map=0.1431s, Maps update=0.0012s pub=0.0061s delay=0.3186s (local map=105, WM=105)
[INFO] [1774356651.968902587] [rtabmap]: rtabmap (487): Rate=1.00s, Limit=0.000s, Conversion=0.0005s, RTAB-Map=0.1326s, Maps update=0.0007s pub=0.0112s delay=0.3148s (local map=105, WM=105)
[INFO] [1774356653.057709865] [rtabmap]: rtabmap (488): Rate=1.00s, Limit=0.000s, Conversion=0.0005s, RTAB-Map=0.1274s, Maps update=0.0007s pub=0.0067s delay=0.3043s (local map=105, WM=105)
[INFO] [1774356654.060011677] [rtabmap]: rtabmap (489): Rate=1.00s, Limit=0.000s, Conversion=0.0005s, RTAB-Map=0.1253s, Maps update=0.0007s pub=0.0076s delay=0.3059s (local map=105, WM=105)
[INFO] [1774356655.173809851] [rtabmap]: rtabmap (490): Rate=1.00s, Limit=0.000s, Conversion=0.0003s, RTAB-Map=0.1446s, Maps update=0.0009s pub=0.0078s delay=0.3197s (local map=105, WM=105)
[INFO] [1774356656.267549169] [rtabmap]: rtabmap (491): Rate=1.00s, Limit=0.000s, Conversion=0.0004s, RTAB-Map=0.1279s, Maps update=0.0008s pub=0.0099s delay=0.3135s (local map=105, WM=105)
[INFO] [1774356657.267576919] [rtabmap]: rtabmap (492): Rate=1.00s, Limit=0.000s, Conversion=0.0004s, RTAB-Map=0.1335s, Maps update=0.0007s pub=0.0067s delay=0.3133s (local map=105, WM=105)
[INFO] [1774356658.367277111] [rtabmap]: rtabmap (493): Rate=1.00s, Limit=0.000s, Conversion=0.0004s, RTAB-Map=0.1415s, Maps update=0.0008s pub=0.0059s delay=0.3141s (local map=105, WM=105)
[INFO] [1774356659.356267207] [rtabmap]: rtabmap (494): Rate=1.00s, Limit=0.000s, Conversion=0.0005s, RTAB-Map=0.1326s, Maps update=0.0007s pub=0.0055s delay=0.3021s (local map=105, WM=105)
[INFO] [1774356660.367397031] [rtabmap]: rtabmap (495): Rate=1.00s, Limit=0.000s, Conversion=0.0003s, RTAB-Map=0.1329s, Maps update=0.0007s pub=0.0054s delay=0.3131s (local map=105, WM=105)
[INFO] [1774356661.458996563] [rtabmap]: rtabmap (496): Rate=1.00s, Limit=0.000s, Conversion=0.0004s, RTAB-Map=0.1292s, Maps update=0.0007s pub=0.0066s delay=0.3048s (local map=105, WM=105)
[INFO] [1774356662.466992585] [rtabmap]: rtabmap (497): Rate=1.00s, Limit=0.000s, Conversion=0.0005s, RTAB-Map=0.1373s, Maps update=0.0007s pub=0.0052s delay=0.3128s (local map=105, WM=105)
[INFO] [1774356663.568285246] [rtabmap]: rtabmap (498): Rate=1.00s, Limit=0.000s, Conversion=0.0005s, RTAB-Map=0.1323s, Maps update=0.0010s pub=0.0108s delay=0.3140s (local map=105, WM=105)
[INFO] [1774356664.670814974] [rtabmap]: rtabmap (499): Rate=1.00s, Limit=0.000s, Conversion=0.0005s, RTAB-Map=0.1406s, Maps update=0.0007s pub=0.0052s delay=0.3174s (local map=105, WM=105)
[INFO] [1774356665.671185201] [rtabmap]: rtabmap (500): Rate=1.00s, Limit=0.000s, Conversion=0.0003s, RTAB-Map=0.1345s, Maps update=0.0009s pub=0.0058s delay=0.3170s (local map=105, WM=105)
[INFO] [1774356666.755595177] [rtabmap]: rtabmap (501): Rate=1.00s, Limit=0.000s, Conversion=0.0004s, RTAB-Map=0.1336s, Maps update=0.0007s pub=0.0072s delay=0.3014s (local map=105, WM=105)
[INFO] [1774356667.868178238] [rtabmap]: rtabmap (502): Rate=1.00s, Limit=0.000s, Conversion=0.0004s, RTAB-Map=0.1398s, Maps update=0.0007s pub=0.0079s delay=0.3149s (local map=105, WM=105)
[INFO] [1774356668.854098150] [rtabmap]: rtabmap (503): Rate=1.00s, Limit=0.000s, Conversion=0.0005s, RTAB-Map=0.1264s, Maps update=0.0007s pub=0.0050s delay=0.3007s (local map=105, WM=105)
[INFO] [1774356669.856245205] [rtabmap]: rtabmap (504): Rate=1.00s, Limit=0.000s, Conversion=0.0004s, RTAB-Map=0.1288s, Maps update=0.0007s pub=0.0049s delay=0.3020s (local map=105, WM=105)
[INFO] [1774356670.956088473] [rtabmap]: rtabmap (505): Rate=1.00s, Limit=0.000s, Conversion=0.0005s, RTAB-Map=0.1289s, Maps update=0.0007s pub=0.0049s delay=0.3028s (local map=105, WM=105)
[INFO] [1774356671.960980069] [rtabmap]: rtabmap (506): Rate=1.00s, Limit=0.000s, Conversion=0.0003s, RTAB-Map=0.1254s, Maps update=0.0007s pub=0.0079s delay=0.3076s (local map=105, WM=105)
[INFO] [1774356672.948671945] [rtabmap]: rtabmap (507): Rate=1.00s, Limit=0.000s, Conversion=0.0005s, RTAB-Map=0.1235s, Maps update=0.0007s pub=0.0049s delay=0.2944s (local map=105, WM=105)
[INFO] [1774356674.050475248] [rtabmap]: rtabmap (508): Rate=1.00s, Limit=0.000s, Conversion=0.0003s, RTAB-Map=0.1280s, Maps update=0.0007s pub=0.0047s delay=0.2971s (local map=105, WM=105)
[INFO] [1774356675.056813261] [rtabmap]: rtabmap (509): Rate=1.00s, Limit=0.000s, Conversion=0.0005s, RTAB-Map=0.1308s, Maps update=0.0007s pub=0.0048s delay=0.3034s (local map=105, WM=105)
[INFO] [1774356676.160637881] [rtabmap]: rtabmap (510): Rate=1.00s, Limit=0.000s, Conversion=0.0004s, RTAB-Map=0.1303s, Maps update=0.0007s pub=0.0060s delay=0.3076s (local map=105, WM=105)
[INFO] [1774356677.270662967] [rtabmap]: rtabmap (511): Rate=1.00s, Limit=0.000s, Conversion=0.0005s, RTAB-Map=0.1463s, Maps update=0.0007s pub=0.0055s delay=0.3165s (local map=105, WM=105)
[INFO] [1774356678.263426631] [rtabmap]: rtabmap (512): Rate=1.00s, Limit=0.000s, Conversion=0.0004s, RTAB-Map=0.1346s, Maps update=0.0009s pub=0.0075s delay=0.3092s (local map=105, WM=105)
[INFO] [1774356679.370270681] [rtabmap]: rtabmap (513): Rate=1.00s, Limit=0.000s, Conversion=0.0003s, RTAB-Map=0.1451s, Maps update=0.0009s pub=0.0092s delay=0.3173s (local map=105, WM=105)
[INFO] [1774356680.360155368] [rtabmap]: rtabmap (514): Rate=1.00s, Limit=0.000s, Conversion=0.0006s, RTAB-Map=0.1328s, Maps update=0.0007s pub=0.0071s delay=0.3069s (local map=105, WM=105)
[INFO] [1774356681.358595897] [rtabmap]: rtabmap (515): Rate=1.00s, Limit=0.000s, Conversion=0.0006s, RTAB-Map=0.1294s, Maps update=0.0007s pub=0.0056s delay=0.3052s (local map=105, WM=105)
[INFO] [1774356682.368446413] [rtabmap]: rtabmap (516): Rate=1.00s, Limit=0.000s, Conversion=0.0005s, RTAB-Map=0.1354s, Maps update=0.0007s pub=0.0057s delay=0.3149s (local map=105, WM=105)
[INFO] [1774356683.362145949] [rtabmap]: rtabmap (517): Rate=1.00s, Limit=0.000s, Conversion=0.0003s, RTAB-Map=0.1260s, Maps update=0.0007s pub=0.0127s delay=0.3078s (local map=105, WM=105)
[INFO] [1774356684.458387879] [rtabmap]: rtabmap (518): Rate=1.00s, Limit=0.000s, Conversion=0.0003s, RTAB-Map=0.1336s, Maps update=0.0008s pub=0.0072s delay=0.3054s (local map=105, WM=105)
[INFO] [1774356685.467688969] [rtabmap]: rtabmap (519): Rate=1.00s, Limit=0.000s, Conversion=0.0005s, RTAB-Map=0.1392s, Maps update=0.0007s pub=0.0056s delay=0.3143s (local map=105, WM=105)
[INFO] [1774356686.455685559] [rtabmap]: rtabmap (520): Rate=1.00s, Limit=0.000s, Conversion=0.0003s, RTAB-Map=0.1289s, Maps update=0.0007s pub=0.0055s delay=0.3022s (local map=105, WM=105)
[INFO] [1774356687.462501445] [rtabmap]: rtabmap (521): Rate=1.00s, Limit=0.000s, Conversion=0.0005s, RTAB-Map=0.1328s, Maps update=0.0007s pub=0.0053s delay=0.3089s (local map=105, WM=105)
[INFO] [1774356688.557170810] [rtabmap]: rtabmap (522): Rate=1.00s, Limit=0.000s, Conversion=0.0004s, RTAB-Map=0.1334s, Maps update=0.0007s pub=0.0062s delay=0.3037s (local map=105, WM=105)
[INFO] [1774356689.670546473] [rtabmap]: rtabmap (523): Rate=1.00s, Limit=0.000s, Conversion=0.0004s, RTAB-Map=0.1381s, Maps update=0.0008s pub=0.0058s delay=0.3172s (local map=105, WM=105)
[INFO] [1774356690.759984365] [rtabmap]: rtabmap (524): Rate=1.00s, Limit=0.000s, Conversion=0.0004s, RTAB-Map=0.1311s, Maps update=0.0007s pub=0.0071s delay=0.3064s (local map=105, WM=105)
[INFO] [1774356691.850936419] [rtabmap]: rtabmap (525): Rate=1.00s, Limit=0.000s, Conversion=0.0003s, RTAB-Map=0.1274s, Maps update=0.0007s pub=0.0061s delay=0.2976s (local map=105, WM=105)
[INFO] [1774356692.856814129] [rtabmap]: rtabmap (526): Rate=1.00s, Limit=0.000s, Conversion=0.0004s, RTAB-Map=0.1285s, Maps update=0.0007s pub=0.0054s delay=0.3034s (local map=105, WM=105)
[INFO] [1774356693.860780413] [rtabmap]: rtabmap (527): Rate=1.00s, Limit=0.000s, Conversion=0.0003s, RTAB-Map=0.1297s, Maps update=0.0007s pub=0.0075s delay=0.3073s (local map=105, WM=105)
[INFO] [1774356694.961510432] [rtabmap]: rtabmap (528): Rate=1.00s, Limit=0.000s, Conversion=0.0003s, RTAB-Map=0.1277s, Maps update=0.0007s pub=0.0078s delay=0.3085s (local map=105, WM=105)
[INFO] [1774356695.959839917] [rtabmap]: rtabmap (529): Rate=1.00s, Limit=0.000s, Conversion=0.0005s, RTAB-Map=0.1311s, Maps update=0.0007s pub=0.0062s delay=0.3065s (local map=105, WM=105)
[INFO] [1774356696.955722439] [rtabmap]: rtabmap (530): Rate=1.00s, Limit=0.000s, Conversion=0.0005s, RTAB-Map=0.1276s, Maps update=0.0007s pub=0.0043s delay=0.3023s (local map=105, WM=105)
[INFO] [1774356698.057184514] [rtabmap]: rtabmap (531): Rate=1.00s, Limit=0.000s, Conversion=0.0005s, RTAB-Map=0.1331s, Maps update=0.0009s pub=0.0059s delay=0.3038s (local map=105, WM=105)
[INFO] [1774356699.055016895] [rtabmap]: rtabmap (532): Rate=1.00s, Limit=0.000s, Conversion=0.0005s, RTAB-Map=0.1273s, Maps update=0.0007s pub=0.0060s delay=0.3015s (local map=105, WM=105)
[INFO] [1774356700.177443522] [rtabmap]: rtabmap (533): Rate=1.00s, Limit=0.000s, Conversion=0.0006s, RTAB-Map=0.1382s, Maps update=0.0007s pub=0.0067s delay=0.3240s (local map=105, WM=105)
[INFO] [1774356701.251788709] [rtabmap]: rtabmap (534): Rate=1.00s, Limit=0.000s, Conversion=0.0005s, RTAB-Map=0.1262s, Maps update=0.0007s pub=0.0049s delay=0.2988s (local map=105, WM=105)
[INFO] [1774356702.260443344] [rtabmap]: rtabmap (535): Rate=1.00s, Limit=0.000s, Conversion=0.0005s, RTAB-Map=0.1359s, Maps update=0.0007s pub=0.0054s delay=0.3075s (local map=105, WM=105)
[INFO] [1774356703.262838728] [rtabmap]: rtabmap (536): Rate=1.00s, Limit=0.000s, Conversion=0.0005s, RTAB-Map=0.1369s, Maps update=0.0007s pub=0.0050s delay=0.3095s (local map=105, WM=105)
[INFO] [1774356704.367674038] [rtabmap]: rtabmap (537): Rate=1.00s, Limit=0.000s, Conversion=0.0006s, RTAB-Map=0.1392s, Maps update=0.0013s pub=0.0082s delay=0.3147s (local map=105, WM=105)
[INFO] [1774356705.357566724] [rtabmap]: rtabmap (538): Rate=1.00s, Limit=0.000s, Conversion=0.0005s, RTAB-Map=0.1359s, Maps update=0.0007s pub=0.0058s delay=0.3044s (local map=105, WM=105)
[INFO] [1774356706.475017087] [rtabmap]: rtabmap (539): Rate=1.00s, Limit=0.000s, Conversion=0.0004s, RTAB-Map=0.1324s, Maps update=0.0007s pub=0.0060s delay=0.3219s (local map=105, WM=105)
[INFO] [1774356707.561493565] [rtabmap]: rtabmap (540): Rate=1.00s, Limit=0.000s, Conversion=0.0006s, RTAB-Map=0.1375s, Maps update=0.0008s pub=0.0070s delay=0.3084s (local map=105, WM=105)
[INFO] [1774356708.668273997] [rtabmap]: rtabmap (541): Rate=1.00s, Limit=0.000s, Conversion=0.0004s, RTAB-Map=0.1435s, Maps update=0.0009s pub=0.0075s delay=0.3148s (local map=105, WM=105)
[INFO] [1774356709.768736647] [rtabmap]: rtabmap (542): Rate=1.00s, Limit=0.000s, Conversion=0.0003s, RTAB-Map=0.1338s, Maps update=0.0007s pub=0.0061s delay=0.3158s (local map=105, WM=105)
[INFO] [1774356710.760994822] [rtabmap]: rtabmap (543): Rate=1.00s, Limit=0.000s, Conversion=0.0003s, RTAB-Map=0.1405s, Maps update=0.0009s pub=0.0067s delay=0.3074s (local map=105, WM=105)
[INFO] [1774356711.853810043] [rtabmap]: rtabmap (544): Rate=1.00s, Limit=0.000s, Conversion=0.0005s, RTAB-Map=0.1254s, Maps update=0.0007s pub=0.0048s delay=0.3008s (local map=105, WM=105)
[INFO] [1774356712.860153561] [rtabmap]: rtabmap (545): Rate=1.00s, Limit=0.000s, Conversion=0.0003s, RTAB-Map=0.1261s, Maps update=0.0007s pub=0.0079s delay=0.3070s (local map=105, WM=105)
[INFO] [1774356713.955496804] [rtabmap]: rtabmap (546): Rate=1.00s, Limit=0.000s, Conversion=0.0003s, RTAB-Map=0.1275s, Maps update=0.0007s pub=0.0045s delay=0.3018s (local map=105, WM=105)
[INFO] [1774356715.063508158] [rtabmap]: rtabmap (547): Rate=1.00s, Limit=0.000s, Conversion=0.0004s, RTAB-Map=0.1357s, Maps update=0.0007s pub=0.0075s delay=0.3103s (local map=105, WM=105)
[INFO] [1774356716.055327022] [rtabmap]: rtabmap (548): Rate=1.00s, Limit=0.000s, Conversion=0.0004s, RTAB-Map=0.1256s, Maps update=0.0007s pub=0.0042s delay=0.3018s (local map=105, WM=105)
[INFO] [1774356717.161867222] [rtabmap]: rtabmap (549): Rate=1.00s, Limit=0.000s, Conversion=0.0006s, RTAB-Map=0.1318s, Maps update=0.0008s pub=0.0057s delay=0.3088s (local map=105, WM=105)
[INFO] [1774356718.258724917] [rtabmap]: rtabmap (550): Rate=1.00s, Limit=0.000s, Conversion=0.0004s, RTAB-Map=0.1281s, Maps update=0.0007s pub=0.0053s delay=0.3056s (local map=105, WM=105)
[INFO] [1774356719.277558939] [rtabmap]: rtabmap (551): Rate=1.00s, Limit=0.000s, Conversion=0.0006s, RTAB-Map=0.1388s, Maps update=0.0008s pub=0.0052s delay=0.3244s (local map=105, WM=105)
[INFO] [1774356720.363232414] [rtabmap]: rtabmap (552): Rate=1.00s, Limit=0.000s, Conversion=0.0004s, RTAB-Map=0.1316s, Maps update=0.0007s pub=0.0057s delay=0.3103s (local map=105, WM=105)
[INFO] [1774356721.366882752] [rtabmap]: rtabmap (553): Rate=1.00s, Limit=0.000s, Conversion=0.0004s, RTAB-Map=0.1323s, Maps update=0.0007s pub=0.0064s delay=0.3138s (local map=105, WM=105)
[INFO] [1774356722.475707733] [rtabmap]: rtabmap (554): Rate=1.00s, Limit=0.000s, Conversion=0.0006s, RTAB-Map=0.1405s, Maps update=0.0010s pub=0.0075s delay=0.3226s (local map=105, WM=105)
[INFO] [1774356723.553016540] [rtabmap]: rtabmap (555): Rate=1.00s, Limit=0.000s, Conversion=0.0003s, RTAB-Map=0.1276s, Maps update=0.0007s pub=0.0042s delay=0.2999s (local map=105, WM=105)
[INFO] [1774356724.659728842] [rtabmap]: rtabmap (556): Rate=1.00s, Limit=0.000s, Conversion=0.0004s, RTAB-Map=0.1336s, Maps update=0.0007s pub=0.0077s delay=0.3067s (local map=105, WM=105)
[INFO] [1774356725.658275775] [rtabmap]: rtabmap (557): Rate=1.00s, Limit=0.000s, Conversion=0.0004s, RTAB-Map=0.1289s, Maps update=0.0007s pub=0.0066s delay=0.3052s (local map=105, WM=105)
[INFO] [1774356726.760443570] [rtabmap]: rtabmap (558): Rate=1.00s, Limit=0.000s, Conversion=0.0005s, RTAB-Map=0.1299s, Maps update=0.0009s pub=0.0073s delay=0.3074s (local map=105, WM=105)
[INFO] [1774356727.866351876] [rtabmap]: rtabmap (559): Rate=1.00s, Limit=0.000s, Conversion=0.0003s, RTAB-Map=0.1275s, Maps update=0.0007s pub=0.0067s delay=0.3133s (local map=105, WM=105)
[INFO] [1774356728.965946272] [rtabmap]: rtabmap (560): Rate=1.00s, Limit=0.000s, Conversion=0.0004s, RTAB-Map=0.1340s, Maps update=0.0012s pub=0.0074s delay=0.3129s (local map=105, WM=105)
[INFO] [1774356729.966758274] [rtabmap]: rtabmap (561): Rate=1.00s, Limit=0.000s, Conversion=0.0005s, RTAB-Map=0.1346s, Maps update=0.0007s pub=0.0089s delay=0.3132s (local map=105, WM=105)
[INFO] [1774356731.065165621] [rtabmap]: rtabmap (562): Rate=1.00s, Limit=0.000s, Conversion=0.0004s, RTAB-Map=0.1335s, Maps update=0.0013s pub=0.0074s delay=0.3123s (local map=105, WM=105)
[INFO] [1774356732.064176410] [rtabmap]: rtabmap (563): Rate=1.00s, Limit=0.000s, Conversion=0.0004s, RTAB-Map=0.1295s, Maps update=0.0007s pub=0.0075s delay=0.3111s (local map=105, WM=105)
[INFO] [1774356733.160511239] [rtabmap]: rtabmap (564): Rate=1.00s, Limit=0.000s, Conversion=0.0004s, RTAB-Map=0.1307s, Maps update=0.0007s pub=0.0076s delay=0.3075s (local map=105, WM=105)
[INFO] [1774356734.266985549] [rtabmap]: rtabmap (565): Rate=1.00s, Limit=0.000s, Conversion=0.0005s, RTAB-Map=0.1339s, Maps update=0.0008s pub=0.0080s delay=0.3140s (local map=105, WM=105)
[INFO] [1774356735.281859212] [rtabmap]: rtabmap (566): Rate=1.00s, Limit=0.000s, Conversion=0.0003s, RTAB-Map=0.1417s, Maps update=0.0009s pub=0.0091s delay=0.3287s (local map=105, WM=105)
[INFO] [1774356736.245329049] [rtabmap]: rtabmap (567): Rate=1.00s, Limit=0.000s, Conversion=0.0005s, RTAB-Map=0.1233s, Maps update=0.0007s pub=0.0049s delay=0.2917s (local map=105, WM=105)
[INFO] [1774356737.349568467] [rtabmap]: rtabmap (568): Rate=1.00s, Limit=0.000s, Conversion=0.0005s, RTAB-Map=0.1241s, Maps update=0.0007s pub=0.0051s delay=0.2966s (local map=105, WM=105)
[INFO] [1774356738.365731966] [rtabmap]: rtabmap (569): Rate=1.00s, Limit=0.000s, Conversion=0.0005s, RTAB-Map=0.1350s, Maps update=0.0008s pub=0.0076s delay=0.3127s (local map=105, WM=105)
[INFO] [1774356739.363268016] [rtabmap]: rtabmap (570): Rate=1.00s, Limit=0.000s, Conversion=0.0003s, RTAB-Map=0.1311s, Maps update=0.0007s pub=0.0060s delay=0.3102s (local map=105, WM=105)
[INFO] [1774356740.461720229] [rtabmap]: rtabmap (571): Rate=1.00s, Limit=0.000s, Conversion=0.0005s, RTAB-Map=0.1333s, Maps update=0.0007s pub=0.0057s delay=0.3087s (local map=105, WM=105)
[INFO] [1774356741.452688762] [rtabmap]: rtabmap (572): Rate=1.00s, Limit=0.000s, Conversion=0.0004s, RTAB-Map=0.1297s, Maps update=0.0007s pub=0.0045s delay=0.2995s (local map=105, WM=105)
[INFO] [1774356742.567546694] [rtabmap]: rtabmap (573): Rate=1.00s, Limit=0.000s, Conversion=0.0006s, RTAB-Map=0.1358s, Maps update=0.0008s pub=0.0104s delay=0.3146s (local map=105, WM=105)
[INFO] [1774356743.561612773] [rtabmap]: rtabmap (574): Rate=1.00s, Limit=0.000s, Conversion=0.0007s, RTAB-Map=0.1371s, Maps update=0.0007s pub=0.0059s delay=0.3085s (local map=105, WM=105)
[INFO] [1774356744.566861936] [rtabmap]: rtabmap (575): Rate=1.00s, Limit=0.000s, Conversion=0.0007s, RTAB-Map=0.1321s, Maps update=0.0015s pub=0.0080s delay=0.3137s (local map=105, WM=105)
[INFO] [1774356745.662377824] [rtabmap]: rtabmap (576): Rate=1.00s, Limit=0.000s, Conversion=0.0003s, RTAB-Map=0.1292s, Maps update=0.0008s pub=0.0055s delay=0.3093s (local map=105, WM=105)
[INFO] [1774356746.672625657] [rtabmap]: rtabmap (577): Rate=1.00s, Limit=0.000s, Conversion=0.0004s, RTAB-Map=0.1342s, Maps update=0.0008s pub=0.0127s delay=0.3195s (local map=105, WM=105)
[INFO] [1774356747.664101645] [rtabmap]: rtabmap (578): Rate=1.00s, Limit=0.000s, Conversion=0.0004s, RTAB-Map=0.1279s, Maps update=0.0008s pub=0.0043s delay=0.3109s (local map=105, WM=105)
[INFO] [1774356748.666378558] [rtabmap]: rtabmap (579): Rate=1.00s, Limit=0.000s, Conversion=0.0005s, RTAB-Map=0.1332s, Maps update=0.0007s pub=0.0096s delay=0.3132s (local map=105, WM=105)
[INFO] [1774356749.778779109] [rtabmap]: rtabmap (580): Rate=1.00s, Limit=0.000s, Conversion=0.0005s, RTAB-Map=0.1465s, Maps update=0.0010s pub=0.0071s delay=0.3256s (local map=105, WM=105)
[INFO] [1774356750.860735814] [rtabmap]: rtabmap (581): Rate=1.00s, Limit=0.000s, Conversion=0.0004s, RTAB-Map=0.1307s, Maps update=0.0007s pub=0.0080s delay=0.3076s (local map=105, WM=105)
[INFO] [1774356751.868723554] [rtabmap]: rtabmap (582): Rate=1.00s, Limit=0.000s, Conversion=0.0003s, RTAB-Map=0.1361s, Maps update=0.0010s pub=0.0080s delay=0.3156s (local map=105, WM=105)
[INFO] [1774356752.869076324] [rtabmap]: rtabmap (583): Rate=1.00s, Limit=0.000s, Conversion=0.0005s, RTAB-Map=0.1355s, Maps update=0.0007s pub=0.0074s delay=0.3158s (local map=105, WM=105)
[INFO] [1774356753.965023942] [rtabmap]: rtabmap (584): Rate=1.00s, Limit=0.000s, Conversion=0.0008s, RTAB-Map=0.1346s, Maps update=0.0008s pub=0.0078s delay=0.3119s (local map=105, WM=105)
[INFO] [1774356754.961891192] [rtabmap]: rtabmap (585): Rate=1.00s, Limit=0.000s, Conversion=0.0005s, RTAB-Map=0.1249s, Maps update=0.0007s pub=0.0062s delay=0.3087s (local map=105, WM=105)
[INFO] [1774356756.064207168] [rtabmap]: rtabmap (586): Rate=1.00s, Limit=0.000s, Conversion=0.0003s, RTAB-Map=0.1318s, Maps update=0.0008s pub=0.0079s delay=0.3109s (local map=105, WM=105)
[INFO] [1774356757.166914999] [rtabmap]: rtabmap (587): Rate=1.00s, Limit=0.000s, Conversion=0.0004s, RTAB-Map=0.1308s, Maps update=0.0013s pub=0.0088s delay=0.3137s (local map=105, WM=105)
[INFO] [1774356758.150742417] [rtabmap]: rtabmap (588): Rate=1.00s, Limit=0.000s, Conversion=0.0003s, RTAB-Map=0.1281s, Maps update=0.0007s pub=0.0048s delay=0.2974s (local map=105, WM=105)
[INFO] [1774356759.258151722] [rtabmap]: rtabmap (589): Rate=1.00s, Limit=0.000s, Conversion=0.0003s, RTAB-Map=0.1342s, Maps update=0.0007s pub=0.0060s delay=0.3049s (local map=105, WM=105)
[INFO] [1774356760.258533453] [rtabmap]: rtabmap (590): Rate=1.00s, Limit=0.000s, Conversion=0.0005s, RTAB-Map=0.1336s, Maps update=0.0007s pub=0.0059s delay=0.3052s (local map=105, WM=105)
[INFO] [1774356761.359176816] [rtabmap]: rtabmap (591): Rate=1.00s, Limit=0.000s, Conversion=0.0003s, RTAB-Map=0.1279s, Maps update=0.0007s pub=0.0068s delay=0.3058s (local map=105, WM=105)
[INFO] [1774356762.454373395] [rtabmap]: rtabmap (592): Rate=1.00s, Limit=0.000s, Conversion=0.0005s, RTAB-Map=0.1246s, Maps update=0.0007s pub=0.0051s delay=0.3011s (local map=105, WM=105)
[INFO] [1774356763.482707572] [rtabmap]: rtabmap (593): Rate=1.00s, Limit=0.000s, Conversion=0.0004s, RTAB-Map=0.1400s, Maps update=0.0009s pub=0.0078s delay=0.3294s (local map=105, WM=105)
[INFO] [1774356764.457654944] [rtabmap]: rtabmap (594): Rate=1.00s, Limit=0.000s, Conversion=0.0005s, RTAB-Map=0.1255s, Maps update=0.0007s pub=0.0062s delay=0.3042s (local map=105, WM=105)
[INFO] [1774356765.467391012] [rtabmap]: rtabmap (595): Rate=1.00s, Limit=0.000s, Conversion=0.0003s, RTAB-Map=0.1335s, Maps update=0.0014s pub=0.0088s delay=0.3133s (local map=105, WM=105)
[INFO] [1774356766.557228330] [rtabmap]: rtabmap (596): Rate=1.00s, Limit=0.000s, Conversion=0.0005s, RTAB-Map=0.1250s, Maps update=0.0007s pub=0.0055s delay=0.3038s (local map=105, WM=105)
[INFO] [1774356767.656875140] [rtabmap]: rtabmap (597): Rate=1.00s, Limit=0.000s, Conversion=0.0004s, RTAB-Map=0.1297s, Maps update=0.0007s pub=0.0054s delay=0.3036s (local map=105, WM=105)
[INFO] [1774356768.666570182] [rtabmap]: rtabmap (598): Rate=1.00s, Limit=0.000s, Conversion=0.0003s, RTAB-Map=0.1297s, Maps update=0.0007s pub=0.0083s delay=0.3132s (local map=105, WM=105)
[INFO] [1774356769.667341785] [rtabmap]: rtabmap (599): Rate=1.00s, Limit=0.000s, Conversion=0.0003s, RTAB-Map=0.1342s, Maps update=0.0009s pub=0.0078s delay=0.3139s (local map=105, WM=105)
[INFO] [1774356770.768425390] [rtabmap]: rtabmap (600): Rate=1.00s, Limit=0.000s, Conversion=0.0004s, RTAB-Map=0.1341s, Maps update=0.0009s pub=0.0113s delay=0.3150s (local map=105, WM=105)
[INFO] [1774356771.856352005] [rtabmap]: rtabmap (601): Rate=1.00s, Limit=0.000s, Conversion=0.0005s, RTAB-Map=0.1301s, Maps update=0.0007s pub=0.0047s delay=0.3030s (local map=105, WM=105)
[INFO] [1774356772.858974821] [rtabmap]: rtabmap (602): Rate=1.00s, Limit=0.000s, Conversion=0.0008s, RTAB-Map=0.1305s, Maps update=0.0007s pub=0.0049s delay=0.3055s (local map=105, WM=105)
[INFO] [1774356773.863273865] [rtabmap]: rtabmap (603): Rate=1.00s, Limit=0.000s, Conversion=0.0004s, RTAB-Map=0.1322s, Maps update=0.0009s pub=0.0081s delay=0.3098s (local map=105, WM=105)
[INFO] [1774356774.962269160] [rtabmap]: rtabmap (604): Rate=1.00s, Limit=0.000s, Conversion=0.0004s, RTAB-Map=0.1289s, Maps update=0.0007s pub=0.0092s delay=0.3086s (local map=105, WM=105)
[INFO] [1774356776.069372853] [rtabmap]: rtabmap (605): Rate=1.00s, Limit=0.000s, Conversion=0.0006s, RTAB-Map=0.1395s, Maps update=0.0007s pub=0.0067s delay=0.3160s (local map=105, WM=105)
[INFO] [1774356777.062804409] [rtabmap]: rtabmap (606): Rate=1.00s, Limit=0.000s, Conversion=0.0004s, RTAB-Map=0.1293s, Maps update=0.0008s pub=0.0050s delay=0.3093s (local map=105, WM=105)
[INFO] [1774356778.165066047] [rtabmap]: rtabmap (607): Rate=1.00s, Limit=0.000s, Conversion=0.0004s, RTAB-Map=0.1339s, Maps update=0.0009s pub=0.0107s delay=0.3115s (local map=105, WM=105)
[INFO] [1774356779.266971094] [rtabmap]: rtabmap (608): Rate=1.00s, Limit=0.000s, Conversion=0.0003s, RTAB-Map=0.1349s, Maps update=0.0007s pub=0.0060s delay=0.3133s (local map=105, WM=105)
[INFO] [1774356780.357198604] [rtabmap]: rtabmap (609): Rate=1.00s, Limit=0.000s, Conversion=0.0007s, RTAB-Map=0.1312s, Maps update=0.0007s pub=0.0053s delay=0.3037s (local map=105, WM=105)
[INFO] [1774356781.454164055] [rtabmap]: rtabmap (610): Rate=1.00s, Limit=0.000s, Conversion=0.0005s, RTAB-Map=0.1258s, Maps update=0.0007s pub=0.0049s delay=0.3006s (local map=105, WM=105)
[INFO] [1774356782.471105316] [rtabmap]: rtabmap (611): Rate=1.00s, Limit=0.000s, Conversion=0.0004s, RTAB-Map=0.1415s, Maps update=0.0007s pub=0.0063s delay=0.3175s (local map=105, WM=105)
[INFO] [1774356783.463743848] [rtabmap]: rtabmap (612): Rate=1.00s, Limit=0.000s, Conversion=0.0006s, RTAB-Map=0.1309s, Maps update=0.0008s pub=0.0046s delay=0.3101s (local map=105, WM=105)
[INFO] [1774356784.570001106] [rtabmap]: rtabmap (613): Rate=1.00s, Limit=0.000s, Conversion=0.0005s, RTAB-Map=0.1308s, Maps update=0.0007s pub=0.0076s delay=0.3163s (local map=105, WM=105)
[INFO] [1774356785.652834359] [rtabmap]: rtabmap (614): Rate=1.00s, Limit=0.000s, Conversion=0.0008s, RTAB-Map=0.1305s, Maps update=0.0007s pub=0.0055s delay=0.2993s (local map=105, WM=105)
[INFO] [1774356786.673389849] [rtabmap]: rtabmap (615): Rate=1.00s, Limit=0.000s, Conversion=0.0107s, RTAB-Map=0.1298s, Maps update=0.0007s pub=0.0045s delay=0.3198s (local map=105, WM=105)
[INFO] [1774356787.772666148] [rtabmap]: rtabmap (616): Rate=1.00s, Limit=0.000s, Conversion=0.0003s, RTAB-Map=0.1382s, Maps update=0.0010s pub=0.0075s delay=0.3191s (local map=105, WM=105)
[INFO] [1774356788.758949090] [rtabmap]: rtabmap (617): Rate=1.00s, Limit=0.000s, Conversion=0.0005s, RTAB-Map=0.1348s, Maps update=0.0007s pub=0.0060s delay=0.3053s (local map=105, WM=105)
[INFO] [1774356789.775622308] [rtabmap]: rtabmap (618): Rate=1.00s, Limit=0.000s, Conversion=0.0005s, RTAB-Map=0.1405s, Maps update=0.0009s pub=0.0070s delay=0.3219s (local map=105, WM=105)
[INFO] [1774356790.871865297] [rtabmap]: rtabmap (619): Rate=1.00s, Limit=0.000s, Conversion=0.0005s, RTAB-Map=0.1366s, Maps update=0.0008s pub=0.0052s delay=0.3184s (local map=105, WM=105)
[INFO] [1774356791.878756576] [rtabmap]: rtabmap (620): Rate=1.00s, Limit=0.000s, Conversion=0.0003s, RTAB-Map=0.1401s, Maps update=0.0008s pub=0.0065s delay=0.3250s (local map=105, WM=105)
[INFO] [1774356792.963022145] [rtabmap]: rtabmap (621): Rate=1.00s, Limit=0.000s, Conversion=0.0005s, RTAB-Map=0.1240s, Maps update=0.0008s pub=0.0078s delay=0.3092s (local map=105, WM=105)
[INFO] [1774356793.961092901] [rtabmap]: rtabmap (622): Rate=1.00s, Limit=0.000s, Conversion=0.0005s, RTAB-Map=0.1277s, Maps update=0.0007s pub=0.0068s delay=0.3073s (local map=105, WM=105)
[INFO] [1774356795.062845365] [rtabmap]: rtabmap (623): Rate=1.00s, Limit=0.000s, Conversion=0.0005s, RTAB-Map=0.1403s, Maps update=0.0007s pub=0.0056s delay=0.3089s (local map=105, WM=105)
[INFO] [1774356796.168494822] [rtabmap]: rtabmap (624): Rate=1.00s, Limit=0.000s, Conversion=0.0005s, RTAB-Map=0.1308s, Maps update=0.0007s pub=0.0138s delay=0.3146s (local map=105, WM=105)
[INFO] [1774356797.252157454] [rtabmap]: rtabmap (625): Rate=1.00s, Limit=0.000s, Conversion=0.0004s, RTAB-Map=0.1274s, Maps update=0.0007s pub=0.0055s delay=0.2984s (local map=105, WM=105)
[INFO] [1774356798.256373871] [rtabmap]: rtabmap (626): Rate=1.00s, Limit=0.000s, Conversion=0.0005s, RTAB-Map=0.1291s, Maps update=0.0007s pub=0.0056s delay=0.3025s (local map=105, WM=105)
[INFO] [1774356799.275098341] [rtabmap]: rtabmap (627): Rate=1.00s, Limit=0.000s, Conversion=0.0005s, RTAB-Map=0.1381s, Maps update=0.0014s pub=0.0074s delay=0.3212s (local map=105, WM=105)
[INFO] [1774356800.363699768] [rtabmap]: rtabmap (628): Rate=1.00s, Limit=0.000s, Conversion=0.0006s, RTAB-Map=0.1300s, Maps update=0.0007s pub=0.0060s delay=0.3100s (local map=105, WM=105)
[INFO] [1774356801.359097549] [rtabmap]: rtabmap (629): Rate=1.00s, Limit=0.000s, Conversion=0.0003s, RTAB-Map=0.1294s, Maps update=0.0007s pub=0.0053s delay=0.3052s (local map=105, WM=105)
[INFO] [1774356802.477018840] [rtabmap]: rtabmap (630): Rate=1.00s, Limit=0.000s, Conversion=0.0004s, RTAB-Map=0.1444s, Maps update=0.0007s pub=0.0072s delay=0.3231s (local map=105, WM=105)
[INFO] [1774356803.552886174] [rtabmap]: rtabmap (631): Rate=1.00s, Limit=0.000s, Conversion=0.0004s, RTAB-Map=0.1269s, Maps update=0.0007s pub=0.0052s delay=0.2992s (local map=105, WM=105)
[INFO] [1774356804.577935801] [rtabmap]: rtabmap (632): Rate=1.00s, Limit=0.000s, Conversion=0.0003s, RTAB-Map=0.1389s, Maps update=0.0010s pub=0.0073s delay=0.3241s (local map=105, WM=105)
[INFO] [1774356805.668980209] [rtabmap]: rtabmap (633): Rate=1.00s, Limit=0.000s, Conversion=0.0006s, RTAB-Map=0.1311s, Maps update=0.0010s pub=0.0079s delay=0.3152s (local map=105, WM=105)
[INFO] [1774356806.665054082] [rtabmap]: rtabmap (634): Rate=1.00s, Limit=0.000s, Conversion=0.0005s, RTAB-Map=0.1299s, Maps update=0.0007s pub=0.0116s delay=0.3111s (local map=105, WM=105)
[INFO] [1774356807.762809262] [rtabmap]: rtabmap (635): Rate=1.00s, Limit=0.000s, Conversion=0.0004s, RTAB-Map=0.1319s, Maps update=0.0009s pub=0.0070s delay=0.3089s (local map=105, WM=105)
[INFO] [1774356808.867996940] [rtabmap]: rtabmap (636): Rate=1.00s, Limit=0.000s, Conversion=0.0005s, RTAB-Map=0.1328s, Maps update=0.0008s pub=0.0099s delay=0.3141s (local map=105, WM=105)
[INFO] [1774356809.949764102] [rtabmap]: rtabmap (637): Rate=1.00s, Limit=0.000s, Conversion=0.0004s, RTAB-Map=0.1278s, Maps update=0.0007s pub=0.0051s delay=0.2959s (local map=105, WM=105)
[INFO] [1774356811.049476930] [rtabmap]: rtabmap (638): Rate=1.00s, Limit=0.000s, Conversion=0.0005s, RTAB-Map=0.1286s, Maps update=0.0007s pub=0.0049s delay=0.2965s (local map=105, WM=105)
[INFO] [1774356812.074493083] [rtabmap]: rtabmap (639): Rate=1.00s, Limit=0.000s, Conversion=0.0003s, RTAB-Map=0.1399s, Maps update=0.0009s pub=0.0068s delay=0.3206s (local map=105, WM=105)
[INFO] [1774356813.175574000] [rtabmap]: rtabmap (640): Rate=1.00s, Limit=0.000s, Conversion=0.0005s, RTAB-Map=0.1379s, Maps update=0.0007s pub=0.0078s delay=0.3226s (local map=105, WM=105)
[INFO] [1774356814.166339015] [rtabmap]: rtabmap (641): Rate=1.00s, Limit=0.000s, Conversion=0.0005s, RTAB-Map=0.1347s, Maps update=0.0008s pub=0.0085s delay=0.3124s (local map=105, WM=105)
[INFO] [1774356815.252653468] [rtabmap]: rtabmap (642): Rate=1.00s, Limit=0.000s, Conversion=0.0004s, RTAB-Map=0.1304s, Maps update=0.0007s pub=0.0042s delay=0.2988s (local map=105, WM=105)
[INFO] [1774356816.254292915] [rtabmap]: rtabmap (643): Rate=1.00s, Limit=0.000s, Conversion=0.0005s, RTAB-Map=0.1257s, Maps update=0.0007s pub=0.0045s delay=0.3002s (local map=105, WM=105)
[INFO] [1774356817.258979143] [rtabmap]: rtabmap (644): Rate=1.00s, Limit=0.000s, Conversion=0.0004s, RTAB-Map=0.1303s, Maps update=0.0007s pub=0.0059s delay=0.3049s (local map=105, WM=105)
[INFO] [1774356818.366336510] [rtabmap]: rtabmap (645): Rate=1.00s, Limit=0.000s, Conversion=0.0003s, RTAB-Map=0.1335s, Maps update=0.0008s pub=0.0085s delay=0.3122s (local map=105, WM=105)
[INFO] [1774356819.465607913] [rtabmap]: rtabmap (646): Rate=1.00s, Limit=0.000s, Conversion=0.0005s, RTAB-Map=0.1342s, Maps update=0.0007s pub=0.0067s delay=0.3117s (local map=105, WM=105)
[INFO] [1774356820.571075858] [rtabmap]: rtabmap (647): Rate=1.00s, Limit=0.000s, Conversion=0.0005s, RTAB-Map=0.1334s, Maps update=0.0008s pub=0.0112s delay=0.3179s (local map=105, WM=105)
[INFO] [1774356821.555987128] [rtabmap]: rtabmap (648): Rate=1.00s, Limit=0.000s, Conversion=0.0006s, RTAB-Map=0.1288s, Maps update=0.0007s pub=0.0056s delay=0.3021s (local map=105, WM=105)
[INFO] [1774356822.661646793] [rtabmap]: rtabmap (649): Rate=1.00s, Limit=0.000s, Conversion=0.0004s, RTAB-Map=0.1261s, Maps update=0.0008s pub=0.0059s delay=0.3076s (local map=105, WM=105)
[INFO] [1774356823.756906638] [rtabmap]: rtabmap (650): Rate=1.00s, Limit=0.000s, Conversion=0.0012s, RTAB-Map=0.1343s, Maps update=0.0007s pub=0.0064s delay=0.3029s (local map=105, WM=105)
[INFO] [1774356824.770678425] [rtabmap]: rtabmap (651): Rate=1.00s, Limit=0.000s, Conversion=0.0005s, RTAB-Map=0.1326s, Maps update=0.0015s pub=0.0110s delay=0.3167s (local map=105, WM=105)
[INFO] [1774356825.856244239] [rtabmap]: rtabmap (652): Rate=1.00s, Limit=0.000s, Conversion=0.0005s, RTAB-Map=0.1283s, Maps update=0.0007s pub=0.0061s delay=0.3022s (local map=105, WM=105)
[INFO] [1774356826.854077833] [rtabmap]: rtabmap (653): Rate=1.00s, Limit=0.000s, Conversion=0.0005s, RTAB-Map=0.1305s, Maps update=0.0007s pub=0.0052s delay=0.2999s (local map=105, WM=105)
[INFO] [1774356827.968710764] [rtabmap]: rtabmap (654): Rate=1.00s, Limit=0.000s, Conversion=0.0006s, RTAB-Map=0.1330s, Maps update=0.0010s pub=0.0079s delay=0.3146s (local map=105, WM=105)
[INFO] [1774356829.050956121] [rtabmap]: rtabmap (655): Rate=1.00s, Limit=0.000s, Conversion=0.0003s, RTAB-Map=0.1273s, Maps update=0.0007s pub=0.0059s delay=0.2967s (local map=105, WM=105)
[INFO] [1774356830.160802487] [rtabmap]: rtabmap (656): Rate=1.00s, Limit=0.000s, Conversion=0.0005s, RTAB-Map=0.1295s, Maps update=0.0007s pub=0.0060s delay=0.3067s (local map=105, WM=105)
[INFO] [1774356831.153315126] [rtabmap]: rtabmap (657): Rate=1.00s, Limit=0.000s, Conversion=0.0003s, RTAB-Map=0.1254s, Maps update=0.0007s pub=0.0052s delay=0.2991s (local map=105, WM=105)
[INFO] [1774356832.262061734] [rtabmap]: rtabmap (658): Rate=1.00s, Limit=0.000s, Conversion=0.0005s, RTAB-Map=0.1322s, Maps update=0.0007s pub=0.0071s delay=0.3090s (local map=105, WM=105)
[INFO] [1774356833.268331675] [rtabmap]: rtabmap (659): Rate=1.00s, Limit=0.000s, Conversion=0.0003s, RTAB-Map=0.1300s, Maps update=0.0009s pub=0.0075s delay=0.3151s (local map=105, WM=105)
[INFO] [1774356834.273893780] [rtabmap]: rtabmap (660): Rate=1.00s, Limit=0.000s, Conversion=0.0004s, RTAB-Map=0.1399s, Maps update=0.0007s pub=0.0057s delay=0.3197s (local map=105, WM=105)
[INFO] [1774356835.370451310] [rtabmap]: rtabmap (661): Rate=1.00s, Limit=0.000s, Conversion=0.0004s, RTAB-Map=0.1337s, Maps update=0.0009s pub=0.0096s delay=0.3171s (local map=105, WM=105)
[INFO] [1774356836.356607272] [rtabmap]: rtabmap (662): Rate=1.00s, Limit=0.000s, Conversion=0.0004s, RTAB-Map=0.1318s, Maps update=0.0007s pub=0.0064s delay=0.3025s (local map=105, WM=105)
[INFO] [1774356837.365386212] [rtabmap]: rtabmap (663): Rate=1.00s, Limit=0.000s, Conversion=0.0004s, RTAB-Map=0.1311s, Maps update=0.0007s pub=0.0089s delay=0.3112s (local map=105, WM=105)
[INFO] [1774356838.470142672] [rtabmap]: rtabmap (664): Rate=1.00s, Limit=0.000s, Conversion=0.0005s, RTAB-Map=0.1432s, Maps update=0.0007s pub=0.0044s delay=0.3172s (local map=105, WM=105)
[INFO] [1774356839.468973331] [rtabmap]: rtabmap (665): Rate=1.00s, Limit=0.000s, Conversion=0.0005s, RTAB-Map=0.1369s, Maps update=0.0010s pub=0.0076s delay=0.3149s (local map=105, WM=105)
[INFO] [1774356840.566657660] [rtabmap]: rtabmap (666): Rate=1.00s, Limit=0.000s, Conversion=0.0003s, RTAB-Map=0.1266s, Maps update=0.0007s pub=0.0056s delay=0.3132s (local map=105, WM=105)
[INFO] [1774356841.564979723] [rtabmap]: rtabmap (667): Rate=1.00s, Limit=0.000s, Conversion=0.0003s, RTAB-Map=0.1306s, Maps update=0.0007s pub=0.0066s delay=0.3107s (local map=105, WM=105)
[INFO] [1774356842.658630894] [rtabmap]: rtabmap (668): Rate=1.00s, Limit=0.000s, Conversion=0.0006s, RTAB-Map=0.1317s, Maps update=0.0007s pub=0.0057s delay=0.3054s (local map=105, WM=105)
[INFO] [1774356843.660766841] [rtabmap]: rtabmap (669): Rate=1.00s, Limit=0.000s, Conversion=0.0004s, RTAB-Map=0.1301s, Maps update=0.0007s pub=0.0082s delay=0.3065s (local map=105, WM=105)
[INFO] [1774356844.774837380] [rtabmap]: rtabmap (670): Rate=1.00s, Limit=0.000s, Conversion=0.0005s, RTAB-Map=0.1513s, Maps update=0.0009s pub=0.0067s delay=0.3215s (local map=105, WM=105)
[INFO] [1774356845.762569182] [rtabmap]: rtabmap (671): Rate=1.00s, Limit=0.000s, Conversion=0.0005s, RTAB-Map=0.1365s, Maps update=0.0007s pub=0.0071s delay=0.3084s (local map=105, WM=105)
[INFO] [1774356846.758225055] [rtabmap]: rtabmap (672): Rate=1.00s, Limit=0.000s, Conversion=0.0004s, RTAB-Map=0.1317s, Maps update=0.0009s pub=0.0065s delay=0.3039s (local map=105, WM=105)
[INFO] [1774356847.859750502] [rtabmap]: rtabmap (673): Rate=1.00s, Limit=0.000s, Conversion=0.0004s, RTAB-Map=0.1319s, Maps update=0.0007s pub=0.0069s delay=0.3064s (local map=105, WM=105)
[INFO] [1774356848.868674601] [rtabmap]: rtabmap (674): Rate=1.00s, Limit=0.000s, Conversion=0.0003s, RTAB-Map=0.1324s, Maps update=0.0012s pub=0.0068s delay=0.3153s (local map=105, WM=105)
[INFO] [1774356849.854705341] [rtabmap]: rtabmap (675): Rate=1.00s, Limit=0.000s, Conversion=0.0005s, RTAB-Map=0.1335s, Maps update=0.0007s pub=0.0049s delay=0.3012s (local map=105, WM=105)
[INFO] [1774356850.958818510] [rtabmap]: rtabmap (676): Rate=1.00s, Limit=0.000s, Conversion=0.0004s, RTAB-Map=0.1316s, Maps update=0.0007s pub=0.0057s delay=0.3045s (local map=105, WM=105)
[INFO] [1774356852.063771587] [rtabmap]: rtabmap (677): Rate=1.00s, Limit=0.000s, Conversion=0.0004s, RTAB-Map=0.1327s, Maps update=0.0009s pub=0.0059s delay=0.3104s (local map=105, WM=105)
[INFO] [1774356853.151668953] [rtabmap]: rtabmap (678): Rate=1.00s, Limit=0.000s, Conversion=0.0003s, RTAB-Map=0.1222s, Maps update=0.0007s pub=0.0056s delay=0.2983s (local map=105, WM=105)
[INFO] [1774356854.260904957] [rtabmap]: rtabmap (679): Rate=1.00s, Limit=0.000s, Conversion=0.0005s, RTAB-Map=0.1294s, Maps update=0.0007s pub=0.0072s delay=0.3076s (local map=105, WM=105)
[INFO] [1774356855.267887824] [rtabmap]: rtabmap (680): Rate=1.00s, Limit=0.000s, Conversion=0.0006s, RTAB-Map=0.1302s, Maps update=0.0009s pub=0.0083s delay=0.3146s (local map=105, WM=105)
[INFO] [1774356856.357152190] [rtabmap]: rtabmap (681): Rate=1.00s, Limit=0.000s, Conversion=0.0004s, RTAB-Map=0.1306s, Maps update=0.0007s pub=0.0054s delay=0.3042s (local map=105, WM=105)
[INFO] [1774356857.357066990] [rtabmap]: rtabmap (682): Rate=1.00s, Limit=0.000s, Conversion=0.0004s, RTAB-Map=0.1280s, Maps update=0.0007s pub=0.0053s delay=0.3038s (local map=105, WM=105)
[INFO] [1774356858.468160287] [rtabmap]: rtabmap (683): Rate=1.00s, Limit=0.000s, Conversion=0.0004s, RTAB-Map=0.1325s, Maps update=0.0007s pub=0.0147s delay=0.3151s (local map=105, WM=105)
[INFO] [1774356859.469556236] [rtabmap]: rtabmap (684): Rate=1.00s, Limit=0.000s, Conversion=0.0004s, RTAB-Map=0.1357s, Maps update=0.0010s pub=0.0121s delay=0.3161s (local map=105, WM=105)
[INFO] [1774356860.470244955] [rtabmap]: rtabmap (685): Rate=1.00s, Limit=0.000s, Conversion=0.0003s, RTAB-Map=0.1361s, Maps update=0.0009s pub=0.0078s delay=0.3166s (local map=105, WM=105)
[INFO] [1774356861.552284000] [rtabmap]: rtabmap (686): Rate=1.00s, Limit=0.000s, Conversion=0.0004s, RTAB-Map=0.1217s, Maps update=0.0007s pub=0.0051s delay=0.2988s (local map=105, WM=105)
[INFO] [1774356862.668222265] [rtabmap]: rtabmap (687): Rate=1.00s, Limit=0.000s, Conversion=0.0003s, RTAB-Map=0.1307s, Maps update=0.0007s pub=0.0077s delay=0.3151s (local map=105, WM=105)
[INFO] [1774356863.646279333] [rtabmap]: rtabmap (688): Rate=1.00s, Limit=0.000s, Conversion=0.0004s, RTAB-Map=0.1255s, Maps update=0.0007s pub=0.0050s delay=0.2929s (local map=105, WM=105)
[INFO] [1774356864.768315512] [rtabmap]: rtabmap (689): Rate=1.00s, Limit=0.000s, Conversion=0.0004s, RTAB-Map=0.1404s, Maps update=0.0008s pub=0.0069s delay=0.3155s (local map=105, WM=105)
[INFO] [1774356865.760860792] [rtabmap]: rtabmap (690): Rate=1.00s, Limit=0.000s, Conversion=0.0003s, RTAB-Map=0.1255s, Maps update=0.0007s pub=0.0064s delay=0.3079s (local map=105, WM=105)
[INFO] [1774356866.762039164] [rtabmap]: rtabmap (691): Rate=1.00s, Limit=0.000s, Conversion=0.0003s, RTAB-Map=0.1266s, Maps update=0.0008s pub=0.0083s delay=0.3089s (local map=105, WM=105)
[INFO] [1774356867.761946188] [rtabmap]: rtabmap (692): Rate=1.00s, Limit=0.000s, Conversion=0.0005s, RTAB-Map=0.1234s, Maps update=0.0007s pub=0.0047s delay=0.3084s (local map=105, WM=105)
[INFO] [1774356868.842048929] [rtabmap]: rtabmap (693): Rate=1.00s, Limit=0.000s, Conversion=0.0004s, RTAB-Map=0.1160s, Maps update=0.0007s pub=0.0046s delay=0.2890s (local map=105, WM=105)
[INFO] [1774356869.962280650] [rtabmap]: rtabmap (694): Rate=1.00s, Limit=0.000s, Conversion=0.0005s, RTAB-Map=0.1321s, Maps update=0.0009s pub=0.0054s delay=0.3088s (local map=105, WM=105)
[INFO] [1774356871.067472072] [rtabmap]: rtabmap (695): Rate=1.00s, Limit=0.000s, Conversion=0.0006s, RTAB-Map=0.1387s, Maps update=0.0007s pub=0.0042s delay=0.3145s (local map=105, WM=105)
[INFO] [1774356872.058781109] [rtabmap]: rtabmap (696): Rate=1.00s, Limit=0.000s, Conversion=0.0004s, RTAB-Map=0.1267s, Maps update=0.0007s pub=0.0080s delay=0.3058s (local map=105, WM=105)
[INFO] [1774356873.160947447] [rtabmap]: rtabmap (697): Rate=1.00s, Limit=0.000s, Conversion=0.0003s, RTAB-Map=0.1338s, Maps update=0.0007s pub=0.0061s delay=0.3078s (local map=105, WM=105)
[INFO] [1774356874.278111906] [rtabmap]: rtabmap (698): Rate=1.00s, Limit=0.000s, Conversion=0.0005s, RTAB-Map=0.1446s, Maps update=0.0007s pub=0.0060s delay=0.3251s (local map=105, WM=105)
[INFO] [1774356875.359315844] [rtabmap]: rtabmap (699): Rate=1.00s, Limit=0.000s, Conversion=0.0004s, RTAB-Map=0.1302s, Maps update=0.0007s pub=0.0058s delay=0.3064s (local map=105, WM=105)
[INFO] [1774356876.367871576] [rtabmap]: rtabmap (700): Rate=1.00s, Limit=0.000s, Conversion=0.0005s, RTAB-Map=0.1322s, Maps update=0.0008s pub=0.0097s delay=0.3148s (local map=105, WM=105)
[INFO] [1774356877.458947857] [rtabmap]: rtabmap (701): Rate=1.00s, Limit=0.000s, Conversion=0.0003s, RTAB-Map=0.1340s, Maps update=0.0007s pub=0.0071s delay=0.3059s (local map=105, WM=105)
[INFO] [1774356878.566739898] [rtabmap]: rtabmap (702): Rate=1.00s, Limit=0.000s, Conversion=0.0004s, RTAB-Map=0.1266s, Maps update=0.0008s pub=0.0103s delay=0.3138s (local map=105, WM=105)
[INFO] [1774356879.562423164] [rtabmap]: rtabmap (703): Rate=1.00s, Limit=0.000s, Conversion=0.0005s, RTAB-Map=0.1305s, Maps update=0.0007s pub=0.0071s delay=0.3093s (local map=105, WM=105)
[INFO] [1774356880.667097220] [rtabmap]: rtabmap (704): Rate=1.00s, Limit=0.000s, Conversion=0.0005s, RTAB-Map=0.1288s, Maps update=0.0009s pub=0.0091s delay=0.3140s (local map=105, WM=105)
[INFO] [1774356881.657385544] [rtabmap]: rtabmap (705): Rate=1.00s, Limit=0.000s, Conversion=0.0005s, RTAB-Map=0.1272s, Maps update=0.0007s pub=0.0066s delay=0.3043s (local map=105, WM=105)
[INFO] [1774356882.762248408] [rtabmap]: rtabmap (706): Rate=1.00s, Limit=0.000s, Conversion=0.0005s, RTAB-Map=0.1284s, Maps update=0.0007s pub=0.0074s delay=0.3092s (local map=105, WM=105)
[INFO] [1774356883.770398779] [rtabmap]: rtabmap (707): Rate=1.00s, Limit=0.000s, Conversion=0.0004s, RTAB-Map=0.1329s, Maps update=0.0007s pub=0.0079s delay=0.3172s (local map=105, WM=105)
[INFO] [1774356884.856378018] [rtabmap]: rtabmap (708): Rate=1.00s, Limit=0.000s, Conversion=0.0005s, RTAB-Map=0.1263s, Maps update=0.0007s pub=0.0055s delay=0.3033s (local map=105, WM=105)
[INFO] [1774356885.860099087] [rtabmap]: rtabmap (709): Rate=1.00s, Limit=0.000s, Conversion=0.0005s, RTAB-Map=0.1346s, Maps update=0.0008s pub=0.0070s delay=0.3070s (local map=105, WM=105)
[INFO] [1774356886.851877551] [rtabmap]: rtabmap (710): Rate=1.00s, Limit=0.000s, Conversion=0.0007s, RTAB-Map=0.1297s, Maps update=0.0007s pub=0.0046s delay=0.2987s (local map=105, WM=105)
[INFO] [1774356887.949961321] [rtabmap]: rtabmap (711): Rate=1.00s, Limit=0.000s, Conversion=0.0004s, RTAB-Map=0.1277s, Maps update=0.0007s pub=0.0060s delay=0.2968s (local map=105, WM=105)
[INFO] [1774356888.961054469] [rtabmap]: rtabmap (712): Rate=1.00s, Limit=0.000s, Conversion=0.0004s, RTAB-Map=0.1356s, Maps update=0.0007s pub=0.0063s delay=0.3078s (local map=105, WM=105)
[INFO] [1774356890.058778543] [rtabmap]: rtabmap (713): Rate=1.00s, Limit=0.000s, Conversion=0.0007s, RTAB-Map=0.1314s, Maps update=0.0007s pub=0.0062s delay=0.3056s (local map=105, WM=105)
[INFO] [1774356891.159653788] [rtabmap]: rtabmap (714): Rate=1.00s, Limit=0.000s, Conversion=0.0005s, RTAB-Map=0.1275s, Maps update=0.0007s pub=0.0063s delay=0.3065s (local map=105, WM=105)
[INFO] [1774356892.145321025] [rtabmap]: rtabmap (715): Rate=1.00s, Limit=0.000s, Conversion=0.0007s, RTAB-Map=0.1233s, Maps update=0.0007s pub=0.0055s delay=0.2921s (local map=105, WM=105)
[INFO] [1774356893.147911455] [rtabmap]: rtabmap (716): Rate=1.00s, Limit=0.000s, Conversion=0.0004s, RTAB-Map=0.1239s, Maps update=0.0007s pub=0.0050s delay=0.2946s (local map=105, WM=105)
[INFO] [1774356894.161460928] [rtabmap]: rtabmap (717): Rate=1.00s, Limit=0.000s, Conversion=0.0005s, RTAB-Map=0.1325s, Maps update=0.0007s pub=0.0060s delay=0.3081s (local map=105, WM=105)
[INFO] [1774356895.262659801] [rtabmap]: rtabmap (718): Rate=1.00s, Limit=0.000s, Conversion=0.0004s, RTAB-Map=0.1330s, Maps update=0.0007s pub=0.0078s delay=0.3093s (local map=105, WM=105)
[INFO] [1774356896.266220287] [rtabmap]: rtabmap (719): Rate=1.00s, Limit=0.000s, Conversion=0.0003s, RTAB-Map=0.1357s, Maps update=0.0008s pub=0.0058s delay=0.3129s (local map=105, WM=105)
[INFO] [1774356897.360523325] [rtabmap]: rtabmap (720): Rate=1.00s, Limit=0.000s, Conversion=0.0004s, RTAB-Map=0.1317s, Maps update=0.0007s pub=0.0073s delay=0.3073s (local map=105, WM=105)
[INFO] [1774356898.454557648] [rtabmap]: rtabmap (721): Rate=1.00s, Limit=0.000s, Conversion=0.0014s, RTAB-Map=0.1352s, Maps update=0.0007s pub=0.0055s delay=0.3012s (local map=105, WM=105)
[INFO] [1774356899.560842395] [rtabmap]: rtabmap (722): Rate=1.00s, Limit=0.000s, Conversion=0.0004s, RTAB-Map=0.1335s, Maps update=0.0008s pub=0.0058s delay=0.3077s (local map=105, WM=105)
[INFO] [1774356900.558123646] [rtabmap]: rtabmap (723): Rate=1.00s, Limit=0.000s, Conversion=0.0005s, RTAB-Map=0.1312s, Maps update=0.0007s pub=0.0053s delay=0.3049s (local map=105, WM=105)
[INFO] [1774356901.570248965] [rtabmap]: rtabmap (724): Rate=1.00s, Limit=0.000s, Conversion=0.0007s, RTAB-Map=0.1367s, Maps update=0.0007s pub=0.0059s delay=0.3170s (local map=105, WM=105)
[INFO] [1774356902.556398814] [rtabmap]: rtabmap (725): Rate=1.00s, Limit=0.000s, Conversion=0.0003s, RTAB-Map=0.1299s, Maps update=0.0007s pub=0.0057s delay=0.3030s (local map=105, WM=105)
[INFO] [1774356903.661936906] [rtabmap]: rtabmap (726): Rate=1.00s, Limit=0.000s, Conversion=0.0005s, RTAB-Map=0.1296s, Maps update=0.0007s pub=0.0061s delay=0.3087s (local map=105, WM=105)
[INFO] [1774356904.647899387] [rtabmap]: rtabmap (727): Rate=1.00s, Limit=0.000s, Conversion=0.0004s, RTAB-Map=0.1225s, Maps update=0.0007s pub=0.0049s delay=0.2945s (local map=105, WM=105)
[INFO] [1774356905.760327267] [rtabmap]: rtabmap (728): Rate=1.00s, Limit=0.000s, Conversion=0.0005s, RTAB-Map=0.1283s, Maps update=0.0007s pub=0.0057s delay=0.3069s (local map=105, WM=105)
[INFO] [1774356906.773893829] [rtabmap]: rtabmap (729): Rate=1.00s, Limit=0.000s, Conversion=0.0004s, RTAB-Map=0.1365s, Maps update=0.0007s pub=0.0092s delay=0.3204s (local map=105, WM=105)
[INFO] [1774356907.761003525] [rtabmap]: rtabmap (730): Rate=1.00s, Limit=0.000s, Conversion=0.0008s, RTAB-Map=0.1280s, Maps update=0.0007s pub=0.0054s delay=0.3075s (local map=105, WM=105)
[INFO] [1774356908.867145288] [rtabmap]: rtabmap (731): Rate=1.00s, Limit=0.000s, Conversion=0.0003s, RTAB-Map=0.1375s, Maps update=0.0007s pub=0.0097s delay=0.3136s (local map=105, WM=105)
[INFO] [1774356909.969022890] [rtabmap]: rtabmap (732): Rate=1.00s, Limit=0.000s, Conversion=0.0003s, RTAB-Map=0.1373s, Maps update=0.0008s pub=0.0099s delay=0.3156s (local map=105, WM=105)
[INFO] [1774356910.971338700] [rtabmap]: rtabmap (733): Rate=1.00s, Limit=0.000s, Conversion=0.0003s, RTAB-Map=0.1275s, Maps update=0.0007s pub=0.0097s delay=0.3179s (local map=105, WM=105)
[INFO] [1774356911.961415757] [rtabmap]: rtabmap (734): Rate=1.00s, Limit=0.000s, Conversion=0.0003s, RTAB-Map=0.1331s, Maps update=0.0007s pub=0.0064s delay=0.3079s (local map=105, WM=105)
[INFO] [1774356913.068445918] [rtabmap]: rtabmap (735): Rate=1.00s, Limit=0.000s, Conversion=0.0005s, RTAB-Map=0.1328s, Maps update=0.0007s pub=0.0067s delay=0.3150s (local map=105, WM=105)
[INFO] [1774356914.062387395] [rtabmap]: rtabmap (736): Rate=1.00s, Limit=0.000s, Conversion=0.0005s, RTAB-Map=0.1365s, Maps update=0.0007s pub=0.0063s delay=0.3089s (local map=105, WM=105)
[INFO] [1774356915.170126925] [rtabmap]: rtabmap (737): Rate=1.00s, Limit=0.000s, Conversion=0.0003s, RTAB-Map=0.1235s, Maps update=0.0007s pub=0.0090s delay=0.3166s (local map=105, WM=105)
[INFO] [1774356916.258948818] [rtabmap]: rtabmap (738): Rate=1.00s, Limit=0.000s, Conversion=0.0005s, RTAB-Map=0.1229s, Maps update=0.0007s pub=0.0074s delay=0.3054s (local map=105, WM=105)
[INFO] [1774356917.367421844] [rtabmap]: rtabmap (739): Rate=1.00s, Limit=0.000s, Conversion=0.0003s, RTAB-Map=0.1351s, Maps update=0.0008s pub=0.0097s delay=0.3139s (local map=105, WM=105)
[INFO] [1774356918.355203911] [rtabmap]: rtabmap (740): Rate=1.00s, Limit=0.000s, Conversion=0.0005s, RTAB-Map=0.1292s, Maps update=0.0007s pub=0.0048s delay=0.3017s (local map=105, WM=105)
[INFO] [1774356919.467690514] [rtabmap]: rtabmap (741): Rate=1.00s, Limit=0.000s, Conversion=0.0004s, RTAB-Map=0.1292s, Maps update=0.0009s pub=0.0080s delay=0.3141s (local map=105, WM=105)
[INFO] [1774356920.582744949] [rtabmap]: rtabmap (742): Rate=1.00s, Limit=0.000s, Conversion=0.0005s, RTAB-Map=0.1514s, Maps update=0.0014s pub=0.0071s delay=0.3293s (local map=105, WM=105)
[INFO] [1774356921.653048451] [rtabmap]: rtabmap (743): Rate=1.00s, Limit=0.000s, Conversion=0.0005s, RTAB-Map=0.1302s, Maps update=0.0007s pub=0.0051s delay=0.2995s (local map=105, WM=105)
[INFO] [1774356922.661203148] [rtabmap]: rtabmap (744): Rate=1.00s, Limit=0.000s, Conversion=0.0004s, RTAB-Map=0.1340s, Maps update=0.0007s pub=0.0051s delay=0.3075s (local map=105, WM=105)
[INFO] [1774356923.781381630] [rtabmap]: rtabmap (745): Rate=1.00s, Limit=0.000s, Conversion=0.0006s, RTAB-Map=0.1433s, Maps update=0.0009s pub=0.0073s delay=0.3279s (local map=105, WM=105)
[INFO] [1774356924.771667654] [rtabmap]: rtabmap (746): Rate=1.00s, Limit=0.000s, Conversion=0.0006s, RTAB-Map=0.1382s, Maps update=0.0008s pub=0.0089s delay=0.3180s (local map=105, WM=105)
[INFO] [1774356925.862189445] [rtabmap]: rtabmap (747): Rate=1.00s, Limit=0.000s, Conversion=0.0004s, RTAB-Map=0.1248s, Maps update=0.0007s pub=0.0078s delay=0.3086s (local map=105, WM=105)
[INFO] [1774356926.952650978] [rtabmap]: rtabmap (748): Rate=1.00s, Limit=0.000s, Conversion=0.0003s, RTAB-Map=0.1225s, Maps update=0.0007s pub=0.0055s delay=0.2991s (local map=105, WM=105)
[INFO] [1774356928.056030359] [rtabmap]: rtabmap (749): Rate=1.00s, Limit=0.000s, Conversion=0.0005s, RTAB-Map=0.1302s, Maps update=0.0007s pub=0.0049s delay=0.3025s (local map=105, WM=105)
[INFO] [1774356929.174872475] [rtabmap]: rtabmap (750): Rate=1.00s, Limit=0.000s, Conversion=0.0003s, RTAB-Map=0.1321s, Maps update=0.0007s pub=0.0140s delay=0.3213s (local map=105, WM=105)
[INFO] [1774356930.148898233] [rtabmap]: rtabmap (751): Rate=1.00s, Limit=0.000s, Conversion=0.0003s, RTAB-Map=0.1295s, Maps update=0.0007s pub=0.0048s delay=0.2952s (local map=105, WM=105)
[INFO] [1774356931.168239711] [rtabmap]: rtabmap (752): Rate=1.00s, Limit=0.000s, Conversion=0.0006s, RTAB-Map=0.1361s, Maps update=0.0009s pub=0.0079s delay=0.3145s (local map=105, WM=105)
[INFO] [1774356932.252786098] [rtabmap]: rtabmap (753): Rate=1.00s, Limit=0.000s, Conversion=0.0005s, RTAB-Map=0.1286s, Maps update=0.0007s pub=0.0049s delay=0.2992s (local map=105, WM=105)
[INFO] [1774356933.367935736] [rtabmap]: rtabmap (754): Rate=1.00s, Limit=0.000s, Conversion=0.0006s, RTAB-Map=0.1335s, Maps update=0.0007s pub=0.0060s delay=0.3144s (local map=105, WM=105)
[INFO] [1774356934.369493313] [rtabmap]: rtabmap (755): Rate=1.00s, Limit=0.000s, Conversion=0.0004s, RTAB-Map=0.1380s, Maps update=0.0008s pub=0.0072s delay=0.3158s (local map=105, WM=105)
[INFO] [1774356935.362077527] [rtabmap]: rtabmap (756): Rate=1.00s, Limit=0.000s, Conversion=0.0003s, RTAB-Map=0.1276s, Maps update=0.0007s pub=0.0056s delay=0.3084s (local map=105, WM=105)
[INFO] [1774356936.449289797] [rtabmap]: rtabmap (757): Rate=1.00s, Limit=0.000s, Conversion=0.0004s, RTAB-Map=0.1271s, Maps update=0.0007s pub=0.0049s delay=0.2957s (local map=105, WM=105)
[INFO] [1774356937.457817595] [rtabmap]: rtabmap (758): Rate=1.00s, Limit=0.000s, Conversion=0.0003s, RTAB-Map=0.1255s, Maps update=0.0007s pub=0.0057s delay=0.3042s (local map=105, WM=105)
[INFO] [1774356938.467968776] [rtabmap]: rtabmap (759): Rate=1.00s, Limit=0.000s, Conversion=0.0003s, RTAB-Map=0.1352s, Maps update=0.0007s pub=0.0057s delay=0.3143s (local map=105, WM=105)
[INFO] [1774356939.455960930] [rtabmap]: rtabmap (760): Rate=1.00s, Limit=0.000s, Conversion=0.0003s, RTAB-Map=0.1283s, Maps update=0.0007s pub=0.0051s delay=0.3022s (local map=105, WM=105)
[INFO] [1774356940.563007284] [rtabmap]: rtabmap (761): Rate=1.00s, Limit=0.000s, Conversion=0.0004s, RTAB-Map=0.1339s, Maps update=0.0007s pub=0.0066s delay=0.3094s (local map=105, WM=105)
[INFO] [1774356941.561054149] [rtabmap]: rtabmap (762): Rate=1.00s, Limit=0.000s, Conversion=0.0004s, RTAB-Map=0.1327s, Maps update=0.0007s pub=0.0072s delay=0.3073s (local map=105, WM=105)
[INFO] [1774356942.677766496] [rtabmap]: rtabmap (763): Rate=1.00s, Limit=0.000s, Conversion=0.0003s, RTAB-Map=0.1430s, Maps update=0.0008s pub=0.0088s delay=0.3241s (local map=105, WM=105)
[INFO] [1774356943.682966020] [rtabmap]: rtabmap (764): Rate=1.00s, Limit=0.000s, Conversion=0.0005s, RTAB-Map=0.1469s, Maps update=0.0009s pub=0.0085s delay=0.3293s (local map=105, WM=105)
[INFO] [1774356944.677225108] [rtabmap]: rtabmap (765): Rate=1.00s, Limit=0.000s, Conversion=0.0005s, RTAB-Map=0.1386s, Maps update=0.0010s pub=0.0098s delay=0.3234s (local map=105, WM=105)
[INFO] [1774356945.768831096] [rtabmap]: rtabmap (766): Rate=1.00s, Limit=0.000s, Conversion=0.0004s, RTAB-Map=0.1326s, Maps update=0.0008s pub=0.0086s delay=0.3152s (local map=105, WM=105)
[INFO] [1774356946.755681867] [rtabmap]: rtabmap (767): Rate=1.00s, Limit=0.000s, Conversion=0.0006s, RTAB-Map=0.1283s, Maps update=0.0007s pub=0.0054s delay=0.3020s (local map=105, WM=105)
[INFO] [1774356947.869999893] [rtabmap]: rtabmap (768): Rate=1.00s, Limit=0.000s, Conversion=0.0003s, RTAB-Map=0.1332s, Maps update=0.0013s pub=0.0089s delay=0.3162s (local map=105, WM=105)
[INFO] [1774356948.857066351] [rtabmap]: rtabmap (769): Rate=1.00s, Limit=0.000s, Conversion=0.0004s, RTAB-Map=0.1253s, Maps update=0.0007s pub=0.0055s delay=0.3033s (local map=105, WM=105)
[INFO] [1774356949.961028152] [rtabmap]: rtabmap (770): Rate=1.00s, Limit=0.000s, Conversion=0.0003s, RTAB-Map=0.1241s, Maps update=0.0018s pub=0.0067s delay=0.3074s (local map=105, WM=105)
[INFO] [1774356950.948925007] [rtabmap]: rtabmap (771): Rate=1.00s, Limit=0.000s, Conversion=0.0005s, RTAB-Map=0.1286s, Maps update=0.0007s pub=0.0055s delay=0.2951s (local map=105, WM=105)
[INFO] [1774356952.061672707] [rtabmap]: rtabmap (772): Rate=1.00s, Limit=0.000s, Conversion=0.0004s, RTAB-Map=0.1346s, Maps update=0.0007s pub=0.0055s delay=0.3082s (local map=105, WM=105)
[INFO] [1774356953.061016224] [rtabmap]: rtabmap (773): Rate=1.00s, Limit=0.000s, Conversion=0.0006s, RTAB-Map=0.1320s, Maps update=0.0007s pub=0.0080s delay=0.3073s (local map=105, WM=105)
[INFO] [1774356954.069798142] [rtabmap]: rtabmap (774): Rate=1.00s, Limit=0.000s, Conversion=0.0005s, RTAB-Map=0.1354s, Maps update=0.0008s pub=0.0087s delay=0.3160s (local map=105, WM=105)
[INFO] [1774356955.060282797] [rtabmap]: rtabmap (775): Rate=1.00s, Limit=0.000s, Conversion=0.0005s, RTAB-Map=0.1301s, Maps update=0.0007s pub=0.0073s delay=0.3064s (local map=105, WM=105)
[INFO] [1774356956.061417383] [rtabmap]: rtabmap (776): Rate=1.00s, Limit=0.000s, Conversion=0.0005s, RTAB-Map=0.1320s, Maps update=0.0007s pub=0.0088s delay=0.3075s (local map=105, WM=105)
[INFO] [1774356957.154446779] [rtabmap]: rtabmap (777): Rate=1.00s, Limit=0.000s, Conversion=0.0003s, RTAB-Map=0.1270s, Maps update=0.0007s pub=0.0046s delay=0.3007s (local map=105, WM=105)
[INFO] [1774356958.162267673] [rtabmap]: rtabmap (778): Rate=1.00s, Limit=0.000s, Conversion=0.0003s, RTAB-Map=0.1305s, Maps update=0.0008s pub=0.0076s delay=0.3085s (local map=105, WM=105)
[INFO] [1774356959.171857747] [rtabmap]: rtabmap (779): Rate=1.00s, Limit=0.000s, Conversion=0.0003s, RTAB-Map=0.1316s, Maps update=0.0007s pub=0.0065s delay=0.3181s (local map=105, WM=105)
[INFO] [1774356960.157777606] [rtabmap]: rtabmap (780): Rate=1.00s, Limit=0.000s, Conversion=0.0005s, RTAB-Map=0.1336s, Maps update=0.0007s pub=0.0062s delay=0.3039s (local map=105, WM=105)
[INFO] [1774356961.263943930] [rtabmap]: rtabmap (781): Rate=1.00s, Limit=0.000s, Conversion=0.0005s, RTAB-Map=0.1368s, Maps update=0.0007s pub=0.0102s delay=0.3102s (local map=105, WM=105)
[INFO] [1774356962.261327732] [rtabmap]: rtabmap (782): Rate=1.00s, Limit=0.000s, Conversion=0.0003s, RTAB-Map=0.1353s, Maps update=0.0007s pub=0.0056s delay=0.3075s (local map=105, WM=105)
[INFO] [1774356963.360623166] [rtabmap]: rtabmap (783): Rate=1.00s, Limit=0.000s, Conversion=0.0003s, RTAB-Map=0.1358s, Maps update=0.0007s pub=0.0072s delay=0.3067s (local map=105, WM=105)
[INFO] [1774356964.463411071] [rtabmap]: rtabmap (784): Rate=1.00s, Limit=0.000s, Conversion=0.0005s, RTAB-Map=0.1370s, Maps update=0.0007s pub=0.0073s delay=0.3095s (local map=105, WM=105)
[INFO] [1774356965.566056283] [rtabmap]: rtabmap (785): Rate=1.00s, Limit=0.000s, Conversion=0.0004s, RTAB-Map=0.1339s, Maps update=0.0008s pub=0.0075s delay=0.3124s (local map=105, WM=105)
[INFO] [1774356966.564461592] [rtabmap]: rtabmap (786): Rate=1.00s, Limit=0.000s, Conversion=0.0004s, RTAB-Map=0.1343s, Maps update=0.0007s pub=0.0058s delay=0.3107s (local map=105, WM=105)
[INFO] [1774356967.661481780] [rtabmap]: rtabmap (787): Rate=1.00s, Limit=0.000s, Conversion=0.0003s, RTAB-Map=0.1375s, Maps update=0.0008s pub=0.0062s delay=0.3075s (local map=105, WM=105)
[INFO] [1774356968.756312358] [rtabmap]: rtabmap (788): Rate=1.00s, Limit=0.000s, Conversion=0.0005s, RTAB-Map=0.1316s, Maps update=0.0007s pub=0.0056s delay=0.3024s (local map=105, WM=105)
[INFO] [1774356969.857135300] [rtabmap]: rtabmap (789): Rate=1.00s, Limit=0.000s, Conversion=0.0005s, RTAB-Map=0.1352s, Maps update=0.0007s pub=0.0060s delay=0.3032s (local map=105, WM=105)
[INFO] [1774356970.977316661] [rtabmap]: rtabmap (790): Rate=1.00s, Limit=0.000s, Conversion=0.0005s, RTAB-Map=0.1408s, Maps update=0.0009s pub=0.0091s delay=0.3234s (local map=105, WM=105)
[INFO] [1774356972.062179988] [rtabmap]: rtabmap (791): Rate=1.00s, Limit=0.000s, Conversion=0.0005s, RTAB-Map=0.1248s, Maps update=0.0007s pub=0.0067s delay=0.3086s (local map=105, WM=105)
[INFO] [1774356973.054428191] [rtabmap]: rtabmap (792): Rate=1.00s, Limit=0.000s, Conversion=0.0007s, RTAB-Map=0.1310s, Maps update=0.0007s pub=0.0049s delay=0.3005s (local map=105, WM=105)
[INFO] [1774356974.156843091] [rtabmap]: rtabmap (793): Rate=1.00s, Limit=0.000s, Conversion=0.0005s, RTAB-Map=0.1294s, Maps update=0.0007s pub=0.0051s delay=0.3030s (local map=105, WM=105)
[INFO] [1774356975.272338853] [rtabmap]: rtabmap (794): Rate=1.00s, Limit=0.000s, Conversion=0.0004s, RTAB-Map=0.1366s, Maps update=0.0008s pub=0.0074s delay=0.3192s (local map=105, WM=105)
[INFO] [1774356976.264995614] [rtabmap]: rtabmap (795): Rate=1.00s, Limit=0.000s, Conversion=0.0005s, RTAB-Map=0.1297s, Maps update=0.0007s pub=0.0139s delay=0.3111s (local map=105, WM=105)
[INFO] [1774356977.255501485] [rtabmap]: rtabmap (796): Rate=1.00s, Limit=0.000s, Conversion=0.0006s, RTAB-Map=0.1327s, Maps update=0.0007s pub=0.0049s delay=0.3015s (local map=105, WM=105)
[INFO] [1774356978.359777281] [rtabmap]: rtabmap (797): Rate=1.00s, Limit=0.000s, Conversion=0.0006s, RTAB-Map=0.1367s, Maps update=0.0007s pub=0.0083s delay=0.3058s (local map=105, WM=105)
[INFO] [1774356979.461225716] [rtabmap]: rtabmap (798): Rate=1.00s, Limit=0.000s, Conversion=0.0004s, RTAB-Map=0.1277s, Maps update=0.0007s pub=0.0066s delay=0.3076s (local map=105, WM=105)
[INFO] [1774356980.456642667] [rtabmap]: rtabmap (799): Rate=1.00s, Limit=0.000s, Conversion=0.0003s, RTAB-Map=0.1293s, Maps update=0.0007s pub=0.0060s delay=0.3026s (local map=105, WM=105)
[INFO] [1774356981.567629571] [rtabmap]: rtabmap (800): Rate=1.00s, Limit=0.000s, Conversion=0.0003s, RTAB-Map=0.1318s, Maps update=0.0007s pub=0.0074s delay=0.3136s (local map=105, WM=105)
[INFO] [1774356982.669443715] [rtabmap]: rtabmap (801): Rate=1.00s, Limit=0.000s, Conversion=0.0003s, RTAB-Map=0.1346s, Maps update=0.0008s pub=0.0085s delay=0.3157s (local map=105, WM=105)
[INFO] [1774356983.678879608] [rtabmap]: rtabmap (802): Rate=1.00s, Limit=0.000s, Conversion=0.0003s, RTAB-Map=0.1451s, Maps update=0.0010s pub=0.0075s delay=0.3251s (local map=105, WM=105)
[INFO] [1774356984.755862377] [rtabmap]: rtabmap (803): Rate=1.00s, Limit=0.000s, Conversion=0.0005s, RTAB-Map=0.1327s, Maps update=0.0007s pub=0.0051s delay=0.3021s (local map=105, WM=105)
[INFO] [1774356985.761089967] [rtabmap]: rtabmap (804): Rate=1.00s, Limit=0.000s, Conversion=0.0004s, RTAB-Map=0.1316s, Maps update=0.0007s pub=0.0069s delay=0.3070s (local map=105, WM=105)
[INFO] [1774356986.876538815] [rtabmap]: rtabmap (805): Rate=1.00s, Limit=0.000s, Conversion=0.0005s, RTAB-Map=0.1387s, Maps update=0.0008s pub=0.0075s delay=0.3227s (local map=105, WM=105)
[INFO] [1774356987.864924166] [rtabmap]: rtabmap (806): Rate=1.00s, Limit=0.000s, Conversion=0.0003s, RTAB-Map=0.1360s, Maps update=0.0008s pub=0.0083s delay=0.3109s (local map=105, WM=105)
[INFO] [1774356988.868223114] [rtabmap]: rtabmap (807): Rate=1.00s, Limit=0.000s, Conversion=0.0003s, RTAB-Map=0.1410s, Maps update=0.0007s pub=0.0066s delay=0.3142s (local map=105, WM=105)
[INFO] [1774356989.949186851] [rtabmap]: rtabmap (808): Rate=1.00s, Limit=0.000s, Conversion=0.0004s, RTAB-Map=0.1224s, Maps update=0.0006s pub=0.0043s delay=0.2955s (local map=105, WM=105)
[INFO] [1774356990.949829772] [rtabmap]: rtabmap (809): Rate=1.00s, Limit=0.000s, Conversion=0.0004s, RTAB-Map=0.1273s, Maps update=0.0007s pub=0.0052s delay=0.2957s (local map=105, WM=105)
[INFO] [1774356992.066207644] [rtabmap]: rtabmap (810): Rate=1.00s, Limit=0.000s, Conversion=0.0003s, RTAB-Map=0.1287s, Maps update=0.0008s pub=0.0061s delay=0.3123s (local map=105, WM=105)
[INFO] [1774356993.056028341] [rtabmap]: rtabmap (811): Rate=1.00s, Limit=0.000s, Conversion=0.0005s, RTAB-Map=0.1245s, Maps update=0.0007s pub=0.0047s delay=0.3020s (local map=105, WM=105)
[INFO] [1774356994.174134847] [rtabmap]: rtabmap (812): Rate=1.00s, Limit=0.000s, Conversion=0.0006s, RTAB-Map=0.1367s, Maps update=0.0007s pub=0.0054s delay=0.3204s (local map=105, WM=105)
[INFO] [1774356995.261647064] [rtabmap]: rtabmap (813): Rate=1.00s, Limit=0.000s, Conversion=0.0003s, RTAB-Map=0.1311s, Maps update=0.0007s pub=0.0063s delay=0.3086s (local map=105, WM=105)
[INFO] [1774356996.272019116] [rtabmap]: rtabmap (814): Rate=1.00s, Limit=0.000s, Conversion=0.0005s, RTAB-Map=0.1413s, Maps update=0.0007s pub=0.0061s delay=0.3180s (local map=105, WM=105)
[INFO] [1774356997.367655034] [rtabmap]: rtabmap (815): Rate=1.00s, Limit=0.000s, Conversion=0.0003s, RTAB-Map=0.1274s, Maps update=0.0009s pub=0.0078s delay=0.3136s (local map=105, WM=105)
[INFO] [1774356998.467163979] [rtabmap]: rtabmap (816): Rate=1.00s, Limit=0.000s, Conversion=0.0005s, RTAB-Map=0.1279s, Maps update=0.0007s pub=0.0061s delay=0.3132s (local map=105, WM=105)
[INFO] [1774356999.562277318] [rtabmap]: rtabmap (817): Rate=1.00s, Limit=0.000s, Conversion=0.0005s, RTAB-Map=0.1368s, Maps update=0.0009s pub=0.0070s delay=0.3084s (local map=105, WM=105)
[INFO] [1774357000.571650873] [rtabmap]: rtabmap (818): Rate=1.00s, Limit=0.000s, Conversion=0.0105s, RTAB-Map=0.1283s, Maps update=0.0007s pub=0.0091s delay=0.3177s (local map=105, WM=105)
[INFO] [1774357001.555570975] [rtabmap]: rtabmap (819): Rate=1.00s, Limit=0.000s, Conversion=0.0003s, RTAB-Map=0.1305s, Maps update=0.0009s pub=0.0084s delay=0.3015s (local map=105, WM=105)
[INFO] [1774357002.667145759] [rtabmap]: rtabmap (820): Rate=1.00s, Limit=0.000s, Conversion=0.0005s, RTAB-Map=0.1366s, Maps update=0.0008s pub=0.0127s delay=0.3133s (local map=105, WM=105)
[INFO] [1774357003.655078678] [rtabmap]: rtabmap (821): Rate=1.00s, Limit=0.000s, Conversion=0.0006s, RTAB-Map=0.1325s, Maps update=0.0007s pub=0.0046s delay=0.3010s (local map=105, WM=105)
[INFO] [1774357004.774713017] [rtabmap]: rtabmap (822): Rate=1.00s, Limit=0.000s, Conversion=0.0005s, RTAB-Map=0.1353s, Maps update=0.0007s pub=0.0068s delay=0.3207s (local map=105, WM=105)
[INFO] [1774357005.764346453] [rtabmap]: rtabmap (823): Rate=1.00s, Limit=0.000s, Conversion=0.0005s, RTAB-Map=0.1341s, Maps update=0.0007s pub=0.0056s delay=0.3103s (local map=105, WM=105)
[INFO] [1774357006.855415356] [rtabmap]: rtabmap (824): Rate=1.00s, Limit=0.000s, Conversion=0.0006s, RTAB-Map=0.1339s, Maps update=0.0007s pub=0.0051s delay=0.3022s (local map=105, WM=105)
[INFO] [1774357007.975276809] [rtabmap]: rtabmap (825): Rate=1.00s, Limit=0.000s, Conversion=0.0004s, RTAB-Map=0.1401s, Maps update=0.0009s pub=0.0105s delay=0.3212s (local map=105, WM=105)
[INFO] [1774357008.967380136] [rtabmap]: rtabmap (826): Rate=1.00s, Limit=0.000s, Conversion=0.0005s, RTAB-Map=0.1342s, Maps update=0.0007s pub=0.0050s delay=0.3132s (local map=105, WM=105)
[INFO] [1774357010.054281480] [rtabmap]: rtabmap (827): Rate=1.00s, Limit=0.000s, Conversion=0.0005s, RTAB-Map=0.1328s, Maps update=0.0006s pub=0.0045s delay=0.3004s (local map=105, WM=105)
[INFO] [1774357011.054517326] [rtabmap]: rtabmap (828): Rate=1.00s, Limit=0.000s, Conversion=0.0005s, RTAB-Map=0.1283s, Maps update=0.0007s pub=0.0040s delay=0.3003s (local map=105, WM=105)
[INFO] [1774357012.165260844] [rtabmap]: rtabmap (829): Rate=1.00s, Limit=0.000s, Conversion=0.0007s, RTAB-Map=0.1376s, Maps update=0.0008s pub=0.0057s delay=0.3110s (local map=105, WM=105)
[INFO] [1774357013.267863748] [rtabmap]: rtabmap (830): Rate=1.00s, Limit=0.000s, Conversion=0.0003s, RTAB-Map=0.1348s, Maps update=0.0019s pub=0.0103s delay=0.3147s (local map=105, WM=105)
[INFO] [1774357014.279673402] [rtabmap]: rtabmap (831): Rate=1.00s, Limit=0.000s, Conversion=0.0003s, RTAB-Map=0.1448s, Maps update=0.0009s pub=0.0079s delay=0.3256s (local map=105, WM=105)
[INFO] [1774357015.371657671] [rtabmap]: rtabmap (832): Rate=1.00s, Limit=0.000s, Conversion=0.0004s, RTAB-Map=0.1400s, Maps update=0.0007s pub=0.0107s delay=0.3184s (local map=105, WM=105)
[INFO] [1774357016.359899850] [rtabmap]: rtabmap (833): Rate=1.00s, Limit=0.000s, Conversion=0.0008s, RTAB-Map=0.1371s, Maps update=0.0007s pub=0.0059s delay=0.3056s (local map=105, WM=105)
[INFO] [1774357017.460044127] [rtabmap]: rtabmap (834): Rate=1.00s, Limit=0.000s, Conversion=0.0004s, RTAB-Map=0.1250s, Maps update=0.0007s pub=0.0053s delay=0.3060s (local map=105, WM=105)
[INFO] [1774357018.468142464] [rtabmap]: rtabmap (835): Rate=1.00s, Limit=0.000s, Conversion=0.0003s, RTAB-Map=0.1335s, Maps update=0.0008s pub=0.0109s delay=0.3139s (local map=105, WM=105)
[INFO] [1774357019.568665092] [rtabmap]: rtabmap (836): Rate=1.00s, Limit=0.000s, Conversion=0.0006s, RTAB-Map=0.1386s, Maps update=0.0007s pub=0.0079s delay=0.3155s (local map=105, WM=105)
[INFO] [1774357020.559145665] [rtabmap]: rtabmap (837): Rate=1.00s, Limit=0.000s, Conversion=0.0004s, RTAB-Map=0.1310s, Maps update=0.0007s pub=0.0082s delay=0.3058s (local map=105, WM=105)
[INFO] [1774357021.562298684] [rtabmap]: rtabmap (838): Rate=1.00s, Limit=0.000s, Conversion=0.0003s, RTAB-Map=0.1328s, Maps update=0.0008s pub=0.0060s delay=0.3082s (local map=105, WM=105)
[INFO] [1774357022.662486866] [rtabmap]: rtabmap (839): Rate=1.00s, Limit=0.000s, Conversion=0.0003s, RTAB-Map=0.1416s, Maps update=0.0010s pub=0.0073s delay=0.3091s (local map=105, WM=105)
[INFO] [1774357023.765301426] [rtabmap]: rtabmap (840): Rate=1.00s, Limit=0.000s, Conversion=0.0006s, RTAB-Map=0.1320s, Maps update=0.0008s pub=0.0053s delay=0.3111s (local map=105, WM=105)
[INFO] [1774357024.769543896] [rtabmap]: rtabmap (841): Rate=1.00s, Limit=0.000s, Conversion=0.0004s, RTAB-Map=0.1350s, Maps update=0.0007s pub=0.0065s delay=0.3151s (local map=105, WM=105)
[INFO] [1774357025.870342023] [rtabmap]: rtabmap (842): Rate=1.00s, Limit=0.000s, Conversion=0.0005s, RTAB-Map=0.1363s, Maps update=0.0012s pub=0.0081s delay=0.3173s (local map=105, WM=105)
[INFO] [1774357026.863451534] [rtabmap]: rtabmap (843): Rate=1.00s, Limit=0.000s, Conversion=0.0005s, RTAB-Map=0.1406s, Maps update=0.0007s pub=0.0060s delay=0.3101s (local map=105, WM=105)
[INFO] [1774357027.953334599] [rtabmap]: rtabmap (844): Rate=1.00s, Limit=0.000s, Conversion=0.0005s, RTAB-Map=0.1282s, Maps update=0.0007s pub=0.0045s delay=0.3003s (local map=105, WM=105)
[INFO] [1774357028.970588376] [rtabmap]: rtabmap (845): Rate=1.00s, Limit=0.000s, Conversion=0.0005s, RTAB-Map=0.1377s, Maps update=0.0007s pub=0.0058s delay=0.3176s (local map=105, WM=105)
[INFO] [1774357029.961820275] [rtabmap]: rtabmap (846): Rate=1.00s, Limit=0.000s, Conversion=0.0005s, RTAB-Map=0.1426s, Maps update=0.0007s pub=0.0062s delay=0.3088s (local map=105, WM=105)
[INFO] [1774357031.045990662] [rtabmap]: rtabmap (847): Rate=1.00s, Limit=0.000s, Conversion=0.0005s, RTAB-Map=0.1223s, Maps update=0.0007s pub=0.0061s delay=0.2926s (local map=105, WM=105)
[INFO] [1774357032.170990849] [rtabmap]: rtabmap (848): Rate=1.00s, Limit=0.000s, Conversion=0.0003s, RTAB-Map=0.1358s, Maps update=0.0008s pub=0.0074s delay=0.3180s (local map=105, WM=105)
[INFO] [1774357033.262669538] [rtabmap]: rtabmap (849): Rate=1.00s, Limit=0.000s, Conversion=0.0004s, RTAB-Map=0.1292s, Maps update=0.0007s pub=0.0070s delay=0.3094s (local map=105, WM=105)
[INFO] [1774357034.365515811] [rtabmap]: rtabmap (850): Rate=1.00s, Limit=0.000s, Conversion=0.0004s, RTAB-Map=0.1365s, Maps update=0.0008s pub=0.0094s delay=0.3121s (local map=105, WM=105)
[INFO] [1774357035.460625261] [rtabmap]: rtabmap (851): Rate=1.00s, Limit=0.000s, Conversion=0.0006s, RTAB-Map=0.1338s, Maps update=0.0007s pub=0.0052s delay=0.3077s (local map=105, WM=105)
[INFO] [1774357036.461179775] [rtabmap]: rtabmap (852): Rate=1.00s, Limit=0.000s, Conversion=0.0003s, RTAB-Map=0.1263s, Maps update=0.0007s pub=0.0067s delay=0.3081s (local map=105, WM=105)
[INFO] [1774357037.548382412] [rtabmap]: rtabmap (853): Rate=1.00s, Limit=0.000s, Conversion=0.0003s, RTAB-Map=0.1230s, Maps update=0.0007s pub=0.0051s delay=0.2951s (local map=105, WM=105)
[INFO] [1774357038.668797775] [rtabmap]: rtabmap (854): Rate=1.00s, Limit=0.000s, Conversion=0.0005s, RTAB-Map=0.1321s, Maps update=0.0014s pub=0.0069s delay=0.3157s (local map=105, WM=105)
[INFO] [1774357039.761163787] [rtabmap]: rtabmap (855): Rate=1.00s, Limit=0.000s, Conversion=0.0003s, RTAB-Map=0.1336s, Maps update=0.0008s pub=0.0056s delay=0.3083s (local map=105, WM=105)
[INFO] [1774357040.760449418] [rtabmap]: rtabmap (856): Rate=1.00s, Limit=0.000s, Conversion=0.0004s, RTAB-Map=0.1312s, Maps update=0.0007s pub=0.0059s delay=0.3071s (local map=105, WM=105)
[INFO] [1774357041.890156547] [rtabmap]: rtabmap (857): Rate=1.00s, Limit=0.000s, Conversion=0.0105s, RTAB-Map=0.1471s, Maps update=0.0007s pub=0.0065s delay=0.3370s (local map=105, WM=105)
[INFO] [1774357042.861598691] [rtabmap]: rtabmap (858): Rate=1.00s, Limit=0.000s, Conversion=0.0004s, RTAB-Map=0.1333s, Maps update=0.0007s pub=0.0083s delay=0.3082s (local map=105, WM=105)
[INFO] [1774357043.965215171] [rtabmap]: rtabmap (859): Rate=1.00s, Limit=0.000s, Conversion=0.0004s, RTAB-Map=0.1358s, Maps update=0.0008s pub=0.0067s delay=0.3123s (local map=105, WM=105)
[INFO] [1774357044.961532843] [rtabmap]: rtabmap (860): Rate=1.00s, Limit=0.000s, Conversion=0.0003s, RTAB-Map=0.1298s, Maps update=0.0007s pub=0.0070s delay=0.3085s (local map=105, WM=105)
[INFO] [1774357046.058995540] [rtabmap]: rtabmap (861): Rate=1.00s, Limit=0.000s, Conversion=0.0005s, RTAB-Map=0.1300s, Maps update=0.0007s pub=0.0066s delay=0.3059s (local map=105, WM=105)
[INFO] [1774357047.159688702] [rtabmap]: rtabmap (862): Rate=1.00s, Limit=0.000s, Conversion=0.0006s, RTAB-Map=0.1315s, Maps update=0.0007s pub=0.0062s delay=0.3067s (local map=105, WM=105)
[INFO] [1774357048.268322856] [rtabmap]: rtabmap (863): Rate=1.00s, Limit=0.000s, Conversion=0.0005s, RTAB-Map=0.1350s, Maps update=0.0008s pub=0.0100s delay=0.3153s (local map=105, WM=105)
[INFO] [1774357049.262536412] [rtabmap]: rtabmap (864): Rate=1.00s, Limit=0.000s, Conversion=0.0005s, RTAB-Map=0.1322s, Maps update=0.0007s pub=0.0062s delay=0.3095s (local map=105, WM=105)
[INFO] [1774357050.354615532] [rtabmap]: rtabmap (865): Rate=1.00s, Limit=0.000s, Conversion=0.0005s, RTAB-Map=0.1312s, Maps update=0.0008s pub=0.0058s delay=0.3018s (local map=105, WM=105)
[INFO] [1774357051.373432956] [rtabmap]: rtabmap (866): Rate=1.00s, Limit=0.000s, Conversion=0.0007s, RTAB-Map=0.1401s, Maps update=0.0007s pub=0.0041s delay=0.3204s (local map=105, WM=105)
[INFO] [1774357052.468090996] [rtabmap]: rtabmap (867): Rate=1.00s, Limit=0.000s, Conversion=0.0005s, RTAB-Map=0.1366s, Maps update=0.0007s pub=0.0068s delay=0.3151s (local map=105, WM=105)
[INFO] [1774357053.558130131] [rtabmap]: rtabmap (868): Rate=1.00s, Limit=0.000s, Conversion=0.0003s, RTAB-Map=0.1308s, Maps update=0.0007s pub=0.0063s delay=0.3049s (local map=105, WM=105)
[INFO] [1774357054.671262481] [rtabmap]: rtabmap (869): Rate=1.00s, Limit=0.000s, Conversion=0.0005s, RTAB-Map=0.1338s, Maps update=0.0007s pub=0.0113s delay=0.3183s (local map=105, WM=105)
[INFO] [1774357055.767971484] [rtabmap]: rtabmap (870): Rate=1.00s, Limit=0.000s, Conversion=0.0003s, RTAB-Map=0.1406s, Maps update=0.0017s pub=0.0057s delay=0.3149s (local map=105, WM=105)
[INFO] [1774357056.753241160] [rtabmap]: rtabmap (871): Rate=1.00s, Limit=0.000s, Conversion=0.0004s, RTAB-Map=0.1267s, Maps update=0.0007s pub=0.0052s delay=0.3001s (local map=105, WM=105)
[INFO] [1774357057.867454161] [rtabmap]: rtabmap (872): Rate=1.00s, Limit=0.000s, Conversion=0.0004s, RTAB-Map=0.1331s, Maps update=0.0007s pub=0.0126s delay=0.3145s (local map=105, WM=105)
[INFO] [1774357058.859450124] [rtabmap]: rtabmap (873): Rate=1.00s, Limit=0.000s, Conversion=0.0003s, RTAB-Map=0.1249s, Maps update=0.0007s pub=0.0063s delay=0.3064s (local map=105, WM=105)
[INFO] [1774357059.965586961] [rtabmap]: rtabmap (874): Rate=1.00s, Limit=0.000s, Conversion=0.0005s, RTAB-Map=0.1452s, Maps update=0.0007s pub=0.0044s delay=0.3126s (local map=105, WM=105)
[INFO] [1774357061.059056505] [rtabmap]: rtabmap (875): Rate=1.00s, Limit=0.000s, Conversion=0.0003s, RTAB-Map=0.1331s, Maps update=0.0007s pub=0.0071s delay=0.3060s (local map=105, WM=105)
[INFO] [1774357062.066776268] [rtabmap]: rtabmap (876): Rate=1.00s, Limit=0.000s, Conversion=0.0004s, RTAB-Map=0.1378s, Maps update=0.0007s pub=0.0060s delay=0.3136s (local map=105, WM=105)
[INFO] [1774357063.168890863] [rtabmap]: rtabmap (877): Rate=1.00s, Limit=0.000s, Conversion=0.0004s, RTAB-Map=0.1324s, Maps update=0.0007s pub=0.0066s delay=0.3159s (local map=105, WM=105)
[INFO] [1774357064.158163580] [rtabmap]: rtabmap (878): Rate=1.00s, Limit=0.000s, Conversion=0.0003s, RTAB-Map=0.1355s, Maps update=0.0007s pub=0.0058s delay=0.3051s (local map=105, WM=105)
[INFO] [1774357065.254885479] [rtabmap]: rtabmap (879): Rate=1.00s, Limit=0.000s, Conversion=0.0003s, RTAB-Map=0.1275s, Maps update=0.0007s pub=0.0065s delay=0.3017s (local map=105, WM=105)
[INFO] [1774357066.362980059] [rtabmap]: rtabmap (880): Rate=1.00s, Limit=0.000s, Conversion=0.0005s, RTAB-Map=0.1383s, Maps update=0.0008s pub=0.0073s delay=0.3098s (local map=105, WM=105)
[INFO] [1774357067.461335944] [rtabmap]: rtabmap (881): Rate=1.00s, Limit=0.000s, Conversion=0.0003s, RTAB-Map=0.1299s, Maps update=0.0009s pub=0.0061s delay=0.3083s (local map=105, WM=105)
[INFO] [1774357068.464042897] [rtabmap]: rtabmap (882): Rate=1.00s, Limit=0.000s, Conversion=0.0006s, RTAB-Map=0.1274s, Maps update=0.0008s pub=0.0053s delay=0.3108s (local map=105, WM=105)
[INFO] [1774357069.568453713] [rtabmap]: rtabmap (883): Rate=1.00s, Limit=0.000s, Conversion=0.0003s, RTAB-Map=0.1322s, Maps update=0.0007s pub=0.0055s delay=0.3152s (local map=105, WM=105)
[INFO] [1774357070.661228829] [rtabmap]: rtabmap (884): Rate=1.00s, Limit=0.000s, Conversion=0.0011s, RTAB-Map=0.1321s, Maps update=0.0009s pub=0.0069s delay=0.3080s (local map=105, WM=105)
[INFO] [1774357071.754116558] [rtabmap]: rtabmap (885): Rate=1.00s, Limit=0.000s, Conversion=0.0004s, RTAB-Map=0.1271s, Maps update=0.0008s pub=0.0053s delay=0.3009s (local map=105, WM=105)
[INFO] [1774357072.868700487] [rtabmap]: rtabmap (886): Rate=1.00s, Limit=0.000s, Conversion=0.0004s, RTAB-Map=0.1342s, Maps update=0.0008s pub=0.0050s delay=0.3155s (local map=105, WM=105)
[INFO] [1774357073.868021415] [rtabmap]: rtabmap (887): Rate=1.00s, Limit=0.000s, Conversion=0.0005s, RTAB-Map=0.1317s, Maps update=0.0007s pub=0.0071s delay=0.3147s (local map=105, WM=105)
[INFO] [1774357074.956393219] [rtabmap]: rtabmap (888): Rate=1.00s, Limit=0.000s, Conversion=0.0003s, RTAB-Map=0.1307s, Maps update=0.0007s pub=0.0051s delay=0.3032s (local map=105, WM=105)
[INFO] [1774357075.953681202] [rtabmap]: rtabmap (889): Rate=1.00s, Limit=0.000s, Conversion=0.0005s, RTAB-Map=0.1311s, Maps update=0.0007s pub=0.0052s delay=0.3005s (local map=105, WM=105)
[INFO] [1774357076.955547033] [rtabmap]: rtabmap (890): Rate=1.00s, Limit=0.000s, Conversion=0.0005s, RTAB-Map=0.1287s, Maps update=0.0007s pub=0.0053s delay=0.3023s (local map=105, WM=105)
[INFO] [1774357077.947707962] [rtabmap]: rtabmap (891): Rate=1.00s, Limit=0.000s, Conversion=0.0003s, RTAB-Map=0.1257s, Maps update=0.0007s pub=0.0044s delay=0.2944s (local map=105, WM=105)
[INFO] [1774357078.954723183] [rtabmap]: rtabmap (892): Rate=1.00s, Limit=0.000s, Conversion=0.0004s, RTAB-Map=0.1306s, Maps update=0.0007s pub=0.0052s delay=0.3013s (local map=105, WM=105)
[INFO] [1774357080.062984170] [rtabmap]: rtabmap (893): Rate=1.00s, Limit=0.000s, Conversion=0.0005s, RTAB-Map=0.1319s, Maps update=0.0007s pub=0.0099s delay=0.3097s (local map=105, WM=105)
[INFO] [1774357081.062627032] [rtabmap]: rtabmap (894): Rate=1.00s, Limit=0.000s, Conversion=0.0005s, RTAB-Map=0.1338s, Maps update=0.0007s pub=0.0062s delay=0.3093s (local map=105, WM=105)
[INFO] [1774357082.058925599] [rtabmap]: rtabmap (895): Rate=1.00s, Limit=0.000s, Conversion=0.0004s, RTAB-Map=0.1309s, Maps update=0.0007s pub=0.0066s delay=0.3054s (local map=105, WM=105)
[INFO] [1774357083.171347905] [rtabmap]: rtabmap (896): Rate=1.00s, Limit=0.000s, Conversion=0.0003s, RTAB-Map=0.1376s, Maps update=0.0010s pub=0.0109s delay=0.3179s (local map=105, WM=105)
[INFO] [1774357084.276597059] [rtabmap]: rtabmap (897): Rate=1.00s, Limit=0.000s, Conversion=0.0005s, RTAB-Map=0.1362s, Maps update=0.0007s pub=0.0078s delay=0.3233s (local map=105, WM=105)
[INFO] [1774357085.249973169] [rtabmap]: rtabmap (898): Rate=1.00s, Limit=0.000s, Conversion=0.0003s, RTAB-Map=0.1296s, Maps update=0.0007s pub=0.0049s delay=0.2966s (local map=105, WM=105)
[INFO] [1774357086.368406404] [rtabmap]: rtabmap (899): Rate=1.00s, Limit=0.000s, Conversion=0.0003s, RTAB-Map=0.1381s, Maps update=0.0008s pub=0.0069s delay=0.3151s (local map=105, WM=105)
[INFO] [1774357087.362846732] [rtabmap]: rtabmap (900): Rate=1.00s, Limit=0.000s, Conversion=0.0006s, RTAB-Map=0.1375s, Maps update=0.0007s pub=0.0065s delay=0.3094s (local map=105, WM=105)
[INFO] [1774357088.481441393] [rtabmap]: rtabmap (901): Rate=1.00s, Limit=0.000s, Conversion=0.0005s, RTAB-Map=0.1425s, Maps update=0.0010s pub=0.0096s delay=0.3281s (local map=105, WM=105)
[INFO] [1774357089.561354227] [rtabmap]: rtabmap (902): Rate=1.00s, Limit=0.000s, Conversion=0.0005s, RTAB-Map=0.1292s, Maps update=0.0007s pub=0.0064s delay=0.3080s (local map=105, WM=105)
[INFO] [1774357090.548401271] [rtabmap]: rtabmap (903): Rate=1.00s, Limit=0.000s, Conversion=0.0004s, RTAB-Map=0.1224s, Maps update=0.0007s pub=0.0047s delay=0.2949s (local map=105, WM=105)
[INFO] [1774357091.569374071] [rtabmap]: rtabmap (904): Rate=1.00s, Limit=0.000s, Conversion=0.0005s, RTAB-Map=0.1311s, Maps update=0.0007s pub=0.0057s delay=0.3159s (local map=105, WM=105)
[INFO] [1774357092.658049771] [rtabmap]: rtabmap (905): Rate=1.00s, Limit=0.000s, Conversion=0.0005s, RTAB-Map=0.1270s, Maps update=0.0017s pub=0.0062s delay=0.3047s (local map=105, WM=105)
[INFO] [1774357093.670040211] [rtabmap]: rtabmap (906): Rate=1.00s, Limit=0.000s, Conversion=0.0005s, RTAB-Map=0.1352s, Maps update=0.0007s pub=0.0120s delay=0.3165s (local map=105, WM=105)
[INFO] [1774357094.761102105] [rtabmap]: rtabmap (907): Rate=1.00s, Limit=0.000s, Conversion=0.0004s, RTAB-Map=0.1284s, Maps update=0.0007s pub=0.0065s delay=0.3076s (local map=105, WM=105)
[INFO] [1774357095.847818121] [rtabmap]: rtabmap (908): Rate=1.00s, Limit=0.000s, Conversion=0.0003s, RTAB-Map=0.1258s, Maps update=0.0007s pub=0.0044s delay=0.2943s (local map=105, WM=105)
[INFO] [1774357096.967907713] [rtabmap]: rtabmap (909): Rate=1.00s, Limit=0.000s, Conversion=0.0004s, RTAB-Map=0.1367s, Maps update=0.0008s pub=0.0072s delay=0.3144s (local map=105, WM=105)
[INFO] [1774357098.068619224] [rtabmap]: rtabmap (910): Rate=1.00s, Limit=0.000s, Conversion=0.0005s, RTAB-Map=0.1325s, Maps update=0.0007s pub=0.0051s delay=0.3151s (local map=105, WM=105)
[INFO] [1774357099.077824191] [rtabmap]: rtabmap (911): Rate=1.00s, Limit=0.000s, Conversion=0.0008s, RTAB-Map=0.1434s, Maps update=0.0008s pub=0.0073s delay=0.3243s (local map=105, WM=105)
[INFO] [1774357100.160400574] [rtabmap]: rtabmap (912): Rate=1.00s, Limit=0.000s, Conversion=0.0005s, RTAB-Map=0.1280s, Maps update=0.0007s pub=0.0071s delay=0.3069s (local map=105, WM=105)
[INFO] [1774357101.168118865] [rtabmap]: rtabmap (913): Rate=1.00s, Limit=0.000s, Conversion=0.0005s, RTAB-Map=0.1369s, Maps update=0.0007s pub=0.0074s delay=0.3146s (local map=105, WM=105)
[INFO] [1774357102.270251385] [rtabmap]: rtabmap (914): Rate=1.00s, Limit=0.000s, Conversion=0.0005s, RTAB-Map=0.1340s, Maps update=0.0007s pub=0.0058s delay=0.3168s (local map=105, WM=105)
[INFO] [1774357103.253994346] [rtabmap]: rtabmap (915): Rate=1.00s, Limit=0.000s, Conversion=0.0004s, RTAB-Map=0.1277s, Maps update=0.0007s pub=0.0048s delay=0.3004s (local map=105, WM=105)
[INFO] [1774357104.356694565] [rtabmap]: rtabmap (916): Rate=1.00s, Limit=0.000s, Conversion=0.0004s, RTAB-Map=0.1294s, Maps update=0.0007s pub=0.0055s delay=0.3032s (local map=105, WM=105)
[INFO] [1774357105.366856461] [rtabmap]: rtabmap (917): Rate=1.00s, Limit=0.000s, Conversion=0.0005s, RTAB-Map=0.1364s, Maps update=0.0007s pub=0.0063s delay=0.3133s (local map=105, WM=105)
[INFO] [1774357106.458649230] [rtabmap]: rtabmap (918): Rate=1.00s, Limit=0.000s, Conversion=0.0004s, RTAB-Map=0.1271s, Maps update=0.0008s pub=0.0061s delay=0.3051s (local map=105, WM=105)
[INFO] [1774357107.468847031] [rtabmap]: rtabmap (919): Rate=1.00s, Limit=0.000s, Conversion=0.0003s, RTAB-Map=0.1330s, Maps update=0.0007s pub=0.0065s delay=0.3152s (local map=105, WM=105)
[INFO] [1774357108.572572342] [rtabmap]: rtabmap (920): Rate=1.00s, Limit=0.000s, Conversion=0.0005s, RTAB-Map=0.1330s, Maps update=0.0007s pub=0.0087s delay=0.3191s (local map=105, WM=105)
[INFO] [1774357109.568576402] [rtabmap]: rtabmap (921): Rate=1.00s, Limit=0.000s, Conversion=0.0005s, RTAB-Map=0.1352s, Maps update=0.0009s pub=0.0090s delay=0.3150s (local map=105, WM=105)
[INFO] [1774357110.569039496] [rtabmap]: rtabmap (922): Rate=1.00s, Limit=0.000s, Conversion=0.0005s, RTAB-Map=0.1329s, Maps update=0.0007s pub=0.0145s delay=0.3154s (local map=105, WM=105)
[INFO] [1774357111.649981711] [rtabmap]: rtabmap (923): Rate=1.00s, Limit=0.000s, Conversion=0.0004s, RTAB-Map=0.1263s, Maps update=0.0007s pub=0.0049s delay=0.2964s (local map=105, WM=105)
[INFO] [1774357112.661132601] [rtabmap]: rtabmap (924): Rate=1.00s, Limit=0.000s, Conversion=0.0007s, RTAB-Map=0.1295s, Maps update=0.0007s pub=0.0081s delay=0.3075s (local map=105, WM=105)
[INFO] [1774357113.769686913] [rtabmap]: rtabmap (925): Rate=1.00s, Limit=0.000s, Conversion=0.0004s, RTAB-Map=0.1357s, Maps update=0.0007s pub=0.0062s delay=0.3161s (local map=105, WM=105)
[INFO] [1774357114.863985976] [rtabmap]: rtabmap (926): Rate=1.00s, Limit=0.000s, Conversion=0.0004s, RTAB-Map=0.1358s, Maps update=0.0009s pub=0.0054s delay=0.3103s (local map=105, WM=105)
[INFO] [1774357115.868321653] [rtabmap]: rtabmap (927): Rate=1.00s, Limit=0.000s, Conversion=0.0004s, RTAB-Map=0.1407s, Maps update=0.0007s pub=0.0061s delay=0.3146s (local map=105, WM=105)
[INFO] [1774357116.961878259] [rtabmap]: rtabmap (928): Rate=1.00s, Limit=0.000s, Conversion=0.0004s, RTAB-Map=0.1356s, Maps update=0.0008s pub=0.0061s delay=0.3082s (local map=105, WM=105)
[INFO] [1774357117.966031466] [rtabmap]: rtabmap (929): Rate=1.00s, Limit=0.000s, Conversion=0.0004s, RTAB-Map=0.1310s, Maps update=0.0008s pub=0.0067s delay=0.3123s (local map=105, WM=105)
[INFO] [1774357119.055486040] [rtabmap]: rtabmap (930): Rate=1.00s, Limit=0.000s, Conversion=0.0004s, RTAB-Map=0.1277s, Maps update=0.0007s pub=0.0051s delay=0.3019s (local map=105, WM=105)
[INFO] [1774357120.064684543] [rtabmap]: rtabmap (931): Rate=1.00s, Limit=0.000s, Conversion=0.0005s, RTAB-Map=0.1381s, Maps update=0.0007s pub=0.0050s delay=0.3109s (local map=105, WM=105)
[INFO] [1774357121.164444916] [rtabmap]: rtabmap (932): Rate=1.00s, Limit=0.000s, Conversion=0.0004s, RTAB-Map=0.1350s, Maps update=0.0009s pub=0.0052s delay=0.3107s (local map=105, WM=105)
[INFO] [1774357122.251017151] [rtabmap]: rtabmap (933): Rate=1.00s, Limit=0.000s, Conversion=0.0004s, RTAB-Map=0.1272s, Maps update=0.0007s pub=0.0052s delay=0.2974s (local map=105, WM=105)
[INFO] [1774357123.262745309] [rtabmap]: rtabmap (934): Rate=1.00s, Limit=0.000s, Conversion=0.0003s, RTAB-Map=0.1331s, Maps update=0.0007s pub=0.0064s delay=0.3090s (local map=105, WM=105)
[INFO] [1774357124.365025098] [rtabmap]: rtabmap (935): Rate=1.00s, Limit=0.000s, Conversion=0.0006s, RTAB-Map=0.1333s, Maps update=0.0008s pub=0.0074s delay=0.3114s (local map=105, WM=105)
[INFO] [1774357125.368594509] [rtabmap]: rtabmap (936): Rate=1.00s, Limit=0.000s, Conversion=0.0004s, RTAB-Map=0.1229s, Maps update=0.0011s pub=0.0092s delay=0.3148s (local map=105, WM=105)
[INFO] [1774357126.457344803] [rtabmap]: rtabmap (937): Rate=1.00s, Limit=0.000s, Conversion=0.0008s, RTAB-Map=0.1263s, Maps update=0.0007s pub=0.0058s delay=0.3035s (local map=105, WM=105)
[INFO] [1774357127.464479586] [rtabmap]: rtabmap (938): Rate=1.00s, Limit=0.000s, Conversion=0.0004s, RTAB-Map=0.1350s, Maps update=0.0007s pub=0.0116s delay=0.3106s (local map=105, WM=105)
[INFO] [1774357128.479726267] [rtabmap]: rtabmap (939): Rate=1.00s, Limit=0.000s, Conversion=0.0003s, RTAB-Map=0.1422s, Maps update=0.0007s pub=0.0105s delay=0.3258s (local map=105, WM=105)
[INFO] [1774357129.565437447] [rtabmap]: rtabmap (940): Rate=1.00s, Limit=0.000s, Conversion=0.0005s, RTAB-Map=0.1323s, Maps update=0.0008s pub=0.0094s delay=0.3117s (local map=105, WM=105)
[INFO] [1774357130.561956469] [rtabmap]: rtabmap (941): Rate=1.00s, Limit=0.000s, Conversion=0.0005s, RTAB-Map=0.1332s, Maps update=0.0007s pub=0.0079s delay=0.3082s (local map=105, WM=105)
[INFO] [1774357131.563083875] [rtabmap]: rtabmap (942): Rate=1.00s, Limit=0.000s, Conversion=0.0005s, RTAB-Map=0.1275s, Maps update=0.0008s pub=0.0053s delay=0.3093s (local map=105, WM=105)
[INFO] [1774357132.657212628] [rtabmap]: rtabmap (943): Rate=1.00s, Limit=0.000s, Conversion=0.0003s, RTAB-Map=0.1267s, Maps update=0.0007s pub=0.0058s delay=0.3035s (local map=105, WM=105)
[INFO] [1774357133.776027552] [rtabmap]: rtabmap (944): Rate=1.00s, Limit=0.000s, Conversion=0.0005s, RTAB-Map=0.1443s, Maps update=0.0012s pub=0.0084s delay=0.3223s (local map=105, WM=105)
[INFO] [1774357134.760855767] [rtabmap]: rtabmap (945): Rate=1.00s, Limit=0.000s, Conversion=0.0004s, RTAB-Map=0.1323s, Maps update=0.0017s pub=0.0074s delay=0.3070s (local map=105, WM=105)
[INFO] [1774357135.863764442] [rtabmap]: rtabmap (946): Rate=1.00s, Limit=0.000s, Conversion=0.0005s, RTAB-Map=0.1307s, Maps update=0.0007s pub=0.0072s delay=0.3099s (local map=105, WM=105)
[INFO] [1774357136.962718035] [rtabmap]: rtabmap (947): Rate=1.00s, Limit=0.000s, Conversion=0.0006s, RTAB-Map=0.1266s, Maps update=0.0007s pub=0.0062s delay=0.3088s (local map=105, WM=105)
[INFO] [1774357138.061271358] [rtabmap]: rtabmap (948): Rate=1.00s, Limit=0.000s, Conversion=0.0004s, RTAB-Map=0.1305s, Maps update=0.0007s pub=0.0075s delay=0.3074s (local map=105, WM=105)
[INFO] [1774357139.171158068] [rtabmap]: rtabmap (949): Rate=1.00s, Limit=0.000s, Conversion=0.0006s, RTAB-Map=0.1357s, Maps update=0.0009s pub=0.0066s delay=0.3174s (local map=105, WM=105)
[INFO] [1774357140.263621547] [rtabmap]: rtabmap (950): Rate=1.00s, Limit=0.000s, Conversion=0.0004s, RTAB-Map=0.1307s, Maps update=0.0009s pub=0.0049s delay=0.3099s (local map=105, WM=105)
[INFO] [1774357141.258563586] [rtabmap]: rtabmap (951): Rate=1.00s, Limit=0.000s, Conversion=0.0004s, RTAB-Map=0.1302s, Maps update=0.0009s pub=0.0061s delay=0.3047s (local map=105, WM=105)
[INFO] [1774357142.270437573] [rtabmap]: rtabmap (952): Rate=1.00s, Limit=0.000s, Conversion=0.0004s, RTAB-Map=0.1325s, Maps update=0.0011s pub=0.0100s delay=0.3166s (local map=105, WM=105)
[INFO] [1774357143.375192744] [rtabmap]: rtabmap (953): Rate=1.00s, Limit=0.000s, Conversion=0.0005s, RTAB-Map=0.1393s, Maps update=0.0007s pub=0.0049s delay=0.3213s (local map=105, WM=105)
[INFO] [1774357144.456708451] [rtabmap]: rtabmap (954): Rate=1.00s, Limit=0.000s, Conversion=0.0005s, RTAB-Map=0.1303s, Maps update=0.0007s pub=0.0055s delay=0.3029s (local map=105, WM=105)
[INFO] [1774357145.465393784] [rtabmap]: rtabmap (955): Rate=1.00s, Limit=0.000s, Conversion=0.0003s, RTAB-Map=0.1280s, Maps update=0.0009s pub=0.0096s delay=0.3115s (local map=105, WM=105)
[INFO] [1774357146.465097044] [rtabmap]: rtabmap (956): Rate=1.00s, Limit=0.000s, Conversion=0.0005s, RTAB-Map=0.1296s, Maps update=0.0008s pub=0.0072s delay=0.3112s (local map=105, WM=105)
[INFO] [1774357147.569292484] [rtabmap]: rtabmap (957): Rate=1.00s, Limit=0.000s, Conversion=0.0005s, RTAB-Map=0.1350s, Maps update=0.0008s pub=0.0057s delay=0.3155s (local map=105, WM=105)
[INFO] [1774357148.557052800] [rtabmap]: rtabmap (958): Rate=1.00s, Limit=0.000s, Conversion=0.0003s, RTAB-Map=0.1298s, Maps update=0.0007s pub=0.0064s delay=0.3032s (local map=105, WM=105)
[INFO] [1774357149.571224628] [rtabmap]: rtabmap (959): Rate=1.00s, Limit=0.000s, Conversion=0.0003s, RTAB-Map=0.1315s, Maps update=0.0007s pub=0.0090s delay=0.3174s (local map=105, WM=105)
[INFO] [1774357150.561802323] [rtabmap]: rtabmap (960): Rate=1.00s, Limit=0.000s, Conversion=0.0004s, RTAB-Map=0.1314s, Maps update=0.0007s pub=0.0080s delay=0.3079s (local map=105, WM=105)
[INFO] [1774357151.559199839] [rtabmap]: rtabmap (961): Rate=1.00s, Limit=0.000s, Conversion=0.0005s, RTAB-Map=0.1302s, Maps update=0.0007s pub=0.0067s delay=0.3053s (local map=105, WM=105)
[INFO] [1774357152.656441500] [rtabmap]: rtabmap (962): Rate=1.00s, Limit=0.000s, Conversion=0.0005s, RTAB-Map=0.1275s, Maps update=0.0007s pub=0.0059s delay=0.3024s (local map=105, WM=105)
[INFO] [1774357153.767396343] [rtabmap]: rtabmap (963): Rate=1.00s, Limit=0.000s, Conversion=0.0003s, RTAB-Map=0.1301s, Maps update=0.0008s pub=0.0071s delay=0.3135s (local map=105, WM=105)
[INFO] [1774357154.865871936] [rtabmap]: rtabmap (964): Rate=1.00s, Limit=0.000s, Conversion=0.0005s, RTAB-Map=0.1295s, Maps update=0.0007s pub=0.0095s delay=0.3120s (local map=105, WM=105)
[INFO] [1774357155.849586320] [rtabmap]: rtabmap (965): Rate=1.00s, Limit=0.000s, Conversion=0.0004s, RTAB-Map=0.1278s, Maps update=0.0007s pub=0.0063s delay=0.2956s (local map=105, WM=105)
[INFO] [1774357156.853099728] [rtabmap]: rtabmap (966): Rate=1.00s, Limit=0.000s, Conversion=0.0006s, RTAB-Map=0.1305s, Maps update=0.0007s pub=0.0062s delay=0.2991s (local map=105, WM=105)
[INFO] [1774357157.867793558] [rtabmap]: rtabmap (967): Rate=1.00s, Limit=0.000s, Conversion=0.0004s, RTAB-Map=0.1328s, Maps update=0.0007s pub=0.0063s delay=0.3138s (local map=105, WM=105)
[INFO] [1774357158.996839302] [rtabmap]: rtabmap (968): Rate=1.00s, Limit=0.000s, Conversion=0.0003s, RTAB-Map=0.1503s, Maps update=0.0009s pub=0.0158s delay=0.3427s (local map=105, WM=105)
[INFO] [1774357160.070675990] [rtabmap]: rtabmap (969): Rate=1.00s, Limit=0.000s, Conversion=0.0005s, RTAB-Map=0.1416s, Maps update=0.0007s pub=0.0055s delay=0.3168s (local map=105, WM=105)
[INFO] [1774357161.061752518] [rtabmap]: rtabmap (970): Rate=1.00s, Limit=0.000s, Conversion=0.0004s, RTAB-Map=0.1313s, Maps update=0.0007s pub=0.0067s delay=0.3079s (local map=105, WM=105)
[INFO] [1774357162.059652899] [rtabmap]: rtabmap (971): Rate=1.00s, Limit=0.000s, Conversion=0.0003s, RTAB-Map=0.1342s, Maps update=0.0007s pub=0.0073s delay=0.3056s (local map=105, WM=105)
[INFO] [1774357163.160893004] [rtabmap]: rtabmap (972): Rate=1.00s, Limit=0.000s, Conversion=0.0003s, RTAB-Map=0.1303s, Maps update=0.0007s pub=0.0072s delay=0.3072s (local map=105, WM=105)
[INFO] [1774357164.170337499] [rtabmap]: rtabmap (973): Rate=1.00s, Limit=0.000s, Conversion=0.0003s, RTAB-Map=0.1320s, Maps update=0.0007s pub=0.0087s delay=0.3163s (local map=105, WM=105)
[INFO] [1774357165.268555963] [rtabmap]: rtabmap (974): Rate=1.00s, Limit=0.000s, Conversion=0.0005s, RTAB-Map=0.1340s, Maps update=0.0014s pub=0.0086s delay=0.3145s (local map=105, WM=105)
[INFO] [1774357166.372521506] [rtabmap]: rtabmap (975): Rate=1.00s, Limit=0.000s, Conversion=0.0005s, RTAB-Map=0.1348s, Maps update=0.0018s pub=0.0065s delay=0.3185s (local map=105, WM=105)
[INFO] [1774357167.361502217] [rtabmap]: rtabmap (976): Rate=1.00s, Limit=0.000s, Conversion=0.0105s, RTAB-Map=0.1240s, Maps update=0.0007s pub=0.0071s delay=0.3075s (local map=105, WM=105)
[INFO] [1774357168.472320415] [rtabmap]: rtabmap (977): Rate=1.00s, Limit=0.000s, Conversion=0.0003s, RTAB-Map=0.1365s, Maps update=0.0007s pub=0.0073s delay=0.3183s (local map=105, WM=105)
[INFO] [1774357169.554792411] [rtabmap]: rtabmap (978): Rate=1.00s, Limit=0.000s, Conversion=0.0004s, RTAB-Map=0.1310s, Maps update=0.0007s pub=0.0050s delay=0.3008s (local map=105, WM=105)
[INFO] [1774357170.550960732] [rtabmap]: rtabmap (979): Rate=1.00s, Limit=0.000s, Conversion=0.0003s, RTAB-Map=0.1253s, Maps update=0.0007s pub=0.0053s delay=0.2969s (local map=105, WM=105)
[INFO] [1774357171.662082621] [rtabmap]: rtabmap (980): Rate=1.00s, Limit=0.000s, Conversion=0.0005s, RTAB-Map=0.1355s, Maps update=0.0007s pub=0.0063s delay=0.3081s (local map=105, WM=105)
[INFO] [1774357172.668401791] [rtabmap]: rtabmap (981): Rate=1.00s, Limit=0.000s, Conversion=0.0003s, RTAB-Map=0.1388s, Maps update=0.0007s pub=0.0075s delay=0.3143s (local map=105, WM=105)
[INFO] [1774357173.662319986] [rtabmap]: rtabmap (982): Rate=1.00s, Limit=0.000s, Conversion=0.0005s, RTAB-Map=0.1318s, Maps update=0.0007s pub=0.0065s delay=0.3082s (local map=105, WM=105)
[INFO] [1774357174.779577576] [rtabmap]: rtabmap (983): Rate=1.00s, Limit=0.000s, Conversion=0.0003s, RTAB-Map=0.1449s, Maps update=0.0013s pub=0.0061s delay=0.3255s (local map=105, WM=105)
[INFO] [1774357175.854880811] [rtabmap]: rtabmap (984): Rate=1.00s, Limit=0.000s, Conversion=0.0005s, RTAB-Map=0.1245s, Maps update=0.0007s pub=0.0049s delay=0.3008s (local map=105, WM=105)
[INFO] [1774357176.968031634] [rtabmap]: rtabmap (985): Rate=1.00s, Limit=0.000s, Conversion=0.0107s, RTAB-Map=0.1269s, Maps update=0.0007s pub=0.0069s delay=0.3142s (local map=105, WM=105)
[INFO] [1774357177.957100156] [rtabmap]: rtabmap (986): Rate=1.00s, Limit=0.000s, Conversion=0.0005s, RTAB-Map=0.1249s, Maps update=0.0007s pub=0.0060s delay=0.3032s (local map=105, WM=105)
[INFO] [1774357178.962025166] [rtabmap]: rtabmap (987): Rate=1.00s, Limit=0.000s, Conversion=0.0004s, RTAB-Map=0.1390s, Maps update=0.0007s pub=0.0057s delay=0.3080s (local map=105, WM=105)
[INFO] [1774357179.958580093] [rtabmap]: rtabmap (988): Rate=1.00s, Limit=0.000s, Conversion=0.0004s, RTAB-Map=0.1358s, Maps update=0.0007s pub=0.0073s delay=0.3044s (local map=105, WM=105)
[INFO] [1774357181.060368153] [rtabmap]: rtabmap (989): Rate=1.00s, Limit=0.000s, Conversion=0.0004s, RTAB-Map=0.1321s, Maps update=0.0007s pub=0.0059s delay=0.3065s (local map=105, WM=105)
[INFO] [1774357182.069332247] [rtabmap]: rtabmap (990): Rate=1.00s, Limit=0.000s, Conversion=0.0003s, RTAB-Map=0.1299s, Maps update=0.0008s pub=0.0109s delay=0.3151s (local map=105, WM=105)
[INFO] [1774357183.168037320] [rtabmap]: rtabmap (991): Rate=1.00s, Limit=0.000s, Conversion=0.0003s, RTAB-Map=0.1343s, Maps update=0.0008s pub=0.0097s delay=0.3141s (local map=105, WM=105)
[INFO] [1774357184.167707587] [rtabmap]: rtabmap (992): Rate=1.00s, Limit=0.000s, Conversion=0.0003s, RTAB-Map=0.1328s, Maps update=0.0010s pub=0.0101s delay=0.3137s (local map=105, WM=105)
[INFO] [1774357185.258146740] [rtabmap]: rtabmap (993): Rate=1.00s, Limit=0.000s, Conversion=0.0006s, RTAB-Map=0.1308s, Maps update=0.0007s pub=0.0055s delay=0.3039s (local map=105, WM=105)
[INFO] [1774357186.372287965] [rtabmap]: rtabmap (994): Rate=1.00s, Limit=0.000s, Conversion=0.0005s, RTAB-Map=0.1365s, Maps update=0.0008s pub=0.0131s delay=0.3181s (local map=105, WM=105)
[INFO] [1774357187.459568832] [rtabmap]: rtabmap (995): Rate=1.00s, Limit=0.000s, Conversion=0.0005s, RTAB-Map=0.1295s, Maps update=0.0007s pub=0.0065s delay=0.3054s (local map=105, WM=105)
[INFO] [1774357188.455823205] [rtabmap]: rtabmap (996): Rate=1.00s, Limit=0.000s, Conversion=0.0004s, RTAB-Map=0.1335s, Maps update=0.0007s pub=0.0048s delay=0.3016s (local map=105, WM=105)
[INFO] [1774357189.557505213] [rtabmap]: rtabmap (997): Rate=1.00s, Limit=0.000s, Conversion=0.0006s, RTAB-Map=0.1314s, Maps update=0.0007s pub=0.0055s delay=0.3035s (local map=105, WM=105)
[INFO] [1774357190.582460807] [rtabmap]: rtabmap (998): Rate=1.00s, Limit=0.000s, Conversion=0.0106s, RTAB-Map=0.1393s, Maps update=0.0008s pub=0.0062s delay=0.3283s (local map=105, WM=105)
[INFO] [1774357191.655356150] [rtabmap]: rtabmap (999): Rate=1.00s, Limit=0.000s, Conversion=0.0005s, RTAB-Map=0.1285s, Maps update=0.0006s pub=0.0048s delay=0.3012s (local map=105, WM=105)
[INFO] [1774357192.674812225] [rtabmap]: rtabmap (1000): Rate=1.00s, Limit=0.000s, Conversion=0.0004s, RTAB-Map=0.1380s, Maps update=0.0011s pub=0.0088s delay=0.3206s (local map=105, WM=105)
[INFO] [1774357193.763121288] [rtabmap]: rtabmap (1001): Rate=1.00s, Limit=0.000s, Conversion=0.0008s, RTAB-Map=0.1379s, Maps update=0.0007s pub=0.0051s delay=0.3091s (local map=105, WM=105)
[INFO] [1774357194.751488730] [rtabmap]: rtabmap (1002): Rate=1.00s, Limit=0.000s, Conversion=0.0006s, RTAB-Map=0.1298s, Maps update=0.0007s pub=0.0069s delay=0.2974s (local map=105, WM=105)
[INFO] [1774357195.860995299] [rtabmap]: rtabmap (1003): Rate=1.00s, Limit=0.000s, Conversion=0.0008s, RTAB-Map=0.1335s, Maps update=0.0007s pub=0.0056s delay=0.3080s (local map=105, WM=105)
[INFO] [1774357196.865027797] [rtabmap]: rtabmap (1004): Rate=1.00s, Limit=0.000s, Conversion=0.0005s, RTAB-Map=0.1354s, Maps update=0.0007s pub=0.0073s delay=0.3108s (local map=105, WM=105)
[INFO] [1774357197.974514205] [rtabmap]: rtabmap (1005): Rate=1.00s, Limit=0.000s, Conversion=0.0005s, RTAB-Map=0.1424s, Maps update=0.0007s pub=0.0061s delay=0.3203s (local map=105, WM=105)
[INFO] [1774357198.971590622] [rtabmap]: rtabmap (1006): Rate=1.00s, Limit=0.000s, Conversion=0.0003s, RTAB-Map=0.1350s, Maps update=0.0007s pub=0.0060s delay=0.3173s (local map=105, WM=105)
[INFO] [1774357200.062004910] [rtabmap]: rtabmap (1007): Rate=1.00s, Limit=0.000s, Conversion=0.0005s, RTAB-Map=0.1269s, Maps update=0.0008s pub=0.0054s delay=0.3079s (local map=105, WM=105)
[INFO] [1774357201.064680114] [rtabmap]: rtabmap (1008): Rate=1.00s, Limit=0.000s, Conversion=0.0004s, RTAB-Map=0.1331s, Maps update=0.0008s pub=0.0076s delay=0.3106s (local map=105, WM=105)
[INFO] [1774357202.157940357] [rtabmap]: rtabmap (1009): Rate=1.00s, Limit=0.000s, Conversion=0.0003s, RTAB-Map=0.1297s, Maps update=0.0007s pub=0.0051s delay=0.3038s (local map=105, WM=105)
[INFO] [1774357203.264907125] [rtabmap]: rtabmap (1010): Rate=1.00s, Limit=0.000s, Conversion=0.0005s, RTAB-Map=0.1359s, Maps update=0.0009s pub=0.0052s delay=0.3107s (local map=105, WM=105)
[INFO] [1774357204.367584848] [rtabmap]: rtabmap (1011): Rate=1.00s, Limit=0.000s, Conversion=0.0005s, RTAB-Map=0.1330s, Maps update=0.0008s pub=0.0053s delay=0.3144s (local map=105, WM=105)
[INFO] [1774357205.353031068] [rtabmap]: rtabmap (1012): Rate=1.00s, Limit=0.000s, Conversion=0.0005s, RTAB-Map=0.1264s, Maps update=0.0007s pub=0.0049s delay=0.2988s (local map=105, WM=105)
[INFO] [1774357206.463003860] [rtabmap]: rtabmap (1013): Rate=1.00s, Limit=0.000s, Conversion=0.0006s, RTAB-Map=0.1278s, Maps update=0.0007s pub=0.0069s delay=0.3087s (local map=105, WM=105)
[INFO] [1774357207.579042368] [rtabmap]: rtabmap (1014): Rate=1.00s, Limit=0.000s, Conversion=0.0004s, RTAB-Map=0.1450s, Maps update=0.0009s pub=0.0089s delay=0.3258s (local map=105, WM=105)
[INFO] [1774357208.568843012] [rtabmap]: rtabmap (1015): Rate=1.00s, Limit=0.000s, Conversion=0.0004s, RTAB-Map=0.1366s, Maps update=0.0008s pub=0.0080s delay=0.3147s (local map=105, WM=105)
[INFO] [1774357209.564375471] [rtabmap]: rtabmap (1016): Rate=1.00s, Limit=0.000s, Conversion=0.0003s, RTAB-Map=0.1380s, Maps update=0.0007s pub=0.0078s delay=0.3101s (local map=105, WM=105)
[INFO] [1774357210.668736516] [rtabmap]: rtabmap (1017): Rate=1.00s, Limit=0.000s, Conversion=0.0003s, RTAB-Map=0.1325s, Maps update=0.0011s pub=0.0072s delay=0.3144s (local map=105, WM=105)
[INFO] [1774357211.673415181] [rtabmap]: rtabmap (1018): Rate=1.00s, Limit=0.000s, Conversion=0.0003s, RTAB-Map=0.1383s, Maps update=0.0007s pub=0.0062s delay=0.3190s (local map=105, WM=105)
[INFO] [1774357212.763989155] [rtabmap]: rtabmap (1019): Rate=1.00s, Limit=0.000s, Conversion=0.0005s, RTAB-Map=0.1324s, Maps update=0.0008s pub=0.0095s delay=0.3097s (local map=105, WM=105)
[INFO] [1774357213.874062655] [rtabmap]: rtabmap (1020): Rate=1.00s, Limit=0.000s, Conversion=0.0004s, RTAB-Map=0.1461s, Maps update=0.0007s pub=0.0101s delay=0.3197s (local map=105, WM=105)
[INFO] [1774357214.872558417] [rtabmap]: rtabmap (1021): Rate=1.00s, Limit=0.000s, Conversion=0.0005s, RTAB-Map=0.1354s, Maps update=0.0015s pub=0.0136s delay=0.3182s (local map=105, WM=105)
[INFO] [1774357215.971149694] [rtabmap]: rtabmap (1022): Rate=1.00s, Limit=0.000s, Conversion=0.0105s, RTAB-Map=0.1293s, Maps update=0.0007s pub=0.0077s delay=0.3169s (local map=105, WM=105)
[INFO] [1774357216.955964468] [rtabmap]: rtabmap (1023): Rate=1.00s, Limit=0.000s, Conversion=0.0006s, RTAB-Map=0.1302s, Maps update=0.0007s pub=0.0054s delay=0.3015s (local map=105, WM=105)
[INFO] [1774357218.068088792] [rtabmap]: rtabmap (1024): Rate=1.00s, Limit=0.000s, Conversion=0.0005s, RTAB-Map=0.1328s, Maps update=0.0008s pub=0.0094s delay=0.3138s (local map=105, WM=105)
[INFO] [1774357219.081432078] [rtabmap]: rtabmap (1025): Rate=1.00s, Limit=0.000s, Conversion=0.0003s, RTAB-Map=0.1422s, Maps update=0.0008s pub=0.0054s delay=0.3271s (local map=105, WM=105)
[INFO] [1774357220.160489011] [rtabmap]: rtabmap (1026): Rate=1.00s, Limit=0.000s, Conversion=0.0005s, RTAB-Map=0.1310s, Maps update=0.0008s pub=0.0083s delay=0.3061s (local map=105, WM=105)
[INFO] [1774357221.268275168] [rtabmap]: rtabmap (1027): Rate=1.00s, Limit=0.000s, Conversion=0.0005s, RTAB-Map=0.1310s, Maps update=0.0007s pub=0.0099s delay=0.3139s (local map=105, WM=105)
[INFO] [1774357222.361517490] [rtabmap]: rtabmap (1028): Rate=1.00s, Limit=0.000s, Conversion=0.0005s, RTAB-Map=0.1335s, Maps update=0.0007s pub=0.0066s delay=0.3073s (local map=105, WM=105)
[INFO] [1774357223.453213679] [rtabmap]: rtabmap (1029): Rate=1.00s, Limit=0.000s, Conversion=0.0004s, RTAB-Map=0.1318s, Maps update=0.0007s pub=0.0058s delay=0.2989s (local map=105, WM=105)
[INFO] [1774357224.474335989] [rtabmap]: rtabmap (1030): Rate=1.00s, Limit=0.000s, Conversion=0.0004s, RTAB-Map=0.1462s, Maps update=0.0014s pub=0.0071s delay=0.3199s (local map=105, WM=105)
[INFO] [1774357225.566362205] [rtabmap]: rtabmap (1031): Rate=1.00s, Limit=0.000s, Conversion=0.0005s, RTAB-Map=0.1266s, Maps update=0.0008s pub=0.0085s delay=0.3132s (local map=105, WM=105)
[INFO] [1774357226.579464075] [rtabmap]: rtabmap (1032): Rate=1.00s, Limit=0.000s, Conversion=0.0006s, RTAB-Map=0.1463s, Maps update=0.0008s pub=0.0064s delay=0.3251s (local map=105, WM=105)
[INFO] [1774357227.661350066] [rtabmap]: rtabmap (1033): Rate=1.00s, Limit=0.000s, Conversion=0.0004s, RTAB-Map=0.1325s, Maps update=0.0007s pub=0.0087s delay=0.3081s (local map=105, WM=105)
[INFO] [1774357228.657458610] [rtabmap]: rtabmap (1034): Rate=1.00s, Limit=0.000s, Conversion=0.0005s, RTAB-Map=0.1343s, Maps update=0.0007s pub=0.0063s delay=0.3031s (local map=105, WM=105)
[INFO] [1774357229.756577553] [rtabmap]: rtabmap (1035): Rate=1.00s, Limit=0.000s, Conversion=0.0004s, RTAB-Map=0.1290s, Maps update=0.0007s pub=0.0048s delay=0.3035s (local map=105, WM=105)
[INFO] [1774357230.756911235] [rtabmap]: rtabmap (1036): Rate=1.00s, Limit=0.000s, Conversion=0.0006s, RTAB-Map=0.1268s, Maps update=0.0007s pub=0.0058s delay=0.3025s (local map=105, WM=105)
[INFO] [1774357231.873275098] [rtabmap]: rtabmap (1037): Rate=1.00s, Limit=0.000s, Conversion=0.0003s, RTAB-Map=0.1396s, Maps update=0.0013s pub=0.0098s delay=0.3198s (local map=105, WM=105)
[INFO] [1774357232.966610543] [rtabmap]: rtabmap (1038): Rate=1.00s, Limit=0.000s, Conversion=0.0005s, RTAB-Map=0.1322s, Maps update=0.0008s pub=0.0085s delay=0.3134s (local map=105, WM=105)
[INFO] [1774357234.060476984] [rtabmap]: rtabmap (1039): Rate=1.00s, Limit=0.000s, Conversion=0.0004s, RTAB-Map=0.1338s, Maps update=0.0007s pub=0.0060s delay=0.3060s (local map=105, WM=105)
[INFO] [1774357235.167640110] [rtabmap]: rtabmap (1040): Rate=1.00s, Limit=0.000s, Conversion=0.0003s, RTAB-Map=0.1353s, Maps update=0.0007s pub=0.0049s delay=0.3132s (local map=105, WM=105)
[INFO] [1774357236.258010877] [rtabmap]: rtabmap (1041): Rate=1.00s, Limit=0.000s, Conversion=0.0003s, RTAB-Map=0.1287s, Maps update=0.0007s pub=0.0060s delay=0.3036s (local map=105, WM=105)
[INFO] [1774357237.362078248] [rtabmap]: rtabmap (1042): Rate=1.00s, Limit=0.000s, Conversion=0.0004s, RTAB-Map=0.1269s, Maps update=0.0007s pub=0.0081s delay=0.3076s (local map=105, WM=105)
[INFO] [1774357238.455469504] [rtabmap]: rtabmap (1043): Rate=1.00s, Limit=0.000s, Conversion=0.0004s, RTAB-Map=0.1301s, Maps update=0.0007s pub=0.0048s delay=0.3022s (local map=105, WM=105)
[INFO] [1774357239.570118491] [rtabmap]: rtabmap (1044): Rate=1.00s, Limit=0.000s, Conversion=0.0003s, RTAB-Map=0.1370s, Maps update=0.0010s pub=0.0079s delay=0.3169s (local map=105, WM=105)
[INFO] [1774357240.561442868] [rtabmap]: rtabmap (1045): Rate=1.00s, Limit=0.000s, Conversion=0.0003s, RTAB-Map=0.1309s, Maps update=0.0007s pub=0.0074s delay=0.3081s (local map=105, WM=105)
[INFO] [1774357241.562112018] [rtabmap]: rtabmap (1046): Rate=1.00s, Limit=0.000s, Conversion=0.0004s, RTAB-Map=0.1337s, Maps update=0.0007s pub=0.0074s delay=0.3087s (local map=105, WM=105)
[INFO] [1774357242.554155491] [rtabmap]: rtabmap (1047): Rate=1.00s, Limit=0.000s, Conversion=0.0005s, RTAB-Map=0.1249s, Maps update=0.0007s pub=0.0051s delay=0.2998s (local map=105, WM=105)
[INFO] [1774357243.645120039] [rtabmap]: rtabmap (1048): Rate=1.00s, Limit=0.000s, Conversion=0.0008s, RTAB-Map=0.1247s, Maps update=0.0007s pub=0.0055s delay=0.2918s (local map=105, WM=105)
[INFO] [1774357244.773421917] [rtabmap]: rtabmap (1049): Rate=1.00s, Limit=0.000s, Conversion=0.0005s, RTAB-Map=0.1413s, Maps update=0.0008s pub=0.0073s delay=0.3204s (local map=105, WM=105)
[INFO] [1774357245.762769841] [rtabmap]: rtabmap (1050): Rate=1.00s, Limit=0.000s, Conversion=0.0004s, RTAB-Map=0.1332s, Maps update=0.0009s pub=0.0051s delay=0.3095s (local map=105, WM=105)
[INFO] [1774357246.761670577] [rtabmap]: rtabmap (1051): Rate=1.00s, Limit=0.000s, Conversion=0.0005s, RTAB-Map=0.1319s, Maps update=0.0007s pub=0.0083s delay=0.3084s (local map=105, WM=105)
[INFO] [1774357247.871381505] [rtabmap]: rtabmap (1052): Rate=1.00s, Limit=0.000s, Conversion=0.0005s, RTAB-Map=0.1351s, Maps update=0.0007s pub=0.0061s delay=0.3184s (local map=105, WM=105)
[INFO] [1774357248.861533137] [rtabmap]: rtabmap (1053): Rate=1.00s, Limit=0.000s, Conversion=0.0006s, RTAB-Map=0.1285s, Maps update=0.0007s pub=0.0064s delay=0.3082s (local map=105, WM=105)
[INFO] [1774357249.975012131] [rtabmap]: rtabmap (1054): Rate=1.00s, Limit=0.000s, Conversion=0.0006s, RTAB-Map=0.1389s, Maps update=0.0010s pub=0.0073s delay=0.3220s (local map=105, WM=105)
[INFO] [1774357250.955335869] [rtabmap]: rtabmap (1055): Rate=1.00s, Limit=0.000s, Conversion=0.0003s, RTAB-Map=0.1250s, Maps update=0.0007s pub=0.0059s delay=0.3023s (local map=105, WM=105)
[INFO] [1774357251.960336722] [rtabmap]: rtabmap (1056): Rate=1.00s, Limit=0.000s, Conversion=0.0005s, RTAB-Map=0.1330s, Maps update=0.0007s pub=0.0060s delay=0.3068s (local map=105, WM=105)
[INFO] [1774357253.068170784] [rtabmap]: rtabmap (1057): Rate=1.00s, Limit=0.000s, Conversion=0.0008s, RTAB-Map=0.1367s, Maps update=0.0009s pub=0.0069s delay=0.3147s (local map=105, WM=105)
[INFO] [1774357254.162390420] [rtabmap]: rtabmap (1058): Rate=1.00s, Limit=0.000s, Conversion=0.0003s, RTAB-Map=0.1323s, Maps update=0.0007s pub=0.0081s delay=0.3088s (local map=105, WM=105)
[INFO] [1774357255.262485781] [rtabmap]: rtabmap (1059): Rate=1.00s, Limit=0.000s, Conversion=0.0005s, RTAB-Map=0.1268s, Maps update=0.0008s pub=0.0063s delay=0.3094s (local map=105, WM=105)
[INFO] [1774357256.255254976] [rtabmap]: rtabmap (1060): Rate=1.00s, Limit=0.000s, Conversion=0.0004s, RTAB-Map=0.1284s, Maps update=0.0007s pub=0.0054s delay=0.3022s (local map=105, WM=105)
[INFO] [1774357257.268000994] [rtabmap]: rtabmap (1061): Rate=1.00s, Limit=0.000s, Conversion=0.0005s, RTAB-Map=0.1427s, Maps update=0.0007s pub=0.0063s delay=0.3144s (local map=105, WM=105)
[INFO] [1774357258.363333501] [rtabmap]: rtabmap (1062): Rate=1.00s, Limit=0.000s, Conversion=0.0005s, RTAB-Map=0.1334s, Maps update=0.0007s pub=0.0054s delay=0.3103s (local map=105, WM=105)
[INFO] [1774357259.367124776] [rtabmap]: rtabmap (1063): Rate=1.00s, Limit=0.000s, Conversion=0.0003s, RTAB-Map=0.1343s, Maps update=0.0008s pub=0.0058s delay=0.3135s (local map=105, WM=105)
[INFO] [1774357260.460418492] [rtabmap]: rtabmap (1064): Rate=1.00s, Limit=0.000s, Conversion=0.0006s, RTAB-Map=0.1377s, Maps update=0.0007s pub=0.0071s delay=0.3070s (local map=105, WM=105)
[INFO] [1774357261.568321005] [rtabmap]: rtabmap (1065): Rate=1.00s, Limit=0.000s, Conversion=0.0003s, RTAB-Map=0.1330s, Maps update=0.0009s pub=0.0069s delay=0.3149s (local map=105, WM=105)
[INFO] [1774357262.673297816] [rtabmap]: rtabmap (1066): Rate=1.00s, Limit=0.000s, Conversion=0.0006s, RTAB-Map=0.1328s, Maps update=0.0007s pub=0.0080s delay=0.3199s (local map=105, WM=105)
[INFO] [1774357263.751250710] [rtabmap]: rtabmap (1067): Rate=1.00s, Limit=0.000s, Conversion=0.0004s, RTAB-Map=0.1300s, Maps update=0.0007s pub=0.0053s delay=0.2981s (local map=105, WM=105)
[INFO] [1774357264.878573162] [rtabmap]: rtabmap (1068): Rate=1.00s, Limit=0.000s, Conversion=0.0005s, RTAB-Map=0.1424s, Maps update=0.0007s pub=0.0098s delay=0.3255s (local map=105, WM=105)
[INFO] [1774357265.864917558] [rtabmap]: rtabmap (1069): Rate=1.00s, Limit=0.000s, Conversion=0.0004s, RTAB-Map=0.1313s, Maps update=0.0007s pub=0.0060s delay=0.3114s (local map=105, WM=105)
[INFO] [1774357266.977506281] [rtabmap]: rtabmap (1070): Rate=1.00s, Limit=0.000s, Conversion=0.0003s, RTAB-Map=0.1427s, Maps update=0.0007s pub=0.0096s delay=0.3240s (local map=105, WM=105)
[INFO] [1774357268.056064669] [rtabmap]: rtabmap (1071): Rate=1.00s, Limit=0.000s, Conversion=0.0003s, RTAB-Map=0.1238s, Maps update=0.0007s pub=0.0057s delay=0.3030s (local map=105, WM=105)
[INFO] [1774357269.060715781] [rtabmap]: rtabmap (1072): Rate=1.00s, Limit=0.000s, Conversion=0.0005s, RTAB-Map=0.1325s, Maps update=0.0007s pub=0.0070s delay=0.3073s (local map=105, WM=105)
[INFO] [1774357270.154408840] [rtabmap]: rtabmap (1073): Rate=1.00s, Limit=0.000s, Conversion=0.0004s, RTAB-Map=0.1306s, Maps update=0.0007s pub=0.0051s delay=0.3008s (local map=105, WM=105)
[INFO] [1774357271.276214780] [rtabmap]: rtabmap (1074): Rate=1.00s, Limit=0.000s, Conversion=0.0003s, RTAB-Map=0.1339s, Maps update=0.0007s pub=0.0071s delay=0.3234s (local map=105, WM=105)
[INFO] [1774357272.270344566] [rtabmap]: rtabmap (1075): Rate=1.00s, Limit=0.000s, Conversion=0.0003s, RTAB-Map=0.1335s, Maps update=0.0007s pub=0.0051s delay=0.3168s (local map=105, WM=105)
[INFO] [1774357273.369001125] [rtabmap]: rtabmap (1076): Rate=1.00s, Limit=0.000s, Conversion=0.0005s, RTAB-Map=0.1304s, Maps update=0.0008s pub=0.0091s delay=0.3160s (local map=105, WM=105)
[INFO] [1774357274.362326467] [rtabmap]: rtabmap (1077): Rate=1.00s, Limit=0.000s, Conversion=0.0007s, RTAB-Map=0.1322s, Maps update=0.0007s pub=0.0051s delay=0.3086s (local map=105, WM=105)
[INFO] [1774357275.470106928] [rtabmap]: rtabmap (1078): Rate=1.00s, Limit=0.000s, Conversion=0.0003s, RTAB-Map=0.1345s, Maps update=0.0007s pub=0.0064s delay=0.3171s (local map=105, WM=105)
[INFO] [1774357276.580904165] [rtabmap]: rtabmap (1079): Rate=1.00s, Limit=0.000s, Conversion=0.0005s, RTAB-Map=0.1438s, Maps update=0.0013s pub=0.0066s delay=0.3279s (local map=105, WM=105)
[INFO] [1774357277.568893674] [rtabmap]: rtabmap (1080): Rate=1.00s, Limit=0.000s, Conversion=0.0005s, RTAB-Map=0.1302s, Maps update=0.0007s pub=0.0056s delay=0.3154s (local map=105, WM=105)
[INFO] [1774357278.674478921] [rtabmap]: rtabmap (1081): Rate=1.00s, Limit=0.000s, Conversion=0.0006s, RTAB-Map=0.1455s, Maps update=0.0007s pub=0.0058s delay=0.3214s (local map=105, WM=105)
[INFO] [1774357279.680047794] [rtabmap]: rtabmap (1082): Rate=1.00s, Limit=0.000s, Conversion=0.0004s, RTAB-Map=0.1476s, Maps update=0.0007s pub=0.0068s delay=0.3270s (local map=105, WM=105)
[INFO] [1774357280.671038975] [rtabmap]: rtabmap (1083): Rate=1.00s, Limit=0.000s, Conversion=0.0005s, RTAB-Map=0.1341s, Maps update=0.0007s pub=0.0112s delay=0.3174s (local map=105, WM=105)
[INFO] [1774357281.768454915] [rtabmap]: rtabmap (1084): Rate=1.00s, Limit=0.000s, Conversion=0.0003s, RTAB-Map=0.1242s, Maps update=0.0007s pub=0.0055s delay=0.3149s (local map=105, WM=105)
[INFO] [1774357282.868797324] [rtabmap]: rtabmap (1085): Rate=1.00s, Limit=0.000s, Conversion=0.0005s, RTAB-Map=0.1366s, Maps update=0.0013s pub=0.0095s delay=0.3157s (local map=105, WM=105)
[INFO] [1774357283.960706512] [rtabmap]: rtabmap (1086): Rate=1.00s, Limit=0.000s, Conversion=0.0006s, RTAB-Map=0.1304s, Maps update=0.0007s pub=0.0090s delay=0.3077s (local map=105, WM=105)
[INFO] [1774357285.056556381] [rtabmap]: rtabmap (1087): Rate=1.00s, Limit=0.000s, Conversion=0.0005s, RTAB-Map=0.1253s, Maps update=0.0007s pub=0.0055s delay=0.3036s (local map=105, WM=105)
[INFO] [1774357286.055806762] [rtabmap]: rtabmap (1088): Rate=1.00s, Limit=0.000s, Conversion=0.0005s, RTAB-Map=0.1284s, Maps update=0.0007s pub=0.0044s delay=0.3027s (local map=105, WM=105)
[INFO] [1774357287.060802558] [rtabmap]: rtabmap (1089): Rate=1.00s, Limit=0.000s, Conversion=0.0003s, RTAB-Map=0.1325s, Maps update=0.0007s pub=0.0054s delay=0.3072s (local map=105, WM=105)
[INFO] [1774357288.171324682] [rtabmap]: rtabmap (1090): Rate=1.00s, Limit=0.000s, Conversion=0.0003s, RTAB-Map=0.1350s, Maps update=0.0007s pub=0.0057s delay=0.3183s (local map=105, WM=105)
[INFO] [1774357289.173325622] [rtabmap]: rtabmap (1091): Rate=1.00s, Limit=0.000s, Conversion=0.0003s, RTAB-Map=0.1434s, Maps update=0.0008s pub=0.0054s delay=0.3202s (local map=105, WM=105)
[INFO] [1774357290.254959349] [rtabmap]: rtabmap (1092): Rate=1.00s, Limit=0.000s, Conversion=0.0003s, RTAB-Map=0.1237s, Maps update=0.0007s pub=0.0050s delay=0.3013s (local map=105, WM=105)
[INFO] [1774357291.366099990] [rtabmap]: rtabmap (1093): Rate=1.00s, Limit=0.000s, Conversion=0.0003s, RTAB-Map=0.1395s, Maps update=0.0007s pub=0.0059s delay=0.3131s (local map=105, WM=105)
[INFO] [1774357292.356446957] [rtabmap]: rtabmap (1094): Rate=1.00s, Limit=0.000s, Conversion=0.0005s, RTAB-Map=0.1300s, Maps update=0.0007s pub=0.0049s delay=0.3028s (local map=105, WM=105)
[INFO] [1774357293.474679813] [rtabmap]: rtabmap (1095): Rate=1.00s, Limit=0.000s, Conversion=0.0003s, RTAB-Map=0.1467s, Maps update=0.0018s pub=0.0081s delay=0.3218s (local map=105, WM=105)
[INFO] [1774357294.468450898] [rtabmap]: rtabmap (1096): Rate=1.00s, Limit=0.000s, Conversion=0.0003s, RTAB-Map=0.1335s, Maps update=0.0008s pub=0.0105s delay=0.3155s (local map=105, WM=105)
[INFO] [1774357295.557097189] [rtabmap]: rtabmap (1097): Rate=1.00s, Limit=0.000s, Conversion=0.0005s, RTAB-Map=0.1276s, Maps update=0.0007s pub=0.0061s delay=0.3042s (local map=105, WM=105)
[INFO] [1774357296.547740454] [rtabmap]: rtabmap (1098): Rate=1.00s, Limit=0.000s, Conversion=0.0004s, RTAB-Map=0.1252s, Maps update=0.0007s pub=0.0050s delay=0.2948s (local map=105, WM=105)
[INFO] [1774357297.569046098] [rtabmap]: rtabmap (1099): Rate=1.00s, Limit=0.000s, Conversion=0.0005s, RTAB-Map=0.1390s, Maps update=0.0007s pub=0.0119s delay=0.3161s (local map=105, WM=105)
[INFO] [1774357298.675884957] [rtabmap]: rtabmap (1100): Rate=1.00s, Limit=0.000s, Conversion=0.0004s, RTAB-Map=0.1430s, Maps update=0.0007s pub=0.0055s delay=0.3229s (local map=105, WM=105)
[INFO] [1774357299.664241615] [rtabmap]: rtabmap (1101): Rate=1.00s, Limit=0.000s, Conversion=0.0005s, RTAB-Map=0.1354s, Maps update=0.0009s pub=0.0061s delay=0.3112s (local map=105, WM=105)
[INFO] [1774357300.648037186] [rtabmap]: rtabmap (1102): Rate=1.00s, Limit=0.000s, Conversion=0.0004s, RTAB-Map=0.1262s, Maps update=0.0007s pub=0.0045s delay=0.2950s (local map=105, WM=105)
[INFO] [1774357301.667574128] [rtabmap]: rtabmap (1103): Rate=1.00s, Limit=0.000s, Conversion=0.0003s, RTAB-Map=0.1339s, Maps update=0.0009s pub=0.0077s delay=0.3145s (local map=105, WM=105)
[INFO] [1774357302.763910382] [rtabmap]: rtabmap (1104): Rate=1.00s, Limit=0.000s, Conversion=0.0005s, RTAB-Map=0.1371s, Maps update=0.0009s pub=0.0074s delay=0.3110s (local map=105, WM=105)
[INFO] [1774357303.760613890] [rtabmap]: rtabmap (1105): Rate=1.00s, Limit=0.000s, Conversion=0.0003s, RTAB-Map=0.1295s, Maps update=0.0007s pub=0.0076s delay=0.3076s (local map=105, WM=105)
[INFO] [1774357304.759857838] [rtabmap]: rtabmap (1106): Rate=1.00s, Limit=0.000s, Conversion=0.0004s, RTAB-Map=0.1304s, Maps update=0.0007s pub=0.0076s delay=0.3067s (local map=105, WM=105)
[INFO] [1774357305.880129261] [rtabmap]: rtabmap (1107): Rate=1.00s, Limit=0.000s, Conversion=0.0003s, RTAB-Map=0.1460s, Maps update=0.0009s pub=0.0090s delay=0.3270s (local map=105, WM=105)
[INFO] [1774357306.960382556] [rtabmap]: rtabmap (1108): Rate=1.00s, Limit=0.000s, Conversion=0.0005s, RTAB-Map=0.1307s, Maps update=0.0007s pub=0.0056s delay=0.3072s (local map=105, WM=105)
[INFO] [1774357308.068916130] [rtabmap]: rtabmap (1109): Rate=1.00s, Limit=0.000s, Conversion=0.0004s, RTAB-Map=0.1394s, Maps update=0.0018s pub=0.0102s delay=0.3159s (local map=105, WM=105)
[INFO] [1774357309.082293178] [rtabmap]: rtabmap (1110): Rate=1.00s, Limit=0.000s, Conversion=0.0003s, RTAB-Map=0.1416s, Maps update=0.0012s pub=0.0075s delay=0.3293s (local map=105, WM=105)
[INFO] [1774357310.056399772] [rtabmap]: rtabmap (1111): Rate=1.00s, Limit=0.000s, Conversion=0.0005s, RTAB-Map=0.1252s, Maps update=0.0007s pub=0.0052s delay=0.3033s (local map=105, WM=105)
[INFO] [1774357311.072851967] [rtabmap]: rtabmap (1112): Rate=1.00s, Limit=0.000s, Conversion=0.0004s, RTAB-Map=0.1353s, Maps update=0.0007s pub=0.0100s delay=0.3197s (local map=105, WM=105)
[INFO] [1774357312.163192940] [rtabmap]: rtabmap (1113): Rate=1.00s, Limit=0.000s, Conversion=0.0005s, RTAB-Map=0.1379s, Maps update=0.0009s pub=0.0058s delay=0.3100s (local map=105, WM=105)
[INFO] [1774357313.273249672] [rtabmap]: rtabmap (1114): Rate=1.00s, Limit=0.000s, Conversion=0.0004s, RTAB-Map=0.1426s, Maps update=0.0007s pub=0.0061s delay=0.3201s (local map=105, WM=105)
[INFO] [1774357314.271771323] [rtabmap]: rtabmap (1115): Rate=1.00s, Limit=0.000s, Conversion=0.0005s, RTAB-Map=0.1350s, Maps update=0.0008s pub=0.0047s delay=0.3186s (local map=105, WM=105)
[INFO] [1774357315.386894439] [rtabmap]: rtabmap (1116): Rate=1.00s, Limit=0.000s, Conversion=0.0005s, RTAB-Map=0.1429s, Maps update=0.0007s pub=0.0062s delay=0.3337s (local map=105, WM=105)
[INFO] [1774357316.461890174] [rtabmap]: rtabmap (1117): Rate=1.00s, Limit=0.000s, Conversion=0.0005s, RTAB-Map=0.1346s, Maps update=0.0007s pub=0.0072s delay=0.3086s (local map=105, WM=105)
[INFO] [1774357317.563106150] [rtabmap]: rtabmap (1118): Rate=1.00s, Limit=0.000s, Conversion=0.0005s, RTAB-Map=0.1348s, Maps update=0.0007s pub=0.0070s delay=0.3100s (local map=105, WM=105)
[INFO] [1774357318.665266063] [rtabmap]: rtabmap (1119): Rate=1.00s, Limit=0.000s, Conversion=0.0004s, RTAB-Map=0.1353s, Maps update=0.0008s pub=0.0060s delay=0.3122s (local map=105, WM=105)
[INFO] [1774357319.669175006] [rtabmap]: rtabmap (1120): Rate=1.00s, Limit=0.000s, Conversion=0.0003s, RTAB-Map=0.1369s, Maps update=0.0007s pub=0.0071s delay=0.3158s (local map=105, WM=105)
[INFO] [1774357320.768001490] [rtabmap]: rtabmap (1121): Rate=1.00s, Limit=0.000s, Conversion=0.0003s, RTAB-Map=0.1362s, Maps update=0.0007s pub=0.0069s delay=0.3148s (local map=105, WM=105)
[INFO] [1774357321.865987562] [rtabmap]: rtabmap (1122): Rate=1.00s, Limit=0.000s, Conversion=0.0005s, RTAB-Map=0.1325s, Maps update=0.0009s pub=0.0071s delay=0.3128s (local map=105, WM=105)
[INFO] [1774357322.876486462] [rtabmap]: rtabmap (1123): Rate=1.00s, Limit=0.000s, Conversion=0.0003s, RTAB-Map=0.1362s, Maps update=0.0009s pub=0.0082s delay=0.3233s (local map=105, WM=105)
[INFO] [1774357323.969365316] [rtabmap]: rtabmap (1124): Rate=1.00s, Limit=0.000s, Conversion=0.0005s, RTAB-Map=0.1346s, Maps update=0.0007s pub=0.0076s delay=0.3162s (local map=105, WM=105)
[INFO] [1774357324.959625399] [rtabmap]: rtabmap (1125): Rate=1.00s, Limit=0.000s, Conversion=0.0004s, RTAB-Map=0.1280s, Maps update=0.0007s pub=0.0064s delay=0.3063s (local map=105, WM=105)
[INFO] [1774357325.950035056] [rtabmap]: rtabmap (1126): Rate=1.00s, Limit=0.000s, Conversion=0.0005s, RTAB-Map=0.1285s, Maps update=0.0007s pub=0.0055s delay=0.2967s (local map=105, WM=105)
[INFO] [1774357327.056703254] [rtabmap]: rtabmap (1127): Rate=1.00s, Limit=0.000s, Conversion=0.0003s, RTAB-Map=0.1287s, Maps update=0.0007s pub=0.0065s delay=0.3035s (local map=105, WM=105)
[INFO] [1774357328.070580127] [rtabmap]: rtabmap (1128): Rate=1.00s, Limit=0.000s, Conversion=0.0004s, RTAB-Map=0.1343s, Maps update=0.0007s pub=0.0063s delay=0.3173s (local map=105, WM=105)
[INFO] [1774357329.083011926] [rtabmap]: rtabmap (1129): Rate=1.00s, Limit=0.000s, Conversion=0.0004s, RTAB-Map=0.1482s, Maps update=0.0014s pub=0.0079s delay=0.3297s (local map=105, WM=105)
[INFO] [1774357330.157743717] [rtabmap]: rtabmap (1130): Rate=1.00s, Limit=0.000s, Conversion=0.0005s, RTAB-Map=0.1299s, Maps update=0.0007s pub=0.0054s delay=0.3046s (local map=105, WM=105)
[INFO] [1774357331.267910660] [rtabmap]: rtabmap (1131): Rate=1.00s, Limit=0.000s, Conversion=0.0003s, RTAB-Map=0.1323s, Maps update=0.0008s pub=0.0100s delay=0.3147s (local map=105, WM=105)
[INFO] [1774357332.265974375] [rtabmap]: rtabmap (1132): Rate=1.00s, Limit=0.000s, Conversion=0.0021s, RTAB-Map=0.1297s, Maps update=0.0008s pub=0.0079s delay=0.3126s (local map=105, WM=105)
[INFO] [1774357333.377363153] [rtabmap]: rtabmap (1133): Rate=1.00s, Limit=0.000s, Conversion=0.0004s, RTAB-Map=0.1417s, Maps update=0.0007s pub=0.0073s delay=0.3240s (local map=105, WM=105)
[INFO] [1774357334.471875216] [rtabmap]: rtabmap (1134): Rate=1.00s, Limit=0.000s, Conversion=0.0003s, RTAB-Map=0.1340s, Maps update=0.0007s pub=0.0065s delay=0.3186s (local map=105, WM=105)
[INFO] [1774357335.457175927] [rtabmap]: rtabmap (1135): Rate=1.00s, Limit=0.000s, Conversion=0.0003s, RTAB-Map=0.1274s, Maps update=0.0007s pub=0.0054s delay=0.3039s (local map=105, WM=105)
[INFO] [1774357336.475145135] [rtabmap]: rtabmap (1136): Rate=1.00s, Limit=0.000s, Conversion=0.0005s, RTAB-Map=0.1459s, Maps update=0.0013s pub=0.0081s delay=0.3219s (local map=105, WM=105)
[INFO] [1774357337.460093289] [rtabmap]: rtabmap (1137): Rate=1.00s, Limit=0.000s, Conversion=0.0005s, RTAB-Map=0.1329s, Maps update=0.0007s pub=0.0049s delay=0.3068s (local map=105, WM=105)
[INFO] [1774357338.466482574] [rtabmap]: rtabmap (1138): Rate=1.00s, Limit=0.000s, Conversion=0.0003s, RTAB-Map=0.1296s, Maps update=0.0009s pub=0.0087s delay=0.3132s (local map=105, WM=105)
[INFO] [1774357339.468115438] [rtabmap]: rtabmap (1139): Rate=1.00s, Limit=0.000s, Conversion=0.0005s, RTAB-Map=0.1375s, Maps update=0.0009s pub=0.0122s delay=0.3147s (local map=105, WM=105)
[INFO] [1774357340.556005222] [rtabmap]: rtabmap (1140): Rate=1.00s, Limit=0.000s, Conversion=0.0005s, RTAB-Map=0.1369s, Maps update=0.0018s pub=0.0048s delay=0.3026s (local map=105, WM=105)
[INFO] [1774357341.661336381] [rtabmap]: rtabmap (1141): Rate=1.00s, Limit=0.000s, Conversion=0.0003s, RTAB-Map=0.1362s, Maps update=0.0007s pub=0.0072s delay=0.3080s (local map=105, WM=105)
[INFO] [1774357342.661163134] [rtabmap]: rtabmap (1142): Rate=1.00s, Limit=0.000s, Conversion=0.0003s, RTAB-Map=0.1278s, Maps update=0.0007s pub=0.0078s delay=0.3077s (local map=105, WM=105)
[INFO] [1774357343.753620373] [rtabmap]: rtabmap (1143): Rate=1.00s, Limit=0.000s, Conversion=0.0005s, RTAB-Map=0.1334s, Maps update=0.0007s pub=0.0044s delay=0.3003s (local map=105, WM=105)
[INFO] [1774357344.761112352] [rtabmap]: rtabmap (1144): Rate=1.00s, Limit=0.000s, Conversion=0.0004s, RTAB-Map=0.1309s, Maps update=0.0007s pub=0.0073s delay=0.3076s (local map=105, WM=105)
[INFO] [1774357345.862430923] [rtabmap]: rtabmap (1145): Rate=1.00s, Limit=0.000s, Conversion=0.0003s, RTAB-Map=0.1374s, Maps update=0.0008s pub=0.0068s delay=0.3090s (local map=105, WM=105)
[INFO] [1774357346.965948611] [rtabmap]: rtabmap (1146): Rate=1.00s, Limit=0.000s, Conversion=0.0005s, RTAB-Map=0.1316s, Maps update=0.0008s pub=0.0076s delay=0.3125s (local map=105, WM=105)
[INFO] [1774357348.061085336] [rtabmap]: rtabmap (1147): Rate=1.00s, Limit=0.000s, Conversion=0.0006s, RTAB-Map=0.1345s, Maps update=0.0008s pub=0.0064s delay=0.3076s (local map=105, WM=105)
[INFO] [1774357349.153795224] [rtabmap]: rtabmap (1148): Rate=1.00s, Limit=0.000s, Conversion=0.0004s, RTAB-Map=0.1280s, Maps update=0.0007s pub=0.0057s delay=0.3005s (local map=105, WM=105)
[INFO] [1774357350.169032944] [rtabmap]: rtabmap (1149): Rate=1.00s, Limit=0.000s, Conversion=0.0007s, RTAB-Map=0.1337s, Maps update=0.0007s pub=0.0068s delay=0.3157s (local map=105, WM=105)
[INFO] [1774357351.165250675] [rtabmap]: rtabmap (1150): Rate=1.00s, Limit=0.000s, Conversion=0.0003s, RTAB-Map=0.1328s, Maps update=0.0007s pub=0.0067s delay=0.3118s (local map=105, WM=105)
[INFO] [1774357352.155531560] [rtabmap]: rtabmap (1151): Rate=1.00s, Limit=0.000s, Conversion=0.0005s, RTAB-Map=0.1318s, Maps update=0.0007s pub=0.0047s delay=0.3021s (local map=105, WM=105)
[INFO] [1774357353.169661914] [rtabmap]: rtabmap (1152): Rate=1.00s, Limit=0.000s, Conversion=0.0004s, RTAB-Map=0.1398s, Maps update=0.0007s pub=0.0057s delay=0.3161s (local map=105, WM=105)
[INFO] [1774357354.253685740] [rtabmap]: rtabmap (1153): Rate=1.00s, Limit=0.000s, Conversion=0.0005s, RTAB-Map=0.1206s, Maps update=0.0007s pub=0.0050s delay=0.3002s (local map=105, WM=105)
[INFO] [1774357355.354273310] [rtabmap]: rtabmap (1154): Rate=1.00s, Limit=0.000s, Conversion=0.0004s, RTAB-Map=0.1245s, Maps update=0.0007s pub=0.0048s delay=0.3007s (local map=105, WM=105)
[INFO] [1774357356.468132030] [rtabmap]: rtabmap (1155): Rate=1.00s, Limit=0.000s, Conversion=0.0005s, RTAB-Map=0.1286s, Maps update=0.0009s pub=0.0098s delay=0.3147s (local map=105, WM=105)
[INFO] [1774357357.463163767] [rtabmap]: rtabmap (1156): Rate=1.00s, Limit=0.000s, Conversion=0.0007s, RTAB-Map=0.1361s, Maps update=0.0007s pub=0.0052s delay=0.3096s (local map=105, WM=105)
[INFO] [1774357358.574316121] [rtabmap]: rtabmap (1157): Rate=1.00s, Limit=0.000s, Conversion=0.0003s, RTAB-Map=0.1301s, Maps update=0.0007s pub=0.0059s delay=0.3208s (local map=105, WM=105)
[INFO] [1774357359.561410783] [rtabmap]: rtabmap (1158): Rate=1.00s, Limit=0.000s, Conversion=0.0005s, RTAB-Map=0.1330s, Maps update=0.0007s pub=0.0069s delay=0.3079s (local map=105, WM=105)
[INFO] [1774357360.576291083] [rtabmap]: rtabmap (1159): Rate=1.00s, Limit=0.000s, Conversion=0.0003s, RTAB-Map=0.1368s, Maps update=0.0009s pub=0.0082s delay=0.3227s (local map=105, WM=105)
[INFO] [1774357361.686882521] [rtabmap]: rtabmap (1160): Rate=1.00s, Limit=0.000s, Conversion=0.0005s, RTAB-Map=0.1465s, Maps update=0.0017s pub=0.0081s delay=0.3334s (local map=105, WM=105)
[INFO] [1774357362.665380659] [rtabmap]: rtabmap (1161): Rate=1.00s, Limit=0.000s, Conversion=0.0005s, RTAB-Map=0.1258s, Maps update=0.0008s pub=0.0055s delay=0.3119s (local map=105, WM=105)
[INFO] [1774357363.667122999] [rtabmap]: rtabmap (1162): Rate=1.00s, Limit=0.000s, Conversion=0.0003s, RTAB-Map=0.1316s, Maps update=0.0008s pub=0.0058s delay=0.3135s (local map=105, WM=105)
[INFO] [1774357364.753058027] [rtabmap]: rtabmap (1163): Rate=1.00s, Limit=0.000s, Conversion=0.0004s, RTAB-Map=0.1223s, Maps update=0.0007s pub=0.0051s delay=0.2995s (local map=105, WM=105)
[INFO] [1774357365.863156424] [rtabmap]: rtabmap (1164): Rate=1.00s, Limit=0.000s, Conversion=0.0004s, RTAB-Map=0.1321s, Maps update=0.0007s pub=0.0055s delay=0.3095s (local map=105, WM=105)
[INFO] [1774357366.973875514] [rtabmap]: rtabmap (1165): Rate=1.00s, Limit=0.000s, Conversion=0.0005s, RTAB-Map=0.1352s, Maps update=0.0007s pub=0.0055s delay=0.3204s (local map=105, WM=105)
[INFO] [1774357367.959914427] [rtabmap]: rtabmap (1166): Rate=1.00s, Limit=0.000s, Conversion=0.0005s, RTAB-Map=0.1289s, Maps update=0.0007s pub=0.0062s delay=0.3064s (local map=105, WM=105)
[INFO] [1774357368.981801595] [rtabmap]: rtabmap (1167): Rate=1.00s, Limit=0.000s, Conversion=0.0005s, RTAB-Map=0.1449s, Maps update=0.0008s pub=0.0119s delay=0.3283s (local map=105, WM=105)
[INFO] [1774357369.969573976] [rtabmap]: rtabmap (1168): Rate=1.00s, Limit=0.000s, Conversion=0.0004s, RTAB-Map=0.1277s, Maps update=0.0007s pub=0.0159s delay=0.3160s (local map=105, WM=105)
[INFO] [1774357370.970607971] [rtabmap]: rtabmap (1169): Rate=1.00s, Limit=0.000s, Conversion=0.0006s, RTAB-Map=0.1426s, Maps update=0.0007s pub=0.0053s delay=0.3170s (local map=105, WM=105)
[INFO] [1774357372.053248580] [rtabmap]: rtabmap (1170): Rate=1.00s, Limit=0.000s, Conversion=0.0005s, RTAB-Map=0.1293s, Maps update=0.0007s pub=0.0059s delay=0.2996s (local map=105, WM=105)
[INFO] [1774357373.167074435] [rtabmap]: rtabmap (1171): Rate=1.00s, Limit=0.000s, Conversion=0.0005s, RTAB-Map=0.1246s, Maps update=0.0007s pub=0.0142s delay=0.3136s (local map=105, WM=105)
[INFO] [1774357374.161627788] [rtabmap]: rtabmap (1172): Rate=1.00s, Limit=0.000s, Conversion=0.0005s, RTAB-Map=0.1372s, Maps update=0.0007s pub=0.0057s delay=0.3079s (local map=105, WM=105)
[INFO] [1774357375.260706314] [rtabmap]: rtabmap (1173): Rate=1.00s, Limit=0.000s, Conversion=0.0004s, RTAB-Map=0.1253s, Maps update=0.0007s pub=0.0066s delay=0.3071s (local map=105, WM=105)
[INFO] [1774357376.258543045] [rtabmap]: rtabmap (1174): Rate=1.00s, Limit=0.000s, Conversion=0.0004s, RTAB-Map=0.1361s, Maps update=0.0008s pub=0.0065s delay=0.3049s (local map=105, WM=105)
[INFO] [1774357377.354802144] [rtabmap]: rtabmap (1175): Rate=1.00s, Limit=0.000s, Conversion=0.0009s, RTAB-Map=0.1223s, Maps update=0.0007s pub=0.0055s delay=0.3012s (local map=105, WM=105)
[INFO] [1774357378.364513081] [rtabmap]: rtabmap (1176): Rate=1.00s, Limit=0.000s, Conversion=0.0004s, RTAB-Map=0.1351s, Maps update=0.0007s pub=0.0074s delay=0.3108s (local map=105, WM=105)
[INFO] [1774357379.461481389] [rtabmap]: rtabmap (1177): Rate=1.00s, Limit=0.000s, Conversion=0.0004s, RTAB-Map=0.1299s, Maps update=0.0007s pub=0.0074s delay=0.3078s (local map=105, WM=105)
[INFO] [1774357380.572773363] [rtabmap]: rtabmap (1178): Rate=1.00s, Limit=0.000s, Conversion=0.0006s, RTAB-Map=0.1378s, Maps update=0.0007s pub=0.0061s delay=0.3191s (local map=105, WM=105)
[INFO] [1774357381.556293149] [rtabmap]: rtabmap (1179): Rate=1.00s, Limit=0.000s, Conversion=0.0004s, RTAB-Map=0.1300s, Maps update=0.0007s pub=0.0048s delay=0.3026s (local map=105, WM=105)
[INFO] [1774357382.663685499] [rtabmap]: rtabmap (1180): Rate=1.00s, Limit=0.000s, Conversion=0.0005s, RTAB-Map=0.1297s, Maps update=0.0010s pub=0.0050s delay=0.3100s (local map=105, WM=105)
[INFO] [1774357383.774137573] [rtabmap]: rtabmap (1181): Rate=1.00s, Limit=0.000s, Conversion=0.0006s, RTAB-Map=0.1423s, Maps update=0.0013s pub=0.0075s delay=0.3204s (local map=105, WM=105)
[INFO] [1774357384.879661442] [rtabmap]: rtabmap (1182): Rate=1.00s, Limit=0.000s, Conversion=0.0005s, RTAB-Map=0.1374s, Maps update=0.0010s pub=0.0079s delay=0.3259s (local map=105, WM=105)
[INFO] [1774357385.957223795] [rtabmap]: rtabmap (1183): Rate=1.00s, Limit=0.000s, Conversion=0.0006s, RTAB-Map=0.1316s, Maps update=0.0007s pub=0.0048s delay=0.3035s (local map=105, WM=105)
[INFO] [1774357387.068051082] [rtabmap]: rtabmap (1184): Rate=1.00s, Limit=0.000s, Conversion=0.0005s, RTAB-Map=0.1327s, Maps update=0.0007s pub=0.0073s delay=0.3142s (local map=105, WM=105)
[INFO] [1774357388.164864280] [rtabmap]: rtabmap (1185): Rate=1.00s, Limit=0.000s, Conversion=0.0007s, RTAB-Map=0.1372s, Maps update=0.0007s pub=0.0082s delay=0.3111s (local map=105, WM=105)
[INFO] [1774357389.259993997] [rtabmap]: rtabmap (1186): Rate=1.00s, Limit=0.000s, Conversion=0.0006s, RTAB-Map=0.1268s, Maps update=0.0007s pub=0.0066s delay=0.3062s (local map=105, WM=105)
[INFO] [1774357390.349311895] [rtabmap]: rtabmap (1187): Rate=1.00s, Limit=0.000s, Conversion=0.0004s, RTAB-Map=0.1237s, Maps update=0.0007s pub=0.0052s delay=0.2957s (local map=105, WM=105)
[INFO] [1774357391.366347630] [rtabmap]: rtabmap (1188): Rate=1.00s, Limit=0.000s, Conversion=0.0004s, RTAB-Map=0.1372s, Maps update=0.0008s pub=0.0065s delay=0.3126s (local map=105, WM=105)
[INFO] [1774357392.463834036] [rtabmap]: rtabmap (1189): Rate=1.00s, Limit=0.000s, Conversion=0.0005s, RTAB-Map=0.1417s, Maps update=0.0008s pub=0.0064s delay=0.3101s (local map=105, WM=105)
[INFO] [1774357393.570022025] [rtabmap]: rtabmap (1190): Rate=1.00s, Limit=0.000s, Conversion=0.0005s, RTAB-Map=0.1383s, Maps update=0.0007s pub=0.0093s delay=0.3163s (local map=105, WM=105)
[INFO] [1774357394.559788715] [rtabmap]: rtabmap (1191): Rate=1.00s, Limit=0.000s, Conversion=0.0004s, RTAB-Map=0.1351s, Maps update=0.0008s pub=0.0077s delay=0.3060s (local map=105, WM=105)
[INFO] [1774357395.558353312] [rtabmap]: rtabmap (1192): Rate=1.00s, Limit=0.000s, Conversion=0.0005s, RTAB-Map=0.1342s, Maps update=0.0007s pub=0.0053s delay=0.3045s (local map=105, WM=105)
[INFO] [1774357396.555510628] [rtabmap]: rtabmap (1193): Rate=1.00s, Limit=0.000s, Conversion=0.0003s, RTAB-Map=0.1282s, Maps update=0.0007s pub=0.0064s delay=0.3017s (local map=105, WM=105)
[INFO] [1774357397.666796106] [rtabmap]: rtabmap (1194): Rate=1.00s, Limit=0.000s, Conversion=0.0004s, RTAB-Map=0.1315s, Maps update=0.0007s pub=0.0085s delay=0.3131s (local map=105, WM=105)
[INFO] [1774357398.768144502] [rtabmap]: rtabmap (1195): Rate=1.00s, Limit=0.000s, Conversion=0.0005s, RTAB-Map=0.1282s, Maps update=0.0007s pub=0.0061s delay=0.3143s (local map=105, WM=105)
[INFO] [1774357399.874470640] [rtabmap]: rtabmap (1196): Rate=1.00s, Limit=0.000s, Conversion=0.0005s, RTAB-Map=0.1315s, Maps update=0.0007s pub=0.0094s delay=0.3207s (local map=105, WM=105)
[INFO] [1774357400.854327898] [rtabmap]: rtabmap (1197): Rate=1.00s, Limit=0.000s, Conversion=0.0003s, RTAB-Map=0.1307s, Maps update=0.0007s pub=0.0058s delay=0.3005s (local map=105, WM=105)
[INFO] [1774357401.857405900] [rtabmap]: rtabmap (1198): Rate=1.00s, Limit=0.000s, Conversion=0.0004s, RTAB-Map=0.1297s, Maps update=0.0007s pub=0.0060s delay=0.3035s (local map=105, WM=105)
[INFO] [1774357402.874880914] [rtabmap]: rtabmap (1199): Rate=1.00s, Limit=0.000s, Conversion=0.0005s, RTAB-Map=0.1380s, Maps update=0.0007s pub=0.0049s delay=0.3210s (local map=105, WM=105)
[INFO] [1774357403.967364938] [rtabmap]: rtabmap (1200): Rate=1.00s, Limit=0.000s, Conversion=0.0004s, RTAB-Map=0.1367s, Maps update=0.0010s pub=0.0089s delay=0.3136s (local map=105, WM=105)
[INFO] [1774357404.974526314] [rtabmap]: rtabmap (1201): Rate=1.00s, Limit=0.000s, Conversion=0.0005s, RTAB-Map=0.1349s, Maps update=0.0007s pub=0.0049s delay=0.3207s (local map=105, WM=105)
[INFO] [1774357405.970994742] [rtabmap]: rtabmap (1202): Rate=1.00s, Limit=0.000s, Conversion=0.0003s, RTAB-Map=0.1464s, Maps update=0.0007s pub=0.0080s delay=0.3171s (local map=105, WM=105)
[INFO] [1774357407.066295344] [rtabmap]: rtabmap (1203): Rate=1.00s, Limit=0.000s, Conversion=0.0006s, RTAB-Map=0.1351s, Maps update=0.0007s pub=0.0091s delay=0.3125s (local map=105, WM=105)
[INFO] [1774357408.071534573] [rtabmap]: rtabmap (1204): Rate=1.00s, Limit=0.000s, Conversion=0.0005s, RTAB-Map=0.1319s, Maps update=0.0007s pub=0.0130s delay=0.3177s (local map=105, WM=105)
[INFO] [1774357409.172220610] [rtabmap]: rtabmap (1205): Rate=1.00s, Limit=0.000s, Conversion=0.0005s, RTAB-Map=0.1298s, Maps update=0.0007s pub=0.0082s delay=0.3185s (local map=105, WM=105)
[INFO] [1774357410.263139588] [rtabmap]: rtabmap (1206): Rate=1.00s, Limit=0.000s, Conversion=0.0004s, RTAB-Map=0.1285s, Maps update=0.0007s pub=0.0074s delay=0.3092s (local map=105, WM=105)
[INFO] [1774357411.368490267] [rtabmap]: rtabmap (1207): Rate=1.00s, Limit=0.000s, Conversion=0.0006s, RTAB-Map=0.1379s, Maps update=0.0007s pub=0.0061s delay=0.3146s (local map=105, WM=105)
[INFO] [1774357412.473881109] [rtabmap]: rtabmap (1208): Rate=1.00s, Limit=0.000s, Conversion=0.0004s, RTAB-Map=0.1362s, Maps update=0.0008s pub=0.0121s delay=0.3200s (local map=105, WM=105)
[INFO] [1774357413.569535579] [rtabmap]: rtabmap (1209): Rate=1.00s, Limit=0.000s, Conversion=0.0004s, RTAB-Map=0.1327s, Maps update=0.0008s pub=0.0105s delay=0.3157s (local map=105, WM=105)
[INFO] [1774357414.662657545] [rtabmap]: rtabmap (1210): Rate=1.00s, Limit=0.000s, Conversion=0.0003s, RTAB-Map=0.1327s, Maps update=0.0007s pub=0.0056s delay=0.3087s (local map=105, WM=105)
[INFO] [1774357415.756522034] [rtabmap]: rtabmap (1211): Rate=1.00s, Limit=0.000s, Conversion=0.0005s, RTAB-Map=0.1315s, Maps update=0.0007s pub=0.0046s delay=0.3027s (local map=105, WM=105)
[INFO] [1774357416.762451238] [rtabmap]: rtabmap (1212): Rate=1.00s, Limit=0.000s, Conversion=0.0003s, RTAB-Map=0.1252s, Maps update=0.0007s pub=0.0076s delay=0.3085s (local map=105, WM=105)
[INFO] [1774357417.877157444] [rtabmap]: rtabmap (1213): Rate=1.00s, Limit=0.000s, Conversion=0.0005s, RTAB-Map=0.1367s, Maps update=0.0007s pub=0.0072s delay=0.3234s (local map=105, WM=105)
[INFO] [1774357418.864440720] [rtabmap]: rtabmap (1214): Rate=1.00s, Limit=0.000s, Conversion=0.0005s, RTAB-Map=0.1296s, Maps update=0.0008s pub=0.0105s delay=0.3105s (local map=105, WM=105)
[INFO] [1774357419.965930913] [rtabmap]: rtabmap (1215): Rate=1.00s, Limit=0.000s, Conversion=0.0003s, RTAB-Map=0.1358s, Maps update=0.0008s pub=0.0109s delay=0.3120s (local map=105, WM=105)
[INFO] [1774357420.955767238] [rtabmap]: rtabmap (1216): Rate=1.00s, Limit=0.000s, Conversion=0.0005s, RTAB-Map=0.1263s, Maps update=0.0007s pub=0.0054s delay=0.3018s (local map=105, WM=105)
[INFO] [1774357422.070155672] [rtabmap]: rtabmap (1217): Rate=1.00s, Limit=0.000s, Conversion=0.0006s, RTAB-Map=0.1287s, Maps update=0.0007s pub=0.0144s delay=0.3162s (local map=105, WM=105)
[INFO] [1774357423.156605791] [rtabmap]: rtabmap (1218): Rate=1.00s, Limit=0.000s, Conversion=0.0004s, RTAB-Map=0.1278s, Maps update=0.0007s pub=0.0053s delay=0.3027s (local map=105, WM=105)
[INFO] [1774357424.272963221] [rtabmap]: rtabmap (1219): Rate=1.00s, Limit=0.000s, Conversion=0.0003s, RTAB-Map=0.1300s, Maps update=0.0007s pub=0.0117s delay=0.3192s (local map=105, WM=105)
[INFO] [1774357425.368132811] [rtabmap]: rtabmap (1220): Rate=1.00s, Limit=0.000s, Conversion=0.0005s, RTAB-Map=0.1326s, Maps update=0.0007s pub=0.0064s delay=0.3142s (local map=105, WM=105)
[INFO] [1774357426.459905386] [rtabmap]: rtabmap (1221): Rate=1.00s, Limit=0.000s, Conversion=0.0003s, RTAB-Map=0.1300s, Maps update=0.0007s pub=0.0054s delay=0.3060s (local map=105, WM=105)
[INFO] [1774357427.575807857] [rtabmap]: rtabmap (1222): Rate=1.00s, Limit=0.000s, Conversion=0.0003s, RTAB-Map=0.1423s, Maps update=0.0007s pub=0.0061s delay=0.3219s (local map=105, WM=105)
[INFO] [1774357428.659493367] [rtabmap]: rtabmap (1223): Rate=1.00s, Limit=0.000s, Conversion=0.0005s, RTAB-Map=0.1270s, Maps update=0.0007s pub=0.0076s delay=0.3056s (local map=105, WM=105)
[INFO] [1774357429.761113773] [rtabmap]: rtabmap (1224): Rate=1.00s, Limit=0.000s, Conversion=0.0009s, RTAB-Map=0.1261s, Maps update=0.0007s pub=0.0067s delay=0.3071s (local map=105, WM=105)
[INFO] [1774357430.766022974] [rtabmap]: rtabmap (1225): Rate=1.00s, Limit=0.000s, Conversion=0.0005s, RTAB-Map=0.1325s, Maps update=0.0008s pub=0.0062s delay=0.3120s (local map=105, WM=105)
[INFO] [1774357431.864665645] [rtabmap]: rtabmap (1226): Rate=1.00s, Limit=0.000s, Conversion=0.0003s, RTAB-Map=0.1333s, Maps update=0.0008s pub=0.0068s delay=0.3107s (local map=105, WM=105)
[INFO] [1774357432.968828507] [rtabmap]: rtabmap (1227): Rate=1.00s, Limit=0.000s, Conversion=0.0004s, RTAB-Map=0.1368s, Maps update=0.0007s pub=0.0090s delay=0.3150s (local map=105, WM=105)
[INFO] [1774357434.059503476] [rtabmap]: rtabmap (1228): Rate=1.00s, Limit=0.000s, Conversion=0.0003s, RTAB-Map=0.1258s, Maps update=0.0007s pub=0.0084s delay=0.3064s (local map=105, WM=105)
[INFO] [1774357435.067651062] [rtabmap]: rtabmap (1229): Rate=1.00s, Limit=0.000s, Conversion=0.0007s, RTAB-Map=0.1328s, Maps update=0.0007s pub=0.0058s delay=0.3137s (local map=105, WM=105)
[INFO] [1774357436.161260310] [rtabmap]: rtabmap (1230): Rate=1.00s, Limit=0.000s, Conversion=0.0003s, RTAB-Map=0.1272s, Maps update=0.0008s pub=0.0056s delay=0.3071s (local map=105, WM=105)
[INFO] [1774357437.279374761] [rtabmap]: rtabmap (1231): Rate=1.00s, Limit=0.000s, Conversion=0.0003s, RTAB-Map=0.1414s, Maps update=0.0009s pub=0.0074s delay=0.3263s (local map=105, WM=105)
[INFO] [1774357438.270610015] [rtabmap]: rtabmap (1232): Rate=1.00s, Limit=0.000s, Conversion=0.0003s, RTAB-Map=0.1398s, Maps update=0.0007s pub=0.0055s delay=0.3166s (local map=105, WM=105)
[INFO] [1774357439.361841932] [rtabmap]: rtabmap (1233): Rate=1.00s, Limit=0.000s, Conversion=0.0005s, RTAB-Map=0.1318s, Maps update=0.0007s pub=0.0059s delay=0.3079s (local map=105, WM=105)
[INFO] [1774357440.371217784] [rtabmap]: rtabmap (1234): Rate=1.00s, Limit=0.000s, Conversion=0.0003s, RTAB-Map=0.1453s, Maps update=0.0007s pub=0.0061s delay=0.3172s (local map=105, WM=105)
[INFO] [1774357441.358977269] [rtabmap]: rtabmap (1235): Rate=1.00s, Limit=0.000s, Conversion=0.0004s, RTAB-Map=0.1293s, Maps update=0.0007s pub=0.0071s delay=0.3049s (local map=105, WM=105)
[INFO] [1774357442.370625457] [rtabmap]: rtabmap (1236): Rate=1.00s, Limit=0.000s, Conversion=0.0105s, RTAB-Map=0.1289s, Maps update=0.0007s pub=0.0048s delay=0.3165s (local map=105, WM=105)
[INFO] [1774357443.459286660] [rtabmap]: rtabmap (1237): Rate=1.00s, Limit=0.000s, Conversion=0.0004s, RTAB-Map=0.1302s, Maps update=0.0007s pub=0.0073s delay=0.3053s (local map=105, WM=105)
[INFO] [1774357444.468902745] [rtabmap]: rtabmap (1238): Rate=1.00s, Limit=0.000s, Conversion=0.0003s, RTAB-Map=0.1329s, Maps update=0.0010s pub=0.0092s delay=0.3148s (local map=105, WM=105)
[INFO] [1774357445.555102615] [rtabmap]: rtabmap (1239): Rate=1.00s, Limit=0.000s, Conversion=0.0003s, RTAB-Map=0.1318s, Maps update=0.0007s pub=0.0054s delay=0.3012s (local map=105, WM=105)
[INFO] [1774357446.662237836] [rtabmap]: rtabmap (1240): Rate=1.00s, Limit=0.000s, Conversion=0.0005s, RTAB-Map=0.1446s, Maps update=0.0007s pub=0.0060s delay=0.3083s (local map=105, WM=105)
[INFO] [1774357447.666881429] [rtabmap]: rtabmap (1241): Rate=1.00s, Limit=0.000s, Conversion=0.0003s, RTAB-Map=0.1281s, Maps update=0.0008s pub=0.0086s delay=0.3129s (local map=105, WM=105)
[INFO] [1774357448.668310413] [rtabmap]: rtabmap (1242): Rate=1.00s, Limit=0.000s, Conversion=0.0003s, RTAB-Map=0.1315s, Maps update=0.0008s pub=0.0099s delay=0.3142s (local map=105, WM=105)
[INFO] [1774357449.768143205] [rtabmap]: rtabmap (1243): Rate=1.00s, Limit=0.000s, Conversion=0.0005s, RTAB-Map=0.1328s, Maps update=0.0010s pub=0.0072s delay=0.3141s (local map=105, WM=105)
[INFO] [1774357450.860258480] [rtabmap]: rtabmap (1244): Rate=1.00s, Limit=0.000s, Conversion=0.0005s, RTAB-Map=0.1266s, Maps update=0.0009s pub=0.0084s delay=0.3064s (local map=105, WM=105)
[INFO] [1774357451.885724716] [rtabmap]: rtabmap (1245): Rate=1.00s, Limit=0.000s, Conversion=0.0005s, RTAB-Map=0.1452s, Maps update=0.0018s pub=0.0056s delay=0.3317s (local map=105, WM=105)
[INFO] [1774357452.874292453] [rtabmap]: rtabmap (1246): Rate=1.00s, Limit=0.000s, Conversion=0.0003s, RTAB-Map=0.1392s, Maps update=0.0009s pub=0.0050s delay=0.3201s (local map=105, WM=105)
[INFO] [1774357453.867154515] [rtabmap]: rtabmap (1247): Rate=1.00s, Limit=0.000s, Conversion=0.0006s, RTAB-Map=0.1322s, Maps update=0.0008s pub=0.0086s delay=0.3129s (local map=105, WM=105)
[INFO] [1774357454.949550989] [rtabmap]: rtabmap (1248): Rate=1.00s, Limit=0.000s, Conversion=0.0004s, RTAB-Map=0.1282s, Maps update=0.0007s pub=0.0057s delay=0.2955s (local map=105, WM=105)
[INFO] [1774357456.070699690] [rtabmap]: rtabmap (1249): Rate=1.00s, Limit=0.000s, Conversion=0.0105s, RTAB-Map=0.1312s, Maps update=0.0007s pub=0.0053s delay=0.3166s (local map=105, WM=105)
[INFO] [1774357457.163922012] [rtabmap]: rtabmap (1250): Rate=1.00s, Limit=0.000s, Conversion=0.0005s, RTAB-Map=0.1318s, Maps update=0.0008s pub=0.0055s delay=0.3097s (local map=105, WM=105)
[INFO] [1774357458.270569153] [rtabmap]: rtabmap (1251): Rate=1.00s, Limit=0.000s, Conversion=0.0004s, RTAB-Map=0.1330s, Maps update=0.0007s pub=0.0063s delay=0.3164s (local map=105, WM=105)
[INFO] [1774357459.267982253] [rtabmap]: rtabmap (1252): Rate=1.00s, Limit=0.000s, Conversion=0.0003s, RTAB-Map=0.1399s, Maps update=0.0008s pub=0.0075s delay=0.3138s (local map=105, WM=105)
[INFO] [1774357460.261589781] [rtabmap]: rtabmap (1253): Rate=1.00s, Limit=0.000s, Conversion=0.0005s, RTAB-Map=0.1354s, Maps update=0.0007s pub=0.0075s delay=0.3074s (local map=105, WM=105)
[INFO] [1774357461.363028997] [rtabmap]: rtabmap (1254): Rate=1.00s, Limit=0.000s, Conversion=0.0003s, RTAB-Map=0.1379s, Maps update=0.0007s pub=0.0061s delay=0.3089s (local map=105, WM=105)
[INFO] [1774357462.483883288] [rtabmap]: rtabmap (1255): Rate=1.00s, Limit=0.000s, Conversion=0.0107s, RTAB-Map=0.1347s, Maps update=0.0007s pub=0.0119s delay=0.3296s (local map=105, WM=105)
[INFO] [1774357463.561127294] [rtabmap]: rtabmap (1256): Rate=1.00s, Limit=0.000s, Conversion=0.0003s, RTAB-Map=0.1302s, Maps update=0.0007s pub=0.0071s delay=0.3070s (local map=105, WM=105)
[INFO] [1774357464.655023143] [rtabmap]: rtabmap (1257): Rate=1.00s, Limit=0.000s, Conversion=0.0006s, RTAB-Map=0.1261s, Maps update=0.0007s pub=0.0047s delay=0.3008s (local map=105, WM=105)
[INFO] [1774357465.770283416] [rtabmap]: rtabmap (1258): Rate=1.00s, Limit=0.000s, Conversion=0.0003s, RTAB-Map=0.1371s, Maps update=0.0007s pub=0.0056s delay=0.3169s (local map=105, WM=105)
[INFO] [1774357466.766337589] [rtabmap]: rtabmap (1259): Rate=1.00s, Limit=0.000s, Conversion=0.0005s, RTAB-Map=0.1381s, Maps update=0.0008s pub=0.0111s delay=0.3123s (local map=105, WM=105)
[INFO] [1774357467.773260109] [rtabmap]: rtabmap (1260): Rate=1.00s, Limit=0.000s, Conversion=0.0005s, RTAB-Map=0.1404s, Maps update=0.0008s pub=0.0055s delay=0.3192s (local map=105, WM=105)
[INFO] [1774357468.751757415] [rtabmap]: rtabmap (1261): Rate=1.00s, Limit=0.000s, Conversion=0.0006s, RTAB-Map=0.1250s, Maps update=0.0007s pub=0.0045s delay=0.2976s (local map=105, WM=105)
[INFO] [1774357469.762233786] [rtabmap]: rtabmap (1262): Rate=1.00s, Limit=0.000s, Conversion=0.0003s, RTAB-Map=0.1370s, Maps update=0.0008s pub=0.0056s delay=0.3081s (local map=105, WM=105)
[INFO] [1774357470.855547919] [rtabmap]: rtabmap (1263): Rate=1.00s, Limit=0.000s, Conversion=0.0007s, RTAB-Map=0.1266s, Maps update=0.0007s pub=0.0060s delay=0.3014s (local map=105, WM=105)
[INFO] [1774357471.874729329] [rtabmap]: rtabmap (1264): Rate=1.00s, Limit=0.000s, Conversion=0.0004s, RTAB-Map=0.1292s, Maps update=0.0007s pub=0.0048s delay=0.3205s (local map=105, WM=105)
[INFO] [1774357472.974777520] [rtabmap]: rtabmap (1265): Rate=1.00s, Limit=0.000s, Conversion=0.0004s, RTAB-Map=0.1399s, Maps update=0.0007s pub=0.0052s delay=0.3205s (local map=105, WM=105)
[INFO] [1774357474.069627131] [rtabmap]: rtabmap (1266): Rate=1.00s, Limit=0.000s, Conversion=0.0009s, RTAB-Map=0.1285s, Maps update=0.0007s pub=0.0069s delay=0.3165s (local map=105, WM=105)
[INFO] [1774357475.062681168] [rtabmap]: rtabmap (1267): Rate=1.00s, Limit=0.000s, Conversion=0.0004s, RTAB-Map=0.1371s, Maps update=0.0008s pub=0.0067s delay=0.3085s (local map=105, WM=105)
[INFO] [1774357476.060281251] [rtabmap]: rtabmap (1268): Rate=1.00s, Limit=0.000s, Conversion=0.0005s, RTAB-Map=0.1256s, Maps update=0.0007s pub=0.0078s delay=0.3060s (local map=105, WM=105)
[INFO] [1774357477.046033818] [rtabmap]: rtabmap (1269): Rate=1.00s, Limit=0.000s, Conversion=0.0003s, RTAB-Map=0.1221s, Maps update=0.0007s pub=0.0048s delay=0.2916s (local map=105, WM=105)
[INFO] [1774357478.170646063] [rtabmap]: rtabmap (1270): Rate=1.00s, Limit=0.000s, Conversion=0.0005s, RTAB-Map=0.1425s, Maps update=0.0007s pub=0.0064s delay=0.3164s (local map=105, WM=105)
[INFO] [1774357479.253198958] [rtabmap]: rtabmap (1271): Rate=1.00s, Limit=0.000s, Conversion=0.0005s, RTAB-Map=0.1296s, Maps update=0.0007s pub=0.0060s delay=0.3002s (local map=105, WM=105)
[INFO] [1774357480.258522222] [rtabmap]: rtabmap (1272): Rate=1.00s, Limit=0.000s, Conversion=0.0005s, RTAB-Map=0.1378s, Maps update=0.0007s pub=0.0067s delay=0.3042s (local map=105, WM=105)
[INFO] [1774357481.374076841] [rtabmap]: rtabmap (1273): Rate=1.00s, Limit=0.000s, Conversion=0.0004s, RTAB-Map=0.1410s, Maps update=0.0009s pub=0.0117s delay=0.3207s (local map=105, WM=105)
[INFO] [1774357482.456361694] [rtabmap]: rtabmap (1274): Rate=1.00s, Limit=0.000s, Conversion=0.0004s, RTAB-Map=0.1310s, Maps update=0.0007s pub=0.0057s delay=0.3021s (local map=105, WM=105)
[INFO] [1774357483.567393563] [rtabmap]: rtabmap (1275): Rate=1.00s, Limit=0.000s, Conversion=0.0003s, RTAB-Map=0.1332s, Maps update=0.0009s pub=0.0064s delay=0.3141s (local map=105, WM=105)
[INFO] [1774357484.569494379] [rtabmap]: rtabmap (1276): Rate=1.00s, Limit=0.000s, Conversion=0.0003s, RTAB-Map=0.1368s, Maps update=0.0008s pub=0.0100s delay=0.3160s (local map=105, WM=105)
[INFO] [1774357485.571396980] [rtabmap]: rtabmap (1277): Rate=1.00s, Limit=0.000s, Conversion=0.0107s, RTAB-Map=0.1294s, Maps update=0.0007s pub=0.0074s delay=0.3179s (local map=105, WM=105)
[INFO] [1774357486.567476818] [rtabmap]: rtabmap (1278): Rate=1.00s, Limit=0.000s, Conversion=0.0005s, RTAB-Map=0.1317s, Maps update=0.0007s pub=0.0062s delay=0.3132s (local map=105, WM=105)
[INFO] [1774357487.659441912] [rtabmap]: rtabmap (1279): Rate=1.00s, Limit=0.000s, Conversion=0.0003s, RTAB-Map=0.1326s, Maps update=0.0007s pub=0.0073s delay=0.3060s (local map=105, WM=105)
[INFO] [1774357488.760761347] [rtabmap]: rtabmap (1280): Rate=1.00s, Limit=0.000s, Conversion=0.0004s, RTAB-Map=0.1283s, Maps update=0.0007s pub=0.0055s delay=0.3064s (local map=105, WM=105)
[INFO] [1774357489.870243947] [rtabmap]: rtabmap (1281): Rate=1.00s, Limit=0.000s, Conversion=0.0003s, RTAB-Map=0.1381s, Maps update=0.0007s pub=0.0076s delay=0.3168s (local map=105, WM=105)
[INFO] [1774357490.968514668] [rtabmap]: rtabmap (1282): Rate=1.00s, Limit=0.000s, Conversion=0.0005s, RTAB-Map=0.1389s, Maps update=0.0008s pub=0.0119s delay=0.3152s (local map=105, WM=105)
[INFO] [1774357491.953365796] [rtabmap]: rtabmap (1283): Rate=1.00s, Limit=0.000s, Conversion=0.0006s, RTAB-Map=0.1278s, Maps update=0.0007s pub=0.0050s delay=0.2990s (local map=105, WM=105)
[INFO] [1774357493.070236076] [rtabmap]: rtabmap (1284): Rate=1.00s, Limit=0.000s, Conversion=0.0107s, RTAB-Map=0.1308s, Maps update=0.0007s pub=0.0067s delay=0.3173s (local map=105, WM=105)
[INFO] [1774357494.069818180] [rtabmap]: rtabmap (1285): Rate=1.00s, Limit=0.000s, Conversion=0.0004s, RTAB-Map=0.1342s, Maps update=0.0007s pub=0.0072s delay=0.3164s (local map=105, WM=105)
[INFO] [1774357495.164430663] [rtabmap]: rtabmap (1286): Rate=1.00s, Limit=0.000s, Conversion=0.0005s, RTAB-Map=0.1312s, Maps update=0.0008s pub=0.0073s delay=0.3112s (local map=105, WM=105)
[INFO] [1774357496.160894226] [rtabmap]: rtabmap (1287): Rate=1.00s, Limit=0.000s, Conversion=0.0003s, RTAB-Map=0.1393s, Maps update=0.0007s pub=0.0052s delay=0.3076s (local map=105, WM=105)
[INFO] [1774357497.174442160] [rtabmap]: rtabmap (1288): Rate=1.00s, Limit=0.000s, Conversion=0.0004s, RTAB-Map=0.1343s, Maps update=0.0007s pub=0.0059s delay=0.3209s (local map=105, WM=105)
[INFO] [1774357498.267242643] [rtabmap]: rtabmap (1289): Rate=1.00s, Limit=0.000s, Conversion=0.0003s, RTAB-Map=0.1369s, Maps update=0.0008s pub=0.0078s delay=0.3139s (local map=105, WM=105)
[INFO] [1774357499.354457684] [rtabmap]: rtabmap (1290): Rate=1.00s, Limit=0.000s, Conversion=0.0004s, RTAB-Map=0.1267s, Maps update=0.0007s pub=0.0055s delay=0.3012s (local map=105, WM=105)
[INFO] [1774357500.372875835] [rtabmap]: rtabmap (1291): Rate=1.00s, Limit=0.000s, Conversion=0.0003s, RTAB-Map=0.1386s, Maps update=0.0007s pub=0.0063s delay=0.3195s (local map=105, WM=105)
[INFO] [1774357501.454114668] [rtabmap]: rtabmap (1292): Rate=1.00s, Limit=0.000s, Conversion=0.0006s, RTAB-Map=0.1241s, Maps update=0.0007s pub=0.0056s delay=0.3006s (local map=105, WM=105)
[INFO] [1774357502.568609602] [rtabmap]: rtabmap (1293): Rate=1.00s, Limit=0.000s, Conversion=0.0005s, RTAB-Map=0.1362s, Maps update=0.0007s pub=0.0135s delay=0.3153s (local map=105, WM=105)
[INFO] [1774357503.660996599] [rtabmap]: rtabmap (1294): Rate=1.00s, Limit=0.000s, Conversion=0.0005s, RTAB-Map=0.1347s, Maps update=0.0007s pub=0.0077s delay=0.3075s (local map=105, WM=105)
[INFO] [1774357504.659118716] [rtabmap]: rtabmap (1295): Rate=1.00s, Limit=0.000s, Conversion=0.0003s, RTAB-Map=0.1259s, Maps update=0.0007s pub=0.0087s delay=0.3055s (local map=105, WM=105)
[INFO] [1774357505.660989220] [rtabmap]: rtabmap (1296): Rate=1.00s, Limit=0.000s, Conversion=0.0004s, RTAB-Map=0.1312s, Maps update=0.0007s pub=0.0065s delay=0.3074s (local map=105, WM=105)
[INFO] [1774357506.770312646] [rtabmap]: rtabmap (1297): Rate=1.00s, Limit=0.000s, Conversion=0.0004s, RTAB-Map=0.1334s, Maps update=0.0007s pub=0.0092s delay=0.3169s (local map=105, WM=105)
[INFO] [1774357507.768163777] [rtabmap]: rtabmap (1298): Rate=1.00s, Limit=0.000s, Conversion=0.0006s, RTAB-Map=0.1337s, Maps update=0.0007s pub=0.0072s delay=0.3147s (local map=105, WM=105)
[INFO] [1774357508.858610515] [rtabmap]: rtabmap (1299): Rate=1.00s, Limit=0.000s, Conversion=0.0004s, RTAB-Map=0.1294s, Maps update=0.0007s pub=0.0067s delay=0.3051s (local map=105, WM=105)
[INFO] [1774357509.978317694] [rtabmap]: rtabmap (1300): Rate=1.00s, Limit=0.000s, Conversion=0.0003s, RTAB-Map=0.1417s, Maps update=0.0013s pub=0.0074s delay=0.3253s (local map=105, WM=105)
[INFO] [1774357510.950925483] [rtabmap]: rtabmap (1301): Rate=1.00s, Limit=0.000s, Conversion=0.0003s, RTAB-Map=0.1352s, Maps update=0.0007s pub=0.0053s delay=0.2978s (local map=105, WM=105)
[INFO] [1774357511.955155813] [rtabmap]: rtabmap (1302): Rate=1.00s, Limit=0.000s, Conversion=0.0005s, RTAB-Map=0.1270s, Maps update=0.0007s pub=0.0059s delay=0.3020s (local map=105, WM=105)
[INFO] [1774357513.071598527] [rtabmap]: rtabmap (1303): Rate=1.00s, Limit=0.000s, Conversion=0.0003s, RTAB-Map=0.1358s, Maps update=0.0007s pub=0.0055s delay=0.3187s (local map=105, WM=105)
[INFO] [1774357514.058735014] [rtabmap]: rtabmap (1304): Rate=1.00s, Limit=0.000s, Conversion=0.0003s, RTAB-Map=0.1368s, Maps update=0.0007s pub=0.0063s delay=0.3057s (local map=105, WM=105)
[INFO] [1774357515.169245681] [rtabmap]: rtabmap (1305): Rate=1.00s, Limit=0.000s, Conversion=0.0005s, RTAB-Map=0.1254s, Maps update=0.0008s pub=0.0121s delay=0.3163s (local map=105, WM=105)
[INFO] [1774357516.170437761] [rtabmap]: rtabmap (1306): Rate=1.00s, Limit=0.000s, Conversion=0.0004s, RTAB-Map=0.1359s, Maps update=0.0012s pub=0.0078s delay=0.3168s (local map=105, WM=105)
[INFO] [1774357517.265589750] [rtabmap]: rtabmap (1307): Rate=1.00s, Limit=0.000s, Conversion=0.0004s, RTAB-Map=0.1390s, Maps update=0.0010s pub=0.0095s delay=0.3126s (local map=105, WM=105)
[INFO] [1774357518.264444917] [rtabmap]: rtabmap (1308): Rate=1.00s, Limit=0.000s, Conversion=0.0005s, RTAB-Map=0.1313s, Maps update=0.0015s pub=0.0053s delay=0.3113s (local map=105, WM=105)
[INFO] [1774357519.361360588] [rtabmap]: rtabmap (1309): Rate=1.00s, Limit=0.000s, Conversion=0.0003s, RTAB-Map=0.1392s, Maps update=0.0007s pub=0.0056s delay=0.3081s (local map=105, WM=105)
[INFO] [1774357520.368045126] [rtabmap]: rtabmap (1310): Rate=1.00s, Limit=0.000s, Conversion=0.0005s, RTAB-Map=0.1272s, Maps update=0.0010s pub=0.0070s delay=0.3145s (local map=105, WM=105)
[INFO] [1774357521.469047626] [rtabmap]: rtabmap (1311): Rate=1.00s, Limit=0.000s, Conversion=0.0005s, RTAB-Map=0.1326s, Maps update=0.0008s pub=0.0109s delay=0.3156s (local map=105, WM=105)
[INFO] [1774357522.567652628] [rtabmap]: rtabmap (1312): Rate=1.00s, Limit=0.000s, Conversion=0.0004s, RTAB-Map=0.1326s, Maps update=0.0008s pub=0.0082s delay=0.3146s (local map=105, WM=105)
[INFO] [1774357523.668958499] [rtabmap]: rtabmap (1313): Rate=1.00s, Limit=0.000s, Conversion=0.0004s, RTAB-Map=0.1367s, Maps update=0.0007s pub=0.0055s delay=0.3160s (local map=105, WM=105)
[INFO] [1774357524.648106478] [rtabmap]: rtabmap (1314): Rate=1.00s, Limit=0.000s, Conversion=0.0005s, RTAB-Map=0.1255s, Maps update=0.0007s pub=0.0057s delay=0.2945s (local map=105, WM=105)
[INFO] [1774357525.770558652] [rtabmap]: rtabmap (1315): Rate=1.00s, Limit=0.000s, Conversion=0.0005s, RTAB-Map=0.1316s, Maps update=0.0007s pub=0.0063s delay=0.3176s (local map=105, WM=105)
[INFO] [1774357526.855892592] [rtabmap]: rtabmap (1316): Rate=1.00s, Limit=0.000s, Conversion=0.0005s, RTAB-Map=0.1312s, Maps update=0.0007s pub=0.0055s delay=0.3029s (local map=105, WM=105)
[INFO] [1774357527.871967629] [rtabmap]: rtabmap (1317): Rate=1.00s, Limit=0.000s, Conversion=0.0003s, RTAB-Map=0.1355s, Maps update=0.0007s pub=0.0063s delay=0.3189s (local map=105, WM=105)
[INFO] [1774357528.961904719] [rtabmap]: rtabmap (1318): Rate=1.00s, Limit=0.000s, Conversion=0.0006s, RTAB-Map=0.1304s, Maps update=0.0007s pub=0.0065s delay=0.3090s (local map=105, WM=105)
[INFO] [1774357529.953131138] [rtabmap]: rtabmap (1319): Rate=1.00s, Limit=0.000s, Conversion=0.0005s, RTAB-Map=0.1264s, Maps update=0.0007s pub=0.0049s delay=0.3001s (local map=105, WM=105)
[INFO] [1774357530.964609362] [rtabmap]: rtabmap (1320): Rate=1.00s, Limit=0.000s, Conversion=0.0003s, RTAB-Map=0.1313s, Maps update=0.0007s pub=0.0088s delay=0.3115s (local map=105, WM=105)
[INFO] [1774357532.060822433] [rtabmap]: rtabmap (1321): Rate=1.00s, Limit=0.000s, Conversion=0.0003s, RTAB-Map=0.1366s, Maps update=0.0007s pub=0.0065s delay=0.3078s (local map=105, WM=105)
[INFO] [1774357533.055371985] [rtabmap]: rtabmap (1322): Rate=1.00s, Limit=0.000s, Conversion=0.0003s, RTAB-Map=0.1326s, Maps update=0.0007s pub=0.0054s delay=0.3022s (local map=105, WM=105)
[INFO] [1774357534.074359580] [rtabmap]: rtabmap (1323): Rate=1.00s, Limit=0.000s, Conversion=0.0004s, RTAB-Map=0.1443s, Maps update=0.0008s pub=0.0062s delay=0.3208s (local map=105, WM=105)
[INFO] [1774357535.166641943] [rtabmap]: rtabmap (1324): Rate=1.00s, Limit=0.000s, Conversion=0.0004s, RTAB-Map=0.1425s, Maps update=0.0011s pub=0.0072s delay=0.3136s (local map=105, WM=105)
[INFO] [1774357536.170880757] [rtabmap]: rtabmap (1325): Rate=1.00s, Limit=0.000s, Conversion=0.0005s, RTAB-Map=0.1344s, Maps update=0.0007s pub=0.0082s delay=0.3177s (local map=105, WM=105)
[INFO] [1774357537.260810103] [rtabmap]: rtabmap (1326): Rate=1.00s, Limit=0.000s, Conversion=0.0003s, RTAB-Map=0.1334s, Maps update=0.0007s pub=0.0055s delay=0.3078s (local map=105, WM=105)
[INFO] [1774357538.256777245] [rtabmap]: rtabmap (1327): Rate=1.00s, Limit=0.000s, Conversion=0.0005s, RTAB-Map=0.1298s, Maps update=0.0007s pub=0.0059s delay=0.3038s (local map=105, WM=105)
[INFO] [1774357539.270130483] [rtabmap]: rtabmap (1328): Rate=1.00s, Limit=0.000s, Conversion=0.0005s, RTAB-Map=0.1367s, Maps update=0.0007s pub=0.0059s delay=0.3171s (local map=105, WM=105)
[INFO] [1774357540.268829856] [rtabmap]: rtabmap (1329): Rate=1.00s, Limit=0.000s, Conversion=0.0003s, RTAB-Map=0.1475s, Maps update=0.0007s pub=0.0054s delay=0.3158s (local map=105, WM=105)
[INFO] [1774357541.269247182] [rtabmap]: rtabmap (1330): Rate=1.00s, Limit=0.000s, Conversion=0.0005s, RTAB-Map=0.1366s, Maps update=0.0007s pub=0.0081s delay=0.3162s (local map=105, WM=105)
[INFO] [1774357542.365934447] [rtabmap]: rtabmap (1331): Rate=1.00s, Limit=0.000s, Conversion=0.0005s, RTAB-Map=0.1364s, Maps update=0.0008s pub=0.0076s delay=0.3129s (local map=105, WM=105)
[INFO] [1774357543.476514044] [rtabmap]: rtabmap (1332): Rate=1.00s, Limit=0.000s, Conversion=0.0105s, RTAB-Map=0.1346s, Maps update=0.0007s pub=0.0067s delay=0.3235s (local map=105, WM=105)
[INFO] [1774357544.560681733] [rtabmap]: rtabmap (1333): Rate=1.00s, Limit=0.000s, Conversion=0.0010s, RTAB-Map=0.1356s, Maps update=0.0007s pub=0.0065s delay=0.3075s (local map=105, WM=105)
[INFO] [1774357545.671604607] [rtabmap]: rtabmap (1334): Rate=1.00s, Limit=0.000s, Conversion=0.0005s, RTAB-Map=0.1380s, Maps update=0.0008s pub=0.0080s delay=0.3185s (local map=105, WM=105)
[INFO] [1774357546.758784217] [rtabmap]: rtabmap (1335): Rate=1.00s, Limit=0.000s, Conversion=0.0008s, RTAB-Map=0.1318s, Maps update=0.0007s pub=0.0064s delay=0.3058s (local map=105, WM=105)
[INFO] [1774357547.776237770] [rtabmap]: rtabmap (1336): Rate=1.00s, Limit=0.000s, Conversion=0.0005s, RTAB-Map=0.1387s, Maps update=0.0007s pub=0.0070s delay=0.3231s (local map=105, WM=105)
[INFO] [1774357548.859638549] [rtabmap]: rtabmap (1337): Rate=1.00s, Limit=0.000s, Conversion=0.0004s, RTAB-Map=0.1308s, Maps update=0.0007s pub=0.0075s delay=0.3065s (local map=105, WM=105)
[INFO] [1774357549.868787725] [rtabmap]: rtabmap (1338): Rate=1.00s, Limit=0.000s, Conversion=0.0004s, RTAB-Map=0.1351s, Maps update=0.0010s pub=0.0123s delay=0.3156s (local map=105, WM=105)
[INFO] [1774357550.868313689] [rtabmap]: rtabmap (1339): Rate=1.00s, Limit=0.000s, Conversion=0.0005s, RTAB-Map=0.1378s, Maps update=0.0007s pub=0.0061s delay=0.3151s (local map=105, WM=105)
[INFO] [1774357551.966994757] [rtabmap]: rtabmap (1340): Rate=1.00s, Limit=0.000s, Conversion=0.0003s, RTAB-Map=0.1316s, Maps update=0.0007s pub=0.0054s delay=0.3138s (local map=105, WM=105)
[INFO] [1774357553.069705930] [rtabmap]: rtabmap (1341): Rate=1.00s, Limit=0.000s, Conversion=0.0004s, RTAB-Map=0.1351s, Maps update=0.0007s pub=0.0148s delay=0.3166s (local map=105, WM=105)
[INFO] [1774357554.067027747] [rtabmap]: rtabmap (1342): Rate=1.00s, Limit=0.000s, Conversion=0.0004s, RTAB-Map=0.1332s, Maps update=0.0007s pub=0.0060s delay=0.3138s (local map=105, WM=105)
[INFO] [1774357555.060843480] [rtabmap]: rtabmap (1343): Rate=1.00s, Limit=0.000s, Conversion=0.0004s, RTAB-Map=0.1339s, Maps update=0.0007s pub=0.0076s delay=0.3076s (local map=105, WM=105)
[INFO] [1774357556.076048372] [rtabmap]: rtabmap (1344): Rate=1.00s, Limit=0.000s, Conversion=0.0004s, RTAB-Map=0.1454s, Maps update=0.0007s pub=0.0084s delay=0.3228s (local map=105, WM=105)
[INFO] [1774357557.176391199] [rtabmap]: rtabmap (1345): Rate=1.00s, Limit=0.000s, Conversion=0.0004s, RTAB-Map=0.1401s, Maps update=0.0007s pub=0.0072s delay=0.3233s (local map=105, WM=105)
[INFO] [1774357558.173235718] [rtabmap]: rtabmap (1346): Rate=1.00s, Limit=0.000s, Conversion=0.0004s, RTAB-Map=0.1354s, Maps update=0.0007s pub=0.0080s delay=0.3199s (local map=105, WM=105)
[INFO] [1774357559.280495542] [rtabmap]: rtabmap (1347): Rate=1.00s, Limit=0.000s, Conversion=0.0005s, RTAB-Map=0.1403s, Maps update=0.0007s pub=0.0065s delay=0.3272s (local map=105, WM=105)
[INFO] [1774357560.267633711] [rtabmap]: rtabmap (1348): Rate=1.00s, Limit=0.000s, Conversion=0.0005s, RTAB-Map=0.1351s, Maps update=0.0011s pub=0.0077s delay=0.3144s (local map=105, WM=105)
[INFO] [1774357561.353322736] [rtabmap]: rtabmap (1349): Rate=1.00s, Limit=0.000s, Conversion=0.0003s, RTAB-Map=0.1272s, Maps update=0.0007s pub=0.0050s delay=0.3001s (local map=105, WM=105)
[INFO] [1774357562.451732818] [rtabmap]: rtabmap (1350): Rate=1.00s, Limit=0.000s, Conversion=0.0004s, RTAB-Map=0.1254s, Maps update=0.0007s pub=0.0053s delay=0.2984s (local map=105, WM=105)
[INFO] [1774357563.469354442] [rtabmap]: rtabmap (1351): Rate=1.00s, Limit=0.000s, Conversion=0.0005s, RTAB-Map=0.1315s, Maps update=0.0009s pub=0.0114s delay=0.3160s (local map=105, WM=105)
[INFO] [1774357564.553613845] [rtabmap]: rtabmap (1352): Rate=1.00s, Limit=0.000s, Conversion=0.0004s, RTAB-Map=0.1198s, Maps update=0.0007s pub=0.0050s delay=0.3004s (local map=105, WM=105)
[INFO] [1774357565.571215276] [rtabmap]: rtabmap (1353): Rate=1.00s, Limit=0.000s, Conversion=0.0006s, RTAB-Map=0.1475s, Maps update=0.0007s pub=0.0074s delay=0.3179s (local map=105, WM=105)
[INFO] [1774357566.649777345] [rtabmap]: rtabmap (1354): Rate=1.00s, Limit=0.000s, Conversion=0.0004s, RTAB-Map=0.1271s, Maps update=0.0007s pub=0.0059s delay=0.2965s (local map=105, WM=105)
[INFO] [1774357567.661589725] [rtabmap]: rtabmap (1355): Rate=1.00s, Limit=0.000s, Conversion=0.0004s, RTAB-Map=0.1274s, Maps update=0.0007s pub=0.0066s delay=0.3082s (local map=105, WM=105)
[INFO] [1774357568.670044218] [rtabmap]: rtabmap (1356): Rate=1.00s, Limit=0.000s, Conversion=0.0005s, RTAB-Map=0.1386s, Maps update=0.0007s pub=0.0068s delay=0.3160s (local map=105, WM=105)
[INFO] [1774357569.761090438] [rtabmap]: rtabmap (1357): Rate=1.00s, Limit=0.000s, Conversion=0.0004s, RTAB-Map=0.1314s, Maps update=0.0008s pub=0.0074s delay=0.3078s (local map=105, WM=105)
[INFO] [1774357570.758747628] [rtabmap]: rtabmap (1358): Rate=1.00s, Limit=0.000s, Conversion=0.0005s, RTAB-Map=0.1289s, Maps update=0.0007s pub=0.0065s delay=0.3054s (local map=105, WM=105)
[INFO] [1774357571.763119279] [rtabmap]: rtabmap (1359): Rate=1.00s, Limit=0.000s, Conversion=0.0004s, RTAB-Map=0.1335s, Maps update=0.0008s pub=0.0054s delay=0.3097s (local map=105, WM=105)
[INFO] [1774357572.870483203] [rtabmap]: rtabmap (1360): Rate=1.00s, Limit=0.000s, Conversion=0.0004s, RTAB-Map=0.1365s, Maps update=0.0007s pub=0.0053s delay=0.3171s (local map=105, WM=105)
[INFO] [1774357573.871609612] [rtabmap]: rtabmap (1361): Rate=1.00s, Limit=0.000s, Conversion=0.0004s, RTAB-Map=0.1384s, Maps update=0.0008s pub=0.0119s delay=0.3182s (local map=105, WM=105)
[INFO] [1774357574.969604574] [rtabmap]: rtabmap (1362): Rate=1.00s, Limit=0.000s, Conversion=0.0010s, RTAB-Map=0.1365s, Maps update=0.0013s pub=0.0067s delay=0.3162s (local map=105, WM=105)
[INFO] [1774357576.061683985] [rtabmap]: rtabmap (1363): Rate=1.00s, Limit=0.000s, Conversion=0.0005s, RTAB-Map=0.1295s, Maps update=0.0010s pub=0.0072s delay=0.3083s (local map=105, WM=105)
[INFO] [1774357577.078443784] [rtabmap]: rtabmap (1364): Rate=1.00s, Limit=0.000s, Conversion=0.0004s, RTAB-Map=0.1430s, Maps update=0.0009s pub=0.0057s delay=0.3250s (local map=105, WM=105)
[INFO] [1774357578.179141729] [rtabmap]: rtabmap (1365): Rate=1.00s, Limit=0.000s, Conversion=0.0003s, RTAB-Map=0.1468s, Maps update=0.0007s pub=0.0071s delay=0.3256s (local map=105, WM=105)
[INFO] [1774357579.259619550] [rtabmap]: rtabmap (1366): Rate=1.00s, Limit=0.000s, Conversion=0.0008s, RTAB-Map=0.1294s, Maps update=0.0007s pub=0.0063s delay=0.3062s (local map=105, WM=105)
[INFO] [1774357580.267532198] [rtabmap]: rtabmap (1367): Rate=1.00s, Limit=0.000s, Conversion=0.0003s, RTAB-Map=0.1305s, Maps update=0.0007s pub=0.0070s delay=0.3140s (local map=105, WM=105)
[INFO] [1774357581.367412640] [rtabmap]: rtabmap (1368): Rate=1.00s, Limit=0.000s, Conversion=0.0004s, RTAB-Map=0.1414s, Maps update=0.0008s pub=0.0077s delay=0.3139s (local map=105, WM=105)
[INFO] [1774357582.461699430] [rtabmap]: rtabmap (1369): Rate=1.00s, Limit=0.000s, Conversion=0.0003s, RTAB-Map=0.1330s, Maps update=0.0007s pub=0.0059s delay=0.3082s (local map=105, WM=105)
[INFO] [1774357583.570836733] [rtabmap]: rtabmap (1370): Rate=1.00s, Limit=0.000s, Conversion=0.0004s, RTAB-Map=0.1382s, Maps update=0.0007s pub=0.0050s delay=0.3173s (local map=105, WM=105)
[INFO] [1774357584.656604066] [rtabmap]: rtabmap (1371): Rate=1.00s, Limit=0.000s, Conversion=0.0005s, RTAB-Map=0.1297s, Maps update=0.0007s pub=0.0049s delay=0.3031s (local map=105, WM=105)
[INFO] [1774357585.654511761] [rtabmap]: rtabmap (1372): Rate=1.00s, Limit=0.000s, Conversion=0.0005s, RTAB-Map=0.1283s, Maps update=0.0007s pub=0.0059s delay=0.3009s (local map=105, WM=105)
[INFO] [1774357586.754882493] [rtabmap]: rtabmap (1373): Rate=1.00s, Limit=0.000s, Conversion=0.0004s, RTAB-Map=0.1304s, Maps update=0.0009s pub=0.0059s delay=0.3013s (local map=105, WM=105)
[INFO] [1774357587.889764160] [rtabmap]: rtabmap (1374): Rate=1.00s, Limit=0.000s, Conversion=0.0006s, RTAB-Map=0.1489s, Maps update=0.0010s pub=0.0082s delay=0.3362s (local map=105, WM=105)
[INFO] [1774357588.975072115] [rtabmap]: rtabmap (1375): Rate=1.00s, Limit=0.000s, Conversion=0.0003s, RTAB-Map=0.1442s, Maps update=0.0008s pub=0.0053s delay=0.3216s (local map=105, WM=105)
[INFO] [1774357589.961504273] [rtabmap]: rtabmap (1376): Rate=1.00s, Limit=0.000s, Conversion=0.0004s, RTAB-Map=0.1229s, Maps update=0.0007s pub=0.0072s delay=0.3079s (local map=105, WM=105)
[INFO] [1774357591.060148924] [rtabmap]: rtabmap (1377): Rate=1.00s, Limit=0.000s, Conversion=0.0004s, RTAB-Map=0.1348s, Maps update=0.0007s pub=0.0068s delay=0.3066s (local map=105, WM=105)
[INFO] [1774357592.080724419] [rtabmap]: rtabmap (1378): Rate=1.00s, Limit=0.000s, Conversion=0.0006s, RTAB-Map=0.1421s, Maps update=0.0013s pub=0.0089s delay=0.3271s (local map=105, WM=105)
[INFO] [1774357593.174948263] [rtabmap]: rtabmap (1379): Rate=1.00s, Limit=0.000s, Conversion=0.0003s, RTAB-Map=0.1396s, Maps update=0.0007s pub=0.0069s delay=0.3214s (local map=105, WM=105)
[INFO] [1774357594.145793944] [rtabmap]: rtabmap (1380): Rate=1.00s, Limit=0.000s, Conversion=0.0003s, RTAB-Map=0.1253s, Maps update=0.0007s pub=0.0051s delay=0.2922s (local map=105, WM=105)
[INFO] [1774357595.266540774] [rtabmap]: rtabmap (1381): Rate=1.00s, Limit=0.000s, Conversion=0.0003s, RTAB-Map=0.1335s, Maps update=0.0008s pub=0.0070s delay=0.3128s (local map=105, WM=105)
[INFO] [1774357596.354273653] [rtabmap]: rtabmap (1382): Rate=1.00s, Limit=0.000s, Conversion=0.0005s, RTAB-Map=0.1351s, Maps update=0.0007s pub=0.0055s delay=0.3006s (local map=105, WM=105)
[INFO] [1774357597.454808999] [rtabmap]: rtabmap (1383): Rate=1.00s, Limit=0.000s, Conversion=0.0004s, RTAB-Map=0.1325s, Maps update=0.0007s pub=0.0052s delay=0.3012s (local map=105, WM=105)
[INFO] [1774357598.576521977] [rtabmap]: rtabmap (1384): Rate=1.00s, Limit=0.000s, Conversion=0.0004s, RTAB-Map=0.1401s, Maps update=0.0007s pub=0.0088s delay=0.3229s (local map=105, WM=105)
[INFO] [1774357599.668531561] [rtabmap]: rtabmap (1385): Rate=1.00s, Limit=0.000s, Conversion=0.0005s, RTAB-Map=0.1443s, Maps update=0.0011s pub=0.0066s delay=0.3148s (local map=105, WM=105)
[INFO] [1774357600.762721164] [rtabmap]: rtabmap (1386): Rate=1.00s, Limit=0.000s, Conversion=0.0005s, RTAB-Map=0.1222s, Maps update=0.0007s pub=0.0087s delay=0.3091s (local map=105, WM=105)
[INFO] [1774357601.755868423] [rtabmap]: rtabmap (1387): Rate=1.00s, Limit=0.000s, Conversion=0.0004s, RTAB-Map=0.1356s, Maps update=0.0007s pub=0.0048s delay=0.3022s (local map=105, WM=105)
[INFO] [1774357602.767407097] [rtabmap]: rtabmap (1388): Rate=1.00s, Limit=0.000s, Conversion=0.0004s, RTAB-Map=0.1377s, Maps update=0.0009s pub=0.0048s delay=0.3136s (local map=105, WM=105)
[INFO] [1774357603.869021492] [rtabmap]: rtabmap (1389): Rate=1.00s, Limit=0.000s, Conversion=0.0004s, RTAB-Map=0.1285s, Maps update=0.0007s pub=0.0104s delay=0.3153s (local map=105, WM=105)
[INFO] [1774357604.970711186] [rtabmap]: rtabmap (1390): Rate=1.00s, Limit=0.000s, Conversion=0.0005s, RTAB-Map=0.1379s, Maps update=0.0007s pub=0.0057s delay=0.3169s (local map=105, WM=105)
[INFO] [1774357606.066085313] [rtabmap]: rtabmap (1391): Rate=1.00s, Limit=0.000s, Conversion=0.0005s, RTAB-Map=0.1436s, Maps update=0.0007s pub=0.0076s delay=0.3123s (local map=105, WM=105)
[INFO] [1774357607.169807404] [rtabmap]: rtabmap (1392): Rate=1.00s, Limit=0.000s, Conversion=0.0004s, RTAB-Map=0.1454s, Maps update=0.0007s pub=0.0048s delay=0.3161s (local map=105, WM=105)
[INFO] [1774357608.170219129] [rtabmap]: rtabmap (1393): Rate=1.00s, Limit=0.000s, Conversion=0.0004s, RTAB-Map=0.1296s, Maps update=0.0007s pub=0.0063s delay=0.3164s (local map=105, WM=105)
[INFO] [1774357609.256977699] [rtabmap]: rtabmap (1394): Rate=1.00s, Limit=0.000s, Conversion=0.0004s, RTAB-Map=0.1334s, Maps update=0.0007s pub=0.0058s delay=0.3032s (local map=105, WM=105)
[INFO] [1774357610.270132274] [rtabmap]: rtabmap (1395): Rate=1.00s, Limit=0.000s, Conversion=0.0005s, RTAB-Map=0.1332s, Maps update=0.0007s pub=0.0051s delay=0.3163s (local map=105, WM=105)
[INFO] [1774357611.365720618] [rtabmap]: rtabmap (1396): Rate=1.00s, Limit=0.000s, Conversion=0.0005s, RTAB-Map=0.1363s, Maps update=0.0007s pub=0.0048s delay=0.3119s (local map=105, WM=105)
[INFO] [1774357612.363901763] [rtabmap]: rtabmap (1397): Rate=1.00s, Limit=0.000s, Conversion=0.0004s, RTAB-Map=0.1339s, Maps update=0.0008s pub=0.0055s delay=0.3100s (local map=105, WM=105)
[INFO] [1774357613.375670942] [rtabmap]: rtabmap (1398): Rate=1.00s, Limit=0.000s, Conversion=0.0004s, RTAB-Map=0.1414s, Maps update=0.0011s pub=0.0088s delay=0.3218s (local map=105, WM=105)
[INFO] [1774357614.359493241] [rtabmap]: rtabmap (1399): Rate=1.00s, Limit=0.000s, Conversion=0.0005s, RTAB-Map=0.1276s, Maps update=0.0007s pub=0.0071s delay=0.3056s (local map=105, WM=105)
[INFO] [1774357615.468064475] [rtabmap]: rtabmap (1400): Rate=1.00s, Limit=0.000s, Conversion=0.0004s, RTAB-Map=0.1346s, Maps update=0.0008s pub=0.0093s delay=0.3143s (local map=105, WM=105)
[INFO] [1774357616.463349639] [rtabmap]: rtabmap (1401): Rate=1.00s, Limit=0.000s, Conversion=0.0003s, RTAB-Map=0.1320s, Maps update=0.0007s pub=0.0064s delay=0.3095s (local map=105, WM=105)
[INFO] [1774357617.461780746] [rtabmap]: rtabmap (1402): Rate=1.00s, Limit=0.000s, Conversion=0.0004s, RTAB-Map=0.1373s, Maps update=0.0007s pub=0.0054s delay=0.3078s (local map=105, WM=105)
[INFO] [1774357618.567459294] [rtabmap]: rtabmap (1403): Rate=1.00s, Limit=0.000s, Conversion=0.0004s, RTAB-Map=0.1340s, Maps update=0.0009s pub=0.0087s delay=0.3137s (local map=105, WM=105)
[INFO] [1774357619.562130963] [rtabmap]: rtabmap (1404): Rate=1.00s, Limit=0.000s, Conversion=0.0005s, RTAB-Map=0.1342s, Maps update=0.0007s pub=0.0065s delay=0.3083s (local map=105, WM=105)
[INFO] [1774357620.656170288] [rtabmap]: rtabmap (1405): Rate=1.00s, Limit=0.000s, Conversion=0.0003s, RTAB-Map=0.1281s, Maps update=0.0007s pub=0.0063s delay=0.3022s (local map=105, WM=105)
[INFO] [1774357621.769108055] [rtabmap]: rtabmap (1406): Rate=1.00s, Limit=0.000s, Conversion=0.0003s, RTAB-Map=0.1283s, Maps update=0.0007s pub=0.0105s delay=0.3152s (local map=105, WM=105)
[INFO] [1774357622.876333446] [rtabmap]: rtabmap (1407): Rate=1.00s, Limit=0.000s, Conversion=0.0005s, RTAB-Map=0.1392s, Maps update=0.0010s pub=0.0068s delay=0.3226s (local map=105, WM=105)
[INFO] [1774357623.876184862] [rtabmap]: rtabmap (1408): Rate=1.00s, Limit=0.000s, Conversion=0.0003s, RTAB-Map=0.1380s, Maps update=0.0007s pub=0.0073s delay=0.3223s (local map=105, WM=105)
[INFO] [1774357624.947897680] [rtabmap]: rtabmap (1409): Rate=1.00s, Limit=0.000s, Conversion=0.0004s, RTAB-Map=0.1208s, Maps update=0.0007s pub=0.0062s delay=0.2941s (local map=105, WM=105)
[INFO] [1774357626.061656374] [rtabmap]: rtabmap (1410): Rate=1.00s, Limit=0.000s, Conversion=0.0003s, RTAB-Map=0.1351s, Maps update=0.0007s pub=0.0055s delay=0.3079s (local map=105, WM=105)
[INFO] [1774357627.172488333] [rtabmap]: rtabmap (1411): Rate=1.00s, Limit=0.000s, Conversion=0.0005s, RTAB-Map=0.1442s, Maps update=0.0007s pub=0.0057s delay=0.3187s (local map=105, WM=105)
[INFO] [1774357628.164443579] [rtabmap]: rtabmap (1412): Rate=1.00s, Limit=0.000s, Conversion=0.0003s, RTAB-Map=0.1372s, Maps update=0.0007s pub=0.0082s delay=0.3105s (local map=105, WM=105)
[INFO] [1774357629.274094597] [rtabmap]: rtabmap (1413): Rate=1.00s, Limit=0.000s, Conversion=0.0003s, RTAB-Map=0.1294s, Maps update=0.0008s pub=0.0141s delay=0.3202s (local map=105, WM=105)
[INFO] [1774357630.364894376] [rtabmap]: rtabmap (1414): Rate=1.00s, Limit=0.000s, Conversion=0.0005s, RTAB-Map=0.1336s, Maps update=0.0008s pub=0.0073s delay=0.3109s (local map=105, WM=105)
[INFO] [1774357631.459786565] [rtabmap]: rtabmap (1415): Rate=1.00s, Limit=0.000s, Conversion=0.0004s, RTAB-Map=0.1317s, Maps update=0.0007s pub=0.0077s delay=0.3059s (local map=105, WM=105)
[INFO] [1774357632.568780663] [rtabmap]: rtabmap (1416): Rate=1.00s, Limit=0.000s, Conversion=0.0004s, RTAB-Map=0.1383s, Maps update=0.0007s pub=0.0063s delay=0.3150s (local map=105, WM=105)
[INFO] [1774357633.661331004] [rtabmap]: rtabmap (1417): Rate=1.00s, Limit=0.000s, Conversion=0.0004s, RTAB-Map=0.1352s, Maps update=0.0007s pub=0.0051s delay=0.3084s (local map=105, WM=105)
[INFO] [1774357634.665869349] [rtabmap]: rtabmap (1418): Rate=1.00s, Limit=0.000s, Conversion=0.0003s, RTAB-Map=0.1316s, Maps update=0.0007s pub=0.0094s delay=0.3119s (local map=105, WM=105)
[INFO] [1774357635.756488001] [rtabmap]: rtabmap (1419): Rate=1.00s, Limit=0.000s, Conversion=0.0005s, RTAB-Map=0.1292s, Maps update=0.0007s pub=0.0053s delay=0.3025s (local map=105, WM=105)
[INFO] [1774357636.861129934] [rtabmap]: rtabmap (1420): Rate=1.00s, Limit=0.000s, Conversion=0.0006s, RTAB-Map=0.1293s, Maps update=0.0007s pub=0.0067s delay=0.3073s (local map=105, WM=105)
[INFO] [1774357637.860935653] [rtabmap]: rtabmap (1421): Rate=1.00s, Limit=0.000s, Conversion=0.0004s, RTAB-Map=0.1298s, Maps update=0.0007s pub=0.0080s delay=0.3071s (local map=105, WM=105)
[INFO] [1774357638.958799666] [rtabmap]: rtabmap (1422): Rate=1.00s, Limit=0.000s, Conversion=0.0003s, RTAB-Map=0.1254s, Maps update=0.0007s pub=0.0068s delay=0.3049s (local map=105, WM=105)
[INFO] [1774357640.064380803] [rtabmap]: rtabmap (1423): Rate=1.00s, Limit=0.000s, Conversion=0.0006s, RTAB-Map=0.1337s, Maps update=0.0009s pub=0.0081s delay=0.3105s (local map=105, WM=105)
[INFO] [1774357641.054272964] [rtabmap]: rtabmap (1424): Rate=1.00s, Limit=0.000s, Conversion=0.0003s, RTAB-Map=0.1274s, Maps update=0.0007s pub=0.0061s delay=0.3003s (local map=105, WM=105)
[INFO] [1774357642.167271756] [rtabmap]: rtabmap (1425): Rate=1.00s, Limit=0.000s, Conversion=0.0004s, RTAB-Map=0.1338s, Maps update=0.0011s pub=0.0104s delay=0.3134s (local map=105, WM=105)
[INFO] [1774357643.281942484] [rtabmap]: rtabmap (1426): Rate=1.00s, Limit=0.000s, Conversion=0.0006s, RTAB-Map=0.1375s, Maps update=0.0011s pub=0.0082s delay=0.3289s (local map=105, WM=105)
[INFO] [1774357644.259750253] [rtabmap]: rtabmap (1427): Rate=1.00s, Limit=0.000s, Conversion=0.0005s, RTAB-Map=0.1257s, Maps update=0.0007s pub=0.0063s delay=0.3066s (local map=105, WM=105)
[INFO] [1774357645.266402342] [rtabmap]: rtabmap (1428): Rate=1.00s, Limit=0.000s, Conversion=0.0007s, RTAB-Map=0.1320s, Maps update=0.0007s pub=0.0108s delay=0.3132s (local map=105, WM=105)
[INFO] [1774357646.259703495] [rtabmap]: rtabmap (1429): Rate=1.00s, Limit=0.000s, Conversion=0.0005s, RTAB-Map=0.1288s, Maps update=0.0007s pub=0.0069s delay=0.3057s (local map=105, WM=105)
[INFO] [1774357647.257946659] [rtabmap]: rtabmap (1430): Rate=1.00s, Limit=0.000s, Conversion=0.0004s, RTAB-Map=0.1351s, Maps update=0.0007s pub=0.0071s delay=0.3039s (local map=105, WM=105)
[INFO] [1774357648.358458836] [rtabmap]: rtabmap (1431): Rate=1.00s, Limit=0.000s, Conversion=0.0006s, RTAB-Map=0.1285s, Maps update=0.0007s pub=0.0055s delay=0.3054s (local map=105, WM=105)
[INFO] [1774357649.360700199] [rtabmap]: rtabmap (1432): Rate=1.00s, Limit=0.000s, Conversion=0.0004s, RTAB-Map=0.1309s, Maps update=0.0007s pub=0.0076s delay=0.3065s (local map=105, WM=105)
[INFO] [1774357650.468545549] [rtabmap]: rtabmap (1433): Rate=1.00s, Limit=0.000s, Conversion=0.0004s, RTAB-Map=0.1404s, Maps update=0.0013s pub=0.0073s delay=0.3144s (local map=105, WM=105)
[INFO] [1774357651.463396233] [rtabmap]: rtabmap (1434): Rate=1.00s, Limit=0.000s, Conversion=0.0004s, RTAB-Map=0.1328s, Maps update=0.0007s pub=0.0107s delay=0.3092s (local map=105, WM=105)
[INFO] [1774357652.602039482] [rtabmap]: rtabmap (1435): Rate=1.00s, Limit=0.000s, Conversion=0.0105s, RTAB-Map=0.1579s, Maps update=0.0007s pub=0.0075s delay=0.3480s (local map=105, WM=105)
[INFO] [1774357653.657843764] [rtabmap]: rtabmap (1436): Rate=1.00s, Limit=0.000s, Conversion=0.0004s, RTAB-Map=0.1291s, Maps update=0.0007s pub=0.0048s delay=0.3037s (local map=105, WM=105)
[INFO] [1774357654.654613944] [rtabmap]: rtabmap (1437): Rate=1.00s, Limit=0.000s, Conversion=0.0005s, RTAB-Map=0.1308s, Maps update=0.0007s pub=0.0045s delay=0.3004s (local map=105, WM=105)
[INFO] [1774357655.770308678] [rtabmap]: rtabmap (1438): Rate=1.00s, Limit=0.000s, Conversion=0.0006s, RTAB-Map=0.1357s, Maps update=0.0009s pub=0.0106s delay=0.3163s (local map=105, WM=105)
[INFO] [1774357656.762007403] [rtabmap]: rtabmap (1439): Rate=1.00s, Limit=0.000s, Conversion=0.0006s, RTAB-Map=0.1371s, Maps update=0.0007s pub=0.0063s delay=0.3078s (local map=105, WM=105)
[INFO] [1774357657.774312154] [rtabmap]: rtabmap (1440): Rate=1.00s, Limit=0.000s, Conversion=0.0004s, RTAB-Map=0.1383s, Maps update=0.0008s pub=0.0145s delay=0.3201s (local map=105, WM=105)
[INFO] [1774357658.766126275] [rtabmap]: rtabmap (1441): Rate=1.00s, Limit=0.000s, Conversion=0.0003s, RTAB-Map=0.1345s, Maps update=0.0009s pub=0.0064s delay=0.3118s (local map=105, WM=105)
[INFO] [1774357659.869467135] [rtabmap]: rtabmap (1442): Rate=1.00s, Limit=0.000s, Conversion=0.0005s, RTAB-Map=0.1448s, Maps update=0.0011s pub=0.0098s delay=0.3153s (local map=105, WM=105)
[INFO] [1774357660.860109564] [rtabmap]: rtabmap (1443): Rate=1.00s, Limit=0.000s, Conversion=0.0005s, RTAB-Map=0.1340s, Maps update=0.0017s pub=0.0072s delay=0.3058s (local map=105, WM=105)
[INFO] [1774357661.970923218] [rtabmap]: rtabmap (1444): Rate=1.00s, Limit=0.000s, Conversion=0.0005s, RTAB-Map=0.1348s, Maps update=0.0007s pub=0.0069s delay=0.3167s (local map=105, WM=105)
[INFO] [1774357663.066500041] [rtabmap]: rtabmap (1445): Rate=1.00s, Limit=0.000s, Conversion=0.0005s, RTAB-Map=0.1367s, Maps update=0.0007s pub=0.0059s delay=0.3123s (local map=105, WM=105)
[INFO] [1774357664.171725389] [rtabmap]: rtabmap (1446): Rate=1.00s, Limit=0.000s, Conversion=0.0005s, RTAB-Map=0.1348s, Maps update=0.0013s pub=0.0089s delay=0.3176s (local map=105, WM=105)
[INFO] [1774357665.263594712] [rtabmap]: rtabmap (1447): Rate=1.00s, Limit=0.000s, Conversion=0.0005s, RTAB-Map=0.1286s, Maps update=0.0007s pub=0.0089s delay=0.3093s (local map=105, WM=105)
[INFO] [1774357666.373798103] [rtabmap]: rtabmap (1448): Rate=1.00s, Limit=0.000s, Conversion=0.0005s, RTAB-Map=0.1451s, Maps update=0.0007s pub=0.0096s delay=0.3197s (local map=105, WM=105)
[INFO] [1774357667.368380969] [rtabmap]: rtabmap (1449): Rate=1.00s, Limit=0.000s, Conversion=0.0004s, RTAB-Map=0.1364s, Maps update=0.0007s pub=0.0053s delay=0.3142s (local map=105, WM=105)
[INFO] [1774357668.468393767] [rtabmap]: rtabmap (1450): Rate=1.00s, Limit=0.000s, Conversion=0.0003s, RTAB-Map=0.1409s, Maps update=0.0009s pub=0.0108s delay=0.3151s (local map=105, WM=105)
[INFO] [1774357669.567170967] [rtabmap]: rtabmap (1451): Rate=1.00s, Limit=0.000s, Conversion=0.0005s, RTAB-Map=0.1349s, Maps update=0.0007s pub=0.0098s delay=0.3130s (local map=105, WM=105)
[INFO] [1774357670.664984482] [rtabmap]: rtabmap (1452): Rate=1.00s, Limit=0.000s, Conversion=0.0005s, RTAB-Map=0.1338s, Maps update=0.0008s pub=0.0076s delay=0.3106s (local map=105, WM=105)
[INFO] [1774357671.760647101] [rtabmap]: rtabmap (1453): Rate=1.00s, Limit=0.000s, Conversion=0.0003s, RTAB-Map=0.1362s, Maps update=0.0007s pub=0.0069s delay=0.3074s (local map=105, WM=105)
[INFO] [1774357672.865382573] [rtabmap]: rtabmap (1454): Rate=1.00s, Limit=0.000s, Conversion=0.0004s, RTAB-Map=0.1402s, Maps update=0.0009s pub=0.0114s delay=0.3124s (local map=105, WM=105)
[INFO] [1774357673.869096152] [rtabmap]: rtabmap (1455): Rate=1.00s, Limit=0.000s, Conversion=0.0003s, RTAB-Map=0.1387s, Maps update=0.0008s pub=0.0080s delay=0.3148s (local map=105, WM=105)
[INFO] [1774357674.859823416] [rtabmap]: rtabmap (1456): Rate=1.00s, Limit=0.000s, Conversion=0.0004s, RTAB-Map=0.1280s, Maps update=0.0007s pub=0.0077s delay=0.3055s (local map=105, WM=105)
[INFO] [1774357675.969703883] [rtabmap]: rtabmap (1457): Rate=1.00s, Limit=0.000s, Conversion=0.0005s, RTAB-Map=0.1430s, Maps update=0.0008s pub=0.0115s delay=0.3154s (local map=105, WM=105)
[INFO] [1774357677.072140133] [rtabmap]: rtabmap (1458): Rate=1.00s, Limit=0.000s, Conversion=0.0105s, RTAB-Map=0.1319s, Maps update=0.0007s pub=0.0061s delay=0.3179s (local map=105, WM=105)
[INFO] [1774357678.162739392] [rtabmap]: rtabmap (1459): Rate=1.00s, Limit=0.000s, Conversion=0.0006s, RTAB-Map=0.1340s, Maps update=0.0007s pub=0.0051s delay=0.3095s (local map=105, WM=105)
[INFO] [1774357679.166349287] [rtabmap]: rtabmap (1460): Rate=1.00s, Limit=0.000s, Conversion=0.0006s, RTAB-Map=0.1365s, Maps update=0.0009s pub=0.0102s delay=0.3129s (local map=105, WM=105)
[INFO] [1774357680.152506906] [rtabmap]: rtabmap (1461): Rate=1.00s, Limit=0.000s, Conversion=0.0003s, RTAB-Map=0.1361s, Maps update=0.0007s pub=0.0052s delay=0.2990s (local map=105, WM=105)
[INFO] [1774357681.267408331] [rtabmap]: rtabmap (1462): Rate=1.00s, Limit=0.000s, Conversion=0.0006s, RTAB-Map=0.1334s, Maps update=0.0007s pub=0.0065s delay=0.3132s (local map=105, WM=105)
[INFO] [1774357682.367155263] [rtabmap]: rtabmap (1463): Rate=1.00s, Limit=0.000s, Conversion=0.0003s, RTAB-Map=0.1416s, Maps update=0.0010s pub=0.0080s delay=0.3139s (local map=105, WM=105)
[INFO] [1774357683.459824296] [rtabmap]: rtabmap (1464): Rate=1.00s, Limit=0.000s, Conversion=0.0005s, RTAB-Map=0.1350s, Maps update=0.0007s pub=0.0073s delay=0.3063s (local map=105, WM=105)
[INFO] [1774357684.568042365] [rtabmap]: rtabmap (1465): Rate=1.00s, Limit=0.000s, Conversion=0.0003s, RTAB-Map=0.1348s, Maps update=0.0012s pub=0.0079s delay=0.3150s (local map=105, WM=105)
[INFO] [1774357685.561664938] [rtabmap]: rtabmap (1466): Rate=1.00s, Limit=0.000s, Conversion=0.0005s, RTAB-Map=0.1369s, Maps update=0.0007s pub=0.0069s delay=0.3082s (local map=105, WM=105)
[INFO] [1774357686.554580605] [rtabmap]: rtabmap (1467): Rate=1.00s, Limit=0.000s, Conversion=0.0005s, RTAB-Map=0.1350s, Maps update=0.0007s pub=0.0060s delay=0.3011s (local map=105, WM=105)
[INFO] [1774357687.555605602] [rtabmap]: rtabmap (1468): Rate=1.00s, Limit=0.000s, Conversion=0.0004s, RTAB-Map=0.1277s, Maps update=0.0007s pub=0.0059s delay=0.3021s (local map=105, WM=105)
[INFO] [1774357688.661035853] [rtabmap]: rtabmap (1469): Rate=1.00s, Limit=0.000s, Conversion=0.0004s, RTAB-Map=0.1297s, Maps update=0.0007s pub=0.0079s delay=0.3077s (local map=105, WM=105)
[INFO] [1774357689.756129393] [rtabmap]: rtabmap (1470): Rate=1.00s, Limit=0.000s, Conversion=0.0005s, RTAB-Map=0.1281s, Maps update=0.0007s pub=0.0063s delay=0.3027s (local map=105, WM=105)
[INFO] [1774357690.860663355] [rtabmap]: rtabmap (1471): Rate=1.00s, Limit=0.000s, Conversion=0.0004s, RTAB-Map=0.1374s, Maps update=0.0007s pub=0.0068s delay=0.3077s (local map=105, WM=105)
[INFO] [1774357691.981475658] [rtabmap]: rtabmap (1472): Rate=1.00s, Limit=0.000s, Conversion=0.0004s, RTAB-Map=0.1486s, Maps update=0.0009s pub=0.0089s delay=0.3282s (local map=105, WM=105)
[INFO] [1774357693.065736406] [rtabmap]: rtabmap (1473): Rate=1.00s, Limit=0.000s, Conversion=0.0003s, RTAB-Map=0.1354s, Maps update=0.0007s pub=0.0091s delay=0.3127s (local map=105, WM=105)
[INFO] [1774357694.153312799] [rtabmap]: rtabmap (1474): Rate=1.00s, Limit=0.000s, Conversion=0.0005s, RTAB-Map=0.1355s, Maps update=0.0007s pub=0.0052s delay=0.3004s (local map=105, WM=105)
[INFO] [1774357695.166562546] [rtabmap]: rtabmap (1475): Rate=1.00s, Limit=0.000s, Conversion=0.0003s, RTAB-Map=0.1259s, Maps update=0.0007s pub=0.0059s delay=0.3129s (local map=105, WM=105)
[INFO] [1774357696.270777647] [rtabmap]: rtabmap (1476): Rate=1.00s, Limit=0.000s, Conversion=0.0006s, RTAB-Map=0.1450s, Maps update=0.0013s pub=0.0085s delay=0.3178s (local map=105, WM=105)
[INFO] [1774357697.260310914] [rtabmap]: rtabmap (1477): Rate=1.00s, Limit=0.000s, Conversion=0.0005s, RTAB-Map=0.1253s, Maps update=0.0007s pub=0.0068s delay=0.3073s (local map=105, WM=105)
[INFO] [1774357698.391618590] [rtabmap]: rtabmap (1478): Rate=1.00s, Limit=0.000s, Conversion=0.0004s, RTAB-Map=0.1491s, Maps update=0.0011s pub=0.0081s delay=0.3387s (local map=105, WM=105)
[INFO] [1774357699.371566535] [rtabmap]: rtabmap (1479): Rate=1.00s, Limit=0.000s, Conversion=0.0005s, RTAB-Map=0.1364s, Maps update=0.0009s pub=0.0069s delay=0.3186s (local map=105, WM=105)
[INFO] [1774357700.366837683] [rtabmap]: rtabmap (1480): Rate=1.00s, Limit=0.000s, Conversion=0.0005s, RTAB-Map=0.1370s, Maps update=0.0008s pub=0.0077s delay=0.3133s (local map=105, WM=105)
[INFO] [1774357701.369936966] [rtabmap]: rtabmap (1481): Rate=1.00s, Limit=0.000s, Conversion=0.0004s, RTAB-Map=0.1351s, Maps update=0.0012s pub=0.0085s delay=0.3163s (local map=105, WM=105)
[INFO] [1774357702.465879915] [rtabmap]: rtabmap (1482): Rate=1.00s, Limit=0.000s, Conversion=0.0006s, RTAB-Map=0.1288s, Maps update=0.0008s pub=0.0090s delay=0.3129s (local map=105, WM=105)
[INFO] [1774357703.476966827] [rtabmap]: rtabmap (1483): Rate=1.00s, Limit=0.000s, Conversion=0.0004s, RTAB-Map=0.1374s, Maps update=0.0010s pub=0.0085s delay=0.3240s (local map=105, WM=105)
[INFO] [1774357704.567700844] [rtabmap]: rtabmap (1484): Rate=1.00s, Limit=0.000s, Conversion=0.0005s, RTAB-Map=0.1375s, Maps update=0.0007s pub=0.0061s delay=0.3145s (local map=105, WM=105)
[INFO] [1774357705.670264490] [rtabmap]: rtabmap (1485): Rate=1.00s, Limit=0.000s, Conversion=0.0005s, RTAB-Map=0.1336s, Maps update=0.0007s pub=0.0055s delay=0.3166s (local map=105, WM=105)
[INFO] [1774357706.771048294] [rtabmap]: rtabmap (1486): Rate=1.00s, Limit=0.000s, Conversion=0.0006s, RTAB-Map=0.1387s, Maps update=0.0007s pub=0.0054s delay=0.3181s (local map=105, WM=105)
[INFO] [1774357707.772169422] [rtabmap]: rtabmap (1487): Rate=1.00s, Limit=0.000s, Conversion=0.0006s, RTAB-Map=0.1411s, Maps update=0.0007s pub=0.0069s delay=0.3190s (local map=105, WM=105)
[INFO] [1774357708.867976686] [rtabmap]: rtabmap (1488): Rate=1.00s, Limit=0.000s, Conversion=0.0005s, RTAB-Map=0.1405s, Maps update=0.0010s pub=0.0096s delay=0.3149s (local map=105, WM=105)
[INFO] [1774357709.858996345] [rtabmap]: rtabmap (1489): Rate=1.00s, Limit=0.000s, Conversion=0.0004s, RTAB-Map=0.1261s, Maps update=0.0007s pub=0.0066s delay=0.3059s (local map=105, WM=105)
[INFO] [1774357710.960136546] [rtabmap]: rtabmap (1490): Rate=1.00s, Limit=0.000s, Conversion=0.0006s, RTAB-Map=0.1309s, Maps update=0.0007s pub=0.0072s delay=0.3072s (local map=105, WM=105)
[INFO] [1774357711.960135136] [rtabmap]: rtabmap (1491): Rate=1.00s, Limit=0.000s, Conversion=0.0009s, RTAB-Map=0.1300s, Maps update=0.0007s pub=0.0062s delay=0.3069s (local map=105, WM=105)
[INFO] [1774357713.069784875] [rtabmap]: rtabmap (1492): Rate=1.00s, Limit=0.000s, Conversion=0.0005s, RTAB-Map=0.1450s, Maps update=0.0007s pub=0.0084s delay=0.3168s (local map=105, WM=105)
[INFO] [1774357714.069913678] [rtabmap]: rtabmap (1493): Rate=1.00s, Limit=0.000s, Conversion=0.0005s, RTAB-Map=0.1297s, Maps update=0.0008s pub=0.0110s delay=0.3170s (local map=105, WM=105)
[INFO] [1774357715.073406096] [rtabmap]: rtabmap (1494): Rate=1.00s, Limit=0.000s, Conversion=0.0004s, RTAB-Map=0.1421s, Maps update=0.0008s pub=0.0061s delay=0.3203s (local map=105, WM=105)
[INFO] [1774357716.176738252] [rtabmap]: rtabmap (1495): Rate=1.00s, Limit=0.000s, Conversion=0.0004s, RTAB-Map=0.1376s, Maps update=0.0011s pub=0.0151s delay=0.3237s (local map=105, WM=105)
[INFO] [1774357717.164088204] [rtabmap]: rtabmap (1496): Rate=1.00s, Limit=0.000s, Conversion=0.0005s, RTAB-Map=0.1366s, Maps update=0.0008s pub=0.0071s delay=0.3110s (local map=105, WM=105)
[INFO] [1774357718.263609656] [rtabmap]: rtabmap (1497): Rate=1.00s, Limit=0.000s, Conversion=0.0005s, RTAB-Map=0.1341s, Maps update=0.0007s pub=0.0081s delay=0.3107s (local map=105, WM=105)
[INFO] [1774357719.268385419] [rtabmap]: rtabmap (1498): Rate=1.00s, Limit=0.000s, Conversion=0.0004s, RTAB-Map=0.1448s, Maps update=0.0011s pub=0.0069s delay=0.3154s (local map=105, WM=105)
[INFO] [1774357720.259954891] [rtabmap]: rtabmap (1499): Rate=1.00s, Limit=0.000s, Conversion=0.0004s, RTAB-Map=0.1297s, Maps update=0.0007s pub=0.0070s delay=0.3069s (local map=105, WM=105)
[INFO] [1774357721.368603599] [rtabmap]: rtabmap (1500): Rate=1.00s, Limit=0.000s, Conversion=0.0003s, RTAB-Map=0.1292s, Maps update=0.0008s pub=0.0092s delay=0.3155s (local map=105, WM=105)
[INFO] [1774357722.474564846] [rtabmap]: rtabmap (1501): Rate=1.00s, Limit=0.000s, Conversion=0.0005s, RTAB-Map=0.1472s, Maps update=0.0009s pub=0.0066s delay=0.3216s (local map=105, WM=105)
[INFO] [1774357723.465694334] [rtabmap]: rtabmap (1502): Rate=1.00s, Limit=0.000s, Conversion=0.0003s, RTAB-Map=0.1360s, Maps update=0.0009s pub=0.0115s delay=0.3127s (local map=105, WM=105)
[INFO] [1774357724.460745825] [rtabmap]: rtabmap (1503): Rate=1.00s, Limit=0.000s, Conversion=0.0007s, RTAB-Map=0.1313s, Maps update=0.0009s pub=0.0085s delay=0.3077s (local map=105, WM=105)
[INFO] [1774357725.466330546] [rtabmap]: rtabmap (1504): Rate=1.00s, Limit=0.000s, Conversion=0.0005s, RTAB-Map=0.1287s, Maps update=0.0007s pub=0.0125s delay=0.3132s (local map=105, WM=105)
[INFO] [1774357726.569361794] [rtabmap]: rtabmap (1505): Rate=1.00s, Limit=0.000s, Conversion=0.0004s, RTAB-Map=0.1338s, Maps update=0.0007s pub=0.0057s delay=0.3164s (local map=105, WM=105)
[INFO] [1774357727.566234090] [rtabmap]: rtabmap (1506): Rate=1.00s, Limit=0.000s, Conversion=0.0003s, RTAB-Map=0.1275s, Maps update=0.0008s pub=0.0068s delay=0.3131s (local map=105, WM=105)
[INFO] [1774357728.647854450] [rtabmap]: rtabmap (1507): Rate=1.00s, Limit=0.000s, Conversion=0.0003s, RTAB-Map=0.1313s, Maps update=0.0007s pub=0.0046s delay=0.2947s (local map=105, WM=105)
[INFO] [1774357729.659322562] [rtabmap]: rtabmap (1508): Rate=1.00s, Limit=0.000s, Conversion=0.0005s, RTAB-Map=0.1287s, Maps update=0.0007s pub=0.0073s delay=0.3062s (local map=105, WM=105)
[INFO] [1774357730.767762046] [rtabmap]: rtabmap (1509): Rate=1.00s, Limit=0.000s, Conversion=0.0004s, RTAB-Map=0.1333s, Maps update=0.0008s pub=0.0091s delay=0.3146s (local map=105, WM=105)
[INFO] [1774357731.860939963] [rtabmap]: rtabmap (1510): Rate=1.00s, Limit=0.000s, Conversion=0.0005s, RTAB-Map=0.1367s, Maps update=0.0007s pub=0.0067s delay=0.3077s (local map=105, WM=105)
[INFO] [1774357732.976051347] [rtabmap]: rtabmap (1511): Rate=1.00s, Limit=0.000s, Conversion=0.0005s, RTAB-Map=0.1383s, Maps update=0.0009s pub=0.0153s delay=0.3229s (local map=105, WM=105)
[INFO] [1774357734.084909824] [rtabmap]: rtabmap (1512): Rate=1.00s, Limit=0.000s, Conversion=0.0005s, RTAB-Map=0.1504s, Maps update=0.0007s pub=0.0051s delay=0.3317s (local map=105, WM=105)
[INFO] [1774357735.065795980] [rtabmap]: rtabmap (1513): Rate=1.00s, Limit=0.000s, Conversion=0.0005s, RTAB-Map=0.1285s, Maps update=0.0008s pub=0.0084s delay=0.3119s (local map=105, WM=105)
[INFO] [1774357736.160801454] [rtabmap]: rtabmap (1514): Rate=1.00s, Limit=0.000s, Conversion=0.0005s, RTAB-Map=0.1326s, Maps update=0.0007s pub=0.0065s delay=0.3076s (local map=105, WM=105)
[INFO] [1774357737.176070732] [rtabmap]: rtabmap (1515): Rate=1.00s, Limit=0.000s, Conversion=0.0005s, RTAB-Map=0.1381s, Maps update=0.0007s pub=0.0058s delay=0.3228s (local map=105, WM=105)
[INFO] [1774357738.272072532] [rtabmap]: rtabmap (1516): Rate=1.00s, Limit=0.000s, Conversion=0.0004s, RTAB-Map=0.1424s, Maps update=0.0007s pub=0.0060s delay=0.3189s (local map=105, WM=105)
[INFO] [1774357739.379560844] [rtabmap]: rtabmap (1517): Rate=1.00s, Limit=0.000s, Conversion=0.0105s, RTAB-Map=0.1375s, Maps update=0.0010s pub=0.0061s delay=0.3264s (local map=105, WM=105)
[INFO] [1774357740.366155664] [rtabmap]: rtabmap (1518): Rate=1.00s, Limit=0.000s, Conversion=0.0005s, RTAB-Map=0.1255s, Maps update=0.0007s pub=0.0062s delay=0.3129s (local map=105, WM=105)
[INFO] [1774357741.359139558] [rtabmap]: rtabmap (1519): Rate=1.00s, Limit=0.000s, Conversion=0.0005s, RTAB-Map=0.1347s, Maps update=0.0007s pub=0.0060s delay=0.3059s (local map=105, WM=105)
[INFO] [1774357742.468933845] [rtabmap]: rtabmap (1520): Rate=1.00s, Limit=0.000s, Conversion=0.0004s, RTAB-Map=0.1345s, Maps update=0.0008s pub=0.0056s delay=0.3157s (local map=105, WM=105)
[INFO] [1774357743.562205973] [rtabmap]: rtabmap (1521): Rate=1.00s, Limit=0.000s, Conversion=0.0005s, RTAB-Map=0.1322s, Maps update=0.0007s pub=0.0069s delay=0.3090s (local map=105, WM=105)
[INFO] [1774357744.559625998] [rtabmap]: rtabmap (1522): Rate=1.00s, Limit=0.000s, Conversion=0.0005s, RTAB-Map=0.1240s, Maps update=0.0007s pub=0.0050s delay=0.3064s (local map=105, WM=105)
[INFO] [1774357745.659928326] [rtabmap]: rtabmap (1523): Rate=1.00s, Limit=0.000s, Conversion=0.0006s, RTAB-Map=0.1356s, Maps update=0.0009s pub=0.0080s delay=0.3067s (local map=105, WM=105)
[INFO] [1774357746.768198778] [rtabmap]: rtabmap (1524): Rate=1.00s, Limit=0.000s, Conversion=0.0006s, RTAB-Map=0.1371s, Maps update=0.0009s pub=0.0087s delay=0.3149s (local map=105, WM=105)
[INFO] [1774357747.869367858] [rtabmap]: rtabmap (1525): Rate=1.00s, Limit=0.000s, Conversion=0.0005s, RTAB-Map=0.1362s, Maps update=0.0007s pub=0.0055s delay=0.3160s (local map=105, WM=105)
[INFO] [1774357748.872226498] [rtabmap]: rtabmap (1526): Rate=1.00s, Limit=0.000s, Conversion=0.0006s, RTAB-Map=0.1275s, Maps update=0.0007s pub=0.0112s delay=0.3189s (local map=105, WM=105)
[INFO] [1774357749.961140613] [rtabmap]: rtabmap (1527): Rate=1.00s, Limit=0.000s, Conversion=0.0004s, RTAB-Map=0.1318s, Maps update=0.0007s pub=0.0063s delay=0.3078s (local map=105, WM=105)
[INFO] [1774357751.057265513] [rtabmap]: rtabmap (1528): Rate=1.00s, Limit=0.000s, Conversion=0.0003s, RTAB-Map=0.1281s, Maps update=0.0007s pub=0.0056s delay=0.3039s (local map=105, WM=105)
[INFO] [1774357752.067028590] [rtabmap]: rtabmap (1529): Rate=1.00s, Limit=0.000s, Conversion=0.0003s, RTAB-Map=0.1416s, Maps update=0.0007s pub=0.0059s delay=0.3136s (local map=105, WM=105)
[INFO] [1774357753.176034301] [rtabmap]: rtabmap (1530): Rate=1.00s, Limit=0.000s, Conversion=0.0003s, RTAB-Map=0.1522s, Maps update=0.0008s pub=0.0068s delay=0.3228s (local map=105, WM=105)
[INFO] [1774357754.257421205] [rtabmap]: rtabmap (1531): Rate=1.00s, Limit=0.000s, Conversion=0.0004s, RTAB-Map=0.1246s, Maps update=0.0007s pub=0.0042s delay=0.3042s (local map=105, WM=105)
[INFO] [1774357755.278576399] [rtabmap]: rtabmap (1532): Rate=1.00s, Limit=0.000s, Conversion=0.0003s, RTAB-Map=0.1395s, Maps update=0.0007s pub=0.0086s delay=0.3252s (local map=105, WM=105)
[INFO] [1774357756.256389700] [rtabmap]: rtabmap (1533): Rate=1.00s, Limit=0.000s, Conversion=0.0005s, RTAB-Map=0.1287s, Maps update=0.0007s pub=0.0059s delay=0.3029s (local map=105, WM=105)
[INFO] [1774357757.390773400] [rtabmap]: rtabmap (1534): Rate=1.00s, Limit=0.000s, Conversion=0.0005s, RTAB-Map=0.1459s, Maps update=0.0010s pub=0.0096s delay=0.3373s (local map=105, WM=105)
[INFO] [1774357758.475299488] [rtabmap]: rtabmap (1535): Rate=1.00s, Limit=0.000s, Conversion=0.0005s, RTAB-Map=0.1401s, Maps update=0.0007s pub=0.0066s delay=0.3219s (local map=105, WM=105)
[INFO] [1774357759.563144286] [rtabmap]: rtabmap (1536): Rate=1.00s, Limit=0.000s, Conversion=0.0005s, RTAB-Map=0.1356s, Maps update=0.0007s pub=0.0063s delay=0.3098s (local map=105, WM=105)
[INFO] [1774357760.572034916] [rtabmap]: rtabmap (1537): Rate=1.00s, Limit=0.000s, Conversion=0.0003s, RTAB-Map=0.1412s, Maps update=0.0007s pub=0.0045s delay=0.3187s (local map=105, WM=105)
[INFO] [1774357761.664028981] [rtabmap]: rtabmap (1538): Rate=1.00s, Limit=0.000s, Conversion=0.0006s, RTAB-Map=0.1388s, Maps update=0.0018s pub=0.0070s delay=0.3107s (local map=105, WM=105)
[INFO] [1774357762.671574763] [rtabmap]: rtabmap (1539): Rate=1.00s, Limit=0.000s, Conversion=0.0005s, RTAB-Map=0.1386s, Maps update=0.0009s pub=0.0119s delay=0.3181s (local map=105, WM=105)
[INFO] [1774357763.661059199] [rtabmap]: rtabmap (1540): Rate=1.00s, Limit=0.000s, Conversion=0.0005s, RTAB-Map=0.1349s, Maps update=0.0007s pub=0.0049s delay=0.3076s (local map=105, WM=105)
[INFO] [1774357764.769272817] [rtabmap]: rtabmap (1541): Rate=1.00s, Limit=0.000s, Conversion=0.0004s, RTAB-Map=0.1380s, Maps update=0.0007s pub=0.0085s delay=0.3159s (local map=105, WM=105)
[INFO] [1774357765.870637328] [rtabmap]: rtabmap (1542): Rate=1.00s, Limit=0.000s, Conversion=0.0003s, RTAB-Map=0.1433s, Maps update=0.0007s pub=0.0090s delay=0.3173s (local map=105, WM=105)
[INFO] [1774357766.876187519] [rtabmap]: rtabmap (1543): Rate=1.00s, Limit=0.000s, Conversion=0.0005s, RTAB-Map=0.1406s, Maps update=0.0010s pub=0.0081s delay=0.3227s (local map=105, WM=105)
[INFO] [1774357767.955367784] [rtabmap]: rtabmap (1544): Rate=1.00s, Limit=0.000s, Conversion=0.0012s, RTAB-Map=0.1310s, Maps update=0.0007s pub=0.0052s delay=0.3020s (local map=105, WM=105)
[INFO] [1774357768.955287311] [rtabmap]: rtabmap (1545): Rate=1.00s, Limit=0.000s, Conversion=0.0006s, RTAB-Map=0.1250s, Maps update=0.0007s pub=0.0059s delay=0.3018s (local map=105, WM=105)
[INFO] [1774357769.961824194] [rtabmap]: rtabmap (1546): Rate=1.00s, Limit=0.000s, Conversion=0.0005s, RTAB-Map=0.1255s, Maps update=0.0007s pub=0.0078s delay=0.3083s (local map=105, WM=105)
[INFO] [1774357771.056713434] [rtabmap]: rtabmap (1547): Rate=1.00s, Limit=0.000s, Conversion=0.0004s, RTAB-Map=0.1256s, Maps update=0.0007s pub=0.0049s delay=0.3032s (local map=105, WM=105)
[INFO] [1774357772.068180091] [rtabmap]: rtabmap (1548): Rate=1.00s, Limit=0.000s, Conversion=0.0006s, RTAB-Map=0.1335s, Maps update=0.0007s pub=0.0062s delay=0.3146s (local map=105, WM=105)
[INFO] [1774357773.181641224] [rtabmap]: rtabmap (1549): Rate=1.00s, Limit=0.000s, Conversion=0.0005s, RTAB-Map=0.1433s, Maps update=0.0008s pub=0.0086s delay=0.3281s (local map=105, WM=105)
[INFO] [1774357774.257707363] [rtabmap]: rtabmap (1550): Rate=1.00s, Limit=0.000s, Conversion=0.0003s, RTAB-Map=0.1335s, Maps update=0.0007s pub=0.0060s delay=0.3042s (local map=105, WM=105)
[INFO] [1774357775.248410466] [rtabmap]: rtabmap (1551): Rate=1.00s, Limit=0.000s, Conversion=0.0003s, RTAB-Map=0.1214s, Maps update=0.0007s pub=0.0054s delay=0.2947s (local map=105, WM=105)
[INFO] [1774357776.357003394] [rtabmap]: rtabmap (1552): Rate=1.00s, Limit=0.000s, Conversion=0.0007s, RTAB-Map=0.1331s, Maps update=0.0007s pub=0.0059s delay=0.3034s (local map=105, WM=105)
[INFO] [1774357777.463091944] [rtabmap]: rtabmap (1553): Rate=1.00s, Limit=0.000s, Conversion=0.0003s, RTAB-Map=0.1390s, Maps update=0.0007s pub=0.0077s delay=0.3095s (local map=105, WM=105)
[INFO] [1774357778.572873746] [rtabmap]: rtabmap (1554): Rate=1.00s, Limit=0.000s, Conversion=0.0003s, RTAB-Map=0.1368s, Maps update=0.0007s pub=0.0049s delay=0.3193s (local map=105, WM=105)
[INFO] [1774357779.669722128] [rtabmap]: rtabmap (1555): Rate=1.00s, Limit=0.000s, Conversion=0.0006s, RTAB-Map=0.1349s, Maps update=0.0007s pub=0.0077s delay=0.3162s (local map=105, WM=105)
[INFO] [1774357780.667554829] [rtabmap]: rtabmap (1556): Rate=1.00s, Limit=0.000s, Conversion=0.0003s, RTAB-Map=0.1361s, Maps update=0.0008s pub=0.0063s delay=0.3140s (local map=105, WM=105)
[INFO] [1774357781.776372532] [rtabmap]: rtabmap (1557): Rate=1.00s, Limit=0.000s, Conversion=0.0006s, RTAB-Map=0.1404s, Maps update=0.0008s pub=0.0066s delay=0.3228s (local map=105, WM=105)
[INFO] [1774357782.771599604] [rtabmap]: rtabmap (1558): Rate=1.00s, Limit=0.000s, Conversion=0.0005s, RTAB-Map=0.1355s, Maps update=0.0009s pub=0.0076s delay=0.3180s (local map=105, WM=105)
[INFO] [1774357783.877782174] [rtabmap]: rtabmap (1559): Rate=1.00s, Limit=0.000s, Conversion=0.0005s, RTAB-Map=0.1426s, Maps update=0.0009s pub=0.0083s delay=0.3242s (local map=105, WM=105)
[INFO] [1774357784.962414570] [rtabmap]: rtabmap (1560): Rate=1.00s, Limit=0.000s, Conversion=0.0004s, RTAB-Map=0.1304s, Maps update=0.0007s pub=0.0083s delay=0.3088s (local map=105, WM=105)
[INFO] [1774357786.069609815] [rtabmap]: rtabmap (1561): Rate=1.00s, Limit=0.000s, Conversion=0.0006s, RTAB-Map=0.1353s, Maps update=0.0009s pub=0.0099s delay=0.3160s (local map=105, WM=105)
[INFO] [1774357787.073652113] [rtabmap]: rtabmap (1562): Rate=1.00s, Limit=0.000s, Conversion=0.0004s, RTAB-Map=0.1404s, Maps update=0.0010s pub=0.0075s delay=0.3200s (local map=105, WM=105)
[INFO] [1774357788.051275039] [rtabmap]: rtabmap (1563): Rate=1.00s, Limit=0.000s, Conversion=0.0003s, RTAB-Map=0.1330s, Maps update=0.0007s pub=0.0047s delay=0.2976s (local map=105, WM=105)
[INFO] [1774357789.157414695] [rtabmap]: rtabmap (1564): Rate=1.00s, Limit=0.000s, Conversion=0.0003s, RTAB-Map=0.1281s, Maps update=0.0007s pub=0.0061s delay=0.3037s (local map=105, WM=105)
[INFO] [1774357790.258681666] [rtabmap]: rtabmap (1565): Rate=1.00s, Limit=0.000s, Conversion=0.0005s, RTAB-Map=0.1266s, Maps update=0.0007s pub=0.0062s delay=0.3051s (local map=105, WM=105)
[INFO] [1774357791.262019299] [rtabmap]: rtabmap (1566): Rate=1.00s, Limit=0.000s, Conversion=0.0005s, RTAB-Map=0.1267s, Maps update=0.0007s pub=0.0062s delay=0.3083s (local map=105, WM=105)
[INFO] [1774357792.272112532] [rtabmap]: rtabmap (1567): Rate=1.00s, Limit=0.000s, Conversion=0.0005s, RTAB-Map=0.1356s, Maps update=0.0007s pub=0.0060s delay=0.3184s (local map=105, WM=105)
[INFO] [1774357793.361755889] [rtabmap]: rtabmap (1568): Rate=1.00s, Limit=0.000s, Conversion=0.0004s, RTAB-Map=0.1380s, Maps update=0.0008s pub=0.0060s delay=0.3080s (local map=105, WM=105)
[INFO] [1774357794.372797988] [rtabmap]: rtabmap (1569): Rate=1.00s, Limit=0.000s, Conversion=0.0004s, RTAB-Map=0.1333s, Maps update=0.0007s pub=0.0140s delay=0.3190s (local map=105, WM=105)
[INFO] [1774357795.360751233] [rtabmap]: rtabmap (1570): Rate=1.00s, Limit=0.000s, Conversion=0.0004s, RTAB-Map=0.1286s, Maps update=0.0007s pub=0.0061s delay=0.3069s (local map=105, WM=105)
[INFO] [1774357796.464619481] [rtabmap]: rtabmap (1571): Rate=1.00s, Limit=0.000s, Conversion=0.0004s, RTAB-Map=0.1338s, Maps update=0.0007s pub=0.0066s delay=0.3108s (local map=105, WM=105)
[INFO] [1774357797.569368144] [rtabmap]: rtabmap (1572): Rate=1.00s, Limit=0.000s, Conversion=0.0004s, RTAB-Map=0.1393s, Maps update=0.0010s pub=0.0089s delay=0.3156s (local map=105, WM=105)
[INFO] [1774357798.670755919] [rtabmap]: rtabmap (1573): Rate=1.00s, Limit=0.000s, Conversion=0.0005s, RTAB-Map=0.1386s, Maps update=0.0007s pub=0.0072s delay=0.3171s (local map=105, WM=105)
[INFO] [1774357799.780060168] [rtabmap]: rtabmap (1574): Rate=1.00s, Limit=0.000s, Conversion=0.0006s, RTAB-Map=0.1386s, Maps update=0.0009s pub=0.0072s delay=0.3263s (local map=105, WM=105)
[INFO] [1774357800.868054219] [rtabmap]: rtabmap (1575): Rate=1.00s, Limit=0.000s, Conversion=0.0005s, RTAB-Map=0.1362s, Maps update=0.0007s pub=0.0070s delay=0.3143s (local map=105, WM=105)
[INFO] [1774357801.873764928] [rtabmap]: rtabmap (1576): Rate=1.00s, Limit=0.000s, Conversion=0.0008s, RTAB-Map=0.1468s, Maps update=0.0007s pub=0.0067s delay=0.3200s (local map=105, WM=105)
[INFO] [1774357802.987488150] [rtabmap]: rtabmap (1577): Rate=1.00s, Limit=0.000s, Conversion=0.0105s, RTAB-Map=0.1416s, Maps update=0.0014s pub=0.0074s delay=0.3337s (local map=105, WM=105)
[INFO] [1774357804.069442466] [rtabmap]: rtabmap (1578): Rate=1.00s, Limit=0.000s, Conversion=0.0005s, RTAB-Map=0.1393s, Maps update=0.0007s pub=0.0072s delay=0.3155s (local map=105, WM=105)
[INFO] [1774357805.156656777] [rtabmap]: rtabmap (1579): Rate=1.00s, Limit=0.000s, Conversion=0.0003s, RTAB-Map=0.1378s, Maps update=0.0008s pub=0.0063s delay=0.3030s (local map=105, WM=105)
[INFO] [1774357806.159981193] [rtabmap]: rtabmap (1580): Rate=1.00s, Limit=0.000s, Conversion=0.0006s, RTAB-Map=0.1268s, Maps update=0.0007s pub=0.0051s delay=0.3061s (local map=105, WM=105)
[INFO] [1774357807.263173481] [rtabmap]: rtabmap (1581): Rate=1.00s, Limit=0.000s, Conversion=0.0005s, RTAB-Map=0.1348s, Maps update=0.0007s pub=0.0074s delay=0.3094s (local map=105, WM=105)
[INFO] [1774357808.265374017] [rtabmap]: rtabmap (1582): Rate=1.00s, Limit=0.000s, Conversion=0.0005s, RTAB-Map=0.1386s, Maps update=0.0009s pub=0.0066s delay=0.3115s (local map=105, WM=105)
[INFO] [1774357809.359443484] [rtabmap]: rtabmap (1583): Rate=1.00s, Limit=0.000s, Conversion=0.0003s, RTAB-Map=0.1343s, Maps update=0.0007s pub=0.0079s delay=0.3057s (local map=105, WM=105)
[INFO] [1774357810.362673849] [rtabmap]: rtabmap (1584): Rate=1.00s, Limit=0.000s, Conversion=0.0003s, RTAB-Map=0.1336s, Maps update=0.0007s pub=0.0053s delay=0.3089s (local map=105, WM=105)
[INFO] [1774357811.369788031] [rtabmap]: rtabmap (1585): Rate=1.00s, Limit=0.000s, Conversion=0.0003s, RTAB-Map=0.1379s, Maps update=0.0007s pub=0.0048s delay=0.3160s (local map=105, WM=105)
[INFO] [1774357812.372773491] [rtabmap]: rtabmap (1586): Rate=1.00s, Limit=0.000s, Conversion=0.0003s, RTAB-Map=0.1418s, Maps update=0.0007s pub=0.0068s delay=0.3190s (local map=105, WM=105)
[INFO] [1774357813.374316116] [rtabmap]: rtabmap (1587): Rate=1.00s, Limit=0.000s, Conversion=0.0005s, RTAB-Map=0.1387s, Maps update=0.0007s pub=0.0053s delay=0.3204s (local map=105, WM=105)
[INFO] [1774357814.454343836] [rtabmap]: rtabmap (1588): Rate=1.00s, Limit=0.000s, Conversion=0.0007s, RTAB-Map=0.1275s, Maps update=0.0007s pub=0.0050s delay=0.3004s (local map=105, WM=105)
[INFO] [1774357815.569311198] [rtabmap]: rtabmap (1589): Rate=1.00s, Limit=0.000s, Conversion=0.0003s, RTAB-Map=0.1326s, Maps update=0.0009s pub=0.0096s delay=0.3154s (local map=105, WM=105)
[INFO] [1774357816.573562527] [rtabmap]: rtabmap (1590): Rate=1.00s, Limit=0.000s, Conversion=0.0105s, RTAB-Map=0.1286s, Maps update=0.0007s pub=0.0109s delay=0.3196s (local map=105, WM=105)
[INFO] [1774357817.674129217] [rtabmap]: rtabmap (1591): Rate=1.00s, Limit=0.000s, Conversion=0.0004s, RTAB-Map=0.1417s, Maps update=0.0008s pub=0.0064s delay=0.3205s (local map=105, WM=105)
[INFO] [1774357818.666308117] [rtabmap]: rtabmap (1592): Rate=1.00s, Limit=0.000s, Conversion=0.0006s, RTAB-Map=0.1357s, Maps update=0.0008s pub=0.0051s delay=0.3124s (local map=105, WM=105)
[INFO] [1774357819.775714897] [rtabmap]: rtabmap (1593): Rate=1.00s, Limit=0.000s, Conversion=0.0004s, RTAB-Map=0.1415s, Maps update=0.0007s pub=0.0075s delay=0.3220s (local map=105, WM=105)
[INFO] [1774357820.759524315] [rtabmap]: rtabmap (1594): Rate=1.00s, Limit=0.000s, Conversion=0.0004s, RTAB-Map=0.1272s, Maps update=0.0007s pub=0.0059s delay=0.3056s (local map=105, WM=105)
[INFO] [1774357821.876978550] [rtabmap]: rtabmap (1595): Rate=1.00s, Limit=0.000s, Conversion=0.0005s, RTAB-Map=0.1445s, Maps update=0.0007s pub=0.0082s delay=0.3231s (local map=105, WM=105)
[INFO] [1774357822.870546171] [rtabmap]: rtabmap (1596): Rate=1.00s, Limit=0.000s, Conversion=0.0003s, RTAB-Map=0.1358s, Maps update=0.0008s pub=0.0069s delay=0.3165s (local map=105, WM=105)
[INFO] [1774357823.955816125] [rtabmap]: rtabmap (1597): Rate=1.00s, Limit=0.000s, Conversion=0.0004s, RTAB-Map=0.1281s, Maps update=0.0007s pub=0.0053s delay=0.3019s (local map=105, WM=105)
[INFO] [1774357825.064737192] [rtabmap]: rtabmap (1598): Rate=1.00s, Limit=0.000s, Conversion=0.0003s, RTAB-Map=0.1361s, Maps update=0.0007s pub=0.0076s delay=0.3110s (local map=105, WM=105)
[INFO] [1774357826.170808846] [rtabmap]: rtabmap (1599): Rate=1.00s, Limit=0.000s, Conversion=0.0005s, RTAB-Map=0.1327s, Maps update=0.0008s pub=0.0092s delay=0.3170s (local map=105, WM=105)
[INFO] [1774357827.269790520] [rtabmap]: rtabmap (1600): Rate=1.00s, Limit=0.000s, Conversion=0.0004s, RTAB-Map=0.1377s, Maps update=0.0009s pub=0.0078s delay=0.3159s (local map=105, WM=105)
[INFO] [1774357828.364860599] [rtabmap]: rtabmap (1601): Rate=1.00s, Limit=0.000s, Conversion=0.0003s, RTAB-Map=0.1359s, Maps update=0.0009s pub=0.0069s delay=0.3117s (local map=105, WM=105)
[INFO] [1774357829.379167325] [rtabmap]: rtabmap (1602): Rate=1.00s, Limit=0.000s, Conversion=0.0004s, RTAB-Map=0.1489s, Maps update=0.0009s pub=0.0119s delay=0.3253s (local map=105, WM=105)
[INFO] [1774357830.470063367] [rtabmap]: rtabmap (1603): Rate=1.00s, Limit=0.000s, Conversion=0.0006s, RTAB-Map=0.1419s, Maps update=0.0009s pub=0.0067s delay=0.3161s (local map=105, WM=105)
[INFO] [1774357831.469251924] [rtabmap]: rtabmap (1604): Rate=1.00s, Limit=0.000s, Conversion=0.0004s, RTAB-Map=0.1362s, Maps update=0.0009s pub=0.0066s delay=0.3153s (local map=105, WM=105)
[INFO] [1774357832.582729346] [rtabmap]: rtabmap (1605): Rate=1.00s, Limit=0.000s, Conversion=0.0105s, RTAB-Map=0.1406s, Maps update=0.0010s pub=0.0076s delay=0.3288s (local map=105, WM=105)
[INFO] [1774357833.568995619] [rtabmap]: rtabmap (1606): Rate=1.00s, Limit=0.000s, Conversion=0.0004s, RTAB-Map=0.1389s, Maps update=0.0008s pub=0.0097s delay=0.3149s (local map=105, WM=105)
[INFO] [1774357834.677797642] [rtabmap]: rtabmap (1607): Rate=1.00s, Limit=0.000s, Conversion=0.0003s, RTAB-Map=0.1401s, Maps update=0.0010s pub=0.0088s delay=0.3238s (local map=105, WM=105)
[INFO] [1774357835.760086082] [rtabmap]: rtabmap (1608): Rate=1.00s, Limit=0.000s, Conversion=0.0005s, RTAB-Map=0.1253s, Maps update=0.0007s pub=0.0062s delay=0.3061s (local map=105, WM=105)
[INFO] [1774357836.867523353] [rtabmap]: rtabmap (1609): Rate=1.00s, Limit=0.000s, Conversion=0.0005s, RTAB-Map=0.1377s, Maps update=0.0009s pub=0.0083s delay=0.3146s (local map=105, WM=105)
[INFO] [1774357837.860781907] [rtabmap]: rtabmap (1610): Rate=1.00s, Limit=0.000s, Conversion=0.0005s, RTAB-Map=0.1291s, Maps update=0.0007s pub=0.0064s delay=0.3069s (local map=105, WM=105)
[INFO] [1774357838.870106248] [rtabmap]: rtabmap (1611): Rate=1.00s, Limit=0.000s, Conversion=0.0004s, RTAB-Map=0.1349s, Maps update=0.0007s pub=0.0050s delay=0.3161s (local map=105, WM=105)
[INFO] [1774357839.968161041] [rtabmap]: rtabmap (1612): Rate=1.00s, Limit=0.000s, Conversion=0.0003s, RTAB-Map=0.1379s, Maps update=0.0009s pub=0.0126s delay=0.3151s (local map=105, WM=105)
[INFO] [1774357840.957526881] [rtabmap]: rtabmap (1613): Rate=1.00s, Limit=0.000s, Conversion=0.0004s, RTAB-Map=0.1329s, Maps update=0.0007s pub=0.0064s delay=0.3037s (local map=105, WM=105)
[INFO] [1774357841.977752282] [rtabmap]: rtabmap (1614