[INFO] [1771071198.562489139] [rtabmap]: rtabmap(maps): latch                      = false
[INFO] [1771071198.563083237] [rtabmap]: rtabmap(maps): map_filter_radius          = 0.000000
[INFO] [1771071198.563143431] [rtabmap]: rtabmap(maps): map_filter_angle           = 30.000000
[INFO] [1771071198.563172424] [rtabmap]: rtabmap(maps): map_cleanup                = true
[INFO] [1771071198.563191688] [rtabmap]: rtabmap(maps): map_always_update          = false
[INFO] [1771071198.563212937] [rtabmap]: rtabmap(maps): map_empty_ray_tracing      = true
[INFO] [1771071198.563231946] [rtabmap]: rtabmap(maps): cloud_output_voxelized     = true
[INFO] [1771071198.563255914] [rtabmap]: rtabmap(maps): cloud_subtract_filtering   = false
[INFO] [1771071198.563276107] [rtabmap]: rtabmap(maps): cloud_subtract_filtering_min_neighbors = 2
[INFO] [1771071198.563361198] [rtabmap]: rtabmap(maps): octomap_tree_depth         = 16
[INFO] [1771071198.589100870] [rtabmap]: rtabmap: frame_id      = leo04/base_footprint
[INFO] [1771071198.589946464] [rtabmap]: rtabmap: map_frame_id  = map
[INFO] [1771071198.589980897] [rtabmap]: rtabmap: log_to_rosout_level  = 4
[INFO] [1771071198.590002626] [rtabmap]: rtabmap: initial_pose  = 
[INFO] [1771071198.590021986] [rtabmap]: rtabmap: use_action_for_goal  = false
[INFO] [1771071198.590040995] [rtabmap]: rtabmap: tf_delay      = 0.050000
[INFO] [1771071198.590081700] [rtabmap]: rtabmap: tf_tolerance  = 0.100000
[INFO] [1771071198.590116421] [rtabmap]: rtabmap: odom_sensor_sync   = false
[INFO] [1771071198.590136518] [rtabmap]: rtabmap: pub_loc_pose_only_when_localizing = false
[INFO] [1771071198.590153351] [rtabmap]: rtabmap: wait_for_transform = 0.500000
[INFO] [1771071198.590171559] [rtabmap]: rtabmap: gen_scan  = false
[INFO] [1771071198.590188040] [rtabmap]: rtabmap: gen_depth  = false
[INFO] [1771071198.590206632] [rtabmap]: rtabmap: scan_cloud_max_points = 0
[INFO] [1771071198.590225833] [rtabmap]: rtabmap: scan_cloud_is_2d = false
[INFO] [1771071198.604845259] [rtabmap]: Setting RTAB-Map parameter "Grid/CellSize"="0.03" (rosparam)
[INFO] [1771071198.606493534] [rtabmap]: Setting RTAB-Map parameter "Grid/MaxGroundAngle"="45" (rosparam)
[INFO] [1771071198.607298358] [rtabmap]: Setting RTAB-Map parameter "Grid/MaxGroundHeight"="0.1" (rosparam)
[INFO] [1771071198.607396281] [rtabmap]: Setting RTAB-Map parameter "Grid/MaxObstacleHeight"="0.7" (rosparam)
[INFO] [1771071198.607493052] [rtabmap]: Setting RTAB-Map parameter "Grid/MinGroundHeight"="-0.1" (rosparam)
[INFO] [1771071198.607663234] [rtabmap]: Setting RTAB-Map parameter "Grid/RangeMax"="3.0" (rosparam)
[INFO] [1771071198.607725508] [rtabmap]: Setting RTAB-Map parameter "Grid/RangeMin"="0.7" (rosparam)
[INFO] [1771071198.607782309] [rtabmap]: Setting RTAB-Map parameter "Grid/RayTracing"="false" (rosparam)
[INFO] [1771071198.607888937] [rtabmap]: Setting RTAB-Map parameter "Grid/Sensor"="0" (rosparam)
[INFO] [1771071198.608266388] [rtabmap]: Setting RTAB-Map parameter "Icp/CorrespondenceRatio"="0.2" (rosparam)
[INFO] [1771071198.608388152] [rtabmap]: Setting RTAB-Map parameter "Icp/Epsilon"="0.001" (rosparam)
[INFO] [1771071198.608492187] [rtabmap]: Setting RTAB-Map parameter "Icp/Iterations"="10" (rosparam)
[INFO] [1771071198.608550269] [rtabmap]: Setting RTAB-Map parameter "Icp/MaxCorrespondenceDistance"="1" (rosparam)
[INFO] [1771071198.608641504] [rtabmap]: Setting RTAB-Map parameter "Icp/MaxTranslation"="3" (rosparam)
[INFO] [1771071198.608698529] [rtabmap]: Setting RTAB-Map parameter "Icp/OutlierRatio"="0.7" (rosparam)
[INFO] [1771071198.608847750] [rtabmap]: Setting RTAB-Map parameter "Icp/PointToPlane"="true" (rosparam)
[INFO] [1771071198.608945545] [rtabmap]: Setting RTAB-Map parameter "Icp/PointToPlaneK"="20" (rosparam)
[INFO] [1771071198.609045452] [rtabmap]: Setting RTAB-Map parameter "Icp/PointToPlaneRadius"="0" (rosparam)
[INFO] [1771071198.609127503] [rtabmap]: Setting RTAB-Map parameter "Icp/RangeMin"="0.3" (rosparam)
[INFO] [1771071198.609208625] [rtabmap]: Setting RTAB-Map parameter "Icp/Strategy"="1" (rosparam)
[INFO] [1771071198.609266579] [rtabmap]: Setting RTAB-Map parameter "Icp/VoxelSize"="0.1" (rosparam)
[INFO] [1771071198.614982499] [rtabmap]: Setting RTAB-Map parameter "Mem/LaserScanNormalK"="20" (rosparam)
[INFO] [1771071198.615135880] [rtabmap]: Setting RTAB-Map parameter "Mem/LaserScanVoxelSize"="0.03" (rosparam)
[INFO] [1771071198.615238859] [rtabmap]: Setting RTAB-Map parameter "Mem/NotLinkedNodesKept"="false" (rosparam)
[INFO] [1771071198.615746842] [rtabmap]: Setting RTAB-Map parameter "Mem/STMSize"="30" (rosparam)
[INFO] [1771071198.621113568] [rtabmap]: Setting RTAB-Map parameter "RGBD/AngularUpdate"="0.05" (rosparam)
[INFO] [1771071198.623153375] [rtabmap]: Setting RTAB-Map parameter "RGBD/CreateOccupancyGrid"="true" (rosparam)
[INFO] [1771071198.627775117] [rtabmap]: Setting RTAB-Map parameter "RGBD/LinearUpdate"="0.05" (rosparam)
[INFO] [1771071198.632010415] [rtabmap]: Setting RTAB-Map parameter "RGBD/ProximityMaxGraphDepth"="0" (rosparam)
[INFO] [1771071198.633326328] [rtabmap]: Setting RTAB-Map parameter "RGBD/ProximityPathMaxNeighbors"="1" (rosparam)
[INFO] [1771071198.634545885] [rtabmap]: Setting RTAB-Map parameter "Reg/Strategy"="1" (rosparam)
[INFO] [1771071198.640767997] [rtabmap]: RTAB-Map detection rate = 1.000000 Hz
[INFO] [1771071198.641249068] [rtabmap]: rtabmap: Deleted database "/root/.ros/rtabmap.db" (--delete_db_on_start or -d are set).
[INFO] [1771071198.641328942] [rtabmap]: rtabmap: Using database from "/root/.ros/rtabmap.db" (0 MB).
[INFO] [1771071198.711412508] [rtabmap]: rtabmap: Database version = "0.22.1".
[INFO] [1771071198.711535232] [rtabmap]: rtabmap: SLAM mode (Mem/IncrementalMemory=true)
[INFO] [1771071198.725466732] [rtabmap]: Setup callbacks
[INFO] [1771071198.725688083] [rtabmap]: rtabmap: subscribe_depth = false
[INFO] [1771071198.725725716] [rtabmap]: rtabmap: subscribe_rgb = false
[INFO] [1771071198.725749717] [rtabmap]: rtabmap: subscribe_stereo = false
[INFO] [1771071198.725771606] [rtabmap]: rtabmap: subscribe_rgbd = false (rgbd_cameras=1)
[INFO] [1771071198.725844792] [rtabmap]: rtabmap: subscribe_sensor_data = false
[INFO] [1771071198.725869657] [rtabmap]: rtabmap: subscribe_odom_info = false
[INFO] [1771071198.725891514] [rtabmap]: rtabmap: subscribe_user_data = false
[INFO] [1771071198.725912474] [rtabmap]: rtabmap: subscribe_scan = false
[INFO] [1771071198.725933595] [rtabmap]: rtabmap: subscribe_scan_cloud = true
[INFO] [1771071198.725954811] [rtabmap]: rtabmap: subscribe_scan_descriptor = false
[INFO] [1771071198.725976156] [rtabmap]: rtabmap: topic_queue_size = 10
[INFO] [1771071198.725998397] [rtabmap]: rtabmap: sync_queue_size  = 200
[INFO] [1771071198.726019837] [rtabmap]: rtabmap: qos_image       = 0
[INFO] [1771071198.726041982] [rtabmap]: rtabmap: qos_camera_info = 0
[INFO] [1771071198.726063551] [rtabmap]: rtabmap: qos_scan        = 0
[INFO] [1771071198.726089344] [rtabmap]: rtabmap: qos_odom        = 0
[INFO] [1771071198.726112608] [rtabmap]: rtabmap: qos_user_data   = 0
[INFO] [1771071198.726135457] [rtabmap]: rtabmap: approx_sync     = true
[INFO] [1771071198.726176450] [rtabmap]: Setup scan callback
[INFO] [1771071198.727589326] [rtabmap]: 
rtabmap subscribed to (approx sync):
   /odom \
   /leo04/livox/lidar
[WARN] [1771071198.732459748] [rtabmap]: There is no image subscription, bag-of-words loop closure detection will be disabled...
[WARN] [1771071198.732559239] [rtabmap]: Setting Kp/MaxFeatures=-1 (bag-of-words disabled)
[INFO] [1771071198.914694766] [rtabmap]: rtabmap (1): Rate=1.00s, Limit=0.000s, Conversion=0.0007s, RTAB-Map=0.0594s, Maps update=0.0001s pub=0.0001s delay=0.2017s (local map=1, WM=1)
[INFO] [1771071199.939577935] [rtabmap]: rtabmap (2): Rate=1.00s, Limit=0.000s, Conversion=0.0003s, RTAB-Map=0.0658s, Maps update=0.0001s pub=0.0001s delay=0.2266s (local map=1, WM=1)
[INFO] [1771071200.938970975] [rtabmap]: rtabmap (3): Rate=1.00s, Limit=0.000s, Conversion=0.0005s, RTAB-Map=0.0651s, Maps update=0.0001s pub=0.0001s delay=0.2260s (local map=1, WM=1)
[INFO] [1771071202.055440292] [rtabmap]: rtabmap (4): Rate=1.00s, Limit=0.000s, Conversion=0.0003s, RTAB-Map=0.0767s, Maps update=0.0001s pub=0.0001s delay=0.2423s (local map=1, WM=1)
[INFO] [1771071203.139378015] [rtabmap]: rtabmap (5): Rate=1.00s, Limit=0.000s, Conversion=0.0005s, RTAB-Map=0.0661s, Maps update=0.0002s pub=0.0001s delay=0.2263s (local map=1, WM=1)
[INFO] [1771071204.231007527] [rtabmap]: rtabmap (6): Rate=1.00s, Limit=0.000s, Conversion=0.0005s, RTAB-Map=0.0635s, Maps update=0.0001s pub=0.0001s delay=0.2179s (local map=1, WM=1)
[INFO] [1771071205.334362392] [rtabmap]: rtabmap (7): Rate=1.00s, Limit=0.000s, Conversion=0.0005s, RTAB-Map=0.0662s, Maps update=0.0001s pub=0.0001s delay=0.2212s (local map=1, WM=1)
[INFO] [1771071206.431946519] [rtabmap]: rtabmap (8): Rate=1.00s, Limit=0.000s, Conversion=0.0004s, RTAB-Map=0.0631s, Maps update=0.0002s pub=0.0001s delay=0.2190s (local map=1, WM=1)
[INFO] [1771071207.433456073] [rtabmap]: rtabmap (9): Rate=1.00s, Limit=0.000s, Conversion=0.0005s, RTAB-Map=0.0618s, Maps update=0.0001s pub=0.0001s delay=0.2203s (local map=1, WM=1)
[INFO] [1771071208.533852511] [rtabmap]: rtabmap (10): Rate=1.00s, Limit=0.000s, Conversion=0.0004s, RTAB-Map=0.0700s, Maps update=0.0001s pub=0.0001s delay=0.2207s (local map=1, WM=1)
[INFO] [1771071209.634162738] [rtabmap]: rtabmap (11): Rate=1.00s, Limit=0.000s, Conversion=0.0008s, RTAB-Map=0.0657s, Maps update=0.0001s pub=0.0001s delay=0.2210s (local map=1, WM=1)
[INFO] [1771071210.738924558] [rtabmap]: rtabmap (12): Rate=1.00s, Limit=0.000s, Conversion=0.0003s, RTAB-Map=0.0656s, Maps update=0.0001s pub=0.0002s delay=0.2260s (local map=1, WM=1)
[INFO] [1771071211.736572297] [rtabmap]: rtabmap (13): Rate=1.00s, Limit=0.000s, Conversion=0.0005s, RTAB-Map=0.0592s, Maps update=0.0001s pub=0.0001s delay=0.2235s (local map=1, WM=1)
[INFO] [1771071212.827159184] [rtabmap]: rtabmap (14): Rate=1.00s, Limit=0.000s, Conversion=0.0006s, RTAB-Map=0.0621s, Maps update=0.0001s pub=0.0001s delay=0.2142s (local map=1, WM=1)
[INFO] [1771071213.843908759] [rtabmap]: rtabmap (15): Rate=1.00s, Limit=0.000s, Conversion=0.0005s, RTAB-Map=0.0774s, Maps update=0.0001s pub=0.0001s delay=0.2308s (local map=1, WM=1)
[INFO] [1771071214.941831777] [rtabmap]: rtabmap (16): Rate=1.00s, Limit=0.000s, Conversion=0.0003s, RTAB-Map=0.0737s, Maps update=0.0001s pub=0.0001s delay=0.2286s (local map=1, WM=1)
[INFO] [1771071216.037108345] [rtabmap]: rtabmap (17): Rate=1.00s, Limit=0.000s, Conversion=0.0014s, RTAB-Map=0.0663s, Maps update=0.0001s pub=0.0001s delay=0.2240s (local map=1, WM=1)
[INFO] [1771071217.141396487] [rtabmap]: rtabmap (18): Rate=1.00s, Limit=0.000s, Conversion=0.0007s, RTAB-Map=0.0684s, Maps update=0.0001s pub=0.0001s delay=0.2283s (local map=1, WM=1)
[INFO] [1771071218.127023055] [rtabmap]: rtabmap (19): Rate=1.00s, Limit=0.000s, Conversion=0.0003s, RTAB-Map=0.0598s, Maps update=0.0001s pub=0.0001s delay=0.2139s (local map=1, WM=1)
[INFO] [1771071219.230110200] [rtabmap]: rtabmap (20): Rate=1.00s, Limit=0.000s, Conversion=0.0004s, RTAB-Map=0.0651s, Maps update=0.0001s pub=0.0001s delay=0.2170s (local map=1, WM=1)
[INFO] [1771071220.344791333] [rtabmap]: rtabmap (21): Rate=1.00s, Limit=0.000s, Conversion=0.0003s, RTAB-Map=0.0693s, Maps update=0.0001s pub=0.0001s delay=0.2318s (local map=1, WM=1)
[INFO] [1771071221.342499746] [rtabmap]: rtabmap (22): Rate=1.00s, Limit=0.000s, Conversion=0.0005s, RTAB-Map=0.0716s, Maps update=0.0001s pub=0.0001s delay=0.2293s (local map=1, WM=1)
[INFO] [1771071222.441517997] [rtabmap]: rtabmap (23): Rate=1.00s, Limit=0.000s, Conversion=0.0005s, RTAB-Map=0.0644s, Maps update=0.0001s pub=0.0001s delay=0.2286s (local map=1, WM=1)
[INFO] [1771071223.442395083] [rtabmap]: rtabmap (24): Rate=1.00s, Limit=0.000s, Conversion=0.0005s, RTAB-Map=0.0769s, Maps update=0.0001s pub=0.0001s delay=0.2294s (local map=1, WM=1)
[INFO] [1771071224.436638557] [rtabmap]: rtabmap (25): Rate=1.00s, Limit=0.000s, Conversion=0.0003s, RTAB-Map=0.0641s, Maps update=0.0002s pub=0.0001s delay=0.2235s (local map=1, WM=1)
[INFO] [1771071225.542924136] [rtabmap]: rtabmap (26): Rate=1.00s, Limit=0.000s, Conversion=0.0003s, RTAB-Map=0.0726s, Maps update=0.0001s pub=0.0001s delay=0.2300s (local map=1, WM=1)
[INFO] [1771071226.548363122] [rtabmap]: rtabmap (27): Rate=1.00s, Limit=0.000s, Conversion=0.0005s, RTAB-Map=0.0746s, Maps update=0.0001s pub=0.0001s delay=0.2353s (local map=1, WM=1)
[INFO] [1771071227.646867374] [rtabmap]: rtabmap (28): Rate=1.00s, Limit=0.000s, Conversion=0.0003s, RTAB-Map=0.0713s, Maps update=0.0001s pub=0.0001s delay=0.2338s (local map=1, WM=1)
[INFO] [1771071228.648461122] [rtabmap]: rtabmap (29): Rate=1.00s, Limit=0.000s, Conversion=0.0005s, RTAB-Map=0.0751s, Maps update=0.0001s pub=0.0001s delay=0.2353s (local map=1, WM=1)
[INFO] [1771071229.640279913] [rtabmap]: rtabmap (30): Rate=1.00s, Limit=0.000s, Conversion=0.0004s, RTAB-Map=0.0769s, Maps update=0.0001s pub=0.0001s delay=0.2271s (local map=1, WM=1)
[INFO] [1771071230.731589191] [rtabmap]: rtabmap (31): Rate=1.00s, Limit=0.000s, Conversion=0.0005s, RTAB-Map=0.0641s, Maps update=0.0001s pub=0.0001s delay=0.2184s (local map=1, WM=1)
[INFO] [1771071231.843167093] [rtabmap]: rtabmap (32): Rate=1.00s, Limit=0.000s, Conversion=0.0006s, RTAB-Map=0.0691s, Maps update=0.0001s pub=0.0001s delay=0.2302s (local map=1, WM=1)
[INFO] [1771071232.924762024] [rtabmap]: rtabmap (33): Rate=1.00s, Limit=0.000s, Conversion=0.0003s, RTAB-Map=0.0638s, Maps update=0.0001s pub=0.0001s delay=0.2117s (local map=1, WM=1)
[INFO] [1771071234.043457649] [rtabmap]: rtabmap (34): Rate=1.00s, Limit=0.000s, Conversion=0.0006s, RTAB-Map=0.0728s, Maps update=0.0001s pub=0.0001s delay=0.2313s (local map=1, WM=1)
[INFO] [1771071235.042006472] [rtabmap]: rtabmap (35): Rate=1.00s, Limit=0.000s, Conversion=0.0005s, RTAB-Map=0.0746s, Maps update=0.0002s pub=0.0001s delay=0.2288s (local map=1, WM=1)
[INFO] [1771071236.134877334] [rtabmap]: rtabmap (36): Rate=1.00s, Limit=0.000s, Conversion=0.0004s, RTAB-Map=0.0683s, Maps update=0.0001s pub=0.0001s delay=0.2217s (local map=1, WM=1)
[INFO] [1771071237.237341067] [rtabmap]: rtabmap (37): Rate=1.00s, Limit=0.000s, Conversion=0.0005s, RTAB-Map=0.0646s, Maps update=0.0001s pub=0.0001s delay=0.2241s (local map=1, WM=1)
[INFO] [1771071238.346672468] [rtabmap]: rtabmap (38): Rate=1.00s, Limit=0.000s, Conversion=0.0003s, RTAB-Map=0.0775s, Maps update=0.0002s pub=0.0001s delay=0.2336s (local map=1, WM=1)
[INFO] [1771071239.440222999] [rtabmap]: rtabmap (39): Rate=1.00s, Limit=0.000s, Conversion=0.0004s, RTAB-Map=0.0737s, Maps update=0.0001s pub=0.0001s delay=0.2279s (local map=1, WM=1)
[INFO] [1771071240.436449062] [rtabmap]: rtabmap (40): Rate=1.00s, Limit=0.000s, Conversion=0.0005s, RTAB-Map=0.0685s, Maps update=0.0001s pub=0.0001s delay=0.2234s (local map=1, WM=1)
[INFO] [1771071241.447677475] [rtabmap]: rtabmap (41): Rate=1.00s, Limit=0.000s, Conversion=0.0004s, RTAB-Map=0.0808s, Maps update=0.0002s pub=0.0001s delay=0.2347s (local map=1, WM=1)
[INFO] [1771071243.009474069] [rtabmap]: rtabmap (42): Rate=1.00s, Limit=0.000s, Conversion=0.0004s, RTAB-Map=0.2959s, Maps update=0.0002s pub=0.0001s delay=0.5993s (local map=1, WM=1)
[INFO] [1771071243.771478585] [rtabmap]: rtabmap (43): Rate=1.00s, Limit=0.000s, Conversion=0.0106s, RTAB-Map=0.1246s, Maps update=0.0003s pub=0.0001s delay=0.3584s (local map=1, WM=1)
[INFO] [1771071244.788673806] [rtabmap]: rtabmap (44): Rate=1.00s, Limit=0.000s, Conversion=0.0105s, RTAB-Map=0.0954s, Maps update=0.0002s pub=0.0001s delay=0.2755s (local map=1, WM=1)
[INFO] [1771071245.720356217] [rtabmap]: rtabmap (45): Rate=1.00s, Limit=0.000s, Conversion=0.0003s, RTAB-Map=0.0596s, Maps update=0.0001s pub=0.0001s delay=0.2071s (local map=1, WM=1)
[INFO] [1771071246.843580590] [rtabmap]: rtabmap (46): Rate=1.00s, Limit=0.000s, Conversion=0.0005s, RTAB-Map=0.0703s, Maps update=0.0001s pub=0.0001s delay=0.2303s (local map=1, WM=1)
[INFO] [1771071247.937957066] [rtabmap]: rtabmap (47): Rate=1.00s, Limit=0.000s, Conversion=0.0003s, RTAB-Map=0.0677s, Maps update=0.0002s pub=0.0001s delay=0.2248s (local map=1, WM=1)
[INFO] [1771071248.941600030] [rtabmap]: rtabmap (48): Rate=1.00s, Limit=0.000s, Conversion=0.0003s, RTAB-Map=0.0741s, Maps update=0.0004s pub=0.0004s delay=0.2284s (local map=1, WM=1)
[INFO] [1771071250.051210223] [rtabmap]: rtabmap (49): Rate=1.00s, Limit=0.000s, Conversion=0.0005s, RTAB-Map=0.0763s, Maps update=0.0001s pub=0.0001s delay=0.2390s (local map=1, WM=1)
[INFO] [1771071251.029807935] [rtabmap]: rtabmap (50): Rate=1.00s, Limit=0.000s, Conversion=0.0004s, RTAB-Map=0.0652s, Maps update=0.0002s pub=0.0001s delay=0.2167s (local map=1, WM=1)
[INFO] [1771071252.146451369] [rtabmap]: rtabmap (51): Rate=1.00s, Limit=0.000s, Conversion=0.0005s, RTAB-Map=0.0740s, Maps update=0.0003s pub=0.0001s delay=0.2342s (local map=1, WM=1)
[INFO] [1771071253.140472948] [rtabmap]: rtabmap (52): Rate=1.00s, Limit=0.000s, Conversion=0.0003s, RTAB-Map=0.0683s, Maps update=0.0001s pub=0.0001s delay=0.2272s (local map=1, WM=1)
[INFO] [1771071254.240057841] [rtabmap]: rtabmap (53): Rate=1.00s, Limit=0.000s, Conversion=0.0004s, RTAB-Map=0.0719s, Maps update=0.0001s pub=0.0001s delay=0.2270s (local map=1, WM=1)
[INFO] [1771071255.343620616] [rtabmap]: rtabmap (54): Rate=1.00s, Limit=0.000s, Conversion=0.0003s, RTAB-Map=0.0663s, Maps update=0.0002s pub=0.0001s delay=0.2314s (local map=1, WM=1)
[INFO] [1771071256.352964939] [rtabmap]: rtabmap (55): Rate=1.00s, Limit=0.000s, Conversion=0.0006s, RTAB-Map=0.0785s, Maps update=0.0001s pub=0.0001s delay=0.2398s (local map=1, WM=1)
[INFO] [1771071257.449727889] [rtabmap]: rtabmap (56): Rate=1.00s, Limit=0.000s, Conversion=0.0003s, RTAB-Map=0.0700s, Maps update=0.0001s pub=0.0001s delay=0.2374s (local map=1, WM=1)
[INFO] [1771071258.437079310] [rtabmap]: rtabmap (57): Rate=1.00s, Limit=0.000s, Conversion=0.0005s, RTAB-Map=0.0730s, Maps update=0.0001s pub=0.0001s delay=0.2240s (local map=1, WM=1)
[INFO] [1771071259.544193907] [rtabmap]: rtabmap (58): Rate=1.00s, Limit=0.000s, Conversion=0.0005s, RTAB-Map=0.0706s, Maps update=0.0001s pub=0.0001s delay=0.2311s (local map=1, WM=1)
[INFO] [1771071260.533838903] [rtabmap]: rtabmap (59): Rate=1.00s, Limit=0.000s, Conversion=0.0005s, RTAB-Map=0.0624s, Maps update=0.0001s pub=0.0001s delay=0.2207s (local map=1, WM=1)
[INFO] [1771071261.653342329] [rtabmap]: rtabmap (60): Rate=1.00s, Limit=0.000s, Conversion=0.0005s, RTAB-Map=0.0794s, Maps update=0.0001s pub=0.0001s delay=0.2411s (local map=1, WM=1)
[INFO] [1771071262.639397391] [rtabmap]: rtabmap (61): Rate=1.00s, Limit=0.000s, Conversion=0.0006s, RTAB-Map=0.0649s, Maps update=0.0002s pub=0.0001s delay=0.2270s (local map=1, WM=1)
[INFO] [1771071263.649595340] [rtabmap]: rtabmap (62): Rate=1.00s, Limit=0.000s, Conversion=0.0003s, RTAB-Map=0.0758s, Maps update=0.0001s pub=0.0001s delay=0.2364s (local map=1, WM=1)
[INFO] [1771071264.732034873] [rtabmap]: rtabmap (63): Rate=1.00s, Limit=0.000s, Conversion=0.0004s, RTAB-Map=0.0660s, Maps update=0.0001s pub=0.0001s delay=0.2187s (local map=1, WM=1)
[INFO] [1771071265.851920583] [rtabmap]: rtabmap (64): Rate=1.00s, Limit=0.000s, Conversion=0.0006s, RTAB-Map=0.0764s, Maps update=0.0002s pub=0.0001s delay=0.2386s (local map=1, WM=1)
[INFO] [1771071266.944079487] [rtabmap]: rtabmap (65): Rate=1.00s, Limit=0.000s, Conversion=0.0003s, RTAB-Map=0.0739s, Maps update=0.0004s pub=0.0002s delay=0.2310s (local map=1, WM=1)
[INFO] [1771071268.046436593] [rtabmap]: rtabmap (66): Rate=1.00s, Limit=0.000s, Conversion=0.0003s, RTAB-Map=0.0737s, Maps update=0.0001s pub=0.0001s delay=0.2333s (local map=1, WM=1)
[INFO] [1771071269.146992652] [rtabmap]: rtabmap (67): Rate=1.00s, Limit=0.000s, Conversion=0.0015s, RTAB-Map=0.0725s, Maps update=0.0001s pub=0.0001s delay=0.2337s (local map=1, WM=1)
[INFO] [1771071270.243495498] [rtabmap]: rtabmap (68): Rate=1.00s, Limit=0.000s, Conversion=0.0005s, RTAB-Map=0.0682s, Maps update=0.0001s pub=0.0001s delay=0.2304s (local map=1, WM=1)
[INFO] [1771071271.232022731] [rtabmap]: rtabmap (69): Rate=1.00s, Limit=0.000s, Conversion=0.0006s, RTAB-Map=0.0670s, Maps update=0.0001s pub=0.0001s delay=0.2187s (local map=1, WM=1)
[INFO] [1771071272.344328464] [rtabmap]: rtabmap (70): Rate=1.00s, Limit=0.000s, Conversion=0.0003s, RTAB-Map=0.0724s, Maps update=0.0001s pub=0.0001s delay=0.2319s (local map=1, WM=1)
[INFO] [1771071273.339668003] [rtabmap]: rtabmap (71): Rate=1.00s, Limit=0.000s, Conversion=0.0006s, RTAB-Map=0.0733s, Maps update=0.0002s pub=0.0001s delay=0.2265s (local map=1, WM=1)
[INFO] [1771071274.339265274] [rtabmap]: rtabmap (72): Rate=1.00s, Limit=0.000s, Conversion=0.0003s, RTAB-Map=0.0640s, Maps update=0.0001s pub=0.0001s delay=0.2259s (local map=1, WM=1)
[INFO] [1771071275.434986912] [rtabmap]: rtabmap (73): Rate=1.00s, Limit=0.000s, Conversion=0.0005s, RTAB-Map=0.0709s, Maps update=0.0001s pub=0.0001s delay=0.2219s (local map=1, WM=1)
[INFO] [1771071276.438790328] [rtabmap]: rtabmap (74): Rate=1.00s, Limit=0.000s, Conversion=0.0005s, RTAB-Map=0.0686s, Maps update=0.0001s pub=0.0001s delay=0.2255s (local map=1, WM=1)
[INFO] [1771071277.534904490] [rtabmap]: rtabmap (75): Rate=1.00s, Limit=0.000s, Conversion=0.0003s, RTAB-Map=0.0671s, Maps update=0.0001s pub=0.0001s delay=0.2224s (local map=1, WM=1)
[INFO] [1771071278.649582167] [rtabmap]: rtabmap (76): Rate=1.00s, Limit=0.000s, Conversion=0.0003s, RTAB-Map=0.0687s, Maps update=0.0001s pub=0.0001s delay=0.2363s (local map=1, WM=1)
[INFO] [1771071279.734074532] [rtabmap]: rtabmap (77): Rate=1.00s, Limit=0.000s, Conversion=0.0003s, RTAB-Map=0.0627s, Maps update=0.0001s pub=0.0001s delay=0.2217s (local map=1, WM=1)
[INFO] [1771071280.747875855] [rtabmap]: rtabmap (78): Rate=1.00s, Limit=0.000s, Conversion=0.0003s, RTAB-Map=0.0772s, Maps update=0.0003s pub=0.0003s delay=0.2354s (local map=1, WM=1)
[INFO] [1771071281.747137340] [rtabmap]: rtabmap (79): Rate=1.00s, Limit=0.000s, Conversion=0.0005s, RTAB-Map=0.0792s, Maps update=0.0001s pub=0.0001s delay=0.2339s (local map=1, WM=1)
[INFO] [1771071282.841163949] [rtabmap]: rtabmap (80): Rate=1.00s, Limit=0.000s, Conversion=0.0005s, RTAB-Map=0.0720s, Maps update=0.0001s pub=0.0001s delay=0.2277s (local map=1, WM=1)
[INFO] [1771071283.939804781] [rtabmap]: rtabmap (81): Rate=1.00s, Limit=0.000s, Conversion=0.0003s, RTAB-Map=0.0671s, Maps update=0.0001s pub=0.0001s delay=0.2274s (local map=1, WM=1)
[INFO] [1771071284.949037548] [rtabmap]: rtabmap (82): Rate=1.00s, Limit=0.000s, Conversion=0.0003s, RTAB-Map=0.0772s, Maps update=0.0006s pub=0.0011s delay=0.2356s (local map=1, WM=1)
[INFO] [1771071286.042200291] [rtabmap]: rtabmap (83): Rate=1.00s, Limit=0.000s, Conversion=0.0003s, RTAB-Map=0.0735s, Maps update=0.0002s pub=0.0005s delay=0.2288s (local map=1, WM=1)
[INFO] [1771071287.124758484] [rtabmap]: rtabmap (84): Rate=1.00s, Limit=0.000s, Conversion=0.0004s, RTAB-Map=0.0611s, Maps update=0.0002s pub=0.0004s delay=0.2124s (local map=1, WM=1)
[INFO] [1771071288.152636305] [rtabmap]: rtabmap (85): Rate=1.00s, Limit=0.000s, Conversion=0.0005s, RTAB-Map=0.0739s, Maps update=0.0002s pub=0.0005s delay=0.2394s (local map=1, WM=1)
[INFO] [1771071289.241405121] [rtabmap]: rtabmap (86): Rate=1.00s, Limit=0.000s, Conversion=0.0003s, RTAB-Map=0.0694s, Maps update=0.0002s pub=0.0005s delay=0.2279s (local map=1, WM=1)
[INFO] [1771071290.348448548] [rtabmap]: rtabmap (87): Rate=1.00s, Limit=0.000s, Conversion=0.0005s, RTAB-Map=0.0740s, Maps update=0.0003s pub=0.0005s delay=0.2350s (local map=1, WM=1)
[INFO] [1771071291.443604248] [rtabmap]: rtabmap (88): Rate=1.00s, Limit=0.000s, Conversion=0.0003s, RTAB-Map=0.0716s, Maps update=0.0002s pub=0.0006s delay=0.2303s (local map=1, WM=1)
[INFO] [1771071292.535745840] [rtabmap]: rtabmap (89): Rate=1.00s, Limit=0.000s, Conversion=0.0005s, RTAB-Map=0.0691s, Maps update=0.0002s pub=0.0004s delay=0.2231s (local map=1, WM=1)
[INFO] [1771071293.539843889] [rtabmap]: rtabmap (90): Rate=1.00s, Limit=0.000s, Conversion=0.0004s, RTAB-Map=0.0646s, Maps update=0.0002s pub=0.0005s delay=0.2266s (local map=1, WM=1)
[INFO] [1771071294.639379116] [rtabmap]: rtabmap (91): Rate=1.00s, Limit=0.000s, Conversion=0.0005s, RTAB-Map=0.0637s, Maps update=0.0003s pub=0.0019s delay=0.2261s (local map=1, WM=1)
[INFO] [1771071295.752287011] [rtabmap]: rtabmap (92): Rate=1.00s, Limit=0.000s, Conversion=0.0003s, RTAB-Map=0.0801s, Maps update=0.0002s pub=0.0009s delay=0.2399s (local map=1, WM=1)
[INFO] [1771071296.753245156] [rtabmap]: rtabmap (93): Rate=1.00s, Limit=0.000s, Conversion=0.0007s, RTAB-Map=0.0699s, Maps update=0.0002s pub=0.0007s delay=0.2399s (local map=1, WM=1)
[INFO] [1771071297.846038639] [rtabmap]: rtabmap (94): Rate=1.00s, Limit=0.000s, Conversion=0.0003s, RTAB-Map=0.0686s, Maps update=0.0002s pub=0.0009s delay=0.2326s (local map=1, WM=1)
[INFO] [1771071298.950842349] [rtabmap]: rtabmap (95): Rate=1.00s, Limit=0.000s, Conversion=0.0005s, RTAB-Map=0.0703s, Maps update=0.0002s pub=0.0008s delay=0.2375s (local map=1, WM=1)
[INFO] [1771071299.936195757] [rtabmap]: rtabmap (96): Rate=1.00s, Limit=0.000s, Conversion=0.0004s, RTAB-Map=0.0727s, Maps update=0.0002s pub=0.0008s delay=0.2229s (local map=1, WM=1)
[INFO] [1771071301.054117374] [rtabmap]: rtabmap (97): Rate=1.00s, Limit=0.000s, Conversion=0.0005s, RTAB-Map=0.0794s, Maps update=0.0022s pub=0.0027s delay=0.2407s (local map=2, WM=2)
[INFO] [1771071302.144284345] [rtabmap]: rtabmap (98): Rate=1.00s, Limit=0.000s, Conversion=0.0003s, RTAB-Map=0.0703s, Maps update=0.0021s pub=0.0030s delay=0.2320s (local map=3, WM=3)
[INFO] [1771071303.142799535] [rtabmap]: rtabmap (99): Rate=1.00s, Limit=0.000s, Conversion=0.0003s, RTAB-Map=0.0694s, Maps update=0.0003s pub=0.0014s delay=0.2295s (local map=3, WM=3)
[INFO] [1771071304.258810149] [rtabmap]: rtabmap (100): Rate=1.00s, Limit=0.000s, Conversion=0.0005s, RTAB-Map=0.0832s, Maps update=0.0003s pub=0.0012s delay=0.2462s (local map=3, WM=3)
[INFO] [1771071305.357360258] [rtabmap]: rtabmap (101): Rate=1.00s, Limit=0.000s, Conversion=0.0003s, RTAB-Map=0.0829s, Maps update=0.0002s pub=0.0011s delay=0.2440s (local map=3, WM=3)
[INFO] [1771071306.452083433] [rtabmap]: rtabmap (102): Rate=1.00s, Limit=0.000s, Conversion=0.0003s, RTAB-Map=0.0850s, Maps update=0.0002s pub=0.0012s delay=0.2387s (local map=3, WM=3)
[INFO] [1771071307.553345978] [rtabmap]: rtabmap (103): Rate=1.00s, Limit=0.000s, Conversion=0.0003s, RTAB-Map=0.0862s, Maps update=0.0003s pub=0.0013s delay=0.2408s (local map=3, WM=3)
[INFO] [1771071308.642980868] [rtabmap]: rtabmap (104): Rate=1.00s, Limit=0.000s, Conversion=0.0004s, RTAB-Map=0.0709s, Maps update=0.0002s pub=0.0015s delay=0.2296s (local map=3, WM=3)
[INFO] [1771071309.741237720] [rtabmap]: rtabmap (105): Rate=1.00s, Limit=0.000s, Conversion=0.0004s, RTAB-Map=0.0729s, Maps update=0.0003s pub=0.0012s delay=0.2279s (local map=3, WM=3)
[INFO] [1771071310.752821504] [rtabmap]: rtabmap (106): Rate=1.00s, Limit=0.000s, Conversion=0.0006s, RTAB-Map=0.0789s, Maps update=0.0002s pub=0.0011s delay=0.2394s (local map=3, WM=3)
[INFO] [1771071311.745006194] [rtabmap]: rtabmap (107): Rate=1.00s, Limit=0.000s, Conversion=0.0005s, RTAB-Map=0.0760s, Maps update=0.0003s pub=0.0016s delay=0.2315s (local map=3, WM=3)
[INFO] [1771071312.846328068] [rtabmap]: rtabmap (108): Rate=1.00s, Limit=0.000s, Conversion=0.0003s, RTAB-Map=0.0812s, Maps update=0.0002s pub=0.0013s delay=0.2338s (local map=3, WM=3)
[INFO] [1771071313.841248107] [rtabmap]: rtabmap (109): Rate=1.00s, Limit=0.000s, Conversion=0.0003s, RTAB-Map=0.0693s, Maps update=0.0002s pub=0.0014s delay=0.2277s (local map=3, WM=3)
[INFO] [1771071314.939906123] [rtabmap]: rtabmap (110): Rate=1.00s, Limit=0.000s, Conversion=0.0003s, RTAB-Map=0.0669s, Maps update=0.0002s pub=0.0011s delay=0.2274s (local map=3, WM=3)
[INFO] [1771071315.943645793] [rtabmap]: rtabmap (111): Rate=1.00s, Limit=0.000s, Conversion=0.0003s, RTAB-Map=0.0725s, Maps update=0.0003s pub=0.0011s delay=0.2302s (local map=3, WM=3)
[INFO] [1771071317.045387329] [rtabmap]: rtabmap (112): Rate=1.00s, Limit=0.000s, Conversion=0.0004s, RTAB-Map=0.0749s, Maps update=0.0003s pub=0.0012s delay=0.2320s (local map=3, WM=3)
[INFO] [1771071318.040728308] [rtabmap]: rtabmap (113): Rate=1.00s, Limit=0.000s, Conversion=0.0005s, RTAB-Map=0.0695s, Maps update=0.0002s pub=0.0016s delay=0.2273s (local map=3, WM=3)
[INFO] [1771071319.220000454] [rtabmap]: rtabmap (114): Rate=1.00s, Limit=0.000s, Conversion=0.0004s, RTAB-Map=0.1036s, Maps update=0.0002s pub=0.0015s delay=0.3076s (local map=3, WM=3)
[INFO] [1771071320.141368788] [rtabmap]: rtabmap (115): Rate=1.00s, Limit=0.000s, Conversion=0.0004s, RTAB-Map=0.0755s, Maps update=0.0002s pub=0.0012s delay=0.2280s (local map=3, WM=3)
[INFO] [1771071321.151146820] [rtabmap]: rtabmap (116): Rate=1.00s, Limit=0.000s, Conversion=0.0003s, RTAB-Map=0.0791s, Maps update=0.0002s pub=0.0011s delay=0.2377s (local map=3, WM=3)
[INFO] [1771071322.293962548] [rtabmap]: rtabmap (117): Rate=1.00s, Limit=0.000s, Conversion=0.0003s, RTAB-Map=0.1264s, Maps update=0.0003s pub=0.0020s delay=0.2816s (local map=3, WM=3)
[INFO] [1771071323.238138881] [rtabmap]: rtabmap (118): Rate=1.00s, Limit=0.000s, Conversion=0.0003s, RTAB-Map=0.0733s, Maps update=0.0002s pub=0.0011s delay=0.2255s (local map=3, WM=3)
[INFO] [1771071324.352644393] [rtabmap]: rtabmap (119): Rate=1.00s, Limit=0.000s, Conversion=0.0005s, RTAB-Map=0.0772s, Maps update=0.0002s pub=0.0011s delay=0.2392s (local map=3, WM=3)
[INFO] [1771071325.688126980] [rtabmap]: rtabmap (120): Rate=1.00s, Limit=0.000s, Conversion=0.0003s, RTAB-Map=0.3509s, Maps update=0.0004s pub=0.0018s delay=0.5746s (local map=3, WM=3)
[INFO] [1771071326.540171452] [rtabmap]: rtabmap (121): Rate=1.00s, Limit=0.000s, Conversion=0.0003s, RTAB-Map=0.1463s, Maps update=0.0008s pub=0.0015s delay=0.3278s (local map=3, WM=3)
[INFO] [1771071327.495862731] [rtabmap]: rtabmap (122): Rate=1.00s, Limit=0.000s, Conversion=0.0025s, RTAB-Map=0.1163s, Maps update=0.0003s pub=0.0021s delay=0.2832s (local map=3, WM=3)
[INFO] [1771071328.435032637] [rtabmap]: rtabmap (123): Rate=1.00s, Limit=0.000s, Conversion=0.0003s, RTAB-Map=0.0729s, Maps update=0.0003s pub=0.0014s delay=0.2223s (local map=3, WM=3)
[INFO] [1771071329.543164033] [rtabmap]: rtabmap (124): Rate=1.00s, Limit=0.000s, Conversion=0.0003s, RTAB-Map=0.0764s, Maps update=0.0006s pub=0.0013s delay=0.2310s (local map=3, WM=3)
[INFO] [1771071330.543782775] [rtabmap]: rtabmap (125): Rate=1.00s, Limit=0.000s, Conversion=0.0004s, RTAB-Map=0.0729s, Maps update=0.0002s pub=0.0013s delay=0.2303s (local map=3, WM=3)
[INFO] [1771071331.649442415] [rtabmap]: rtabmap (126): Rate=1.00s, Limit=0.000s, Conversion=0.0006s, RTAB-Map=0.0851s, Maps update=0.0004s pub=0.0013s delay=0.2360s (local map=3, WM=3)
[INFO] [1771071332.639072050] [rtabmap]: rtabmap (127): Rate=1.00s, Limit=0.000s, Conversion=0.0005s, RTAB-Map=0.0731s, Maps update=0.0002s pub=0.0016s delay=0.2255s (local map=3, WM=3)
[INFO] [1771071333.742447940] [rtabmap]: rtabmap (128): Rate=1.00s, Limit=0.000s, Conversion=0.0009s, RTAB-Map=0.0703s, Maps update=0.0002s pub=0.0012s delay=0.2300s (local map=3, WM=3)
[INFO] [1771071334.743102139] [rtabmap]: rtabmap (129): Rate=1.00s, Limit=0.000s, Conversion=0.0003s, RTAB-Map=0.0695s, Maps update=0.0002s pub=0.0015s delay=0.2305s (local map=3, WM=3)
[INFO] [1771071335.842529523] [rtabmap]: rtabmap (130): Rate=1.00s, Limit=0.000s, Conversion=0.0004s, RTAB-Map=0.0697s, Maps update=0.0002s pub=0.0012s delay=0.2303s (local map=3, WM=3)
[INFO] [1771071336.842979972] [rtabmap]: rtabmap (131): Rate=1.00s, Limit=0.000s, Conversion=0.0005s, RTAB-Map=0.0755s, Maps update=0.0003s pub=0.0010s delay=0.2304s (local map=3, WM=3)
[INFO] [1771071337.853321733] [rtabmap]: rtabmap (132): Rate=1.00s, Limit=0.000s, Conversion=0.0003s, RTAB-Map=0.0785s, Maps update=0.0002s pub=0.0011s delay=0.2406s (local map=3, WM=3)
[INFO] [1771071338.846411123] [rtabmap]: rtabmap (133): Rate=1.00s, Limit=0.000s, Conversion=0.0008s, RTAB-Map=0.0716s, Maps update=0.0002s pub=0.0015s delay=0.2337s (local map=3, WM=3)
[INFO] [1771071339.945351644] [rtabmap]: rtabmap (134): Rate=1.00s, Limit=0.000s, Conversion=0.0003s, RTAB-Map=0.0727s, Maps update=0.0003s pub=0.0014s delay=0.2328s (local map=3, WM=3)
[INFO] [1771071341.031887208] [rtabmap]: rtabmap (135): Rate=1.00s, Limit=0.000s, Conversion=0.0006s, RTAB-Map=0.0688s, Maps update=0.0002s pub=0.0012s delay=0.2192s (local map=3, WM=3)
[INFO] [1771071342.149752375] [rtabmap]: rtabmap (136): Rate=1.00s, Limit=0.000s, Conversion=0.0003s, RTAB-Map=0.0776s, Maps update=0.0002s pub=0.0010s delay=0.2362s (local map=3, WM=3)
[INFO] [1771071343.237682957] [rtabmap]: rtabmap (137): Rate=1.00s, Limit=0.000s, Conversion=0.0003s, RTAB-Map=0.0717s, Maps update=0.0002s pub=0.0013s delay=0.2249s (local map=3, WM=3)
[INFO] [1771071344.327583680] [rtabmap]: rtabmap (138): Rate=1.00s, Limit=0.000s, Conversion=0.0003s, RTAB-Map=0.0658s, Maps update=0.0002s pub=0.0036s delay=0.2149s (local map=3, WM=3)
[INFO] [1771071345.503029660] [rtabmap]: rtabmap (139): Rate=1.00s, Limit=0.000s, Conversion=0.0003s, RTAB-Map=0.1109s, Maps update=0.0002s pub=0.0035s delay=0.2909s (local map=3, WM=3)
[INFO] [1771071346.449977086] [rtabmap]: rtabmap (140): Rate=1.00s, Limit=0.000s, Conversion=0.0003s, RTAB-Map=0.0777s, Maps update=0.0002s pub=0.0010s delay=0.2373s (local map=3, WM=3)
[INFO] [1771071347.439606178] [rtabmap]: rtabmap (141): Rate=1.00s, Limit=0.000s, Conversion=0.0008s, RTAB-Map=0.0729s, Maps update=0.0003s pub=0.0019s delay=0.2268s (local map=3, WM=3)
[INFO] [1771071348.550759802] [rtabmap]: rtabmap (142): Rate=1.00s, Limit=0.000s, Conversion=0.0003s, RTAB-Map=0.0742s, Maps update=0.0003s pub=0.0010s delay=0.2381s (local map=3, WM=3)
[INFO] [1771071349.636739050] [rtabmap]: rtabmap (143): Rate=1.00s, Limit=0.000s, Conversion=0.0009s, RTAB-Map=0.0665s, Maps update=0.0002s pub=0.0011s delay=0.2245s (local map=3, WM=3)
[INFO] [1771071350.642144328] [rtabmap]: rtabmap (144): Rate=1.00s, Limit=0.000s, Conversion=0.0005s, RTAB-Map=0.0694s, Maps update=0.0002s pub=0.0011s delay=0.2296s (local map=3, WM=3)
[INFO] [1771071351.740590345] [rtabmap]: rtabmap (145): Rate=1.00s, Limit=0.000s, Conversion=0.0006s, RTAB-Map=0.0685s, Maps update=0.0003s pub=0.0016s delay=0.2281s (local map=3, WM=3)
[INFO] [1771071352.743851516] [rtabmap]: rtabmap (146): Rate=1.00s, Limit=0.000s, Conversion=0.0003s, RTAB-Map=0.0741s, Maps update=0.0003s pub=0.0018s delay=0.2312s (local map=3, WM=3)
[INFO] [1771071353.841863694] [rtabmap]: rtabmap (147): Rate=1.00s, Limit=0.000s, Conversion=0.0004s, RTAB-Map=0.0699s, Maps update=0.0002s pub=0.0015s delay=0.2291s (local map=3, WM=3)
[INFO] [1771071354.951792032] [rtabmap]: rtabmap (148): Rate=1.00s, Limit=0.000s, Conversion=0.0003s, RTAB-Map=0.0749s, Maps update=0.0028s pub=0.0032s delay=0.2395s (local map=4, WM=4)
[INFO] [1771071356.043350482] [rtabmap]: rtabmap (149): Rate=1.00s, Limit=0.000s, Conversion=0.0005s, RTAB-Map=0.0710s, Maps update=0.0020s pub=0.0035s delay=0.2311s (local map=5, WM=5)
[INFO] [1771071357.149907470] [rtabmap]: rtabmap (150): Rate=1.00s, Limit=0.000s, Conversion=0.0004s, RTAB-Map=0.0689s, Maps update=0.0023s pub=0.0042s delay=0.2376s (local map=6, WM=6)
[INFO] [1771071358.241537890] [rtabmap]: rtabmap (151): Rate=1.00s, Limit=0.000s, Conversion=0.0005s, RTAB-Map=0.0684s, Maps update=0.0003s pub=0.0017s delay=0.2288s (local map=6, WM=6)
[INFO] [1771071359.345769133] [rtabmap]: rtabmap (152): Rate=1.00s, Limit=0.000s, Conversion=0.0004s, RTAB-Map=0.0716s, Maps update=0.0020s pub=0.0042s delay=0.2337s (local map=7, WM=7)
[INFO] [1771071360.348045182] [rtabmap]: rtabmap (153): Rate=1.00s, Limit=0.000s, Conversion=0.0003s, RTAB-Map=0.0757s, Maps update=0.0003s pub=0.0034s delay=0.2354s (local map=7, WM=7)
[INFO] [1771071361.447165367] [rtabmap]: rtabmap (154): Rate=1.00s, Limit=0.000s, Conversion=0.0003s, RTAB-Map=0.0706s, Maps update=0.0018s pub=0.0049s delay=0.2352s (local map=8, WM=8)
[INFO] [1771071362.457590467] [rtabmap]: rtabmap (155): Rate=1.00s, Limit=0.000s, Conversion=0.0005s, RTAB-Map=0.0808s, Maps update=0.0022s pub=0.0046s delay=0.2455s (local map=9, WM=9)
[INFO] [1771071363.443762019] [rtabmap]: rtabmap (156): Rate=1.00s, Limit=0.000s, Conversion=0.0006s, RTAB-Map=0.0753s, Maps update=0.0004s pub=0.0017s delay=0.2315s (local map=9, WM=9)
[INFO] [1771071364.549505698] [rtabmap]: rtabmap (157): Rate=1.00s, Limit=0.000s, Conversion=0.0003s, RTAB-Map=0.0711s, Maps update=0.0024s pub=0.0051s delay=0.2372s (local map=10, WM=10)
[INFO] [1771071365.637011335] [rtabmap]: rtabmap (158): Rate=1.00s, Limit=0.000s, Conversion=0.0004s, RTAB-Map=0.0700s, Maps update=0.0003s pub=0.0020s delay=0.2243s (local map=10, WM=10)
[INFO] [1771071366.758225601] [rtabmap]: rtabmap (159): Rate=1.00s, Limit=0.000s, Conversion=0.0004s, RTAB-Map=0.0747s, Maps update=0.0020s pub=0.0062s delay=0.2458s (local map=11, WM=11)
[INFO] [1771071367.845693061] [rtabmap]: rtabmap (160): Rate=1.00s, Limit=0.000s, Conversion=0.0003s, RTAB-Map=0.0727s, Maps update=0.0003s pub=0.0032s delay=0.2337s (local map=11, WM=11)
[INFO] [1771071368.851192357] [rtabmap]: rtabmap (161): Rate=1.00s, Limit=0.000s, Conversion=0.0005s, RTAB-Map=0.0748s, Maps update=0.0026s pub=0.0050s delay=0.2391s (local map=12, WM=12)
[INFO] [1771071369.839180869] [rtabmap]: rtabmap (162): Rate=1.00s, Limit=0.000s, Conversion=0.0004s, RTAB-Map=0.0660s, Maps update=0.0003s pub=0.0039s delay=0.2269s (local map=12, WM=12)
[INFO] [1771071370.950722510] [rtabmap]: rtabmap (163): Rate=1.00s, Limit=0.000s, Conversion=0.0003s, RTAB-Map=0.0743s, Maps update=0.0020s pub=0.0052s delay=0.2386s (local map=13, WM=13)
[INFO] [1771071372.044581360] [rtabmap]: rtabmap (164): Rate=1.00s, Limit=0.000s, Conversion=0.0004s, RTAB-Map=0.0736s, Maps update=0.0003s pub=0.0022s delay=0.2325s (local map=13, WM=13)
[INFO] [1771071373.047418932] [rtabmap]: rtabmap (165): Rate=1.00s, Limit=0.000s, Conversion=0.0004s, RTAB-Map=0.0733s, Maps update=0.0022s pub=0.0057s delay=0.2353s (local map=14, WM=14)
[INFO] [1771071374.156103866] [rtabmap]: rtabmap (166): Rate=1.00s, Limit=0.000s, Conversion=0.0003s, RTAB-Map=0.0814s, Maps update=0.0003s pub=0.0023s delay=0.2440s (local map=14, WM=14)
[INFO] [1771071375.149883587] [rtabmap]: rtabmap (167): Rate=1.00s, Limit=0.000s, Conversion=0.0006s, RTAB-Map=0.0714s, Maps update=0.0022s pub=0.0059s delay=0.2377s (local map=15, WM=15)
[INFO] [1771071376.149302160] [rtabmap]: rtabmap (168): Rate=1.00s, Limit=0.000s, Conversion=0.0005s, RTAB-Map=0.0763s, Maps update=0.0003s pub=0.0038s delay=0.2371s (local map=15, WM=15)
[INFO] [1771071377.258257951] [rtabmap]: rtabmap (169): Rate=1.00s, Limit=0.000s, Conversion=0.0005s, RTAB-Map=0.0776s, Maps update=0.0019s pub=0.0056s delay=0.2460s (local map=16, WM=16)
[INFO] [1771071378.349836370] [rtabmap]: rtabmap (170): Rate=1.00s, Limit=0.000s, Conversion=0.0005s, RTAB-Map=0.0745s, Maps update=0.0004s pub=0.0025s delay=0.2377s (local map=16, WM=16)
[INFO] [1771071379.347563940] [rtabmap]: rtabmap (171): Rate=1.00s, Limit=0.000s, Conversion=0.0005s, RTAB-Map=0.0752s, Maps update=0.0004s pub=0.0041s delay=0.2353s (local map=16, WM=16)
[INFO] [1771071380.451282397] [rtabmap]: rtabmap (172): Rate=1.00s, Limit=0.000s, Conversion=0.0004s, RTAB-Map=0.0781s, Maps update=0.0004s pub=0.0027s delay=0.2390s (local map=16, WM=16)
[INFO] [1771071381.552904621] [rtabmap]: rtabmap (173): Rate=1.00s, Limit=0.000s, Conversion=0.0004s, RTAB-Map=0.0788s, Maps update=0.0003s pub=0.0016s delay=0.2408s (local map=16, WM=16)
[INFO] [1771071382.554872691] [rtabmap]: rtabmap (174): Rate=1.00s, Limit=0.000s, Conversion=0.0005s, RTAB-Map=0.0781s, Maps update=0.0004s pub=0.0026s delay=0.2427s (local map=16, WM=16)
[INFO] [1771071383.548771552] [rtabmap]: rtabmap (175): Rate=1.00s, Limit=0.000s, Conversion=0.0004s, RTAB-Map=0.0761s, Maps update=0.0004s pub=0.0029s delay=0.2366s (local map=16, WM=16)
[INFO] [1771071384.555960795] [rtabmap]: rtabmap (176): Rate=1.00s, Limit=0.000s, Conversion=0.0009s, RTAB-Map=0.0769s, Maps update=0.0003s pub=0.0019s delay=0.2437s (local map=16, WM=16)
[INFO] [1771071385.656821425] [rtabmap]: rtabmap (177): Rate=1.00s, Limit=0.000s, Conversion=0.0005s, RTAB-Map=0.0783s, Maps update=0.0003s pub=0.0022s delay=0.2445s (local map=16, WM=16)
[INFO] [1771071386.748038071] [rtabmap]: rtabmap (178): Rate=1.00s, Limit=0.000s, Conversion=0.0007s, RTAB-Map=0.0793s, Maps update=0.0003s pub=0.0028s delay=0.2359s (local map=16, WM=16)
[INFO] [1771071387.748181629] [rtabmap]: rtabmap (179): Rate=1.00s, Limit=0.000s, Conversion=0.0005s, RTAB-Map=0.0748s, Maps update=0.0003s pub=0.0028s delay=0.2359s (local map=16, WM=16)
[INFO] [1771071388.844995078] [rtabmap]: rtabmap (180): Rate=1.00s, Limit=0.000s, Conversion=0.0005s, RTAB-Map=0.0763s, Maps update=0.0003s pub=0.0025s delay=0.2328s (local map=16, WM=16)
[INFO] [1771071389.943278882] [rtabmap]: rtabmap (181): Rate=1.00s, Limit=0.000s, Conversion=0.0003s, RTAB-Map=0.0731s, Maps update=0.0003s pub=0.0017s delay=0.2311s (local map=16, WM=16)
[INFO] [1771071390.953035479] [rtabmap]: rtabmap (182): Rate=1.00s, Limit=0.000s, Conversion=0.0004s, RTAB-Map=0.0738s, Maps update=0.0022s pub=0.0068s delay=0.2407s (local map=17, WM=17)
[INFO] [1771071392.052227795] [rtabmap]: rtabmap (183): Rate=1.00s, Limit=0.000s, Conversion=0.0003s, RTAB-Map=0.0735s, Maps update=0.0008s pub=0.0059s delay=0.2400s (local map=18, WM=18)
[INFO] [1771071393.161439179] [rtabmap]: rtabmap (184): Rate=1.00s, Limit=0.000s, Conversion=0.0005s, RTAB-Map=0.0766s, Maps update=0.0023s pub=0.0063s delay=0.2492s (local map=19, WM=19)
[INFO] [1771071394.173840988] [rtabmap]: rtabmap (185): Rate=1.00s, Limit=0.000s, Conversion=0.0105s, RTAB-Map=0.0793s, Maps update=0.0003s pub=0.0021s delay=0.2615s (local map=19, WM=19)
[INFO] [1771071395.270384731] [rtabmap]: rtabmap (186): Rate=1.00s, Limit=0.000s, Conversion=0.0003s, RTAB-Map=0.0781s, Maps update=0.0021s pub=0.0054s delay=0.2581s (local map=20, WM=20)
[INFO] [1771071396.375578535] [rtabmap]: rtabmap (187): Rate=1.00s, Limit=0.000s, Conversion=0.0107s, RTAB-Map=0.0795s, Maps update=0.0003s pub=0.0038s delay=0.2633s (local map=20, WM=20)
[INFO] [1771071397.355704149] [rtabmap]: rtabmap (188): Rate=1.00s, Limit=0.000s, Conversion=0.0005s, RTAB-Map=0.0732s, Maps update=0.0022s pub=0.0061s delay=0.2434s (local map=21, WM=21)
[INFO] [1771071398.466222843] [rtabmap]: rtabmap (189): Rate=1.00s, Limit=0.000s, Conversion=0.0004s, RTAB-Map=0.0765s, Maps update=0.0023s pub=0.0099s delay=0.2539s (local map=22, WM=22)
[INFO] [1771071399.564367730] [rtabmap]: rtabmap (190): Rate=1.00s, Limit=0.000s, Conversion=0.0003s, RTAB-Map=0.0777s, Maps update=0.0021s pub=0.0073s delay=0.2521s (local map=23, WM=23)
[INFO] [1771071400.562263434] [rtabmap]: rtabmap (191): Rate=1.00s, Limit=0.000s, Conversion=0.0004s, RTAB-Map=0.0722s, Maps update=0.0021s pub=0.0058s delay=0.2500s (local map=24, WM=24)
[INFO] [1771071401.561649302] [rtabmap]: rtabmap (192): Rate=1.00s, Limit=0.000s, Conversion=0.0003s, RTAB-Map=0.0803s, Maps update=0.0004s pub=0.0021s delay=0.2494s (local map=24, WM=24)
[INFO] [1771071402.675826907] [rtabmap]: rtabmap (193): Rate=1.00s, Limit=0.000s, Conversion=0.0105s, RTAB-Map=0.0753s, Maps update=0.0019s pub=0.0057s delay=0.2634s (local map=25, WM=25)
[INFO] [1771071403.774638057] [rtabmap]: rtabmap (194): Rate=1.00s, Limit=0.000s, Conversion=0.0008s, RTAB-Map=0.0834s, Maps update=0.0021s pub=0.0060s delay=0.2623s (local map=26, WM=26)
[INFO] [1771071404.769522521] [rtabmap]: rtabmap (195): Rate=1.00s, Limit=0.000s, Conversion=0.0003s, RTAB-Map=0.0848s, Maps update=0.0021s pub=0.0066s delay=0.2571s (local map=27, WM=27)
[INFO] [1771071405.864476769] [rtabmap]: rtabmap (196): Rate=1.00s, Limit=0.000s, Conversion=0.0004s, RTAB-Map=0.0759s, Maps update=0.0023s pub=0.0059s delay=0.2520s (local map=28, WM=28)
[INFO] [1771071406.979634664] [rtabmap]: rtabmap (197): Rate=1.00s, Limit=0.000s, Conversion=0.0106s, RTAB-Map=0.0796s, Maps update=0.0004s pub=0.0025s delay=0.2672s (local map=28, WM=28)
[INFO] [1771071408.068224179] [rtabmap]: rtabmap (198): Rate=1.00s, Limit=0.000s, Conversion=0.0005s, RTAB-Map=0.0776s, Maps update=0.0021s pub=0.0067s delay=0.2558s (local map=29, WM=29)
[INFO] [1771071409.184380893] [rtabmap]: rtabmap (199): Rate=1.00s, Limit=0.000s, Conversion=0.0105s, RTAB-Map=0.0873s, Maps update=0.0003s pub=0.0035s delay=0.2719s (local map=29, WM=29)
[INFO] [1771071410.263201012] [rtabmap]: rtabmap (200): Rate=1.00s, Limit=0.000s, Conversion=0.0004s, RTAB-Map=0.0739s, Maps update=0.0020s pub=0.0065s delay=0.2501s (local map=30, WM=30)
[INFO] [1771071411.418827802] [rtabmap]: rtabmap (201): Rate=1.00s, Limit=0.000s, Conversion=0.0003s, RTAB-Map=0.1283s, Maps update=0.0004s pub=0.0029s delay=0.3064s (local map=30, WM=30)
[INFO] [1771071412.461414821] [rtabmap]: rtabmap (202): Rate=1.00s, Limit=0.000s, Conversion=0.0106s, RTAB-Map=0.1555s, Maps update=0.0023s pub=0.0087s delay=0.3487s (local map=31, WM=31)
[INFO] [1771071413.527963232] [rtabmap]: rtabmap (203): Rate=1.00s, Limit=0.000s, Conversion=0.0006s, RTAB-Map=0.1349s, Maps update=0.0026s pub=0.0077s delay=0.3156s (local map=32, WM=32)
[INFO] [1771071414.512951457] [rtabmap]: rtabmap (204): Rate=1.00s, Limit=0.000s, Conversion=0.0005s, RTAB-Map=0.1307s, Maps update=0.0004s pub=0.0040s delay=0.3005s (local map=32, WM=32)
[INFO] [1771071415.605689892] [rtabmap]: rtabmap (205): Rate=1.00s, Limit=0.000s, Conversion=0.0005s, RTAB-Map=0.1175s, Maps update=0.0021s pub=0.0067s delay=0.2933s (local map=33, WM=33)
[INFO] [1771071416.725556432] [rtabmap]: rtabmap (206): Rate=1.00s, Limit=0.000s, Conversion=0.0004s, RTAB-Map=0.1255s, Maps update=0.0028s pub=0.0109s delay=0.3131s (local map=34, WM=34)
[INFO] [1771071417.808409764] [rtabmap]: rtabmap (207): Rate=1.00s, Limit=0.000s, Conversion=0.0008s, RTAB-Map=0.1293s, Maps update=0.0004s pub=0.0020s delay=0.2960s (local map=34, WM=34)
[INFO] [1771071418.817977542] [rtabmap]: rtabmap (208): Rate=1.00s, Limit=0.000s, Conversion=0.0003s, RTAB-Map=0.1300s, Maps update=0.0020s pub=0.0084s delay=0.3054s (local map=35, WM=35)
[INFO] [1771071419.823268411] [rtabmap]: rtabmap (209): Rate=1.00s, Limit=0.000s, Conversion=0.0004s, RTAB-Map=0.1357s, Maps update=0.0006s pub=0.0051s delay=0.3107s (local map=35, WM=35)
[INFO] [1771071420.821684795] [rtabmap]: rtabmap (210): Rate=1.00s, Limit=0.000s, Conversion=0.0004s, RTAB-Map=0.1262s, Maps update=0.0037s pub=0.0092s delay=0.3091s (local map=36, WM=36)
[INFO] [1771071421.934770901] [rtabmap]: rtabmap (211): Rate=1.00s, Limit=0.000s, Conversion=0.0004s, RTAB-Map=0.1449s, Maps update=0.0009s pub=0.0107s delay=0.3222s (local map=37, WM=37)
[INFO] [1771071422.913561467] [rtabmap]: rtabmap (212): Rate=1.00s, Limit=0.000s, Conversion=0.0004s, RTAB-Map=0.1352s, Maps update=0.0005s pub=0.0038s delay=0.3010s (local map=37, WM=37)
[INFO] [1771071423.929658885] [rtabmap]: rtabmap (213): Rate=1.00s, Limit=0.000s, Conversion=0.0003s, RTAB-Map=0.1300s, Maps update=0.0023s pub=0.0074s delay=0.3171s (local map=38, WM=38)
[INFO] [1771071425.018631632] [rtabmap]: rtabmap (214): Rate=1.00s, Limit=0.000s, Conversion=0.0003s, RTAB-Map=0.1373s, Maps update=0.0009s pub=0.0035s delay=0.3060s (local map=38, WM=38)
[INFO] [1771071426.128729521] [rtabmap]: rtabmap (215): Rate=1.00s, Limit=0.000s, Conversion=0.0003s, RTAB-Map=0.1362s, Maps update=0.0027s pub=0.0104s delay=0.3161s (local map=39, WM=39)
[INFO] [1771071427.227874008] [rtabmap]: rtabmap (216): Rate=1.00s, Limit=0.000s, Conversion=0.0005s, RTAB-Map=0.1388s, Maps update=0.0029s pub=0.0088s delay=0.3153s (local map=40, WM=40)
[INFO] [1771071428.230054095] [rtabmap]: rtabmap (217): Rate=1.00s, Limit=0.000s, Conversion=0.0004s, RTAB-Map=0.1387s, Maps update=0.0025s pub=0.0099s delay=0.3174s (local map=41, WM=41)
[INFO] [1771071429.322709072] [rtabmap]: rtabmap (218): Rate=1.00s, Limit=0.000s, Conversion=0.0004s, RTAB-Map=0.1378s, Maps update=0.0005s pub=0.0061s delay=0.3101s (local map=41, WM=41)
[INFO] [1771071430.321416379] [rtabmap]: rtabmap (219): Rate=1.00s, Limit=0.000s, Conversion=0.0003s, RTAB-Map=0.1260s, Maps update=0.0026s pub=0.0072s delay=0.3078s (local map=42, WM=42)
[INFO] [1771071431.415968232] [rtabmap]: rtabmap (220): Rate=1.00s, Limit=0.000s, Conversion=0.0004s, RTAB-Map=0.1325s, Maps update=0.0005s pub=0.0050s delay=0.3030s (local map=42, WM=42)
[INFO] [1771071432.524140923] [rtabmap]: rtabmap (221): Rate=1.00s, Limit=0.000s, Conversion=0.0005s, RTAB-Map=0.1337s, Maps update=0.0025s pub=0.0070s delay=0.3115s (local map=43, WM=43)
[INFO] [1771071433.633714567] [rtabmap]: rtabmap (222): Rate=1.00s, Limit=0.000s, Conversion=0.0005s, RTAB-Map=0.1416s, Maps update=0.0008s pub=0.0036s delay=0.3211s (local map=43, WM=43)
[INFO] [1771071434.713113199] [rtabmap]: rtabmap (223): Rate=1.00s, Limit=0.000s, Conversion=0.0005s, RTAB-Map=0.1349s, Maps update=0.0004s pub=0.0034s delay=0.3005s (local map=43, WM=43)
[INFO] [1771071435.716205484] [rtabmap]: rtabmap (224): Rate=1.00s, Limit=0.000s, Conversion=0.0004s, RTAB-Map=0.1297s, Maps update=0.0004s pub=0.0024s delay=0.3036s (local map=43, WM=43)
[INFO] [1771071436.717167154] [rtabmap]: rtabmap (225): Rate=1.00s, Limit=0.000s, Conversion=0.0004s, RTAB-Map=0.1338s, Maps update=0.0005s pub=0.0027s delay=0.3044s (local map=43, WM=43)
[INFO] [1771071437.823172590] [rtabmap]: rtabmap (226): Rate=1.00s, Limit=0.000s, Conversion=0.0005s, RTAB-Map=0.1329s, Maps update=0.0004s pub=0.0031s delay=0.3105s (local map=43, WM=43)
[INFO] [1771071438.812635843] [rtabmap]: rtabmap (227): Rate=1.00s, Limit=0.000s, Conversion=0.0003s, RTAB-Map=0.1236s, Maps update=0.0004s pub=0.0029s delay=0.2998s (local map=43, WM=43)
[INFO] [1771071439.938566852] [rtabmap]: rtabmap (228): Rate=1.00s, Limit=0.000s, Conversion=0.0107s, RTAB-Map=0.1447s, Maps update=0.0005s pub=0.0029s delay=0.3259s (local map=43, WM=43)
[INFO] [1771071440.912608779] [rtabmap]: rtabmap (229): Rate=1.00s, Limit=0.000s, Conversion=0.0004s, RTAB-Map=0.1307s, Maps update=0.0004s pub=0.0034s delay=0.2998s (local map=43, WM=43)
[INFO] [1771071442.012834141] [rtabmap]: rtabmap (230): Rate=1.00s, Limit=0.000s, Conversion=0.0004s, RTAB-Map=0.1319s, Maps update=0.0004s pub=0.0031s delay=0.2999s (local map=43, WM=43)
[INFO] [1771071443.134048767] [rtabmap]: rtabmap (231): Rate=1.00s, Limit=0.000s, Conversion=0.0003s, RTAB-Map=0.1374s, Maps update=0.0030s pub=0.0106s delay=0.3214s (local map=44, WM=44)
[INFO] [1771071444.220277980] [rtabmap]: rtabmap (232): Rate=1.00s, Limit=0.000s, Conversion=0.0004s, RTAB-Map=0.1300s, Maps update=0.0026s pub=0.0106s delay=0.3075s (local map=45, WM=45)
[INFO] [1771071445.242910798] [rtabmap]: rtabmap (233): Rate=1.00s, Limit=0.000s, Conversion=0.0005s, RTAB-Map=0.1394s, Maps update=0.0027s pub=0.0101s delay=0.3301s (local map=46, WM=46)
[INFO] [1771071446.329753719] [rtabmap]: rtabmap (234): Rate=1.00s, Limit=0.000s, Conversion=0.0005s, RTAB-Map=0.1388s, Maps update=0.0030s pub=0.0082s delay=0.3169s (local map=47, WM=47)
[INFO] [1771071447.347653407] [rtabmap]: rtabmap (235): Rate=1.00s, Limit=0.000s, Conversion=0.0003s, RTAB-Map=0.1510s, Maps update=0.0038s pub=0.0091s delay=0.3347s (local map=48, WM=48)
[INFO] [1771071448.424252300] [rtabmap]: rtabmap (236): Rate=1.00s, Limit=0.000s, Conversion=0.0004s, RTAB-Map=0.1356s, Maps update=0.0004s pub=0.0052s delay=0.3113s (local map=48, WM=48)
[INFO] [1771071449.527347201] [rtabmap]: rtabmap (237): Rate=1.00s, Limit=0.000s, Conversion=0.0004s, RTAB-Map=0.1355s, Maps update=0.0026s pub=0.0102s delay=0.3145s (local map=49, WM=49)
[INFO] [1771071450.630406677] [rtabmap]: rtabmap (238): Rate=1.00s, Limit=0.000s, Conversion=0.0004s, RTAB-Map=0.1393s, Maps update=0.0027s pub=0.0142s delay=0.3175s (local map=50, WM=50)
[INFO] [1771071451.735390374] [rtabmap]: rtabmap (239): Rate=1.00s, Limit=0.000s, Conversion=0.0107s, RTAB-Map=0.1318s, Maps update=0.0031s pub=0.0090s delay=0.3226s (local map=51, WM=51)
[INFO] [1771071452.719157781] [rtabmap]: rtabmap (240): Rate=1.00s, Limit=0.000s, Conversion=0.0008s, RTAB-Map=0.1378s, Maps update=0.0005s pub=0.0046s delay=0.3063s (local map=51, WM=51)
[INFO] [1771071453.817029572] [rtabmap]: rtabmap (241): Rate=1.00s, Limit=0.000s, Conversion=0.0005s, RTAB-Map=0.1361s, Maps update=0.0030s pub=0.0012s delay=0.3040s (local map=52, WM=52)
[INFO] [1771071454.931536323] [rtabmap]: rtabmap (242): Rate=1.00s, Limit=0.000s, Conversion=0.0013s, RTAB-Map=0.1454s, Maps update=0.0005s pub=0.0010s delay=0.3187s (local map=52, WM=52)
[INFO] [1771071456.019978631] [rtabmap]: rtabmap (243): Rate=1.00s, Limit=0.000s, Conversion=0.0004s, RTAB-Map=0.1351s, Maps update=0.0020s pub=0.0005s delay=0.3072s (local map=53, WM=53)
[INFO] [1771071457.040936081] [rtabmap]: rtabmap (244): Rate=1.00s, Limit=0.000s, Conversion=0.0107s, RTAB-Map=0.1477s, Maps update=0.0006s pub=0.0005s delay=0.3280s (local map=53, WM=53)
[INFO] [1771071458.129257778] [rtabmap]: rtabmap (245): Rate=1.00s, Limit=0.000s, Conversion=0.0005s, RTAB-Map=0.1461s, Maps update=0.0050s pub=0.0005s delay=0.3164s (local map=54, WM=54)
[INFO] [1771071459.224413451] [rtabmap]: rtabmap (246): Rate=1.00s, Limit=0.000s, Conversion=0.0005s, RTAB-Map=0.1432s, Maps update=0.0005s pub=0.0005s delay=0.3115s (local map=54, WM=54)
[INFO] [1771071460.347571740] [rtabmap]: rtabmap (247): Rate=1.00s, Limit=0.000s, Conversion=0.0105s, RTAB-Map=0.1511s, Maps update=0.0027s pub=0.0007s delay=0.3347s (local map=55, WM=55)
[INFO] [1771071461.329731736] [rtabmap]: rtabmap (248): Rate=1.00s, Limit=0.000s, Conversion=0.0005s, RTAB-Map=0.1378s, Maps update=0.0058s pub=0.0007s delay=0.3169s (local map=56, WM=56)
[INFO] [1771071462.331100852] [rtabmap]: rtabmap (249): Rate=1.00s, Limit=0.000s, Conversion=0.0007s, RTAB-Map=0.1433s, Maps update=0.0023s pub=0.0007s delay=0.3181s (local map=57, WM=57)
[INFO] [1771071463.415009225] [rtabmap]: rtabmap (250): Rate=1.00s, Limit=0.000s, Conversion=0.0004s, RTAB-Map=0.1363s, Maps update=0.0005s pub=0.0005s delay=0.3021s (local map=57, WM=57)
[INFO] [1771071464.422694286] [rtabmap]: rtabmap (251): Rate=1.00s, Limit=0.000s, Conversion=0.0004s, RTAB-Map=0.1374s, Maps update=0.0037s pub=0.0007s delay=0.3098s (local map=58, WM=58)
[INFO] [1771071465.514633121] [rtabmap]: rtabmap (252): Rate=1.00s, Limit=0.000s, Conversion=0.0004s, RTAB-Map=0.1376s, Maps update=0.0005s pub=0.0009s delay=0.3017s (local map=58, WM=58)
[INFO] [1771071466.527164255] [rtabmap]: rtabmap (253): Rate=1.00s, Limit=0.000s, Conversion=0.0004s, RTAB-Map=0.1360s, Maps update=0.0034s pub=0.0007s delay=0.3142s (local map=59, WM=59)
[INFO] [1771071467.638825028] [rtabmap]: rtabmap (254): Rate=1.00s, Limit=0.000s, Conversion=0.0106s, RTAB-Map=0.1384s, Maps update=0.0029s pub=0.0006s delay=0.3260s (local map=60, WM=60)
[INFO] [1771071468.624448301] [rtabmap]: rtabmap (255): Rate=1.00s, Limit=0.000s, Conversion=0.0106s, RTAB-Map=0.1325s, Maps update=0.0025s pub=0.0005s delay=0.3114s (local map=61, WM=61)
[INFO] [1771071469.623969903] [rtabmap]: rtabmap (256): Rate=1.00s, Limit=0.000s, Conversion=0.0004s, RTAB-Map=0.1373s, Maps update=0.0009s pub=0.0005s delay=0.3109s (local map=62, WM=62)
[INFO] [1771071470.726857502] [rtabmap]: rtabmap (257): Rate=1.00s, Limit=0.000s, Conversion=0.0003s, RTAB-Map=0.1382s, Maps update=0.0026s pub=0.0006s delay=0.3138s (local map=63, WM=63)
[INFO] [1771071471.831862767] [rtabmap]: rtabmap (258): Rate=1.00s, Limit=0.000s, Conversion=0.0004s, RTAB-Map=0.1368s, Maps update=0.0028s pub=0.0006s delay=0.3188s (local map=64, WM=64)
[INFO] [1771071472.922259282] [rtabmap]: rtabmap (259): Rate=1.00s, Limit=0.000s, Conversion=0.0005s, RTAB-Map=0.1370s, Maps update=0.0023s pub=0.0006s delay=0.3093s (local map=65, WM=65)
[INFO] [1771071473.919401481] [rtabmap]: rtabmap (260): Rate=1.00s, Limit=0.000s, Conversion=0.0004s, RTAB-Map=0.1409s, Maps update=0.0006s pub=0.0006s delay=0.3063s (local map=65, WM=65)
[INFO] [1771071474.927608862] [rtabmap]: rtabmap (261): Rate=1.00s, Limit=0.000s, Conversion=0.0003s, RTAB-Map=0.1404s, Maps update=0.0029s pub=0.0006s delay=0.3145s (local map=66, WM=66)
[INFO] [1771071476.042154558] [rtabmap]: rtabmap (262): Rate=1.00s, Limit=0.000s, Conversion=0.0105s, RTAB-Map=0.1410s, Maps update=0.0028s pub=0.0009s delay=0.3292s (local map=67, WM=67)
[INFO] [1771071477.123233433] [rtabmap]: rtabmap (263): Rate=1.00s, Limit=0.000s, Conversion=0.0009s, RTAB-Map=0.1393s, Maps update=0.0025s pub=0.0007s delay=0.3103s (local map=68, WM=68)
[INFO] [1771071478.119924833] [rtabmap]: rtabmap (264): Rate=1.00s, Limit=0.000s, Conversion=0.0004s, RTAB-Map=0.1328s, Maps update=0.0029s pub=0.0007s delay=0.3070s (local map=69, WM=69)
[INFO] [1771071479.126575205] [rtabmap]: rtabmap (265): Rate=1.00s, Limit=0.000s, Conversion=0.0105s, RTAB-Map=0.1325s, Maps update=0.0005s pub=0.0006s delay=0.3136s (local map=69, WM=69)
[INFO] [1771071480.228515414] [rtabmap]: rtabmap (266): Rate=1.00s, Limit=0.000s, Conversion=0.0003s, RTAB-Map=0.1396s, Maps update=0.0028s pub=0.0007s delay=0.3156s (local map=70, WM=70)
[INFO] [1771071481.242164215] [rtabmap]: rtabmap (267): Rate=1.00s, Limit=0.000s, Conversion=0.0105s, RTAB-Map=0.1391s, Maps update=0.0033s pub=0.0008s delay=0.3291s (local map=71, WM=71)
[INFO] [1771071482.330485656] [rtabmap]: rtabmap (268): Rate=1.00s, Limit=0.000s, Conversion=0.0004s, RTAB-Map=0.1385s, Maps update=0.0031s pub=0.0006s delay=0.3177s (local map=72, WM=72)
[INFO] [1771071483.324600687] [rtabmap]: rtabmap (269): Rate=1.00s, Limit=0.000s, Conversion=0.0003s, RTAB-Map=0.1414s, Maps update=0.0008s pub=0.0006s delay=0.3115s (local map=72, WM=72)
[INFO] [1771071484.418846379] [rtabmap]: rtabmap (270): Rate=1.00s, Limit=0.000s, Conversion=0.0008s, RTAB-Map=0.1287s, Maps update=0.0033s pub=0.0007s delay=0.3059s (local map=73, WM=73)
[INFO] [1771071485.419386350] [rtabmap]: rtabmap (271): Rate=1.00s, Limit=0.000s, Conversion=0.0003s, RTAB-Map=0.1391s, Maps update=0.0006s pub=0.0006s delay=0.3063s (local map=73, WM=73)
[INFO] [1771071486.570413586] [rtabmap]: rtabmap (272): Rate=1.00s, Limit=0.000s, Conversion=0.0106s, RTAB-Map=0.1568s, Maps update=0.0024s pub=0.0007s delay=0.3573s (local map=74, WM=74)
[INFO] [1771071487.647421836] [rtabmap]: rtabmap (273): Rate=1.00s, Limit=0.000s, Conversion=0.0107s, RTAB-Map=0.1460s, Maps update=0.0005s pub=0.0006s delay=0.3344s (local map=74, WM=74)
[INFO] [1771071488.692051972] [rtabmap]: rtabmap (274): Rate=1.00s, Limit=0.000s, Conversion=0.0106s, RTAB-Map=0.1217s, Maps update=0.0031s pub=0.0730s delay=0.3791s (local map=75, WM=75)
[INFO] [1771071489.631239373] [rtabmap]: rtabmap (275): Rate=1.00s, Limit=0.000s, Conversion=0.0003s, RTAB-Map=0.1356s, Maps update=0.0033s pub=0.0132s delay=0.3181s (local map=76, WM=76)
[INFO] [1771071490.727170207] [rtabmap]: rtabmap (276): Rate=1.00s, Limit=0.000s, Conversion=0.0003s, RTAB-Map=0.1324s, Maps update=0.0010s pub=0.0089s delay=0.3141s (local map=76, WM=76)
[INFO] [1771071491.849164171] [rtabmap]: rtabmap (277): Rate=1.00s, Limit=0.000s, Conversion=0.0010s, RTAB-Map=0.1448s, Maps update=0.0030s pub=0.0103s delay=0.3361s (local map=77, WM=77)
[INFO] [1771071492.946476201] [rtabmap]: rtabmap (278): Rate=1.00s, Limit=0.000s, Conversion=0.0005s, RTAB-Map=0.1485s, Maps update=0.0028s pub=0.0133s delay=0.3332s (local map=78, WM=78)
[INFO] [1771071494.043705476] [rtabmap]: rtabmap (279): Rate=1.00s, Limit=0.000s, Conversion=0.0106s, RTAB-Map=0.1304s, Maps update=0.0024s pub=0.0108s delay=0.3305s (local map=79, WM=79)
[INFO] [1771071495.141436687] [rtabmap]: rtabmap (280): Rate=1.00s, Limit=0.000s, Conversion=0.0105s, RTAB-Map=0.1330s, Maps update=0.0027s pub=0.0118s delay=0.3283s (local map=80, WM=80)
[INFO] [1771071496.242994451] [rtabmap]: rtabmap (281): Rate=1.00s, Limit=0.000s, Conversion=0.0005s, RTAB-Map=0.1471s, Maps update=0.0028s pub=0.0134s delay=0.3300s (local map=81, WM=81)
[INFO] [1771071497.234552153] [rtabmap]: rtabmap (282): Rate=1.00s, Limit=0.000s, Conversion=0.0106s, RTAB-Map=0.1403s, Maps update=0.0007s pub=0.0054s delay=0.3214s (local map=81, WM=81)
[INFO] [1771071498.328625424] [rtabmap]: rtabmap (283): Rate=1.00s, Limit=0.000s, Conversion=0.0004s, RTAB-Map=0.1402s, Maps update=0.0030s pub=0.0011s delay=0.3155s (local map=82, WM=82)
[INFO] [1771071499.419449856] [rtabmap]: rtabmap (284): Rate=1.00s, Limit=0.000s, Conversion=0.0006s, RTAB-Map=0.1375s, Maps update=0.0006s pub=0.0006s delay=0.3064s (local map=82, WM=82)
[INFO] [1771071500.527358638] [rtabmap]: rtabmap (285): Rate=1.00s, Limit=0.000s, Conversion=0.0003s, RTAB-Map=0.1433s, Maps update=0.0010s pub=0.0010s delay=0.3143s (local map=82, WM=82)
[INFO] [1771071501.627546278] [rtabmap]: rtabmap (286): Rate=1.00s, Limit=0.000s, Conversion=0.0005s, RTAB-Map=0.1392s, Maps update=0.0010s pub=0.0006s delay=0.3145s (local map=82, WM=82)
[INFO] [1771071502.622039305] [rtabmap]: rtabmap (287): Rate=1.00s, Limit=0.000s, Conversion=0.0004s, RTAB-Map=0.1360s, Maps update=0.0025s pub=0.0007s delay=0.3088s (local map=83, WM=83)
[INFO] [1771071503.725548875] [rtabmap]: rtabmap (288): Rate=1.00s, Limit=0.000s, Conversion=0.0004s, RTAB-Map=0.1439s, Maps update=0.0058s pub=0.0012s delay=0.3124s (local map=84, WM=84)
[INFO] [1771071504.863436879] [rtabmap]: rtabmap (289): Rate=1.00s, Limit=0.000s, Conversion=0.0105s, RTAB-Map=0.1613s, Maps update=0.0029s pub=0.0007s delay=0.3502s (local map=85, WM=85)
[INFO] [1771071505.932424715] [rtabmap]: rtabmap (290): Rate=1.00s, Limit=0.000s, Conversion=0.0008s, RTAB-Map=0.1445s, Maps update=0.0006s pub=0.0006s delay=0.3193s (local map=85, WM=85)
[INFO] [1771071506.931505919] [rtabmap]: rtabmap (291): Rate=1.00s, Limit=0.000s, Conversion=0.0003s, RTAB-Map=0.1366s, Maps update=0.0026s pub=0.0046s delay=0.3183s (local map=86, WM=86)
[INFO] [1771071507.936676116] [rtabmap]: rtabmap (292): Rate=1.00s, Limit=0.000s, Conversion=0.0005s, RTAB-Map=0.1473s, Maps update=0.0039s pub=0.0008s delay=0.3234s (local map=87, WM=87)
[INFO] [1771071509.036687751] [rtabmap]: rtabmap (293): Rate=1.00s, Limit=0.000s, Conversion=0.0005s, RTAB-Map=0.1538s, Maps update=0.0029s pub=0.0007s delay=0.3235s (local map=88, WM=88)
[INFO] [1771071510.122875716] [rtabmap]: rtabmap (294): Rate=1.00s, Limit=0.000s, Conversion=0.0005s, RTAB-Map=0.1426s, Maps update=0.0006s pub=0.0006s delay=0.3097s (local map=88, WM=88)
[INFO] [1771071511.160768487] [rtabmap]: rtabmap (295): Rate=1.00s, Limit=0.000s, Conversion=0.0106s, RTAB-Map=0.1589s, Maps update=0.0027s pub=0.0007s delay=0.3475s (local map=89, WM=89)
[INFO] [1771071512.234268338] [rtabmap]: rtabmap (296): Rate=1.00s, Limit=0.000s, Conversion=0.0003s, RTAB-Map=0.1429s, Maps update=0.0006s pub=0.0007s delay=0.3212s (local map=89, WM=89)
[INFO] [1771071513.334792437] [rtabmap]: rtabmap (297): Rate=1.00s, Limit=0.000s, Conversion=0.0108s, RTAB-Map=0.1313s, Maps update=0.0029s pub=0.0007s delay=0.3218s (local map=90, WM=90)
[INFO] [1771071514.340529148] [rtabmap]: rtabmap (298): Rate=1.00s, Limit=0.000s, Conversion=0.0105s, RTAB-Map=0.1404s, Maps update=0.0030s pub=0.0007s delay=0.3273s (local map=91, WM=91)
[INFO] [1771071515.326421358] [rtabmap]: rtabmap (299): Rate=1.00s, Limit=0.000s, Conversion=0.0006s, RTAB-Map=0.1400s, Maps update=0.0007s pub=0.0006s delay=0.3131s (local map=91, WM=91)
[INFO] [1771071516.430825677] [rtabmap]: rtabmap (300): Rate=1.00s, Limit=0.000s, Conversion=0.0007s, RTAB-Map=0.1443s, Maps update=0.0029s pub=0.0007s delay=0.3173s (local map=92, WM=92)
[INFO] [1771071517.533894785] [rtabmap]: rtabmap (301): Rate=1.00s, Limit=0.000s, Conversion=0.0006s, RTAB-Map=0.1415s, Maps update=0.0032s pub=0.0012s delay=0.3217s (local map=93, WM=93)
[INFO] [1771071518.532096921] [rtabmap]: rtabmap (302): Rate=1.00s, Limit=0.000s, Conversion=0.0005s, RTAB-Map=0.1408s, Maps update=0.0006s pub=0.0006s delay=0.3189s (local map=93, WM=93)
[INFO] [1771071519.634731551] [rtabmap]: rtabmap (303): Rate=1.00s, Limit=0.000s, Conversion=0.0004s, RTAB-Map=0.1434s, Maps update=0.0029s pub=0.0007s delay=0.3215s (local map=94, WM=94)
[INFO] [1771071520.635307779] [rtabmap]: rtabmap (304): Rate=1.00s, Limit=0.000s, Conversion=0.0105s, RTAB-Map=0.1434s, Maps update=0.0029s pub=0.0007s delay=0.3220s (local map=95, WM=95)
[INFO] [1771071521.760576567] [rtabmap]: rtabmap (305): Rate=1.00s, Limit=0.000s, Conversion=0.0105s, RTAB-Map=0.1593s, Maps update=0.0006s pub=0.0007s delay=0.3484s (local map=95, WM=95)
[INFO] [1771071522.734436171] [rtabmap]: rtabmap (306): Rate=1.00s, Limit=0.000s, Conversion=0.0005s, RTAB-Map=0.1469s, Maps update=0.0027s pub=0.0009s delay=0.3213s (local map=96, WM=96)
[INFO] [1771071523.849020780] [rtabmap]: rtabmap (307): Rate=1.00s, Limit=0.000s, Conversion=0.0105s, RTAB-Map=0.1448s, Maps update=0.0007s pub=0.0006s delay=0.3359s (local map=96, WM=96)
[INFO] [1771071524.931457651] [rtabmap]: rtabmap (308): Rate=1.00s, Limit=0.000s, Conversion=0.0107s, RTAB-Map=0.1366s, Maps update=0.0028s pub=0.0007s delay=0.3182s (local map=97, WM=97)
[INFO] [1771071525.939858926] [rtabmap]: rtabmap (309): Rate=1.00s, Limit=0.000s, Conversion=0.0003s, RTAB-Map=0.1526s, Maps update=0.0031s pub=0.0010s delay=0.3266s (local map=98, WM=98)
[INFO] [1771071527.066470989] [rtabmap]: rtabmap (310): Rate=1.00s, Limit=0.000s, Conversion=0.0106s, RTAB-Map=0.1643s, Maps update=0.0006s pub=0.0007s delay=0.3535s (local map=98, WM=98)
[INFO] [1771071528.029174784] [rtabmap]: rtabmap (311): Rate=1.00s, Limit=0.000s, Conversion=0.0005s, RTAB-Map=0.1400s, Maps update=0.0012s pub=0.0006s delay=0.3160s (local map=99, WM=99)
[INFO] [1771071529.134129840] [rtabmap]: rtabmap (312): Rate=1.00s, Limit=0.000s, Conversion=0.0003s, RTAB-Map=0.1512s, Maps update=0.0026s pub=0.0008s delay=0.3207s (local map=100, WM=100)
[INFO] [1771071530.235876666] [rtabmap]: rtabmap (313): Rate=1.00s, Limit=0.000s, Conversion=0.0107s, RTAB-Map=0.1438s, Maps update=0.0028s pub=0.0011s delay=0.3226s (local map=101, WM=101)
[INFO] [1771071531.226658343] [rtabmap]: rtabmap (314): Rate=1.00s, Limit=0.000s, Conversion=0.0005s, RTAB-Map=0.1479s, Maps update=0.0006s pub=0.0013s delay=0.3133s (local map=101, WM=101)
[INFO] [1771071532.333326669] [rtabmap]: rtabmap (315): Rate=1.00s, Limit=0.000s, Conversion=0.0005s, RTAB-Map=0.1369s, Maps update=0.0032s pub=0.0007s delay=0.3202s (local map=102, WM=102)
[INFO] [1771071533.331468611] [rtabmap]: rtabmap (316): Rate=1.00s, Limit=0.000s, Conversion=0.0004s, RTAB-Map=0.1410s, Maps update=0.0009s pub=0.0008s delay=0.3183s (local map=102, WM=102)
[INFO] [1771071534.361627856] [rtabmap]: rtabmap (317): Rate=1.00s, Limit=0.000s, Conversion=0.0003s, RTAB-Map=0.1593s, Maps update=0.0048s pub=0.0007s delay=0.3484s (local map=103, WM=103)
[INFO] [1771071535.337325119] [rtabmap]: rtabmap (318): Rate=1.00s, Limit=0.000s, Conversion=0.0003s, RTAB-Map=0.1484s, Maps update=0.0007s pub=0.0015s delay=0.3241s (local map=103, WM=103)
[INFO] [1771071536.442057768] [rtabmap]: rtabmap (319): Rate=1.00s, Limit=0.000s, Conversion=0.0003s, RTAB-Map=0.1498s, Maps update=0.0035s pub=0.0008s delay=0.3288s (local map=104, WM=104)
[INFO] [1771071537.541599341] [rtabmap]: rtabmap (320): Rate=1.00s, Limit=0.000s, Conversion=0.0106s, RTAB-Map=0.1501s, Maps update=0.0007s pub=0.0007s delay=0.3294s (local map=104, WM=104)
[INFO] [1771071538.565943809] [rtabmap]: rtabmap (321): Rate=1.00s, Limit=0.000s, Conversion=0.0105s, RTAB-Map=0.1667s, Maps update=0.0026s pub=0.0009s delay=0.3529s (local map=105, WM=105)
[INFO] [1771071539.546117694] [rtabmap]: rtabmap (322): Rate=1.00s, Limit=0.000s, Conversion=0.0008s, RTAB-Map=0.1480s, Maps update=0.0031s pub=0.0007s delay=0.3330s (local map=106, WM=106)
[INFO] [1771071540.684609365] [rtabmap]: rtabmap (323): Rate=1.00s, Limit=0.000s, Conversion=0.0105s, RTAB-Map=0.1761s, Maps update=0.0008s pub=0.0006s delay=0.3715s (local map=106, WM=106)
[INFO] [1771071541.660357638] [rtabmap]: rtabmap (324): Rate=1.00s, Limit=0.000s, Conversion=0.0003s, RTAB-Map=0.1702s, Maps update=0.0027s pub=0.0007s delay=0.3472s (local map=107, WM=107)
[INFO] [1771071542.743321564] [rtabmap]: rtabmap (325): Rate=1.00s, Limit=0.000s, Conversion=0.0005s, RTAB-Map=0.1521s, Maps update=0.0007s pub=0.0007s delay=0.3300s (local map=107, WM=107)
[INFO] [1771071543.742386216] [rtabmap]: rtabmap (326): Rate=1.00s, Limit=0.000s, Conversion=0.0004s, RTAB-Map=0.1494s, Maps update=0.0027s pub=0.0008s delay=0.3291s (local map=108, WM=108)
[INFO] [1771071544.821900598] [rtabmap]: rtabmap (327): Rate=1.00s, Limit=0.000s, Conversion=0.0003s, RTAB-Map=0.1412s, Maps update=0.0007s pub=0.0007s delay=0.3097s (local map=108, WM=108)
[INFO] [1771071545.859784861] [rtabmap]: rtabmap (328): Rate=1.00s, Limit=0.000s, Conversion=0.0105s, RTAB-Map=0.1554s, Maps update=0.0027s pub=0.0007s delay=0.3467s (local map=109, WM=109)
[INFO] [1771071546.858353164] [rtabmap]: rtabmap (329): Rate=1.00s, Limit=0.000s, Conversion=0.0005s, RTAB-Map=0.1617s, Maps update=0.0007s pub=0.0007s delay=0.3450s (local map=109, WM=109)
[INFO] [1771071547.923963532] [rtabmap]: rtabmap (330): Rate=1.00s, Limit=0.000s, Conversion=0.0006s, RTAB-Map=0.1324s, Maps update=0.0026s pub=0.0007s delay=0.3108s (local map=110, WM=110)
[INFO] [1771071549.049067906] [rtabmap]: rtabmap (331): Rate=1.00s, Limit=0.000s, Conversion=0.0005s, RTAB-Map=0.1594s, Maps update=0.0013s pub=0.0007s delay=0.3366s (local map=111, WM=111)
[INFO] [1771071550.068235293] [rtabmap]: rtabmap (332): Rate=1.00s, Limit=0.000s, Conversion=0.0005s, RTAB-Map=0.1716s, Maps update=0.0008s pub=0.0007s delay=0.3550s (local map=111, WM=111)
[INFO] [1771071551.032805892] [rtabmap]: rtabmap (333): Rate=1.00s, Limit=0.000s, Conversion=0.0004s, RTAB-Map=0.1386s, Maps update=0.0032s pub=0.0008s delay=0.3194s (local map=112, WM=112)
[INFO] [1771071552.162070692] [rtabmap]: rtabmap (334): Rate=1.00s, Limit=0.000s, Conversion=0.0109s, RTAB-Map=0.1633s, Maps update=0.0007s pub=0.0007s delay=0.3488s (local map=112, WM=112)
[INFO] [1771071553.133584689] [rtabmap]: rtabmap (335): Rate=1.00s, Limit=0.000s, Conversion=0.0004s, RTAB-Map=0.1497s, Maps update=0.0028s pub=0.0007s delay=0.3203s (local map=113, WM=113)
[INFO] [1771071554.266734610] [rtabmap]: rtabmap (336): Rate=1.00s, Limit=0.000s, Conversion=0.0003s, RTAB-Map=0.1689s, Maps update=0.0035s pub=0.0008s delay=0.3536s (local map=114, WM=114)
[INFO] [1771071555.237585577] [rtabmap]: rtabmap (337): Rate=1.00s, Limit=0.000s, Conversion=0.0105s, RTAB-Map=0.1392s, Maps update=0.0007s pub=0.0007s delay=0.3242s (local map=114, WM=114)
[INFO] [1771071556.241713937] [rtabmap]: rtabmap (338): Rate=1.00s, Limit=0.000s, Conversion=0.0003s, RTAB-Map=0.1508s, Maps update=0.0030s pub=0.0009s delay=0.3283s (local map=115, WM=115)
[INFO] [1771071557.356465743] [rtabmap]: rtabmap (339): Rate=1.00s, Limit=0.000s, Conversion=0.0004s, RTAB-Map=0.1590s, Maps update=0.0048s pub=0.0008s delay=0.3431s (local map=116, WM=116)
[INFO] [1771071558.461872696] [rtabmap]: rtabmap (340): Rate=1.00s, Limit=0.000s, Conversion=0.0107s, RTAB-Map=0.1639s, Maps update=0.0016s pub=0.0008s delay=0.3486s (local map=117, WM=117)
[INFO] [1771071559.470400369] [rtabmap]: rtabmap (341): Rate=1.00s, Limit=0.000s, Conversion=0.0107s, RTAB-Map=0.1617s, Maps update=0.0007s pub=0.0007s delay=0.3570s (local map=117, WM=117)
[INFO] [1771071560.565351903] [rtabmap]: rtabmap (342): Rate=1.00s, Limit=0.000s, Conversion=0.0106s, RTAB-Map=0.1669s, Maps update=0.0009s pub=0.0007s delay=0.3529s (local map=117, WM=117)
[INFO] [1771071561.566289916] [rtabmap]: rtabmap (343): Rate=1.00s, Limit=0.000s, Conversion=0.0111s, RTAB-Map=0.1607s, Maps update=0.0007s pub=0.0007s delay=0.3531s (local map=117, WM=117)
[INFO] [1771071562.550883260] [rtabmap]: rtabmap (344): Rate=1.00s, Limit=0.000s, Conversion=0.0108s, RTAB-Map=0.1436s, Maps update=0.0007s pub=0.0007s delay=0.3376s (local map=117, WM=117)
[INFO] [1771071563.523098816] [rtabmap]: rtabmap (345): Rate=1.00s, Limit=0.000s, Conversion=0.0005s, RTAB-Map=0.1380s, Maps update=0.0008s pub=0.0007s delay=0.3096s (local map=117, WM=117)
[INFO] [1771071564.642309171] [rtabmap]: rtabmap (346): Rate=1.00s, Limit=0.000s, Conversion=0.0003s, RTAB-Map=0.1485s, Maps update=0.0008s pub=0.0007s delay=0.3300s (local map=117, WM=117)
[INFO] [1771071565.727750437] [rtabmap]: rtabmap (347): Rate=1.00s, Limit=0.000s, Conversion=0.0009s, RTAB-Map=0.1414s, Maps update=0.0008s pub=0.1000s delay=0.4144s (local map=117, WM=117)
[INFO] [1771071566.647892553] [rtabmap]: rtabmap (348): Rate=1.00s, Limit=0.000s, Conversion=0.0005s, RTAB-Map=0.1454s, Maps update=0.0009s pub=0.0075s delay=0.3345s (local map=117, WM=117)
[INFO] [1771071567.734829005] [rtabmap]: rtabmap (349): Rate=1.00s, Limit=0.000s, Conversion=0.0004s, RTAB-Map=0.1426s, Maps update=0.0008s pub=0.0060s delay=0.3215s (local map=117, WM=117)
[INFO] [1771071568.860675835] [rtabmap]: rtabmap (350): Rate=1.00s, Limit=0.000s, Conversion=0.0105s, RTAB-Map=0.1495s, Maps update=0.0008s pub=0.0088s delay=0.3481s (local map=117, WM=117)
[INFO] [1771071569.829608339] [rtabmap]: rtabmap (351): Rate=1.00s, Limit=0.000s, Conversion=0.0005s, RTAB-Map=0.1370s, Maps update=0.0008s pub=0.0051s delay=0.3164s (local map=117, WM=117)
[INFO] [1771071570.861116231] [rtabmap]: rtabmap (352): Rate=1.00s, Limit=0.000s, Conversion=0.0105s, RTAB-Map=0.1527s, Maps update=0.0008s pub=0.0071s delay=0.3478s (local map=117, WM=117)
[INFO] [1771071571.831931453] [rtabmap]: rtabmap (353): Rate=1.00s, Limit=0.000s, Conversion=0.0003s, RTAB-Map=0.1401s, Maps update=0.0008s pub=0.0062s delay=0.3186s (local map=117, WM=117)
[INFO] [1771071572.831382154] [rtabmap]: rtabmap (354): Rate=1.00s, Limit=0.000s, Conversion=0.0005s, RTAB-Map=0.1388s, Maps update=0.0008s pub=0.0087s delay=0.3180s (local map=117, WM=117)
[INFO] [1771071573.958169176] [rtabmap]: rtabmap (355): Rate=1.00s, Limit=0.000s, Conversion=0.0105s, RTAB-Map=0.1533s, Maps update=0.0009s pub=0.0087s delay=0.3457s (local map=117, WM=117)
[INFO] [1771071574.935573832] [rtabmap]: rtabmap (356): Rate=1.00s, Limit=0.000s, Conversion=0.0005s, RTAB-Map=0.1447s, Maps update=0.0008s pub=0.0096s delay=0.3223s (local map=117, WM=117)
[INFO] [1771071575.943205284] [rtabmap]: rtabmap (357): Rate=1.00s, Limit=0.000s, Conversion=0.0007s, RTAB-Map=0.1495s, Maps update=0.0009s pub=0.0056s delay=0.3299s (local map=117, WM=117)
[INFO] [1771071576.935105270] [rtabmap]: rtabmap (358): Rate=1.00s, Limit=0.000s, Conversion=0.0005s, RTAB-Map=0.1419s, Maps update=0.0008s pub=0.0056s delay=0.3216s (local map=117, WM=117)
[INFO] [1771071578.054064640] [rtabmap]: rtabmap (359): Rate=1.00s, Limit=0.000s, Conversion=0.0004s, RTAB-Map=0.1536s, Maps update=0.0008s pub=0.0055s delay=0.3406s (local map=117, WM=117)
[INFO] [1771071579.168678554] [rtabmap]: rtabmap (360): Rate=1.00s, Limit=0.000s, Conversion=0.0107s, RTAB-Map=0.1617s, Maps update=0.0008s pub=0.0052s delay=0.3565s (local map=117, WM=117)
[INFO] [1771071580.153603268] [rtabmap]: rtabmap (361): Rate=1.00s, Limit=0.000s, Conversion=0.0003s, RTAB-Map=0.1516s, Maps update=0.0008s pub=0.0079s delay=0.3402s (local map=117, WM=117)
[INFO] [1771071581.158250941] [rtabmap]: rtabmap (362): Rate=1.00s, Limit=0.000s, Conversion=0.0106s, RTAB-Map=0.1549s, Maps update=0.0008s pub=0.0053s delay=0.3448s (local map=117, WM=117)
[INFO] [1771071582.244149694] [rtabmap]: rtabmap (363): Rate=1.00s, Limit=0.000s, Conversion=0.0004s, RTAB-Map=0.1460s, Maps update=0.0008s pub=0.0082s delay=0.3307s (local map=117, WM=117)
[INFO] [1771071583.364943781] [rtabmap]: rtabmap (364): Rate=1.00s, Limit=0.000s, Conversion=0.0005s, RTAB-Map=0.1527s, Maps update=0.0030s pub=0.0160s delay=0.3524s (local map=118, WM=118)
[INFO] [1771071584.453298680] [rtabmap]: rtabmap (365): Rate=1.00s, Limit=0.000s, Conversion=0.0004s, RTAB-Map=0.1448s, Maps update=0.0031s pub=0.0166s delay=0.3410s (local map=119, WM=119)
[INFO] [1771071585.489340770] [rtabmap]: rtabmap (366): Rate=1.00s, Limit=0.000s, Conversion=0.0105s, RTAB-Map=0.1704s, Maps update=0.0030s pub=0.0163s delay=0.3770s (local map=120, WM=120)
[INFO] [1771071586.468486157] [rtabmap]: rtabmap (367): Rate=1.00s, Limit=0.000s, Conversion=0.0107s, RTAB-Map=0.1484s, Maps update=0.0041s pub=0.0158s delay=0.3559s (local map=121, WM=121)
[INFO] [1771071587.469954492] [rtabmap]: rtabmap (368): Rate=1.00s, Limit=0.000s, Conversion=0.0004s, RTAB-Map=0.1551s, Maps update=0.0032s pub=0.0155s delay=0.3566s (local map=122, WM=122)
[INFO] [1771071588.550318789] [rtabmap]: rtabmap (369): Rate=1.00s, Limit=0.000s, Conversion=0.0005s, RTAB-Map=0.1437s, Maps update=0.0019s pub=0.0185s delay=0.3369s (local map=123, WM=123)
[INFO] [1771071589.688959613] [rtabmap]: rtabmap (370): Rate=1.00s, Limit=0.000s, Conversion=0.0107s, RTAB-Map=0.1658s, Maps update=0.0029s pub=0.0134s delay=0.3768s (local map=124, WM=124)
[INFO] [1771071590.653917584] [rtabmap]: rtabmap (371): Rate=1.00s, Limit=0.000s, Conversion=0.0107s, RTAB-Map=0.1347s, Maps update=0.0036s pub=0.0168s delay=0.3404s (local map=125, WM=125)
[INFO] [1771071591.764874577] [rtabmap]: rtabmap (372): Rate=1.00s, Limit=0.000s, Conversion=0.0107s, RTAB-Map=0.1403s, Maps update=0.0035s pub=0.0168s delay=0.3525s (local map=126, WM=126)
[INFO] [1771071592.738827055] [rtabmap]: rtabmap (373): Rate=1.00s, Limit=0.000s, Conversion=0.0004s, RTAB-Map=0.1328s, Maps update=0.0030s pub=0.0167s delay=0.3254s (local map=127, WM=127)
[INFO] [1771071593.735315641] [rtabmap]: rtabmap (374): Rate=1.00s, Limit=0.000s, Conversion=0.0003s, RTAB-Map=0.1294s, Maps update=0.0032s pub=0.0186s delay=0.3218s (local map=128, WM=128)
[INFO] [1771071594.837091881] [rtabmap]: rtabmap (375): Rate=1.00s, Limit=0.000s, Conversion=0.0105s, RTAB-Map=0.1369s, Maps update=0.0009s pub=0.0098s delay=0.3236s (local map=128, WM=128)
[INFO] [1771071595.928374077] [rtabmap]: rtabmap (376): Rate=1.00s, Limit=0.000s, Conversion=0.0005s, RTAB-Map=0.1326s, Maps update=0.0009s pub=0.0157s delay=0.3159s (local map=128, WM=128)
[INFO] [1771071596.926571104] [rtabmap]: rtabmap (377): Rate=1.00s, Limit=0.000s, Conversion=0.0004s, RTAB-Map=0.1391s, Maps update=0.0012s pub=0.0082s delay=0.3139s (local map=128, WM=128)
[INFO] [1771071597.959739339] [rtabmap]: rtabmap (378): Rate=1.00s, Limit=0.000s, Conversion=0.0005s, RTAB-Map=0.1459s, Maps update=0.0040s pub=0.0224s delay=0.3463s (local map=129, WM=129)
[INFO] [1771071599.038530656] [rtabmap]: rtabmap (379): Rate=1.00s, Limit=0.000s, Conversion=0.0003s, RTAB-Map=0.1355s, Maps update=0.0035s pub=0.0161s delay=0.3251s (local map=130, WM=130)
[INFO] [1771071600.150873422] [rtabmap]: rtabmap (380): Rate=1.00s, Limit=0.000s, Conversion=0.0003s, RTAB-Map=0.1363s, Maps update=0.0036s pub=0.0194s delay=0.3373s (local map=131, WM=131)
[INFO] [1771071601.155812753] [rtabmap]: rtabmap (381): Rate=1.00s, Limit=0.000s, Conversion=0.0005s, RTAB-Map=0.1440s, Maps update=0.0035s pub=0.0191s delay=0.3422s (local map=132, WM=132)
[INFO] [1771071602.264439492] [rtabmap]: rtabmap (382): Rate=1.00s, Limit=0.000s, Conversion=0.0005s, RTAB-Map=0.1418s, Maps update=0.0042s pub=0.0243s delay=0.3522s (local map=133, WM=133)
[INFO] [1771071603.258893899] [rtabmap]: rtabmap (383): Rate=1.00s, Limit=0.000s, Conversion=0.0003s, RTAB-Map=0.1483s, Maps update=0.0050s pub=0.0182s delay=0.3465s (local map=134, WM=134)
[INFO] [1771071604.274103106] [rtabmap]: rtabmap (384): Rate=1.00s, Limit=0.000s, Conversion=0.0107s, RTAB-Map=0.1534s, Maps update=0.0016s pub=0.0205s delay=0.3606s (local map=135, WM=135)
[INFO] [1771071605.270663054] [rtabmap]: rtabmap (385): Rate=1.00s, Limit=0.000s, Conversion=0.0004s, RTAB-Map=0.1584s, Maps update=0.0041s pub=0.0189s delay=0.3571s (local map=136, WM=136)
[INFO] [1771071606.348343359] [rtabmap]: rtabmap (386): Rate=1.00s, Limit=0.000s, Conversion=0.0003s, RTAB-Map=0.1402s, Maps update=0.0034s pub=0.0220s delay=0.3358s (local map=137, WM=137)
[INFO] [1771071607.356090494] [rtabmap]: rtabmap (387): Rate=1.00s, Limit=0.000s, Conversion=0.0003s, RTAB-Map=0.1393s, Maps update=0.0030s pub=0.0227s delay=0.3434s (local map=138, WM=138)
[INFO] [1771071608.375838883] [rtabmap]: rtabmap (388): Rate=1.00s, Limit=0.000s, Conversion=0.0107s, RTAB-Map=0.1532s, Maps update=0.0032s pub=0.0176s delay=0.3632s (local map=139, WM=139)
[INFO] [1771071609.473374649] [rtabmap]: rtabmap (389): Rate=1.00s, Limit=0.000s, Conversion=0.0004s, RTAB-Map=0.1580s, Maps update=0.0038s pub=0.0215s delay=0.3609s (local map=140, WM=140)
[INFO] [1771071610.548926615] [rtabmap]: rtabmap (390): Rate=1.00s, Limit=0.000s, Conversion=0.0003s, RTAB-Map=0.1370s, Maps update=0.0035s pub=0.0247s delay=0.3367s (local map=141, WM=141)
[INFO] [1771071611.559556050] [rtabmap]: rtabmap (391): Rate=1.00s, Limit=0.000s, Conversion=0.0010s, RTAB-Map=0.1431s, Maps update=0.0035s pub=0.0239s delay=0.3470s (local map=142, WM=142)
[INFO] [1771071612.653563475] [rtabmap]: rtabmap (392): Rate=1.00s, Limit=0.000s, Conversion=0.0107s, RTAB-Map=0.1330s, Maps update=0.0030s pub=0.0206s delay=0.3414s (local map=143, WM=143)
[INFO] [1771071613.650109628] [rtabmap]: rtabmap (393): Rate=1.00s, Limit=0.000s, Conversion=0.0005s, RTAB-Map=0.1309s, Maps update=0.0032s pub=0.0213s delay=0.3376s (local map=144, WM=144)
[INFO] [1771071614.654397829] [rtabmap]: rtabmap (394): Rate=1.00s, Limit=0.000s, Conversion=0.0003s, RTAB-Map=0.1304s, Maps update=0.0028s pub=0.0243s delay=0.3418s (local map=145, WM=145)
[INFO] [1771071615.647882664] [rtabmap]: rtabmap (395): Rate=1.00s, Limit=0.000s, Conversion=0.0004s, RTAB-Map=0.1354s, Maps update=0.0034s pub=0.0213s delay=0.3351s (local map=146, WM=146)
[INFO] [1771071616.790276938] [rtabmap]: rtabmap (396): Rate=1.00s, Limit=0.000s, Conversion=0.0006s, RTAB-Map=0.1592s, Maps update=0.0044s pub=0.0225s delay=0.3781s (local map=147, WM=147)
[INFO] [1771071617.801504057] [rtabmap]: rtabmap (397): Rate=1.00s, Limit=0.000s, Conversion=0.0105s, RTAB-Map=0.1729s, Maps update=0.0024s pub=0.0191s delay=0.3893s (local map=148, WM=148)
[INFO] [1771071618.772555766] [rtabmap]: rtabmap (398): Rate=1.00s, Limit=0.000s, Conversion=0.0004s, RTAB-Map=0.1503s, Maps update=0.0014s pub=0.0213s delay=0.3601s (local map=149, WM=149)
[INFO] [1771071619.888018141] [rtabmap]: rtabmap (399): Rate=1.00s, Limit=0.000s, Conversion=0.0106s, RTAB-Map=0.1500s, Maps update=0.0014s pub=0.0207s delay=0.3755s (local map=150, WM=150)
[INFO] [1771071620.958658489] [rtabmap]: rtabmap (400): Rate=1.00s, Limit=0.000s, Conversion=0.0005s, RTAB-Map=0.1353s, Maps update=0.0031s pub=0.0241s delay=0.3464s (local map=151, WM=151)
[INFO] [1771071622.009061304] [rtabmap]: rtabmap (401): Rate=1.00s, Limit=0.000s, Conversion=0.0005s, RTAB-Map=0.1625s, Maps update=0.0028s pub=0.0185s delay=0.3962s (local map=152, WM=152)
[INFO] [1771071623.073185820] [rtabmap]: rtabmap (402): Rate=1.00s, Limit=0.000s, Conversion=0.0005s, RTAB-Map=0.1462s, Maps update=0.0014s pub=0.0215s delay=0.3605s (local map=153, WM=153)
[INFO] [1771071624.094727328] [rtabmap]: rtabmap (403): Rate=1.00s, Limit=0.000s, Conversion=0.0005s, RTAB-Map=0.1622s, Maps update=0.0036s pub=0.0256s delay=0.3820s (local map=154, WM=154)
[INFO] [1771071625.172224479] [rtabmap]: rtabmap (404): Rate=1.00s, Limit=0.000s, Conversion=0.0004s, RTAB-Map=0.1470s, Maps update=0.0026s pub=0.0216s delay=0.3597s (local map=155, WM=155)
[INFO] [1771071626.184987136] [rtabmap]: rtabmap (405): Rate=1.00s, Limit=0.000s, Conversion=0.0003s, RTAB-Map=0.1533s, Maps update=0.0028s pub=0.0244s delay=0.3723s (local map=156, WM=156)
[INFO] [1771071627.280409776] [rtabmap]: rtabmap (406): Rate=1.00s, Limit=0.000s, Conversion=0.0106s, RTAB-Map=0.1450s, Maps update=0.0015s pub=0.0234s delay=0.3684s (local map=157, WM=157)
[INFO] [1771071628.287162442] [rtabmap]: rtabmap (407): Rate=1.00s, Limit=0.000s, Conversion=0.0105s, RTAB-Map=0.1522s, Maps update=0.0043s pub=0.0256s delay=0.3746s (local map=158, WM=158)
[INFO] [1771071629.386955339] [rtabmap]: rtabmap (408): Rate=1.00s, Limit=0.000s, Conversion=0.0005s, RTAB-Map=0.1596s, Maps update=0.0034s pub=0.0231s delay=0.3743s (local map=159, WM=159)
[INFO] [1771071630.375404808] [rtabmap]: rtabmap (409): Rate=1.00s, Limit=0.000s, Conversion=0.0003s, RTAB-Map=0.1484s, Maps update=0.0031s pub=0.0246s delay=0.3627s (local map=160, WM=160)
[INFO] [1771071631.464968278] [rtabmap]: rtabmap (410): Rate=1.00s, Limit=0.000s, Conversion=0.0003s, RTAB-Map=0.1403s, Maps update=0.0032s pub=0.0267s delay=0.3526s (local map=161, WM=161)
[INFO] [1771071632.459158129] [rtabmap]: rtabmap (411): Rate=1.00s, Limit=0.000s, Conversion=0.0003s, RTAB-Map=0.1311s, Maps update=0.0035s pub=0.0276s delay=0.3468s (local map=162, WM=162)
[INFO] [1771071633.583595296] [rtabmap]: rtabmap (412): Rate=1.00s, Limit=0.000s, Conversion=0.0005s, RTAB-Map=0.1536s, Maps update=0.0037s pub=0.0300s delay=0.3714s (local map=163, WM=163)
[INFO] [1771071634.668810367] [rtabmap]: rtabmap (413): Rate=1.00s, Limit=0.000s, Conversion=0.0106s, RTAB-Map=0.1346s, Maps update=0.0030s pub=0.0282s delay=0.3565s (local map=164, WM=164)
[INFO] [1771071635.761899649] [rtabmap]: rtabmap (414): Rate=1.00s, Limit=0.000s, Conversion=0.0106s, RTAB-Map=0.1351s, Maps update=0.0017s pub=0.0228s delay=0.3495s (local map=165, WM=165)
[INFO] [1771071636.859192559] [rtabmap]: rtabmap (415): Rate=1.00s, Limit=0.000s, Conversion=0.0003s, RTAB-Map=0.1362s, Maps update=0.0030s pub=0.0280s delay=0.3471s (local map=166, WM=166)
[INFO] [1771071637.873501732] [rtabmap]: rtabmap (416): Rate=1.00s, Limit=0.000s, Conversion=0.0006s, RTAB-Map=0.1399s, Maps update=0.0028s pub=0.0244s delay=0.3608s (local map=167, WM=167)
[INFO] [1771071638.980259722] [rtabmap]: rtabmap (417): Rate=1.00s, Limit=0.000s, Conversion=0.0006s, RTAB-Map=0.1481s, Maps update=0.0017s pub=0.0269s delay=0.3681s (local map=168, WM=168)
[INFO] [1771071640.080448856] [rtabmap]: rtabmap (418): Rate=1.00s, Limit=0.000s, Conversion=0.0003s, RTAB-Map=0.1439s, Maps update=0.0032s pub=0.0282s delay=0.3683s (local map=169, WM=169)
[INFO] [1771071641.160996252] [rtabmap]: rtabmap (419): Rate=1.00s, Limit=0.000s, Conversion=0.0003s, RTAB-Map=0.1275s, Maps update=0.0027s pub=0.0296s delay=0.3488s (local map=170, WM=170)
[INFO] [1771071642.178202000] [rtabmap]: rtabmap (420): Rate=1.00s, Limit=0.000s, Conversion=0.0005s, RTAB-Map=0.1401s, Maps update=0.0039s pub=0.0255s delay=0.3660s (local map=171, WM=171)
[INFO] [1771071643.254943670] [rtabmap]: rtabmap (421): Rate=1.00s, Limit=0.000s, Conversion=0.0006s, RTAB-Map=0.1232s, Maps update=0.0031s pub=0.0282s delay=0.3428s (local map=172, WM=172)
[INFO] [1771071644.278551262] [rtabmap]: rtabmap (422): Rate=1.00s, Limit=0.000s, Conversion=0.0004s, RTAB-Map=0.1466s, Maps update=0.0033s pub=0.0296s delay=0.3663s (local map=173, WM=173)
[INFO] [1771071645.370531068] [rtabmap]: rtabmap (423): Rate=1.00s, Limit=0.000s, Conversion=0.0004s, RTAB-Map=0.1375s, Maps update=0.0031s pub=0.0259s delay=0.3576s (local map=174, WM=174)
[INFO] [1771071646.480063711] [rtabmap]: rtabmap (424): Rate=1.00s, Limit=0.000s, Conversion=0.0106s, RTAB-Map=0.1503s, Maps update=0.0017s pub=0.0265s delay=0.3677s (local map=175, WM=175)
[INFO] [1771071647.547767034] [rtabmap]: rtabmap (425): Rate=1.00s, Limit=0.000s, Conversion=0.0004s, RTAB-Map=0.1225s, Maps update=0.0036s pub=0.0275s delay=0.3357s (local map=176, WM=176)
[INFO] [1771071648.546566349] [rtabmap]: rtabmap (426): Rate=1.00s, Limit=0.000s, Conversion=0.0005s, RTAB-Map=0.1192s, Maps update=0.0029s pub=0.0290s delay=0.3344s (local map=177, WM=177)
[INFO] [1771071649.550629134] [rtabmap]: rtabmap (427): Rate=1.00s, Limit=0.000s, Conversion=0.0004s, RTAB-Map=0.1268s, Maps update=0.0027s pub=0.0243s delay=0.3384s (local map=178, WM=178)
[INFO] [1771071650.664856748] [rtabmap]: rtabmap (428): Rate=1.00s, Limit=0.000s, Conversion=0.0006s, RTAB-Map=0.1390s, Maps update=0.0042s pub=0.0297s delay=0.3527s (local map=179, WM=179)
[INFO] [1771071651.674671276] [rtabmap]: rtabmap (429): Rate=1.00s, Limit=0.000s, Conversion=0.0108s, RTAB-Map=0.1412s, Maps update=0.0031s pub=0.0277s delay=0.3623s (local map=180, WM=180)
[INFO] [1771071652.810114664] [rtabmap]: rtabmap (430): Rate=1.00s, Limit=0.000s, Conversion=0.0105s, RTAB-Map=0.1738s, Maps update=0.0031s pub=0.0274s delay=0.3980s (local map=181, WM=181)
[INFO] [1771071653.772882355] [rtabmap]: rtabmap (431): Rate=1.00s, Limit=0.000s, Conversion=0.0005s, RTAB-Map=0.1455s, Maps update=0.0036s pub=0.0245s delay=0.3605s (local map=182, WM=182)
[INFO] [1771071654.839998011] [rtabmap]: rtabmap (432): Rate=1.00s, Limit=0.000s, Conversion=0.0015s, RTAB-Map=0.1164s, Maps update=0.0031s pub=0.0250s delay=0.3278s (local map=183, WM=183)
[INFO] [1771071655.830423865] [rtabmap]: rtabmap (433): Rate=1.00s, Limit=0.000s, Conversion=0.0003s, RTAB-Map=0.1143s, Maps update=0.0028s pub=0.0274s delay=0.3182s (local map=184, WM=184)
[INFO] [1771071656.952727874] [rtabmap]: rtabmap (434): Rate=1.00s, Limit=0.000s, Conversion=0.0111s, RTAB-Map=0.1175s, Maps update=0.0032s pub=0.0305s delay=0.3406s (local map=185, WM=185)
[INFO] [1771071657.927724706] [rtabmap]: rtabmap (435): Rate=1.00s, Limit=0.000s, Conversion=0.0003s, RTAB-Map=0.1097s, Maps update=0.0028s pub=0.0273s delay=0.3149s (local map=186, WM=186)
[INFO] [1771071659.031568233] [rtabmap]: rtabmap (436): Rate=1.00s, Limit=0.000s, Conversion=0.0008s, RTAB-Map=0.1126s, Maps update=0.0029s pub=0.0265s delay=0.3194s (local map=187, WM=187)
[INFO] [1771071660.027841865] [rtabmap]: rtabmap (437): Rate=1.00s, Limit=0.000s, Conversion=0.0005s, RTAB-Map=0.1127s, Maps update=0.0024s pub=0.0311s delay=0.3154s (local map=188, WM=188)
[INFO] [1771071661.130660909] [rtabmap]: rtabmap (438): Rate=1.00s, Limit=0.000s, Conversion=0.0005s, RTAB-Map=0.1075s, Maps update=0.0030s pub=0.0315s delay=0.3186s (local map=189, WM=189)
[INFO] [1771071662.140571792] [rtabmap]: rtabmap (439): Rate=1.00s, Limit=0.000s, Conversion=0.0005s, RTAB-Map=0.1159s, Maps update=0.0027s pub=0.0333s delay=0.3283s (local map=190, WM=190)
[INFO] [1771071663.137974293] [rtabmap]: rtabmap (440): Rate=1.00s, Limit=0.000s, Conversion=0.0008s, RTAB-Map=0.1174s, Maps update=0.0025s pub=0.0322s delay=0.3256s (local map=191, WM=191)
[INFO] [1771071664.134672867] [rtabmap]: rtabmap (441): Rate=1.00s, Limit=0.000s, Conversion=0.0003s, RTAB-Map=0.1137s, Maps update=0.0021s pub=0.0280s delay=0.3217s (local map=192, WM=192)
[INFO] [1771071665.236380227] [rtabmap]: rtabmap (442): Rate=1.00s, Limit=0.000s, Conversion=0.0005s, RTAB-Map=0.1158s, Maps update=0.0026s pub=0.0295s delay=0.3242s (local map=193, WM=193)
[INFO] [1771071666.248970430] [rtabmap]: rtabmap (443): Rate=1.00s, Limit=0.000s, Conversion=0.0003s, RTAB-Map=0.1148s, Maps update=0.0034s pub=0.0333s delay=0.3367s (local map=194, WM=194)
[INFO] [1771071667.342119011] [rtabmap]: rtabmap (444): Rate=1.00s, Limit=0.000s, Conversion=0.0004s, RTAB-Map=0.1172s, Maps update=0.0027s pub=0.0286s delay=0.3290s (local map=195, WM=195)
[INFO] [1771071668.448986606] [rtabmap]: rtabmap (445): Rate=1.00s, Limit=0.000s, Conversion=0.0004s, RTAB-Map=0.1189s, Maps update=0.0032s pub=0.0285s delay=0.3369s (local map=196, WM=196)
[INFO] [1771071669.466018556] [rtabmap]: rtabmap (446): Rate=1.00s, Limit=0.000s, Conversion=0.0005s, RTAB-Map=0.1319s, Maps update=0.0053s pub=0.0294s delay=0.3538s (local map=197, WM=197)
[INFO] [1771071670.466398276] [rtabmap]: rtabmap (447): Rate=1.00s, Limit=0.000s, Conversion=0.0106s, RTAB-Map=0.1293s, Maps update=0.0031s pub=0.0293s delay=0.3540s (local map=198, WM=198)
[INFO] [1771071671.558578248] [rtabmap]: rtabmap (448): Rate=1.00s, Limit=0.000s, Conversion=0.0106s, RTAB-Map=0.1232s, Maps update=0.0028s pub=0.0291s delay=0.3462s (local map=199, WM=199)
[INFO] [1771071672.666590425] [rtabmap]: rtabmap (449): Rate=1.00s, Limit=0.000s, Conversion=0.0111s, RTAB-Map=0.1297s, Maps update=0.0031s pub=0.0273s delay=0.3543s (local map=200, WM=200)
[INFO] [1771071673.753281960] [rtabmap]: rtabmap (450): Rate=1.00s, Limit=0.000s, Conversion=0.0004s, RTAB-Map=0.1226s, Maps update=0.0019s pub=0.0284s delay=0.3411s (local map=201, WM=201)
[INFO] [1771071674.768880135] [rtabmap]: rtabmap (451): Rate=1.00s, Limit=0.000s, Conversion=0.0105s, RTAB-Map=0.1342s, Maps update=0.0028s pub=0.0268s delay=0.3566s (local map=202, WM=202)
[INFO] [1771071675.887829505] [rtabmap]: rtabmap (452): Rate=1.00s, Limit=0.000s, Conversion=0.0106s, RTAB-Map=0.1436s, Maps update=0.0035s pub=0.0301s delay=0.3757s (local map=203, WM=203)
[INFO] [1771071676.883262181] [rtabmap]: rtabmap (453): Rate=1.00s, Limit=0.000s, Conversion=0.0106s, RTAB-Map=0.1445s, Maps update=0.0030s pub=0.0285s delay=0.3708s (local map=204, WM=204)
[INFO] [1771071677.887851768] [rtabmap]: rtabmap (454): Rate=1.00s, Limit=0.000s, Conversion=0.0004s, RTAB-Map=0.1550s, Maps update=0.0045s pub=0.0281s delay=0.3748s (local map=205, WM=205)
[INFO] [1771071679.047461299] [rtabmap]: rtabmap (455): Rate=1.00s, Limit=0.000s, Conversion=0.0004s, RTAB-Map=0.2044s, Maps update=0.0038s pub=0.0322s delay=0.4353s (local map=206, WM=206)
[INFO] [1771071680.005353277] [rtabmap]: rtabmap (456): Rate=1.00s, Limit=0.000s, Conversion=0.0004s, RTAB-Map=0.1744s, Maps update=0.0029s pub=0.0254s delay=0.3932s (local map=207, WM=207)
[INFO] [1771071681.008029649] [rtabmap]: rtabmap (457): Rate=1.00s, Limit=0.000s, Conversion=0.0004s, RTAB-Map=0.1742s, Maps update=0.0030s pub=0.0254s delay=0.3956s (local map=208, WM=208)
[INFO] [1771071682.085549905] [rtabmap]: rtabmap (458): Rate=1.00s, Limit=0.000s, Conversion=0.0003s, RTAB-Map=0.1534s, Maps update=0.0019s pub=0.0256s delay=0.3732s (local map=209, WM=209)
[INFO] [1771071683.209940191] [rtabmap]: rtabmap (459): Rate=1.00s, Limit=0.000s, Conversion=0.0004s, RTAB-Map=0.1738s, Maps update=0.0032s pub=0.0276s delay=0.3976s (local map=210, WM=210)
[INFO] [1771071684.200018162] [rtabmap]: rtabmap (460): Rate=1.00s, Limit=0.000s, Conversion=0.0003s, RTAB-Map=0.1559s, Maps update=0.0042s pub=0.0302s delay=0.3876s (local map=211, WM=211)
[INFO] [1771071685.303707571] [rtabmap]: rtabmap (461): Rate=1.00s, Limit=0.000s, Conversion=0.0004s, RTAB-Map=0.1608s, Maps update=0.0039s pub=0.0273s delay=0.3915s (local map=212, WM=212)
[INFO] [1771071686.268852429] [rtabmap]: rtabmap (462): Rate=1.00s, Limit=0.000s, Conversion=0.0004s, RTAB-Map=0.1384s, Maps update=0.0032s pub=0.0333s delay=0.3566s (local map=213, WM=213)
[INFO] [1771071687.293002919] [rtabmap]: rtabmap (463): Rate=1.00s, Limit=0.000s, Conversion=0.0003s, RTAB-Map=0.1509s, Maps update=0.0034s pub=0.0270s delay=0.3798s (local map=214, WM=214)
[INFO] [1771071688.358557467] [rtabmap]: rtabmap (464): Rate=1.00s, Limit=0.000s, Conversion=0.0004s, RTAB-Map=0.1307s, Maps update=0.0033s pub=0.0311s delay=0.3455s (local map=215, WM=215)
[INFO] [1771071689.472578162] [rtabmap]: rtabmap (465): Rate=1.00s, Limit=0.000s, Conversion=0.0004s, RTAB-Map=0.1396s, Maps update=0.0029s pub=0.0277s delay=0.3603s (local map=216, WM=216)
[INFO] [1771071690.608841385] [rtabmap]: rtabmap (466): Rate=1.00s, Limit=0.000s, Conversion=0.0016s, RTAB-Map=0.1610s, Maps update=0.0051s pub=0.0339s delay=0.3965s (local map=217, WM=217)
[INFO] [1771071691.571388013] [rtabmap]: rtabmap (467): Rate=1.00s, Limit=0.000s, Conversion=0.0003s, RTAB-Map=0.1385s, Maps update=0.0036s pub=0.0324s delay=0.3590s (local map=218, WM=218)
[INFO] [1771071692.673450521] [rtabmap]: rtabmap (468): Rate=1.00s, Limit=0.000s, Conversion=0.0005s, RTAB-Map=0.1400s, Maps update=0.0020s pub=0.0290s delay=0.3612s (local map=219, WM=219)
[INFO] [1771071693.678625023] [rtabmap]: rtabmap (469): Rate=1.00s, Limit=0.000s, Conversion=0.0105s, RTAB-Map=0.1458s, Maps update=0.0031s pub=0.0287s delay=0.3662s (local map=220, WM=220)
[INFO] [1771071694.688793546] [rtabmap]: rtabmap (470): Rate=1.00s, Limit=0.000s, Conversion=0.0004s, RTAB-Map=0.1485s, Maps update=0.0034s pub=0.0312s delay=0.3763s (local map=221, WM=221)
[INFO] [1771071695.776868903] [rtabmap]: rtabmap (471): Rate=1.00s, Limit=0.000s, Conversion=0.0005s, RTAB-Map=0.1481s, Maps update=0.0037s pub=0.0342s delay=0.3646s (local map=222, WM=222)
[INFO] [1771071696.776945861] [rtabmap]: rtabmap (472): Rate=1.00s, Limit=0.000s, Conversion=0.0004s, RTAB-Map=0.1418s, Maps update=0.0045s pub=0.0299s delay=0.3647s (local map=223, WM=223)
[INFO] [1771071697.784583324] [rtabmap]: rtabmap (473): Rate=1.00s, Limit=0.000s, Conversion=0.0005s, RTAB-Map=0.1525s, Maps update=0.0039s pub=0.0313s delay=0.3722s (local map=224, WM=224)
[INFO] [1771071698.886186233] [rtabmap]: rtabmap (474): Rate=1.00s, Limit=0.000s, Conversion=0.0003s, RTAB-Map=0.1525s, Maps update=0.0047s pub=0.0281s delay=0.3739s (local map=225, WM=225)
[INFO] [1771071699.883949450] [rtabmap]: rtabmap (475): Rate=1.00s, Limit=0.000s, Conversion=0.0003s, RTAB-Map=0.1425s, Maps update=0.0036s pub=0.0320s delay=0.3716s (local map=226, WM=226)
[INFO] [1771071700.998418736] [rtabmap]: rtabmap (476): Rate=1.00s, Limit=0.000s, Conversion=0.0004s, RTAB-Map=0.1602s, Maps update=0.0044s pub=0.0294s delay=0.3859s (local map=227, WM=227)
[INFO] [1771071702.060132741] [rtabmap]: rtabmap (477): Rate=1.00s, Limit=0.000s, Conversion=0.0007s, RTAB-Map=0.1302s, Maps update=0.0036s pub=0.0291s delay=0.3478s (local map=228, WM=228)
[INFO] [1771071703.050418654] [rtabmap]: rtabmap (478): Rate=1.00s, Limit=0.000s, Conversion=0.0004s, RTAB-Map=0.1240s, Maps update=0.0038s pub=0.0322s delay=0.3379s (local map=229, WM=229)
[INFO] [1771071704.165446455] [rtabmap]: rtabmap (479): Rate=1.00s, Limit=0.000s, Conversion=0.0006s, RTAB-Map=0.1334s, Maps update=0.0030s pub=0.0308s delay=0.3531s (local map=230, WM=230)
[INFO] [1771071705.244593036] [rtabmap]: rtabmap (480): Rate=1.00s, Limit=0.000s, Conversion=0.0003s, RTAB-Map=0.1200s, Maps update=0.0028s pub=0.0325s delay=0.3321s (local map=231, WM=231)
[INFO] [1771071706.367600909] [rtabmap]: rtabmap (481): Rate=1.00s, Limit=0.000s, Conversion=0.0003s, RTAB-Map=0.1473s, Maps update=0.0018s pub=0.0175s delay=0.3553s (local map=231, WM=231)
[INFO] [1771071707.372148478] [rtabmap]: rtabmap (482): Rate=1.00s, Limit=0.000s, Conversion=0.0010s, RTAB-Map=0.1324s, Maps update=0.0034s pub=0.0369s delay=0.3598s (local map=232, WM=232)
[INFO] [1771071708.427986769] [rtabmap]: rtabmap (483): Rate=1.00s, Limit=0.000s, Conversion=0.0003s, RTAB-Map=0.1225s, Maps update=0.0013s pub=0.0174s delay=0.3154s (local map=232, WM=232)
[INFO] [1771071709.546246836] [rtabmap]: rtabmap (484): Rate=1.00s, Limit=0.000s, Conversion=0.0004s, RTAB-Map=0.1319s, Maps update=0.0014s pub=0.0163s delay=0.3338s (local map=232, WM=232)
[INFO] [1771071710.565776725] [rtabmap]: rtabmap (485): Rate=1.00s, Limit=0.000s, Conversion=0.0004s, RTAB-Map=0.1272s, Maps update=0.0037s pub=0.0362s delay=0.3532s (local map=233, WM=233)
[INFO] [1771071711.666799902] [rtabmap]: rtabmap (486): Rate=1.00s, Limit=0.000s, Conversion=0.0005s, RTAB-Map=0.1278s, Maps update=0.0039s pub=0.0415s delay=0.3544s (local map=234, WM=234)
[INFO] [1771071712.659641165] [rtabmap]: rtabmap (487): Rate=1.00s, Limit=0.000s, Conversion=0.0004s, RTAB-Map=0.1287s, Maps update=0.0034s pub=0.0353s delay=0.3472s (local map=235, WM=235)
[INFO] [1771071713.669123649] [rtabmap]: rtabmap (488): Rate=1.00s, Limit=0.000s, Conversion=0.0003s, RTAB-Map=0.1310s, Maps update=0.0032s pub=0.0349s delay=0.3566s (local map=236, WM=236)
[INFO] [1771071714.667434628] [rtabmap]: rtabmap (489): Rate=1.00s, Limit=0.000s, Conversion=0.0003s, RTAB-Map=0.1277s, Maps update=0.0042s pub=0.0377s delay=0.3548s (local map=237, WM=237)
[INFO] [1771071715.771589909] [rtabmap]: rtabmap (490): Rate=1.00s, Limit=0.000s, Conversion=0.0005s, RTAB-Map=0.1364s, Maps update=0.0048s pub=0.0312s delay=0.3592s (local map=238, WM=238)
[INFO] [1771071716.773436077] [rtabmap]: rtabmap (491): Rate=1.00s, Limit=0.000s, Conversion=0.0007s, RTAB-Map=0.1311s, Maps update=0.0045s pub=0.0344s delay=0.3610s (local map=239, WM=239)
[INFO] [1771071717.779022977] [rtabmap]: rtabmap (492): Rate=1.00s, Limit=0.000s, Conversion=0.0005s, RTAB-Map=0.1430s, Maps update=0.0030s pub=0.0320s delay=0.3665s (local map=240, WM=240)
[INFO] [1771071718.877265486] [rtabmap]: rtabmap (493): Rate=1.00s, Limit=0.000s, Conversion=0.0005s, RTAB-Map=0.1396s, Maps update=0.0037s pub=0.0337s delay=0.3648s (local map=241, WM=241)
[INFO] [1771071719.886976773] [rtabmap]: rtabmap (494): Rate=1.00s, Limit=0.000s, Conversion=0.0107s, RTAB-Map=0.1472s, Maps update=0.0031s pub=0.0281s delay=0.3743s (local map=242, WM=242)
[INFO] [1771071720.886117890] [rtabmap]: rtabmap (495): Rate=1.00s, Limit=0.000s, Conversion=0.0004s, RTAB-Map=0.1543s, Maps update=0.0045s pub=0.0294s delay=0.3735s (local map=243, WM=243)
[INFO] [1771071721.996748338] [rtabmap]: rtabmap (496): Rate=1.00s, Limit=0.000s, Conversion=0.0105s, RTAB-Map=0.1519s, Maps update=0.0047s pub=0.0343s delay=0.3843s (local map=244, WM=244)
[INFO] [1771071722.968266394] [rtabmap]: rtabmap (497): Rate=1.00s, Limit=0.000s, Conversion=0.0004s, RTAB-Map=0.1339s, Maps update=0.0037s pub=0.0302s delay=0.3557s (local map=245, WM=245)
[INFO] [1771071723.983482458] [rtabmap]: rtabmap (498): Rate=1.00s, Limit=0.000s, Conversion=0.0009s, RTAB-Map=0.1427s, Maps update=0.0040s pub=0.0341s delay=0.3708s (local map=246, WM=246)
[INFO] [1771071725.087487318] [rtabmap]: rtabmap (499): Rate=1.00s, Limit=0.000s, Conversion=0.0109s, RTAB-Map=0.1520s, Maps update=0.0041s pub=0.0286s delay=0.3749s (local map=247, WM=247)
[INFO] [1771071726.180271882] [rtabmap]: rtabmap (500): Rate=1.00s, Limit=0.000s, Conversion=0.0005s, RTAB-Map=0.1422s, Maps update=0.0046s pub=0.0311s delay=0.3678s (local map=248, WM=248)
[INFO] [1771071727.193977881] [rtabmap]: rtabmap (501): Rate=1.00s, Limit=0.000s, Conversion=0.0004s, RTAB-Map=0.1568s, Maps update=0.0035s pub=0.0293s delay=0.3814s (local map=249, WM=249)
[INFO] [1771071728.281594120] [rtabmap]: rtabmap (502): Rate=1.00s, Limit=0.000s, Conversion=0.0004s, RTAB-Map=0.1456s, Maps update=0.0042s pub=0.0336s delay=0.3690s (local map=250, WM=250)
[INFO] [1771071729.288822824] [rtabmap]: rtabmap (503): Rate=1.00s, Limit=0.000s, Conversion=0.0004s, RTAB-Map=0.1521s, Maps update=0.0043s pub=0.0325s delay=0.3762s (local map=251, WM=251)
[INFO] [1771071730.384901478] [rtabmap]: rtabmap (504): Rate=1.00s, Limit=0.000s, Conversion=0.0004s, RTAB-Map=0.1546s, Maps update=0.0035s pub=0.0286s delay=0.3727s (local map=252, WM=252)
[INFO] [1771071731.413601526] [rtabmap]: rtabmap (505): Rate=1.00s, Limit=0.000s, Conversion=0.0107s, RTAB-Map=0.1681s, Maps update=0.0033s pub=0.0287s delay=0.4013s (local map=253, WM=253)
[INFO] [1771071732.398015835] [rtabmap]: rtabmap (506): Rate=1.00s, Limit=0.000s, Conversion=0.0004s, RTAB-Map=0.1580s, Maps update=0.0038s pub=0.0292s delay=0.3856s (local map=254, WM=254)
[INFO] [1771071733.468893618] [rtabmap]: rtabmap (507): Rate=1.00s, Limit=0.000s, Conversion=0.0003s, RTAB-Map=0.1391s, Maps update=0.0036s pub=0.0328s delay=0.3564s (local map=255, WM=255)
[INFO] [1771071734.497042256] [rtabmap]: rtabmap (508): Rate=1.00s, Limit=0.000s, Conversion=0.0005s, RTAB-Map=0.1590s, Maps update=0.0037s pub=0.0330s delay=0.3845s (local map=256, WM=256)
[INFO] [1771071735.456337969] [rtabmap]: rtabmap (509): Rate=1.00s, Limit=0.000s, Conversion=0.0003s, RTAB-Map=0.1304s, Maps update=0.0042s pub=0.0324s delay=0.3437s (local map=257, WM=257)
[INFO] [1771071736.579732505] [rtabmap]: rtabmap (510): Rate=1.00s, Limit=0.000s, Conversion=0.0004s, RTAB-Map=0.1473s, Maps update=0.0050s pub=0.0367s delay=0.3672s (local map=258, WM=258)
[INFO] [1771071737.587299492] [rtabmap]: rtabmap (511): Rate=1.00s, Limit=0.000s, Conversion=0.0004s, RTAB-Map=0.1443s, Maps update=0.0049s pub=0.0352s delay=0.3747s (local map=259, WM=259)
[INFO] [1771071738.592287229] [rtabmap]: rtabmap (512): Rate=1.00s, Limit=0.000s, Conversion=0.0106s, RTAB-Map=0.1549s, Maps update=0.0040s pub=0.0307s delay=0.3796s (local map=260, WM=260)
[INFO] [1771071739.667867242] [rtabmap]: rtabmap (513): Rate=1.00s, Limit=0.000s, Conversion=0.0003s, RTAB-Map=0.1329s, Maps update=0.0045s pub=0.0375s delay=0.3552s (local map=261, WM=261)
[INFO] [1771071740.833988779] [rtabmap]: rtabmap (514): Rate=1.00s, Limit=0.000s, Conversion=0.0005s, RTAB-Map=0.1999s, Maps update=0.0032s pub=0.0373s delay=0.4213s (local map=262, WM=262)
[INFO] [1771071741.905651706] [rtabmap]: rtabmap (515): Rate=1.00s, Limit=0.000s, Conversion=0.0105s, RTAB-Map=0.1747s, Maps update=0.0033s pub=0.0316s delay=0.3930s (local map=263, WM=263)
[INFO] [1771071742.889185732] [rtabmap]: rtabmap (516): Rate=1.00s, Limit=0.000s, Conversion=0.0004s, RTAB-Map=0.1672s, Maps update=0.0043s pub=0.0353s delay=0.3764s (local map=264, WM=264)
[INFO] [1771071743.905530248] [rtabmap]: rtabmap (517): Rate=1.00s, Limit=0.000s, Conversion=0.0003s, RTAB-Map=0.1798s, Maps update=0.0033s pub=0.0296s delay=0.3928s (local map=265, WM=265)
[INFO] [1771071745.001542115] [rtabmap]: rtabmap (518): Rate=1.00s, Limit=0.000s, Conversion=0.0004s, RTAB-Map=0.1710s, Maps update=0.0038s pub=0.0313s delay=0.3890s (local map=266, WM=266)
[INFO] [1771071746.002174384] [rtabmap]: rtabmap (519): Rate=1.00s, Limit=0.000s, Conversion=0.0004s, RTAB-Map=0.1822s, Maps update=0.0040s pub=0.0281s delay=0.3894s (local map=267, WM=267)
[INFO] [1771071747.104687548] [rtabmap]: rtabmap (520): Rate=1.00s, Limit=0.000s, Conversion=0.0003s, RTAB-Map=0.1837s, Maps update=0.0032s pub=0.0303s delay=0.3921s (local map=268, WM=268)
[INFO] [1771071748.186828027] [rtabmap]: rtabmap (521): Rate=1.00s, Limit=0.000s, Conversion=0.0003s, RTAB-Map=0.1696s, Maps update=0.0036s pub=0.0297s delay=0.3740s (local map=269, WM=269)
[INFO] [1771071749.324482508] [rtabmap]: rtabmap (522): Rate=1.00s, Limit=0.000s, Conversion=0.0004s, RTAB-Map=0.1945s, Maps update=0.0036s pub=0.0384s delay=0.4120s (local map=270, WM=270)
[INFO] [1771071750.329915155] [rtabmap]: rtabmap (523): Rate=1.00s, Limit=0.000s, Conversion=0.0003s, RTAB-Map=0.1880s, Maps update=0.0035s pub=0.0413s delay=0.4169s (local map=271, WM=271)
[INFO] [1771071751.435578499] [rtabmap]: rtabmap (524): Rate=1.00s, Limit=0.000s, Conversion=0.0005s, RTAB-Map=0.1965s, Maps update=0.0033s pub=0.0398s delay=0.4232s (local map=272, WM=272)
[INFO] [1771071752.430780898] [rtabmap]: rtabmap (525): Rate=1.00s, Limit=0.000s, Conversion=0.0003s, RTAB-Map=0.1890s, Maps update=0.0033s pub=0.0398s delay=0.4184s (local map=273, WM=273)
[INFO] [1771071753.432420176] [rtabmap]: rtabmap (526): Rate=1.00s, Limit=0.000s, Conversion=0.0105s, RTAB-Map=0.1915s, Maps update=0.0032s pub=0.0394s delay=0.4200s (local map=274, WM=274)
[INFO] [1771071754.428137567] [rtabmap]: rtabmap (527): Rate=1.00s, Limit=0.000s, Conversion=0.0005s, RTAB-Map=0.1864s, Maps update=0.0039s pub=0.0437s delay=0.4157s (local map=275, WM=275)
[INFO] [1771071755.501948532] [rtabmap]: rtabmap (528): Rate=1.00s, Limit=0.000s, Conversion=0.0004s, RTAB-Map=0.1809s, Maps update=0.0033s pub=0.0311s delay=0.3892s (local map=276, WM=276)
[INFO] [1771071756.813110905] [rtabmap]: rtabmap (529): Rate=1.00s, Limit=0.000s, Conversion=0.0004s, RTAB-Map=0.2032s, Maps update=0.1060s pub=0.2123s delay=0.7003s (local map=277, WM=277)
[INFO] [1771071757.605806755] [rtabmap]: rtabmap (530): Rate=1.00s, Limit=0.000s, Conversion=0.0005s, RTAB-Map=0.1833s, Maps update=0.0029s pub=0.0333s delay=0.3932s (local map=278, WM=278)
[INFO] [1771071758.860350836] [rtabmap]: rtabmap (531): Rate=1.00s, Limit=0.000s, Conversion=0.0006s, RTAB-Map=0.1932s, Maps update=0.0932s pub=0.1844s delay=0.6477s (local map=279, WM=279)
[INFO] [1771071759.607303236] [rtabmap]: rtabmap (532): Rate=1.00s, Limit=0.000s, Conversion=0.0004s, RTAB-Map=0.1732s, Maps update=0.0029s pub=0.0301s delay=0.3945s (local map=280, WM=280)
[INFO] [1771071760.598386688] [rtabmap]: rtabmap (533): Rate=1.00s, Limit=0.000s, Conversion=0.0106s, RTAB-Map=0.1663s, Maps update=0.0027s pub=0.0336s delay=0.3856s (local map=281, WM=281)
[INFO] [1771071761.670790919] [rtabmap]: rtabmap (534): Rate=1.00s, Limit=0.000s, Conversion=0.0003s, RTAB-Map=0.1194s, Maps update=0.0066s pub=0.0446s delay=0.3581s (local map=282, WM=282)
[INFO] [1771071762.649501782] [rtabmap]: rtabmap (535): Rate=1.00s, Limit=0.000s, Conversion=0.0005s, RTAB-Map=0.1162s, Maps update=0.0027s pub=0.0367s delay=0.3367s (local map=283, WM=283)
[INFO] [1771071763.756788826] [rtabmap]: rtabmap (536): Rate=1.00s, Limit=0.000s, Conversion=0.0106s, RTAB-Map=0.1164s, Maps update=0.0030s pub=0.0338s delay=0.3440s (local map=284, WM=284)
[INFO] [1771071764.861408106] [rtabmap]: rtabmap (537): Rate=1.00s, Limit=0.000s, Conversion=0.0004s, RTAB-Map=0.1193s, Maps update=0.0029s pub=0.0392s delay=0.3487s (local map=285, WM=285)
[INFO] [1771071765.888715085] [rtabmap]: rtabmap (538): Rate=1.00s, Limit=0.000s, Conversion=0.0003s, RTAB-Map=0.1392s, Maps update=0.0031s pub=0.0333s delay=0.3759s (local map=286, WM=286)
[INFO] [1771071766.879477310] [rtabmap]: rtabmap (539): Rate=1.00s, Limit=0.000s, Conversion=0.0004s, RTAB-Map=0.1274s, Maps update=0.0047s pub=0.0389s delay=0.3666s (local map=287, WM=287)
[INFO] [1771071767.971783554] [rtabmap]: rtabmap (540): Rate=1.00s, Limit=0.000s, Conversion=0.0004s, RTAB-Map=0.1329s, Maps update=0.0029s pub=0.0337s delay=0.3590s (local map=288, WM=288)
[INFO] [1771071768.982436080] [rtabmap]: rtabmap (541): Rate=1.00s, Limit=0.000s, Conversion=0.0006s, RTAB-Map=0.1565s, Maps update=0.0017s pub=0.0174s delay=0.3696s (local map=288, WM=288)
[INFO] [1771071769.963632143] [rtabmap]: rtabmap (542): Rate=1.00s, Limit=0.000s, Conversion=0.0003s, RTAB-Map=0.1249s, Maps update=0.0070s pub=0.0360s delay=0.3508s (local map=289, WM=289)
[INFO] [1771071770.966802381] [rtabmap]: rtabmap (543): Rate=1.00s, Limit=0.000s, Conversion=0.0005s, RTAB-Map=0.1216s, Maps update=0.0032s pub=0.0398s delay=0.3539s (local map=290, WM=290)
[INFO] [1771071772.064266423] [rtabmap]: rtabmap (544): Rate=1.00s, Limit=0.000s, Conversion=0.0005s, RTAB-Map=0.1235s, Maps update=0.0023s pub=0.0375s delay=0.3514s (local map=291, WM=291)
[INFO] [1771071773.071068970] [rtabmap]: rtabmap (545): Rate=1.00s, Limit=0.000s, Conversion=0.0106s, RTAB-Map=0.1281s, Maps update=0.0030s pub=0.0307s delay=0.3581s (local map=292, WM=292)
[INFO] [1771071774.183322093] [rtabmap]: rtabmap (546): Rate=1.00s, Limit=0.000s, Conversion=0.0108s, RTAB-Map=0.1362s, Maps update=0.0021s pub=0.0344s delay=0.3706s (local map=293, WM=293)
[INFO] [1771071775.158142463] [rtabmap]: rtabmap (547): Rate=1.00s, Limit=0.000s, Conversion=0.0004s, RTAB-Map=0.1201s, Maps update=0.0031s pub=0.0372s delay=0.3454s (local map=294, WM=294)
[INFO] [1771071776.168787021] [rtabmap]: rtabmap (548): Rate=1.00s, Limit=0.000s, Conversion=0.0107s, RTAB-Map=0.1327s, Maps update=0.0029s pub=0.0323s delay=0.3559s (local map=295, WM=295)
[INFO] [1771071777.264577057] [rtabmap]: rtabmap (549): Rate=1.00s, Limit=0.000s, Conversion=0.0005s, RTAB-Map=0.1232s, Maps update=0.0029s pub=0.0347s delay=0.3518s (local map=296, WM=296)
[INFO] [1771071778.286244976] [rtabmap]: rtabmap (550): Rate=1.00s, Limit=0.000s, Conversion=0.0003s, RTAB-Map=0.1507s, Maps update=0.0029s pub=0.0310s delay=0.3734s (local map=297, WM=297)
[INFO] [1771071779.393632440] [rtabmap]: rtabmap (551): Rate=1.00s, Limit=0.000s, Conversion=0.0108s, RTAB-Map=0.1574s, Maps update=0.0021s pub=0.0306s delay=0.3813s (local map=298, WM=298)
[INFO] [1771071780.511600946] [rtabmap]: rtabmap (552): Rate=1.00s, Limit=0.000s, Conversion=0.0106s, RTAB-Map=0.1732s, Maps update=0.0030s pub=0.0310s delay=0.3987s (local map=299, WM=299)
[INFO] [1771071781.584561068] [rtabmap]: rtabmap (553): Rate=1.00s, Limit=0.000s, Conversion=0.0003s, RTAB-Map=0.1513s, Maps update=0.0042s pub=0.0297s delay=0.3717s (local map=300, WM=300)
[INFO] [1771071782.585751658] [rtabmap]: rtabmap (554): Rate=1.00s, Limit=0.000s, Conversion=0.0105s, RTAB-Map=0.1521s, Maps update=0.0027s pub=0.0303s delay=0.3729s (local map=301, WM=301)
[INFO] [1771071783.594175665] [rtabmap]: rtabmap (555): Rate=1.00s, Limit=0.000s, Conversion=0.0005s, RTAB-Map=0.1549s, Maps update=0.0027s pub=0.0343s delay=0.3813s (local map=302, WM=302)
[INFO] [1771071784.674525335] [rtabmap]: rtabmap (556): Rate=1.00s, Limit=0.000s, Conversion=0.0004s, RTAB-Map=0.1331s, Maps update=0.0049s pub=0.0333s delay=0.3617s (local map=303, WM=303)
[INFO] [1771071785.681918172] [rtabmap]: rtabmap (557): Rate=1.00s, Limit=0.000s, Conversion=0.0017s, RTAB-Map=0.1444s, Maps update=0.0021s pub=0.0352s delay=0.3690s (local map=304, WM=304)
[INFO] [1771071786.785008634] [rtabmap]: rtabmap (558): Rate=1.00s, Limit=0.000s, Conversion=0.0105s, RTAB-Map=0.1392s, Maps update=0.0032s pub=0.0342s delay=0.3721s (local map=305, WM=305)
[INFO] [1771071787.787018419] [rtabmap]: rtabmap (559): Rate=1.00s, Limit=0.000s, Conversion=0.0003s, RTAB-Map=0.1483s, Maps update=0.0039s pub=0.0336s delay=0.3740s (local map=306, WM=306)
[INFO] [1771071788.914335065] [rtabmap]: rtabmap (560): Rate=1.00s, Limit=0.000s, Conversion=0.0006s, RTAB-Map=0.1683s, Maps update=0.0055s pub=0.0337s delay=0.4015s (local map=307, WM=307)
[INFO] [1771071789.898764319] [rtabmap]: rtabmap (561): Rate=1.00s, Limit=0.000s, Conversion=0.0004s, RTAB-Map=0.1536s, Maps update=0.0035s pub=0.0352s delay=0.3859s (local map=308, WM=308)
[INFO] [1771071790.989081476] [rtabmap]: rtabmap (562): Rate=1.00s, Limit=0.000s, Conversion=0.0003s, RTAB-Map=0.1484s, Maps update=0.0036s pub=0.0341s delay=0.3763s (local map=309, WM=309)
[INFO] [1771071792.022958234] [rtabmap]: rtabmap (563): Rate=1.00s, Limit=0.000s, Conversion=0.0106s, RTAB-Map=0.1679s, Maps update=0.0037s pub=0.0378s delay=0.4101s (local map=310, WM=310)
[INFO] [1771071793.098843761] [rtabmap]: rtabmap (564): Rate=1.00s, Limit=0.000s, Conversion=0.0108s, RTAB-Map=0.1500s, Maps update=0.0036s pub=0.0345s delay=0.3858s (local map=311, WM=311)
[INFO] [1771071794.206424543] [rtabmap]: rtabmap (565): Rate=1.00s, Limit=0.000s, Conversion=0.0003s, RTAB-Map=0.1575s, Maps update=0.0048s pub=0.0329s delay=0.3935s (local map=312, WM=312)
[INFO] [1771071795.312259413] [rtabmap]: rtabmap (566): Rate=1.00s, Limit=0.000s, Conversion=0.0005s, RTAB-Map=0.1659s, Maps update=0.0034s pub=0.0334s delay=0.3994s (local map=313, WM=313)
[INFO] [1771071796.327656187] [rtabmap]: rtabmap (567): Rate=1.00s, Limit=0.000s, Conversion=0.0003s, RTAB-Map=0.1738s, Maps update=0.0036s pub=0.0422s delay=0.4147s (local map=314, WM=314)
[INFO] [1771071797.343723894] [rtabmap]: rtabmap (568): Rate=1.00s, Limit=0.000s, Conversion=0.0008s, RTAB-Map=0.1791s, Maps update=0.0031s pub=0.0426s delay=0.4307s (local map=315, WM=315)
[INFO] [1771071798.412889654] [rtabmap]: rtabmap (569): Rate=1.00s, Limit=0.000s, Conversion=0.0003s, RTAB-Map=0.1636s, Maps update=0.0038s pub=0.0420s delay=0.4006s (local map=316, WM=316)
[INFO] [1771071799.414646279] [rtabmap]: rtabmap (570): Rate=1.00s, Limit=0.000s, Conversion=0.0006s, RTAB-Map=0.1700s, Maps update=0.0045s pub=0.0324s delay=0.4023s (local map=317, WM=317)
[INFO] [1771071800.536878250] [rtabmap]: rtabmap (571): Rate=1.00s, Limit=0.000s, Conversion=0.0005s, RTAB-Map=0.1703s, Maps update=0.0046s pub=0.0485s delay=0.4239s (local map=318, WM=318)
[INFO] [1771071801.644028746] [rtabmap]: rtabmap (572): Rate=1.00s, Limit=0.000s, Conversion=0.0003s, RTAB-Map=0.1958s, Maps update=0.0033s pub=0.0360s delay=0.4312s (local map=319, WM=319)
[INFO] [1771071802.636815676] [rtabmap]: rtabmap (573): Rate=1.00s, Limit=0.000s, Conversion=0.0004s, RTAB-Map=0.1911s, Maps update=0.0039s pub=0.0403s delay=0.4239s (local map=320, WM=320)
[INFO] [1771071803.566679470] [rtabmap]: rtabmap (574): Rate=1.00s, Limit=0.000s, Conversion=0.0005s, RTAB-Map=0.1330s, Maps update=0.0033s pub=0.0355s delay=0.3537s (local map=321, WM=321)
[INFO] [1771071804.670844271] [rtabmap]: rtabmap (575): Rate=1.00s, Limit=0.000s, Conversion=0.0005s, RTAB-Map=0.1285s, Maps update=0.0048s pub=0.0406s delay=0.3578s (local map=322, WM=322)
[INFO] [1771071805.794831114] [rtabmap]: rtabmap (576): Rate=1.00s, Limit=0.000s, Conversion=0.0004s, RTAB-Map=0.1526s, Maps update=0.0024s pub=0.0356s delay=0.3819s (local map=323, WM=323)
[INFO] [1771071806.884392759] [rtabmap]: rtabmap (577): Rate=1.00s, Limit=0.000s, Conversion=0.0003s, RTAB-Map=0.1429s, Maps update=0.0056s pub=0.0325s delay=0.3714s (local map=324, WM=324)
[INFO] [1771071807.900256652] [rtabmap]: rtabmap (578): Rate=1.00s, Limit=0.000s, Conversion=0.0108s, RTAB-Map=0.1524s, Maps update=0.0034s pub=0.0342s delay=0.3872s (local map=325, WM=325)
[INFO] [1771071808.978299016] [rtabmap]: rtabmap (579): Rate=1.00s, Limit=0.000s, Conversion=0.0005s, RTAB-Map=0.1374s, Maps update=0.0036s pub=0.0399s delay=0.3654s (local map=326, WM=326)
[INFO] [1771071810.009318978] [rtabmap]: rtabmap (580): Rate=1.00s, Limit=0.000s, Conversion=0.0003s, RTAB-Map=0.1620s, Maps update=0.0037s pub=0.0375s delay=0.3964s (local map=327, WM=327)
[INFO] [1771071810.972931405] [rtabmap]: rtabmap (581): Rate=1.00s, Limit=0.000s, Conversion=0.0005s, RTAB-Map=0.1386s, Maps update=0.0034s pub=0.0356s delay=0.3599s (local map=328, WM=328)
[INFO] [1771071811.971531001] [rtabmap]: rtabmap (582): Rate=1.00s, Limit=0.000s, Conversion=0.0004s, RTAB-Map=0.1300s, Maps update=0.0033s pub=0.0366s delay=0.3584s (local map=329, WM=329)
[INFO] [1771071813.067464786] [rtabmap]: rtabmap (583): Rate=1.00s, Limit=0.000s, Conversion=0.0004s, RTAB-Map=0.1298s, Maps update=0.0046s pub=0.0375s delay=0.3546s (local map=330, WM=330)
[INFO] [1771071814.064953082] [rtabmap]: rtabmap (584): Rate=1.00s, Limit=0.000s, Conversion=0.0005s, RTAB-Map=0.1274s, Maps update=0.0048s pub=0.0356s delay=0.3520s (local map=331, WM=331)
[INFO] [1771071815.076946579] [rtabmap]: rtabmap (585): Rate=1.00s, Limit=0.000s, Conversion=0.0105s, RTAB-Map=0.1342s, Maps update=0.0042s pub=0.0333s delay=0.3638s (local map=332, WM=332)
[INFO] [1771071816.163278937] [rtabmap]: rtabmap (586): Rate=1.00s, Limit=0.000s, Conversion=0.0005s, RTAB-Map=0.1258s, Maps update=0.0044s pub=0.0420s delay=0.3503s (local map=333, WM=333)
[INFO] [1771071817.286217842] [rtabmap]: rtabmap (587): Rate=1.00s, Limit=0.000s, Conversion=0.0011s, RTAB-Map=0.1487s, Maps update=0.0035s pub=0.0345s delay=0.3733s (local map=334, WM=334)
[INFO] [1771071818.397913476] [rtabmap]: rtabmap (588): Rate=1.00s, Limit=0.000s, Conversion=0.0105s, RTAB-Map=0.1497s, Maps update=0.0053s pub=0.0323s delay=0.3857s (local map=335, WM=335)
[INFO] [1771071819.367917980] [rtabmap]: rtabmap (589): Rate=1.00s, Limit=0.000s, Conversion=0.0003s, RTAB-Map=0.1315s, Maps update=0.0032s pub=0.0359s delay=0.3557s (local map=336, WM=336)
[INFO] [1771071820.460493258] [rtabmap]: rtabmap (590): Rate=1.00s, Limit=0.000s, Conversion=0.0108s, RTAB-Map=0.1374s, Maps update=0.0018s pub=0.0176s delay=0.3475s (local map=336, WM=336)
[INFO] [1771071821.576337440] [rtabmap]: rtabmap (591): Rate=1.00s, Limit=0.000s, Conversion=0.0005s, RTAB-Map=0.1398s, Maps update=0.0035s pub=0.0386s delay=0.3633s (local map=337, WM=337)
[INFO] [1771071822.656070354] [rtabmap]: rtabmap (592): Rate=1.00s, Limit=0.000s, Conversion=0.0106s, RTAB-Map=0.1363s, Maps update=0.0031s pub=0.0147s delay=0.3430s (local map=337, WM=337)
[INFO] [1771071823.807661922] [rtabmap]: rtabmap (593): Rate=1.00s, Limit=0.000s, Conversion=0.0005s, RTAB-Map=0.1558s, Maps update=0.0040s pub=0.0410s delay=0.3947s (local map=338, WM=338)
[INFO] [1771071824.874056681] [rtabmap]: rtabmap (594): Rate=1.00s, Limit=0.000s, Conversion=0.0003s, RTAB-Map=0.1373s, Maps update=0.0036s pub=0.0375s delay=0.3610s (local map=339, WM=339)
[INFO] [1771071825.874727575] [rtabmap]: rtabmap (595): Rate=1.00s, Limit=0.000s, Conversion=0.0007s, RTAB-Map=0.1378s, Maps update=0.0038s pub=0.0351s delay=0.3617s (local map=340, WM=340)
[INFO] [1771071826.984653296] [rtabmap]: rtabmap (596): Rate=1.00s, Limit=0.000s, Conversion=0.0004s, RTAB-Map=0.1404s, Maps update=0.0045s pub=0.0405s delay=0.3715s (local map=341, WM=341)
[INFO] [1771071828.137857299] [rtabmap]: rtabmap (597): Rate=1.00s, Limit=0.000s, Conversion=0.0108s, RTAB-Map=0.1669s, Maps update=0.0054s pub=0.0552s delay=0.4249s (local map=342, WM=342)
[INFO] [1771071829.072484350] [rtabmap]: rtabmap (598): Rate=1.00s, Limit=0.000s, Conversion=0.0009s, RTAB-Map=0.1306s, Maps update=0.0034s pub=0.0384s delay=0.3593s (local map=343, WM=343)
[INFO] [1771071830.203959113] [rtabmap]: rtabmap (599): Rate=1.00s, Limit=0.000s, Conversion=0.0006s, RTAB-Map=0.1531s, Maps update=0.0039s pub=0.0414s delay=0.3909s (local map=344, WM=344)
[INFO] [1771071831.283826784] [rtabmap]: rtabmap (600): Rate=1.00s, Limit=0.000s, Conversion=0.0004s, RTAB-Map=0.1357s, Maps update=0.0053s pub=0.0434s delay=0.3707s (local map=345, WM=345)
[INFO] [1771071832.386495280] [rtabmap]: rtabmap (601): Rate=1.00s, Limit=0.000s, Conversion=0.0004s, RTAB-Map=0.1410s, Maps update=0.0034s pub=0.0417s delay=0.3741s (local map=346, WM=346)
[INFO] [1771071833.490412297] [rtabmap]: rtabmap (602): Rate=1.00s, Limit=0.000s, Conversion=0.0003s, RTAB-Map=0.1505s, Maps update=0.0049s pub=0.0348s delay=0.3774s (local map=347, WM=347)
[INFO] [1771071834.495344064] [rtabmap]: rtabmap (603): Rate=1.00s, Limit=0.000s, Conversion=0.0006s, RTAB-Map=0.1440s, Maps update=0.0037s pub=0.0410s delay=0.3823s (local map=348, WM=348)
[INFO] [1771071835.473635265] [rtabmap]: rtabmap (604): Rate=1.00s, Limit=0.000s, Conversion=0.0003s, RTAB-Map=0.1347s, Maps update=0.0040s pub=0.0376s delay=0.3605s (local map=349, WM=349)
[INFO] [1771071836.506306960] [rtabmap]: rtabmap (605): Rate=1.00s, Limit=0.000s, Conversion=0.0005s, RTAB-Map=0.1542s, Maps update=0.0038s pub=0.0430s delay=0.3931s (local map=350, WM=350)
[INFO] [1771071837.605551187] [rtabmap]: rtabmap (606): Rate=1.00s, Limit=0.000s, Conversion=0.0005s, RTAB-Map=0.1537s, Maps update=0.0064s pub=0.0393s delay=0.3925s (local map=351, WM=351)
[INFO] [1771071838.599362373] [rtabmap]: rtabmap (607): Rate=1.00s, Limit=0.000s, Conversion=0.0004s, RTAB-Map=0.1507s, Maps update=0.0041s pub=0.0366s delay=0.3863s (local map=352, WM=352)
[INFO] [1771071839.595878287] [rtabmap]: rtabmap (608): Rate=1.00s, Limit=0.000s, Conversion=0.0003s, RTAB-Map=0.1484s, Maps update=0.0050s pub=0.0358s delay=0.3826s (local map=353, WM=353)
[INFO] [1771071840.714963949] [rtabmap]: rtabmap (609): Rate=1.00s, Limit=0.000s, Conversion=0.0003s, RTAB-Map=0.1623s, Maps update=0.0036s pub=0.0456s delay=0.4019s (local map=354, WM=354)
[INFO] [1771071841.698575673] [rtabmap]: rtabmap (610): Rate=1.00s, Limit=0.000s, Conversion=0.0005s, RTAB-Map=0.1493s, Maps update=0.0044s pub=0.0412s delay=0.3854s (local map=355, WM=355)
[INFO] [1771071842.710949854] [rtabmap]: rtabmap (611): Rate=1.00s, Limit=0.000s, Conversion=0.0004s, RTAB-Map=0.1608s, Maps update=0.0036s pub=0.0376s delay=0.3978s (local map=356, WM=356)
[INFO] [1771071843.794729586] [rtabmap]: rtabmap (612): Rate=1.00s, Limit=0.000s, Conversion=0.0004s, RTAB-Map=0.1475s, Maps update=0.0054s pub=0.0379s delay=0.3818s (local map=357, WM=357)
[INFO] [1771071844.808513028] [rtabmap]: rtabmap (613): Rate=1.00s, Limit=0.000s, Conversion=0.0004s, RTAB-Map=0.1584s, Maps update=0.0037s pub=0.0450s delay=0.3954s (local map=358, WM=358)
[INFO] [1771071845.874795367] [rtabmap]: rtabmap (614): Rate=1.00s, Limit=0.000s, Conversion=0.0004s, RTAB-Map=0.1373s, Maps update=0.0034s pub=0.0355s delay=0.3616s (local map=359, WM=359)
[INFO] [1771071847.026047436] [rtabmap]: rtabmap (615): Rate=1.00s, Limit=0.000s, Conversion=0.0003s, RTAB-Map=0.1843s, Maps update=0.0023s pub=0.0358s delay=0.4128s (local map=359, WM=359)
[INFO] [1771071848.074723803] [rtabmap]: rtabmap (616): Rate=1.00s, Limit=0.000s, Conversion=0.0106s, RTAB-Map=0.1483s, Maps update=0.0020s pub=0.0153s delay=0.3616s (local map=359, WM=359)
[INFO] [1771071849.187267016] [rtabmap]: rtabmap (617): Rate=1.00s, Limit=0.000s, Conversion=0.0106s, RTAB-Map=0.1557s, Maps update=0.0019s pub=0.0189s delay=0.3740s (local map=359, WM=359)
[INFO] [1771071850.285710417] [rtabmap]: rtabmap (618): Rate=1.00s, Limit=0.000s, Conversion=0.0003s, RTAB-Map=0.1623s, Maps update=0.0019s pub=0.0170s delay=0.3724s (local map=359, WM=359)
[INFO] [1771071851.402852817] [rtabmap]: rtabmap (619): Rate=1.00s, Limit=0.000s, Conversion=0.0003s, RTAB-Map=0.1458s, Maps update=0.0040s pub=0.0485s delay=0.3905s (local map=360, WM=360)
[INFO] [1771071852.486284314] [rtabmap]: rtabmap (620): Rate=1.00s, Limit=0.000s, Conversion=0.0005s, RTAB-Map=0.1466s, Maps update=0.0036s pub=0.0378s delay=0.3731s (local map=361, WM=361)
[INFO] [1771071853.558759780] [rtabmap]: rtabmap (621): Rate=1.00s, Limit=0.000s, Conversion=0.0004s, RTAB-Map=0.1303s, Maps update=0.0030s pub=0.0376s delay=0.3456s (local map=362, WM=362)
[INFO] [1771071854.621891682] [rtabmap]: rtabmap (622): Rate=1.00s, Limit=0.000s, Conversion=0.0007s, RTAB-Map=0.1699s, Maps update=0.0027s pub=0.0429s delay=0.4087s (local map=363, WM=363)
[INFO] [1771071855.679929182] [rtabmap]: rtabmap (623): Rate=1.00s, Limit=0.000s, Conversion=0.0108s, RTAB-Map=0.1275s, Maps update=0.0040s pub=0.0391s delay=0.3668s (local map=364, WM=364)
[INFO] [1771071856.694802771] [rtabmap]: rtabmap (624): Rate=1.00s, Limit=0.000s, Conversion=0.0003s, RTAB-Map=0.1511s, Maps update=0.0037s pub=0.0387s delay=0.3815s (local map=365, WM=365)
[INFO] [1771071857.766933713] [rtabmap]: rtabmap (625): Rate=1.00s, Limit=0.000s, Conversion=0.0004s, RTAB-Map=0.1263s, Maps update=0.0055s pub=0.0395s delay=0.3539s (local map=366, WM=366)
[INFO] [1771071858.789394265] [rtabmap]: rtabmap (626): Rate=1.00s, Limit=0.000s, Conversion=0.0105s, RTAB-Map=0.1427s, Maps update=0.0046s pub=0.0370s delay=0.3761s (local map=367, WM=367)
[INFO] [1771071859.899185038] [rtabmap]: rtabmap (627): Rate=1.00s, Limit=0.000s, Conversion=0.0105s, RTAB-Map=0.1434s, Maps update=0.0043s pub=0.0467s delay=0.3859s (local map=368, WM=368)
[INFO] [1771071860.982108390] [rtabmap]: rtabmap (628): Rate=1.00s, Limit=0.000s, Conversion=0.0005s, RTAB-Map=0.1354s, Maps update=0.0039s pub=0.0443s delay=0.3691s (local map=369, WM=369)
[INFO] [1771071862.000559374] [rtabmap]: rtabmap (629): Rate=1.00s, Limit=0.000s, Conversion=0.0005s, RTAB-Map=0.1599s, Maps update=0.0026s pub=0.0382s delay=0.3873s (local map=370, WM=370)
[INFO] [1771071863.004853552] [rtabmap]: rtabmap (630): Rate=1.00s, Limit=0.000s, Conversion=0.0004s, RTAB-Map=0.1586s, Maps update=0.0044s pub=0.0354s delay=0.3915s (local map=371, WM=371)
[INFO] [1771071864.122173558] [rtabmap]: rtabmap (631): Rate=1.00s, Limit=0.000s, Conversion=0.0005s, RTAB-Map=0.1698s, Maps update=0.0035s pub=0.0411s delay=0.4089s (local map=372, WM=372)
[INFO] [1771071865.237983307] [rtabmap]: rtabmap (632): Rate=1.00s, Limit=0.000s, Conversion=0.0005s, RTAB-Map=0.1765s, Maps update=0.0035s pub=0.0477s delay=0.4250s (local map=373, WM=373)
[INFO] [1771071866.207511412] [rtabmap]: rtabmap (633): Rate=1.00s, Limit=0.000s, Conversion=0.0004s, RTAB-Map=0.1654s, Maps update=0.0029s pub=0.0390s delay=0.3942s (local map=374, WM=374)
[INFO] [1771071867.304944754] [rtabmap]: rtabmap (634): Rate=1.00s, Limit=0.000s, Conversion=0.0004s, RTAB-Map=0.1560s, Maps update=0.0035s pub=0.0375s delay=0.3919s (local map=375, WM=375)
[INFO] [1771071868.313683154] [rtabmap]: rtabmap (635): Rate=1.00s, Limit=0.000s, Conversion=0.0006s, RTAB-Map=0.1587s, Maps update=0.0052s pub=0.0366s delay=0.4005s (local map=376, WM=376)
[INFO] [1771071869.286093654] [rtabmap]: rtabmap (636): Rate=1.00s, Limit=0.000s, Conversion=0.0107s, RTAB-Map=0.1355s, Maps update=0.0039s pub=0.0375s delay=0.3728s (local map=377, WM=377)
[INFO] [1771071870.262638024] [rtabmap]: rtabmap (637): Rate=1.00s, Limit=0.000s, Conversion=0.0107s, RTAB-Map=0.1348s, Maps update=0.0021s pub=0.0228s delay=0.3493s (local map=377, WM=377)
[INFO] [1771071871.395714402] [rtabmap]: rtabmap (638): Rate=1.00s, Limit=0.000s, Conversion=0.0006s, RTAB-Map=0.1629s, Maps update=0.0023s pub=0.0245s delay=0.3832s (local map=377, WM=377)
[INFO] [1771071872.470842160] [rtabmap]: rtabmap (639): Rate=1.00s, Limit=0.000s, Conversion=0.0005s, RTAB-Map=0.1401s, Maps update=0.0026s pub=0.0202s delay=0.3576s (local map=377, WM=377)
[INFO] [1771071873.571346285] [rtabmap]: rtabmap (640): Rate=1.00s, Limit=0.000s, Conversion=0.0005s, RTAB-Map=0.1407s, Maps update=0.0021s pub=0.0256s delay=0.3582s (local map=377, WM=377)
[INFO] [1771071874.553479499] [rtabmap]: rtabmap (641): Rate=1.00s, Limit=0.000s, Conversion=0.0006s, RTAB-Map=0.1330s, Maps update=0.0019s pub=0.0197s delay=0.3403s (local map=377, WM=377)
[INFO] [1771071875.563666215] [rtabmap]: rtabmap (642): Rate=1.00s, Limit=0.000s, Conversion=0.0004s, RTAB-Map=0.1349s, Maps update=0.0022s pub=0.0203s delay=0.3503s (local map=377, WM=377)
[INFO] [1771071876.669046929] [rtabmap]: rtabmap (643): Rate=1.00s, Limit=0.000s, Conversion=0.0106s, RTAB-Map=0.1404s, Maps update=0.0024s pub=0.0169s delay=0.3558s (local map=377, WM=377)
[INFO] [1771071877.777133453] [rtabmap]: rtabmap (644): Rate=1.00s, Limit=0.000s, Conversion=0.0005s, RTAB-Map=0.1461s, Maps update=0.0022s pub=0.0289s delay=0.3648s (local map=377, WM=377)
[INFO] [1771071878.780532556] [rtabmap]: rtabmap (645): Rate=1.00s, Limit=0.000s, Conversion=0.0003s, RTAB-Map=0.1571s, Maps update=0.0020s pub=0.0173s delay=0.3672s (local map=377, WM=377)
[INFO] [1771071879.784230839] [rtabmap]: rtabmap (646): Rate=1.00s, Limit=0.000s, Conversion=0.0106s, RTAB-Map=0.1536s, Maps update=0.0027s pub=0.0202s delay=0.3708s (local map=377, WM=377)
[INFO] [1771071880.881569230] [rtabmap]: rtabmap (647): Rate=1.00s, Limit=0.000s, Conversion=0.0004s, RTAB-Map=0.1528s, Maps update=0.0021s pub=0.0237s delay=0.3681s (local map=377, WM=377)
[INFO] [1771071881.994026946] [rtabmap]: rtabmap (648): Rate=1.00s, Limit=0.000s, Conversion=0.0105s, RTAB-Map=0.1671s, Maps update=0.0025s pub=0.0154s delay=0.3816s (local map=377, WM=377)
[INFO] [1771071882.969387395] [rtabmap]: rtabmap (649): Rate=1.00s, Limit=0.000s, Conversion=0.0106s, RTAB-Map=0.1401s, Maps update=0.0020s pub=0.0198s delay=0.3561s (local map=377, WM=377)
[INFO] [1771071883.953571735] [rtabmap]: rtabmap (650): Rate=1.00s, Limit=0.000s, Conversion=0.0105s, RTAB-Map=0.1248s, Maps update=0.0019s pub=0.0190s delay=0.3401s (local map=377, WM=377)
[INFO] [1771071885.069773546] [rtabmap]: rtabmap (651): Rate=1.00s, Limit=0.000s, Conversion=0.0005s, RTAB-Map=0.1386s, Maps update=0.0034s pub=0.0246s delay=0.3574s (local map=377, WM=377)
[INFO] [1771071886.179079417] [rtabmap]: rtabmap (652): Rate=1.00s, Limit=0.000s, Conversion=0.0003s, RTAB-Map=0.1537s, Maps update=0.0029s pub=0.0169s delay=0.3657s (local map=377, WM=377)
[INFO] [1771071887.170931985] [rtabmap]: rtabmap (653): Rate=1.00s, Limit=0.000s, Conversion=0.0009s, RTAB-Map=0.1459s, Maps update=0.0022s pub=0.0193s delay=0.3574s (local map=377, WM=377)
[INFO] [1771071888.274213570] [rtabmap]: rtabmap (654): Rate=1.00s, Limit=0.000s, Conversion=0.0004s, RTAB-Map=0.1455s, Maps update=0.0025s pub=0.0197s delay=0.3608s (local map=377, WM=377)
[INFO] [1771071889.272623534] [rtabmap]: rtabmap (655): Rate=1.00s, Limit=0.000s, Conversion=0.0003s, RTAB-Map=0.1512s, Maps update=0.0023s pub=0.0163s delay=0.3592s (local map=377, WM=377)
[INFO] [1771071890.356721399] [rtabmap]: rtabmap (656): Rate=1.00s, Limit=0.000s, Conversion=0.0004s, RTAB-Map=0.1372s, Maps update=0.0022s pub=0.0183s delay=0.3441s (local map=377, WM=377)
[INFO] [1771071891.387283055] [rtabmap]: rtabmap (657): Rate=1.00s, Limit=0.000s, Conversion=0.0003s, RTAB-Map=0.1604s, Maps update=0.0020s pub=0.0171s delay=0.3746s (local map=377, WM=377)
[INFO] [1771071892.477727747] [rtabmap]: rtabmap (658): Rate=1.00s, Limit=0.000s, Conversion=0.0006s, RTAB-Map=0.1465s, Maps update=0.0019s pub=0.0213s delay=0.3653s (local map=377, WM=377)
[INFO] [1771071893.572115582] [rtabmap]: rtabmap (659): Rate=1.00s, Limit=0.000s, Conversion=0.0006s, RTAB-Map=0.1501s, Maps update=0.0020s pub=0.0172s delay=0.3596s (local map=377, WM=377)
[INFO] [1771071894.582019695] [rtabmap]: rtabmap (660): Rate=1.00s, Limit=0.000s, Conversion=0.0004s, RTAB-Map=0.1493s, Maps update=0.0028s pub=0.0196s delay=0.3695s (local map=377, WM=377)
[INFO] [1771071895.682027606] [rtabmap]: rtabmap (661): Rate=1.00s, Limit=0.000s, Conversion=0.0005s, RTAB-Map=0.1524s, Maps update=0.0026s pub=0.0233s delay=0.3685s (local map=377, WM=377)
[INFO] [1771071896.786278960] [rtabmap]: rtabmap (662): Rate=1.00s, Limit=0.000s, Conversion=0.0107s, RTAB-Map=0.1489s, Maps update=0.0021s pub=0.0194s delay=0.3740s (local map=377, WM=377)
[INFO] [1771071897.769539582] [rtabmap]: rtabmap (663): Rate=1.00s, Limit=0.000s, Conversion=0.0004s, RTAB-Map=0.1428s, Maps update=0.0021s pub=0.0182s delay=0.3572s (local map=377, WM=377)
[INFO] [1771071898.885188441] [rtabmap]: rtabmap (664): Rate=1.00s, Limit=0.000s, Conversion=0.0112s, RTAB-Map=0.1571s, Maps update=0.0026s pub=0.0184s delay=0.3727s (local map=377, WM=377)
[INFO] [1771071899.986070117] [rtabmap]: rtabmap (665): Rate=1.00s, Limit=0.000s, Conversion=0.0007s, RTAB-Map=0.1631s, Maps update=0.0029s pub=0.0172s delay=0.3738s (local map=377, WM=377)
[INFO] [1771071900.978380432] [rtabmap]: rtabmap (666): Rate=1.00s, Limit=0.000s, Conversion=0.0107s, RTAB-Map=0.1471s, Maps update=0.0022s pub=0.0185s delay=0.3657s (local map=377, WM=377)
[INFO] [1771071902.085826225] [rtabmap]: rtabmap (667): Rate=1.00s, Limit=0.000s, Conversion=0.0003s, RTAB-Map=0.1562s, Maps update=0.0022s pub=0.0237s delay=0.3735s (local map=377, WM=377)
[INFO] [1771071903.059015542] [rtabmap]: rtabmap (668): Rate=1.00s, Limit=0.000s, Conversion=0.0005s, RTAB-Map=0.1420s, Maps update=0.0020s pub=0.0169s delay=0.3467s (local map=377, WM=377)
[INFO] [1771071904.090730879] [rtabmap]: rtabmap (669): Rate=1.00s, Limit=0.000s, Conversion=0.0003s, RTAB-Map=0.1559s, Maps update=0.0021s pub=0.0171s delay=0.3784s (local map=377, WM=377)
[INFO] [1771071905.174451639] [rtabmap]: rtabmap (670): Rate=1.00s, Limit=0.000s, Conversion=0.0006s, RTAB-Map=0.1463s, Maps update=0.0020s pub=0.0181s delay=0.3622s (local map=377, WM=377)
[INFO] [1771071906.173927760] [rtabmap]: rtabmap (671): Rate=1.00s, Limit=0.000s, Conversion=0.0107s, RTAB-Map=0.1502s, Maps update=0.0020s pub=0.0164s delay=0.3617s (local map=377, WM=377)
[INFO] [1771071907.188111734] [rtabmap]: rtabmap (672): Rate=1.00s, Limit=0.000s, Conversion=0.0005s, RTAB-Map=0.1644s, Maps update=0.0025s pub=0.0166s delay=0.3758s (local map=377, WM=377)
[INFO] [1771071908.247550223] [rtabmap]: rtabmap (673): Rate=1.00s, Limit=0.000s, Conversion=0.0004s, RTAB-Map=0.1339s, Maps update=0.0021s pub=0.0163s delay=0.3353s (local map=377, WM=377)
[INFO] [1771071909.268222406] [rtabmap]: rtabmap (674): Rate=1.00s, Limit=0.000s, Conversion=0.0005s, RTAB-Map=0.1418s, Maps update=0.0025s pub=0.0251s delay=0.3559s (local map=377, WM=377)
[INFO] [1771071910.381597857] [rtabmap]: rtabmap (675): Rate=1.00s, Limit=0.000s, Conversion=0.0004s, RTAB-Map=0.1524s, Maps update=0.0023s pub=0.0200s delay=0.3687s (local map=377, WM=377)
[INFO] [1771071911.390406531] [rtabmap]: rtabmap (676): Rate=1.00s, Limit=0.000s, Conversion=0.0108s, RTAB-Map=0.1614s, Maps update=0.0020s pub=0.0166s delay=0.3775s (local map=377, WM=377)
[INFO] [1771071912.488559421] [rtabmap]: rtabmap (677): Rate=1.00s, Limit=0.000s, Conversion=0.0005s, RTAB-Map=0.1666s, Maps update=0.0020s pub=0.0152s delay=0.3763s (local map=377, WM=377)
[INFO] [1771071913.556694884] [rtabmap]: rtabmap (678): Rate=1.00s, Limit=0.000s, Conversion=0.0003s, RTAB-Map=0.1316s, Maps update=0.0020s pub=0.0236s delay=0.3445s (local map=377, WM=377)
[INFO] [1771071914.577083695] [rtabmap]: rtabmap (679): Rate=1.00s, Limit=0.000s, Conversion=0.0004s, RTAB-Map=0.1595s, Maps update=0.0021s pub=0.0160s delay=0.3648s (local map=377, WM=377)
[INFO] [1771071915.587296301] [rtabmap]: rtabmap (680): Rate=1.00s, Limit=0.000s, Conversion=0.0006s, RTAB-Map=0.1604s, Maps update=0.0028s pub=0.0193s delay=0.3750s (local map=377, WM=377)
[INFO] [1771071916.679543533] [rtabmap]: rtabmap (681): Rate=1.00s, Limit=0.000s, Conversion=0.0005s, RTAB-Map=0.1476s, Maps update=0.0020s pub=0.0226s delay=0.3675s (local map=377, WM=377)
[INFO] [1771071917.680984537] [rtabmap]: rtabmap (682): Rate=1.00s, Limit=0.000s, Conversion=0.0005s, RTAB-Map=0.1535s, Maps update=0.0022s pub=0.0186s delay=0.3688s (local map=377, WM=377)
[INFO] [1771071918.678365658] [rtabmap]: rtabmap (683): Rate=1.00s, Limit=0.000s, Conversion=0.0004s, RTAB-Map=0.1576s, Maps update=0.0022s pub=0.0169s delay=0.3662s (local map=377, WM=377)
[INFO] [1771071919.782487407] [rtabmap]: rtabmap (684): Rate=1.00s, Limit=0.000s, Conversion=0.0006s, RTAB-Map=0.1529s, Maps update=0.0020s pub=0.0244s delay=0.3702s (local map=377, WM=377)
[INFO] [1771071920.775105511] [rtabmap]: rtabmap (685): Rate=1.00s, Limit=0.000s, Conversion=0.0005s, RTAB-Map=0.1529s, Maps update=0.0022s pub=0.0157s delay=0.3628s (local map=377, WM=377)
[INFO] [1771071921.881840778] [rtabmap]: rtabmap (686): Rate=1.00s, Limit=0.000s, Conversion=0.0005s, RTAB-Map=0.1483s, Maps update=0.0022s pub=0.0237s delay=0.3696s (local map=377, WM=377)
[INFO] [1771071922.887187803] [rtabmap]: rtabmap (687): Rate=1.00s, Limit=0.000s, Conversion=0.0106s, RTAB-Map=0.1600s, Maps update=0.0021s pub=0.0146s delay=0.3749s (local map=377, WM=377)
[INFO] [1771071923.976585827] [rtabmap]: rtabmap (688): Rate=1.00s, Limit=0.000s, Conversion=0.0105s, RTAB-Map=0.1486s, Maps update=0.0022s pub=0.0190s delay=0.3643s (local map=377, WM=377)
[INFO] [1771071925.076981275] [rtabmap]: rtabmap (689): Rate=1.00s, Limit=0.000s, Conversion=0.0005s, RTAB-Map=0.1503s, Maps update=0.0020s pub=0.0192s delay=0.3646s (local map=377, WM=377)
[INFO] [1771071926.094828922] [rtabmap]: rtabmap (690): Rate=1.00s, Limit=0.000s, Conversion=0.0106s, RTAB-Map=0.1641s, Maps update=0.0023s pub=0.0144s delay=0.3824s (local map=377, WM=377)
[INFO] [1771071927.183383423] [rtabmap]: rtabmap (691): Rate=1.00s, Limit=0.000s, Conversion=0.0006s, RTAB-Map=0.1627s, Maps update=0.0024s pub=0.0144s delay=0.3710s (local map=377, WM=377)
[INFO] [1771071928.279495746] [rtabmap]: rtabmap (692): Rate=1.00s, Limit=0.000s, Conversion=0.0106s, RTAB-Map=0.1491s, Maps update=0.0021s pub=0.0175s delay=0.3671s (local map=377, WM=377)
[INFO] [1771071929.376139292] [rtabmap]: rtabmap (693): Rate=1.00s, Limit=0.000s, Conversion=0.0004s, RTAB-Map=0.1417s, Maps update=0.0019s pub=0.0206s delay=0.3629s (local map=377, WM=377)
[INFO] [1771071930.479702361] [rtabmap]: rtabmap (694): Rate=1.00s, Limit=0.000s, Conversion=0.0003s, RTAB-Map=0.1544s, Maps update=0.0023s pub=0.0210s delay=0.3673s (local map=377, WM=377)
[INFO] [1771071931.456763905] [rtabmap]: rtabmap (695): Rate=1.00s, Limit=0.000s, Conversion=0.0004s, RTAB-Map=0.1336s, Maps update=0.0020s pub=0.0187s delay=0.3443s (local map=377, WM=377)
[INFO] [1771071932.572815949] [rtabmap]: rtabmap (696): Rate=1.00s, Limit=0.000s, Conversion=0.0004s, RTAB-Map=0.1467s, Maps update=0.0022s pub=0.0197s delay=0.3603s (local map=377, WM=377)
[INFO] [1771071933.678016080] [rtabmap]: rtabmap (697): Rate=1.00s, Limit=0.000s, Conversion=0.0106s, RTAB-Map=0.1441s, Maps update=0.0020s pub=0.0250s delay=0.3655s (local map=377, WM=377)
[INFO] [1771071934.776939018] [rtabmap]: rtabmap (698): Rate=1.00s, Limit=0.000s, Conversion=0.0005s, RTAB-Map=0.1533s, Maps update=0.0020s pub=0.0164s delay=0.3646s (local map=377, WM=377)
[INFO] [1771071935.787704127] [rtabmap]: rtabmap (699): Rate=1.00s, Limit=0.000s, Conversion=0.0107s, RTAB-Map=0.1581s, Maps update=0.0023s pub=0.0171s delay=0.3752s (local map=377, WM=377)
[INFO] [1771071936.867455536] [rtabmap]: rtabmap (700): Rate=1.00s, Limit=0.000s, Conversion=0.0006s, RTAB-Map=0.1377s, Maps update=0.0020s pub=0.0228s delay=0.3550s (local map=377, WM=377)
[INFO] [1771071937.975564717] [rtabmap]: rtabmap (701): Rate=1.00s, Limit=0.000s, Conversion=0.0005s, RTAB-Map=0.1482s, Maps update=0.0026s pub=0.0189s delay=0.3631s (local map=377, WM=377)
[INFO] [1771071938.981717312] [rtabmap]: rtabmap (702): Rate=1.00s, Limit=0.000s, Conversion=0.0004s, RTAB-Map=0.1494s, Maps update=0.0020s pub=0.0197s delay=0.3692s (local map=377, WM=377)
[INFO] [1771071940.061035871] [rtabmap]: rtabmap (703): Rate=1.00s, Limit=0.000s, Conversion=0.0006s, RTAB-Map=0.1445s, Maps update=0.0026s pub=0.0176s delay=0.3485s (local map=377, WM=377)
[INFO] [1771071941.178328511] [rtabmap]: rtabmap (704): Rate=1.00s, Limit=0.000s, Conversion=0.0006s, RTAB-Map=0.1551s, Maps update=0.0022s pub=0.0184s delay=0.3658s (local map=377, WM=377)
[INFO] [1771071942.284856890] [rtabmap]: rtabmap (705): Rate=1.00s, Limit=0.000s, Conversion=0.0015s, RTAB-Map=0.1613s, Maps update=0.0021s pub=0.0174s delay=0.3723s (local map=377, WM=377)
[INFO] [1771071943.264470701] [rtabmap]: rtabmap (706): Rate=1.00s, Limit=0.000s, Conversion=0.0006s, RTAB-Map=0.1360s, Maps update=0.0023s pub=0.0195s delay=0.3519s (local map=377, WM=377)
[INFO] [1771071944.298070629] [rtabmap]: rtabmap (707): Rate=1.00s, Limit=0.000s, Conversion=0.0106s, RTAB-Map=0.1594s, Maps update=0.0023s pub=0.0159s delay=0.3854s (local map=377, WM=377)
[INFO] [1771071945.377214109] [rtabmap]: rtabmap (708): Rate=1.00s, Limit=0.000s, Conversion=0.0006s, RTAB-Map=0.1588s, Maps update=0.0020s pub=0.0146s delay=0.3637s (local map=377, WM=377)
[INFO] [1771071946.474211014] [rtabmap]: rtabmap (709): Rate=1.00s, Limit=0.000s, Conversion=0.0106s, RTAB-Map=0.1407s, Maps update=0.0021s pub=0.0188s delay=0.3616s (local map=377, WM=377)
[INFO] [1771071947.566047093] [rtabmap]: rtabmap (710): Rate=1.00s, Limit=0.000s, Conversion=0.0004s, RTAB-Map=0.1358s, Maps update=0.0020s pub=0.0275s delay=0.3533s (local map=377, WM=377)
[INFO] [1771071948.673208810] [rtabmap]: rtabmap (711): Rate=1.00s, Limit=0.000s, Conversion=0.0009s, RTAB-Map=0.1447s, Maps update=0.0025s pub=0.0187s delay=0.3605s (local map=377, WM=377)
[INFO] [1771071949.686319618] [rtabmap]: rtabmap (712): Rate=1.00s, Limit=0.000s, Conversion=0.0005s, RTAB-Map=0.1648s, Maps update=0.0021s pub=0.0158s delay=0.3736s (local map=377, WM=377)
[INFO] [1771071950.790775461] [rtabmap]: rtabmap (713): Rate=1.00s, Limit=0.000s, Conversion=0.0004s, RTAB-Map=0.1530s, Maps update=0.0022s pub=0.0286s delay=0.3781s (local map=377, WM=377)
[INFO] [1771071951.871918865] [rtabmap]: rtabmap (714): Rate=1.00s, Limit=0.000s, Conversion=0.0012s, RTAB-Map=0.1431s, Maps update=0.0021s pub=0.0197s delay=0.3592s (local map=377, WM=377)
[INFO] [1771071952.875171465] [rtabmap]: rtabmap (715): Rate=1.00s, Limit=0.000s, Conversion=0.0003s, RTAB-Map=0.1517s, Maps update=0.0020s pub=0.0142s delay=0.3624s (local map=377, WM=377)
[INFO] [1771071953.874208528] [rtabmap]: rtabmap (716): Rate=1.00s, Limit=0.000s, Conversion=0.0105s, RTAB-Map=0.1414s, Maps update=0.0021s pub=0.0224s delay=0.3614s (local map=377, WM=377)
[INFO] [1771071954.972389994] [rtabmap]: rtabmap (717): Rate=1.00s, Limit=0.000s, Conversion=0.0003s, RTAB-Map=0.1471s, Maps update=0.0021s pub=0.0182s delay=0.3596s (local map=377, WM=377)
[INFO] [1771071956.110892361] [rtabmap]: rtabmap (718): Rate=1.00s, Limit=0.000s, Conversion=0.0003s, RTAB-Map=0.1640s, Maps update=0.0022s pub=0.0314s delay=0.3981s (local map=377, WM=377)
[INFO] [1771071957.168740383] [rtabmap]: rtabmap (719): Rate=1.00s, Limit=0.000s, Conversion=0.0004s, RTAB-Map=0.1517s, Maps update=0.0020s pub=0.0180s delay=0.3560s (local map=377, WM=377)
[INFO] [1771071958.205839530] [rtabmap]: rtabmap (720): Rate=1.00s, Limit=0.000s, Conversion=0.0004s, RTAB-Map=0.1721s, Maps update=0.0021s pub=0.0222s delay=0.3931s (local map=377, WM=377)
[INFO] [1771071959.286961717] [rtabmap]: rtabmap (721): Rate=1.00s, Limit=0.000s, Conversion=0.0004s, RTAB-Map=0.1633s, Maps update=0.0023s pub=0.0129s delay=0.3741s (local map=377, WM=377)
[INFO] [1771071960.365360686] [rtabmap]: rtabmap (722): Rate=1.00s, Limit=0.000s, Conversion=0.0005s, RTAB-Map=0.1384s, Maps update=0.0021s pub=0.0183s delay=0.3518s (local map=377, WM=377)
[INFO] [1771071961.374942513] [rtabmap]: rtabmap (723): Rate=1.00s, Limit=0.000s, Conversion=0.0006s, RTAB-Map=0.1527s, Maps update=0.0020s pub=0.0163s delay=0.3613s (local map=377, WM=377)
[INFO] [1771071962.388301843] [rtabmap]: rtabmap (724): Rate=1.00s, Limit=0.000s, Conversion=0.0004s, RTAB-Map=0.1576s, Maps update=0.0022s pub=0.0198s delay=0.3746s (local map=377, WM=377)
[INFO] [1771071963.388170429] [rtabmap]: rtabmap (725): Rate=1.00s, Limit=0.000s, Conversion=0.0107s, RTAB-Map=0.1443s, Maps update=0.0021s pub=0.0311s delay=0.3744s (local map=377, WM=377)
[INFO] [1771071964.485726717] [rtabmap]: rtabmap (726): Rate=1.00s, Limit=0.000s, Conversion=0.0008s, RTAB-Map=0.1501s, Maps update=0.0026s pub=0.0214s delay=0.3728s (local map=377, WM=377)
[INFO] [1771071965.475517278] [rtabmap]: rtabmap (727): Rate=1.00s, Limit=0.000s, Conversion=0.0003s, RTAB-Map=0.1459s, Maps update=0.0030s pub=0.0166s delay=0.3625s (local map=377, WM=377)
[INFO] [1771071966.574527323] [rtabmap]: rtabmap (728): Rate=1.00s, Limit=0.000s, Conversion=0.0004s, RTAB-Map=0.1499s, Maps update=0.0020s pub=0.0161s delay=0.3616s (local map=377, WM=377)
[INFO] [1771071967.673354129] [rtabmap]: rtabmap (729): Rate=1.00s, Limit=0.000s, Conversion=0.0005s, RTAB-Map=0.1459s, Maps update=0.0025s pub=0.0207s delay=0.3605s (local map=377, WM=377)
[INFO] [1771071968.683651475] [rtabmap]: rtabmap (730): Rate=1.00s, Limit=0.000s, Conversion=0.0006s, RTAB-Map=0.1585s, Maps update=0.0025s pub=0.0188s delay=0.3707s (local map=377, WM=377)
[INFO] [1771071969.671276984] [rtabmap]: rtabmap (731): Rate=1.00s, Limit=0.000s, Conversion=0.0004s, RTAB-Map=0.1435s, Maps update=0.0023s pub=0.0172s delay=0.3583s (local map=377, WM=377)
[INFO] [1771071970.794101729] [rtabmap]: rtabmap (732): Rate=1.00s, Limit=0.000s, Conversion=0.0106s, RTAB-Map=0.1536s, Maps update=0.0021s pub=0.0239s delay=0.3811s (local map=377, WM=377)
[INFO] [1771071971.853814054] [rtabmap]: rtabmap (733): Rate=1.00s, Limit=0.000s, Conversion=0.0003s, RTAB-Map=0.1374s, Maps update=0.0020s pub=0.0181s delay=0.3408s (local map=377, WM=377)
[INFO] [1771071972.884061297] [rtabmap]: rtabmap (734): Rate=1.00s, Limit=0.000s, Conversion=0.0005s, RTAB-Map=0.1621s, Maps update=0.0023s pub=0.0157s delay=0.3710s (local map=377, WM=377)
[INFO] [1771071973.884505203] [rtabmap]: rtabmap (735): Rate=1.00s, Limit=0.000s, Conversion=0.0005s, RTAB-Map=0.1587s, Maps update=0.0022s pub=0.0153s delay=0.3714s (local map=377, WM=377)
[INFO] [1771071974.983954050] [rtabmap]: rtabmap (736): Rate=1.00s, Limit=0.000s, Conversion=0.0105s, RTAB-Map=0.1452s, Maps update=0.0025s pub=0.0263s delay=0.3709s (local map=377, WM=377)
[INFO] [1771071975.991208051] [rtabmap]: rtabmap (737): Rate=1.00s, Limit=0.000s, Conversion=0.0011s, RTAB-Map=0.1510s, Maps update=0.0030s pub=0.0223s delay=0.3781s (local map=377, WM=377)
[INFO] [1771071976.965697618] [rtabmap]: rtabmap (738): Rate=1.00s, Limit=0.000s, Conversion=0.0004s, RTAB-Map=0.1382s, Maps update=0.0019s pub=0.0212s delay=0.3526s (local map=377, WM=377)
[INFO] [1771071978.092785044] [rtabmap]: rtabmap (739): Rate=1.00s, Limit=0.000s, Conversion=0.0008s, RTAB-Map=0.1619s, Maps update=0.0021s pub=0.0182s delay=0.3795s (local map=377, WM=377)
[INFO] [1771071979.173052428] [rtabmap]: rtabmap (740): Rate=1.00s, Limit=0.000s, Conversion=0.0004s, RTAB-Map=0.1482s, Maps update=0.0022s pub=0.0200s delay=0.3600s (local map=377, WM=377)
[INFO] [1771071980.260238117] [rtabmap]: rtabmap (741): Rate=1.00s, Limit=0.000s, Conversion=0.0005s, RTAB-Map=0.1367s, Maps update=0.0022s pub=0.0208s delay=0.3472s (local map=377, WM=377)
[INFO] [1771071981.311996676] [rtabmap]: rtabmap (742): Rate=1.00s, Limit=0.000s, Conversion=0.0004s, RTAB-Map=0.1700s, Maps update=0.0024s pub=0.0293s delay=0.3989s (local map=377, WM=377)
[INFO] [1771071982.381578276] [rtabmap]: rtabmap (743): Rate=1.00s, Limit=0.000s, Conversion=0.0009s, RTAB-Map=0.1491s, Maps update=0.0021s pub=0.0184s delay=0.3677s (local map=377, WM=377)
[INFO] [1771071983.483667709] [rtabmap]: rtabmap (744): Rate=1.00s, Limit=0.000s, Conversion=0.0108s, RTAB-Map=0.1547s, Maps update=0.0020s pub=0.0175s delay=0.3705s (local map=377, WM=377)
[INFO] [1771071984.579381193] [rtabmap]: rtabmap (745): Rate=1.00s, Limit=0.000s, Conversion=0.0004s, RTAB-Map=0.1563s, Maps update=0.0023s pub=0.0175s delay=0.3663s (local map=377, WM=377)
[INFO] [1771071985.582825104] [rtabmap]: rtabmap (746): Rate=1.00s, Limit=0.000s, Conversion=0.0004s, RTAB-Map=0.1529s, Maps update=0.0022s pub=0.0160s delay=0.3697s (local map=377, WM=377)
[INFO] [1771071986.673875557] [rtabmap]: rtabmap (747): Rate=1.00s, Limit=0.000s, Conversion=0.0005s, RTAB-Map=0.1528s, Maps update=0.0021s pub=0.0208s delay=0.3608s (local map=377, WM=377)
[INFO] [1771071987.784882079] [rtabmap]: rtabmap (748): Rate=1.00s, Limit=0.000s, Conversion=0.0003s, RTAB-Map=0.1545s, Maps update=0.0028s pub=0.0188s delay=0.3718s (local map=377, WM=377)
[INFO] [1771071988.755073235] [rtabmap]: rtabmap (749): Rate=1.00s, Limit=0.000s, Conversion=0.0003s, RTAB-Map=0.1303s, Maps update=0.0025s pub=0.0234s delay=0.3420s (local map=377, WM=377)
[INFO] [1771071989.778447453] [rtabmap]: rtabmap (750): Rate=1.00s, Limit=0.000s, Conversion=0.0011s, RTAB-Map=0.1556s, Maps update=0.0020s pub=0.0205s delay=0.3653s (local map=377, WM=377)
[INFO] [1771071990.885003815] [rtabmap]: rtabmap (751): Rate=1.00s, Limit=0.000s, Conversion=0.0005s, RTAB-Map=0.1455s, Maps update=0.0022s pub=0.0191s delay=0.3719s (local map=377, WM=377)
[INFO] [1771071991.981605616] [rtabmap]: rtabmap (752): Rate=1.00s, Limit=0.000s, Conversion=0.0006s, RTAB-Map=0.1571s, Maps update=0.0021s pub=0.0170s delay=0.3686s (local map=377, WM=377)
[INFO] [1771071992.986807631] [rtabmap]: rtabmap (753): Rate=1.00s, Limit=0.000s, Conversion=0.0003s, RTAB-Map=0.1582s, Maps update=0.0022s pub=0.0173s delay=0.3737s (local map=377, WM=377)
[INFO] [1771071993.972214927] [rtabmap]: rtabmap (754): Rate=1.00s, Limit=0.000s, Conversion=0.0003s, RTAB-Map=0.1487s, Maps update=0.0036s pub=0.0214s delay=0.3591s (local map=377, WM=377)
[INFO] [1771071995.078201799] [rtabmap]: rtabmap (755): Rate=1.00s, Limit=0.000s, Conversion=0.0005s, RTAB-Map=0.1495s, Maps update=0.0024s pub=0.0155s delay=0.3651s (local map=377, WM=377)
[INFO] [1771071996.193039388] [rtabmap]: rtabmap (756): Rate=1.00s, Limit=0.000s, Conversion=0.0003s, RTAB-Map=0.1607s, Maps update=0.0020s pub=0.0176s delay=0.3799s (local map=377, WM=377)
[INFO] [1771071997.274166705] [rtabmap]: rtabmap (757): Rate=1.00s, Limit=0.000s, Conversion=0.0004s, RTAB-Map=0.1400s, Maps update=0.0029s pub=0.0247s delay=0.3611s (local map=377, WM=377)
[INFO] [1771071998.277871808] [rtabmap]: rtabmap (758): Rate=1.00s, Limit=0.000s, Conversion=0.0005s, RTAB-Map=0.1502s, Maps update=0.0021s pub=0.0205s delay=0.3646s (local map=377, WM=377)
[INFO] [1771071999.375577612] [rtabmap]: rtabmap (759): Rate=1.00s, Limit=0.000s, Conversion=0.0005s, RTAB-Map=0.1509s, Maps update=0.0021s pub=0.0195s delay=0.3618s (local map=377, WM=377)
[INFO] [1771072000.382062197] [rtabmap]: rtabmap (760): Rate=1.00s, Limit=0.000s, Conversion=0.0004s, RTAB-Map=0.1485s, Maps update=0.0020s pub=0.0253s delay=0.3680s (local map=377, WM=377)
[INFO] [1771072001.422445221] [rtabmap]: rtabmap (761): Rate=1.00s, Limit=0.000s, Conversion=0.0014s, RTAB-Map=0.1668s, Maps update=0.0022s pub=0.0348s delay=0.4084s (local map=377, WM=377)
[INFO] [1771072002.468520716] [rtabmap]: rtabmap (762): Rate=1.00s, Limit=0.000s, Conversion=0.0004s, RTAB-Map=0.1364s, Maps update=0.0023s pub=0.0215s delay=0.3553s (local map=377, WM=377)
[INFO] [1771072003.576386465] [rtabmap]: rtabmap (763): Rate=1.00s, Limit=0.000s, Conversion=0.0005s, RTAB-Map=0.1524s, Maps update=0.0021s pub=0.0187s delay=0.3632s (local map=377, WM=377)
[INFO] [1771072004.669771169] [rtabmap]: rtabmap (764): Rate=1.00s, Limit=0.000s, Conversion=0.0004s, RTAB-Map=0.1460s, Maps update=0.0023s pub=0.0169s delay=0.3566s (local map=377, WM=377)
[INFO] [1771072005.768651348] [rtabmap]: rtabmap (765): Rate=1.00s, Limit=0.000s, Conversion=0.0003s, RTAB-Map=0.1365s, Maps update=0.0024s pub=0.0342s delay=0.3556s (local map=377, WM=377)
[INFO] [1771072006.765952084] [rtabmap]: rtabmap (766): Rate=1.00s, Limit=0.000s, Conversion=0.0005s, RTAB-Map=0.1433s, Maps update=0.0026s pub=0.0244s delay=0.3527s (local map=377, WM=377)
[INFO] [1771072007.857265617] [rtabmap]: rtabmap (767): Rate=1.00s, Limit=0.000s, Conversion=0.0004s, RTAB-Map=0.1305s, Maps update=0.0023s pub=0.0209s delay=0.3440s (local map=377, WM=377)
[INFO] [1771072008.980008102] [rtabmap]: rtabmap (768): Rate=1.00s, Limit=0.000s, Conversion=0.0004s, RTAB-Map=0.1500s, Maps update=0.0021s pub=0.0192s delay=0.3668s (local map=377, WM=377)
[INFO] [1771072010.085148099] [rtabmap]: rtabmap (769): Rate=1.00s, Limit=0.000s, Conversion=0.0005s, RTAB-Map=0.1401s, Maps update=0.0022s pub=0.0353s delay=0.3718s (local map=377, WM=377)
[INFO] [1771072011.172188118] [rtabmap]: rtabmap (770): Rate=1.00s, Limit=0.000s, Conversion=0.0005s, RTAB-Map=0.1427s, Maps update=0.0024s pub=0.0200s delay=0.3590s (local map=377, WM=377)
[INFO] [1771072012.274621723] [rtabmap]: rtabmap (771): Rate=1.00s, Limit=0.000s, Conversion=0.0005s, RTAB-Map=0.1462s, Maps update=0.0020s pub=0.0191s delay=0.3615s (local map=377, WM=377)
[INFO] [1771072013.245336288] [rtabmap]: rtabmap (772): Rate=1.00s, Limit=0.000s, Conversion=0.0005s, RTAB-Map=0.1280s, Maps update=0.0021s pub=0.0193s delay=0.3322s (local map=377, WM=377)
[INFO] [1771072014.290289508] [rtabmap]: rtabmap (773): Rate=1.00s, Limit=0.000s, Conversion=0.0004s, RTAB-Map=0.1591s, Maps update=0.0022s pub=0.0171s delay=0.3771s (local map=377, WM=377)
[INFO] [1771072015.298913458] [rtabmap]: rtabmap (774): Rate=1.00s, Limit=0.000s, Conversion=0.0005s, RTAB-Map=0.1518s, Maps update=0.0022s pub=0.0220s delay=0.3856s (local map=377, WM=377)
[INFO] [1771072016.384230766] [rtabmap]: rtabmap (775): Rate=1.00s, Limit=0.000s, Conversion=0.0004s, RTAB-Map=0.1522s, Maps update=0.0026s pub=0.0192s delay=0.3702s (local map=377, WM=377)
[INFO] [1771072017.465811249] [rtabmap]: rtabmap (776): Rate=1.00s, Limit=0.000s, Conversion=0.0003s, RTAB-Map=0.1413s, Maps update=0.0028s pub=0.0209s delay=0.3527s (local map=377, WM=377)
[INFO] [1771072018.586023124] [rtabmap]: rtabmap (777): Rate=1.00s, Limit=0.000s, Conversion=0.0008s, RTAB-Map=0.1474s, Maps update=0.0022s pub=0.0209s delay=0.3728s (local map=377, WM=377)
[INFO] [1771072019.674024071] [rtabmap]: rtabmap (778): Rate=1.00s, Limit=0.000s, Conversion=0.0106s, RTAB-Map=0.1340s, Maps update=0.0020s pub=0.0211s delay=0.3608s (local map=377, WM=377)
[INFO] [1771072020.683556306] [rtabmap]: rtabmap (779): Rate=1.00s, Limit=0.000s, Conversion=0.0006s, RTAB-Map=0.1510s, Maps update=0.0022s pub=0.0200s delay=0.3703s (local map=377, WM=377)
[INFO] [1771072021.797539148] [rtabmap]: rtabmap (780): Rate=1.00s, Limit=0.000s, Conversion=0.0005s, RTAB-Map=0.1644s, Maps update=0.0026s pub=0.0218s delay=0.3843s (local map=377, WM=377)
[INFO] [1771072022.883740356] [rtabmap]: rtabmap (781): Rate=1.00s, Limit=0.000s, Conversion=0.0005s, RTAB-Map=0.1549s, Maps update=0.0022s pub=0.0169s delay=0.3716s (local map=377, WM=377)
[INFO] [1771072023.884295597] [rtabmap]: rtabmap (782): Rate=1.00s, Limit=0.000s, Conversion=0.0105s, RTAB-Map=0.1429s, Maps update=0.0030s pub=0.0218s delay=0.3712s (local map=377, WM=377)
[INFO] [1771072024.891412235] [rtabmap]: rtabmap (783): Rate=1.00s, Limit=0.000s, Conversion=0.0005s, RTAB-Map=0.1539s, Maps update=0.0021s pub=0.0319s delay=0.3782s (local map=377, WM=377)
[INFO] [1771072025.946972421] [rtabmap]: rtabmap (784): Rate=1.00s, Limit=0.000s, Conversion=0.0004s, RTAB-Map=0.1311s, Maps update=0.0021s pub=0.0182s delay=0.3336s (local map=377, WM=377)
[INFO] [1771072027.096291125] [rtabmap]: rtabmap (785): Rate=1.00s, Limit=0.000s, Conversion=0.0105s, RTAB-Map=0.1612s, Maps update=0.0020s pub=0.0152s delay=0.3829s (local map=377, WM=377)
[INFO] [1771072028.208654843] [rtabmap]: rtabmap (786): Rate=1.00s, Limit=0.000s, Conversion=0.0005s, RTAB-Map=0.1613s, Maps update=0.0029s pub=0.0382s delay=0.3955s (local map=377, WM=377)
[INFO] [1771072029.203618735] [rtabmap]: rtabmap (787): Rate=1.00s, Limit=0.000s, Conversion=0.0003s, RTAB-Map=0.1734s, Maps update=0.0020s pub=0.0161s delay=0.3904s (local map=377, WM=377)
[INFO] [1771072030.153072101] [rtabmap]: rtabmap (788): Rate=1.00s, Limit=0.000s, Conversion=0.0005s, RTAB-Map=0.1369s, Maps update=0.0022s pub=0.0181s delay=0.3398s (local map=377, WM=377)
[INFO] [1771072031.266166466] [rtabmap]: rtabmap (789): Rate=1.00s, Limit=0.000s, Conversion=0.0004s, RTAB-Map=0.1353s, Maps update=0.0034s pub=0.0257s delay=0.3530s (local map=377, WM=377)
[INFO] [1771072032.255942479] [rtabmap]: rtabmap (790): Rate=1.00s, Limit=0.000s, Conversion=0.0004s, RTAB-Map=0.1299s, Maps update=0.0021s pub=0.0243s delay=0.3427s (local map=377, WM=377)
[INFO] [1771072033.381226711] [rtabmap]: rtabmap (791): Rate=1.00s, Limit=0.000s, Conversion=0.0004s, RTAB-Map=0.1429s, Maps update=0.0022s pub=0.0238s delay=0.3674s (local map=377, WM=377)
[INFO] [1771072034.507556512] [rtabmap]: rtabmap (792): Rate=1.00s, Limit=0.000s, Conversion=0.0005s, RTAB-Map=0.1559s, Maps update=0.0021s pub=0.0221s delay=0.3943s (local map=377, WM=377)
[INFO] [1771072035.459074264] [rtabmap]: rtabmap (793): Rate=1.00s, Limit=0.000s, Conversion=0.0003s, RTAB-Map=0.1340s, Maps update=0.0021s pub=0.0197s delay=0.3457s (local map=377, WM=377)
[INFO] [1771072036.591754030] [rtabmap]: rtabmap (794): Rate=1.00s, Limit=0.000s, Conversion=0.0004s, RTAB-Map=0.1609s, Maps update=0.0026s pub=0.0181s delay=0.3796s (local map=377, WM=377)
[INFO] [1771072037.581005706] [rtabmap]: rtabmap (795): Rate=1.00s, Limit=0.000s, Conversion=0.0005s, RTAB-Map=0.1500s, Maps update=0.0020s pub=0.0181s delay=0.3678s (local map=377, WM=377)
[INFO] [1771072038.673870682] [rtabmap]: rtabmap (796): Rate=1.00s, Limit=0.000s, Conversion=0.0005s, RTAB-Map=0.1494s, Maps update=0.0022s pub=0.0204s delay=0.3606s (local map=377, WM=377)
[INFO] [1771072039.837053322] [rtabmap]: rtabmap (797): Rate=1.00s, Limit=0.000s, Conversion=0.0007s, RTAB-Map=0.1627s, Maps update=0.0045s pub=0.0484s delay=0.4239s (local map=378, WM=378)
[INFO] [1771072040.794519491] [rtabmap]: rtabmap (798): Rate=1.00s, Limit=0.000s, Conversion=0.0005s, RTAB-Map=0.1443s, Maps update=0.0046s pub=0.0459s delay=0.3811s (local map=379, WM=379)
[INFO] [1771072041.899824772] [rtabmap]: rtabmap (799): Rate=1.00s, Limit=0.000s, Conversion=0.0007s, RTAB-Map=0.1475s, Maps update=0.0029s pub=0.0442s delay=0.3866s (local map=380, WM=380)
[INFO] [1771072042.996710806] [rtabmap]: rtabmap (800): Rate=1.00s, Limit=0.000s, Conversion=0.0005s, RTAB-Map=0.1508s, Maps update=0.0063s pub=0.0397s delay=0.3844s (local map=381, WM=381)
[INFO] [1771072043.989966419] [rtabmap]: rtabmap (801): Rate=1.00s, Limit=0.000s, Conversion=0.0003s, RTAB-Map=0.1445s, Maps update=0.0038s pub=0.0459s delay=0.3776s (local map=382, WM=382)
[INFO] [1771072044.985987050] [rtabmap]: rtabmap (802): Rate=1.00s, Limit=0.000s, Conversion=0.0005s, RTAB-Map=0.1389s, Maps update=0.0055s pub=0.0453s delay=0.3725s (local map=383, WM=383)
[INFO] [1771072046.053660236] [rtabmap]: rtabmap (803): Rate=1.00s, Limit=0.000s, Conversion=0.0004s, RTAB-Map=0.1339s, Maps update=0.0021s pub=0.0226s delay=0.3405s (local map=383, WM=383)
[INFO] [1771072047.105027583] [rtabmap]: rtabmap (804): Rate=1.00s, Limit=0.000s, Conversion=0.0106s, RTAB-Map=0.1387s, Maps update=0.0052s pub=0.0571s delay=0.3917s (local map=384, WM=384)
[INFO] [1771072048.177378712] [rtabmap]: rtabmap (805): Rate=1.00s, Limit=0.000s, Conversion=0.0004s, RTAB-Map=0.1520s, Maps update=0.0028s pub=0.0232s delay=0.3640s (local map=384, WM=384)
[INFO] [1771072049.291922244] [rtabmap]: rtabmap (806): Rate=1.00s, Limit=0.000s, Conversion=0.0004s, RTAB-Map=0.1430s, Maps update=0.0045s pub=0.0480s delay=0.3786s (local map=385, WM=385)
[INFO] [1771072050.267277599] [rtabmap]: rtabmap (807): Rate=1.00s, Limit=0.000s, Conversion=0.0005s, RTAB-Map=0.1368s, Maps update=0.0023s pub=0.0285s delay=0.3540s (local map=385, WM=385)
[INFO] [1771072051.298996983] [rtabmap]: rtabmap (808): Rate=1.00s, Limit=0.000s, Conversion=0.0004s, RTAB-Map=0.1500s, Maps update=0.0029s pub=0.0430s delay=0.3856s (local map=386, WM=386)
[INFO] [1771072052.300806120] [rtabmap]: rtabmap (809): Rate=1.00s, Limit=0.000s, Conversion=0.0105s, RTAB-Map=0.1554s, Maps update=0.0020s pub=0.0192s delay=0.3874s (local map=386, WM=386)
[INFO] [1771072053.376736533] [rtabmap]: rtabmap (810): Rate=1.00s, Limit=0.000s, Conversion=0.0003s, RTAB-Map=0.1335s, Maps update=0.0050s pub=0.0433s delay=0.3643s (local map=387, WM=387)
[INFO] [1771072054.490109147] [rtabmap]: rtabmap (811): Rate=1.00s, Limit=0.000s, Conversion=0.0005s, RTAB-Map=0.1583s, Maps update=0.0021s pub=0.0219s delay=0.3777s (local map=387, WM=387)
[INFO] [1771072055.497287931] [rtabmap]: rtabmap (812): Rate=1.00s, Limit=0.000s, Conversion=0.0005s, RTAB-Map=0.1531s, Maps update=0.0040s pub=0.0383s delay=0.3848s (local map=388, WM=388)
[INFO] [1771072056.488393266] [rtabmap]: rtabmap (813): Rate=1.00s, Limit=0.000s, Conversion=0.0004s, RTAB-Map=0.1491s, Maps update=0.0029s pub=0.0326s delay=0.3750s (local map=388, WM=388)
[INFO] [1771072057.536337399] [rtabmap]: rtabmap (814): Rate=1.00s, Limit=0.000s, Conversion=0.0105s, RTAB-Map=0.1530s, Maps update=0.0037s pub=0.0609s delay=0.4229s (local map=389, WM=389)
[INFO] [1771072058.582291259] [rtabmap]: rtabmap (815): Rate=1.00s, Limit=0.000s, Conversion=0.0004s, RTAB-Map=0.1495s, Maps update=0.0021s pub=0.0240s delay=0.3690s (local map=389, WM=389)
[INFO] [1771072059.604698950] [rtabmap]: rtabmap (816): Rate=1.00s, Limit=0.000s, Conversion=0.0003s, RTAB-Map=0.1559s, Maps update=0.0046s pub=0.0426s delay=0.3914s (local map=390, WM=390)
[INFO] [1771072060.592733411] [rtabmap]: rtabmap (817): Rate=1.00s, Limit=0.000s, Conversion=0.0005s, RTAB-Map=0.1498s, Maps update=0.0046s pub=0.0360s delay=0.3794s (local map=391, WM=391)
[INFO] [1771072061.581357665] [rtabmap]: rtabmap (818): Rate=1.00s, Limit=0.000s, Conversion=0.0003s, RTAB-Map=0.1579s, Maps update=0.0022s pub=0.0198s delay=0.3679s (local map=391, WM=391)
[INFO] [1771072062.682792330] [rtabmap]: rtabmap (819): Rate=1.00s, Limit=0.000s, Conversion=0.0004s, RTAB-Map=0.1501s, Maps update=0.0021s pub=0.0254s delay=0.3694s (local map=391, WM=391)
[INFO] [1771072063.768236957] [rtabmap]: rtabmap (820): Rate=1.00s, Limit=0.000s, Conversion=0.0004s, RTAB-Map=0.1383s, Maps update=0.0023s pub=0.0212s delay=0.3548s (local map=391, WM=391)
[INFO] [1771072064.887001885] [rtabmap]: rtabmap (821): Rate=1.00s, Limit=0.000s, Conversion=0.0005s, RTAB-Map=0.1519s, Maps update=0.0024s pub=0.0222s delay=0.3747s (local map=391, WM=391)
[INFO] [1771072065.878367165] [rtabmap]: rtabmap (822): Rate=1.00s, Limit=0.000s, Conversion=0.0007s, RTAB-Map=0.1559s, Maps update=0.0025s pub=0.0193s delay=0.3650s (local map=391, WM=391)
[INFO] [1771072067.001230976] [rtabmap]: rtabmap (823): Rate=1.00s, Limit=0.000s, Conversion=0.0004s, RTAB-Map=0.1679s, Maps update=0.0026s pub=0.0201s delay=0.3879s (local map=391, WM=391)
[INFO] [1771072067.980365275] [rtabmap]: rtabmap (824): Rate=1.00s, Limit=0.000s, Conversion=0.0003s, RTAB-Map=0.1584s, Maps update=0.0022s pub=0.0137s delay=0.3668s (local map=391, WM=391)
[INFO] [1771072069.077890795] [rtabmap]: rtabmap (825): Rate=1.00s, Limit=0.000s, Conversion=0.0005s, RTAB-Map=0.1495s, Maps update=0.0027s pub=0.0232s delay=0.3655s (local map=391, WM=391)
[INFO] [1771072070.077354763] [rtabmap]: rtabmap (826): Rate=1.00s, Limit=0.000s, Conversion=0.0006s, RTAB-Map=0.1435s, Maps update=0.0023s pub=0.0255s delay=0.3637s (local map=391, WM=391)
[INFO] [1771072071.170449929] [rtabmap]: rtabmap (827): Rate=1.00s, Limit=0.000s, Conversion=0.0003s, RTAB-Map=0.1463s, Maps update=0.0021s pub=0.0199s delay=0.3570s (local map=391, WM=391)
[INFO] [1771072072.285428629] [rtabmap]: rtabmap (828): Rate=1.00s, Limit=0.000s, Conversion=0.0005s, RTAB-Map=0.1565s, Maps update=0.0021s pub=0.0203s delay=0.3729s (local map=391, WM=391)
[INFO] [1771072073.353461165] [rtabmap]: rtabmap (829): Rate=1.00s, Limit=0.000s, Conversion=0.0005s, RTAB-Map=0.1341s, Maps update=0.0024s pub=0.0226s delay=0.3392s (local map=391, WM=391)
[INFO] [1771072074.466036904] [rtabmap]: rtabmap (830): Rate=1.00s, Limit=0.000s, Conversion=0.0005s, RTAB-Map=0.1441s, Maps update=0.0021s pub=0.0176s delay=0.3525s (local map=391, WM=391)
[INFO] [1771072075.435456405] [rtabmap]: rtabmap (831): Rate=1.00s, Limit=0.000s, Conversion=0.0005s, RTAB-Map=0.1242s, Maps update=0.0023s pub=0.0156s delay=0.3219s (local map=391, WM=391)
[INFO] [1771072076.555853891] [rtabmap]: rtabmap (832): Rate=1.00s, Limit=0.000s, Conversion=0.0003s, RTAB-Map=0.1386s, Maps update=0.0021s pub=0.0145s delay=0.3423s (local map=391, WM=391)
[INFO] [1771072077.679026517] [rtabmap]: rtabmap (833): Rate=1.00s, Limit=0.000s, Conversion=0.0007s, RTAB-Map=0.1511s, Maps update=0.0023s pub=0.0188s delay=0.3666s (local map=391, WM=391)
[INFO] [1771072078.676012928] [rtabmap]: rtabmap (834): Rate=1.00s, Limit=0.000s, Conversion=0.0004s, RTAB-Map=0.1465s, Maps update=0.0022s pub=0.0210s delay=0.3635s (local map=391, WM=391)
[INFO] [1771072079.758318397] [rtabmap]: rtabmap (835): Rate=1.00s, Limit=0.000s, Conversion=0.0003s, RTAB-Map=0.1353s, Maps update=0.0022s pub=0.0230s delay=0.3458s (local map=391, WM=391)
[INFO] [1771072080.771999904] [rtabmap]: rtabmap (836): Rate=1.00s, Limit=0.000s, Conversion=0.0004s, RTAB-Map=0.1458s, Maps update=0.0023s pub=0.0180s delay=0.3593s (local map=391, WM=391)
[INFO] [1771072081.780794235] [rtabmap]: rtabmap (837): Rate=1.00s, Limit=0.000s, Conversion=0.0004s, RTAB-Map=0.1484s, Maps update=0.0022s pub=0.0233s delay=0.3681s (local map=391, WM=391)
[INFO] [1771072082.869246620] [rtabmap]: rtabmap (838): Rate=1.00s, Limit=0.000s, Conversion=0.0003s, RTAB-Map=0.1452s, Maps update=0.0027s pub=0.0177s delay=0.3570s (local map=391, WM=391)
[INFO] [1771072083.882967841] [rtabmap]: rtabmap (839): Rate=1.00s, Limit=0.000s, Conversion=0.0107s, RTAB-Map=0.1548s, Maps update=0.0022s pub=0.0173s delay=0.3704s (local map=391, WM=391)
[INFO] [1771072084.882088241] [rtabmap]: rtabmap (840): Rate=1.00s, Limit=0.000s, Conversion=0.0006s, RTAB-Map=0.1542s, Maps update=0.0021s pub=0.0203s delay=0.3694s (local map=391, WM=391)
[INFO] [1771072086.001984871] [rtabmap]: rtabmap (841): Rate=1.00s, Limit=0.000s, Conversion=0.0006s, RTAB-Map=0.1707s, Maps update=0.0023s pub=0.0195s delay=0.3894s (local map=391, WM=391)
[INFO] [1771072087.080715899] [rtabmap]: rtabmap (842): Rate=1.00s, Limit=0.000s, Conversion=0.0005s, RTAB-Map=0.1514s, Maps update=0.0023s pub=0.0171s delay=0.3681s (local map=391, WM=391)
[INFO] [1771072088.183123283] [rtabmap]: rtabmap (843): Rate=1.00s, Limit=0.000s, Conversion=0.0004s, RTAB-Map=0.1504s, Maps update=0.0021s pub=0.0162s delay=0.3703s (local map=391, WM=391)
[INFO] [1771072089.260085459] [rtabmap]: rtabmap (844): Rate=1.00s, Limit=0.000s, Conversion=0.0003s, RTAB-Map=0.1302s, Maps update=0.0022s pub=0.0241s delay=0.3474s (local map=391, WM=391)
[INFO] [1771072090.269848348] [rtabmap]: rtabmap (845): Rate=1.00s, Limit=0.000s, Conversion=0.0004s, RTAB-Map=0.1332s, Maps update=0.0036s pub=0.0313s delay=0.3571s (local map=391, WM=391)
[INFO] [1771072091.367184739] [rtabmap]: rtabmap (846): Rate=1.00s, Limit=0.000s, Conversion=0.0004s, RTAB-Map=0.1404s, Maps update=0.0027s pub=0.0199s delay=0.3545s (local map=391, WM=391)
[INFO] [1771072092.372529306] [rtabmap]: rtabmap (847): Rate=1.00s, Limit=0.000s, Conversion=0.0003s, RTAB-Map=0.1432s, Maps update=0.0022s pub=0.0193s delay=0.3595s (local map=391, WM=391)
[INFO] [1771072093.479186428] [rtabmap]: rtabmap (848): Rate=1.00s, Limit=0.000s, Conversion=0.0106s, RTAB-Map=0.1394s, Maps update=0.0026s pub=0.0207s delay=0.3670s (local map=391, WM=391)
[INFO] [1771072094.580218010] [rtabmap]: rtabmap (849): Rate=1.00s, Limit=0.000s, Conversion=0.0106s, RTAB-Map=0.1539s, Maps update=0.0022s pub=0.0179s delay=0.3679s (local map=391, WM=391)
[INFO] [1771072095.676502217] [rtabmap]: rtabmap (850): Rate=1.00s, Limit=0.000s, Conversion=0.0004s, RTAB-Map=0.1468s, Maps update=0.0022s pub=0.0205s delay=0.3637s (local map=391, WM=391)
[INFO] [1771072096.775773055] [rtabmap]: rtabmap (851): Rate=1.00s, Limit=0.000s, Conversion=0.0004s, RTAB-Map=0.1449s, Maps update=0.0026s pub=0.0222s delay=0.3630s (local map=391, WM=391)
[INFO] [1771072097.883459159] [rtabmap]: rtabmap (852): Rate=1.00s, Limit=0.000s, Conversion=0.0004s, RTAB-Map=0.1508s, Maps update=0.0035s pub=0.0169s delay=0.3712s (local map=391, WM=391)
[INFO] [1771072098.981403167] [rtabmap]: rtabmap (853): Rate=1.00s, Limit=0.000s, Conversion=0.0005s, RTAB-Map=0.1552s, Maps update=0.0024s pub=0.0165s delay=0.3686s (local map=391, WM=391)
[INFO] [1771072100.075959091] [rtabmap]: rtabmap (854): Rate=1.00s, Limit=0.000s, Conversion=0.0105s, RTAB-Map=0.1441s, Maps update=0.0023s pub=0.0201s delay=0.3632s (local map=391, WM=391)
[INFO] [1771072101.180553473] [rtabmap]: rtabmap (855): Rate=1.00s, Limit=0.000s, Conversion=0.0004s, RTAB-Map=0.1516s, Maps update=0.0023s pub=0.0200s delay=0.3683s (local map=391, WM=391)
[INFO] [1771072102.268170310] [rtabmap]: rtabmap (856): Rate=1.00s, Limit=0.000s, Conversion=0.0005s, RTAB-Map=0.1454s, Maps update=0.0021s pub=0.0188s delay=0.3553s (local map=391, WM=391)
[INFO] [1771072103.370636874] [rtabmap]: rtabmap (857): Rate=1.00s, Limit=0.000s, Conversion=0.0107s, RTAB-Map=0.1420s, Maps update=0.0021s pub=0.0158s delay=0.3583s (local map=391, WM=391)
[INFO] [1771072104.360802807] [rtabmap]: rtabmap (858): Rate=1.00s, Limit=0.000s, Conversion=0.0005s, RTAB-Map=0.1377s, Maps update=0.0037s pub=0.0199s delay=0.3484s (local map=391, WM=391)
[INFO] [1771072105.379485337] [rtabmap]: rtabmap (859): Rate=1.00s, Limit=0.000s, Conversion=0.0005s, RTAB-Map=0.1474s, Maps update=0.0022s pub=0.0172s delay=0.3666s (local map=391, WM=391)
[INFO] [1771072106.480095901] [rtabmap]: rtabmap (860): Rate=1.00s, Limit=0.000s, Conversion=0.0011s, RTAB-Map=0.1513s, Maps update=0.0042s pub=0.0210s delay=0.3677s (local map=391, WM=391)
[INFO] [1771072107.481575567] [rtabmap]: rtabmap (861): Rate=1.00s, Limit=0.000s, Conversion=0.0003s, RTAB-Map=0.1504s, Maps update=0.0023s pub=0.0253s delay=0.3687s (local map=391, WM=391)
[INFO] [1771072108.569652900] [rtabmap]: rtabmap (862): Rate=1.00s, Limit=0.000s, Conversion=0.0105s, RTAB-Map=0.1415s, Maps update=0.0022s pub=0.0164s delay=0.3575s (local map=391, WM=391)
[INFO] [1771072109.690872557] [rtabmap]: rtabmap (863): Rate=1.00s, Limit=0.000s, Conversion=0.0105s, RTAB-Map=0.1426s, Maps update=0.0023s pub=0.0405s delay=0.3785s (local map=391, WM=391)
[INFO] [1771072110.802091902] [rtabmap]: rtabmap (864): Rate=1.00s, Limit=0.000s, Conversion=0.0008s, RTAB-Map=0.1757s, Maps update=0.0021s pub=0.0169s delay=0.3900s (local map=391, WM=391)
[INFO] [1771072111.874785858] [rtabmap]: rtabmap (865): Rate=1.00s, Limit=0.000s, Conversion=0.0006s, RTAB-Map=0.1506s, Maps update=0.0023s pub=0.0148s delay=0.3626s (local map=391, WM=391)
[INFO] [1771072112.880683372] [rtabmap]: rtabmap (866): Rate=1.00s, Limit=0.000s, Conversion=0.0004s, RTAB-Map=0.1409s, Maps update=0.0023s pub=0.0356s delay=0.3683s (local map=391, WM=391)
[INFO] [1771072113.981212174] [rtabmap]: rtabmap (867): Rate=1.00s, Limit=0.000s, Conversion=0.0005s, RTAB-Map=0.1512s, Maps update=0.0027s pub=0.0141s delay=0.3683s (local map=391, WM=391)
[INFO] [1771072115.070207074] [rtabmap]: rtabmap (868): Rate=1.00s, Limit=0.000s, Conversion=0.0004s, RTAB-Map=0.1477s, Maps update=0.0022s pub=0.0170s delay=0.3573s (local map=391, WM=391)
[INFO] [1771072116.179187495] [rtabmap]: rtabmap (869): Rate=1.00s, Limit=0.000s, Conversion=0.0106s, RTAB-Map=0.1518s, Maps update=0.0021s pub=0.0151s delay=0.3668s (local map=391, WM=391)
[INFO] [1771072117.278782888] [rtabmap]: rtabmap (870): Rate=1.00s, Limit=0.000s, Conversion=0.0004s, RTAB-Map=0.1484s, Maps update=0.0022s pub=0.0195s delay=0.3664s (local map=391, WM=391)
[INFO] [1771072118.288550679] [rtabmap]: rtabmap (871): Rate=1.00s, Limit=0.000s, Conversion=0.0005s, RTAB-Map=0.1606s, Maps update=0.0025s pub=0.0153s delay=0.3757s (local map=391, WM=391)
[INFO] [1771072119.372998767] [rtabmap]: rtabmap (872): Rate=1.00s, Limit=0.000s, Conversion=0.0004s, RTAB-Map=0.1464s, Maps update=0.0022s pub=0.0247s delay=0.3607s (local map=391, WM=391)
[INFO] [1771072120.494911856] [rtabmap]: rtabmap (873): Rate=1.00s, Limit=0.000s, Conversion=0.0004s, RTAB-Map=0.1620s, Maps update=0.0025s pub=0.0230s delay=0.3827s (local map=391, WM=391)
[INFO] [1771072121.580741240] [rtabmap]: rtabmap (874): Rate=1.00s, Limit=0.000s, Conversion=0.0003s, RTAB-Map=0.1513s, Maps update=0.0021s pub=0.0173s delay=0.3685s (local map=391, WM=391)
[INFO] [1771072122.581113796] [rtabmap]: rtabmap (875): Rate=1.00s, Limit=0.000s, Conversion=0.0005s, RTAB-Map=0.1506s, Maps update=0.0021s pub=0.0207s delay=0.3689s (local map=391, WM=391)
[INFO] [1771072123.660644723] [rtabmap]: rtabmap (876): Rate=1.00s, Limit=0.000s, Conversion=0.0004s, RTAB-Map=0.1375s, Maps update=0.0022s pub=0.0253s delay=0.3482s (local map=391, WM=391)
[INFO] [1771072124.676101033] [rtabmap]: rtabmap (877): Rate=1.00s, Limit=0.000s, Conversion=0.0004s, RTAB-Map=0.1512s, Maps update=0.0022s pub=0.0212s delay=0.3637s (local map=391, WM=391)
[INFO] [1771072125.777686123] [rtabmap]: rtabmap (878): Rate=1.00s, Limit=0.000s, Conversion=0.0007s, RTAB-Map=0.1481s, Maps update=0.0022s pub=0.0230s delay=0.3654s (local map=391, WM=391)
[INFO] [1771072126.748218429] [rtabmap]: rtabmap (879): Rate=1.00s, Limit=0.000s, Conversion=0.0003s, RTAB-Map=0.1312s, Maps update=0.0021s pub=0.0172s delay=0.3359s (local map=391, WM=391)
[INFO] [1771072127.868410370] [rtabmap]: rtabmap (880): Rate=1.00s, Limit=0.000s, Conversion=0.0003s, RTAB-Map=0.1481s, Maps update=0.0020s pub=0.0172s delay=0.3561s (local map=391, WM=391)
[INFO] [1771072128.891179457] [rtabmap]: rtabmap (881): Rate=1.00s, Limit=0.000s, Conversion=0.0108s, RTAB-Map=0.1526s, Maps update=0.0026s pub=0.0208s delay=0.3788s (local map=391, WM=391)
[INFO] [1771072129.986318627] [rtabmap]: rtabmap (882): Rate=1.00s, Limit=0.000s, Conversion=0.0005s, RTAB-Map=0.1567s, Maps update=0.0021s pub=0.0229s delay=0.3741s (local map=391, WM=391)
[INFO] [1771072130.976416922] [rtabmap]: rtabmap (883): Rate=1.00s, Limit=0.000s, Conversion=0.0003s, RTAB-Map=0.1541s, Maps update=0.0021s pub=0.0205s delay=0.3641s (local map=391, WM=391)
[INFO] [1771072131.975487975] [rtabmap]: rtabmap (884): Rate=1.00s, Limit=0.000s, Conversion=0.0003s, RTAB-Map=0.1534s, Maps update=0.0020s pub=0.0184s delay=0.3631s (local map=391, WM=391)
[INFO] [1771072132.979430779] [rtabmap]: rtabmap (885): Rate=1.00s, Limit=0.000s, Conversion=0.0007s, RTAB-Map=0.1519s, Maps update=0.0022s pub=0.0191s delay=0.3670s (local map=391, WM=391)
[INFO] [1771072134.082573267] [rtabmap]: rtabmap (886): Rate=1.00s, Limit=0.000s, Conversion=0.0003s, RTAB-Map=0.1505s, Maps update=0.0028s pub=0.0200s delay=0.3696s (local map=391, WM=391)
[INFO] [1771072135.178453295] [rtabmap]: rtabmap (887): Rate=1.00s, Limit=0.000s, Conversion=0.0006s, RTAB-Map=0.1530s, Maps update=0.0022s pub=0.0193s delay=0.3661s (local map=391, WM=391)
[INFO] [1771072136.162744317] [rtabmap]: rtabmap (888): Rate=1.00s, Limit=0.000s, Conversion=0.0007s, RTAB-Map=0.1442s, Maps update=0.0021s pub=0.0198s delay=0.3504s (local map=391, WM=391)
[INFO] [1771072137.187939920] [rtabmap]: rtabmap (889): Rate=1.00s, Limit=0.000s, Conversion=0.0005s, RTAB-Map=0.1375s, Maps update=0.0021s pub=0.0443s delay=0.3756s (local map=391, WM=391)
[INFO] [1771072139.239358201] [rtabmap]: rtabmap (890): Rate=1.00s, Limit=0.000s, Conversion=0.0010s, RTAB-Map=0.1451s, Maps update=0.0021s pub=0.0164s delay=1.4270s (local map=391, WM=391)
[INFO] [1771072139.504363163] [rtabmap]: rtabmap (891): Rate=1.00s, Limit=0.000s, Conversion=0.0004s, RTAB-Map=0.1413s, Maps update=0.0032s pub=0.0642s delay=0.3921s (local map=391, WM=391)
[INFO] [1771072140.455467566] [rtabmap]: rtabmap (892): Rate=1.00s, Limit=0.000s, Conversion=0.0004s, RTAB-Map=0.1383s, Maps update=0.0034s pub=0.0166s delay=0.3430s (local map=391, WM=391)
[INFO] [1771072141.443281622] [rtabmap]: rtabmap (893): Rate=1.00s, Limit=0.000s, Conversion=0.0005s, RTAB-Map=0.1341s, Maps update=0.0021s pub=0.0158s delay=0.3308s (local map=391, WM=391)
[INFO] [1771072142.607108253] [rtabmap]: rtabmap (894): Rate=1.00s, Limit=0.000s, Conversion=0.0005s, RTAB-Map=0.1821s, Maps update=0.0025s pub=0.0154s delay=0.3947s (local map=391, WM=391)
[INFO] [1771072143.684869160] [rtabmap]: rtabmap (895): Rate=1.00s, Limit=0.000s, Conversion=0.0003s, RTAB-Map=0.1579s, Maps update=0.0022s pub=0.0157s delay=0.3725s (local map=391, WM=391)
[INFO] [1771072144.745058740] [rtabmap]: rtabmap (896): Rate=1.00s, Limit=0.000s, Conversion=0.0004s, RTAB-Map=0.1266s, Maps update=0.0020s pub=0.0157s delay=0.3325s (local map=391, WM=391)
[INFO] [1771072145.868260480] [rtabmap]: rtabmap (897): Rate=1.00s, Limit=0.000s, Conversion=0.0006s, RTAB-Map=0.1402s, Maps update=0.0020s pub=0.0220s delay=0.3558s (local map=391, WM=391)
[INFO] [1771072146.878802841] [rtabmap]: rtabmap (898): Rate=1.00s, Limit=0.000s, Conversion=0.0005s, RTAB-Map=0.1515s, Maps update=0.0027s pub=0.0185s delay=0.3663s (local map=391, WM=391)
[INFO] [1771072147.973578191] [rtabmap]: rtabmap (899): Rate=1.00s, Limit=0.000s, Conversion=0.0003s, RTAB-Map=0.1497s, Maps update=0.0021s pub=0.0169s delay=0.3611s (local map=391, WM=391)
[INFO] [1771072148.970425230] [rtabmap]: rtabmap (900): Rate=1.00s, Limit=0.000s, Conversion=0.0003s, RTAB-Map=0.1413s, Maps update=0.0022s pub=0.0195s delay=0.3579s (local map=391, WM=391)
[INFO] [1771072150.067839136] [rtabmap]: rtabmap (901): Rate=1.00s, Limit=0.000s, Conversion=0.0004s, RTAB-Map=0.1483s, Maps update=0.0021s pub=0.0145s delay=0.3553s (local map=391, WM=391)
[INFO] [1771072151.146881399] [rtabmap]: rtabmap (902): Rate=1.00s, Limit=0.000s, Conversion=0.0005s, RTAB-Map=0.1342s, Maps update=0.0021s pub=0.0173s delay=0.3345s (local map=391, WM=391)
[INFO] [1771072152.183945540] [rtabmap]: rtabmap (903): Rate=1.00s, Limit=0.000s, Conversion=0.0006s, RTAB-Map=0.1602s, Maps update=0.0023s pub=0.0171s delay=0.3715s (local map=391, WM=391)
[INFO] [1771072153.310287676] [rtabmap]: rtabmap (904): Rate=1.00s, Limit=0.000s, Conversion=0.0004s, RTAB-Map=0.1657s, Maps update=0.0021s pub=0.0364s delay=0.3977s (local map=391, WM=391)
[INFO] [1771072154.347204868] [rtabmap]: rtabmap (905): Rate=1.00s, Limit=0.000s, Conversion=0.0004s, RTAB-Map=0.1282s, Maps update=0.0021s pub=0.0158s delay=0.3348s (local map=391, WM=391)
[INFO] [1771072155.403488105] [rtabmap]: rtabmap (906): Rate=1.00s, Limit=0.000s, Conversion=0.0004s, RTAB-Map=0.1465s, Maps update=0.0021s pub=0.0484s delay=0.3910s (local map=391, WM=391)
[INFO] [1771072156.383256282] [rtabmap]: rtabmap (907): Rate=1.00s, Limit=0.000s, Conversion=0.0004s, RTAB-Map=0.1396s, Maps update=0.0020s pub=0.0452s delay=0.3707s (local map=391, WM=391)
[INFO] [1771072157.475205999] [rtabmap]: rtabmap (908): Rate=1.00s, Limit=0.000s, Conversion=0.0006s, RTAB-Map=0.1391s, Maps update=0.0022s pub=0.0317s delay=0.3628s (local map=391, WM=391)
[INFO] [1771072158.490265572] [rtabmap]: rtabmap (909): Rate=1.00s, Limit=0.000s, Conversion=0.0005s, RTAB-Map=0.1322s, Maps update=0.0024s pub=0.0483s delay=0.3777s (local map=391, WM=391)
[INFO] [1771072159.472649744] [rtabmap]: rtabmap (910): Rate=1.00s, Limit=0.000s, Conversion=0.0005s, RTAB-Map=0.1366s, Maps update=0.0026s pub=0.0285s delay=0.3600s (local map=391, WM=391)
[INFO] [1771072160.469597395] [rtabmap]: rtabmap (911): Rate=1.00s, Limit=0.000s, Conversion=0.0005s, RTAB-Map=0.1494s, Maps update=0.0039s pub=0.0159s delay=0.3563s (local map=391, WM=391)
[INFO] [1771072161.576821239] [rtabmap]: rtabmap (912): Rate=1.00s, Limit=0.000s, Conversion=0.0005s, RTAB-Map=0.1465s, Maps update=0.0041s pub=0.0200s delay=0.3642s (local map=391, WM=391)
[INFO] [1771072162.690114157] [rtabmap]: rtabmap (913): Rate=1.00s, Limit=0.000s, Conversion=0.0106s, RTAB-Map=0.1584s, Maps update=0.0023s pub=0.0153s delay=0.3775s (local map=391, WM=391)
[INFO] [1771072163.774998478] [rtabmap]: rtabmap (914): Rate=1.00s, Limit=0.000s, Conversion=0.0006s, RTAB-Map=0.1494s, Maps update=0.0022s pub=0.0202s delay=0.3625s (local map=391, WM=391)
[INFO] [1771072164.793285362] [rtabmap]: rtabmap (915): Rate=1.00s, Limit=0.000s, Conversion=0.0004s, RTAB-Map=0.1526s, Maps update=0.0022s pub=0.0280s delay=0.3806s (local map=391, WM=391)
[INFO] [1771072165.895973658] [rtabmap]: rtabmap (916): Rate=1.00s, Limit=0.000s, Conversion=0.0004s, RTAB-Map=0.1613s, Maps update=0.0025s pub=0.0195s delay=0.3834s (local map=391, WM=391)
[INFO] [1771072166.869328686] [rtabmap]: rtabmap (917): Rate=1.00s, Limit=0.000s, Conversion=0.0003s, RTAB-Map=0.1419s, Maps update=0.0021s pub=0.0283s delay=0.3567s (local map=391, WM=391)
[INFO] [1771072167.969643267] [rtabmap]: rtabmap (918): Rate=1.00s, Limit=0.000s, Conversion=0.0005s, RTAB-Map=0.1375s, Maps update=0.0021s pub=0.0225s delay=0.3569s (local map=391, WM=391)
[INFO] [1771072169.069323779] [rtabmap]: rtabmap (919): Rate=1.00s, Limit=0.000s, Conversion=0.0005s, RTAB-Map=0.1441s, Maps update=0.0025s pub=0.0275s delay=0.3568s (local map=391, WM=391)
[INFO] [1771072170.048034384] [rtabmap]: rtabmap (920): Rate=1.00s, Limit=0.000s, Conversion=0.0007s, RTAB-Map=0.1351s, Maps update=0.0021s pub=0.0217s delay=0.3353s (local map=391, WM=391)
[INFO] [1771072171.072237281] [rtabmap]: rtabmap (921): Rate=1.00s, Limit=0.000s, Conversion=0.0004s, RTAB-Map=0.1508s, Maps update=0.0022s pub=0.0172s delay=0.3595s (local map=391, WM=391)
[INFO] [1771072172.165922738] [rtabmap]: rtabmap (922): Rate=1.00s, Limit=0.000s, Conversion=0.0003s, RTAB-Map=0.1416s, Maps update=0.0020s pub=0.0167s delay=0.3534s (local map=391, WM=391)
[INFO] [1771072173.136305279] [rtabmap]: rtabmap (923): Rate=1.00s, Limit=0.000s, Conversion=0.0003s, RTAB-Map=0.1275s, Maps update=0.0020s pub=0.0137s delay=0.3230s (local map=391, WM=391)
[INFO] [1771072174.255709800] [rtabmap]: rtabmap (924): Rate=1.00s, Limit=0.000s, Conversion=0.0005s, RTAB-Map=0.1384s, Maps update=0.0022s pub=0.0187s delay=0.3430s (local map=391, WM=391)
[INFO] [1771072175.345166983] [rtabmap]: rtabmap (925): Rate=1.00s, Limit=0.000s, Conversion=0.0003s, RTAB-Map=0.1260s, Maps update=0.0020s pub=0.0149s delay=0.3325s (local map=391, WM=391)
[INFO] [1771072176.456991498] [rtabmap]: rtabmap (926): Rate=1.00s, Limit=0.000s, Conversion=0.0003s, RTAB-Map=0.1400s, Maps update=0.0021s pub=0.0171s delay=0.3442s (local map=391, WM=391)
[INFO] [1771072177.570398852] [rtabmap]: rtabmap (927): Rate=1.00s, Limit=0.000s, Conversion=0.0003s, RTAB-Map=0.1524s, Maps update=0.0021s pub=0.0164s delay=0.3577s (local map=391, WM=391)
[INFO] [1771072178.655991677] [rtabmap]: rtabmap (928): Rate=1.00s, Limit=0.000s, Conversion=0.0006s, RTAB-Map=0.1358s, Maps update=0.0022s pub=0.0173s delay=0.3432s (local map=391, WM=391)
[INFO] [1771072179.632705573] [rtabmap]: rtabmap (929): Rate=1.00s, Limit=0.000s, Conversion=0.0003s, RTAB-Map=0.1255s, Maps update=0.0021s pub=0.0157s delay=0.3199s (local map=391, WM=391)
[INFO] [1771072180.774556949] [rtabmap]: rtabmap (930): Rate=1.00s, Limit=0.000s, Conversion=0.0006s, RTAB-Map=0.1509s, Maps update=0.0023s pub=0.0198s delay=0.3619s (local map=391, WM=391)
[INFO] [1771072181.874770503] [rtabmap]: rtabmap (931): Rate=1.00s, Limit=0.000s, Conversion=0.0004s, RTAB-Map=0.1457s, Maps update=0.0020s pub=0.0204s delay=0.3622s (local map=391, WM=391)
[INFO] [1771072182.838275367] [rtabmap]: rtabmap (932): Rate=1.00s, Limit=0.000s, Conversion=0.0006s, RTAB-Map=0.1269s, Maps update=0.0022s pub=0.0166s delay=0.3257s (local map=391, WM=391)
[INFO] [1771072183.865093874] [rtabmap]: rtabmap (933): Rate=1.00s, Limit=0.000s, Conversion=0.0004s, RTAB-Map=0.1387s, Maps update=0.0022s pub=0.0227s delay=0.3524s (local map=391, WM=391)
[INFO] [1771072184.863753713] [rtabmap]: rtabmap (934): Rate=1.00s, Limit=0.000s, Conversion=0.0005s, RTAB-Map=0.1452s, Maps update=0.0021s pub=0.0159s delay=0.3509s (local map=391, WM=391)
[INFO] [1771072186.235119769] [rtabmap]: rtabmap (935): Rate=1.00s, Limit=0.000s, Conversion=0.0059s, RTAB-Map=0.2431s, Maps update=0.0073s pub=0.0653s delay=0.6225s (local map=391, WM=391)
[INFO] [1771072187.408206208] [rtabmap]: rtabmap (936): Rate=1.00s, Limit=0.000s, Conversion=0.0117s, RTAB-Map=0.3372s, Maps update=0.0102s pub=0.0867s delay=0.7954s (local map=3