[INFO] [1771517245.602089408] [rtabmap]: rtabmap(maps): latch                      = false
[INFO] [1771517245.603669619] [rtabmap]: rtabmap(maps): map_filter_radius          = 0.000000
[INFO] [1771517245.603722613] [rtabmap]: rtabmap(maps): map_filter_angle           = 30.000000
[INFO] [1771517245.603751605] [rtabmap]: rtabmap(maps): map_cleanup                = true
[INFO] [1771517245.603770646] [rtabmap]: rtabmap(maps): map_always_update          = false
[INFO] [1771517245.603795415] [rtabmap]: rtabmap(maps): map_empty_ray_tracing      = true
[INFO] [1771517245.603815384] [rtabmap]: rtabmap(maps): cloud_output_voxelized     = true
[INFO] [1771517245.603833112] [rtabmap]: rtabmap(maps): cloud_subtract_filtering   = false
[INFO] [1771517245.603850489] [rtabmap]: rtabmap(maps): cloud_subtract_filtering_min_neighbors = 2
[INFO] [1771517245.603975325] [rtabmap]: rtabmap(maps): octomap_tree_depth         = 16
[INFO] [1771517245.617823390] [rtabmap]: rtabmap: frame_id      = leo04/base_footprint
[INFO] [1771517245.617937218] [rtabmap]: rtabmap: map_frame_id  = map
[INFO] [1771517245.617961762] [rtabmap]: rtabmap: log_to_rosout_level  = 4
[INFO] [1771517245.617979971] [rtabmap]: rtabmap: initial_pose  = 
[INFO] [1771517245.617996836] [rtabmap]: rtabmap: use_action_for_goal  = false
[INFO] [1771517245.618013220] [rtabmap]: rtabmap: tf_delay      = 0.050000
[INFO] [1771517245.618041957] [rtabmap]: rtabmap: tf_tolerance  = 0.100000
[INFO] [1771517245.618076710] [rtabmap]: rtabmap: odom_sensor_sync   = false
[INFO] [1771517245.618097511] [rtabmap]: rtabmap: pub_loc_pose_only_when_localizing = false
[INFO] [1771517245.618116071] [rtabmap]: rtabmap: wait_for_transform = 0.500000
[INFO] [1771517245.618137384] [rtabmap]: rtabmap: gen_scan  = false
[INFO] [1771517245.618157289] [rtabmap]: rtabmap: gen_depth  = false
[INFO] [1771517245.618176041] [rtabmap]: rtabmap: scan_cloud_max_points = 0
[INFO] [1771517245.618194602] [rtabmap]: rtabmap: scan_cloud_is_2d = false
[INFO] [1771517245.630633277] [rtabmap]: Setting RTAB-Map parameter "Grid/CellSize"="0.05" (rosparam)
[INFO] [1771517245.630987817] [rtabmap]: Setting RTAB-Map parameter "Grid/MaxGroundAngle"="45" (rosparam)
[INFO] [1771517245.632088749] [rtabmap]: Setting RTAB-Map parameter "Grid/MaxGroundHeight"="0.1" (rosparam)
[INFO] [1771517245.632621022] [rtabmap]: Setting RTAB-Map parameter "Grid/MaxObstacleHeight"="0.7" (rosparam)
[INFO] [1771517245.633436760] [rtabmap]: Setting RTAB-Map parameter "Grid/MinGroundHeight"="-0.1" (rosparam)
[INFO] [1771517245.634621887] [rtabmap]: Setting RTAB-Map parameter "Grid/RangeMax"="3.0" (rosparam)
[INFO] [1771517245.634705410] [rtabmap]: Setting RTAB-Map parameter "Grid/RangeMin"="0.7" (rosparam)
[INFO] [1771517245.634784324] [rtabmap]: Setting RTAB-Map parameter "Grid/RayTracing"="false" (rosparam)
[INFO] [1771517245.634899144] [rtabmap]: Setting RTAB-Map parameter "Grid/Sensor"="0" (rosparam)
[INFO] [1771517245.635380439] [rtabmap]: Setting RTAB-Map parameter "Icp/CorrespondenceRatio"="0.2" (rosparam)
[INFO] [1771517245.635498907] [rtabmap]: Setting RTAB-Map parameter "Icp/Epsilon"="0.001" (rosparam)
[INFO] [1771517245.635627199] [rtabmap]: Setting RTAB-Map parameter "Icp/Iterations"="10" (rosparam)
[INFO] [1771517245.635685537] [rtabmap]: Setting RTAB-Map parameter "Icp/MaxCorrespondenceDistance"="1" (rosparam)
[INFO] [1771517245.635780164] [rtabmap]: Setting RTAB-Map parameter "Icp/MaxTranslation"="3" (rosparam)
[INFO] [1771517245.635839110] [rtabmap]: Setting RTAB-Map parameter "Icp/OutlierRatio"="0.7" (rosparam)
[INFO] [1771517245.636001612] [rtabmap]: Setting RTAB-Map parameter "Icp/PointToPlane"="true" (rosparam)
[INFO] [1771517245.636087694] [rtabmap]: Setting RTAB-Map parameter "Icp/PointToPlaneK"="20" (rosparam)
[INFO] [1771517245.636203378] [rtabmap]: Setting RTAB-Map parameter "Icp/PointToPlaneRadius"="0" (rosparam)
[INFO] [1771517245.636290677] [rtabmap]: Setting RTAB-Map parameter "Icp/RangeMin"="0.3" (rosparam)
[INFO] [1771517245.636390840] [rtabmap]: Setting RTAB-Map parameter "Icp/Strategy"="1" (rosparam)
[INFO] [1771517245.636448026] [rtabmap]: Setting RTAB-Map parameter "Icp/VoxelSize"="0.1" (rosparam)
[INFO] [1771517245.637919018] [rtabmap]: Setting RTAB-Map parameter "Mem/LaserScanNormalK"="20" (rosparam)
[INFO] [1771517245.638056974] [rtabmap]: Setting RTAB-Map parameter "Mem/NotLinkedNodesKept"="false" (rosparam)
[INFO] [1771517245.642351322] [rtabmap]: Setting RTAB-Map parameter "Mem/STMSize"="30" (rosparam)
[INFO] [1771517245.643252919] [rtabmap]: Setting RTAB-Map parameter "RGBD/AngularUpdate"="0.05" (rosparam)
[INFO] [1771517245.643335033] [rtabmap]: Setting RTAB-Map parameter "RGBD/CreateOccupancyGrid"="true" (rosparam)
[INFO] [1771517245.643522976] [rtabmap]: Setting RTAB-Map parameter "RGBD/LinearUpdate"="0.05" (rosparam)
[INFO] [1771517245.644094290] [rtabmap]: Setting RTAB-Map parameter "RGBD/ProximityMaxGraphDepth"="0" (rosparam)
[INFO] [1771517245.644268536] [rtabmap]: Setting RTAB-Map parameter "RGBD/ProximityPathMaxNeighbors"="1" (rosparam)
[INFO] [1771517245.644431389] [rtabmap]: Setting RTAB-Map parameter "Reg/Strategy"="1" (rosparam)
[INFO] [1771517245.647736744] [rtabmap]: RTAB-Map detection rate = 1.000000 Hz
[INFO] [1771517245.648138165] [rtabmap]: rtabmap: Deleted database "/root/.ros/rtabmap.db" (--delete_db_on_start or -d are set).
[INFO] [1771517245.648202039] [rtabmap]: rtabmap: Using database from "/root/.ros/rtabmap.db" (0 MB).
[INFO] [1771517245.733417923] [rtabmap]: rtabmap: Database version = "0.22.1".
[INFO] [1771517245.733596105] [rtabmap]: rtabmap: SLAM mode (Mem/IncrementalMemory=true)
[INFO] [1771517245.745628496] [rtabmap]: Setup callbacks
[INFO] [1771517245.746991740] [rtabmap]: rtabmap: subscribe_depth = false
[INFO] [1771517245.747042909] [rtabmap]: rtabmap: subscribe_rgb = false
[INFO] [1771517245.747121824] [rtabmap]: rtabmap: subscribe_stereo = false
[INFO] [1771517245.747146305] [rtabmap]: rtabmap: subscribe_rgbd = false (rgbd_cameras=1)
[INFO] [1771517245.747168226] [rtabmap]: rtabmap: subscribe_sensor_data = false
[INFO] [1771517245.747220451] [rtabmap]: rtabmap: subscribe_odom_info = false
[INFO] [1771517245.747244932] [rtabmap]: rtabmap: subscribe_user_data = false
[INFO] [1771517245.747265061] [rtabmap]: rtabmap: subscribe_scan = false
[INFO] [1771517245.747284933] [rtabmap]: rtabmap: subscribe_scan_cloud = true
[INFO] [1771517245.747304326] [rtabmap]: rtabmap: subscribe_scan_descriptor = false
[INFO] [1771517245.747324007] [rtabmap]: rtabmap: topic_queue_size = 10
[INFO] [1771517245.747343751] [rtabmap]: rtabmap: sync_queue_size  = 200
[INFO] [1771517245.747363688] [rtabmap]: rtabmap: qos_image       = 0
[INFO] [1771517245.747383368] [rtabmap]: rtabmap: qos_camera_info = 0
[INFO] [1771517245.747403529] [rtabmap]: rtabmap: qos_scan        = 0
[INFO] [1771517245.747427754] [rtabmap]: rtabmap: qos_odom        = 0
[INFO] [1771517245.747449451] [rtabmap]: rtabmap: qos_user_data   = 0
[INFO] [1771517245.747469675] [rtabmap]: rtabmap: approx_sync     = true
[INFO] [1771517245.747511853] [rtabmap]: Setup scan callback
[INFO] [1771517245.751191172] [rtabmap]: 
rtabmap subscribed to (approx sync):
   /odom \
   /leo04/livox/lidar
[WARN] [1771517245.753669332] [rtabmap]: There is no image subscription, bag-of-words loop closure detection will be disabled...
[WARN] [1771517245.753770136] [rtabmap]: Setting Kp/MaxFeatures=-1 (bag-of-words disabled)
[INFO] [1771517245.974800889] [rtabmap]: rtabmap (1): Rate=1.00s, Limit=0.000s, Conversion=0.0007s, RTAB-Map=0.1572s, Maps update=0.0002s pub=0.0002s delay=0.2888s (local map=1, WM=1)
[INFO] [1771517247.126365891] [rtabmap]: rtabmap (2): Rate=1.00s, Limit=0.000s, Conversion=0.0005s, RTAB-Map=0.1798s, Maps update=0.0001s pub=0.0001s delay=0.3404s (local map=1, WM=1)
[INFO] [1771517248.124558525] [rtabmap]: rtabmap (3): Rate=1.00s, Limit=0.000s, Conversion=0.0005s, RTAB-Map=0.1751s, Maps update=0.0001s pub=0.0001s delay=0.3385s (local map=1, WM=1)
[INFO] [1771517249.208607965] [rtabmap]: rtabmap (4): Rate=1.00s, Limit=0.000s, Conversion=0.0005s, RTAB-Map=0.1681s, Maps update=0.0001s pub=0.0001s delay=0.3227s (local map=1, WM=1)
[INFO] [1771517250.320937135] [rtabmap]: rtabmap (5): Rate=1.00s, Limit=0.000s, Conversion=0.0003s, RTAB-Map=0.1759s, Maps update=0.0002s pub=0.0001s delay=0.3350s (local map=1, WM=1)
[INFO] [1771517251.332603918] [rtabmap]: rtabmap (6): Rate=1.00s, Limit=0.000s, Conversion=0.0009s, RTAB-Map=0.1783s, Maps update=0.0001s pub=0.0001s delay=0.3466s (local map=1, WM=1)
[INFO] [1771517252.313804748] [rtabmap]: rtabmap (7): Rate=1.00s, Limit=0.000s, Conversion=0.0006s, RTAB-Map=0.1694s, Maps update=0.0001s pub=0.0001s delay=0.3277s (local map=1, WM=1)
[INFO] [1771517253.410982801] [rtabmap]: rtabmap (8): Rate=1.00s, Limit=0.000s, Conversion=0.0006s, RTAB-Map=0.1648s, Maps update=0.0002s pub=0.0001s delay=0.3251s (local map=1, WM=1)
[INFO] [1771517254.419480969] [rtabmap]: rtabmap (9): Rate=1.00s, Limit=0.000s, Conversion=0.0005s, RTAB-Map=0.1697s, Maps update=0.0001s pub=0.0001s delay=0.3335s (local map=1, WM=1)
[INFO] [1771517255.424430349] [rtabmap]: rtabmap (10): Rate=1.00s, Limit=0.000s, Conversion=0.0005s, RTAB-Map=0.1774s, Maps update=0.0001s pub=0.0001s delay=0.3384s (local map=1, WM=1)
[INFO] [1771517256.448481377] [rtabmap]: rtabmap (11): Rate=1.00s, Limit=0.000s, Conversion=0.0005s, RTAB-Map=0.2016s, Maps update=0.0001s pub=0.0001s delay=0.3625s (local map=1, WM=1)
[INFO] [1771517257.552592647] [rtabmap]: rtabmap (12): Rate=1.00s, Limit=0.000s, Conversion=0.0006s, RTAB-Map=0.2042s, Maps update=0.0001s pub=0.0001s delay=0.3664s (local map=1, WM=1)
[INFO] [1771517258.602933843] [rtabmap]: rtabmap (13): Rate=1.00s, Limit=0.000s, Conversion=0.0005s, RTAB-Map=0.1578s, Maps update=0.0001s pub=0.0001s delay=0.3169s (local map=1, WM=1)
[INFO] [1771517259.747357340] [rtabmap]: rtabmap (14): Rate=1.00s, Limit=0.000s, Conversion=0.0003s, RTAB-Map=0.1930s, Maps update=0.0001s pub=0.0001s delay=0.3613s (local map=1, WM=1)
[INFO] [1771517260.713475502] [rtabmap]: rtabmap (15): Rate=1.00s, Limit=0.000s, Conversion=0.0003s, RTAB-Map=0.1678s, Maps update=0.0001s pub=0.0001s delay=0.3274s (local map=1, WM=1)
[INFO] [1771517261.718110185] [rtabmap]: rtabmap (16): Rate=1.00s, Limit=0.000s, Conversion=0.0006s, RTAB-Map=0.1702s, Maps update=0.0002s pub=0.0001s delay=0.3320s (local map=1, WM=1)
[INFO] [1771517262.699963356] [rtabmap]: rtabmap (17): Rate=1.00s, Limit=0.000s, Conversion=0.0004s, RTAB-Map=0.1562s, Maps update=0.0001s pub=0.0001s delay=0.3138s (local map=1, WM=1)
[INFO] [1771517263.856356011] [rtabmap]: rtabmap (18): Rate=1.00s, Limit=0.000s, Conversion=0.0005s, RTAB-Map=0.2071s, Maps update=0.0001s pub=0.0001s delay=0.3703s (local map=1, WM=1)
[INFO] [1771517264.917600731] [rtabmap]: rtabmap (19): Rate=1.00s, Limit=0.000s, Conversion=0.0003s, RTAB-Map=0.1667s, Maps update=0.0006s pub=0.0002s delay=0.3316s (local map=1, WM=1)
[INFO] [1771517265.919749636] [rtabmap]: rtabmap (20): Rate=1.00s, Limit=0.000s, Conversion=0.0003s, RTAB-Map=0.1811s, Maps update=0.0001s pub=0.0001s delay=0.3336s (local map=1, WM=1)
[INFO] [1771517267.019440539] [rtabmap]: rtabmap (21): Rate=1.00s, Limit=0.000s, Conversion=0.0003s, RTAB-Map=0.1641s, Maps update=0.0001s pub=0.0001s delay=0.3333s (local map=1, WM=1)
[INFO] [1771517268.154163431] [rtabmap]: rtabmap (22): Rate=1.00s, Limit=0.000s, Conversion=0.0005s, RTAB-Map=0.2033s, Maps update=0.0001s pub=0.0001s delay=0.3680s (local map=1, WM=1)
[INFO] [1771517269.135314563] [rtabmap]: rtabmap (23): Rate=1.00s, Limit=0.000s, Conversion=0.0003s, RTAB-Map=0.1861s, Maps update=0.0002s pub=0.0001s delay=0.3492s (local map=1, WM=1)
[INFO] [1771517270.233889429] [rtabmap]: rtabmap (24): Rate=1.00s, Limit=0.000s, Conversion=0.0003s, RTAB-Map=0.1860s, Maps update=0.0001s pub=0.0001s delay=0.3477s (local map=1, WM=1)
[INFO] [1771517271.214569570] [rtabmap]: rtabmap (25): Rate=1.00s, Limit=0.000s, Conversion=0.0004s, RTAB-Map=0.1685s, Maps update=0.0002s pub=0.0001s delay=0.3284s (local map=1, WM=1)
[INFO] [1771517272.314464543] [rtabmap]: rtabmap (26): Rate=1.00s, Limit=0.000s, Conversion=0.0003s, RTAB-Map=0.1676s, Maps update=0.0002s pub=0.0001s delay=0.3283s (local map=1, WM=1)
[INFO] [1771517273.321554217] [rtabmap]: rtabmap (27): Rate=1.00s, Limit=0.000s, Conversion=0.0005s, RTAB-Map=0.1756s, Maps update=0.0001s pub=0.0001s delay=0.3353s (local map=1, WM=1)
[INFO] [1771517274.427483435] [rtabmap]: rtabmap (28): Rate=1.00s, Limit=0.000s, Conversion=0.0004s, RTAB-Map=0.1896s, Maps update=0.0001s pub=0.0001s delay=0.3415s (local map=1, WM=1)
[INFO] [1771517275.416609771] [rtabmap]: rtabmap (29): Rate=1.00s, Limit=0.000s, Conversion=0.0005s, RTAB-Map=0.1701s, Maps update=0.0001s pub=0.0001s delay=0.3305s (local map=1, WM=1)
[INFO] [1771517276.423401964] [rtabmap]: rtabmap (30): Rate=1.00s, Limit=0.000s, Conversion=0.0003s, RTAB-Map=0.1703s, Maps update=0.0001s pub=0.0001s delay=0.3372s (local map=1, WM=1)
[INFO] [1771517277.523829466] [rtabmap]: rtabmap (31): Rate=1.00s, Limit=0.000s, Conversion=0.0003s, RTAB-Map=0.1764s, Maps update=0.0001s pub=0.0001s delay=0.3377s (local map=1, WM=1)
[INFO] [1771517278.627943136] [rtabmap]: rtabmap (32): Rate=1.00s, Limit=0.000s, Conversion=0.0005s, RTAB-Map=0.1787s, Maps update=0.0002s pub=0.0001s delay=0.3418s (local map=1, WM=1)
[INFO] [1771517279.724684246] [rtabmap]: rtabmap (33): Rate=1.00s, Limit=0.000s, Conversion=0.0003s, RTAB-Map=0.1746s, Maps update=0.0001s pub=0.0001s delay=0.3386s (local map=1, WM=1)
[INFO] [1771517280.851153845] [rtabmap]: rtabmap (34): Rate=1.00s, Limit=0.000s, Conversion=0.0003s, RTAB-Map=0.2007s, Maps update=0.0001s pub=0.0001s delay=0.3652s (local map=1, WM=1)
[INFO] [1771517281.799554629] [rtabmap]: rtabmap (35): Rate=1.00s, Limit=0.000s, Conversion=0.0005s, RTAB-Map=0.1441s, Maps update=0.0001s pub=0.0001s delay=0.3134s (local map=1, WM=1)
[INFO] [1771517282.915768182] [rtabmap]: rtabmap (36): Rate=1.00s, Limit=0.000s, Conversion=0.0004s, RTAB-Map=0.1718s, Maps update=0.0001s pub=0.0001s delay=0.3298s (local map=1, WM=1)
[INFO] [1771517283.912921149] [rtabmap]: rtabmap (37): Rate=1.00s, Limit=0.000s, Conversion=0.0003s, RTAB-Map=0.1733s, Maps update=0.0002s pub=0.0001s delay=0.3268s (local map=1, WM=1)
[INFO] [1771517285.014564274] [rtabmap]: rtabmap (38): Rate=1.00s, Limit=0.000s, Conversion=0.0005s, RTAB-Map=0.1713s, Maps update=0.0001s pub=0.0001s delay=0.3284s (local map=1, WM=1)
[INFO] [1771517286.118430224] [rtabmap]: rtabmap (39): Rate=1.00s, Limit=0.000s, Conversion=0.0003s, RTAB-Map=0.1694s, Maps update=0.0001s pub=0.0001s delay=0.3323s (local map=1, WM=1)
[INFO] [1771517287.214546194] [rtabmap]: rtabmap (40): Rate=1.00s, Limit=0.000s, Conversion=0.0003s, RTAB-Map=0.1716s, Maps update=0.0001s pub=0.0001s delay=0.3286s (local map=1, WM=1)
[INFO] [1771517288.267031557] [rtabmap]: rtabmap (41): Rate=1.00s, Limit=0.000s, Conversion=0.0003s, RTAB-Map=0.2139s, Maps update=0.0001s pub=0.0001s delay=0.3808s (local map=1, WM=1)
[INFO] [1771517289.308458511] [rtabmap]: rtabmap (42): Rate=1.00s, Limit=0.000s, Conversion=0.0005s, RTAB-Map=0.1612s, Maps update=0.0001s pub=0.0001s delay=0.3223s (local map=1, WM=1)
[INFO] [1771517290.314579641] [rtabmap]: rtabmap (43): Rate=1.00s, Limit=0.000s, Conversion=0.0003s, RTAB-Map=0.1662s, Maps update=0.0002s pub=0.0001s delay=0.3283s (local map=1, WM=1)
[INFO] [1771517291.415325778] [rtabmap]: rtabmap (44): Rate=1.00s, Limit=0.000s, Conversion=0.0003s, RTAB-Map=0.1623s, Maps update=0.0001s pub=0.0001s delay=0.3294s (local map=1, WM=1)
[INFO] [1771517292.412477848] [rtabmap]: rtabmap (45): Rate=1.00s, Limit=0.000s, Conversion=0.0007s, RTAB-Map=0.1689s, Maps update=0.0001s pub=0.0001s delay=0.3263s (local map=1, WM=1)
[INFO] [1771517293.441320168] [rtabmap]: rtabmap (46): Rate=1.00s, Limit=0.000s, Conversion=0.0004s, RTAB-Map=0.1923s, Maps update=0.0001s pub=0.0001s delay=0.3551s (local map=1, WM=1)
[INFO] [1771517294.518293433] [rtabmap]: rtabmap (47): Rate=1.00s, Limit=0.000s, Conversion=0.0005s, RTAB-Map=0.1729s, Maps update=0.0001s pub=0.0001s delay=0.3322s (local map=1, WM=1)
[INFO] [1771517295.527965559] [rtabmap]: rtabmap (48): Rate=1.00s, Limit=0.000s, Conversion=0.0004s, RTAB-Map=0.1766s, Maps update=0.0001s pub=0.0001s delay=0.3417s (local map=1, WM=1)
[INFO] [1771517296.520910932] [rtabmap]: rtabmap (49): Rate=1.00s, Limit=0.000s, Conversion=0.0005s, RTAB-Map=0.1702s, Maps update=0.0001s pub=0.0001s delay=0.3346s (local map=1, WM=1)
[INFO] [1771517297.605487165] [rtabmap]: rtabmap (50): Rate=1.00s, Limit=0.000s, Conversion=0.0005s, RTAB-Map=0.1615s, Maps update=0.0002s pub=0.0001s delay=0.3194s (local map=1, WM=1)
[INFO] [1771517298.609421089] [rtabmap]: rtabmap (51): Rate=1.00s, Limit=0.000s, Conversion=0.0003s, RTAB-Map=0.1685s, Maps update=0.0001s pub=0.0001s delay=0.3233s (local map=1, WM=1)
[INFO] [1771517299.632317518] [rtabmap]: rtabmap (52): Rate=1.00s, Limit=0.000s, Conversion=0.0005s, RTAB-Map=0.1856s, Maps update=0.0001s pub=0.0001s delay=0.3461s (local map=1, WM=1)
[INFO] [1771517300.624394799] [rtabmap]: rtabmap (53): Rate=1.00s, Limit=0.000s, Conversion=0.0003s, RTAB-Map=0.1732s, Maps update=0.0001s pub=0.0001s delay=0.3380s (local map=1, WM=1)
[INFO] [1771517301.705981207] [rtabmap]: rtabmap (54): Rate=1.00s, Limit=0.000s, Conversion=0.0005s, RTAB-Map=0.1555s, Maps update=0.0005s pub=0.0015s delay=0.3198s (local map=1, WM=1)
[INFO] [1771517302.818642388] [rtabmap]: rtabmap (55): Rate=1.00s, Limit=0.000s, Conversion=0.0005s, RTAB-Map=0.1663s, Maps update=0.0002s pub=0.0004s delay=0.3332s (local map=1, WM=1)
[INFO] [1771517303.837214165] [rtabmap]: rtabmap (56): Rate=1.00s, Limit=0.000s, Conversion=0.0012s, RTAB-Map=0.1937s, Maps update=0.0002s pub=0.0003s delay=0.3510s (local map=1, WM=1)
[INFO] [1771517304.854599727] [rtabmap]: rtabmap (57): Rate=1.00s, Limit=0.000s, Conversion=0.0003s, RTAB-Map=0.2062s, Maps update=0.0003s pub=0.0005s delay=0.3683s (local map=1, WM=1)
[INFO] [1771517305.924786306] [rtabmap]: rtabmap (58): Rate=1.00s, Limit=0.000s, Conversion=0.0003s, RTAB-Map=0.1741s, Maps update=0.0002s pub=0.0004s delay=0.3385s (local map=1, WM=1)
[INFO] [1771517307.021718111] [rtabmap]: rtabmap (59): Rate=1.00s, Limit=0.000s, Conversion=0.0003s, RTAB-Map=0.1774s, Maps update=0.0003s pub=0.0003s delay=0.3354s (local map=1, WM=1)
[INFO] [1771517308.141474915] [rtabmap]: rtabmap (60): Rate=1.00s, Limit=0.000s, Conversion=0.0003s, RTAB-Map=0.1974s, Maps update=0.0002s pub=0.0003s delay=0.3552s (local map=1, WM=1)
[INFO] [1771517309.127435228] [rtabmap]: rtabmap (61): Rate=1.00s, Limit=0.000s, Conversion=0.0005s, RTAB-Map=0.1764s, Maps update=0.0002s pub=0.0004s delay=0.3411s (local map=1, WM=1)
[INFO] [1771517310.222795269] [rtabmap]: rtabmap (62): Rate=1.00s, Limit=0.000s, Conversion=0.0005s, RTAB-Map=0.1754s, Maps update=0.0003s pub=0.0006s delay=0.3365s (local map=1, WM=1)
[INFO] [1771517311.300067008] [rtabmap]: rtabmap (63): Rate=1.00s, Limit=0.000s, Conversion=0.0004s, RTAB-Map=0.1636s, Maps update=0.0002s pub=0.0003s delay=0.3138s (local map=1, WM=1)
[INFO] [1771517312.423461435] [rtabmap]: rtabmap (64): Rate=1.00s, Limit=0.000s, Conversion=0.0107s, RTAB-Map=0.1677s, Maps update=0.0003s pub=0.0003s delay=0.3371s (local map=1, WM=1)
[INFO] [1771517313.514037288] [rtabmap]: rtabmap (65): Rate=1.00s, Limit=0.000s, Conversion=0.0003s, RTAB-Map=0.1665s, Maps update=0.0002s pub=0.0004s delay=0.3279s (local map=1, WM=1)
[INFO] [1771517314.608560144] [rtabmap]: rtabmap (66): Rate=1.00s, Limit=0.000s, Conversion=0.0005s, RTAB-Map=0.1677s, Maps update=0.0003s pub=0.0006s delay=0.3223s (local map=1, WM=1)
[INFO] [1771517315.617337534] [rtabmap]: rtabmap (67): Rate=1.00s, Limit=0.000s, Conversion=0.0006s, RTAB-Map=0.1732s, Maps update=0.0002s pub=0.0003s delay=0.3310s (local map=1, WM=1)
[INFO] [1771517316.715249457] [rtabmap]: rtabmap (68): Rate=1.00s, Limit=0.000s, Conversion=0.0004s, RTAB-Map=0.1631s, Maps update=0.0002s pub=0.0004s delay=0.3291s (local map=1, WM=1)
[INFO] [1771517317.831688213] [rtabmap]: rtabmap (69): Rate=1.00s, Limit=0.000s, Conversion=0.0005s, RTAB-Map=0.1866s, Maps update=0.0002s pub=0.0003s delay=0.3461s (local map=1, WM=1)
[INFO] [1771517318.827104288] [rtabmap]: rtabmap (70): Rate=1.00s, Limit=0.000s, Conversion=0.0003s, RTAB-Map=0.1820s, Maps update=0.0002s pub=0.0004s delay=0.3407s (local map=1, WM=1)
[INFO] [1771517319.914749336] [rtabmap]: rtabmap (71): Rate=1.00s, Limit=0.000s, Conversion=0.0003s, RTAB-Map=0.1743s, Maps update=0.0002s pub=0.0004s delay=0.3282s (local map=1, WM=1)
[INFO] [1771517321.015605518] [rtabmap]: rtabmap (72): Rate=1.00s, Limit=0.000s, Conversion=0.0003s, RTAB-Map=0.1651s, Maps update=0.0003s pub=0.0003s delay=0.3294s (local map=1, WM=1)
[INFO] [1771517322.017721307] [rtabmap]: rtabmap (73): Rate=1.00s, Limit=0.000s, Conversion=0.0004s, RTAB-Map=0.1717s, Maps update=0.0002s pub=0.0004s delay=0.3313s (local map=1, WM=1)
[INFO] [1771517323.122908996] [rtabmap]: rtabmap (74): Rate=1.00s, Limit=0.000s, Conversion=0.0005s, RTAB-Map=0.1710s, Maps update=0.0003s pub=0.0004s delay=0.3367s (local map=1, WM=1)
[INFO] [1771517324.106673189] [rtabmap]: rtabmap (75): Rate=1.00s, Limit=0.000s, Conversion=0.0005s, RTAB-Map=0.1608s, Maps update=0.0002s pub=0.0004s delay=0.3203s (local map=1, WM=1)
[INFO] [1771517325.223268239] [rtabmap]: rtabmap (76): Rate=1.00s, Limit=0.000s, Conversion=0.0004s, RTAB-Map=0.1772s, Maps update=0.0002s pub=0.0004s delay=0.3369s (local map=1, WM=1)
[INFO] [1771517326.356782741] [rtabmap]: rtabmap (77): Rate=1.00s, Limit=0.000s, Conversion=0.0005s, RTAB-Map=0.2110s, Maps update=0.0003s pub=0.0004s delay=0.3705s (local map=1, WM=1)
[INFO] [1771517327.423163998] [rtabmap]: rtabmap (78): Rate=1.00s, Limit=0.000s, Conversion=0.0003s, RTAB-Map=0.1720s, Maps update=0.0002s pub=0.0004s delay=0.3368s (local map=1, WM=1)
[INFO] [1771517328.419944726] [rtabmap]: rtabmap (79): Rate=1.00s, Limit=0.000s, Conversion=0.0005s, RTAB-Map=0.1705s, Maps update=0.0003s pub=0.0004s delay=0.3334s (local map=1, WM=1)
[INFO] [1771517329.519909551] [rtabmap]: rtabmap (80): Rate=1.00s, Limit=0.000s, Conversion=0.0005s, RTAB-Map=0.1756s, Maps update=0.0002s pub=0.0004s delay=0.3336s (local map=1, WM=1)
[INFO] [1771517330.519927637] [rtabmap]: rtabmap (81): Rate=1.00s, Limit=0.000s, Conversion=0.0003s, RTAB-Map=0.1710s, Maps update=0.0003s pub=0.0008s delay=0.3334s (local map=1, WM=1)
[INFO] [1771517331.616957834] [rtabmap]: rtabmap (82): Rate=1.00s, Limit=0.000s, Conversion=0.0003s, RTAB-Map=0.1678s, Maps update=0.0002s pub=0.0003s delay=0.3305s (local map=1, WM=1)
[INFO] [1771517332.729441833] [rtabmap]: rtabmap (83): Rate=1.00s, Limit=0.000s, Conversion=0.0003s, RTAB-Map=0.1811s, Maps update=0.0002s pub=0.0003s delay=0.3440s (local map=1, WM=1)
[INFO] [1771517333.724573514] [rtabmap]: rtabmap (84): Rate=1.00s, Limit=0.000s, Conversion=0.0003s, RTAB-Map=0.1790s, Maps update=0.0002s pub=0.0003s delay=0.3382s (local map=1, WM=1)
[INFO] [1771517334.727853630] [rtabmap]: rtabmap (85): Rate=1.00s, Limit=0.000s, Conversion=0.0005s, RTAB-Map=0.1841s, Maps update=0.0002s pub=0.0003s delay=0.3414s (local map=1, WM=1)
[INFO] [1771517335.722940030] [rtabmap]: rtabmap (86): Rate=1.00s, Limit=0.000s, Conversion=0.0006s, RTAB-Map=0.1738s, Maps update=0.0002s pub=0.0003s delay=0.3365s (local map=1, WM=1)
[INFO] [1771517336.814975658] [rtabmap]: rtabmap (87): Rate=1.00s, Limit=0.000s, Conversion=0.0007s, RTAB-Map=0.1676s, Maps update=0.0003s pub=0.0005s delay=0.3286s (local map=1, WM=1)
[INFO] [1771517337.841354539] [rtabmap]: rtabmap (88): Rate=1.00s, Limit=0.000s, Conversion=0.0005s, RTAB-Map=0.1959s, Maps update=0.0003s pub=0.0004s delay=0.3547s (local map=1, WM=1)
[INFO] [1771517338.911450097] [rtabmap]: rtabmap (89): Rate=1.00s, Limit=0.000s, Conversion=0.0004s, RTAB-Map=0.1676s, Maps update=0.0002s pub=0.0004s delay=0.3251s (local map=1, WM=1)
[INFO] [1771517339.927419347] [rtabmap]: rtabmap (90): Rate=1.00s, Limit=0.000s, Conversion=0.0003s, RTAB-Map=0.1878s, Maps update=0.0002s pub=0.0004s delay=0.3410s (local map=1, WM=1)
[INFO] [1771517340.917577228] [rtabmap]: rtabmap (91): Rate=1.00s, Limit=0.000s, Conversion=0.0007s, RTAB-Map=0.1666s, Maps update=0.0002s pub=0.0007s delay=0.3311s (local map=1, WM=1)
[INFO] [1771517342.010271790] [rtabmap]: rtabmap (92): Rate=1.00s, Limit=0.000s, Conversion=0.0003s, RTAB-Map=0.1713s, Maps update=0.0002s pub=0.0003s delay=0.3238s (local map=1, WM=1)
[INFO] [1771517343.122179386] [rtabmap]: rtabmap (93): Rate=1.00s, Limit=0.000s, Conversion=0.0004s, RTAB-Map=0.1813s, Maps update=0.0003s pub=0.0004s delay=0.3359s (local map=1, WM=1)
[INFO] [1771517344.234170184] [rtabmap]: rtabmap (94): Rate=1.00s, Limit=0.000s, Conversion=0.0003s, RTAB-Map=0.1852s, Maps update=0.0002s pub=0.0004s delay=0.3476s (local map=1, WM=1)
[INFO] [1771517345.342172944] [rtabmap]: rtabmap (95): Rate=1.00s, Limit=0.000s, Conversion=0.0003s, RTAB-Map=0.1962s, Maps update=0.0003s pub=0.0004s delay=0.3559s (local map=1, WM=1)
[INFO] [1771517346.342099603] [rtabmap]: rtabmap (96): Rate=1.00s, Limit=0.000s, Conversion=0.0005s, RTAB-Map=0.1929s, Maps update=0.0002s pub=0.0003s delay=0.3557s (local map=1, WM=1)
[INFO] [1771517347.426117936] [rtabmap]: rtabmap (97): Rate=1.00s, Limit=0.000s, Conversion=0.0004s, RTAB-Map=0.1771s, Maps update=0.0002s pub=0.0003s delay=0.3397s (local map=1, WM=1)
[INFO] [1771517348.533970579] [rtabmap]: rtabmap (98): Rate=1.00s, Limit=0.000s, Conversion=0.0004s, RTAB-Map=0.1847s, Maps update=0.0002s pub=0.0005s delay=0.3475s (local map=1, WM=1)
[INFO] [1771517349.614660864] [rtabmap]: rtabmap (99): Rate=1.00s, Limit=0.000s, Conversion=0.0003s, RTAB-Map=0.1703s, Maps update=0.0002s pub=0.0003s delay=0.3291s (local map=1, WM=1)
[INFO] [1771517350.602071388] [rtabmap]: rtabmap (100): Rate=1.00s, Limit=0.000s, Conversion=0.0006s, RTAB-Map=0.1658s, Maps update=0.0002s pub=0.0003s delay=0.3157s (local map=1, WM=1)
[INFO] [1771517351.622253035] [rtabmap]: rtabmap (101): Rate=1.00s, Limit=0.000s, Conversion=0.0003s, RTAB-Map=0.1722s, Maps update=0.0002s pub=0.0003s delay=0.3359s (local map=1, WM=1)
[INFO] [1771517352.599782873] [rtabmap]: rtabmap (102): Rate=1.00s, Limit=0.000s, Conversion=0.0003s, RTAB-Map=0.1562s, Maps update=0.0002s pub=0.0003s delay=0.3133s (local map=1, WM=1)
[INFO] [1771517353.634913474] [rtabmap]: rtabmap (103): Rate=1.00s, Limit=0.000s, Conversion=0.0004s, RTAB-Map=0.1884s, Maps update=0.0002s pub=0.0004s delay=0.3483s (local map=1, WM=1)
[INFO] [1771517354.751154784] [rtabmap]: rtabmap (104): Rate=1.00s, Limit=0.000s, Conversion=0.0003s, RTAB-Map=0.2045s, Maps update=0.0003s pub=0.0004s delay=0.3656s (local map=1, WM=1)
[INFO] [1771517355.714118914] [rtabmap]: rtabmap (105): Rate=1.00s, Limit=0.000s, Conversion=0.0005s, RTAB-Map=0.1714s, Maps update=0.0002s pub=0.0004s delay=0.3276s (local map=1, WM=1)
[INFO] [1771517356.805619932] [rtabmap]: rtabmap (106): Rate=1.00s, Limit=0.000s, Conversion=0.0004s, RTAB-Map=0.1574s, Maps update=0.0002s pub=0.0004s delay=0.3200s (local map=1, WM=1)
[INFO] [1771517357.826267324] [rtabmap]: rtabmap (107): Rate=1.00s, Limit=0.000s, Conversion=0.0005s, RTAB-Map=0.1815s, Maps update=0.0002s pub=0.0004s delay=0.3397s (local map=1, WM=1)
[INFO] [1771517358.904736061] [rtabmap]: rtabmap (108): Rate=1.00s, Limit=0.000s, Conversion=0.0005s, RTAB-Map=0.1669s, Maps update=0.0003s pub=0.0009s delay=0.3184s (local map=1, WM=1)
[INFO] [1771517359.947016024] [rtabmap]: rtabmap (109): Rate=1.00s, Limit=0.000s, Conversion=0.0004s, RTAB-Map=0.1954s, Maps update=0.0004s pub=0.0004s delay=0.3605s (local map=1, WM=1)
[INFO] [1771517361.033480712] [rtabmap]: rtabmap (110): Rate=1.00s, Limit=0.000s, Conversion=0.0004s, RTAB-Map=0.1870s, Maps update=0.0002s pub=0.0003s delay=0.3471s (local map=1, WM=1)
[INFO] [1771517362.112248819] [rtabmap]: rtabmap (111): Rate=1.00s, Limit=0.000s, Conversion=0.0003s, RTAB-Map=0.1639s, Maps update=0.0003s pub=0.0004s delay=0.3268s (local map=1, WM=1)
[INFO] [1771517363.112260825] [rtabmap]: rtabmap (112): Rate=1.00s, Limit=0.000s, Conversion=0.0003s, RTAB-Map=0.1652s, Maps update=0.0003s pub=0.0004s delay=0.3259s (local map=1, WM=1)
[INFO] [1771517364.115994429] [rtabmap]: rtabmap (113): Rate=1.00s, Limit=0.000s, Conversion=0.0003s, RTAB-Map=0.1704s, Maps update=0.0003s pub=0.0008s delay=0.3294s (local map=1, WM=1)
[INFO] [1771517365.244071851] [rtabmap]: rtabmap (114): Rate=1.00s, Limit=0.000s, Conversion=0.0005s, RTAB-Map=0.2002s, Maps update=0.0003s pub=0.0004s delay=0.3587s (local map=1, WM=1)
[INFO] [1771517366.218663446] [rtabmap]: rtabmap (115): Rate=1.00s, Limit=0.000s, Conversion=0.0003s, RTAB-Map=0.1781s, Maps update=0.0002s pub=0.0003s delay=0.3331s (local map=1, WM=1)
[INFO] [1771517367.305535091] [rtabmap]: rtabmap (116): Rate=1.00s, Limit=0.000s, Conversion=0.0003s, RTAB-Map=0.1600s, Maps update=0.0002s pub=0.0003s delay=0.3198s (local map=1, WM=1)
[INFO] [1771517368.418182488] [rtabmap]: rtabmap (117): Rate=1.00s, Limit=0.000s, Conversion=0.0003s, RTAB-Map=0.1698s, Maps update=0.0002s pub=0.0003s delay=0.3326s (local map=1, WM=1)
[INFO] [1771517369.523144089] [rtabmap]: rtabmap (118): Rate=1.00s, Limit=0.000s, Conversion=0.0003s, RTAB-Map=0.1805s, Maps update=0.0002s pub=0.0004s delay=0.3376s (local map=1, WM=1)
[INFO] [1771517370.613216643] [rtabmap]: rtabmap (119): Rate=1.00s, Limit=0.000s, Conversion=0.0003s, RTAB-Map=0.1670s, Maps update=0.0002s pub=0.0003s delay=0.3265s (local map=1, WM=1)
[INFO] [1771517371.711333917] [rtabmap]: rtabmap (120): Rate=1.00s, Limit=0.000s, Conversion=0.0107s, RTAB-Map=0.1549s, Maps update=0.0002s pub=0.0004s delay=0.3258s (local map=1, WM=1)
[INFO] [1771517372.720616028] [rtabmap]: rtabmap (121): Rate=1.00s, Limit=0.000s, Conversion=0.0005s, RTAB-Map=0.1725s, Maps update=0.0002s pub=0.0003s delay=0.3341s (local map=1, WM=1)
[INFO] [1771517373.732827902] [rtabmap]: rtabmap (122): Rate=1.00s, Limit=0.000s, Conversion=0.0005s, RTAB-Map=0.1932s, Maps update=0.0002s pub=0.0003s delay=0.3460s (local map=1, WM=1)
[INFO] [1771517374.816014655] [rtabmap]: rtabmap (123): Rate=1.00s, Limit=0.000s, Conversion=0.0005s, RTAB-Map=0.1724s, Maps update=0.0003s pub=0.0004s delay=0.3304s (local map=1, WM=1)
[INFO] [1771517375.833133383] [rtabmap]: rtabmap (124): Rate=1.00s, Limit=0.000s, Conversion=0.0005s, RTAB-Map=0.1920s, Maps update=0.0002s pub=0.0003s delay=0.3465s (local map=1, WM=1)
[INFO] [1771517376.908322554] [rtabmap]: rtabmap (125): Rate=1.00s, Limit=0.000s, Conversion=0.0003s, RTAB-Map=0.1608s, Maps update=0.0003s pub=0.0004s delay=0.3229s (local map=1, WM=1)
[INFO] [1771517377.929496171] [rtabmap]: rtabmap (126): Rate=1.00s, Limit=0.000s, Conversion=0.0006s, RTAB-Map=0.1883s, Maps update=0.0015s pub=0.0003s delay=0.3429s (local map=1, WM=1)
[INFO] [1771517379.012017922] [rtabmap]: rtabmap (127): Rate=1.00s, Limit=0.000s, Conversion=0.0003s, RTAB-Map=0.1627s, Maps update=0.0003s pub=0.0004s delay=0.3254s (local map=1, WM=1)
[INFO] [1771517380.104457344] [rtabmap]: rtabmap (128): Rate=1.00s, Limit=0.000s, Conversion=0.0003s, RTAB-Map=0.1697s, Maps update=0.0002s pub=0.0003s delay=0.3192s (local map=1, WM=1)
[INFO] [1771517381.124258073] [rtabmap]: rtabmap (129): Rate=1.00s, Limit=0.000s, Conversion=0.0005s, RTAB-Map=0.1777s, Maps update=0.0002s pub=0.0003s delay=0.3390s (local map=1, WM=1)
[INFO] [1771517382.117826677] [rtabmap]: rtabmap (130): Rate=1.00s, Limit=0.000s, Conversion=0.0003s, RTAB-Map=0.1755s, Maps update=0.0002s pub=0.0003s delay=0.3322s (local map=1, WM=1)
[INFO] [1771517383.214117494] [rtabmap]: rtabmap (131): Rate=1.00s, Limit=0.000s, Conversion=0.0003s, RTAB-Map=0.1658s, Maps update=0.0002s pub=0.0004s delay=0.3286s (local map=1, WM=1)
[INFO] [1771517384.313878254] [rtabmap]: rtabmap (132): Rate=1.00s, Limit=0.000s, Conversion=0.0006s, RTAB-Map=0.1697s, Maps update=0.0002s pub=0.0004s delay=0.3286s (local map=1, WM=1)
[INFO] [1771517385.322255618] [rtabmap]: rtabmap (133): Rate=1.00s, Limit=0.000s, Conversion=0.0003s, RTAB-Map=0.1714s, Maps update=0.0002s pub=0.0003s delay=0.3366s (local map=1, WM=1)
[INFO] [1771517386.415214450] [rtabmap]: rtabmap (134): Rate=1.00s, Limit=0.000s, Conversion=0.0008s, RTAB-Map=0.1674s, Maps update=0.0002s pub=0.0004s delay=0.3296s (local map=1, WM=1)
[INFO] [1771517387.503592870] [rtabmap]: rtabmap (135): Rate=1.00s, Limit=0.000s, Conversion=0.0005s, RTAB-Map=0.1616s, Maps update=0.0003s pub=0.0003s delay=0.3183s (local map=1, WM=1)
[INFO] [1771517388.516146440] [rtabmap]: rtabmap (136): Rate=1.00s, Limit=0.000s, Conversion=0.0003s, RTAB-Map=0.1701s, Maps update=0.0002s pub=0.0003s delay=0.3306s (local map=1, WM=1)
[INFO] [1771517389.618488631] [rtabmap]: rtabmap (137): Rate=1.00s, Limit=0.000s, Conversion=0.0006s, RTAB-Map=0.1733s, Maps update=0.0002s pub=0.0004s delay=0.3329s (local map=1, WM=1)
[INFO] [1771517390.622566585] [rtabmap]: rtabmap (138): Rate=1.00s, Limit=0.000s, Conversion=0.0003s, RTAB-Map=0.1667s, Maps update=0.0002s pub=0.0003s delay=0.3370s (local map=1, WM=1)
[INFO] [1771517391.705408817] [rtabmap]: rtabmap (139): Rate=1.00s, Limit=0.000s, Conversion=0.0005s, RTAB-Map=0.1548s, Maps update=0.0003s pub=0.0003s delay=0.3200s (local map=1, WM=1)
[INFO] [1771517392.710819744] [rtabmap]: rtabmap (140): Rate=1.00s, Limit=0.000s, Conversion=0.0004s, RTAB-Map=0.1700s, Maps update=0.0002s pub=0.0003s delay=0.3254s (local map=1, WM=1)
[INFO] [1771517393.748450134] [rtabmap]: rtabmap (141): Rate=1.00s, Limit=0.000s, Conversion=0.0003s, RTAB-Map=0.1987s, Maps update=0.0003s pub=0.0004s delay=0.3630s (local map=1, WM=1)
[INFO] [1771517394.720434580] [rtabmap]: rtabmap (142): Rate=1.00s, Limit=0.000s, Conversion=0.0003s, RTAB-Map=0.1798s, Maps update=0.0002s pub=0.0003s delay=0.3348s (local map=1, WM=1)
[INFO] [1771517395.706800412] [rtabmap]: rtabmap (143): Rate=1.00s, Limit=0.000s, Conversion=0.0005s, RTAB-Map=0.1630s, Maps update=0.0002s pub=0.0003s delay=0.3212s (local map=1, WM=1)
[INFO] [1771517396.812233268] [rtabmap]: rtabmap (144): Rate=1.00s, Limit=0.000s, Conversion=0.0005s, RTAB-Map=0.1675s, Maps update=0.0004s pub=0.0004s delay=0.3269s (local map=1, WM=1)
[INFO] [1771517397.833791208] [rtabmap]: rtabmap (145): Rate=1.00s, Limit=0.000s, Conversion=0.0006s, RTAB-Map=0.1858s, Maps update=0.0002s pub=0.0003s delay=0.3482s (local map=1, WM=1)
[INFO] [1771517398.944807838] [rtabmap]: rtabmap (146): Rate=1.00s, Limit=0.000s, Conversion=0.0003s, RTAB-Map=0.1959s, Maps update=0.0002s pub=0.0003s delay=0.3595s (local map=1, WM=1)
[INFO] [1771517399.905920555] [rtabmap]: rtabmap (147): Rate=1.00s, Limit=0.000s, Conversion=0.0005s, RTAB-Map=0.1602s, Maps update=0.0002s pub=0.0004s delay=0.3205s (local map=1, WM=1)
[INFO] [1771517401.006485374] [rtabmap]: rtabmap (148): Rate=1.00s, Limit=0.000s, Conversion=0.0003s, RTAB-Map=0.1622s, Maps update=0.0002s pub=0.0003s delay=0.3211s (local map=1, WM=1)
[INFO] [1771517402.011096177] [rtabmap]: rtabmap (149): Rate=1.00s, Limit=0.000s, Conversion=0.0005s, RTAB-Map=0.1673s, Maps update=0.0003s pub=0.0003s delay=0.3255s (local map=1, WM=1)
[INFO] [1771517403.149973051] [rtabmap]: rtabmap (150): Rate=1.00s, Limit=0.000s, Conversion=0.0004s, RTAB-Map=0.1982s, Maps update=0.0002s pub=0.0003s delay=0.3643s (local map=1, WM=1)
[INFO] [1771517404.213102965] [rtabmap]: rtabmap (151): Rate=1.00s, Limit=0.000s, Conversion=0.0005s, RTAB-Map=0.1631s, Maps update=0.0002s pub=0.0003s delay=0.3277s (local map=1, WM=1)
[INFO] [1771517405.238532844] [rtabmap]: rtabmap (152): Rate=1.00s, Limit=0.000s, Conversion=0.0004s, RTAB-Map=0.1959s, Maps update=0.0002s pub=0.0003s delay=0.3531s (local map=1, WM=1)
[INFO] [1771517406.340413548] [rtabmap]: rtabmap (153): Rate=1.00s, Limit=0.000s, Conversion=0.0003s, RTAB-Map=0.1931s, Maps update=0.0002s pub=0.0003s delay=0.3550s (local map=1, WM=1)
[INFO] [1771517407.407405449] [rtabmap]: rtabmap (154): Rate=1.00s, Limit=0.000s, Conversion=0.0005s, RTAB-Map=0.1626s, Maps update=0.0003s pub=0.0003s delay=0.3219s (local map=1, WM=1)
[INFO] [1771517408.510407407] [rtabmap]: rtabmap (155): Rate=1.00s, Limit=0.000s, Conversion=0.0005s, RTAB-Map=0.1678s, Maps update=0.0003s pub=0.0004s delay=0.3250s (local map=1, WM=1)
[INFO] [1771517409.632847337] [rtabmap]: rtabmap (156): Rate=1.00s, Limit=0.000s, Conversion=0.0003s, RTAB-Map=0.1814s, Maps update=0.0002s pub=0.0003s delay=0.3475s (local map=1, WM=1)
[INFO] [1771517410.636496188] [rtabmap]: rtabmap (157): Rate=1.00s, Limit=0.000s, Conversion=0.0005s, RTAB-Map=0.1872s, Maps update=0.0002s pub=0.0003s delay=0.3510s (local map=1, WM=1)
[INFO] [1771517411.701624826] [rtabmap]: rtabmap (158): Rate=1.00s, Limit=0.000s, Conversion=0.0005s, RTAB-Map=0.1650s, Maps update=0.0003s pub=0.0003s delay=0.3161s (local map=1, WM=1)
[INFO] [1771517412.825822417] [rtabmap]: rtabmap (159): Rate=1.00s, Limit=0.000s, Conversion=0.0005s, RTAB-Map=0.1761s, Maps update=0.0002s pub=0.0003s delay=0.3405s (local map=1, WM=1)
[INFO] [1771517413.821710172] [rtabmap]: rtabmap (160): Rate=1.00s, Limit=0.000s, Conversion=0.0005s, RTAB-Map=0.1796s, Maps update=0.0002s pub=0.0003s delay=0.3362s (local map=1, WM=1)
[INFO] [1771517414.922677852] [rtabmap]: rtabmap (161): Rate=1.00s, Limit=0.000s, Conversion=0.0005s, RTAB-Map=0.1729s, Maps update=0.0002s pub=0.0003s delay=0.3374s (local map=1, WM=1)
[INFO] [1771517416.046676300] [rtabmap]: rtabmap (162): Rate=1.00s, Limit=0.000s, Conversion=0.0003s, RTAB-Map=0.2052s, Maps update=0.0005s pub=0.0003s delay=0.3613s (local map=1, WM=1)
[INFO] [1771517417.015295960] [rtabmap]: rtabmap (163): Rate=1.00s, Limit=0.000s, Conversion=0.0003s, RTAB-Map=0.1761s, Maps update=0.0002s pub=0.0003s delay=0.3299s (local map=1, WM=1)
[INFO] [1771517418.120844596] [rtabmap]: rtabmap (164): Rate=1.00s, Limit=0.000s, Conversion=0.0005s, RTAB-Map=0.1854s, Maps update=0.0002s pub=0.0003s delay=0.3355s (local map=1, WM=1)
[INFO] [1771517419.122346782] [rtabmap]: rtabmap (165): Rate=1.00s, Limit=0.000s, Conversion=0.0005s, RTAB-Map=0.1743s, Maps update=0.0002s pub=0.0003s delay=0.3367s (local map=1, WM=1)
[INFO] [1771517420.229238408] [rtabmap]: rtabmap (166): Rate=1.00s, Limit=0.000s, Conversion=0.0003s, RTAB-Map=0.1824s, Maps update=0.0002s pub=0.0003s delay=0.3439s (local map=1, WM=1)
[INFO] [1771517421.213265248] [rtabmap]: rtabmap (167): Rate=1.00s, Limit=0.000s, Conversion=0.0004s, RTAB-Map=0.1762s, Maps update=0.0002s pub=0.0003s delay=0.3278s (local map=1, WM=1)
[INFO] [1771517422.223377070] [rtabmap]: rtabmap (168): Rate=1.00s, Limit=0.000s, Conversion=0.0005s, RTAB-Map=0.1812s, Maps update=0.0002s pub=0.0003s delay=0.3379s (local map=1, WM=1)
[INFO] [1771517423.334096570] [rtabmap]: rtabmap (169): Rate=1.00s, Limit=0.000s, Conversion=0.0008s, RTAB-Map=0.1895s, Maps update=0.0002s pub=0.0003s delay=0.3487s (local map=1, WM=1)
[INFO] [1771517424.422820379] [rtabmap]: rtabmap (170): Rate=1.00s, Limit=0.000s, Conversion=0.0003s, RTAB-Map=0.1738s, Maps update=0.0002s pub=0.0003s delay=0.3373s (local map=1, WM=1)
[INFO] [1771517425.413348527] [rtabmap]: rtabmap (171): Rate=1.00s, Limit=0.000s, Conversion=0.0003s, RTAB-Map=0.1684s, Maps update=0.0002s pub=0.0003s delay=0.3278s (local map=1, WM=1)
[INFO] [1771517426.499142060] [rtabmap]: rtabmap (172): Rate=1.00s, Limit=0.000s, Conversion=0.0005s, RTAB-Map=0.1584s, Maps update=0.0002s pub=0.0003s delay=0.3139s (local map=1, WM=1)
[INFO] [1771517427.535575162] [rtabmap]: rtabmap (173): Rate=1.00s, Limit=0.000s, Conversion=0.0003s, RTAB-Map=0.1845s, Maps update=0.0003s pub=0.0003s delay=0.3501s (local map=1, WM=1)
[INFO] [1771517428.605298292] [rtabmap]: rtabmap (174): Rate=1.00s, Limit=0.000s, Conversion=0.0003s, RTAB-Map=0.1661s, Maps update=0.0002s pub=0.0003s delay=0.3199s (local map=1, WM=1)
[INFO] [1771517429.731100385] [rtabmap]: rtabmap (175): Rate=1.00s, Limit=0.000s, Conversion=0.0004s, RTAB-Map=0.1925s, Maps update=0.0002s pub=0.0003s delay=0.3458s (local map=1, WM=1)
[INFO] [1771517430.701858965] [rtabmap]: rtabmap (176): Rate=1.00s, Limit=0.000s, Conversion=0.0003s, RTAB-Map=0.1642s, Maps update=0.0002s pub=0.0003s delay=0.3165s (local map=1, WM=1)
[INFO] [1771517431.706906552] [rtabmap]: rtabmap (177): Rate=1.00s, Limit=0.000s, Conversion=0.0005s, RTAB-Map=0.1617s, Maps update=0.0002s pub=0.0003s delay=0.3214s (local map=1, WM=1)
[INFO] [1771517432.833368027] [rtabmap]: rtabmap (178): Rate=1.00s, Limit=0.000s, Conversion=0.0008s, RTAB-Map=0.1890s, Maps update=0.0002s pub=0.0003s delay=0.3481s (local map=1, WM=1)
[INFO] [1771517433.809776848] [rtabmap]: rtabmap (179): Rate=1.00s, Limit=0.000s, Conversion=0.0004s, RTAB-Map=0.1693s, Maps update=0.0003s pub=0.0006s delay=0.3245s (local map=1, WM=1)
[INFO] [1771517434.804458354] [rtabmap]: rtabmap (180): Rate=1.00s, Limit=0.000s, Conversion=0.0005s, RTAB-Map=0.1622s, Maps update=0.0003s pub=0.0003s delay=0.3191s (local map=1, WM=1)
[INFO] [1771517435.927150837] [rtabmap]: rtabmap (181): Rate=1.00s, Limit=0.000s, Conversion=0.0004s, RTAB-Map=0.1830s, Maps update=0.0002s pub=0.0003s delay=0.3417s (local map=1, WM=1)
[INFO] [1771517437.026175988] [rtabmap]: rtabmap (182): Rate=1.00s, Limit=0.000s, Conversion=0.0005s, RTAB-Map=0.1764s, Maps update=0.0002s pub=0.0003s delay=0.3407s (local map=1, WM=1)
[INFO] [1771517438.119494832] [rtabmap]: rtabmap (183): Rate=1.00s, Limit=0.000s, Conversion=0.0005s, RTAB-Map=0.1764s, Maps update=0.0002s pub=0.0003s delay=0.3342s (local map=1, WM=1)
[INFO] [1771517439.230323488] [rtabmap]: rtabmap (184): Rate=1.00s, Limit=0.000s, Conversion=0.0009s, RTAB-Map=0.1817s, Maps update=0.0002s pub=0.0003s delay=0.3449s (local map=1, WM=1)
[INFO] [1771517440.206870745] [rtabmap]: rtabmap (185): Rate=1.00s, Limit=0.000s, Conversion=0.0003s, RTAB-Map=0.1663s, Maps update=0.0002s pub=0.0003s delay=0.3214s (local map=1, WM=1)
[INFO] [1771517441.317318748] [rtabmap]: rtabmap (186): Rate=1.00s, Limit=0.000s, Conversion=0.0005s, RTAB-Map=0.1718s, Maps update=0.0002s pub=0.0003s delay=0.3320s (local map=1, WM=1)
[INFO] [1771517442.311582960] [rtabmap]: rtabmap (187): Rate=1.00s, Limit=0.000s, Conversion=0.0003s, RTAB-Map=0.1699s, Maps update=0.0003s pub=0.0003s delay=0.3262s (local map=1, WM=1)
[INFO] [1771517443.429543784] [rtabmap]: rtabmap (188): Rate=1.00s, Limit=0.000s, Conversion=0.0005s, RTAB-Map=0.1838s, Maps update=0.0003s pub=0.0003s delay=0.3442s (local map=1, WM=1)
[INFO] [1771517444.441351412] [rtabmap]: rtabmap (189): Rate=1.00s, Limit=0.000s, Conversion=0.0003s, RTAB-Map=0.1983s, Maps update=0.0002s pub=0.0003s delay=0.3559s (local map=1, WM=1)
[INFO] [1771517445.413130381] [rtabmap]: rtabmap (190): Rate=1.00s, Limit=0.000s, Conversion=0.0003s, RTAB-Map=0.1617s, Maps update=0.0002s pub=0.0003s delay=0.3277s (local map=1, WM=1)
[INFO] [1771517446.398659195] [rtabmap]: rtabmap (191): Rate=1.00s, Limit=0.000s, Conversion=0.0003s, RTAB-Map=0.1541s, Maps update=0.0004s pub=0.0003s delay=0.3131s (local map=1, WM=1)
[INFO] [1771517447.510608792] [rtabmap]: rtabmap (192): Rate=1.00s, Limit=0.000s, Conversion=0.0005s, RTAB-Map=0.1609s, Maps update=0.0003s pub=0.0003s delay=0.3252s (local map=1, WM=1)
[INFO] [1771517448.534892397] [rtabmap]: rtabmap (193): Rate=1.00s, Limit=0.000s, Conversion=0.0003s, RTAB-Map=0.1880s, Maps update=0.0002s pub=0.0004s delay=0.3495s (local map=1, WM=1)
[INFO] [1771517449.524947989] [rtabmap]: rtabmap (194): Rate=1.00s, Limit=0.000s, Conversion=0.0005s, RTAB-Map=0.1777s, Maps update=0.0002s pub=0.0003s delay=0.3395s (local map=1, WM=1)
[INFO] [1771517450.512328034] [rtabmap]: rtabmap (195): Rate=1.00s, Limit=0.000s, Conversion=0.0007s, RTAB-Map=0.1656s, Maps update=0.0002s pub=0.0003s delay=0.3268s (local map=1, WM=1)
[INFO] [1771517451.606943569] [rtabmap]: rtabmap (196): Rate=1.00s, Limit=0.000s, Conversion=0.0005s, RTAB-Map=0.1639s, Maps update=0.0002s pub=0.0003s delay=0.3216s (local map=1, WM=1)
[INFO] [1771517452.609211960] [rtabmap]: rtabmap (197): Rate=1.00s, Limit=0.000s, Conversion=0.0005s, RTAB-Map=0.1717s, Maps update=0.0002s pub=0.0003s delay=0.3238s (local map=1, WM=1)
[INFO] [1771517453.635353260] [rtabmap]: rtabmap (198): Rate=1.00s, Limit=0.000s, Conversion=0.0003s, RTAB-Map=0.1925s, Maps update=0.0002s pub=0.0003s delay=0.3499s (local map=1, WM=1)
[INFO] [1771517454.708932688] [rtabmap]: rtabmap (199): Rate=1.00s, Limit=0.000s, Conversion=0.0003s, RTAB-Map=0.1680s, Maps update=0.0003s pub=0.0003s delay=0.3236s (local map=1, WM=1)
[INFO] [1771517455.825914232] [rtabmap]: rtabmap (200): Rate=1.00s, Limit=0.000s, Conversion=0.0105s, RTAB-Map=0.1710s, Maps update=0.0002s pub=0.0004s delay=0.3404s (local map=1, WM=1)
[INFO] [1771517456.935751213] [rtabmap]: rtabmap (201): Rate=1.00s, Limit=0.000s, Conversion=0.0003s, RTAB-Map=0.1939s, Maps update=0.0003s pub=0.0003s delay=0.3504s (local map=1, WM=1)
[INFO] [1771517457.930004356] [rtabmap]: rtabmap (202): Rate=1.00s, Limit=0.000s, Conversion=0.0005s, RTAB-Map=0.1908s, Maps update=0.0002s pub=0.0003s delay=0.3445s (local map=1, WM=1)
[INFO] [1771517458.897801206] [rtabmap]: rtabmap (203): Rate=1.00s, Limit=0.000s, Conversion=0.0004s, RTAB-Map=0.1564s, Maps update=0.0002s pub=0.0003s delay=0.3123s (local map=1, WM=1)
[INFO] [1771517460.028763323] [rtabmap]: rtabmap (204): Rate=1.00s, Limit=0.000s, Conversion=0.0003s, RTAB-Map=0.1838s, Maps update=0.0002s pub=0.0003s delay=0.3433s (local map=1, WM=1)
[INFO] [1771517461.011490345] [rtabmap]: rtabmap (205): Rate=1.00s, Limit=0.000s, Conversion=0.0003s, RTAB-Map=0.1743s, Maps update=0.0003s pub=0.0003s delay=0.3260s (local map=1, WM=1)
[INFO] [1771517462.106109304] [rtabmap]: rtabmap (206): Rate=1.00s, Limit=0.000s, Conversion=0.0006s, RTAB-Map=0.1611s, Maps update=0.0003s pub=0.0003s delay=0.3207s (local map=1, WM=1)
[INFO] [1771517463.126200350] [rtabmap]: rtabmap (207): Rate=1.00s, Limit=0.000s, Conversion=0.0006s, RTAB-Map=0.1775s, Maps update=0.0002s pub=0.0003s delay=0.3407s (local map=1, WM=1)
[INFO] [1771517464.228301420] [rtabmap]: rtabmap (208): Rate=1.00s, Limit=0.000s, Conversion=0.0004s, RTAB-Map=0.1827s, Maps update=0.0002s pub=0.0003s delay=0.3428s (local map=1, WM=1)
[INFO] [1771517465.325324237] [rtabmap]: rtabmap (209): Rate=1.00s, Limit=0.000s, Conversion=0.0005s, RTAB-Map=0.1755s, Maps update=0.0002s pub=0.0003s delay=0.3398s (local map=1, WM=1)
[INFO] [1771517466.417760114] [rtabmap]: rtabmap (210): Rate=1.00s, Limit=0.000s, Conversion=0.0005s, RTAB-Map=0.1785s, Maps update=0.0002s pub=0.0003s delay=0.3323s (local map=1, WM=1)
[INFO] [1771517467.418023350] [rtabmap]: rtabmap (211): Rate=1.00s, Limit=0.000s, Conversion=0.0006s, RTAB-Map=0.1738s, Maps update=0.0003s pub=0.0003s delay=0.3325s (local map=1, WM=1)
[INFO] [1771517468.408892857] [rtabmap]: rtabmap (212): Rate=1.00s, Limit=0.000s, Conversion=0.0004s, RTAB-Map=0.1683s, Maps update=0.0003s pub=0.0003s delay=0.3233s (local map=1, WM=1)
[INFO] [1771517469.536577134] [rtabmap]: rtabmap (213): Rate=1.00s, Limit=0.000s, Conversion=0.0018s, RTAB-Map=0.1880s, Maps update=0.0002s pub=0.0003s delay=0.3512s (local map=1, WM=1)
[INFO] [1771517470.515750083] [rtabmap]: rtabmap (214): Rate=1.00s, Limit=0.000s, Conversion=0.0003s, RTAB-Map=0.1761s, Maps update=0.0003s pub=0.0003s delay=0.3303s (local map=1, WM=1)
[INFO] [1771517471.521621445] [rtabmap]: rtabmap (215): Rate=1.00s, Limit=0.000s, Conversion=0.0004s, RTAB-Map=0.1696s, Maps update=0.0003s pub=0.0003s delay=0.3361s (local map=1, WM=1)
[INFO] [1771517472.618312635] [rtabmap]: rtabmap (216): Rate=1.00s, Limit=0.000s, Conversion=0.0003s, RTAB-Map=0.1741s, Maps update=0.0002s pub=0.0003s delay=0.3326s (local map=1, WM=1)
[INFO] [1771517473.732077558] [rtabmap]: rtabmap (217): Rate=1.00s, Limit=0.000s, Conversion=0.0005s, RTAB-Map=0.1843s, Maps update=0.0002s pub=0.0003s delay=0.3466s (local map=1, WM=1)
[INFO] [1771517474.697867748] [rtabmap]: rtabmap (218): Rate=1.00s, Limit=0.000s, Conversion=0.0003s, RTAB-Map=0.1554s, Maps update=0.0002s pub=0.0003s delay=0.3124s (local map=1, WM=1)
[INFO] [1771517475.739602635] [rtabmap]: rtabmap (219): Rate=1.00s, Limit=0.000s, Conversion=0.0005s, RTAB-Map=0.1930s, Maps update=0.0003s pub=0.0003s delay=0.3541s (local map=1, WM=1)
[INFO] [1771517476.825346732] [rtabmap]: rtabmap (220): Rate=1.00s, Limit=0.000s, Conversion=0.0005s, RTAB-Map=0.1737s, Maps update=0.0002s pub=0.0003s delay=0.3397s (local map=1, WM=1)
[INFO] [1771517477.924193803] [rtabmap]: rtabmap (221): Rate=1.00s, Limit=0.000s, Conversion=0.0005s, RTAB-Map=0.1733s, Maps update=0.0002s pub=0.0003s delay=0.3387s (local map=1, WM=1)
[INFO] [1771517478.918762317] [rtabmap]: rtabmap (222): Rate=1.00s, Limit=0.000s, Conversion=0.0003s, RTAB-Map=0.1791s, Maps update=0.0003s pub=0.0009s delay=0.3331s (local map=1, WM=1)
[INFO] [1771517480.024315952] [rtabmap]: rtabmap (223): Rate=1.00s, Limit=0.000s, Conversion=0.0003s, RTAB-Map=0.1828s, Maps update=0.0002s pub=0.0003s delay=0.3388s (local map=1, WM=1)
[INFO] [1771517481.004742832] [rtabmap]: rtabmap (224): Rate=1.00s, Limit=0.000s, Conversion=0.0004s, RTAB-Map=0.1675s, Maps update=0.0002s pub=0.0003s delay=0.3191s (local map=1, WM=1)
[INFO] [1771517482.126154127] [rtabmap]: rtabmap (225): Rate=1.00s, Limit=0.000s, Conversion=0.0003s, RTAB-Map=0.1806s, Maps update=0.0002s pub=0.0003s delay=0.3406s (local map=1, WM=1)
[INFO] [1771517483.116810156] [rtabmap]: rtabmap (226): Rate=1.00s, Limit=0.000s, Conversion=0.0003s, RTAB-Map=0.1691s, Maps update=0.0002s pub=0.0003s delay=0.3312s (local map=1, WM=1)
[INFO] [1771517484.110841275] [rtabmap]: rtabmap (227): Rate=1.00s, Limit=0.000s, Conversion=0.0006s, RTAB-Map=0.1666s, Maps update=0.0002s pub=0.0003s delay=0.3252s (local map=1, WM=1)
[INFO] [1771517485.222980862] [rtabmap]: rtabmap (228): Rate=1.00s, Limit=0.000s, Conversion=0.0008s, RTAB-Map=0.1760s, Maps update=0.0002s pub=0.0003s delay=0.3373s (local map=1, WM=1)
[INFO] [1771517486.301599181] [rtabmap]: rtabmap (229): Rate=1.00s, Limit=0.000s, Conversion=0.0005s, RTAB-Map=0.1554s, Maps update=0.0002s pub=0.0003s delay=0.3160s (local map=1, WM=1)
[INFO] [1771517487.410326461] [rtabmap]: rtabmap (230): Rate=1.00s, Limit=0.000s, Conversion=0.0005s, RTAB-Map=0.1681s, Maps update=0.0002s pub=0.0003s delay=0.3246s (local map=1, WM=1)
[INFO] [1771517488.530537395] [rtabmap]: rtabmap (231): Rate=1.00s, Limit=0.000s, Conversion=0.0005s, RTAB-Map=0.1847s, Maps update=0.0002s pub=0.0003s delay=0.3449s (local map=1, WM=1)
[INFO] [1771517489.605754510] [rtabmap]: rtabmap (232): Rate=1.00s, Limit=0.000s, Conversion=0.0005s, RTAB-Map=0.1637s, Maps update=0.0003s pub=0.0004s delay=0.3201s (local map=1, WM=1)
[INFO] [1771517490.625138332] [rtabmap]: rtabmap (233): Rate=1.00s, Limit=0.000s, Conversion=0.0007s, RTAB-Map=0.1822s, Maps update=0.0003s pub=0.0004s delay=0.3394s (local map=1, WM=1)
[INFO] [1771517491.712295469] [rtabmap]: rtabmap (234): Rate=1.00s, Limit=0.000s, Conversion=0.0005s, RTAB-Map=0.1629s, Maps update=0.0004s pub=0.0003s delay=0.3266s (local map=1, WM=1)
[INFO] [1771517492.815120852] [rtabmap]: rtabmap (235): Rate=1.00s, Limit=0.000s, Conversion=0.0006s, RTAB-Map=0.1711s, Maps update=0.0003s pub=0.0003s delay=0.3295s (local map=1, WM=1)
[INFO] [1771517493.812369809] [rtabmap]: rtabmap (236): Rate=1.00s, Limit=0.000s, Conversion=0.0005s, RTAB-Map=0.1670s, Maps update=0.0003s pub=0.0003s delay=0.3267s (local map=1, WM=1)
[INFO] [1771517494.919728210] [rtabmap]: rtabmap (237): Rate=1.00s, Limit=0.000s, Conversion=0.0003s, RTAB-Map=0.1754s, Maps update=0.0003s pub=0.0003s delay=0.3342s (local map=1, WM=1)
[INFO] [1771517495.951287550] [rtabmap]: rtabmap (238): Rate=1.00s, Limit=0.000s, Conversion=0.0106s, RTAB-Map=0.1937s, Maps update=0.0002s pub=0.0003s delay=0.3657s (local map=1, WM=1)
[INFO] [1771517496.944331724] [rtabmap]: rtabmap (239): Rate=1.00s, Limit=0.000s, Conversion=0.0004s, RTAB-Map=0.1940s, Maps update=0.0003s pub=0.0003s delay=0.3586s (local map=1, WM=1)
[INFO] [1771517498.013398069] [rtabmap]: rtabmap (240): Rate=1.00s, Limit=0.000s, Conversion=0.0005s, RTAB-Map=0.1659s, Maps update=0.0003s pub=0.0003s delay=0.3277s (local map=1, WM=1)
[INFO] [1771517499.003986319] [rtabmap]: rtabmap (241): Rate=1.00s, Limit=0.000s, Conversion=0.0003s, RTAB-Map=0.1587s, Maps update=0.0002s pub=0.0003s delay=0.3183s (local map=1, WM=1)
[INFO] [1771517500.041301375] [rtabmap]: rtabmap (242): Rate=1.00s, Limit=0.000s, Conversion=0.0005s, RTAB-Map=0.1995s, Maps update=0.0003s pub=0.0004s delay=0.3556s (local map=1, WM=1)
[INFO] [1771517501.108082267] [rtabmap]: rtabmap (243): Rate=1.00s, Limit=0.000s, Conversion=0.0003s, RTAB-Map=0.1627s, Maps update=0.0004s pub=0.0003s delay=0.3223s (local map=1, WM=1)
[INFO] [1771517502.208894909] [rtabmap]: rtabmap (244): Rate=1.00s, Limit=0.000s, Conversion=0.0003s, RTAB-Map=0.1627s, Maps update=0.0003s pub=0.0003s delay=0.3232s (local map=1, WM=1)
[INFO] [1771517503.327784039] [rtabmap]: rtabmap (245): Rate=1.00s, Limit=0.000s, Conversion=0.0003s, RTAB-Map=0.1901s, Maps update=0.0002s pub=0.0003s delay=0.3421s (local map=1, WM=1)
[INFO] [1771517504.325635800] [rtabmap]: rtabmap (246): Rate=1.00s, Limit=0.000s, Conversion=0.0003s, RTAB-Map=0.1747s, Maps update=0.0002s pub=0.0003s delay=0.3399s (local map=1, WM=1)
[INFO] [1771517505.325521518] [rtabmap]: rtabmap (247): Rate=1.00s, Limit=0.000s, Conversion=0.0005s, RTAB-Map=0.1728s, Maps update=0.0003s pub=0.0003s delay=0.3398s (local map=1, WM=1)
[INFO] [1771517506.418762095] [rtabmap]: rtabmap (248): Rate=1.00s, Limit=0.000s, Conversion=0.0004s, RTAB-Map=0.1720s, Maps update=0.0003s pub=0.0005s delay=0.3331s (local map=1, WM=1)
[INFO] [1771517507.425139383] [rtabmap]: rtabmap (249): Rate=1.00s, Limit=0.000s, Conversion=0.0003s, RTAB-Map=0.1775s, Maps update=0.0003s pub=0.0004s delay=0.3394s (local map=1, WM=1)
[INFO] [1771517508.418607230] [rtabmap]: rtabmap (250): Rate=1.00s, Limit=0.000s, Conversion=0.0005s, RTAB-Map=0.1806s, Maps update=0.0002s pub=0.0003s delay=0.3328s (local map=1, WM=1)
[INFO] [1771517509.411445647] [rtabmap]: rtabmap (251): Rate=1.00s, Limit=0.000s, Conversion=0.0004s, RTAB-Map=0.1693s, Maps update=0.0003s pub=0.0003s delay=0.3256s (local map=1, WM=1)
[INFO] [1771517510.413421212] [rtabmap]: rtabmap (252): Rate=1.00s, Limit=0.000s, Conversion=0.0003s, RTAB-Map=0.1693s, Maps update=0.0002s pub=0.0003s delay=0.3276s (local map=1, WM=1)
[INFO] [1771517511.499317854] [rtabmap]: rtabmap (253): Rate=1.00s, Limit=0.000s, Conversion=0.0005s, RTAB-Map=0.1513s, Maps update=0.0002s pub=0.0003s delay=0.3134s (local map=1, WM=1)
[INFO] [1771517512.644145173] [rtabmap]: rtabmap (254): Rate=1.00s, Limit=0.000s, Conversion=0.0005s, RTAB-Map=0.1948s, Maps update=0.0002s pub=0.0003s delay=0.3584s (local map=1, WM=1)
[INFO] [1771517513.624084264] [rtabmap]: rtabmap (255): Rate=1.00s, Limit=0.000s, Conversion=0.0003s, RTAB-Map=0.1750s, Maps update=0.0002s pub=0.0003s delay=0.3383s (local map=1, WM=1)
[INFO] [1771517514.713144823] [rtabmap]: rtabmap (256): Rate=1.00s, Limit=0.000s, Conversion=0.0005s, RTAB-Map=0.1598s, Maps update=0.0002s pub=0.0003s delay=0.3274s (local map=1, WM=1)
[INFO] [1771517515.831803910] [rtabmap]: rtabmap (257): Rate=1.00s, Limit=0.000s, Conversion=0.0005s, RTAB-Map=0.1826s, Maps update=0.0002s pub=0.0003s delay=0.3460s (local map=1, WM=1)
[INFO] [1771517516.926969288] [rtabmap]: rtabmap (258): Rate=1.00s, Limit=0.000s, Conversion=0.0005s, RTAB-Map=0.1766s, Maps update=0.0002s pub=0.0003s delay=0.3411s (local map=1, WM=1)
[INFO] [1771517518.017101532] [rtabmap]: rtabmap (259): Rate=1.00s, Limit=0.000s, Conversion=0.0003s, RTAB-Map=0.1678s, Maps update=0.0003s pub=0.0003s delay=0.3313s (local map=1, WM=1)
[INFO] [1771517518.992631767] [rtabmap]: rtabmap (260): Rate=1.00s, Limit=0.000s, Conversion=0.0005s, RTAB-Map=0.1617s, Maps update=0.0003s pub=0.0003s delay=0.3068s (local map=1, WM=1)
[INFO] [1771517520.120694218] [rtabmap]: rtabmap (261): Rate=1.00s, Limit=0.000s, Conversion=0.0005s, RTAB-Map=0.1710s, Maps update=0.0004s pub=0.0004s delay=0.3347s (local map=1, WM=1)
[INFO] [1771517521.221615316] [rtabmap]: rtabmap (262): Rate=1.00s, Limit=0.000s, Conversion=0.0005s, RTAB-Map=0.1757s, Maps update=0.0002s pub=0.0003s delay=0.3357s (local map=1, WM=1)
[INFO] [1771517522.329865850] [rtabmap]: rtabmap (263): Rate=1.00s, Limit=0.000s, Conversion=0.0106s, RTAB-Map=0.1721s, Maps update=0.0002s pub=0.0003s delay=0.3440s (local map=1, WM=1)
[INFO] [1771517523.332306519] [rtabmap]: rtabmap (264): Rate=1.00s, Limit=0.000s, Conversion=0.0005s, RTAB-Map=0.1848s, Maps update=0.0003s pub=0.0003s delay=0.3464s (local map=1, WM=1)
[INFO] [1771517524.418178328] [rtabmap]: rtabmap (265): Rate=1.00s, Limit=0.000s, Conversion=0.0005s, RTAB-Map=0.1787s, Maps update=0.0002s pub=0.0003s delay=0.3323s (local map=1, WM=1)
[INFO] [1771517525.508640600] [rtabmap]: rtabmap (266): Rate=1.00s, Limit=0.000s, Conversion=0.0004s, RTAB-Map=0.1647s, Maps update=0.0003s pub=0.0005s delay=0.3228s (local map=1, WM=1)
[INFO] [1771517526.516310634] [rtabmap]: rtabmap (267): Rate=1.00s, Limit=0.000s, Conversion=0.0004s, RTAB-Map=0.1706s, Maps update=0.0002s pub=0.0003s delay=0.3303s (local map=1, WM=1)
[INFO] [1771517527.626638744] [rtabmap]: rtabmap (268): Rate=1.00s, Limit=0.000s, Conversion=0.0005s, RTAB-Map=0.1806s, Maps update=0.0002s pub=0.0003s delay=0.3408s (local map=1, WM=1)
[INFO] [1771517528.732640881] [rtabmap]: rtabmap (269): Rate=1.00s, Limit=0.000s, Conversion=0.0003s, RTAB-Map=0.1744s, Maps update=0.0002s pub=0.0003s delay=0.3467s (local map=1, WM=1)
[INFO] [1771517529.717588625] [rtabmap]: rtabmap (270): Rate=1.00s, Limit=0.000s, Conversion=0.0003s, RTAB-Map=0.1688s, Maps update=0.0002s pub=0.0003s delay=0.3315s (local map=1, WM=1)
[INFO] [1771517530.843905544] [rtabmap]: rtabmap (271): Rate=1.00s, Limit=0.000s, Conversion=0.0006s, RTAB-Map=0.1999s, Maps update=0.0002s pub=0.0003s delay=0.3580s (local map=1, WM=1)
[INFO] [1771517531.914747106] [rtabmap]: rtabmap (272): Rate=1.00s, Limit=0.000s, Conversion=0.0005s, RTAB-Map=0.1633s, Maps update=0.0002s pub=0.0003s delay=0.3289s (local map=1, WM=1)
[INFO] [1771517532.912804007] [rtabmap]: rtabmap (273): Rate=1.00s, Limit=0.000s, Conversion=0.0003s, RTAB-Map=0.1671s, Maps update=0.0003s pub=0.0004s delay=0.3269s (local map=1, WM=1)
[INFO] [1771517533.942273386] [rtabmap]: rtabmap (274): Rate=1.00s, Limit=0.000s, Conversion=0.0006s, RTAB-Map=0.1918s, Maps update=0.0002s pub=0.0003s delay=0.3564s (local map=1, WM=1)
[INFO] [1771517534.915178698] [rtabmap]: rtabmap (275): Rate=1.00s, Limit=0.000s, Conversion=0.0003s, RTAB-Map=0.1704s, Maps update=0.0002s pub=0.0003s delay=0.3291s (local map=1, WM=1)
[INFO] [1771517536.006902710] [rtabmap]: rtabmap (276): Rate=1.00s, Limit=0.000s, Conversion=0.0004s, RTAB-Map=0.1607s, Maps update=0.0002s pub=0.0003s delay=0.3210s (local map=1, WM=1)
[INFO] [1771517537.007503603] [rtabmap]: rtabmap (277): Rate=1.00s, Limit=0.000s, Conversion=0.0005s, RTAB-Map=0.1649s, Maps update=0.0003s pub=0.0003s delay=0.3215s (local map=1, WM=1)
[INFO] [1771517538.108929774] [rtabmap]: rtabmap (278): Rate=1.00s, Limit=0.000s, Conversion=0.0003s, RTAB-Map=0.1665s, Maps update=0.0004s pub=0.0004s delay=0.3229s (local map=1, WM=1)
[INFO] [1771517539.226624571] [rtabmap]: rtabmap (279): Rate=1.00s, Limit=0.000s, Conversion=0.0006s, RTAB-Map=0.1785s, Maps update=0.0002s pub=0.0003s delay=0.3405s (local map=1, WM=1)
[INFO] [1771517540.302739146] [rtabmap]: rtabmap (280): Rate=1.00s, Limit=0.000s, Conversion=0.0003s, RTAB-Map=0.1647s, Maps update=0.0003s pub=0.0003s delay=0.3167s (local map=1, WM=1)
[INFO] [1771517541.403122753] [rtabmap]: rtabmap (281): Rate=1.00s, Limit=0.000s, Conversion=0.0003s, RTAB-Map=0.1572s, Maps update=0.0002s pub=0.0003s delay=0.3172s (local map=1, WM=1)
[INFO] [1771517542.427183145] [rtabmap]: rtabmap (282): Rate=1.00s, Limit=0.000s, Conversion=0.0007s, RTAB-Map=0.1801s, Maps update=0.0002s pub=0.0003s delay=0.3412s (local map=1, WM=1)
[INFO] [1771517543.436258348] [rtabmap]: rtabmap (283): Rate=1.00s, Limit=0.000s, Conversion=0.0007s, RTAB-Map=0.1938s, Maps update=0.0002s pub=0.0003s delay=0.3502s (local map=1, WM=1)
[INFO] [1771517544.549118066] [rtabmap]: rtabmap (284): Rate=1.00s, Limit=0.000s, Conversion=0.0006s, RTAB-Map=0.2023s, Maps update=0.0003s pub=0.0003s delay=0.3631s (local map=1, WM=1)
[INFO] [1771517545.627562898] [rtabmap]: rtabmap (285): Rate=1.00s, Limit=0.000s, Conversion=0.0003s, RTAB-Map=0.1781s, Maps update=0.0003s pub=0.0003s delay=0.3416s (local map=1, WM=1)
[INFO] [1771517546.617524415] [rtabmap]: rtabmap (286): Rate=1.00s, Limit=0.000s, Conversion=0.0005s, RTAB-Map=0.1801s, Maps update=0.0002s pub=0.0005s delay=0.3314s (local map=1, WM=1)
[INFO] [1771517547.710366769] [rtabmap]: rtabmap (287): Rate=1.00s, Limit=0.000s, Conversion=0.0005s, RTAB-Map=0.1663s, Maps update=0.0002s pub=0.0006s delay=0.3242s (local map=1, WM=1)
[INFO] [1771517548.807671966] [rtabmap]: rtabmap (288): Rate=1.00s, Limit=0.000s, Conversion=0.0003s, RTAB-Map=0.1598s, Maps update=0.0002s pub=0.0003s delay=0.3216s (local map=1, WM=1)
[INFO] [1771517549.914598487] [rtabmap]: rtabmap (289): Rate=1.00s, Limit=0.000s, Conversion=0.0005s, RTAB-Map=0.1720s, Maps update=0.0003s pub=0.0003s delay=0.3285s (local map=1, WM=1)
[INFO] [1771517551.023715003] [rtabmap]: rtabmap (290): Rate=1.00s, Limit=0.000s, Conversion=0.0003s, RTAB-Map=0.1783s, Maps update=0.0002s pub=0.0003s delay=0.3377s (local map=1, WM=1)
[INFO] [1771517552.017621809] [rtabmap]: rtabmap (291): Rate=1.00s, Limit=0.000s, Conversion=0.0004s, RTAB-Map=0.1751s, Maps update=0.0003s pub=0.0003s delay=0.3315s (local map=1, WM=1)
[INFO] [1771517553.133690918] [rtabmap]: rtabmap (292): Rate=1.00s, Limit=0.000s, Conversion=0.0003s, RTAB-Map=0.1906s, Maps update=0.0002s pub=0.0003s delay=0.3476s (local map=1, WM=1)
[INFO] [1771517554.113622489] [rtabmap]: rtabmap (293): Rate=1.00s, Limit=0.000s, Conversion=0.0006s, RTAB-Map=0.1728s, Maps update=0.0002s pub=0.0003s delay=0.3275s (local map=1, WM=1)
[INFO] [1771517555.216193147] [rtabmap]: rtabmap (294): Rate=1.00s, Limit=0.000s, Conversion=0.0005s, RTAB-Map=0.1664s, Maps update=0.0003s pub=0.0003s delay=0.3301s (local map=1, WM=1)
[INFO] [1771517556.307477175] [rtabmap]: rtabmap (295): Rate=1.00s, Limit=0.000s, Conversion=0.0007s, RTAB-Map=0.1606s, Maps update=0.0003s pub=0.0003s delay=0.3214s (local map=1, WM=1)
[INFO] [1771517557.336454729] [rtabmap]: rtabmap (296): Rate=1.00s, Limit=0.000s, Conversion=0.0004s, RTAB-Map=0.1994s, Maps update=0.0002s pub=0.0003s delay=0.3503s (local map=1, WM=1)
[INFO] [1771517558.410745530] [rtabmap]: rtabmap (297): Rate=1.00s, Limit=0.000s, Conversion=0.0003s, RTAB-Map=0.1764s, Maps update=0.0003s pub=0.0007s delay=0.3246s (local map=1, WM=1)
[INFO] [1771517559.438760267] [rtabmap]: rtabmap (298): Rate=1.00s, Limit=0.000s, Conversion=0.0008s, RTAB-Map=0.1992s, Maps update=0.0002s pub=0.0003s delay=0.3526s (local map=1, WM=1)
[INFO] [1771517560.407135182] [rtabmap]: rtabmap (299): Rate=1.00s, Limit=0.000s, Conversion=0.0005s, RTAB-Map=0.1588s, Maps update=0.0003s pub=0.0003s delay=0.3210s (local map=1, WM=1)
[INFO] [1771517561.544935762] [rtabmap]: rtabmap (300): Rate=1.00s, Limit=0.000s, Conversion=0.0005s, RTAB-Map=0.1984s, Maps update=0.0002s pub=0.0003s delay=0.3588s (local map=1, WM=1)
[INFO] [1771517562.519249347] [rtabmap]: rtabmap (301): Rate=1.00s, Limit=0.000s, Conversion=0.0006s, RTAB-Map=0.1784s, Maps update=0.0002s pub=0.0004s delay=0.3330s (local map=1, WM=1)
[INFO] [1771517563.615729427] [rtabmap]: rtabmap (302): Rate=1.00s, Limit=0.000s, Conversion=0.0003s, RTAB-Map=0.1704s, Maps update=0.0003s pub=0.0003s delay=0.3297s (local map=1, WM=1)
[INFO] [1771517564.625706484] [rtabmap]: rtabmap (303): Rate=1.00s, Limit=0.000s, Conversion=0.0005s, RTAB-Map=0.1818s, Maps update=0.0002s pub=0.0003s delay=0.3396s (local map=1, WM=1)
[INFO] [1771517565.621378439] [rtabmap]: rtabmap (304): Rate=1.00s, Limit=0.000s, Conversion=0.0004s, RTAB-Map=0.1753s, Maps update=0.0002s pub=0.0003s delay=0.3353s (local map=1, WM=1)
[INFO] [1771517566.615245948] [rtabmap]: rtabmap (305): Rate=1.00s, Limit=0.000s, Conversion=0.0003s, RTAB-Map=0.1703s, Maps update=0.0002s pub=0.0003s delay=0.3291s (local map=1, WM=1)
[INFO] [1771517567.721431515] [rtabmap]: rtabmap (306): Rate=1.00s, Limit=0.000s, Conversion=0.0006s, RTAB-Map=0.1771s, Maps update=0.0003s pub=0.0003s delay=0.3353s (local map=1, WM=1)
[INFO] [1771517568.707715081] [rtabmap]: rtabmap (307): Rate=1.00s, Limit=0.000s, Conversion=0.0003s, RTAB-Map=0.1638s, Maps update=0.0002s pub=0.0003s delay=0.3215s (local map=1, WM=1)
[INFO] [1771517569.816288955] [rtabmap]: rtabmap (308): Rate=1.00s, Limit=0.000s, Conversion=0.0003s, RTAB-Map=0.1703s, Maps update=0.0002s pub=0.0003s delay=0.3300s (local map=1, WM=1)
[INFO] [1771517570.943829949] [rtabmap]: rtabmap (309): Rate=1.00s, Limit=0.000s, Conversion=0.0003s, RTAB-Map=0.1986s, Maps update=0.0002s pub=0.0003s delay=0.3576s (local map=1, WM=1)
[INFO] [1771517572.015091907] [rtabmap]: rtabmap (310): Rate=1.00s, Limit=0.000s, Conversion=0.0004s, RTAB-Map=0.1650s, Maps update=0.0002s pub=0.0003s delay=0.3288s (local map=1, WM=1)
[INFO] [1771517573.123982327] [rtabmap]: rtabmap (311): Rate=1.00s, Limit=0.000s, Conversion=0.0005s, RTAB-Map=0.1819s, Maps update=0.0002s pub=0.0003s delay=0.3377s (local map=1, WM=1)
[INFO] [1771517574.220931652] [rtabmap]: rtabmap (312): Rate=1.00s, Limit=0.000s, Conversion=0.0008s, RTAB-Map=0.1739s, Maps update=0.0002s pub=0.0003s delay=0.3347s (local map=1, WM=1)
[INFO] [1771517575.310951549] [rtabmap]: rtabmap (313): Rate=1.00s, Limit=0.000s, Conversion=0.0003s, RTAB-Map=0.1711s, Maps update=0.0003s pub=0.0007s delay=0.3248s (local map=1, WM=1)
[INFO] [1771517576.313029778] [rtabmap]: rtabmap (314): Rate=1.00s, Limit=0.000s, Conversion=0.0003s, RTAB-Map=0.1621s, Maps update=0.0003s pub=0.0004s delay=0.3267s (local map=1, WM=1)
[INFO] [1771517577.318662693] [rtabmap]: rtabmap (315): Rate=1.00s, Limit=0.000s, Conversion=0.0006s, RTAB-Map=0.1719s, Maps update=0.0003s pub=0.0003s delay=0.3323s (local map=1, WM=1)
[INFO] [1771517578.415046687] [rtabmap]: rtabmap (316): Rate=1.00s, Limit=0.000s, Conversion=0.0003s, RTAB-Map=0.1699s, Maps update=0.0003s pub=0.0005s delay=0.3289s (local map=1, WM=1)
[INFO] [1771517579.415196015] [rtabmap]: rtabmap (317): Rate=1.00s, Limit=0.000s, Conversion=0.0004s, RTAB-Map=0.1686s, Maps update=0.0002s pub=0.0003s delay=0.3288s (local map=1, WM=1)
[INFO] [1771517580.520096630] [rtabmap]: rtabmap (318): Rate=1.00s, Limit=0.000s, Conversion=0.0003s, RTAB-Map=0.1696s, Maps update=0.0003s pub=0.0003s delay=0.3338s (local map=1, WM=1)
[INFO] [1771517581.644678612] [rtabmap]: rtabmap (319): Rate=1.00s, Limit=0.000s, Conversion=0.0007s, RTAB-Map=0.1969s, Maps update=0.0002s pub=0.0003s delay=0.3585s (local map=1, WM=1)
[INFO] [1771517582.725389956] [rtabmap]: rtabmap (320): Rate=1.00s, Limit=0.000s, Conversion=0.0006s, RTAB-Map=0.1765s, Maps update=0.0002s pub=0.0003s delay=0.3393s (local map=1, WM=1)
[INFO] [1771517583.692954518] [rtabmap]: rtabmap (321): Rate=1.00s, Limit=0.000s, Conversion=0.0005s, RTAB-Map=0.1538s, Maps update=0.0003s pub=0.0003s delay=0.3066s (local map=1, WM=1)
[INFO] [1771517584.837315439] [rtabmap]: rtabmap (322): Rate=1.00s, Limit=0.000s, Conversion=0.0003s, RTAB-Map=0.1927s, Maps update=0.0002s pub=0.0003s delay=0.3511s (local map=1, WM=1)
[INFO] [1771517585.845652385] [rtabmap]: rtabmap (323): Rate=1.00s, Limit=0.000s, Conversion=0.0005s, RTAB-Map=0.1942s, Maps update=0.0002s pub=0.0003s delay=0.3592s (local map=1, WM=1)
[INFO] [1771517586.905845084] [rtabmap]: rtabmap (324): Rate=1.00s, Limit=0.000s, Conversion=0.0005s, RTAB-Map=0.1612s, Maps update=0.0002s pub=0.0003s delay=0.3197s (local map=1, WM=1)
[INFO] [1771517587.921467440] [rtabmap]: rtabmap (325): Rate=1.00s, Limit=0.000s, Conversion=0.0003s, RTAB-Map=0.1680s, Maps update=0.0002s pub=0.0003s delay=0.3351s (local map=1, WM=1)
[INFO] [1771517589.022238404] [rtabmap]: rtabmap (326): Rate=1.00s, Limit=0.000s, Conversion=0.0005s, RTAB-Map=0.1777s, Maps update=0.0002s pub=0.0003s delay=0.3360s (local map=1, WM=1)
[INFO] [1771517590.143482445] [rtabmap]: rtabmap (327): Rate=1.00s, Limit=0.000s, Conversion=0.0004s, RTAB-Map=0.1956s, Maps update=0.0002s pub=0.0003s delay=0.3572s (local map=1, WM=1)
[INFO] [1771517591.113018404] [rtabmap]: rtabmap (328): Rate=1.00s, Limit=0.000s, Conversion=0.0004s, RTAB-Map=0.1687s, Maps update=0.0004s pub=0.0003s delay=0.3267s (local map=1, WM=1)
[INFO] [1771517592.219043378] [rtabmap]: rtabmap (329): Rate=1.00s, Limit=0.000s, Conversion=0.0008s, RTAB-Map=0.1718s, Maps update=0.0002s pub=0.0003s delay=0.3330s (local map=1, WM=1)
[INFO] [1771517593.232554139] [rtabmap]: rtabmap (330): Rate=1.00s, Limit=0.000s, Conversion=0.0003s, RTAB-Map=0.1819s, Maps update=0.0004s pub=0.0003s delay=0.3461s (local map=1, WM=1)
[INFO] [1771517594.239244243] [rtabmap]: rtabmap (331): Rate=1.00s, Limit=0.000s, Conversion=0.0008s, RTAB-Map=0.1898s, Maps update=0.0003s pub=0.0004s delay=0.3527s (local map=1, WM=1)
[INFO] [1771517595.325518312] [rtabmap]: rtabmap (332): Rate=1.00s, Limit=0.000s, Conversion=0.0005s, RTAB-Map=0.1746s, Maps update=0.0003s pub=0.0003s delay=0.3392s (local map=1, WM=1)
[INFO] [1771517596.326713373] [rtabmap]: rtabmap (333): Rate=1.00s, Limit=0.000s, Conversion=0.0005s, RTAB-Map=0.1832s, Maps update=0.0002s pub=0.0003s delay=0.3404s (local map=1, WM=1)
[INFO] [1771517597.436535602] [rtabmap]: rtabmap (334): Rate=1.00s, Limit=0.000s, Conversion=0.0004s, RTAB-Map=0.1953s, Maps update=0.0002s pub=0.0003s delay=0.3503s (local map=1, WM=1)
[INFO] [1771517598.442529010] [rtabmap]: rtabmap (335): Rate=1.00s, Limit=0.000s, Conversion=0.0003s, RTAB-Map=0.1938s, Maps update=0.0003s pub=0.0004s delay=0.3563s (local map=1, WM=1)
[INFO] [1771517599.400217766] [rtabmap]: rtabmap (336): Rate=1.00s, Limit=0.000s, Conversion=0.0005s, RTAB-Map=0.1640s, Maps update=0.0002s pub=0.0003s delay=0.3139s (local map=1, WM=1)
[INFO] [1771517600.418605435] [rtabmap]: rtabmap (337): Rate=1.00s, Limit=0.000s, Conversion=0.0004s, RTAB-Map=0.1739s, Maps update=0.0002s pub=0.0003s delay=0.3322s (local map=1, WM=1)
[INFO] [1771517601.543316350] [rtabmap]: rtabmap (338): Rate=1.00s, Limit=0.000s, Conversion=0.0003s, RTAB-Map=0.1985s, Maps update=0.0002s pub=0.0003s delay=0.3570s (local map=1, WM=1)
[INFO] [1771517602.618943322] [rtabmap]: rtabmap (339): Rate=1.00s, Limit=0.000s, Conversion=0.0006s, RTAB-Map=0.1694s, Maps update=0.0003s pub=0.0003s delay=0.3324s (local map=1, WM=1)
[INFO] [1771517603.716208499] [rtabmap]: rtabmap (340): Rate=1.00s, Limit=0.000s, Conversion=0.0005s, RTAB-Map=0.1660s, Maps update=0.0002s pub=0.0003s delay=0.3300s (local map=1, WM=1)
[INFO] [1771517604.705014643] [rtabmap]: rtabmap (341): Rate=1.00s, Limit=0.000s, Conversion=0.0005s, RTAB-Map=0.1580s, Maps update=0.0002s pub=0.0003s delay=0.3186s (local map=1, WM=1)
[INFO] [1771517605.828889368] [rtabmap]: rtabmap (342): Rate=1.00s, Limit=0.000s, Conversion=0.0005s, RTAB-Map=0.1824s, Maps update=0.0003s pub=0.0003s delay=0.3425s (local map=1, WM=1)
[INFO] [1771517606.909656074] [rtabmap]: rtabmap (343): Rate=1.00s, Limit=0.000s, Conversion=0.0004s, RTAB-Map=0.1642s, Maps update=0.0003s pub=0.0006s delay=0.3241s (local map=1, WM=1)
[INFO] [1771517607.899996065] [rtabmap]: rtabmap (344): Rate=1.00s, Limit=0.000s, Conversion=0.0007s, RTAB-Map=0.1556s, Maps update=0.0002s pub=0.0003s delay=0.3137s (local map=1, WM=1)
[INFO] [1771517608.923518475] [rtabmap]: rtabmap (345): Rate=1.00s, Limit=0.000s, Conversion=0.0005s, RTAB-Map=0.1788s, Maps update=0.0002s pub=0.0003s delay=0.3372s (local map=1, WM=1)
[INFO] [1771517609.942526807] [rtabmap]: rtabmap (346): Rate=1.00s, Limit=0.000s, Conversion=0.0004s, RTAB-Map=0.1959s, Maps update=0.0002s pub=0.0003s delay=0.3562s (local map=1, WM=1)
[INFO] [1771517610.907198786] [rtabmap]: rtabmap (347): Rate=1.00s, Limit=0.000s, Conversion=0.0005s, RTAB-Map=0.1668s, Maps update=0.0002s pub=0.0003s delay=0.3207s (local map=1, WM=1)
[INFO] [1771517612.001766907] [rtabmap]: rtabmap (348): Rate=1.00s, Limit=0.000s, Conversion=0.0004s, RTAB-Map=0.1603s, Maps update=0.0002s pub=0.0003s delay=0.3163s (local map=1, WM=1)
[INFO] [1771517613.016955008] [rtabmap]: rtabmap (349): Rate=1.00s, Limit=0.000s, Conversion=0.0005s, RTAB-Map=0.1675s, Maps update=0.0002s pub=0.0007s delay=0.3306s (local map=1, WM=1)
[INFO] [1771517614.022165379] [rtabmap]: rtabmap (350): Rate=1.00s, Limit=0.000s, Conversion=0.0005s, RTAB-Map=0.1828s, Maps update=0.0002s pub=0.0004s delay=0.3358s (local map=1, WM=1)
[INFO] [1771517615.024307195] [rtabmap]: rtabmap (351): Rate=1.00s, Limit=0.000s, Conversion=0.0009s, RTAB-Map=0.1805s, Maps update=0.0002s pub=0.0003s delay=0.3378s (local map=1, WM=1)
[INFO] [1771517616.102800316] [rtabmap]: rtabmap (352): Rate=1.00s, Limit=0.000s, Conversion=0.0005s, RTAB-Map=0.1606s, Maps update=0.0002s pub=0.0003s delay=0.3163s (local map=1, WM=1)
[INFO] [1771517617.228412191] [rtabmap]: rtabmap (353): Rate=1.00s, Limit=0.000s, Conversion=0.0006s, RTAB-Map=0.1807s, Maps update=0.0002s pub=0.0003s delay=0.3431s (local map=1, WM=1)
[INFO] [1771517618.220245578] [rtabmap]: rtabmap (354): Rate=1.00s, Limit=0.000s, Conversion=0.0004s, RTAB-Map=0.1777s, Maps update=0.0003s pub=0.0004s delay=0.3338s (local map=1, WM=1)
[INFO] [1771517619.317186167] [rtabmap]: rtabmap (355): Rate=1.00s, Limit=0.000s, Conversion=0.0005s, RTAB-Map=0.1758s, Maps update=0.0003s pub=0.0003s delay=0.3318s (local map=1, WM=1)
[INFO] [1771517620.420717326] [rtabmap]: rtabmap (356): Rate=1.00s, Limit=0.000s, Conversion=0.0005s, RTAB-Map=0.1729s, Maps update=0.0003s pub=0.0003s delay=0.3343s (local map=1, WM=1)
[INFO] [1771517621.527530808] [rtabmap]: rtabmap (357): Rate=1.00s, Limit=0.000s, Conversion=0.0005s, RTAB-Map=0.1843s, Maps update=0.0003s pub=0.0003s delay=0.3421s (local map=1, WM=1)
[INFO] [1771517622.536268600] [rtabmap]: rtabmap (358): Rate=1.00s, Limit=0.000s, Conversion=0.0003s, RTAB-Map=0.1838s, Maps update=0.0002s pub=0.0004s delay=0.3509s (local map=1, WM=1)
[INFO] [1771517623.524371295] [rtabmap]: rtabmap (359): Rate=1.00s, Limit=0.000s, Conversion=0.0003s, RTAB-Map=0.1703s, Maps update=0.0002s pub=0.0003s delay=0.3389s (local map=1, WM=1)
[INFO] [1771517624.519488159] [rtabmap]: rtabmap (360): Rate=1.00s, Limit=0.000s, Conversion=0.0005s, RTAB-Map=0.1673s, Maps update=0.0003s pub=0.0003s delay=0.3331s (local map=1, WM=1)
[INFO] [1771517625.616387690] [rtabmap]: rtabmap (361): Rate=1.00s, Limit=0.000s, Conversion=0.0004s, RTAB-Map=0.1783s, Maps update=0.0002s pub=0.0003s delay=0.3298s (local map=1, WM=1)
[INFO] [1771517626.721233359] [rtabmap]: rtabmap (362): Rate=1.00s, Limit=0.000s, Conversion=0.0007s, RTAB-Map=0.1705s, Maps update=0.0002s pub=0.0003s delay=0.3348s (local map=1, WM=1)
[INFO] [1771517627.720292634] [rtabmap]: rtabmap (363): Rate=1.00s, Limit=0.000s, Conversion=0.0007s, RTAB-Map=0.1765s, Maps update=0.0002s pub=0.0003s delay=0.3337s (local map=1, WM=1)
[INFO] [1771517628.817769178] [rtabmap]: rtabmap (364): Rate=1.00s, Limit=0.000s, Conversion=0.0003s, RTAB-Map=0.1653s, Maps update=0.0002s pub=0.0003s delay=0.3313s (local map=1, WM=1)
[INFO] [1771517629.828634918] [rtabmap]: rtabmap (365): Rate=1.00s, Limit=0.000s, Conversion=0.0003s, RTAB-Map=0.1762s, Maps update=0.0002s pub=0.0003s delay=0.3421s (local map=1, WM=1)
[INFO] [1771517630.815235480] [rtabmap]: rtabmap (366): Rate=1.00s, Limit=0.000s, Conversion=0.0005s, RTAB-Map=0.1675s, Maps update=0.0003s pub=0.0004s delay=0.3287s (local map=1, WM=1)
[INFO] [1771517631.813753231] [rtabmap]: rtabmap (367): Rate=1.00s, Limit=0.000s, Conversion=0.0004s, RTAB-Map=0.1707s, Maps update=0.0002s pub=0.0005s delay=0.3271s (local map=1, WM=1)
[INFO] [1771517632.937745592] [rtabmap]: rtabmap (368): Rate=1.00s, Limit=0.000s, Conversion=0.0005s, RTAB-Map=0.1903s, Maps update=0.0002s pub=0.0003s delay=0.3514s (local map=1, WM=1)
[INFO] [1771517633.916317135] [rtabmap]: rtabmap (369): Rate=1.00s, Limit=0.000s, Conversion=0.0004s, RTAB-Map=0.1692s, Maps update=0.0002s pub=0.0003s delay=0.3297s (local map=1, WM=1)
[INFO] [1771517635.058787557] [rtabmap]: rtabmap (370): Rate=1.00s, Limit=0.000s, Conversion=0.0005s, RTAB-Map=0.2100s, Maps update=0.0002s pub=0.0003s delay=0.3722s (local map=1, WM=1)
[INFO] [1771517636.106883874] [rtabmap]: rtabmap (371): Rate=1.00s, Limit=0.000s, Conversion=0.0003s, RTAB-Map=0.1607s, Maps update=0.0003s pub=0.0003s delay=0.3203s (local map=1, WM=1)
[INFO] [1771517637.222622497] [rtabmap]: rtabmap (372): Rate=1.00s, Limit=0.000s, Conversion=0.0004s, RTAB-Map=0.1832s, Maps update=0.0002s pub=0.0003s delay=0.3361s (local map=1, WM=1)
[INFO] [1771517638.320501740] [rtabmap]: rtabmap (373): Rate=1.00s, Limit=0.000s, Conversion=0.0005s, RTAB-Map=0.1712s, Maps update=0.0002s pub=0.0003s delay=0.3338s (local map=1, WM=1)
[INFO] [1771517639.417925606] [rtabmap]: rtabmap (374): Rate=1.00s, Limit=0.000s, Conversion=0.0003s, RTAB-Map=0.1729s, Maps update=0.0003s pub=0.0003s delay=0.3314s (local map=1, WM=1)
[INFO] [1771517640.402024553] [rtabmap]: rtabmap (375): Rate=1.00s, Limit=0.000s, Conversion=0.0003s, RTAB-Map=0.1599s, Maps update=0.0003s pub=0.0003s delay=0.3155s (local map=1, WM=1)
[INFO] [1771517641.437115984] [rtabmap]: rtabmap (376): Rate=1.00s, Limit=0.000s, Conversion=0.0009s, RTAB-Map=0.1897s, Maps update=0.0003s pub=0.0004s delay=0.3505s (local map=1, WM=1)
[INFO] [1771517642.547743676] [rtabmap]: rtabmap (377): Rate=1.00s, Limit=0.000s, Conversion=0.0005s, RTAB-Map=0.2006s, Maps update=0.0002s pub=0.0003s delay=0.3613s (local map=1, WM=1)
[INFO] [1771517643.515114482] [rtabmap]: rtabmap (378): Rate=1.00s, Limit=0.000s, Conversion=0.0003s, RTAB-Map=0.1723s, Maps update=0.0003s pub=0.0003s delay=0.3285s (local map=1, WM=1)
[INFO] [1771517644.617021738] [rtabmap]: rtabmap (379): Rate=1.00s, Limit=0.000s, Conversion=0.0003s, RTAB-Map=0.1680s, Maps update=0.0002s pub=0.0003s delay=0.3315s (local map=1, WM=1)
[INFO] [1771517645.626915354] [rtabmap]: rtabmap (380): Rate=1.00s, Limit=0.000s, Conversion=0.0005s, RTAB-Map=0.1749s, Maps update=0.0002s pub=0.0004s delay=0.3403s (local map=1, WM=1)
[INFO] [1771517646.659440487] [rtabmap]: rtabmap (381): Rate=1.00s, Limit=0.000s, Conversion=0.0004s, RTAB-Map=0.2098s, Maps update=0.0003s pub=0.0004s delay=0.3728s (local map=1, WM=1)
[INFO] [1771517647.704136224] [rtabmap]: rtabmap (382): Rate=1.00s, Limit=0.000s, Conversion=0.0004s, RTAB-Map=0.1634s, Maps update=0.0003s pub=0.0003s delay=0.3174s (local map=1, WM=1)
[INFO] [1771517648.821173102] [rtabmap]: rtabmap (383): Rate=1.00s, Limit=0.000s, Conversion=0.0003s, RTAB-Map=0.1710s, Maps update=0.0002s pub=0.0003s delay=0.3345s (local map=1, WM=1)
[INFO] [1771517649.929837204] [rtabmap]: rtabmap (384): Rate=1.00s, Limit=0.000s, Conversion=0.0004s, RTAB-Map=0.1822s, Maps update=0.0002s pub=0.0004s delay=0.3442s (local map=1, WM=1)
[INFO] [1771517650.914598318] [rtabmap]: rtabmap (385): Rate=1.00s, Limit=0.000s, Conversion=0.0005s, RTAB-Map=0.1656s, Maps update=0.0003s pub=0.0005s delay=0.3280s (local map=1, WM=1)
[INFO] [1771517651.915151829] [rtabmap]: rtabmap (386): Rate=1.00s, Limit=0.000s, Conversion=0.0005s, RTAB-Map=0.1706s, Maps update=0.0002s pub=0.0003s delay=0.3285s (local map=1, WM=1)
[INFO] [1771517653.024340814] [rtabmap]: rtabmap (387): Rate=1.00s, Limit=0.000s, Conversion=0.0005s, RTAB-Map=0.1742s, Maps update=0.0003s pub=0.0003s delay=0.3387s (local map=1, WM=1)
[INFO] [1771517654.023970740] [rtabmap]: rtabmap (388): Rate=1.00s, Limit=0.000s, Conversion=0.0005s, RTAB-Map=0.1851s, Maps update=0.0002s pub=0.0003s delay=0.3372s (local map=1, WM=1)
[INFO] [1771517655.124901930] [rtabmap]: rtabmap (389): Rate=1.00s, Limit=0.000s, Conversion=0.0003s, RTAB-Map=0.1745s, Maps update=0.0002s pub=0.0003s delay=0.3382s (local map=1, WM=1)
[INFO] [1771517656.242307844] [rtabmap]: rtabmap (390): Rate=1.00s, Limit=0.000s, Conversion=0.0005s, RTAB-Map=0.1869s, Maps update=0.0002s pub=0.0003s delay=0.3556s (local map=1, WM=1)
[INFO] [1771517657.222539039] [rtabmap]: rtabmap (391): Rate=1.00s, Limit=0.000s, Conversion=0.0005s, RTAB-Map=0.1769s, Maps update=0.0003s pub=0.0004s delay=0.3358s (local map=1, WM=1)
[INFO] [1771517658.319757843] [rtabmap]: rtabmap (392): Rate=1.00s, Limit=0.000s, Conversion=0.0007s, RTAB-Map=0.1724s, Maps update=0.0002s pub=0.0003s delay=0.3330s (local map=1, WM=1)
[INFO] [1771517659.408215345] [rtabmap]: rtabmap (393): Rate=1.00s, Limit=0.000s, Conversion=0.0005s, RTAB-Map=0.1590s, Maps update=0.0003s pub=0.0003s delay=0.3226s (local map=1, WM=1)
[INFO] [1771517660.531363958] [rtabmap]: rtabmap (394): Rate=1.00s, Limit=0.000s, Conversion=0.0005s, RTAB-Map=0.1880s, Maps update=0.0002s pub=0.0003s delay=0.3459s (local map=1, WM=1)
[INFO] [1771517661.518896946] [rtabmap]: rtabmap (395): Rate=1.00s, Limit=0.000s, Conversion=0.0009s, RTAB-Map=0.1715s, Maps update=0.0002s pub=0.0003s delay=0.3321s (local map=1, WM=1)
[INFO] [1771517662.604851833] [rtabmap]: rtabmap (396): Rate=1.00s, Limit=0.000s, Conversion=0.0003s, RTAB-Map=0.1660s, Maps update=0.0002s pub=0.0003s delay=0.3191s (local map=1, WM=1)
[INFO] [1771517663.729331596] [rtabmap]: rtabmap (397): Rate=1.00s, Limit=0.000s, Conversion=0.0105s, RTAB-Map=0.1767s, Maps update=0.0003s pub=0.0003s delay=0.3439s (local map=1, WM=1)
[INFO] [1771517664.734621337] [rtabmap]: rtabmap (398): Rate=1.00s, Limit=0.000s, Conversion=0.0006s, RTAB-Map=0.1845s, Maps update=0.0002s pub=0.0003s delay=0.3489s (local map=1, WM=1)
[INFO] [1771517665.715802678] [rtabmap]: rtabmap (399): Rate=1.00s, Limit=0.000s, Conversion=0.0005s, RTAB-Map=0.1711s, Maps update=0.0003s pub=0.0003s delay=0.3291s (local map=1, WM=1)
[INFO] [1771517666.716320187] [rtabmap]: rtabmap (400): Rate=1.00s, Limit=0.000s, Conversion=0.0007s, RTAB-Map=0.1697s, Maps update=0.0002s pub=0.0003s delay=0.3295s (local map=1, WM=1)
[INFO] [1771517667.819549250] [rtabmap]: rtabmap (401): Rate=1.00s, Limit=0.000s, Conversion=0.0003s, RTAB-Map=0.1738s, Maps update=0.0003s pub=0.0005s delay=0.3341s (local map=1, WM=1)
[INFO] [1771517668.825423396] [rtabmap]: rtabmap (402): Rate=1.00s, Limit=0.000s, Conversion=0.0005s, RTAB-Map=0.1740s, Maps update=0.0002s pub=0.0003s delay=0.3399s (local map=1, WM=1)
[INFO] [1771517669.918713741] [rtabmap]: rtabmap (403): Rate=1.00s, Limit=0.000s, Conversion=0.0003s, RTAB-Map=0.1744s, Maps update=0.0003s pub=0.0004s delay=0.3333s (local map=1, WM=1)
[INFO] [1771517670.911497730] [rtabmap]: rtabmap (404): Rate=1.00s, Limit=0.000s, Conversion=0.0004s, RTAB-Map=0.1711s, Maps update=0.0003s pub=0.0003s delay=0.3247s (local map=1, WM=1)
[INFO] [1771517671.904819531] [rtabmap]: rtabmap (405): Rate=1.00s, Limit=0.000s, Conversion=0.0004s, RTAB-Map=0.1602s, Maps update=0.0002s pub=0.0003s delay=0.3180s (local map=1, WM=1)
[INFO] [1771517673.028017617] [rtabmap]: rtabmap (406): Rate=1.00s, Limit=0.000s, Conversion=0.0003s, RTAB-Map=0.1795s, Maps update=0.0002s pub=0.0003s delay=0.3422s (local map=1, WM=1)
[INFO] [1771517674.153871412] [rtabmap]: rtabmap (407): Rate=1.00s, Limit=0.000s, Conversion=0.0008s, RTAB-Map=0.1953s, Maps update=0.0002s pub=0.0003s delay=0.3681s (local map=1, WM=1)
[INFO] [1771517675.104904459] [rtabmap]: rtabmap (408): Rate=1.00s, Limit=0.000s, Conversion=0.0007s, RTAB-Map=0.1597s, Maps update=0.0002s pub=0.0003s delay=0.3181s (local map=1, WM=1)
[INFO] [1771517676.224788061] [rtabmap]: rtabmap (409): Rate=1.00s, Limit=0.000s, Conversion=0.0005s, RTAB-Map=0.1775s, Maps update=0.0002s pub=0.0003s delay=0.3392s (local map=1, WM=1)
[INFO] [1771517677.209395122] [rtabmap]: rtabmap (410): Rate=1.00s, Limit=0.000s, Conversion=0.0005s, RTAB-Map=0.1722s, Maps update=0.0002s pub=0.0003s delay=0.3237s (local map=1, WM=1)
[INFO] [1771517678.244136941] [rtabmap]: rtabmap (411): Rate=1.00s, Limit=0.000s, Conversion=0.0003s, RTAB-Map=0.1929s, Maps update=0.0002s pub=0.0003s delay=0.3584s (local map=1, WM=1)
[INFO] [1771517679.217971366] [rtabmap]: rtabmap (412): Rate=1.00s, Limit=0.000s, Conversion=0.0006s, RTAB-Map=0.1728s, Maps update=0.0002s pub=0.0003s delay=0.3322s (local map=1, WM=1)
[INFO] [1771517680.224880109] [rtabmap]: rtabmap (413): Rate=1.00s, Limit=0.000s, Conversion=0.0003s, RTAB-Map=0.1792s, Maps update=0.0003s pub=0.0003s delay=0.3380s (local map=1, WM=1)
[INFO] [1771517681.325492664] [rtabmap]: rtabmap (414): Rate=1.00s, Limit=0.000s, Conversion=0.0003s, RTAB-Map=0.1766s, Maps update=0.0002s pub=0.0003s delay=0.3401s (local map=1, WM=1)
[INFO] [1771517682.319753409] [rtabmap]: rtabmap (415): Rate=1.00s, Limit=0.000s, Conversion=0.0006s, RTAB-Map=0.1714s, Maps update=0.0002s pub=0.0003s delay=0.3341s (local map=1, WM=1)
[INFO] [1771517683.349045660] [rtabmap]: rtabmap (416): Rate=1.00s, Limit=0.000s, Conversion=0.0005s, RTAB-Map=0.2053s, Maps update=0.0002s pub=0.0003s delay=0.3622s (local map=1, WM=1)
[INFO] [1771517684.425751677] [rtabmap]: rtabmap (417): Rate=1.00s, Limit=0.000s, Conversion=0.0003s, RTAB-Map=0.1743s, Maps update=0.0003s pub=0.0003s delay=0.3401s (local map=1, WM=1)
[INFO] [1771517685.420036775] [rtabmap]: rtabmap (418): Rate=1.00s, Limit=0.000s, Conversion=0.0003s, RTAB-Map=0.1687s, Maps update=0.0002s pub=0.0003s delay=0.3344s (local map=1, WM=1)
[INFO] [1771517686.514550170] [rtabmap]: rtabmap (419): Rate=1.00s, Limit=0.000s, Conversion=0.0004s, RTAB-Map=0.1726s, Maps update=0.0003s pub=0.0003s delay=0.3287s (local map=1, WM=1)
[INFO] [1771517687.604764631] [rtabmap]: rtabmap (420): Rate=1.00s, Limit=0.000s, Conversion=0.0011s, RTAB-Map=0.1642s, Maps update=0.0003s pub=0.0003s delay=0.3195s (local map=1, WM=1)
[INFO] [1771517688.614545443] [rtabmap]: rtabmap (421): Rate=1.00s, Limit=0.000s, Conversion=0.0003s, RTAB-Map=0.1706s, Maps update=0.0002s pub=0.0003s delay=0.3289s (local map=1, WM=1)
[INFO] [1771517689.756538559] [rtabmap]: rtabmap (422): Rate=1.00s, Limit=0.000s, Conversion=0.0004s, RTAB-Map=0.2030s, Maps update=0.0003s pub=0.0003s delay=0.3708s (local map=1, WM=1)
[INFO] [1771517690.818318930] [rtabmap]: rtabmap (423): Rate=1.00s, Limit=0.000s, Conversion=0.0005s, RTAB-Map=0.1709s, Maps update=0.0002s pub=0.0003s delay=0.3330s (local map=1, WM=1)
[INFO] [1771517691.804810378] [rtabmap]: rtabmap (424): Rate=1.00s, Limit=0.000s, Conversion=0.0003s, RTAB-Map=0.1602s, Maps update=0.0002s pub=0.0003s delay=0.3188s (local map=1, WM=1)
[INFO] [1771517692.931626383] [rtabmap]: rtabmap (425): Rate=1.00s, Limit=0.000s, Conversion=0.0005s, RTAB-Map=0.1798s, Maps update=0.0002s pub=0.0003s delay=0.3459s (local map=1, WM=1)
[INFO] [1771517694.007986372] [rtabmap]: rtabmap (426): Rate=1.00s, Limit=0.000s, Conversion=0.0005s, RTAB-Map=0.1698s, Maps update=0.0002s pub=0.0003s delay=0.3227s (local map=1, WM=1)
[INFO] [1771517695.036835471] [rtabmap]: rtabmap (427): Rate=1.00s, Limit=0.000s, Conversion=0.0004s, RTAB-Map=0.1821s, Maps update=0.0002s pub=0.0003s delay=0.3511s (local map=1, WM=1)
[INFO] [1771517696.128276183] [rtabmap]: rtabmap (428): Rate=1.00s, Limit=0.000s, Conversion=0.0005s, RTAB-Map=0.1832s, Maps update=0.0003s pub=0.0004s delay=0.3429s (local map=1, WM=1)
[INFO] [1771517697.237006656] [rtabmap]: rtabmap (429): Rate=1.00s, Limit=0.000s, Conversion=0.0007s, RTAB-Map=0.1854s, Maps update=0.0002s pub=0.0003s delay=0.3517s (local map=1, WM=1)
[INFO] [1771517698.223963015] [rtabmap]: rtabmap (430): Rate=1.00s, Limit=0.000s, Conversion=0.0003s, RTAB-Map=0.1806s, Maps update=0.0002s pub=0.0003s delay=0.3382s (local map=1, WM=1)
[INFO] [1771517699.327466328] [rtabmap]: rtabmap (431): Rate=1.00s, Limit=0.000s, Conversion=0.0005s, RTAB-Map=0.1781s, Maps update=0.0003s pub=0.0003s delay=0.3415s (local map=1, WM=1)
[INFO] [1771517700.417617298] [rtabmap]: rtabmap (432): Rate=1.00s, Limit=0.000s, Conversion=0.0005s, RTAB-Map=0.1708s, Maps update=0.0014s pub=0.0003s delay=0.3323s (local map=1, WM=1)
[INFO] [1771517701.438624745] [rtabmap]: rtabmap (433): Rate=1.00s, Limit=0.000s, Conversion=0.0005s, RTAB-Map=0.1907s, Maps update=0.0002s pub=0.0003s delay=0.3531s (local map=1, WM=1)
[INFO] [1771517702.534036285] [rtabmap]: rtabmap (434): Rate=1.00s, Limit=0.000s, Conversion=0.0004s, RTAB-Map=0.1862s, Maps update=0.0002s pub=0.0003s delay=0.3482s (local map=1, WM=1)
[INFO] [1771517703.617776886] [rtabmap]: rtabmap (435): Rate=1.00s, Limit=0.000s, Conversion=0.0005s, RTAB-Map=0.1710s, Maps update=0.0022s pub=0.0013s delay=0.3319s (local map=2, WM=2)
[INFO] [1771517704.720828790] [rtabmap]: rtabmap (436): Rate=1.00s, Limit=0.000s, Conversion=0.0004s, RTAB-Map=0.1726s, Maps update=0.0002s pub=0.0005s delay=0.3355s (local map=2, WM=2)
[INFO] [1771517705.730055822] [rtabmap]: rtabmap (437): Rate=1.00s, Limit=0.000s, Conversion=0.0005s, RTAB-Map=0.1874s, Maps update=0.0002s pub=0.0005s delay=0.3446s (local map=2, WM=2)
[INFO] [1771517706.802662879] [rtabmap]: rtabmap (438): Rate=1.00s, Limit=0.000s, Conversion=0.0004s, RTAB-Map=0.1588s, Maps update=0.0002s pub=0.0005s delay=0.3173s (local map=2, WM=2)
[INFO] [1771517707.919747918] [rtabmap]: rtabmap (439): Rate=1.00s, Limit=0.000s, Conversion=0.0004s, RTAB-Map=0.1736s, Maps update=0.0003s pub=0.0007s delay=0.3344s (local map=2, WM=2)
[INFO] [1771517709.046323051] [rtabmap]: rtabmap (440): Rate=1.00s, Limit=0.000s, Conversion=0.0003s, RTAB-Map=0.1968s, Maps update=0.0002s pub=0.0005s delay=0.3609s (local map=2, WM=2)
[INFO] [1771517709.998665936] [rtabmap]: rtabmap (441): Rate=1.00s, Limit=0.000s, Conversion=0.0005s, RTAB-Map=0.1558s, Maps update=0.0004s pub=0.0005s delay=0.3133s (local map=2, WM=2)
[INFO] [1771517711.097488187] [rtabmap]: rtabmap (442): Rate=1.00s, Limit=0.000s, Conversion=0.0005s, RTAB-Map=0.1576s, Maps update=0.0003s pub=0.0007s delay=0.3120s (local map=2, WM=2)
[INFO] [1771517712.220587198] [rtabmap]: rtabmap (443): Rate=1.00s, Limit=0.000s, Conversion=0.0005s, RTAB-Map=0.1731s, Maps update=0.0002s pub=0.0005s delay=0.3352s (local map=2, WM=2)
[INFO] [1771517713.216136885] [rtabmap]: rtabmap (444): Rate=1.00s, Limit=0.000s, Conversion=0.0003s, RTAB-Map=0.1676s, Maps update=0.0003s pub=0.0009s delay=0.3307s (local map=2, WM=2)
[INFO] [1771517714.325808831] [rtabmap]: rtabmap (445): Rate=1.00s, Limit=0.000s, Conversion=0.0006s, RTAB-Map=0.1814s, Maps update=0.0003s pub=0.0005s delay=0.3405s (local map=2, WM=2)
[INFO] [1771517715.309172296] [rtabmap]: rtabmap (446): Rate=1.00s, Limit=0.000s, Conversion=0.0004s, RTAB-Map=0.1661s, Maps update=0.0003s pub=0.0008s delay=0.3237s (local map=2, WM=2)
[INFO] [1771517716.433017989] [rtabmap]: rtabmap (447): Rate=1.00s, Limit=0.000s, Conversion=0.0005s, RTAB-Map=0.1793s, Maps update=0.0003s pub=0.0005s delay=0.3477s (local map=2, WM=2)
[INFO] [1771517717.417808449] [rtabmap]: rtabmap (448): Rate=1.00s, Limit=0.000s, Conversion=0.0003s, RTAB-Map=0.1784s, Maps update=0.0002s pub=0.0007s delay=0.3324s (local map=2, WM=2)
[INFO] [1771517718.414220949] [rtabmap]: rtabmap (449): Rate=1.00s, Limit=0.000s, Conversion=0.0003s, RTAB-Map=0.1653s, Maps update=0.0002s pub=0.0005s delay=0.3288s (local map=2, WM=2)
[INFO] [1771517719.528199703] [rtabmap]: rtabmap (450): Rate=1.00s, Limit=0.000s, Conversion=0.0005s, RTAB-Map=0.1815s, Maps update=0.0002s pub=0.0005s delay=0.3430s (local map=2, WM=2)
[INFO] [1771517720.514001174] [rtabmap]: rtabmap (451): Rate=1.00s, Limit=0.000s, Conversion=0.0003s, RTAB-Map=0.1654s, Maps update=0.0003s pub=0.0005s delay=0.3285s (local map=2, WM=2)
[INFO] [1771517721.619615057] [rtabmap]: rtabmap (452): Rate=1.00s, Limit=0.000s, Conversion=0.0003s, RTAB-Map=0.1724s, Maps update=0.0003s pub=0.0005s delay=0.3342s (local map=2, WM=2)
[INFO] [1771517722.712777557] [rtabmap]: rtabmap (453): Rate=1.00s, Limit=0.000s, Conversion=0.0005s, RTAB-Map=0.1635s, Maps update=0.0002s pub=0.0006s delay=0.3273s (local map=2, WM=2)
[INFO] [1771517723.823879698] [rtabmap]: rtabmap (454): Rate=1.00s, Limit=0.000s, Conversion=0.0003s, RTAB-Map=0.1822s, Maps update=0.0003s pub=0.0005s delay=0.3385s (local map=2, WM=2)
[INFO] [1771517724.820393674] [rtabmap]: rtabmap (455): Rate=1.00s, Limit=0.000s, Conversion=0.0003s, RTAB-Map=0.1808s, Maps update=0.0002s pub=0.0005s delay=0.3350s (local map=2, WM=2)
[INFO] [1771517725.926952678] [rtabmap]: rtabmap (456): Rate=1.00s, Limit=0.000s, Conversion=0.0005s, RTAB-Map=0.1820s, Maps update=0.0002s pub=0.0005s delay=0.3417s (local map=2, WM=2)
[INFO] [1771517726.931679008] [rtabmap]: rtabmap (457): Rate=1.00s, Limit=0.000s, Conversion=0.0004s, RTAB-Map=0.1873s, Maps update=0.0003s pub=0.0005s delay=0.3464s (local map=2, WM=2)
[INFO] [1771517727.915017064] [rtabmap]: rtabmap (458): Rate=1.00s, Limit=0.000s, Conversion=0.0003s, RTAB-Map=0.1651s, Maps update=0.0003s pub=0.0006s delay=0.3297s (local map=2, WM=2)
[INFO] [1771517728.930257524] [rtabmap]: rtabmap (459): Rate=1.00s, Limit=0.000s, Conversion=0.0005s, RTAB-Map=0.1840s, Maps update=0.0002s pub=0.0006s delay=0.3448s (local map=2, WM=2)
[INFO] [1771517730.007786834] [rtabmap]: rtabmap (460): Rate=1.00s, Limit=0.000s, Conversion=0.0005s, RTAB-Map=0.1582s, Maps update=0.0003s pub=0.0005s delay=0.3226s (local map=2, WM=2)
[INFO] [1771517731.002462186] [rtabmap]: rtabmap (461): Rate=1.00s, Limit=0.000s, Conversion=0.0003s, RTAB-Map=0.1545s, Maps update=0.0014s pub=0.0005s delay=0.3171s (local map=2, WM=2)
[INFO] [1771517732.019629626] [rtabmap]: rtabmap (462): Rate=1.00s, Limit=0.000s, Conversion=0.0003s, RTAB-Map=0.1758s, Maps update=0.0003s pub=0.0005s delay=0.3342s (local map=2, WM=2)
[INFO] [1771517733.126772139] [rtabmap]: rtabmap (463): Rate=1.00s, Limit=0.000s, Conversion=0.0003s, RTAB-Map=0.1840s, Maps update=0.0003s pub=0.0005s delay=0.3415s (local map=2, WM=2)
[INFO] [1771517734.118956971] [rtabmap]: rtabmap (464): Rate=1.00s, Limit=0.000s, Conversion=0.0005s, RTAB-Map=0.1672s, Maps update=0.0002s pub=0.0005s delay=0.3337s (local map=2, WM=2)
[INFO] [1771517735.118394794] [rtabmap]: rtabmap (465): Rate=1.00s, Limit=0.000s, Conversion=0.0006s, RTAB-Map=0.1705s, Maps update=0.0003s pub=0.0006s delay=0.3330s (local map=2, WM=2)
[INFO] [1771517736.224110761] [rtabmap]: rtabmap (466): Rate=1.00s, Limit=0.000s, Conversion=0.0003s, RTAB-Map=0.1802s, Maps update=0.0003s pub=0.0005s delay=0.3388s (local map=2, WM=2)
[INFO] [1771517737.215500717] [rtabmap]: rtabmap (467): Rate=1.00s, Limit=0.000s, Conversion=0.0005s, RTAB-Map=0.1735s, Maps update=0.0002s pub=0.0009s delay=0.3301s (local map=2, WM=2)
[INFO] [1771517738.329193476] [rtabmap]: rtabmap (468): Rate=1.00s, Limit=0.000s, Conversion=0.0005s, RTAB-Map=0.1815s, Maps update=0.0003s pub=0.0004s delay=0.3438s (local map=2, WM=2)
[INFO] [1771517739.331138012] [rtabmap]: rtabmap (469): Rate=1.00s, Limit=0.000s, Conversion=0.0007s, RTAB-Map=0.1853s, Maps update=0.0002s pub=0.0005s delay=0.3458s (local map=2, WM=2)
[INFO] [1771517740.419205485] [rtabmap]: rtabmap (470): Rate=1.00s, Limit=0.000s, Conversion=0.0004s, RTAB-Map=0.1721s, Maps update=0.0003s pub=0.0006s delay=0.3337s (local map=2, WM=2)
[INFO] [1771517741.522482938] [rtabmap]: rtabmap (471): Rate=1.00s, Limit=0.000s, Conversion=0.0004s, RTAB-Map=0.1729s, Maps update=0.0002s pub=0.0005s delay=0.3371s (local map=2, WM=2)
[INFO] [1771517742.499370764] [rtabmap]: rtabmap (472): Rate=1.00s, Limit=0.000s, Conversion=0.0005s, RTAB-Map=0.1573s, Maps update=0.0002s pub=0.0005s delay=0.3140s (local map=2, WM=2)
[INFO] [1771517743.634854534] [rtabmap]: rtabmap (473): Rate=1.00s, Limit=0.000s, Conversion=0.0004s, RTAB-Map=0.1907s, Maps update=0.0003s pub=0.0004s delay=0.3495s (local map=2, WM=2)
[INFO] [1771517744.626459026] [rtabmap]: rtabmap (474): Rate=1.00s, Limit=0.000s, Conversion=0.0005s, RTAB-Map=0.1800s, Maps update=0.0002s pub=0.0005s delay=0.3411s (local map=2, WM=2)
[INFO] [1771517745.641391840] [rtabmap]: rtabmap (475): Rate=1.00s, Limit=0.000s, Conversion=0.0005s, RTAB-Map=0.1914s, Maps update=0.0003s pub=0.0005s delay=0.3559s (local map=2, WM=2)
[INFO] [1771517746.708838649] [rtabmap]: rtabmap (476): Rate=1.00s, Limit=0.000s, Conversion=0.0006s, RTAB-Map=0.1600s, Maps update=0.0003s pub=0.0005s delay=0.3235s (local map=2, WM=2)
[INFO] [1771517747.707428757] [rtabmap]: rtabmap (477): Rate=1.00s, Limit=0.000s, Conversion=0.0005s, RTAB-Map=0.1642s, Maps update=0.0003s pub=0.0006s delay=0.3219s (local map=2, WM=2)
[INFO] [1771517748.836470225] [rtabmap]: rtabmap (478): Rate=1.00s, Limit=0.000s, Conversion=0.0003s, RTAB-Map=0.1903s, Maps update=0.0003s pub=0.0005s delay=0.3511s (local map=2, WM=2)
[INFO] [1771517749.923035035] [rtabmap]: rtabmap (479): Rate=1.00s, Limit=0.000s, Conversion=0.0005s, RTAB-Map=0.1780s, Maps update=0.0003s pub=0.0006s delay=0.3376s (local map=2, WM=2)
[INFO] [1771517750.918239811] [rtabmap]: rtabmap (480): Rate=1.00s, Limit=0.000s, Conversion=0.0003s, RTAB-Map=0.1686s, Maps update=0.0002s pub=0.0006s delay=0.3328s (local map=2, WM=2)
[INFO] [1771517752.044444734] [rtabmap]: rtabmap (481): Rate=1.00s, Limit=0.000s, Conversion=0.0003s, RTAB-Map=0.1990s, Maps update=0.0002s pub=0.0004s delay=0.3591s (local map=2, WM=2)
[INFO] [1771517753.039506657] [rtabmap]: rtabmap (482): Rate=1.00s, Limit=0.000s, Conversion=0.0003s, RTAB-Map=0.1884s, Maps update=0.0002s pub=0.0005s delay=0.3541s (local map=2, WM=2)
[INFO] [1771517754.024163422] [rtabmap]: rtabmap (483): Rate=1.00s, Limit=0.000s, Conversion=0.0003s, RTAB-Map=0.1761s, Maps update=0.0003s pub=0.0005s delay=0.3387s (local map=2, WM=2)
[INFO] [1771517755.118239178] [rtabmap]: rtabmap (484): Rate=1.00s, Limit=0.000s, Conversion=0.0005s, RTAB-Map=0.1707s, Maps update=0.0003s pub=0.0007s delay=0.3327s (local map=2, WM=2)
[INFO] [1771517756.225680225] [rtabmap]: rtabmap (485): Rate=1.00s, Limit=0.000s, Conversion=0.0003s, RTAB-Map=0.1762s, Maps update=0.0002s pub=0.0005s delay=0.3402s (local map=2, WM=2)
[INFO] [1771517757.329262995] [rtabmap]: rtabmap (486): Rate=1.00s, Limit=0.000s, Conversion=0.0004s, RTAB-Map=0.1871s, Maps update=0.0002s pub=0.0005s delay=0.3438s (local map=2, WM=2)
[INFO] [1771517758.309245872] [rtabmap]: rtabmap (487): Rate=1.00s, Limit=0.000s, Conversion=0.0006s, RTAB-Map=0.1645s, Maps update=0.0003s pub=0.0005s delay=0.3238s (local map=2, WM=2)
[INFO] [1771517759.320417468] [rtabmap]: rtabmap (488): Rate=1.00s, Limit=0.000s, Conversion=0.0003s, RTAB-Map=0.1716s, Maps update=0.0002s pub=0.0005s delay=0.3350s (local map=2, WM=2)
[INFO] [1771517760.346875509] [rtabmap]: rtabmap (489): Rate=1.00s, Limit=0.000s, Conversion=0.0004s, RTAB-Map=0.2059s, Maps update=0.0004s pub=0.0005s delay=0.3614s (local map=2, WM=2)
[INFO] [1771517761.321693536] [rtabmap]: rtabmap (490): Rate=1.00s, Limit=0.000s, Conversion=0.0003s, RTAB-Map=0.1796s, Maps update=0.0003s pub=0.0005s delay=0.3362s (local map=2, WM=2)
[INFO] [1771517762.354440689] [rtabmap]: rtabmap (491): Rate=1.00s, Limit=0.000s, Conversion=0.0005s, RTAB-Map=0.2044s, Maps update=0.0003s pub=0.0005s delay=0.3689s (local map=2, WM=2)
[INFO] [1771517763.423893167] [rtabmap]: rtabmap (492): Rate=1.00s, Limit=0.000s, Conversion=0.0003s, RTAB-Map=0.1735s, Maps update=0.0003s pub=0.0005s delay=0.3385s (local map=2, WM=2)
[INFO] [1771517764.448046329] [rtabmap]: rtabmap (493): Rate=1.00s, Limit=0.000s, Conversion=0.0004s, RTAB-Map=0.2060s, Maps update=0.0002s pub=0.0004s delay=0.3625s (local map=2, WM=2)
[INFO] [1771517765.421318328] [rtabmap]: rtabmap (494): Rate=1.00s, Limit=0.000s, Conversion=0.0005s, RTAB-Map=0.1749s, Maps update=0.0002s pub=0.0005s delay=0.3358s (local map=2, WM=2)
[INFO] [1771517766.525964107] [rtabmap]: rtabmap (495): Rate=1.00s, Limit=0.000s, Conversion=0.0003s, RTAB-Map=0.1744s, Maps update=0.0002s pub=0.0005s delay=0.3405s (local map=2, WM=2)
[INFO] [1771517767.507658978] [rtabmap]: rtabmap (496): Rate=1.00s, Limit=0.000s, Conversion=0.0004s, RTAB-Map=0.1628s, Maps update=0.0003s pub=0.0014s delay=0.3221s (local map=3, WM=3)
[INFO] [1771517768.642717968] [rtabmap]: rtabmap (497): Rate=1.00s, Limit=0.000s, Conversion=0.0003s, RTAB-Map=0.1951s, Maps update=0.0002s pub=0.0005s delay=0.3572s (local map=3, WM=3)
[INFO] [1771517769.623973336] [rtabmap]: rtabmap (498): Rate=1.00s, Limit=0.000s, Conversion=0.0005s, RTAB-Map=0.1708s, Maps update=0.0003s pub=0.0007s delay=0.3383s (local map=3, WM=3)
[INFO] [1771517770.721086183] [rtabmap]: rtabmap (499): Rate=1.00s, Limit=0.000s, Conversion=0.0003s, RTAB-Map=0.1728s, Maps update=0.0003s pub=0.0006s delay=0.3354s (local map=3, WM=3)
[INFO] [1771517771.823539277] [rtabmap]: rtabmap (500): Rate=1.00s, Limit=0.000s, Conversion=0.0003s, RTAB-Map=0.1675s, Maps update=0.0016s pub=0.0018s delay=0.3380s (local map=4, WM=4)
[INFO] [1771517772.920799585] [rtabmap]: rtabmap (501): Rate=1.00s, Limit=0.000s, Conversion=0.0003s, RTAB-Map=0.1745s, Maps update=0.0016s pub=0.0017s delay=0.3352s (local map=5, WM=5)
[INFO] [1771517774.009276196] [rtabmap]: rtabmap (502): Rate=1.00s, Limit=0.000s, Conversion=0.0005s, RTAB-Map=0.1618s, Maps update=0.0003s pub=0.0006s delay=0.3236s (local map=5, WM=5)
[INFO] [1771517775.006941732] [rtabmap]: rtabmap (503): Rate=1.00s, Limit=0.000s, Conversion=0.0004s, RTAB-Map=0.1610s, Maps update=0.0015s pub=0.0018s delay=0.3213s (local map=6, WM=6)
[INFO] [1771517776.116593892] [rtabmap]: rtabmap (504): Rate=1.00s, Limit=0.000s, Conversion=0.0005s, RTAB-Map=0.1617s, Maps update=0.0016s pub=0.0022s delay=0.3310s (local map=7, WM=7)
[INFO] [1771517777.110372189] [rtabmap]: rtabmap (505): Rate=1.00s, Limit=0.000s, Conversion=0.0005s, RTAB-Map=0.1671s, Maps update=0.0020s pub=0.0018s delay=0.3248s (local map=8, WM=8)
[INFO] [1771517778.214075727] [rtabmap]: rtabmap (506): Rate=1.00s, Limit=0.000s, Conversion=0.0003s, RTAB-Map=0.1635s, Maps update=0.0028s pub=0.0019s delay=0.3283s (local map=9, WM=9)
[INFO] [1771517779.300849848] [rtabmap]: rtabmap (507): Rate=1.00s, Limit=0.000s, Conversion=0.0005s, RTAB-Map=0.1568s, Maps update=0.0022s pub=0.0023s delay=0.3152s (local map=10, WM=10)
[INFO] [1771517780.430440137] [rtabmap]: rtabmap (508): Rate=1.00s, Limit=0.000s, Conversion=0.0005s, RTAB-Map=0.1719s, Maps update=0.0016s pub=0.0021s delay=0.3448s (local map=11, WM=11)
[INFO] [1771517781.511977596] [rtabmap]: rtabmap (509): Rate=1.00s, Limit=0.000s, Conversion=0.0003s, RTAB-Map=0.1658s, Maps update=0.0018s pub=0.0024s delay=0.3264s (local map=12, WM=12)
[INFO] [1771517782.603091419] [rtabmap]: rtabmap (510): Rate=1.00s, Limit=0.000s, Conversion=0.0005s, RTAB-Map=0.1576s, Maps update=0.0004s pub=0.0026s delay=0.3175s (local map=13, WM=13)
[INFO] [1771517783.708474759] [rtabmap]: rtabmap (511): Rate=1.00s, Limit=0.000s, Conversion=0.0003s, RTAB-Map=0.1562s, Maps update=0.0003s pub=0.0024s delay=0.3229s (local map=14, WM=14)
[INFO] [1771517784.727302915] [rtabmap]: rtabmap (512): Rate=1.00s, Limit=0.000s, Conversion=0.0004s, RTAB-Map=0.1682s, Maps update=0.0022s pub=0.0023s delay=0.3417s (local map=15, WM=15)
[INFO] [1771517785.792236536] [rtabmap]: rtabmap (513): Rate=1.00s, Limit=0.000s, Conversion=0.0003s, RTAB-Map=0.1410s, Maps update=0.0016s pub=0.0030s delay=0.3066s (local map=16, WM=16)
[INFO] [1771517786.830133191] [rtabmap]: rtabmap (514): Rate=1.00s, Limit=0.000s, Conversion=0.0003s, RTAB-Map=0.1770s, Maps update=0.0017s pub=0.0024s delay=0.3445s (local map=17, WM=17)
[INFO] [1771517787.806729390] [rtabmap]: rtabmap (515): Rate=1.00s, Limit=0.000s, Conversion=0.0003s, RTAB-Map=0.1585s, Maps update=0.0024s pub=0.0025s delay=0.3210s (local map=18, WM=18)
[INFO] [1771517788.909122611] [rtabmap]: rtabmap (516): Rate=1.00s, Limit=0.000s, Conversion=0.0005s, RTAB-Map=0.1653s, Maps update=0.0020s pub=0.0029s delay=0.3234s (local map=19, WM=19)
[INFO] [1771517790.009673208] [rtabmap]: rtabmap (517): Rate=1.00s, Limit=0.000s, Conversion=0.0005s, RTAB-Map=0.1565s, Maps update=0.0003s pub=0.0029s delay=0.3240s (local map=20, WM=20)
[INFO] [1771517791.108894735] [rtabmap]: rtabmap (518): Rate=1.00s, Limit=0.000s, Conversion=0.0003s, RTAB-Map=0.1547s, Maps update=0.0016s pub=0.0034s delay=0.3230s (local map=21, WM=21)
[INFO] [1771517792.233144679] [rtabmap]: rtabmap (519): Rate=1.00s, Limit=0.000s, Conversion=0.0004s, RTAB-Map=0.1809s, Maps update=0.0018s pub=0.0029s delay=0.3475s (local map=22, WM=22)
[INFO] [1771517793.297711728] [rtabmap]: rtabmap (520): Rate=1.00s, Limit=0.000s, Conversion=0.0004s, RTAB-Map=0.1445s, Maps update=0.0019s pub=0.0041s delay=0.3120s (local map=23, WM=23)
[INFO] [1771517794.428105629] [rtabmap]: rtabmap (521): Rate=1.00s, Limit=0.000s, Conversion=0.0005s, RTAB-Map=0.1806s, Maps update=0.0018s pub=0.0031s delay=0.3424s (local map=24, WM=24)
[INFO] [1771517795.409915353] [rtabmap]: rtabmap (522): Rate=1.00s, Limit=0.000s, Conversion=0.0006s, RTAB-Map=0.1533s, Maps update=0.0028s pub=0.0039s delay=0.3242s (local map=25, WM=25)
[INFO] [1771517796.511716425] [rtabmap]: rtabmap (523): Rate=1.00s, Limit=0.000s, Conversion=0.0004s, RTAB-Map=0.1554s, Maps update=0.0022s pub=0.0030s delay=0.3261s (local map=26, WM=26)
[INFO] [1771517797.541518304] [rtabmap]: rtabmap (524): Rate=1.00s, Limit=0.000s, Conversion=0.0006s, RTAB-Map=0.1726s, Maps update=0.0021s pub=0.0032s delay=0.3551s (local map=27, WM=27)
[INFO] [1771517798.635514978] [rtabmap]: rtabmap (525): Rate=1.00s, Limit=0.000s, Conversion=0.0005s, RTAB-Map=0.1828s, Maps update=0.0018s pub=0.0032s delay=0.3497s (local map=28, WM=28)
[INFO] [1771517799.633150753] [rtabmap]: rtabmap (526): Rate=1.00s, Limit=0.000s, Conversion=0.0004s, RTAB-Map=0.1806s, Maps update=0.0016s pub=0.0034s delay=0.3468s (local map=29, WM=29)
[INFO] [1771517800.708950062] [rtabmap]: rtabmap (527): Rate=1.00s, Limit=0.000s, Conversion=0.0004s, RTAB-Map=0.1555s, Maps update=0.0020s pub=0.0044s delay=0.3231s (local map=30, WM=30)
[INFO] [1771517801.876987344] [rtabmap]: rtabmap (528): Rate=1.00s, Limit=0.000s, Conversion=0.0005s, RTAB-Map=0.2267s, Maps update=0.0018s pub=0.0038s delay=0.3911s (local map=31, WM=31)
[INFO] [1771517802.987092192] [rtabmap]: rtabmap (529): Rate=1.00s, Limit=0.000s, Conversion=0.0005s, RTAB-Map=0.2320s, Maps update=0.0018s pub=0.0039s delay=0.4014s (local map=32, WM=32)
[INFO] [1771517803.981121122] [rtabmap]: rtabmap (530): Rate=1.00s, Limit=0.000s, Conversion=0.0005s, RTAB-Map=0.2229s, Maps update=0.0020s pub=0.0042s delay=0.3954s (local map=33, WM=33)
[INFO] [1771517805.100536595] [rtabmap]: rtabmap (531): Rate=1.00s, Limit=0.000s, Conversion=0.0004s, RTAB-Map=0.2398s, Maps update=0.0048s pub=0.0036s delay=0.4147s (local map=34, WM=34)
[INFO] [1771517806.181422704] [rtabmap]: rtabmap (532): Rate=1.00s, Limit=0.000s, Conversion=0.0005s, RTAB-Map=0.2204s, Maps update=0.0023s pub=0.0039s delay=0.3957s (local map=35, WM=35)
[INFO] [1771517807.188757534] [rtabmap]: rtabmap (533): Rate=1.00s, Limit=0.000s, Conversion=0.0005s, RTAB-Map=0.2379s, Maps update=0.0017s pub=0.0037s delay=0.4031s (local map=36, WM=36)
[INFO] [1771517808.181921250] [rtabmap]: rtabmap (534): Rate=1.00s, Limit=0.000s, Conversion=0.0003s, RTAB-Map=0.2277s, Maps update=0.0020s pub=0.0046s delay=0.3962s (local map=37, WM=37)
[INFO] [1771517809.298680312] [rtabmap]: rtabmap (535): Rate=1.00s, Limit=0.000s, Conversion=0.0005s, RTAB-Map=0.2358s, Maps update=0.0018s pub=0.0054s delay=0.4130s (local map=38, WM=38)
[INFO] [1771517810.278770359] [rtabmap]: rtabmap (536): Rate=1.00s, Limit=0.000s, Conversion=0.0005s, RTAB-Map=0.2235s, Maps update=0.0017s pub=0.0044s delay=0.3930s (local map=39, WM=39)
[INFO] [1771517811.282527914] [rtabmap]: rtabmap (537): Rate=1.00s, Limit=0.000s, Conversion=0.0003s, RTAB-Map=0.2320s, Maps update=0.0023s pub=0.0042s delay=0.3966s (local map=40, WM=40)
[INFO] [1771517812.384016111] [rtabmap]: rtabmap (538): Rate=1.00s, Limit=0.000s, Conversion=0.0004s, RTAB-Map=0.2271s, Maps update=0.0030s pub=0.0048s delay=0.3982s (local map=41, WM=41)
[INFO] [1771517813.381652142] [rtabmap]: rtabmap (539): Rate=1.00s, Limit=0.000s, Conversion=0.0005s, RTAB-Map=0.2284s, Maps update=0.0018s pub=0.0040s delay=0.3957s (local map=42, WM=42)
[INFO] [1771517814.383986095] [rtabmap]: rtabmap (540): Rate=1.00s, Limit=0.000s, Conversion=0.0003s, RTAB-Map=0.2257s, Maps update=0.0019s pub=0.0047s delay=0.3980s (local map=43, WM=43)
[INFO] [1771517815.391599783] [rtabmap]: rtabmap (541): Rate=1.00s, Limit=0.000s, Conversion=0.0004s, RTAB-Map=0.2327s, Maps update=0.0020s pub=0.0045s delay=0.4056s (local map=44, WM=44)
[INFO] [1771517816.496287675] [rtabmap]: rtabmap (542): Rate=1.00s, Limit=0.000s, Conversion=0.0004s, RTAB-Map=0.2376s, Maps update=0.0033s pub=0.0050s delay=0.4105s (local map=45, WM=45)
[INFO] [1771517817.482611282] [rtabmap]: rtabmap (543): Rate=1.00s, Limit=0.000s, Conversion=0.0005s, RTAB-Map=0.2252s, Maps update=0.0023s pub=0.0041s delay=0.3967s (local map=46, WM=46)
[INFO] [1771517818.487345318] [rtabmap]: rtabmap (544): Rate=1.00s, Limit=0.000s, Conversion=0.0003s, RTAB-Map=0.2241s, Maps update=0.0018s pub=0.0044s delay=0.4013s (local map=47, WM=47)
[INFO] [1771517819.610247792] [rtabmap]: rtabmap (545): Rate=1.00s, Limit=0.000s, Conversion=0.0003s, RTAB-Map=0.2530s, Maps update=0.0019s pub=0.0044s delay=0.4243s (local map=48, WM=48)
[INFO] [1771517820.677210700] [rtabmap]: rtabmap (546): Rate=1.00s, Limit=0.000s, Conversion=0.0004s, RTAB-Map=0.2246s, Maps update=0.0005s pub=0.0020s delay=0.3913s (local map=48, WM=48)
[INFO] [1771517821.684914054] [rtabmap]: rtabmap (547): Rate=1.00s, Limit=0.000s, Conversion=0.0105s, RTAB-Map=0.2255s, Maps update=0.0005s pub=0.0014s delay=0.3990s (local map=48, WM=48)
[INFO] [1771517822.675588884] [rtabmap]: rtabmap (548): Rate=1.00s, Limit=0.000s, Conversion=0.0004s, RTAB-Map=0.2191s, Maps update=0.0018s pub=0.0040s delay=0.3896s (local map=49, WM=49)
[INFO] [1771517823.794466483] [rtabmap]: rtabmap (549): Rate=1.00s, Limit=0.000s, Conversion=0.0006s, RTAB-Map=0.2387s, Maps update=0.0020s pub=0.0043s delay=0.4085s (local map=50, WM=50)
[INFO] [1771517824.872498478] [rtabmap]: rtabmap (550): Rate=1.00s, Limit=0.000s, Conversion=0.0005s, RTAB-Map=0.2210s, Maps update=0.0020s pub=0.0044s delay=0.3866s (local map=51, WM=51)
[INFO] [1771517825.899030291] [rtabmap]: rtabmap (551): Rate=1.00s, Limit=0.000s, Conversion=0.0003s, RTAB-Map=0.2408s, Maps update=0.0020s pub=0.0058s delay=0.4130s (local map=52, WM=52)
[INFO] [1771517826.993577385] [rtabmap]: rtabmap (552): Rate=1.00s, Limit=0.000s, Conversion=0.0004s, RTAB-Map=0.2334s, Maps update=0.0023s pub=0.0065s delay=0.4075s (local map=53, WM=53)
[INFO] [1771517828.097336893] [rtabmap]: rtabmap (553): Rate=1.00s, Limit=0.000s, Conversion=0.0006s, RTAB-Map=0.2329s, Maps update=0.0028s pub=0.0067s delay=0.4114s (local map=54, WM=54)
[INFO] [1771517829.191701644] [rtabmap]: rtabmap (554): Rate=1.00s, Limit=0.000s, Conversion=0.0005s, RTAB-Map=0.2302s, Maps update=0.0018s pub=0.0058s delay=0.4058s (local map=55, WM=55)
[INFO] [1771517830.194289142] [rtabmap]: rtabmap (555): Rate=1.00s, Limit=0.000s, Conversion=0.0004s, RTAB-Map=0.2319s, Maps update=0.0020s pub=0.0057s delay=0.4083s (local map=56, WM=56)
[INFO] [1771517831.281878011] [rtabmap]: rtabmap (556): Rate=1.00s, Limit=0.000s, Conversion=0.0005s, RTAB-Map=0.2242s, Maps update=0.0019s pub=0.0044s delay=0.3959s (local map=57, WM=57)
[INFO] [1771517832.392835047] [rtabmap]: rtabmap (557): Rate=1.00s, Limit=0.000s, Conversion=0.0005s, RTAB-Map=0.2266s, Maps update=0.0021s pub=0.0048s delay=0.4068s (local map=58, WM=58)
[INFO] [1771517833.482967204] [rtabmap]: rtabmap (558): Rate=1.00s, Limit=0.000s, Conversion=0.0003s, RTAB-Map=0.2276s, Maps update=0.0019s pub=0.0046s delay=0.3970s (local map=59, WM=59)
[INFO] [1771517834.523392810] [rtabmap]: rtabmap (559): Rate=1.00s, Limit=0.000s, Conversion=0.0006s, RTAB-Map=0.2548s, Maps update=0.0022s pub=0.0065s delay=0.4374s (local map=60, WM=60)
[INFO] [1771517835.512133685] [rtabmap]: rtabmap (560): Rate=1.00s, Limit=0.000s, Conversion=0.0005s, RTAB-Map=0.2429s, Maps update=0.0020s pub=0.0058s delay=0.4261s (local map=61, WM=61)
[INFO] [1771517836.586440783] [rtabmap]: rtabmap (561): Rate=1.00s, Limit=0.000s, Conversion=0.0003s, RTAB-Map=0.2232s, Maps update=0.0019s pub=0.0049s delay=0.4006s (local map=62, WM=62)
[INFO] [1771517837.594280399] [rtabmap]: rtabmap (562): Rate=1.00s, Limit=0.000s, Conversion=0.0003s, RTAB-Map=0.2380s, Maps update=0.0020s pub=0.0070s delay=0.4083s (local map=63, WM=63)
[INFO] [1771517838.578630178] [rtabmap]: rtabmap (563): Rate=1.00s, Limit=0.000s, Conversion=0.0003s, RTAB-Map=0.2212s, Maps update=0.0018s pub=0.0049s delay=0.3925s (local map=64, WM=64)
[INFO] [1771517839.685067474] [rtabmap]: rtabmap (564): Rate=1.00s, Limit=0.000s, Conversion=0.0005s, RTAB-Map=0.2244s, Maps update=0.0019s pub=0.0052s delay=0.3991s (local map=65, WM=65)
[INFO] [1771517840.684925854] [rtabmap]: rtabmap (565): Rate=1.00s, Limit=0.000s, Conversion=0.0003s, RTAB-Map=0.2251s, Maps update=0.0024s pub=0.0053s delay=0.3989s (local map=66, WM=66)
[INFO] [1771517841.784715241] [rtabmap]: rtabmap (566): Rate=1.00s, Limit=0.000s, Conversion=0.0005s, RTAB-Map=0.2258s, Maps update=0.0030s pub=0.0054s delay=0.3987s (local map=67, WM=67)
[INFO] [1771517842.814404219] [rtabmap]: rtabmap (567): Rate=1.00s, Limit=0.000s, Conversion=0.0005s, RTAB-Map=0.2500s, Maps update=0.0021s pub=0.0059s delay=0.4284s (local map=68, WM=68)
[INFO] [1771517843.876398443] [rtabmap]: rtabmap (568): Rate=1.00s, Limit=0.000s, Conversion=0.0005s, RTAB-Map=0.2195s, Maps update=0.0022s pub=0.0049s delay=0.3904s (local map=69, WM=69)
[INFO] [1771517844.872570743] [rtabmap]: rtabmap (569): Rate=1.00s, Limit=0.000s, Conversion=0.0004s, RTAB-Map=0.2143s, Maps update=0.0018s pub=0.0055s delay=0.3864s (local map=70, WM=70)
[INFO] [1771517845.988700503] [rtabmap]: rtabmap (570): Rate=1.00s, Limit=0.000s, Conversion=0.0003s, RTAB-Map=0.2170s, Maps update=0.0027s pub=0.0059s delay=0.4026s (local map=71, WM=71)
[INFO] [1771517847.109892422] [rtabmap]: rtabmap (571): Rate=1.00s, Limit=0.000s, Conversion=0.0007s, RTAB-Map=0.2413s, Maps update=0.0026s pub=0.0058s delay=0.4238s (local map=72, WM=72)
[INFO] [1771517848.166662977] [rtabmap]: rtabmap (572): Rate=1.00s, Limit=0.000s, Conversion=0.0005s, RTAB-Map=0.2176s, Maps update=0.0020s pub=0.0050s delay=0.3806s (local map=73, WM=73)
[INFO] [1771517849.290813622] [rtabmap]: rtabmap (573): Rate=1.00s, Limit=0.000s, Conversion=0.0004s, RTAB-Map=0.2308s, Maps update=0.0006s pub=0.0036s delay=0.4049s (local map=73, WM=73)
[INFO] [1771517850.285989536] [rtabmap]: rtabmap (574): Rate=1.00s, Limit=0.000s, Conversion=0.0005s, RTAB-Map=0.2278s, Maps update=0.0018s pub=0.0056s delay=0.3999s (local map=74, WM=74)
[INFO] [1771517851.398800205] [rtabmap]: rtabmap (575): Rate=1.00s, Limit=0.000s, Conversion=0.0005s, RTAB-Map=0.2333s, Maps update=0.0022s pub=0.0089s delay=0.4127s (local map=75, WM=75)
[INFO] [1771517852.499717662] [rtabmap]: rtabmap (576): Rate=1.00s, Limit=0.000s, Conversion=0.0005s, RTAB-Map=0.2381s, Maps update=0.0031s pub=0.0067s delay=0.4137s (local map=76, WM=76)
[INFO] [1771517853.482988908] [rtabmap]: rtabmap (577): Rate=1.00s, Limit=0.000s, Conversion=0.0003s, RTAB-Map=0.2268s, Maps update=0.0024s pub=0.0049s delay=0.3969s (local map=77, WM=77)
[INFO] [1771517854.598891204] [rtabmap]: rtabmap (578): Rate=1.00s, Limit=0.000s, Conversion=0.0003s, RTAB-Map=0.2308s, Maps update=0.0030s pub=0.0068s delay=0.4128s (local map=78, WM=78)
[INFO] [1771517855.697305727] [rtabmap]: rtabmap (579): Rate=1.00s, Limit=0.000s, Conversion=0.0004s, RTAB-Map=0.2237s, Maps update=0.0021s pub=0.0094s delay=0.4112s (local map=79, WM=79)
[INFO] [1771517856.686598237] [rtabmap]: rtabmap (580): Rate=1.00s, Limit=0.000s, Conversion=0.0006s, RTAB-Map=0.2201s, Maps update=0.0028s pub=0.0057s delay=0.4005s (local map=80, WM=80)
[INFO] [1771517857.809891541] [rtabmap]: rtabmap (581): Rate=1.00s, Limit=0.000s, Conversion=0.0004s, RTAB-Map=0.2443s, Maps update=0.0021s pub=0.0079s delay=0.4238s (local map=81, WM=81)
[INFO] [1771517858.803556522] [rtabmap]: rtabmap (582): Rate=1.00s, Limit=0.000s, Conversion=0.0005s, RTAB-Map=0.2392s, Maps update=0.0035s pub=0.0064s delay=0.4173s (local map=82, WM=82)
[INFO] [1771517859.891396088] [rtabmap]: rtabmap (583): Rate=1.00s, Limit=0.000s, Conversion=0.0003s, RTAB-Map=0.2203s, Maps update=0.0024s pub=0.0068s delay=0.4052s (local map=83, WM=83)
[INFO] [1771517861.005519794] [rtabmap]: rtabmap (584): Rate=1.00s, Limit=0.000s, Conversion=0.0004s, RTAB-Map=0.2384s, Maps update=0.0031s pub=0.0083s delay=0.4192s (local map=84, WM=84)
[INFO] [1771517862.086563861] [rtabmap]: rtabmap (585): Rate=1.00s, Limit=0.000s, Conversion=0.0005s, RTAB-Map=0.2263s, Maps update=0.0023s pub=0.0058s delay=0.4003s (local map=85, WM=85)
[INFO] [1771517863.195284884] [rtabmap]: rtabmap (586): Rate=1.00s, Limit=0.000s, Conversion=0.0003s, RTAB-Map=0.2320s, Maps update=0.0023s pub=0.0067s delay=0.4090s (local map=86, WM=86)
[INFO] [1771517864.283831290] [rtabmap]: rtabmap (587): Rate=1.00s, Limit=0.000s, Conversion=0.0005s, RTAB-Map=0.2271s, Maps update=0.0028s pub=0.0053s delay=0.3977s (local map=87, WM=87)
[INFO] [1771517865.303720858] [rtabmap]: rtabmap (588): Rate=1.00s, Limit=0.000s, Conversion=0.0003s, RTAB-Map=0.2384s, Maps update=0.0007s pub=0.0065s delay=0.4176s (local map=88, WM=88)
[INFO] [1771517866.400093455] [rtabmap]: rtabmap (589): Rate=1.00s, Limit=0.000s, Conversion=0.0005s, RTAB-Map=0.2382s, Maps update=0.0029s pub=0.0075s delay=0.4140s (local map=89, WM=89)
[INFO] [1771517867.381792710] [rtabmap]: rtabmap (590): Rate=1.00s, Limit=0.000s, Conversion=0.0004s, RTAB-Map=0.2216s, Maps update=0.0021s pub=0.0060s delay=0.3955s (local map=90, WM=90)
[INFO] [1771517868.504228416] [rtabmap]: rtabmap (591): Rate=1.00s, Limit=0.000s, Conversion=0.0004s, RTAB-Map=0.2354s, Maps update=0.0007s pub=0.0066s delay=0.4180s (local map=91, WM=91)
[INFO] [1771517869.497491176] [rtabmap]: rtabmap (592): Rate=1.00s, Limit=0.000s, Conversion=0.0003s, RTAB-Map=0.2372s, Maps update=0.0029s pub=0.0064s delay=0.4112s (local map=92, WM=92)
[INFO] [1771517870.578179454] [rtabmap]: rtabmap (593): Rate=1.00s, Limit=0.000s, Conversion=0.0005s, RTAB-Map=0.2208s, Maps update=0.0026s pub=0.0067s delay=0.3919s (local map=93, WM=93)
[INFO] [1771517871.686688566] [rtabmap]: rtabmap (594): Rate=1.00s, Limit=0.000s, Conversion=0.0003s, RTAB-Map=0.2206s, Maps update=0.0022s pub=0.0063s delay=0.4006s (local map=94, WM=94)
[INFO] [1771517872.703620336] [rtabmap]: rtabmap (595): Rate=1.00s, Limit=0.000s, Conversion=0.0005s, RTAB-Map=0.2373s, Maps update=0.0046s pub=0.0068s delay=0.4175s (local map=95, WM=95)
[INFO] [1771517873.708052538] [rtabmap]: rtabmap (596): Rate=1.00s, Limit=0.000s, Conversion=0.0004s, RTAB-Map=0.2406s, Maps update=0.0025s pub=0.0075s delay=0.4219s (local map=96, WM=96)
[INFO] [1771517874.686191286] [rtabmap]: rtabmap (597): Rate=1.00s, Limit=0.000s, Conversion=0.0004s, RTAB-Map=0.2226s, Maps update=0.0025s pub=0.0063s delay=0.3999s (local map=97, WM=97)
[INFO] [1771517875.790146353] [rtabmap]: rtabmap (598): Rate=1.00s, Limit=0.000s, Conversion=0.0003s, RTAB-Map=0.2186s, Maps update=0.0025s pub=0.0080s delay=0.4038s (local map=98, WM=98)
[INFO] [1771517876.908917228] [rtabmap]: rtabmap (599): Rate=1.00s, Limit=0.000s, Conversion=0.0004s, RTAB-Map=0.2468s, Maps update=0.0020s pub=0.0070s delay=0.4229s (local map=99, WM=99)
[INFO] [1771517877.925884743] [rtabmap]: rtabmap (600): Rate=1.00s, Limit=0.000s, Conversion=0.0006s, RTAB-Map=0.2575s, Maps update=0.0023s pub=0.0072s delay=0.4395s (local map=100, WM=100)
[INFO] [1771517878.982347863] [rtabmap]: rtabmap (601): Rate=1.00s, Limit=0.000s, Conversion=0.0004s, RTAB-Map=0.2228s, Maps update=0.0024s pub=0.0073s delay=0.3961s (local map=101, WM=101)
[INFO] [1771517880.091529159] [rtabmap]: rtabmap (602): Rate=1.00s, Limit=0.000s, Conversion=0.0005s, RTAB-Map=0.2256s, Maps update=0.0022s pub=0.0073s delay=0.4054s (local map=102, WM=102)
[INFO] [1771517881.086999707] [rtabmap]: rtabmap (603): Rate=1.00s, Limit=0.000s, Conversion=0.0005s, RTAB-Map=0.2221s, Maps update=0.0021s pub=0.0075s delay=0.4009s (local map=103, WM=103)
[INFO] [1771517882.116443845] [rtabmap]: rtabmap (604): Rate=1.00s, Limit=0.000s, Conversion=0.0005s, RTAB-Map=0.2409s, Maps update=0.0033s pub=0.0077s delay=0.4303s (local map=104, WM=104)
[INFO] [1771517883.193837033] [rtabmap]: rtabmap (605): Rate=1.00s, Limit=0.000s, Conversion=0.0005s, RTAB-Map=0.2191s, Maps update=0.0020s pub=0.0072s delay=0.4076s (local map=105, WM=105)
[INFO] [1771517884.312168981] [rtabmap]: rtabmap (606): Rate=1.00s, Limit=0.000s, Conversion=0.0003s, RTAB-Map=0.2451s, Maps update=0.0031s pub=0.0065s delay=0.4261s (local map=106, WM=106)
[INFO] [1771517885.297980795] [rtabmap]: rtabmap (607): Rate=1.00s, Limit=0.000s, Conversion=0.0004s, RTAB-Map=0.2307s, Maps update=0.0025s pub=0.0080s delay=0.4116s (local map=107, WM=107)
[INFO] [1771517886.395248207] [rtabmap]: rtabmap (608): Rate=1.00s, Limit=0.000s, Conversion=0.0005s, RTAB-Map=0.2241s, Maps update=0.0026s pub=0.0099s delay=0.4090s (local map=108, WM=108)
[INFO] [1771517887.381309789] [rtabmap]: rtabmap (609): Rate=1.00s, Limit=0.000s, Conversion=0.0004s, RTAB-Map=0.2182s, Maps update=0.0021s pub=0.0078s delay=0.3950s (local map=109, WM=109)
[INFO] [1771517888.494805954] [rtabmap]: rtabmap (610): Rate=1.00s, Limit=0.000s, Conversion=0.0003s, RTAB-Map=0.2292s, Maps update=0.0023s pub=0.0073s delay=0.4087s (local map=110, WM=110)
[INFO] [1771517889.607630543] [rtabmap]: rtabmap (611): Rate=1.00s, Limit=0.000s, Conversion=0.0005s, RTAB-Map=0.2341s, Maps update=0.0022s pub=0.0074s delay=0.4215s (local map=111, WM=111)
[INFO] [1771517890.573292188] [rtabmap]: rtabmap (612): Rate=1.00s, Limit=0.000s, Conversion=0.0004s, RTAB-Map=0.2097s, Maps update=0.0029s pub=0.0091s delay=0.3871s (local map=112, WM=112)
[INFO] [1771517891.574427924] [rtabmap]: rtabmap (613): Rate=1.00s, Limit=0.000s, Conversion=0.0003s, RTAB-Map=0.2139s, Maps update=0.0026s pub=0.0068s delay=0.3882s (local map=113, WM=113)
[INFO] [1771517892.588458281] [rtabmap]: rtabmap (614): Rate=1.00s, Limit=0.000s, Conversion=0.0005s, RTAB-Map=0.2231s, Maps update=0.0027s pub=0.0078s delay=0.4022s (local map=114, WM=114)
[INFO] [1771517893.713368312] [rtabmap]: rtabmap (615): Rate=1.00s, Limit=0.000s, Conversion=0.0004s, RTAB-Map=0.2470s, Maps update=0.0025s pub=0.0091s delay=0.4272s (local map=115, WM=115)
[INFO] [1771517894.785949012] [rtabmap]: rtabmap (616): Rate=1.00s, Limit=0.000s, Conversion=0.0006s, RTAB-Map=0.2207s, Maps update=0.0024s pub=0.0073s delay=0.3997s (local map=116, WM=116)
[INFO] [1771517895.897417885] [rtabmap]: rtabmap (617): Rate=1.00s, Limit=0.000s, Conversion=0.0005s, RTAB-Map=0.2223s, Maps update=0.0028s pub=0.0091s delay=0.4112s (local map=117, WM=117)
[INFO] [1771517896.914453195] [rtabmap]: rtabmap (618): Rate=1.00s, Limit=0.000s, Conversion=0.0004s, RTAB-Map=0.2353s, Maps update=0.0021s pub=0.0078s delay=0.4282s (local map=118, WM=118)
[INFO] [1771517897.917618206] [rtabmap]: rtabmap (619): Rate=1.00s, Limit=0.000s, Conversion=0.0003s, RTAB-Map=0.2347s, Maps update=0.0024s pub=0.0084s delay=0.4313s (local map=119, WM=119)
[INFO] [1771517898.989980978] [rtabmap]: rtabmap (620): Rate=1.00s, Limit=0.000s, Conversion=0.0004s, RTAB-Map=0.2177s, Maps update=0.0021s pub=0.0102s delay=0.4037s (local map=120, WM=120)
[INFO] [1771517900.138941590] [rtabmap]: rtabmap (621): Rate=1.00s, Limit=0.000s, Conversion=0.0004s, RTAB-Map=0.2587s, Maps update=0.0009s pub=0.0077s delay=0.4528s (local map=121, WM=121)
[INFO] [1771517901.197986115] [rtabmap]: rtabmap (622): Rate=1.00s, Limit=0.000s, Conversion=0.0005s, RTAB-Map=0.2305s, Maps update=0.0023s pub=0.0092s delay=0.4127s (local map=122, WM=122)
[INFO] [1771517902.187573030] [rtabmap]: rtabmap (623): Rate=1.00s, Limit=0.000s, Conversion=0.0006s, RTAB-Map=0.2235s, Maps update=0.0024s pub=0.0083s delay=0.4013s (local map=123, WM=123)
[INFO] [1771517903.306271319] [rtabmap]: rtabmap (624): Rate=1.00s, Limit=0.000s, Conversion=0.0003s, RTAB-Map=0.2296s, Maps update=0.0008s pub=0.0087s delay=0.4199s (local map=124, WM=124)
[INFO] [1771517904.419001806] [rtabmap]: rtabmap (625): Rate=1.00s, Limit=0.000s, Conversion=0.0004s, RTAB-Map=0.2438s, Maps update=0.0030s pub=0.0087s delay=0.4327s (local map=125, WM=125)
[INFO] [1771517905.505978456] [rtabmap]: rtabmap (626): Rate=1.00s, Limit=0.000s, Conversion=0.0005s, RTAB-Map=0.2306s, Maps update=0.0022s pub=0.0084s delay=0.4197s (local map=126, WM=126)
[INFO] [1771517906.635722941] [rtabmap]: rtabmap (627): Rate=1.00s, Limit=0.000s, Conversion=0.0004s, RTAB-Map=0.2517s, Maps update=0.0023s pub=0.0106s delay=0.4493s (local map=127, WM=127)
[INFO] [1771517907.731140892] [rtabmap]: rtabmap (628): Rate=1.00s, Limit=0.000s, Conversion=0.0003s, RTAB-Map=0.2486s, Maps update=0.0008s pub=0.0088s delay=0.4450s (local map=128, WM=128)
[INFO] [1771517908.718470060] [rtabmap]: rtabmap (629): Rate=1.00s, Limit=0.000s, Conversion=0.0005s, RTAB-Map=0.2351s, Maps update=0.0022s pub=0.0090s delay=0.4322s (local map=129, WM=129)
[INFO] [1771517909.724596332] [rtabmap]: rtabmap (630): Rate=1.00s, Limit=0.000s, Conversion=0.0005s, RTAB-Map=0.2422s, Maps update=0.0031s pub=0.0121s delay=0.4383s (local map=130, WM=130)
[INFO] [1771517910.722681542] [rtabmap]: rtabmap (631): Rate=1.00s, Limit=0.000s, Conversion=0.0005s, RTAB-Map=0.2381s, Maps update=0.0030s pub=0.0094s delay=0.4363s (local map=131, WM=131)
[INFO] [1771517911.810017309] [rtabmap]: rtabmap (632): Rate=1.00s, Limit=0.000s, Conversion=0.0005s, RTAB-Map=0.2389s, Maps update=0.0022s pub=0.0100s delay=0.4245s (local map=132, WM=132)
[INFO] [1771517912.944465774] [rtabmap]: rtabmap (633): Rate=1.00s, Limit=0.000s, Conversion=0.0004s, RTAB-Map=0.2545s, Maps update=0.0025s pub=0.0104s delay=0.4581s (local map=133, WM=133)
[INFO] [1771517913.900395363] [rtabmap]: rtabmap (634): Rate=1.00s, Limit=0.000s, Conversion=0.0006s, RTAB-Map=0.2191s, Maps update=0.0029s pub=0.0108s delay=0.4140s (local map=134, WM=134)
[INFO] [1771517915.033169430] [rtabmap]: rtabmap (635): Rate=1.00s, Limit=0.000s, Conversion=0.0004s, RTAB-Map=0.2572s, Maps update=0.0009s pub=0.0100s delay=0.4467s (local map=135, WM=135)
[INFO] [1771517916.116275731] [rtabmap]: rtabmap (636): Rate=1.00s, Limit=0.000s, Conversion=0.0004s, RTAB-Map=0.2367s, Maps update=0.0023s pub=0.0113s delay=0.4307s (local map=136, WM=136)
[INFO] [1771517917.113753334] [rtabmap]: rtabmap (637): Rate=1.00s, Limit=0.000s, Conversion=0.0005s, RTAB-Map=0.2286s, Maps update=0.0021s pub=0.0104s delay=0.4274s (local map=137, WM=137)
[INFO] [1771517918.100512786] [rtabmap]: rtabmap (638): Rate=1.00s, Limit=0.000s, Conversion=0.0006s, RTAB-Map=0.2210s, Maps update=0.0023s pub=0.0096s delay=0.4142s (local map=138, WM=138)
[INFO] [1771517919.106825496] [rtabmap]: rtabmap (639): Rate=1.00s, Limit=0.000s, Conversion=0.0004s, RTAB-Map=0.2187s, Maps update=0.0053s pub=0.0095s delay=0.4204s (local map=139, WM=139)
[INFO] [1771517920.147785137] [rtabmap]: rtabmap (640): Rate=1.00s, Limit=0.000s, Conversion=0.0004s, RTAB-Map=0.2612s, Maps update=0.0034s pub=0.0104s delay=0.4613s (local map=140, WM=140)
[INFO] [1771517921.202344570] [rtabmap]: rtabmap (641): Rate=1.00s, Limit=0.000s, Conversion=0.0003s, RTAB-Map=0.2218s, Maps update=0.0024s pub=0.0098s delay=0.4168s (local map=141, WM=141)
[INFO] [1771517922.234388365] [rtabmap]: rtabmap (642): Rate=1.00s, Limit=0.000s, Conversion=0.0004s, RTAB-Map=0.2487s, Maps update=0.0032s pub=0.0119s delay=0.4488s (local map=142, WM=142)
[INFO] [1771517923.233268515] [rtabmap]: rtabmap (643): Rate=1.00s, Limit=0.000s, Conversion=0.0005s, RTAB-Map=0.2349s, Maps update=0.0026s pub=0.0103s delay=0.4468s (local map=143, WM=143)
[INFO] [1771517924.310226303] [rtabmap]: rtabmap (644): Rate=1.00s, Limit=0.000s, Conversion=0.0005s, RTAB-Map=0.2346s, Maps update=0.0021s pub=0.0101s delay=0.4247s (local map=144, WM=144)
[INFO] [1771517925.349070795] [rtabmap]: rtabmap (645): Rate=1.00s, Limit=0.000s, Conversion=0.0006s, RTAB-Map=0.2624s, Maps update=0.0028s pub=0.0098s delay=0.4627s (local map=145, WM=145)
[INFO] [1771517926.427565535] [rtabmap]: rtabmap (646): Rate=1.00s, Limit=0.000s, Conversion=0.0007s, RTAB-Map=0.2400s, Maps update=0.0024s pub=0.0108s delay=0.4419s (local map=146, WM=146)
[INFO] [1771517927.418224617] [rtabmap]: rtabmap (647): Rate=1.00s, Limit=0.000s, Conversion=0.0004s, RTAB-Map=0.2312s, Maps update=0.0022s pub=0.0120s delay=0.4316s (local map=147, WM=147)
[INFO] [1771517928.512984623] [rtabmap]: rtabmap (648): Rate=1.00s, Limit=0.000s, Conversion=0.0005s, RTAB-Map=0.2296s, Maps update=0.0022s pub=0.0098s delay=0.4264s (local map=148, WM=148)
[INFO] [1771517929.627035191] [rtabmap]: rtabmap (649): Rate=1.00s, Limit=0.000s, Conversion=0.0009s, RTAB-Map=0.2427s, Maps update=0.0024s pub=0.0106s delay=0.4415s (local map=149, WM=149)
[INFO] [1771517930.624898856] [rtabmap]: rtabmap (650): Rate=1.00s, Limit=0.000s, Conversion=0.0006s, RTAB-Map=0.2317s, Maps update=0.0028s pub=0.0147s delay=0.4383s (local map=150, WM=150)
[INFO] [1771517931.720171489] [rtabmap]: rtabmap (651): Rate=1.00s, Limit=0.000s, Conversion=0.0004s, RTAB-Map=0.2355s, Maps update=0.0033s pub=0.0107s delay=0.4336s (local map=151, WM=151)
[INFO] [1771517932.750621594] [rtabmap]: rtabmap (652): Rate=1.00s, Limit=0.000s, Conversion=0.0006s, RTAB-Map=0.2566s, Maps update=0.0038s pub=0.0101s delay=0.4640s (local map=152, WM=152)
[INFO] [1771517933.820529748] [rtabmap]: rtabmap (653): Rate=1.00s, Limit=0.000s, Conversion=0.0003s, RTAB-Map=0.2411s, Maps update=0.0027s pub=0.0117s delay=0.4341s (local map=153, WM=153)
[INFO] [1771517934.833990752] [rtabmap]: rtabmap (654): Rate=1.00s, Limit=0.000s, Conversion=0.0003s, RTAB-Map=0.2571s, Maps update=0.0026s pub=0.0121s delay=0.4474s (local map=154, WM=154)
[INFO] [1771517935.950598949] [rtabmap]: rtabmap (655): Rate=1.00s, Limit=0.000s, Conversion=0.0003s, RTAB-Map=0.2658s, Maps update=0.0024s pub=0.0117s delay=0.4641s (local map=155, WM=155)
[INFO] [1771517936.954075939] [rtabmap]: rtabmap (656): Rate=1.00s, Limit=0.000s, Conversion=0.0005s, RTAB-Map=0.2771s, Maps update=0.0035s pub=0.0105s delay=0.4674s (local map=156, WM=156)
[INFO] [1771517938.023729460] [rtabmap]: rtabmap (657): Rate=1.00s, Limit=0.000s, Conversion=0.0005s, RTAB-Map=0.2547s, Maps update=0.0010s pub=0.0114s delay=0.4381s (local map=157, WM=157)
[INFO] [1771517939.126117681] [rtabmap]: rtabmap (658): Rate=1.00s, Limit=0.000s, Conversion=0.0005s, RTAB-Map=0.2470s, Maps update=0.0025s pub=0.0110s delay=0.4396s (local map=158, WM=158)
[INFO] [1771517940.205186458] [rtabmap]: rtabmap (659): Rate=1.00s, Limit=0.000s, Conversion=0.0004s, RTAB-Map=0.2243s, Maps update=0.0029s pub=0.0106s delay=0.4196s (local map=159, WM=159)
[INFO] [1771517941.206884248] [rtabmap]: rtabmap (660): Rate=1.00s, Limit=0.000s, Conversion=0.0005s, RTAB-Map=0.2338s, Maps update=0.0026s pub=0.0110s delay=0.4202s (local map=160, WM=160)
[INFO] [1771517942.320127170] [rtabmap]: rtabmap (661): Rate=1.00s, Limit=0.000s, Conversion=0.0005s, RTAB-Map=0.2413s, Maps update=0.0028s pub=0.0147s delay=0.4334s (local map=161, WM=161)
[INFO] [1771517943.427159721] [rtabmap]: rtabmap (662): Rate=1.00s, Limit=0.000s, Conversion=0.0005s, RTAB-Map=0.2410s, Maps update=0.0037s pub=0.0109s delay=0.4416s (local map=162, WM=162)
[INFO] [1771517944.434183113] [rtabmap]: rtabmap (663): Rate=1.00s, Limit=0.000s, Conversion=0.0005s, RTAB-Map=0.2467s, Maps update=0.0027s pub=0.0122s delay=0.4485s (local map=163, WM=163)
[INFO] [1771517945.443460988] [rtabmap]: rtabmap (664): Rate=1.00s, Limit=0.000s, Conversion=0.0004s, RTAB-Map=0.2530s, Maps update=0.0025s pub=0.0114s delay=0.4570s (local map=164, WM=164)
[INFO] [1771517946.524205954] [rtabmap]: rtabmap (665): Rate=1.00s, Limit=0.000s, Conversion=0.0008s, RTAB-Map=0.2380s, Maps update=0.0025s pub=0.0124s delay=0.4385s (local map=165, WM=165)
[INFO] [1771517947.625967625] [rtabmap]: rtabmap (666): Rate=1.00s, Limit=0.000s, Conversion=0.0004s, RTAB-Map=0.2473s, Maps update=0.0011s pub=0.0107s delay=0.4402s (local map=166, WM=166)
[INFO] [1771517948.726302523] [rtabmap]: rtabmap (667): Rate=1.00s, Limit=0.000s, Conversion=0.0003s, RTAB-Map=0.2437s, Maps update=0.0026s pub=0.0130s delay=0.4397s (local map=167, WM=167)
[INFO] [1771517949.825710027] [rtabmap]: rtabmap (668): Rate=1.00s, Limit=0.000s, Conversion=0.0004s, RTAB-Map=0.2445s, Maps update=0.0023s pub=0.0104s delay=0.4390s (local map=168, WM=168)
[INFO] [1771517950.901525405] [rtabmap]: rtabmap (669): Rate=1.00s, Limit=0.000s, Conversion=0.0018s, RTAB-Map=0.2234s, Maps update=0.0028s pub=0.0123s delay=0.4149s (local map=169, WM=169)
[INFO] [1771517952.012031811] [rtabmap]: rtabmap (670): Rate=1.00s, Limit=0.000s, Conversion=0.0005s, RTAB-Map=0.2297s, Maps update=0.0022s pub=0.0103s delay=0.4262s (local map=170, WM=170)
[INFO] [1771517953.107874577] [rtabmap]: rtabmap (671): Rate=1.00s, Limit=0.000s, Conversion=0.0005s, RTAB-Map=0.2222s, Maps update=0.0030s pub=0.0102s delay=0.4212s (local map=171, WM=171)
[INFO] [1771517954.125909412] [rtabmap]: rtabmap (672): Rate=1.00s, Limit=0.000s, Conversion=0.0004s, RTAB-Map=0.2404s, Maps update=0.0023s pub=0.0154s delay=0.4392s (local map=172, WM=172)
[INFO] [1771517955.206967094] [rtabmap]: rtabmap (673): Rate=1.00s, Limit=0.000s, Conversion=0.0007s, RTAB-Map=0.2307s, Maps update=0.0023s pub=0.0116s delay=0.4214s (local map=173, WM=173)
[INFO] [1771517956.278223393] [rtabmap]: rtabmap (674): Rate=1.00s, Limit=0.000s, Conversion=0.0004s, RTAB-Map=0.2057s, Maps update=0.0021s pub=0.0101s delay=0.3929s (local map=174, WM=174)
[INFO] [1771517957.303891915] [rtabmap]: rtabmap (675): Rate=1.00s, Limit=0.000s, Conversion=0.0005s, RTAB-Map=0.2228s, Maps update=0.0027s pub=0.0133s delay=0.4181s (local map=175, WM=175)
[INFO] [1771517958.422398261] [rtabmap]: rtabmap (676): Rate=1.00s, Limit=0.000s, Conversion=0.0005s, RTAB-Map=0.2413s, Maps update=0.0028s pub=0.0106s delay=0.4371s (local map=176, WM=176)
[INFO] [1771517959.398038778] [rtabmap]: rtabmap (677): Rate=1.00s, Limit=0.000s, Conversion=0.0004s, RTAB-Map=0.2235s, Maps update=0.0026s pub=0.0130s delay=0.4121s (local map=177, WM=177)
[INFO] [1771517960.505545811] [rtabmap]: rtabmap (678): Rate=1.00s, Limit=0.000s, Conversion=0.0006s, RTAB-Map=0.2283s, Maps update=0.0022s pub=0.0102s delay=0.4202s (local map=178, WM=178)
[INFO] [1771517961.511466219] [rtabmap]: rtabmap (679): Rate=1.00s, Limit=0.000s, Conversion=0.0005s, RTAB-Map=0.2263s, Maps update=0.0013s pub=0.0148s delay=0.4259s (local map=179, WM=179)
[INFO] [1771517962.642460029] [rtabmap]: rtabmap (680): Rate=1.00s, Limit=0.000s, Conversion=0.0004s, RTAB-Map=0.2555s, Maps update=0.0025s pub=0.0108s delay=0.4571s (local map=180, WM=180)
[INFO] [1771517963.603646962] [rtabmap]: rtabmap (681): Rate=1.00s, Limit=0.000s, Conversion=0.0004s, RTAB-Map=0.2376s, Maps update=0.0023s pub=0.0103s delay=0.4183s (local map=181, WM=181)
[INFO] [1771517964.598071526] [rtabmap]: rtabmap (682): Rate=1.00s, Limit=0.000s, Conversion=0.0004s, RTAB-Map=0.2224s, Maps update=0.0027s pub=0.0113s delay=0.4127s (local map=182, WM=182)
[INFO] [1771517965.717080643] [rtabmap]: rtabmap (683): Rate=1.00s, Limit=0.000s, Conversion=0.0005s, RTAB-Map=0.2390s, Maps update=0.0022s pub=0.0109s delay=0.4315s (local map=183, WM=183)
[INFO] [1771517966.721305661] [rtabmap]: rtabmap (684): Rate=1.00s, Limit=0.000s, Conversion=0.0004s, RTAB-Map=0.2405s, Maps update=0.0028s pub=0.0125s delay=0.4346s (local map=184, WM=184)
[INFO] [1771517967.805748522] [rtabmap]: rtabmap (685): Rate=1.00s, Limit=0.000s, Conversion=0.0004s, RTAB-Map=0.2332s, Maps update=0.0025s pub=0.0130s delay=0.4200s (local map=185, WM=185)
[INFO] [1771517968.784316283] [rtabmap]: rtabmap (686): Rate=1.00s, Limit=0.000s, Conversion=0.0003s, RTAB-Map=0.2214s, Maps update=0.0022s pub=0.0103s delay=0.3985s (local map=186, WM=186)
[INFO] [1771517969.893267464] [rtabmap]: rtabmap (687): Rate=1.00s, Limit=0.000s, Conversion=0.0005s, RTAB-Map=0.2190s, Maps update=0.0023s pub=0.0117s delay=0.4075s (local map=187, WM=187)
[INFO] [1771517971.010289724] [rtabmap]: rtabmap (688): Rate=1.00s, Limit=0.000s, Conversion=0.0007s, RTAB-Map=0.2285s, Maps update=0.0029s pub=0.0127s delay=0.4249s (local map=188, WM=188)
[INFO] [1771517972.121158575] [rtabmap]: rtabmap (689): Rate=1.00s, Limit=0.000s, Conversion=0.0003s, RTAB-Map=0.2347s, Maps update=0.0029s pub=0.0134s delay=0.4355s (local map=189, WM=189)
[INFO] [1771517973.092084040] [rtabmap]: rtabmap (690): Rate=1.00s, Limit=0.000s, Conversion=0.0003s, RTAB-Map=0.2232s, Maps update=0.0026s pub=0.0120s delay=0.4062s (local map=190, WM=190)
[INFO] [1771517974.191202254] [rtabmap]: rtabmap (691): Rate=1.00s, Limit=0.000s, Conversion=0.0006s, RTAB-Map=0.2206s, Maps update=0.0023s pub=0.0109s delay=0.4058s (local map=191, WM=191)
[INFO] [1771517975.288940769] [rtabmap]: rtabmap (692): Rate=1.00s, Limit=0.000s, Conversion=0.0005s, RTAB-Map=0.2203s, Maps update=0.0030s pub=0.0111s delay=0.4036s (local map=192, WM=192)
[INFO] [1771517976.298263189] [rtabmap]: rtabmap (693): Rate=1.00s, Limit=0.000s, Conversion=0.0004s, RTAB-Map=0.2302s, Maps update=0.0025s pub=0.0148s delay=0.4127s (local map=193, WM=193)
[INFO] [1771517977.413083385] [rtabmap]: rtabmap (694): Rate=1.00s, Limit=0.000s, Conversion=0.0004s, RTAB-Map=0.2402s, Maps update=0.0024s pub=0.0136s delay=0.4272s (local map=194, WM=194)
[INFO] [1771517978.492027358] [rtabmap]: rtabmap (695): Rate=1.00s, Limit=0.000s, Conversion=0.0004s, RTAB-Map=0.2300s, Maps update=0.0023s pub=0.0108s delay=0.4067s (local map=195, WM=195)
[INFO] [1771517979.492036381] [rtabmap]: rtabmap (696): Rate=1.00s, Limit=0.000s, Conversion=0.0003s, RTAB-Map=0.2249s, Maps update=0.0023s pub=0.0107s delay=0.4067s (local map=196, WM=196)
[INFO] [1771517980.485934526] [rtabmap]: rtabmap (697): Rate=1.00s, Limit=0.000s, Conversion=0.0003s, RTAB-Map=0.2189s, Maps update=0.0022s pub=0.0116s delay=0.4005s (local map=197, WM=197)
[INFO] [1771517981.633076863] [rtabmap]: rtabmap (698): Rate=1.00s, Limit=0.000s, Conversion=0.0003s, RTAB-Map=0.2509s, Maps update=0.0024s pub=0.0116s delay=0.4478s (local map=198, WM=198)
[INFO] [1771517982.578674586] [rtabmap]: rtabmap (699): Rate=1.00s, Limit=0.000s, Conversion=0.0005s, RTAB-Map=0.2148s, Maps update=0.0024s pub=0.0108s delay=0.3933s (local map=199, WM=199)
[INFO] [1771517983.585374799] [rtabmap]: rtabmap (700): Rate=1.00s, Limit=0.000s, Conversion=0.0005s, RTAB-Map=0.2186s, Maps update=0.0031s pub=0.0128s delay=0.4000s (local map=200, WM=200)
[INFO] [1771517984.577804858] [rtabmap]: rtabmap (701): Rate=1.00s, Limit=0.000s, Conversion=0.0005s, RTAB-Map=0.2080s, Maps update=0.0011s pub=0.0050s delay=0.3924s (local map=200, WM=200)
[INFO] [1771517985.671996651] [rtabmap]: rtabmap (702): Rate=1.00s, Limit=0.000s, Conversion=0.0005s, RTAB-Map=0.2185s, Maps update=0.0011s pub=0.0052s delay=0.3865s (local map=200, WM=200)
[INFO] [1771517986.680334684] [rtabmap]: rtabmap (703): Rate=1.00s, Limit=0.000s, Conversion=0.0003s, RTAB-Map=0.2240s, Maps update=0.0012s pub=0.0041s delay=0.3948s (local map=200, WM=200)
[INFO] [1771517987.790713341] [rtabmap]: rtabmap (704): Rate=1.00s, Limit=0.000s, Conversion=0.0004s, RTAB-Map=0.2286s, Maps update=0.0011s pub=0.0050s delay=0.4052s (local map=200, WM=200)
[INFO] [1771517988.867742940] [rtabmap]: rtabmap (705): Rate=1.00s, Limit=0.000s, Conversion=0.0005s, RTAB-Map=0.2103s, Maps update=0.0012s pub=0.0043s delay=0.3823s (local map=200, WM=200)
[INFO] [1771517989.883400151] [rtabmap]: rtabmap (706): Rate=1.00s, Limit=0.000s, Conversion=0.0006s, RTAB-Map=0.2252s, Maps update=0.0011s pub=0.0054s delay=0.3980s (local map=200, WM=200)
[INFO] [1771517990.978836887] [rtabmap]: rtabmap (707): Rate=1.00s, Limit=0.000s, Conversion=0.0005s, RTAB-Map=0.2184s, Maps update=0.0011s pub=0.0045s delay=0.3935s (local map=200, WM=200)
[INFO] [1771517991.977252604] [rtabmap]: rtabmap (708): Rate=1.00s, Limit=0.000s, Conversion=0.0008s, RTAB-Map=0.2238s, Maps update=0.0011s pub=0.0045s delay=0.3918s (local map=200, WM=200)
[INFO] [1771517993.081327543] [rtabmap]: rtabmap (709): Rate=1.00s, Limit=0.000s, Conversion=0.0004s, RTAB-Map=0.2236s, Maps update=0.0012s pub=0.0042s delay=0.3960s (local map=200, WM=200)
[INFO] [1771517994.175282048] [rtabmap]: rtabmap (710): Rate=1.00s, Limit=0.000s, Conversion=0.0005s, RTAB-Map=0.2213s, Maps update=0.0011s pub=0.0042s delay=0.3899s (local map=200, WM=200)
[INFO] [1771517995.207490617] [rtabmap]: rtabmap (711): Rate=1.00s, Limit=0.000s, Conversion=0.0005s, RTAB-Map=0.2337s, Maps update=0.0012s pub=0.0039s delay=0.4221s (local map=200, WM=200)
[INFO] [1771517996.268860987] [rtabmap]: rtabmap (712): Rate=1.00s, Limit=0.000s, Conversion=0.0004s, RTAB-Map=0.2173s, Maps update=0.0011s pub=0.0058s delay=0.3834s (local map=200, WM=200)
[INFO] [1771517997.392036208] [rtabmap]: rtabmap (713): Rate=1.00s, Limit=0.000s, Conversion=0.0004s, RTAB-Map=0.2353s, Maps update=0.0011s pub=0.0051s delay=0.4067s (local map=200, WM=200)
[INFO] [1771517998.468282706] [rtabmap]: rtabmap (714): Rate=1.00s, Limit=0.000s, Conversion=0.0005s, RTAB-Map=0.2115s, Maps update=0.0011s pub=0.0037s delay=0.3829s (local map=200, WM=200)
[INFO] [1771517999.478753296] [rtabmap]: rtabmap (715): Rate=1.00s, Limit=0.000s, Conversion=0.0005s, RTAB-Map=0.2193s, Maps update=0.0011s pub=0.0039s delay=0.3934s (local map=200, WM=200)
[INFO] [1771518000.470384190] [rtabmap]: rtabmap (716): Rate=1.00s, Limit=0.000s, Conversion=0.0004s, RTAB-Map=0.2094s, Maps update=0.0011s pub=0.0043s delay=0.3849s (local map=200, WM=200)
[INFO] [1771518001.581105772] [rtabmap]: rtabmap (717): Rate=1.00s, Limit=0.000s, Conversion=0.0005s, RTAB-Map=0.2207s, Maps update=0.0012s pub=0.0049s delay=0.3958s (local map=200, WM=200)
[INFO] [1771518002.680148892] [rtabmap]: rtabmap (718): Rate=1.00s, Limit=0.000s, Conversion=0.0004s, RTAB-Map=0.2146s, Maps update=0.0014s pub=0.0046s delay=0.3949s (local map=200, WM=200)
[INFO] [1771518003.669597982] [rtabmap]: rtabmap (719): Rate=1.00s, Limit=0.000s, Conversion=0.0005s, RTAB-Map=0.2070s, Maps update=0.0011s pub=0.0038s delay=0.3840s (local map=200, WM=200)
[INFO] [1771518004.787928588] [rtabmap]: rtabmap (720): Rate=1.00s, Limit=0.000s, Conversion=0.0008s, RTAB-Map=0.2282s, Maps update=0.0011s pub=0.0044s delay=0.4024s (local map=200, WM=200)
[INFO] [1771518005.887157861] [rtabmap]: rtabmap (721): Rate=1.00s, Limit=0.000s, Conversion=0.0008s, RTAB-Map=0.2312s, Maps update=0.0011s pub=0.0042s delay=0.4016s (local map=200, WM=200)
[INFO] [1771518006.884497944] [rtabmap]: rtabmap (722): Rate=1.00s, Limit=0.000s, Conversion=0.0005s, RTAB-Map=0.2245s, Maps update=0.0012s pub=0.0047s delay=0.3986s (local map=200, WM=200)
[INFO] [1771518007.978616960] [rtabmap]: rtabmap (723): Rate=1.00s, Limit=0.000s, Conversion=0.0005s, RTAB-Map=0.2184s, Maps update=0.0013s pub=0.0047s delay=0.3931s (local map=200, WM=200)
[INFO] [1771518008.976497029] [rtabmap]: rtabmap (724): Rate=1.00s, Limit=0.000s, Conversion=0.0006s, RTAB-Map=0.2154s, Maps update=0.0011s pub=0.0040s delay=0.3906s (local map=200, WM=200)
[INFO] [1771518010.108660850] [rtabmap]: rtabmap (725): Rate=1.00s, Limit=0.000s, Conversion=0.0003s, RTAB-Map=0.2364s, Maps update=0.0015s pub=0.0051s delay=0.4231s (local map=200, WM=200)
[INFO] [1771518011.155688445] [rtabmap]: rtabmap (726): Rate=1.00s, Limit=0.000s, Conversion=0.0008s, RTAB-Map=0.2011s, Maps update=0.0011s pub=0.0047s delay=0.3703s (local map=200, WM=200)
[INFO] [1771518012.171472974] [rtabmap]: rtabmap (727): Rate=1.00s, Limit=0.000s, Conversion=0.0003s, RTAB-Map=0.2072s, Maps update=0.0012s pub=0.0040s delay=0.3860s (local map=200, WM=200)
[INFO] [1771518013.281958156] [rtabmap]: rtabmap (728): Rate=1.00s, Limit=0.000s, Conversion=0.0006s, RTAB-Map=0.2195s, Maps update=0.0012s pub=0.0040s delay=0.3967s (local map=200, WM=200)
[INFO] [1771518014.288127697] [rtabmap]: rtabmap (729): Rate=1.00s, Limit=0.000s, Conversion=0.0003s, RTAB-Map=0.2259s, Maps update=0.0011s pub=0.0044s delay=0.4027s (local map=200, WM=200)
[INFO] [1771518015.266326061] [rtabmap]: rtabmap (730): Rate=1.00s, Limit=0.000s, Conversion=0.0004s, RTAB-Map=0.2093s, Maps update=0.0012s pub=0.0063s delay=0.3808s (local map=200, WM=200)
[INFO] [1771518016.372740159] [rtabmap]: rtabmap (731): Rate=1.00s, Limit=0.000s, Conversion=0.0005s, RTAB-Map=0.2204s, Maps update=0.0011s pub=0.0039s delay=0.3873s (local map=200, WM=200)
[INFO] [1771518017.502291921] [rtabmap]: rtabmap (732): Rate=1.00s, Limit=0.000s, Conversion=0.0003s, RTAB-Map=0.2433s, Maps update=0.0011s pub=0.0044s delay=0.4168s (local map=200, WM=200)
[INFO] [1771518018.580885248] [rtabmap]: rtabmap (733): Rate=1.00s, Limit=0.000s, Conversion=0.0004s, RTAB-Map=0.2184s, Maps update=0.0011s pub=0.0040s delay=0.3955s (local map=200, WM=200)
[INFO] [1771518019.655677675] [rtabmap]: rtabmap (734): Rate=1.00s, Limit=0.000s, Conversion=0.0005s, RTAB-Map=0.2045s, Maps update=0.0011s pub=0.0045s delay=0.3702s (local map=200, WM=200)
[INFO] [1771518020.802159431] [rtabmap]: rtabmap (735): Rate=1.00s, Limit=0.000s, Conversion=0.0005s, RTAB-Map=0.2380s, Maps update=0.0013s pub=0.0037s delay=0.4168s (local map=200, WM=200)
[INFO] [1771518021.864007013] [rtabmap]: rtabmap (736): Rate=1.00s, Limit=0.000s, Conversion=0.0005s, RTAB-Map=0.2068s, Maps update=0.0013s pub=0.0038s delay=0.3786s (local map=200, WM=200)
[INFO] [1771518022.984248640] [rtabmap]: rtabmap (737): Rate=1.00s, Limit=0.000s, Conversion=0.0003s, RTAB-Map=0.2263s, Maps update=0.0013s pub=0.0044s delay=0.3988s (local map=200, WM=200)
[INFO] [1771518024.065781796] [rtabmap]: rtabmap (738): Rate=1.00s, Limit=0.000s, Conversion=0.0005s, RTAB-Map=0.2112s, Maps update=0.0011s pub=0.0045s delay=0.3804s (local map=200, WM=200)
[INFO] [1771518025.172367857] [rtabmap]: rtabmap (739): Rate=1.00s, Limit=0.000s, Conversion=0.0006s, RTAB-Map=0.2189s, Maps update=0.0012s pub=0.0040s delay=0.3868s (local map=200, WM=200)
[INFO] [1771518026.268758446] [rtabmap]: rtabmap (740): Rate=1.00s, Limit=0.000s, Conversion=0.0005s, RTAB-Map=0.2070s, Maps update=0.0011s pub=0.0041s delay=0.3833s (local map=200, WM=200)
[INFO] [1771518027.288323124] [rtabmap]: rtabmap (741): Rate=1.00s, Limit=0.000s, Conversion=0.0005s, RTAB-Map=0.2322s, Maps update=0.0012s pub=0.0045s delay=0.4028s (local map=200, WM=200)
[INFO] [1771518028.400001657] [rtabmap]: rtabmap (742): Rate=1.00s, Limit=0.000s, Conversion=0.0005s, RTAB-Map=0.2376s, Maps update=0.0011s pub=0.0054s delay=0.4145s (local map=200, WM=200)
[INFO] [1771518029.477109149] [rtabmap]: rtabmap (743): Rate=1.00s, Limit=0.000s, Conversion=0.0006s, RTAB-Map=0.2164s, Maps update=0.0011s pub=0.0042s delay=0.3917s (local map=200, WM=200)
[INFO] [1771518030.473830697] [rtabmap]: rtabmap (744): Rate=1.00s, Limit=0.000s, Conversion=0.0005s, RTAB-Map=0.2114s, Maps update=0.0011s pub=0.0047s delay=0.3884s (local map=200, WM=200)
[INFO] [1771518031.499861080] [rtabmap]: rtabmap (745): Rate=1.00s, Limit=0.000s, Conversion=0.0105s, RTAB-Map=0.2241s, Maps update=0.0011s pub=0.0038s delay=0.4143s (local map=200, WM=200)
[INFO] [1771518032.512037426] [rtabmap]: rtabmap (746): Rate=1.00s, Limit=0.000s, Conversion=0.0004s, RTAB-Map=0.2482s, Maps update=0.0012s pub=0.0039s delay=0.4265s (local map=200, WM=200)
[INFO] [1771518033.582644588] [rtabmap]: rtabmap (747): Rate=1.00s, Limit=0.000s, Conversion=0.0005s, RTAB-Map=0.2119s, Maps update=0.0011s pub=0.0043s delay=0.3971s (local map=200, WM=200)
[INFO] [1771518034.697742029] [rtabmap]: rtabmap (748): Rate=1.00s, Limit=0.000s, Conversion=0.0005s, RTAB-Map=0.2361s, Maps update=0.0015s pub=0.0051s delay=0.4123s (local map=200, WM=200)
[INFO] [1771518035.700302700] [rtabmap]: rtabmap (749): Rate=1.00s, Limit=0.000s, Conversion=0.0004s, RTAB-Map=0.2323s, Maps update=0.0012s pub=0.0060s delay=0.4148s (local map=200, WM=200)
[INFO] [1771518036.701024968] [rtabmap]: rtabmap (750): Rate=1.00s, Limit=0.000s, Conversion=0.0005s, RTAB-Map=0.2418s, Maps update=0.0012s pub=0.0044s delay=0.4155s (local map=200, WM=200)
[INFO] [1771518037.781632683] [rtabmap]: rtabmap (751): Rate=1.00s, Limit=0.000s, Conversion=0.0004s, RTAB-Map=0.2228s, Maps update=0.0012s pub=0.0041s delay=0.3961s (local map=200, WM=200)
[INFO] [1771518038.919888401] [rtabmap]: rtabmap (752): Rate=1.00s, Limit=0.000s, Conversion=0.0005s, RTAB-Map=0.2554s, Maps update=0.0012s pub=0.0041s delay=0.4344s (local map=200, WM=200)
[INFO] [1771518039.988959474] [rtabmap]: rtabmap (753): Rate=1.00s, Limit=0.000s, Conversion=0.0005s, RTAB-Map=0.2294s, Maps update=0.0013s pub=0.0054s delay=0.4034s (local map=200, WM=200)
[INFO] [1771518040.980315453] [rtabmap]: rtabmap (754): Rate=1.00s, Limit=0.000s, Conversion=0.0004s, RTAB-Map=0.2210s, Maps update=0.0011s pub=0.0040s delay=0.3948s (local map=200, WM=200)
[INFO] [1771518041.985020937] [rtabmap]: rtabmap (755): Rate=1.00s, Limit=0.000s, Conversion=0.0003s, RTAB-Map=0.2209s, Maps update=0.0014s pub=0.0049s delay=0.3994s (local map=200, WM=200)
[INFO] [1771518042.988607437] [rtabmap]: rtabmap (756): Rate=1.00s, Limit=0.000s, Conversion=0.0003s, RTAB-Map=0.2280s, Maps update=0.0011s pub=0.0046s delay=0.4029s (local map=200, WM=200)
[INFO] [1771518044.003176414] [rtabmap]: rtabmap (757): Rate=1.00s, Limit=0.000s, Conversion=0.0004s, RTAB-Map=0.2383s, Maps update=0.0012s pub=0.0039s delay=0.4174s (local map=200, WM=200)
[INFO] [1771518045.084685473] [rtabmap]: rtabmap (758): Rate=1.00s, Limit=0.000s, Conversion=0.0004s, RTAB-Map=0.2206s, Maps update=0.0014s pub=0.0044s delay=0.3991s (local map=200, WM=200)
[INFO] [1771518046.168008934] [rtabmap]: rtabmap (759): Rate=1.00s, Limit=0.000s, Conversion=0.0004s, RTAB-Map=0.2186s, Maps update=0.0012s pub=0.0037s delay=0.3824s (local map=200, WM=200)
[INFO] [1771518047.283409202] [rtabmap]: rtabmap (760): Rate=1.00s, Limit=0.000s, Conversion=0.0003s, RTAB-Map=0.2218s, Maps update=0.0011s pub=0.0042s delay=0.3978s (local map=200, WM=200)
[INFO] [1771518048.279715567] [rtabmap]: rtabmap (761): Rate=1.00s, Limit=0.000s, Conversion=0.0003s, RTAB-Map=0.2177s, Maps update=0.0011s pub=0.0047s delay=0.3941s (local map=200, WM=200)
[INFO] [1771518049.276818120] [rtabmap]: rtabmap (762): Rate=1.00s, Limit=0.000s, Conversion=0.0005s, RTAB-Map=0.2190s, Maps update=0.0011s pub=0.0039s delay=0.3911s (local map=200, WM=200)
[INFO] [1771518050.376381432] [rtabmap]: rtabmap (763): Rate=1.00s, Limit=0.000s, Conversion=0.0005s, RTAB-Map=0.2153s, Maps update=0.0011s pub=0.0035s delay=0.3909s (local map=200, WM=200)
[INFO] [1771518051.375972044] [rtabmap]: rtabmap (764): Rate=1.00s, Limit=0.000s, Conversion=0.0006s, RTAB-Map=0.2162s, Maps update=0.0012s pub=0.0038s delay=0.3903s (local map=200, WM=200)
[INFO] [1771518052.379827609] [rtabmap]: rtabmap (765): Rate=1.00s, Limit=0.000s, Conversion=0.0003s, RTAB-Map=0.2266s, Maps update=0.0011s pub=0.0039s delay=0.3940s (local map=200, WM=200)
[INFO] [1771518053.469221625] [rtabmap]: rtabmap (766): Rate=1.00s, Limit=0.000s, Conversion=0.0004s, RTAB-Map=0.2082s, Maps update=0.0012s pub=0.0042s delay=0.3836s (local map=200, WM=200)
[INFO] [1771518054.472168038] [rtabmap]: rtabmap (767): Rate=1.00s, Limit=0.000s, Conversion=0.0005s, RTAB-Map=0.2145s, Maps update=0.0012s pub=0.0046s delay=0.3865s (local map=200, WM=200)
[INFO] [1771518055.485318948] [rtabmap]: rtabmap (768): Rate=1.00s, Limit=0.000s, Conversion=0.0004s, RTAB-Map=0.2292s, Maps update=0.0011s pub=0.0042s delay=0.3996s (local map=200, WM=200)
[INFO] [1771518056.605070253] [rtabmap]: rtabmap (769): Rate=1.00s, Limit=0.000s, Conversion=0.0005s, RTAB-Map=0.2381s, Maps update=0.0011s pub=0.0047s delay=0.4195s (local map=200, WM=200)
[INFO] [1771518057.580544409] [rtabmap]: rtabmap (770): Rate=1.00s, Limit=0.000s, Conversion=0.0005s, RTAB-Map=0.2222s, Maps update=0.0011s pub=0.0044s delay=0.3948s (local map=200, WM=200)
[INFO] [1771518058.670266181] [rtabmap]: rtabmap (771): Rate=1.00s, Limit=0.000s, Conversion=0.0005s, RTAB-Map=0.2122s, Maps update=0.0021s pub=0.0043s delay=0.3845s (local map=200, WM=200)
[INFO] [1771518059.787675258] [rtabmap]: rtabmap (772): Rate=1.00s, Limit=0.000s, Conversion=0.0003s, RTAB-Map=0.2233s, Maps update=0.0012s pub=0.0043s delay=0.4020s (local map=200, WM=200)
[INFO] [1771518060.770026462] [rtabmap]: rtabmap (773): Rate=1.00s, Limit=0.000s, Conversion=0.0003s, RTAB-Map=0.2103s, Maps update=0.0011s pub=0.0037s delay=0.3844s (local map=200, WM=200)
[INFO] [1771518061.777088832] [rtabmap]: rtabmap (774): Rate=1.00s, Limit=0.000s, Conversion=0.0007s, RTAB-Map=0.2221s, Maps update=0.0012s pub=0.0043s delay=0.3914s (local map=200, WM=200)
[INFO] [1771518062.870677912] [rtabmap]: rtabmap (775): Rate=1.00s, Limit=0.000s, Conversion=0.0004s, RTAB-Map=0.2123s, Maps update=0.0011s pub=0.0036s delay=0.3849s (local map=200, WM=200)
[INFO] [1771518063.992053147] [rtabmap]: rtabmap (776): Rate=1.00s, Limit=0.000s, Conversion=0.0006s, RTAB-Map=0.2266s, Maps update=0.0011s pub=0.0045s delay=0.4062s (local map=200, WM=200)
[INFO] [1771518065.077585264] [rtabmap]: rtabmap (777): Rate=1.00s, Limit=0.000s, Conversion=0.0005s, RTAB-Map=0.2185s, Maps update=0.0011s pub=0.0053s delay=0.3917s (local map=200, WM=200)
[INFO] [1771518066.183004499] [rtabmap]: rtabmap (778): Rate=1.00s, Limit=0.000s, Conversion=0.0004s, RTAB-Map=0.2293s, Maps update=0.0011s pub=0.0041s delay=0.3973s (local map=200, WM=200)
[INFO] [1771518067.167878195] [rtabmap]: rtabmap (779): Rate=1.00s, Limit=0.000s, Conversion=0.0003s, RTAB-Map=0.2129s, Maps update=0.0011s pub=0.0041s delay=0.3820s (local map=200, WM=200)
[INFO] [1771518068.272714497] [rtabmap]: rtabmap (780): Rate=1.00s, Limit=0.000s, Conversion=0.0005s, RTAB-Map=0.2149s, Maps update=0.0012s pub=0.0036s delay=0.3863s (local map=200, WM=200)
[INFO] [1771518069.376303810] [rtabmap]: rtabmap (781): Rate=1.00s, Limit=0.000s, Conversion=0.0005s, RTAB-Map=0.2159s, Maps update=0.0012s pub=0.0045s delay=0.3905s (local map=200, WM=200)
[INFO] [1771518070.466655205] [rtabmap]: rtabmap (782): Rate=1.00s, Limit=0.000s, Conversion=0.0004s, RTAB-Map=0.2115s, Maps update=0.0011s pub=0.0041s delay=0.3810s (local map=200, WM=200)
[INFO] [1771518071.482255483] [rtabmap]: rtabmap (783): Rate=1.00s, Limit=0.000s, Conversion=0.0006s, RTAB-Map=0.2266s, Maps update=0.0011s pub=0.0040s delay=0.3964s (local map=200, WM=200)
[INFO] [1771518072.491190464] [rtabmap]: rtabmap (784): Rate=1.00s, Limit=0.000s, Conversion=0.0003s, RTAB-Map=0.2293s, Maps update=0.0011s pub=0.0048s delay=0.4053s (local map=200, WM=200)
[INFO] [1771518073.587882312] [rtabmap]: rtabmap (785): Rate=1.00s, Limit=0.000s, Conversion=0.0004s, RTAB-Map=0.2284s, Maps update=0.0011s pub=0.0044s delay=0.4019s (local map=200, WM=200)
[INFO] [1771518074.698970936] [rtabmap]: rtabmap (786): Rate=1.00s, Limit=0.000s, Conversion=0.0005s, RTAB-Map=0.2301s, Maps update=0.0013s pub=0.0066s delay=0.4130s (local map=200, WM=200)
[INFO] [1771518075.783579180] [rtabmap]: rtabmap (787): Rate=1.00s, Limit=0.000s, Conversion=0.0005s, RTAB-Map=0.2229s, Maps update=0.0011s pub=0.0046s delay=0.3976s (local map=200, WM=200)
[INFO] [1771518076.871828066] [rtabmap]: rtabmap (788): Rate=1.00s, Limit=0.000s, Conversion=0.0004s, RTAB-Map=0.2110s, Maps update=0.0012s pub=0.0041s delay=0.3860s (local map=200, WM=200)
[INFO] [1771518077.877950882] [rtabmap]: rtabmap (789): Rate=1.00s, Limit=0.000s, Conversion=0.0007s, RTAB-Map=0.2168s, Maps update=0.0011s pub=0.0047s delay=0.3921s (local map=200, WM=200)
[INFO] [1771518078.987564765] [rtabmap]: rtabmap (790): Rate=1.00s, Limit=0.000s, Conversion=0.0004s, RTAB-Map=0.2277s, Maps update=0.0011s pub=0.0047s delay=0.4016s (local map=200, WM=200)
[INFO] [1771518079.986163181] [rtabmap]: rtabmap (791): Rate=1.00s, Limit=0.000s, Conversion=0.0005s, RTAB-Map=0.2246s, Maps update=0.0011s pub=0.0044s delay=0.4002s (local map=200, WM=200)
[INFO] [1771518081.070738271] [rtabmap]: rtabmap (792): Rate=1.00s, Limit=0.000s, Conversion=0.0003s, RTAB-Map=0.2055s, Maps update=0.0011s pub=0.0038s delay=0.3849s (local map=200, WM=200)
[INFO] [1771518082.077969926] [rtabmap]: rtabmap (793): Rate=1.00s, Limit=0.000s, Conversion=0.0005s, RTAB-Map=0.2176s, Maps update=0.0011s pub=0.0046s delay=0.3921s (local map=200, WM=200)
[INFO] [1771518083.185898244] [rtabmap]: rtabmap (794): Rate=1.00s, Limit=0.000s, Conversion=0.0005s, RTAB-Map=0.2210s, Maps update=0.0012s pub=0.0050s delay=0.4001s (local map=200, WM=200)
[INFO] [1771518084.197608494] [rtabmap]: rtabmap (795): Rate=1.00s, Limit=0.000s, Conversion=0.0004s, RTAB-Map=0.2226s, Maps update=0.0013s pub=0.0085s delay=0.4117s (local map=200, WM=200)
[INFO] [1771518085.170939757] [rtabmap]: rtabmap (796): Rate=1.00s, Limit=0.000s, Conversion=0.0004s, RTAB-Map=0.2082s, Maps update=0.0011s pub=0.0039s delay=0.3850s (local map=200, WM=200)
[INFO] [1771518086.193900076] [rtabmap]: rtabmap (797): Rate=1.00s, Limit=0.000s, Conversion=0.0005s, RTAB-Map=0.2299s, Maps update=0.0011s pub=0.0046s delay=0.4079s (local map=200, WM=200)
[INFO] [1771518087.183133034] [rtabmap]: rtabmap (798): Rate=1.00s, Limit=0.000s, Conversion=0.0005s, RTAB-Map=0.2243s, Maps update=0.0012s pub=0.0038s delay=0.3971s (local map=200, WM=200)
[INFO] [1771518088.303360484] [rtabmap]: rtabmap (799): Rate=1.00s, Limit=0.000s, Conversion=0.0005s, RTAB-Map=0.2380s, Maps update=0.0014s pub=0.0047s delay=0.4174s (local map=200, WM=200)
[INFO] [1771518089.369967277] [rtabmap]: rtabmap (800): Rate=1.00s, Limit=0.000s, Conversion=0.0008s, RTAB-Map=0.2119s, Maps update=0.0014s pub=0.0050s delay=0.3840s (local map=200, WM=200)
[INFO] [1771518090.479993367] [rtabmap]: rtabmap (801): Rate=1.00s, Limit=0.000s, Conversion=0.0005s, RTAB-Map=0.2174s, Maps update=0.0012s pub=0.0040s delay=0.3941s (local map=200, WM=200)
[INFO] [1771518091.499446392] [rtabmap]: rtabmap (802): Rate=1.00s, Limit=0.000s, Conversion=0.0105s, RTAB-Map=0.2289s, Maps update=0.0012s pub=0.0041s delay=0.4135s (local map=200, WM=200)
[INFO] [1771518092.503908379] [rtabmap]: rtabmap (803): Rate=1.00s, Limit=0.000s, Conversion=0.0003s, RTAB-Map=0.2346s, Maps update=0.0011s pub=0.0057s delay=0.4179s (local map=200, WM=200)
[INFO] [1771518093.476986993] [rtabmap]: rtabmap (804): Rate=1.00s, Limit=0.000s, Conversion=0.0005s, RTAB-Map=0.2205s, Maps update=0.0011s pub=0.0038s delay=0.3909s (local map=200, WM=200)
[INFO] [1771518094.589049124] [rtabmap]: rtabmap (805): Rate=1.00s, Limit=0.000s, Conversion=0.0005s, RTAB-Map=0.2234s, Maps update=0.0014s pub=0.0057s delay=0.4031s (local map=200, WM=200)
[INFO] [1771518095.686269791] [rtabmap]: rtabmap (806): Rate=1.00s, Limit=0.000s, Conversion=0.0005s, RTAB-Map=0.2255s, Maps update=0.0011s pub=0.0041s delay=0.4003s (local map=200, WM=200)
[INFO] [1771518096.791817703] [rtabmap]: rtabmap (807): Rate=1.00s, Limit=0.000s, Conversion=0.0005s, RTAB-Map=0.2320s, Maps update=0.0011s pub=0.0053s delay=0.4058s (local map=200, WM=200)
[INFO] [1771518097.891302004] [rtabmap]: rtabmap (808): Rate=1.00s, Limit=0.000s, Conversion=0.0004s, RTAB-Map=0.2339s, Maps update=0.0011s pub=0.0056s delay=0.4053s (local map=200, WM=200)
[INFO] [1771518098.908958836] [rtabmap]: rtabmap (809): Rate=1.00s, Limit=0.000s, Conversion=0.0003s, RTAB-Map=0.2488s, Maps update=0.0011s pub=0.0068s delay=0.4229s (local map=200, WM=200)
[INFO] [1771518099.897500505] [rtabmap]: rtabmap (810): Rate=1.00s, Limit=0.000s, Conversion=0.0006s, RTAB-Map=0.2276s, Maps update=0.0012s pub=0.0076s delay=0.4115s (local map=200, WM=200)
[INFO] [1771518100.882014508] [rtabmap]: rtabmap (811): Rate=1.00s, Limit=0.000s, Conversion=0.0005s, RTAB-Map=0.2205s, Maps update=0.0012s pub=0.0039s delay=0.3958s (local map=200, WM=200)
[INFO] [1771518101.978045468] [rtabmap]: rtabmap (812): Rate=1.00s, Limit=0.000s, Conversion=0.0005s, RTAB-Map=0.2125s, Maps update=0.0012s pub=0.0043s delay=0.3919s (local map=200, WM=200)
[INFO] [1771518102.977905081] [rtabmap]: rtabmap (813): Rate=1.00s, Limit=0.000s, Conversion=0.0005s, RTAB-Map=0.2212s, Maps update=0.0011s pub=0.0044s delay=0.3918s (local map=200, WM=200)
[INFO] [1771518104.091849712] [rtabmap]: rtabmap (814): Rate=1.00s, Limit=0.000s, Conversion=0.0004s, RTAB-Map=0.2288s, Maps update=0.0011s pub=0.0063s delay=0.4058s (local map=200, WM=200)
[INFO] [1771518105.172719356] [rtabmap]: rtabmap (815): Rate=1.00s, Limit=0.000s, Conversion=0.0003s, RTAB-Map=0.2174s, Maps update=0.0011s pub=0.0047s delay=0.3867s (local map=200, WM=200)
[INFO] [1771518106.293596142] [rtabmap]: rtabmap (816): Rate=1.00s, Limit=0.000s, Conversion=0.0004s, RTAB-Map=0.2320s, Maps update=0.0011s pub=0.0048s delay=0.4076s (local map=200, WM=200)
[INFO] [1771518107.282048015] [rtabmap]: rtabmap (817): Rate=1.00s, Limit=0.000s, Conversion=0.0003s, RTAB-Map=0.2146s, Maps update=0.0011s pub=0.0039s delay=0.3959s (local map=200, WM=200)
[INFO] [1771518108.371997731] [rtabmap]: rtabmap (818): Rate=1.00s, Limit=0.000s, Conversion=0.0004s, RTAB-Map=0.2122s, Maps update=0.0012s pub=0.0041s delay=0.3858s (local map=200, WM=200)
[INFO] [1771518109.485530284] [rtabmap]: rtabmap (819): Rate=1.00s, Limit=0.000s, Conversion=0.0007s, RTAB-Map=0.2313s, Maps update=0.0011s pub=0.0037s delay=0.3994s (local map=200, WM=200)
[INFO] [1771518110.590173715] [rtabmap]: rtabmap (820): Rate=1.00s, Limit=0.000s, Conversion=0.0007s, RTAB-Map=0.2299s, Maps update=0.0011s pub=0.0056s delay=0.4041s (local map=200, WM=200)
[INFO] [1771518111.663547632] [rtabmap]: rtabmap (821): Rate=1.00s, Limit=0.000s, Conversion=0.0003s, RTAB-Map=0.2091s, Maps update=0.0013s pub=0.0048s delay=0.3777s (local map=200, WM=200)
[INFO] [1771518112.682991473] [rtabmap]: rtabmap (822): Rate=1.00s, Limit=0.000s, Conversion=0.0004s, RTAB-Map=0.2256s, Maps update=0.0012s pub=0.0043s delay=0.3969s (local map=200, WM=200)
[INFO] [1771518113.689289911] [rtabmap]: rtabmap (823): Rate=1.00s, Limit=0.000s, Conversion=0.0005s, RTAB-Map=0.2272s, Maps update=0.0014s pub=0.0057s delay=0.4031s (local map=200, WM=200)
[INFO] [1771518114.799544521] [rtabmap]: rtabmap (824): Rate=1.00s, Limit=0.000s, Conversion=0.0003s, RTAB-Map=0.2379s, Maps update=0.0014s pub=0.0062s delay=0.4135s (local map=200, WM=200)
[INFO] [1771518115.804371866] [rtabmap]: rtabmap (825): Rate=1.00s, Limit=0.000s, Conversion=0.0006s, RTAB-Map=0.2387s, Maps update=0.0012s pub=0.0045s delay=0.4183s (local map=200, WM=200)
[INFO] [1771518116.786057223] [rtabmap]: rtabmap (826): Rate=1.00s, Limit=0.000s, Conversion=0.0105s, RTAB-Map=0.2155s, Maps update=0.0012s pub=0.0039s delay=0.3998s (local map=200, WM=200)
[INFO] [1771518117.874163896] [rtabmap]: rtabmap (827): Rate=1.00s, Limit=0.000s, Conversion=0.0003s, RTAB-Map=0.2123s, Maps update=0.0011s pub=0.0045s delay=0.3881s (local map=200, WM=200)
[INFO] [1771518118.870267822] [rtabmap]: rtabmap (828): Rate=1.00s, Limit=0.000s, Conversion=0.0003s, RTAB-Map=0.2170s, Maps update=0.0011s pub=0.0036s delay=0.3841s (local map=200, WM=200)
[INFO] [1771518119.871972974] [rtabmap]: rtabmap (829): Rate=1.00s, Limit=0.000s, Conversion=0.0003s, RTAB-Map=0.2116s, Maps update=0.0013s pub=0.0040s delay=0.3857s (local map=200, WM=200)
[INFO] [1771518120.982502698] [rtabmap]: rtabmap (830): Rate=1.00s, Limit=0.000s, Conversion=0.0005s, RTAB-Map=0.2200s, Maps update=0.0011s pub=0.0042s delay=0.3972s (local map=200, WM=200)
[INFO] [1771518121.983981538] [rtabmap]: rtabmap (831): Rate=1.00s, Limit=0.000s, Conversion=0.0005s, RTAB-Map=0.2208s, Maps update=0.0012s pub=0.0044s delay=0.3978s (local map=200, WM=200)
[INFO] [1771518123.068155269] [rtabmap]: rtabmap (832): Rate=1.00s, Limit=0.000s, Conversion=0.0005s, RTAB-Map=0.2180s, Maps update=0.0011s pub=0.0043s delay=0.3820s (local map=200, WM=200)
[INFO] [1771518124.081271521] [rtabmap]: rtabmap (833): Rate=1.00s, Limit=0.000s, Conversion=0.0004s, RTAB-Map=0.2247s, Maps update=0.0013s pub=0.0053s delay=0.3951s (local map=200, WM=200)
[INFO] [1771518125.079984373] [rtabmap]: rtabmap (834): Rate=1.00s, Limit=0.000s, Conversion=0.0003s, RTAB-Map=0.2245s, Maps update=0.0011s pub=0.0040s delay=0.3938s (local map=200, WM=200)
[INFO] [1771518126.190316810] [rtabmap]: rtabmap (835): Rate=1.00s, Limit=0.000s, Conversion=0.0005s, RTAB-Map=0.2333s, Maps update=0.0011s pub=0.0042s delay=0.4049s (local map=200, WM=200)
[INFO] [1771518127.203565451] [rtabmap]: rtabmap (836): Rate=1.00s, Limit=0.000s, Conversion=0.0004s, RTAB-Map=0.2341s, Maps update=0.0013s pub=0.0045s delay=0.4175s (local map=200, WM=200)
[INFO] [1771518128.174229098] [rtabmap]: rtabmap (837): Rate=1.00s, Limit=0.000s, Conversion=0.0005s, RTAB-Map=0.2218s, Maps update=0.0011s pub=0.0041s delay=0.3880s (local map=200, WM=200)
[INFO] [1771518129.280557518] [rtabmap]: rtabmap (838): Rate=1.00s, Limit=0.000s, Conversion=0.0007s, RTAB-Map=0.2208s, Maps update=0.0012s pub=0.0040s delay=0.3943s (local map=200, WM=200)
[INFO] [1771518130.276929133] [rtabmap]: rtabmap (839): Rate=1.00s, Limit=0.000s, Conversion=0.0005s, RTAB-Map=0.2182s, Maps update=0.0012s pub=0.0039s delay=0.3906s (local map=200, WM=200)
[INFO] [1771518131.385413919] [rtabmap]: rtabmap (840): Rate=1.00s, Limit=0.000s, Conversion=0.0004s, RTAB-Map=0.2236s, Maps update=0.0011s pub=0.0043s delay=0.3994s (local map=200, WM=200)
[INFO] [1771518132.482915716] [rtabmap]: rtabmap (841): Rate=1.00s, Limit=0.000s, Conversion=0.0003s, RTAB-Map=0.2165s, Maps update=0.0012s pub=0.0042s delay=0.3967s (local map=200, WM=200)
[INFO] [1771518133.479384551] [rtabmap]: rtabmap (842): Rate=1.00s, Limit=0.000s, Conversion=0.0005s, RTAB-Map=0.2234s, Maps update=0.0012s pub=0.0041s delay=0.3932s (local map=200, WM=200)
[INFO] [1771518134.503185893] [rtabmap]: rtabmap (843): Rate=1.00s, Limit=0.000s, Conversion=0.0005s, RTAB-Map=0.2318s, Maps update=0.0016s pub=0.0046s delay=0.4169s (local map=200, WM=200)
[INFO] [1771518135.571644721] [rtabmap]: rtabmap (844): Rate=1.00s, Limit=0.000s, Conversion=0.0005s, RTAB-Map=0.2134s, Maps update=0.0012s pub=0.0039s delay=0.3853s (local map=200, WM=200)
[INFO] [1771518136.671693938] [rtabmap]: rtabmap (845): Rate=1.00s, Limit=0.000s, Conversion=0.0006s, RTAB-Map=0.2158s, Maps update=0.0011s pub=0.0039s delay=0.3863s (local map=200, WM=200)
[INFO] [1771518137.683931183] [rtabmap]: rtabmap (846): Rate=1.00s, Limit=0.000s, Conversion=0.0004s, RTAB-Map=0.2330s, Maps update=0.0012s pub=0.0040s delay=0.3984s (local map=200, WM=200)
[INFO] [1771518138.698391196] [rtabmap]: rtabmap (847): Rate=1.00s, Limit=0.000s, Conversion=0.0005s, RTAB-Map=0.2335s, Maps update=0.0012s pub=0.0075s delay=0.4122s (local map=200, WM=200)
[INFO] [1771518139.783747562] [rtabmap]: rtabmap (848): Rate=1.00s, Limit=0.000s, Conversion=0.0004s, RTAB-Map=0.2194s, Maps update=0.0011s pub=0.0047s delay=0.3976s (local map=200, WM=200)
[INFO] [1771518140.789909323] [rtabmap]: rtabmap (849): Rate=1.00s, Limit=0.000s, Conversion=0.0004s, RTAB-Map=0.2195s, Maps update=0.0012s pub=0.0059s delay=0.4036s (local map=200, WM=200)
[INFO] [1771518141.859202837] [rtabmap]: rtabmap (850): Rate=1.00s, Limit=0.000s, Conversion=0.0003s, RTAB-Map=0.2007s, Maps update=0.0011s pub=0.0035s delay=0.3728s (local map=200, WM=200)
[INFO] [1771518142.989052555] [rtabmap]: rtabmap (851): Rate=1.00s, Limit=0.000s, Conversion=0.0003s, RTAB-Map=0.2308s, Maps update=0.0011s pub=0.0042s delay=0.4029s (local map=200, WM=200)
[INFO] [1771518143.978794747] [rtabmap]: rtabmap (852): Rate=1.00s, Limit=0.000s, Conversion=0.0003s, RTAB-Map=0.2182s, Maps update=0.0011s pub=0.0044s delay=0.3926s (local map=200, WM=200)
[INFO] [1771518144.978008545] [rtabmap]: rtabmap (853): Rate=1.00s, Limit=0.000s, Conversion=0.0005s, RTAB-Map=0.2248s, Maps update=0.0014s pub=0.0046s delay=0.3917s (local map=200, WM=200)
[INFO] [1771518146.086421744] [rtabmap]: rtabmap (854): Rate=1.00s, Limit=0.000s, Conversion=0.0004s, RTAB-Map=0.2286s, Maps update=0.0013s pub=0.0044s delay=0.4011s (local map=200, WM=200)
[INFO] [1771518147.074949652] [rtabmap]: rtabmap (855): Rate=1.00s, Limit=0.000s, Conversion=0.0003s, RTAB-Map=0.2167s, Maps update=0.0014s pub=0.0044s delay=0.3888s (local map=200, WM=200)
[INFO] [1771518148.191651471] [rtabmap]: rtabmap (856): Rate=1.00s, Limit=0.000s, Conversion=0.0005s, RTAB-Map=0.2224s, Maps update=0.0011s pub=0.0053s delay=0.4053s (local map=200, WM=200)
[INFO] [1771518149.269767223] [rtabmap]: rtabmap (857): Rate=1.00s, Limit=0.000s, Conversion=0.0006s, RTAB-Map=0.2140s, Maps update=0.0013s pub=0.0046s delay=0.3845s (local map=200, WM=200)
[INFO] [1771518150.274737389] [rtabmap]: rtabmap (858): Rate=1.00s, Limit=0.000s, Conversion=0.0005s, RTAB-Map=0.2115s, Maps update=0.0011s pub=0.0046s delay=0.3886s (local map=200, WM=200)
[INFO] [1771518151.391966043] [rtabmap]: rtabmap (859): Rate=1.00s, Limit=0.000s, Conversion=0.0005s, RTAB-Map=0.2308s, Maps update=0.0011s pub=0.0065s delay=0.4057s (local map=200, WM=200)
[INFO] [1771518152.382544361] [rtabmap]: rtabmap (860): Rate=1.00s, Limit=0.000s, Conversion=0.0004s, RTAB-Map=0.2192s, Maps update=0.0012s pub=0.0043s delay=0.3963s (local map=200, WM=200)
[INFO] [1771518153.478363410] [rtabmap]: rtabmap (861): Rate=1.00s, Limit=0.000s, Conversion=0.0004s, RTAB-Map=0.2213s, Maps update=0.0011s pub=0.0048s delay=0.3921s (local map=200, WM=200)
[INFO] [1771518154.477868194] [rtabmap]: rtabmap (862): Rate=1.00s, Limit=0.000s, Conversion=0.0003s, RTAB-Map=0.2203s, Maps update=0.0011s pub=0.0037s delay=0.3916s (local map=200, WM=200)
[INFO] [1771518155.472064595] [rtabmap]: rtabmap (863): Rate=1.00s, Limit=0.000s, Conversion=0.0005s, RTAB-Map=0.2170s, Maps update=0.0012s pub=0.0044s delay=0.3856s (local map=200, WM=200)
[INFO] [1771518156.566394853] [rtabmap]: rtabmap (864): Rate=1.00s, Limit=0.000s, Conversion=0.0003s, RTAB-Map=0.2105s, Maps update=0.0012s pub=0.0038s delay=0.3799s (local map=200, WM=200)
[INFO] [1771518157.683243813] [rtabmap]: rtabmap (865): Rate=1.00s, Limit=0.000s, Conversion=0.0005s, RTAB-Map=0.2200s, Maps update=0.0011s pub=0.0044s delay=0.3968s (local map=200, WM=200)
[INFO] [1771518158.807457087] [rtabmap]: rtabmap (866): Rate=1.00s, Limit=0.000s, Conversion=0.0006s, RTAB-Map=0.2451s, Maps update=0.0014s pub=0.0051s delay=0.4212s (local map=200, WM=200)
[INFO] [1771518159.778487972] [rtabmap]: rtabmap (867): Rate=1.00s, Limit=0.000s, Conversion=0.0004s, RTAB-Map=0.2163s, Maps update=0.0011s pub=0.0044s delay=0.3921s (local map=200, WM=200)
[INFO] [1771518160.878003938] [rtabmap]: rtabmap (868): Rate=1.00s, Limit=0.000s, Conversion=0.0008s, RTAB-Map=0.2095s, Maps update=0.0011s pub=0.0038s delay=0.3915s (local map=200, WM=200)
[INFO] [1771518162.010381432] [rtabmap]: rtabmap (869): Rate=1.00s, Limit=0.000s, Conversion=0.0005s, RTAB-Map=0.2468s, Maps update=0.0014s pub=0.0055s delay=0.4239s (local map=200, WM=200)
[INFO] [1771518163.087687921] [rtabmap]: rtabmap (870): Rate=1.00s, Limit=0.000s, Conversion=0.0007s, RTAB-Map=0.2187s, Maps update=0.0011s pub=0.0044s delay=0.4014s (local map=200, WM=200)
[INFO] [1771518164.078602187] [rtabmap]: rtabmap (871): Rate=1.00s, Limit=0.000s, Conversion=0.0004s, RTAB-Map=0.2256s, Maps update=0.0014s pub=0.0047s delay=0.3922s (local map=200, WM=200)
[INFO] [1771518165.175382698] [rtabmap]: rtabmap (872): Rate=1.00s, Limit=0.000s, Conversion=0.0003s, RTAB-Map=0.2211s, Maps update=0.0011s pub=0.0041s delay=0.3891s (local map=200, WM=200)
[INFO] [1771518166.184324023] [rtabmap]: rtabmap (873): Rate=1.00s, Limit=0.000s, Conversion=0.0005s, RTAB-Map=0.2232s, Maps update=0.0012s pub=0.0044s delay=0.3978s (local map=200, WM=200)
[INFO] [1771518167.282594826] [rtabmap]: rtabmap (874): Rate=1.00s, Limit=0.000s, Conversion=0.0005s, RTAB-Map=0.2314s, Maps update=0.0011s pub=0.0041s delay=0.3971s (local map=200, WM=200)
[INFO] [1771518168.280109290] [rtabmap]: rtabmap (875): Rate=1.00s, Limit=0.000s, Conversion=0.0003s, RTAB-Map=0.2232s, Maps update=0.0011s pub=0.0036s delay=0.3936s (local map=200, WM=200)
[INFO] [1771518169.378240888] [rtabmap]: rtabmap (876): Rate=1.00s, Limit=0.000s, Conversion=0.0004s, RTAB-Map=0.2135s, Maps update=0.0021s pub=0.0040s delay=0.3918s (local map=200, WM=200)
[INFO] [1771518170.491683386] [rtabmap]: rtabmap (877): Rate=1.00s, Limit=0.000s, Conversion=0.0004s, RTAB-Map=0.2270s, Maps update=0.0011s pub=0.0052s delay=0.4052s (local map=200, WM=200)
[INFO] [1771518171.606424298] [rtabmap]: rtabmap (878): Rate=1.00s, Limit=0.000s, Conversion=0.0107s, RTAB-Map=0.2305s, Maps update=0.0011s pub=0.0048s delay=0.4208s (local map=200, WM=200)
[INFO] [1771518172.572026515] [rtabmap]: rtabmap (879): Rate=1.00s, Limit=0.000s, Conversion=0.0005s, RTAB-Map=0.2097s, Maps update=0.0011s pub=0.0041s delay=0.3855s (local map=200, WM=200)
[INFO] [1771518173.694043680] [rtabmap]: rtabmap (880): Rate=1.00s, Limit=0.000s, Conversion=0.0005s, RTAB-Map=0.2308s, Maps update=0.0012s pub=0.0048s delay=0.4085s (local map=200, WM=200)
[INFO] [1771518174.689379060] [rtabmap]: rtabmap (881): Rate=1.00s, Limit=0.000s, Conversion=0.0003s, RTAB-Map=0.2284s, Maps update=0.0011s pub=0.0044s delay=0.4029s (local map=200, WM=200)
[INFO] [1771518175.776169559] [rtabmap]: rtabmap (882): Rate=1.00s, Limit=0.000s, Conversion=0.0003s, RTAB-Map=0.2258s, Maps update=0.0011s pub=0.0039s delay=0.3897s (local map=200, WM=200)
[INFO] [1771518176.888385647] [rtabmap]: rtabmap (883): Rate=1.00s, Limit=0.000s, Conversion=0.0005s, RTAB-Map=0.2307s, Maps update=0.0011s pub=0.0040s delay=0.4017s (local map=200, WM=200)
[INFO] [1771518177.981409611] [rtabmap]: rtabmap (884): Rate=1.00s, Limit=0.000s, Conversion=0.0003s, RTAB-Map=0.2292s, Maps update=0.0012s pub=0.0038s delay=0.3950s (local map=200, WM=200)
[INFO] [1771518178.981210651] [rtabmap]: rtabmap (885): Rate=1.00s, Limit=0.000s, Conversion=0.0005s, RTAB-Map=0.2170s, Maps update=0.0011s pub=0.0045s delay=0.3947s (local map=200, WM=200)
[INFO] [1771518180.054358883] [rtabmap]: rtabmap (886): Rate=1.00s, Limit=0.000s, Conversion=0.0004s, RTAB-Map=0.2023s, Maps update=0.0012s pub=0.0044s delay=0.3678s (local map=200, WM=200)
[INFO] [1771518181.183930743] [rtabmap]: rtabmap (887): Rate=1.00s, Limit=0.000s, Conversion=0.0004s, RTAB-Map=0.2239s, Maps update=0.0011s pub=0.0044s delay=0.3983s (local map=200, WM=200)
[INFO] [1771518182.185012179] [rtabmap]: rtabmap (888): Rate=1.00s, Limit=0.000s, Conversion=0.0003s, RTAB-Map=0.2332s, Maps update=0.0011s pub=0.0039s delay=0.3985s (local map=200, WM=200)
[INFO] [1771518183.279040530] [rtabmap]: rtabmap (889): Rate=1.00s, Limit=0.000s, Conversion=0.0003s, RTAB-Map=0.2168s, Maps update=0.0011s pub=0.0041s delay=0.3927s (local map=200, WM=200)
[INFO] [1771518184.375473829] [rtabmap]: rtabmap (890): Rate=1.00s, Limit=0.000s, Conversion=0.0005s, RTAB-Map=0.2163s, Maps update=0.0013s pub=0.0045s delay=0.3891s (local map=200, WM=200)
[INFO] [1771518185.398395385] [rtabmap]: rtabmap (891): Rate=1.00s, Limit=0.000s, Conversion=0.0004s, RTAB-Map=0.2352s, Maps update=0.0011s pub=0.0048s delay=0.4119s (local map=200, WM=200)
[INFO] [1771518186.381303036] [rtabmap]: rtabmap (892): Rate=1.00s, Limit=0.000s, Conversion=0.0005s, RTAB-Map=0.2113s, Maps update=0.0011s pub=0.0039s delay=0.3948s (local map=200, WM=200)
[INFO] [1771518187.469453710] [rtabmap]: rtabmap (893): Rate=1.00s, Limit=0.000s, Conversion=0.0005s, RTAB-Map=0.2134s, Maps update=0.0011s pub=0.0043s delay=0.3831s (local map=200, WM=200)
[INFO] [1771518188.500510366] [rtabmap]: rtabmap (894): Rate=1.00s, Limit=0.000s, Conversion=0.0004s, RTAB-Map=0.2418s, Maps update=0.0014s pub=0.0046s delay=0.4141s (local map=200, WM=200)
[INFO] [1771518189.478418067] [rtabmap]: rtabmap (895): Rate=1.00s, Limit=0.000s, Conversion=0.0005s, RTAB-Map=0.2245s, Maps update=0.0011s pub=0.0045s delay=0.3919s (local map=200, WM=200)
[INFO] [1771518190.572491923] [rtabmap]: rtabmap (896): Rate=1.00s, Limit=0.000s, Conversion=0.0003s, RTAB-Map=0.2137s, Maps update=0.0012s pub=0.0041s delay=0.3860s (local map=200, WM=200)
[INFO] [1771518191.685179836] [rtabmap]: rtabmap (897): Rate=1.00s, Limit=0.000s, Conversion=0.0004s, RTAB-Map=0.2233s, Maps update=0.0011s pub=0.0036s delay=0.3996s (local map=200, WM=200)
[INFO] [1771518192.698741802] [rtabmap]: rtabmap (898): Rate=1.00s, Limit=0.000s, Conversion=0.0005s, RTAB-Map=0.2352s, Maps update=0.0013s pub=0.0070s delay=0.4123s (local map=200, WM=200)
[INFO] [1771518193.790327156] [rtabmap]: rtabmap (899): Rate=1.00s, Limit=0.000s, Conversion=0.0004s, RTAB-Map=0.2280s, Maps update=0.0011s pub=0.0049s delay=0.4047s (local map=200, WM=200)
[INFO] [1771518194.774956787] [rtabmap]: rtabmap (900): Rate=1.00s, Limit=0.000s, Conversion=0.0003s, RTAB-Map=0.2169s, Maps update=0.0011s pub=0.0040s delay=0.3893s (local map=200, WM=200)
[INFO] [1771518195.753561665] [rtabmap]: rtabmap (901): Rate=1.00s, Limit=0.000s, Conversion=0.0003s, RTAB-Map=0.2011s, Maps update=0.0011s pub=0.0042s delay=0.3679s (local map=200, WM=200)
[INFO] [1771518196.765090472] [rtabmap]: rtabmap (902): Rate=1.00s, Limit=0.000s, Conversion=0.0004s, RTAB-Map=0.2107s, Maps update=0.0011s pub=0.0041s delay=0.3785s (local map=200, WM=200)
[INFO] [1771518197.881677625] [rtabmap]: rtabmap (903): Rate=1.00s, Limit=0.000s, Conversion=0.0003s, RTAB-Map=0.2212s, Maps update=0.0011s pub=0.0042s delay=0.3951s (local map=200, WM=200)
[INFO] [1771518198.885720635] [rtabmap]: rtabmap (904): Rate=1.00s, Limit=0.000s, Conversion=0.0003s, RTAB-Map=0.2161s, Maps update=0.0011s pub=0.0039s delay=0.3990s (local map=200, WM=200)
[INFO] [1771518199.974687178] [rtabmap]: rtabmap (905): Rate=1.00s, Limit=0.000s, Conversion=0.0003s, RTAB-Map=0.2165s, Maps update=0.0011s pub=0.0036s delay=0.3881s (local map=200, WM=200)
[INFO] [1771518201.083266820] [rtabmap]: rtabmap (906): Rate=1.00s, Limit=0.000s, Conversion=0.0004s, RTAB-Map=0.2281s, Maps update=0.0011s pub=0.0038s delay=0.3967s (local map=200, WM=200)
[INFO] [1771518202.198533542] [rtabmap]: rtabmap (907): Rate=1.00s, Limit=0.000s, Conversion=0.0005s, RTAB-Map=0.2309s, Maps update=0.0014s pub=0.0073s delay=0.4120s (local map=200, WM=200)
[INFO] [1771518203.178648552] [rtabmap]: rtabmap (908): Rate=1.00s, Limit=0.000s, Conversion=0.0003s, RTAB-Map=0.2131s, Maps update=0.0011s pub=0.0041s delay=0.3920s (local map=200, WM=200)
[INFO] [1771518204.271890764] [rtabmap]: rtabmap (909): Rate=1.00s, Limit=0.000s, Conversion=0.0007s, RTAB-Map=0.2123s, Maps update=0.0013s pub=0.0046s delay=0.3853s (local map=200, WM=200)
[INFO] [1771518205.398959945] [rtabmap]: rtabmap (910): Rate=1.00s, Limit=0.000s, Conversion=0.0003s, RTAB-Map=0.2385s, Maps update=0.0013s pub=0.0065s delay=0.4135s (local map=200, WM=200)
[INFO] [1771518206.396066842] [rtabmap]: rtabmap (911): Rate=1.00s, Limit=0.000s, Conversion=0.0003s, RTAB-Map=0.2213s, Maps update=0.0022s pub=0.0081s delay=0.4105s (local map=200, WM=200)
[INFO] [1771518207.363361086] [rtabmap]: rtabmap (912): Rate=1.00s, Limit=0.000s, Conversion=0.0005s, RTAB-Map=0.2074s, Maps update=0.0011s pub=0.0042s delay=0.3775s (local map=200, WM=200)
[INFO] [1771518208.372922977] [rtabmap]: rtabmap (913): Rate=1.00s, Limit=0.000s, Conversion=0.0003s, RTAB-Map=0.2152s, Maps update=0.0011s pub=0.0037s delay=0.3864s (local map=200, WM=200)
[INFO] [1771518209.395035545] [rtabmap]: rtabmap (914): Rate=1.00s, Limit=0.000s, Conversion=0.0005s, RTAB-Map=0.2283s, Maps update=0.0014s pub=0.0050s delay=0.4084s (local map=200, WM=200)
[INFO] [1771518210.500289247] [rtabmap]: rtabmap (915): Rate=1.00s, Limit=0.000s, Conversion=0.0004s, RTAB-Map=0.2344s, Maps update=0.0011s pub=0.0067s delay=0.4147s (local map=200, WM=200)
[INFO] [1771518211.480689899] [rtabmap]: rtabmap (916): Rate=1.00s, Limit=0.000s, Conversion=0.0004s, RTAB-Map=0.2204s, Maps update=0.0012s pub=0.0037s delay=0.3951s (local map=200, WM=200)
[INFO] [1771518212.480858023] [rtabmap]: rtabmap (917): Rate=1.00s, Limit=0.000s, Conversion=0.0004s, RTAB-Map=0.2207s, Maps update=0.0013s pub=0.0051s delay=0.3950s (local map=200, WM=200)
[INFO] [1771518213.566808301] [rtabmap]: rtabmap (918): Rate=1.00s, Limit=0.000s, Conversion=0.0003s, RTAB-Map=0.2130s, Maps update=0.0011s pub=0.0040s delay=0.3801s (local map=200, WM=200)
[INFO] [1771518214.702923077] [rtabmap]: rtabmap (919): Rate=1.00s, Limit=0.000s, Conversion=0.0004s, RTAB-Map=0.2462s, Maps update=0.0011s pub=0.0044s delay=0.4173s (local map=200, WM=200)
[INFO] [1771518215.778790475] [rtabmap]: rtabmap (920): Rate=1.00s, Limit=0.000s, Conversion=0.0005s, RTAB-Map=0.2175s, Maps update=0.0011s pub=0.0041s delay=0.3934s (local map=200, WM=200)
[INFO] [1771518216.785066460] [rtabmap]: rtabmap (921): Rate=1.00s, Limit=0.000s, Conversion=0.0003s, RTAB-Map=0.2178s, Maps update=0.0011s pub=0.0038s delay=0.3993s (local map=200, WM=200)
[INFO] [1771518217.885297203] [rtabmap]: rtabmap (922): Rate=1.00s, Limit=0.000s, Conversion=0.0004s, RTAB-Map=0.2238s, Maps update=0.0011s pub=0.0047s delay=0.3996s (local map=200, WM=200)
[INFO] [1771518218.865309361] [rtabmap]: rtabmap (923): Rate=1.00s, Limit=0.000s, Conversion=0.0005s, RTAB-Map=0.2101s, Maps update=0.0011s pub=0.0043s delay=0.3796s (local map=200, WM=200)
[INFO] [1771518219.856136872] [rtabmap]: rtabmap (924): Rate=1.00s, Limit=0.000s, Conversion=0.0003s, RTAB-Map=0.2045s, Maps update=0.0011s pub=0.0037s delay=0.3695s (local map=200, WM=200)
[INFO] [1771518220.983963520] [rtabmap]: rtabmap (925): Rate=1.00s, Limit=0.000s, Conversion=0.0003s, RTAB-Map=0.2288s, Maps update=0.0014s pub=0.0051s delay=0.3986s (local map=200, WM=200)
[INFO] [1771518221.986289607] [rtabmap]: rtabmap (926): Rate=1.00s, Limit=0.000s, Conversion=0.0009s, RTAB-Map=0.2290s, Maps update=0.0011s pub=0.0039s delay=0.4007s (local map=200, WM=200)
[INFO] [1771518222.976972281] [rtabmap]: rtabmap (927): Rate=1.00s, Limit=0.000s, Conversion=0.0004s, RTAB-Map=0.2202s, Maps update=0.0011s pub=0.0043s delay=0.3913s (local map=200, WM=200)
[INFO] [1771518224.072581103] [rtabmap]: rtabmap (928): Rate=1.00s, Limit=0.000s, Conversion=0.0007s, RTAB-Map=0.2163s, Maps update=0.0011s pub=0.0039s delay=0.3869s (local map=200, WM=200)
[INFO] [1771518225.210094167] [rtabmap]: rtabmap (929): Rate=1.00s, Limit=0.000s, Conversion=0.0003s, RTAB-Map=0.2476s, Maps update=0.0012s pub=0.0051s delay=0.4244s (local map=200, WM=200)
[INFO] [1771518226.177442749] [rtabmap]: rtabmap (930): Rate=1.00s, Limit=0.000s, Conversion=0.0003s, RTAB-Map=0.2236s, Maps update=0.0011s pub=0.0045s delay=0.3915s (local map=200, WM=200)
[INFO] [1771518227.183227325] [rtabmap]: rtabmap (931): Rate=1.00s, Limit=0.000s, Conversion=0.0008s, RTAB-Map=0.2257s, Maps update=0.0011s pub=0.0042s delay=0.3973s (local map=200, WM=200)
[INFO] [1771518228.275108977] [rtabmap]: rtabmap (932): Rate=1.00s, Limit=0.000s, Conversion=0.0003s, RTAB-Map=0.2246s, Maps update=0.0011s pub=0.0038s delay=0.3893s (local map=200, WM=200)
[INFO] [1771518229.376348619] [rtabmap]: rtabmap (933): Rate=1.00s, Limit=0.000s, Conversion=0.0005s, RTAB-Map=0.2263s, Maps update=0.0011s pub=0.0040s delay=0.3906s (local map=200, WM=200)
[INFO] [1771518230.495915107] [rtabmap]: rtabmap (934): Rate=1.00s, Limit=0.000s, Conversion=0.0004s, RTAB-Map=0.2367s, Maps update=0.0013s pub=0.0047s delay=0.4106s (local map=200, WM=200)
[INFO] [1771518231.483288514] [rtabmap]: rtabmap (935): Rate=1.00s, Limit=0.000s, Conversion=0.0003s, RTAB-Map=0.2249s, Maps update=0.0011s pub=0.0042s delay=0.3979s (local map=200, WM=200)
[INFO] [1771518232.480077000] [rtabmap]: rtabmap (936): Rate=1.00s, Limit=0.000s, Conversion=0.0005s, RTAB-Map=0.2167s, Maps update=0.0011s pub=0.0046s delay=0.3942s (local map=200, WM=200)
[INFO] [1771518233.584527570] [rtabmap]: rtabmap (937): Rate=1.00s, Limit=0.000s, Conversion=0.0005s, RTAB-Map=0.2203s, Maps update=0.0012s pub=0.0045s delay=0.3991s (local map=200, WM=200)
[INFO] [1771518234.580536349] [rtabmap]: rtabmap (938): Rate=1.00s, Limit=0.000s, Conversion=0.0004s, RTAB-Map=0.2247s, Maps update=0.0011s pub=0.0037s delay=0.3948s (local map=200, WM=200)
[INFO] [1771518235.681308519] [rtabmap]: rtabmap (939): Rate=1.00s, Limit=0.000s, Conversion=0.0003s, RTAB-Map=0.2246s, Maps update=0.0011s pub=0.0045s delay=0.3955s (local map=200, WM=200)
[INFO] [1771518236.780278130] [rtabmap]: rtabmap (940): Rate=1.00s, Limit=0.000s, Conversion=0.0003s, RTAB-Map=0.2190s, Maps update=0.0013s pub=0.0053s delay=0.3946s (local map=200, WM=200)
[INFO] [1771518237.868612779] [rtabmap]: rtabmap (941): Rate=1.00s, Limit=0.000s, Conversion=0.0005s, RTAB-Map=0.2108s, Maps update=0.0011s pub=0.0039s delay=0.3833s (local map=200, WM=200)
[INFO] [1771518238.871427075] [rtabmap]: rtabmap (942): Rate=1.00s, Limit=0.000s, Conversion=0.0005s, RTAB-Map=0.2190s, Maps update=0.0012s pub=0.0039s delay=0.3857s (local map=200, WM=200)
[INFO] [1771518239.872242069] [rtabmap]: rtabmap (943): Rate=1.00s, Limit=0.000s, Conversion=0.0004s, RTAB-Map=0.2068s, Maps update=0.0011s pub=0.0039s delay=0.3864s (local map=200, WM=200)
[INFO] [1771518240.997120070] [rtabmap]: rtabmap (944): Rate=1.00s, Limit=0.000s, Conversion=0.0005s, RTAB-Map=0.2282s, Maps update=0.0012s pub=0.0048s delay=0.4117s (local map=200, WM=200)
[INFO] [1771518241.984119256] [rtabmap]: rtabmap (945): Rate=1.00s, Limit=0.000s, Conversion=0.0005s, RTAB-Map=0.2234s, Maps update=0.0011s pub=0.0049s delay=0.3987s (local map=200, WM=200)
[INFO] [1771518242.979274630] [rtabmap]: rtabmap (946): Rate=1.00s, Limit=0.000s, Conversion=0.0003s, RTAB-Map=0.2146s, Maps update=0.0011s pub=0.0041s delay=0.3935s (local map=200, WM=200)
[INFO] [1771518244.073465066] [rtabmap]: rtabmap (947): Rate=1.00s, Limit=0.000s, Conversion=0.0003s, RTAB-Map=0.2147s, Maps update=0.0011s pub=0.0040s delay=0.3882s (local map=200, WM=200)
[INFO] [1771518245.092846851] [rtabmap]: rtabmap (948): Rate=1.00s, Limit=0.000s, Conversion=0.0006s, RTAB-Map=0.2299s, Maps update=0.0012s pub=0.0051s delay=0.4071s (local map=200, WM=200)
[INFO] [1771518246.183613456] [rtabmap]: rtabmap (949): Rate=1.00s, Limit=0.000s, Conversion=0.0003s, RTAB-Map=0.2160s, Maps update=0.0011s pub=0.0041s delay=0.3982s (local map=200, WM=200)
[INFO] [1771518247.283545149] [rtabmap]: rtabmap (950): Rate=1.00s, Limit=0.000s, Conversion=0.0005s, RTAB-Map=0.2229s, Maps update=0.0011s pub=0.0044s delay=0.3975s (local map=200, WM=200)
[INFO] [1771518248.384378921] [rtabmap]: rtabmap (951): Rate=1.00s, Limit=0.000s, Conversion=0.0005s, RTAB-Map=0.2223s, Maps update=0.0012s pub=0.0041s delay=0.3991s (local map=200, WM=200)
[INFO] [1771518249.396509797] [rtabmap]: rtabmap (952): Rate=1.00s, Limit=0.000s, Conversion=0.0003s, RTAB-Map=0.2310s, Maps update=0.0014s pub=0.0069s delay=0.4111s (local map=200, WM=200)
[INFO] [1771518250.403493007] [rtabmap]: rtabmap (953): Rate=1.00s, Limit=0.000s, Conversion=0.0005s, RTAB-Map=0.2413s, Maps update=0.0012s pub=0.0048s delay=0.4177s (local map=200, WM=200)
[INFO] [1771518251.459512739] [rtabmap]: rtabmap (954): Rate=1.00s, Limit=0.000s, Conversion=0.0005s, RTAB-Map=0.2044s, Maps update=0.0012s pub=0.0037s delay=0.3742s (local map=200, WM=200)
[INFO] [1771518252.577203833] [rtabmap]: rtabmap (955): Rate=1.00s, Limit=0.000s, Conversion=0.0003s, RTAB-Map=0.2150s, Maps update=0.0011s pub=0.0041s delay=0.3918s (local map=200, WM=200)
[INFO] [1771518253.700085060] [rtabmap]: rtabmap (956): Rate=1.00s, Limit=0.000s, Conversion=0.0003s, RTAB-Map=0.2398s, Maps update=0.0017s pub=0.0077s delay=0.4147s (local map=200, WM=200)
[INFO] [1771518254.765650245] [rtabmap]: rtabmap (957): Rate=1.00s, Limit=0.000s, Conversion=0.0004s, RTAB-Map=0.2069s, Maps update=0.0011s pub=0.0044s delay=0.3802s (local map=200, WM=200)
[INFO] [1771518255.897514185] [rtabmap]: rtabmap (958): Rate=1.00s, Limit=0.000s, Conversion=0.0009s, RTAB-Map=0.2361s, Maps update=0.0012s pub=0.0075s delay=0.4122s (local map=200, WM=200)
[INFO] [1771518256.881538579] [rtabmap]: rtabmap (959): Rate=1.00s, Limit=0.000s, Conversion=0.0005s, RTAB-Map=0.2243s, Maps update=0.0011s pub=0.0038s delay=0.3956s (local map=200, WM=200)
[INFO] [1771518257.977626906] [rtabmap]: rtabmap (960): Rate=1.00s, Limit=0.000s, Conversion=0.0003s, RTAB-Map=0.2196s, Maps update=0.0011s pub=0.0043s delay=0.3923s (local map=200, WM=200)
[INFO] [1771518259.073955881] [rtabmap]: rtabmap (961): Rate=1.00s, Limit=0.000s, Conversion=0.0003s, RTAB-Map=0.2070s, Maps update=0.0013s pub=0.0046s delay=0.3885s (local map=200, WM=200)
[INFO] [1771518260.070192636] [rtabmap]: rtabmap (962): Rate=1.00s, Limit=0.000s, Conversion=0.0004s, RTAB-Map=0.2122s, Maps update=0.0011s pub=0.0042s delay=0.3843s (local map=200, WM=200)
[INFO] [1771518261.170442163] [rtabmap]: rtabmap (963): Rate=1.00s, Limit=0.000s, Conversion=0.0005s, RTAB-Map=0.2175s, Maps update=0.0011s pub=0.0040s delay=0.3852s (local map=200, WM=200)
[INFO] [1771518262.174783649] [rtabmap]: rtabmap (964): Rate=1.00s, Limit=0.000s, Conversion=0.0003s, RTAB-Map=0.2149s, Maps update=0.0011s pub=0.0049s delay=0.3893s (local map=200, WM=200)
[INFO] [1771518263.279646297] [rtabmap]: rtabmap (965): Rate=1.00s, Limit=0.000s, Conversion=0.0003s, RTAB-Map=0.2176s, Maps update=0.0011s pub=0.0039s delay=0.3944s (local map=200, WM=200)
[INFO] [1771518264.364372244] [rtabmap]: rtabmap (966): Rate=1.00s, Limit=0.000s, Conversion=0.0005s, RTAB-Map=0.2136s, Maps update=0.0011s pub=0.0039s delay=0.3791s (local map=200, WM=200)
[INFO] [1771518265.404789385] [rtabmap]: rtabmap (967): Rate=1.00s, Limit=0.000s, Conversion=0.0004s, RTAB-Map=0.2401s, Maps update=0.0012s pub=0.0043s delay=0.4193s (local map=200, WM=200)
[INFO] [1771518266.482364747] [rtabmap]: rtabmap (968): Rate=1.00s, Limit=0.000s, Conversion=0.0005s, RTAB-Map=0.2130s, Maps update=0.0012s pub=0.0040s delay=0.3972s (local map=200, WM=200)
[INFO] [1771518267.463447663] [rtabmap]: rtabmap (969): Rate=1.00s, Limit=0.000s, Conversion=0.0003s, RTAB-Map=0.2074s, Maps update=0.0011s pub=0.0036s delay=0.3780s (local map=200, WM=200)
[INFO] [1771518268.487258818] [rtabmap]: rtabmap (970): Rate=1.00s, Limit=0.000s, Conversion=0.0005s, RTAB-Map=0.2266s, Maps update=0.0011s pub=0.0045s delay=0.4018s (local map=200, WM=200)
[INFO] [1771518269.586621915] [rtabmap]: rtabmap (971): Rate=1.00s, Limit=0.000s, Conversion=0.0003s, RTAB-Map=0.2183s, Maps update=0.0011s pub=0.0040s delay=0.4013s (local map=200, WM=200)
[INFO] [1771518270.575946429] [rtabmap]: rtabmap (972): Rate=1.00s, Limit=0.000s, Conversion=0.0005s, RTAB-Map=0.2190s, Maps update=0.0012s pub=0.0036s delay=0.3898s (local map=200, WM=200)
[INFO] [1771518271.685098731] [rtabmap]: rtabmap (973): Rate=1.00s, Limit=0.000s, Conversion=0.0004s, RTAB-Map=0.2265s, Maps update=0.0014s pub=0.0044s delay=0.3998s (local map=200, WM=200)
[INFO] [1771518272.676816321] [rtabmap]: rtabmap (974): Rate=1.00s, Limit=0.000s, Conversion=0.0003s, RTAB-Map=0.2183s, Maps update=0.0011s pub=0.0043s delay=0.3915s (local map=200, WM=200)
[INFO] [1771518273.780200773] [rtabmap]: rtabmap (975): Rate=1.00s, Limit=0.000s, Conversion=0.0007s, RTAB-Map=0.2191s, Maps update=0.0011s pub=0.0043s delay=0.3943s (local map=200, WM=200)
[INFO] [1771518274.863685621] [rtabmap]: rtabmap (976): Rate=1.00s, Limit=0.000s, Conversion=0.0010s, RTAB-Map=0.2082s, Maps update=0.0012s pub=0.0037s delay=0.3785s (local map=200, WM=200)
[INFO] [1771518275.888150399] [rtabmap]: rtabmap (977): Rate=1.00s, Limit=0.000s, Conversion=0.0006s, RTAB-Map=0.2215s, Maps update=0.0013s pub=0.0056s delay=0.4028s (local map=200, WM=200)
[INFO] [1771518276.884068359] [rtabmap]: rtabmap (978): Rate=1.00s, Limit=0.000s, Conversion=0.0005s, RTAB-Map=0.2264s, Maps update=0.0012s pub=0.0037s delay=0.3986s (local map=200, WM=200)
[INFO] [1771518277.987283142] [rtabmap]: rtabmap (979): Rate=1.00s, Limit=0.000s, Conversion=0.0005s, RTAB-Map=0.2291s, Maps update=0.0011s pub=0.0043s delay=0.4020s (local map=200, WM=200)
[INFO] [1771518278.989649711] [rtabmap]: rtabmap (980): Rate=1.00s, Limit=0.000s, Conversion=0.0003s, RTAB-Map=0.2319s, Maps update=0.0014s pub=0.0060s delay=0.4042s (local map=200, WM=200)
[INFO] [1771518280.072484091] [rtabmap]: rtabmap (981): Rate=1.00s, Limit=0.000s, Conversion=0.0004s, RTAB-Map=0.2143s, Maps update=0.0011s pub=0.0040s delay=0.3870s (local map=200, WM=200)
[INFO] [1771518281.194906678] [rtabmap]: rtabmap (982): Rate=1.00s, Limit=0.000s, Conversion=0.0005s, RTAB-Map=0.2323s, Maps update=0.0011s pub=0.0066s delay=0.4096s (local map=200, WM=200)
[INFO] [1771518282.185905206] [rtabmap]: rtabmap (983): Rate=1.00s, Limit=0.000s, Conversion=0.0004s, RTAB-Map=0.2282s, Maps update=0.0011s pub=0.0041s delay=0.4004s (local map=200, WM=200)
[INFO] [1771518283.296812469] [rtabmap]: rtabmap (984): Rate=1.00s, Limit=0.000s, Conversion=0.0006s, RTAB-Map=0.2280s, Maps update=0.0012s pub=0.0059s delay=0.4115s (local map=200, WM=200)
[INFO] [1771518284.277272765] [rtabmap]: rtabmap (985): Rate=1.00s, Limit=0.000s, Conversion=0.0006s, RTAB-Map=0.2196s, Maps update=0.0011s pub=0.0045s delay=0.3919s (local map=200, WM=200)
[INFO] [1771518285.371608555] [rtabmap]: rtabmap (986): Rate=1.00s, Limit=0.000s, Conversion=0.0004s, RTAB-Map=0.2210s, Maps update=0.0013s pub=0.0042s delay=0.3861s (local map=200, WM=200)
[INFO] [1771518286.470569503] [rtabmap]: rtabmap (987): Rate=1.00s, Limit=0.000s, Conversion=0.0005s, RTAB-Map=0.2156s, Maps update=0.0013s pub=0.0045s delay=0.3853s (local map=200, WM=200)
[INFO] [1771518287.480072596] [rtabmap]: rtabmap (988): Rate=1.00s, Limit=0.000s, Conversion=0.0004s, RTAB-Map=0.2244s, Maps update=0.0012s pub=0.0037s delay=0.3947s (local map=200, WM=200)
[INFO] [1771518288.513422399] [rtabmap]: rtabmap (989): Rate=1.00s, Limit=0.000s, Conversion=0.0003s, RTAB-Map=0.2491s, Maps update=0.0012s pub=0.0056s delay=0.4280s (local map=200, WM=200)
[INFO] [1771518289.560269484] [rtabmap]: rtabmap (990): Rate=1.00s, Limit=0.000s, Conversion=0.0005s, RTAB-Map=0.2048s, Maps update=0.0014s pub=0.0045s delay=0.3748s (local map=200, WM=200)
[INFO] [1771518290.602563350] [rtabmap]: rtabmap (991): Rate=1.00s, Limit=0.000s, Conversion=0.0005s, RTAB-Map=0.2403s, Maps update=0.0014s pub=0.0052s delay=0.4171s (local map=200, WM=200)
[INFO] [1771518291.683645930] [rtabmap]: rtabmap (992): Rate=1.00s, Limit=0.000s, Conversion=0.0005s, RTAB-Map=0.2225s, Maps update=0.0012s pub=0.0035s delay=0.3983s (local map=200, WM=200)
[INFO] [1771518292.778708658] [rtabmap]: rtabmap (993): Rate=1.00s, Limit=0.000s, Conversion=0.0008s, RTAB-Map=0.2188s, Maps update=0.0011s pub=0.0048s delay=0.3932s (local map=200, WM=200)
[INFO] [1771518293.880747348] [rtabmap]: rtabmap (994): Rate=1.00s, Limit=0.000s, Conversion=0.0005s, RTAB-Map=0.2174s, Maps update=0.0011s pub=0.0036s delay=0.3954s (local map=200, WM=200)
[INFO] [1771518294.881200518] [rtabmap]: rtabmap (995): Rate=1.00s, Limit=0.000s, Conversion=0.0004s, RTAB-Map=0.2259s, Maps update=0.0011s pub=0.0041s delay=0.3958s (local map=200, WM=200)
[INFO] [1771518295.983799804] [rtabmap]: rtabmap (996): Rate=1.00s, Limit=0.000s, Conversion=0.0005s, RTAB-Map=0.2289s, Maps update=0.0012s pub=0.0041s delay=0.3984s (local map=200, WM=200)
[INFO] [1771518296.989542188] [rtabmap]: rtabmap (997): Rate=1.00s, Limit=0.000s, Conversion=0.0004s, RTAB-Map=0.2301s, Maps update=0.0011s pub=0.0042s delay=0.4041s (local map=200, WM=200)
[INFO] [1771518297.969452736] [rtabmap]: rtabmap (998): Rate=1.00s, Limit=0.000s, Conversion=0.0004s, RTAB-Map=0.2162s, Maps update=0.0011s pub=0.0037s delay=0.3840s (local map=200, WM=200)
[INFO] [1771518298.980191842] [rtabmap]: rtabmap (999): Rate=1.00s, Limit=0.000s, Conversion=0.0005s, RTAB-Map=0.2217s, Maps update=0.0011s pub=0.0039s delay=0.3947s (local map=200, WM=200)
[INFO] [1771518300.074959295] [rtabmap]: rtabmap (1000): Rate=1.00s, Limit=0.000s, Conversion=0.0004s, RTAB-Map=0.2190s, Maps update=0.0012s pub=0.0035s delay=0.3894s (local map=200, WM=200)
[INFO] [1771518301.187810724] [rtabmap]: rtabmap (1001): Rate=1.00s, Limit=0.000s, Conversion=0.0003s, RTAB-Map=0.2243s, Maps update=0.0012s pub=0.0044s delay=0.4022s (local map=200, WM=200)
[INFO] [1771518302.276490056] [rtabmap]: rtabmap (1002): Rate=1.00s, Limit=0.000s, Conversion=0.0006s, RTAB-Map=0.2241s, Maps update=0.0011s pub=0.0035s delay=0.3910s (local map=200, WM=200)
[INFO] [1771518303.303028863] [rtabmap]: rtabmap (1003): Rate=1.00s, Limit=0.000s, Conversion=0.0004s, RTAB-Map=0.2398s, Maps update=0.0011s pub=0.0056s delay=0.4175s (local map=200, WM=200)
[INFO] [1771518304.387550190] [rtabmap]: rtabmap (1004): Rate=1.00s, Limit=0.000s, Conversion=0.0006s, RTAB-Map=0.2261s, Maps update=0.0011s pub=0.0044s delay=0.4021s (local map=200, WM=200)
[INFO] [1771518305.376868850] [rtabmap]: rtabmap (1005): Rate=1.00s, Limit=0.000s, Conversion=0.0003s, RTAB-Map=0.2113s, Maps update=0.0012s pub=0.0044s delay=0.3914s (local map=200, WM=200)
[INFO] [1771518306.364567965] [rtabmap]: rtabmap (1006): Rate=1.00s, Limit=0.000s, Conversion=0.0004s, RTAB-Map=0.2026s, Maps update=0.0011s pub=0.0044s delay=0.3789s (local map=200, WM=200)
[INFO] [1771518307.484813993] [rtabmap]: rtabmap (1007): Rate=1.00s, Limit=0.000s, Conversion=0.0005s, RTAB-Map=0.2212s, Maps update=0.0011s pub=0.0043s delay=0.3992s (local map=200, WM=200)
[INFO] [1771518308.593513785] [rtabmap]: rtabmap (1008): Rate=1.00s, Limit=0.000s, Conversion=0.0003s, RTAB-Map=0.2326s, Maps update=0.0013s pub=0.0044s delay=0.4079s (local map=200, WM=200)
[INFO] [1771518309.661464664] [rtabmap]: rtabmap (1009): Rate=1.00s, Limit=0.000s, Conversion=0.0005s, RTAB-Map=0.2032s, Maps update=0.0011s pub=0.0043s delay=0.3758s (local map=200, WM=200)
[INFO] [1771518310.778282506] [rtabmap]: rtabmap (1010): Rate=1.00s, Limit=0.000s, Conversion=0.0007s, RTAB-Map=0.2168s, Maps update=0.0011s pub=0.0043s delay=0.3928s (local map=200, WM=200)
[INFO] [1771518311.878897753] [rtabmap]: rtabmap (1011): Rate=1.00s, Limit=0.000s, Conversion=0.0004s, RTAB-Map=0.2181s, Maps update=0.0011s pub=0.0042s delay=0.3934s (local map=200, WM=200)
[INFO] [1771518312.883966160] [rtabmap]: rtabmap (1012): Rate=1.00s, Limit=0.000s, Conversion=0.0005s, RTAB-Map=0.2286s, Maps update=0.0011s pub=0.0039s delay=0.3983s (local map=200, WM=200)
[INFO] [1771518313.976218996] [rtabmap]: rtabmap (1013): Rate=1.00s, Limit=0.000s, Conversion=0.0005s, RTAB-Map=0.2127s, Maps update=0.0012s pub=0.0041s delay=0.3907s (local map=200, WM=200)
[INFO] [1771518314.955633207] [rtabmap]: rtabmap (1014): Rate=1.00s, Limit=0.000s, Conversion=0.0003s, RTAB-Map=0.2057s, Maps update=0.0014s pub=0.0040s delay=0.3700s (local map=200, WM=200)
[INFO] [1771518316.082006174] [rtabmap]: rtabmap (1015): Rate=1.00s, Limit=0.000s, Conversion=0.0003s, RTAB-Map=0.2209s, Maps update=0.0011s pub=0.0037s delay=0.3965s (local map=200, WM=200)
[INFO] [1771518317.184173220] [rtabmap]: rtabmap (1016): Rate=1.00s, Limit=0.000s, Conversion=0.0003s, RTAB-Map=0.2256s, Maps update=0.0011s pub=0.0041s delay=0.3986s (local map=200, WM=200)
[INFO] [1771518318.173744306] [rtabmap]: rtabmap (1017): Rate=1.00s, Limit=0.000s, Conversion=0.0006s, RTAB-Map=0.2093s, Maps update=0.0012s pub=0.0049s delay=0.3881s (local map=200, WM=200)
[INFO] [1771518319.181109115] [rtabmap]: rtabmap (1018): Rate=1.00s, Limit=0.000s, Conversion=0.0003s, RTAB-Map=0.2229s, Maps update=0.0012s pub=0.0039s delay=0.3954s (local map=200, WM=200)
[INFO] [1771518320.196554502] [rtabmap]: rtabmap (1019): Rate=1.00s, Limit=0.000s, Conversion=0.0005s, RTAB-Map=0.2289s, Maps update=0.0016s pub=0.0066s delay=0.4108s (local map=200, WM=200)
[INFO] [1771518321.291857942] [rtabmap]: rtabmap (1020): Rate=1.00s, Limit=0.000s, Conversion=0.0003s, RTAB-Map=0.2280s, Maps update=0.0014s pub=0.0061s delay=0.4062s (local map=200, WM=200)
[INFO] [1771518322.397144076] [rtabmap]: rtabmap (1021): Rate=1.00s, Limit=0.000s, Conversion=0.0005s, RTAB-Map=0.2295s, Maps update=0.0013s pub=0.0048s delay=0.4116s (local map=200, WM=200)
[INFO] [1771518323.381272503] [rtabmap]: rtabmap (1022): Rate=1.00s, Limit=0.000s, Conversion=0.0005s, RTAB-Map=0.2297s, Maps update=0.0011s pub=0.0036s delay=0.3956s (local map=200, WM=200)
[INFO] [1771518324.467560550] [rtabmap]: rtabmap (1023): Rate=1.00s, Limit=0.000s, Conversion=0.0005s, RTAB-Map=0.2074s, Maps update=0.0013s pub=0.0042s delay=0.3820s (local map=200, WM=200)
[INFO] [1771518325.579634542] [rtabmap]: rtabmap (1024): Rate=1.00s, Limit=0.000s, Conversion=0.0006s, RTAB-Map=0.2228s, Maps update=0.0011s pub=0.0039s delay=0.3939s (local map=200, WM=200)
[INFO] [1771518326.586553640] [rtabmap]: rtabmap (1025): Rate=1.00s, Limit=0.000s, Conversion=0.0003s, RTAB-Map=0.2318s, Maps update=0.0011s pub=0.0042s delay=0.3994s (local map=200, WM=200)
[INFO] [1771518327.687612390] [rtabmap]: rtabmap (1026): Rate=1.00s, Limit=0.000s, Conversion=0.0005s, RTAB-Map=0.2315s, Maps update=0.0011s pub=0.0052s delay=0.4018s (local map=200, WM=200)
[INFO] [1771518328.779222259] [rtabmap]: rtabmap (1027): Rate=1.00s, Limit=0.000s, Conversion=0.0004s, RTAB-Map=0.2131s, Maps update=0.0011s pub=0.0037s delay=0.3936s (local map=200, WM=200)
[INFO] [1771518329.771033873] [rtabmap]: rtabmap (1028): Rate=1.00s, Limit=0.000s, Conversion=0.0005s, RTAB-Map=0.2122s, Maps update=0.0013s pub=0.0054s delay=0.3854s (local map=200, WM=200)
[INFO] [1771518330.792207592] [rtabmap]: rtabmap (1029): Rate=1.00s, Limit=0.000s, Conversion=0.0003s, RTAB-Map=0.2290s, Maps update=0.0015s pub=0.0053s delay=0.4064s (local map=200, WM=200)
[INFO] [1771518331.887596988] [rtabmap]: rtabmap (1030): Rate=1.00s, Limit=0.000s, Conversion=0.0004s, RTAB-Map=0.2222s, Maps update=0.0012s pub=0.0040s delay=0.4018s (local map=200, WM=200)
[INFO] [1771518332.873613866] [rtabmap]: rtabmap (1031): Rate=1.00s, Limit=0.000s, Conversion=0.0005s, RTAB-Map=0.2172s, Maps update=0.0011s pub=0.0042s delay=0.3878s (local map=200, WM=200)
[INFO] [1771518333.998241651] [rtabmap]: rtabmap (1032): Rate=1.00s, Limit=0.000s, Conversion=0.0003s, RTAB-Map=0.2389s, Maps update=0.0017s pub=0.0073s delay=0.4125s (local map=200, WM=200)
[INFO] [1771518335.073049607] [rtabmap]: rtabmap (1033): Rate=1.00s, Limit=0.000s, Conversion=0.0003s, RTAB-Map=0.2109s, Maps update=0.0013s pub=0.0050s delay=0.3872s (local map=200, WM=200)
[INFO] [1771518336.211445501] [rtabmap]: rtabmap (1034): Rate=1.00s, Limit=0.000s, Conversion=0.0005s, RTAB-Map=0.2461s, Maps update=0.0011s pub=0.0068s delay=0.4257s (local map=200, WM=200)
[INFO] [1771518337.276834816] [rtabmap]: rtabmap (1035): Rate=1.00s, Limit=0.000s, Conversion=0.0004s, RTAB-Map=0.2208s, Maps update=0.0011s pub=0.0036s delay=0.3910s (local map=200, WM=200)
[INFO] [1771518338.393565455] [rtabmap]: rtabmap (1036): Rate=1.00s, Limit=0.000s, Conversion=0.0004s, RTAB-Map=0.2294s, Maps update=0.0013s pub=0.0047s delay=0.4078s (local map=200, WM=200)
[INFO] [1771518339.410271238] [rtabmap]: rtabmap (1037): Rate=1.00s, Limit=0.000s, Conversion=0.0005s, RTAB-Map=0.2392s, Maps update=0.0012s pub=0.0047s delay=0.4245s (local map=200, WM=200)
[INFO] [1771518340.405597697] [rtabmap]: rtabmap (1038): Rate=1.00s, Limit=0.000s, Conversion=0.0003s, RTAB-Map=0.2542s, Maps update=0.0011s pub=0.0050s delay=0.4198s (local map=200, WM=200)
[INFO] [1771518341.505234989] [rtabmap]: rtabmap (1039): Rate=1.00s, Limit=0.000s, Conversion=0.0005s, RTAB-Map=0.2441s, Maps update=0.0011s pub=0.0053s delay=0.4195s (local map=200, WM=200)
[INFO] [1771518342.487815905] [rtabmap]: rtabmap (1040): Rate=1.00s, Limit=0.000s, Conversion=0.0003s, RTAB-Map=0.2205s, Maps update=0.0011s pub=0.0042s delay=0.4019s (local map=200, WM=200)
[INFO] [1771518343.592438335] [rtabmap]: rtabmap (1041): Rate=1.00s, Limit=0.000s, Conversion=0.0006s, RTAB-Map=0.2215s, Maps update=0.0013s pub=0.0062s delay=0.4065s (local map=200, WM=200)
[INFO] [1771518344.684081101] [rtabmap]: rtabmap (1042): Rate=1.00s, Limit=0.000s, Conversion=0.0009s, RTAB-Map=0.2316s, Maps update=0.0012s pub=0.0047s delay=0.3982s (local map=200, WM=200)
[INFO] [1771518345.699106280] [rtabmap]: rtabmap (1043): Rate=1.00s, Limit=0.000s, Conversion=0.0004s, RTAB-Map=0.2320s, Maps update=0.0016s pub=0.0057s delay=0.4132s (local map=200, WM=200)
[INFO] [1771518346.783455057] [rtabmap]: rtabmap (1044): Rate=1.00s, Limit=0.000s, Conversion=0.0003s, RTAB-Map=0.2204s, Maps update=0.0011s pub=0.0044s delay=0.3977s (local map=200, WM=200)
[INFO] [1771518347.876680888] [rtabmap]: rtabmap (1045): Rate=1.00s, Limit=0.000s, Conversion=0.0003s, RTAB-Map=0.2138s, Maps update=0.0011s pub=0.0052s delay=0.3907s (local map=200, WM=200)
[INFO] [1771518348.869708833] [rtabmap]: rtabmap (1046): Rate=1.00s, Limit=0.000s, Conversion=0.0004s, RTAB-Map=0.2092s, Maps update=0.0011s pub=0.0051s delay=0.3838s (local map=200, WM=200)
[INFO] [1771518349.967740563] [rtabmap]: rtabmap (1047): Rate=1.00s, Limit=0.000s, Conversion=0.0006s, RTAB-Map=0.2107s, Maps update=0.0011s pub=0.0054s delay=0.3817s (local map=200, WM=200)
[INFO] [1771518351.087280487] [rtabmap]: rtabmap (1048): Rate=1.00s, Limit=0.000s, Conversion=0.0003s, RTAB-Map=0.2209s, Maps update=0.0011s pub=0.0040s delay=0.4013s (local map=200, WM=200)
[INFO] [1771518352.176722086] [rtabmap]: rtabmap (1049): Rate=1.00s, Limit=0.000s, Conversion=0.0005s, RTAB-Map=0.2135s, Maps update=0.0011s pub=0.0038s delay=0.3909s (local map=200, WM=200)
[INFO] [1771518353.291210117] [rtabmap]: rtabmap (1050): Rate=1.00s, Limit=0.000s, Conversion=0.0003s, RTAB-Map=0.2246s, Maps update=0.0011s pub=0.0062s delay=0.4054s (local map=200, WM=200)
[INFO] [1771518354.286942638] [rtabmap]: rtabmap (1051): Rate=1.00s, Limit=0.000s, Conversion=0.0005s, RTAB-Map=0.2226s, Maps update=0.0011s pub=0.0049s delay=0.4010s (local map=200, WM=200)
[INFO] [1771518355.373834707] [rtabmap]: rtabmap (1052): Rate=1.00s, Limit=0.000s, Conversion=0.0006s, RTAB-Map=0.2250s, Maps update=0.0011s pub=0.0039s delay=0.3879s (local map=200, WM=200)
[INFO] [1771518356.473304409] [rtabmap]: rtabmap (1053): Rate=1.00s, Limit=0.000s, Conversion=0.0004s, RTAB-Map=0.2194s, Maps update=0.0011s pub=0.0044s delay=0.3873s (local map=200, WM=200)
[INFO] [1771518357.574787174] [rtabmap]: rtabmap (1054): Rate=1.00s, Limit=0.000s, Conversion=0.0005s, RTAB-Map=0.2213s, Maps update=0.0011s pub=0.0048s delay=0.3889s (local map=200, WM=200)
[INFO] [1771518358.578361000] [rtabmap]: rtabmap (1055): Rate=1.00s, Limit=0.000s, Conversion=0.0003s, RTAB-Map=0.2246s, Maps update=0.0011s pub=0.0043s delay=0.3924s (local map=200, WM=200)
[INFO] [1771518359.583904401] [rtabmap]: rtabmap (1056): Rate=1.00s, Limit=0.000s, Conversion=0.0005s, RTAB-Map=0.2134s, Maps update=0.0012s pub=0.0039s delay=0.3979s (local map=200, WM=200)
[INFO] [1771518360.676670247] [rtabmap]: rtabmap (1057): Rate=1.00s, Limit=0.000s, Conversion=0.0003s, RTAB-Map=0.2262s, Maps update=0.0011s pub=0.0047s delay=0.3907s (local map=200, WM=200)
[INFO] [1771518361.776527898] [rtabmap]: rtabmap (1058): Rate=1.00s, Limit=0.000s, Conversion=0.0005s, RTAB-Map=0.2187s, Maps update=0.0011s pub=0.0038s delay=0.3905s (local map=200, WM=200)
[INFO] [1771518362.897250392] [rtabmap]: rtabmap (1059): Rate=1.00s, Limit=0.000s, Conversion=0.0003s, RTAB-Map=0.2292s, Maps update=0.0011s pub=0.0071s delay=0.4112s (local map=200, WM=200)
[INFO] [1771518364.020220934] [rtabmap]: rtabmap (1060): Rate=1.00s, Limit=0.000s, Conversion=0.0005s, RTAB-Map=0.2587s, Maps update=0.0012s pub=0.0055s delay=0.4342s (local map=200, WM=200)
[INFO] [1771518365.109133522] [rtabmap]: rtabmap (1061): Rate=1.00s, Limit=0.000s, Conversion=0.0003s, RTAB-Map=0.2416s, Maps update=0.0011s pub=0.0039s delay=0.4231s (local map=200, WM=200)
[INFO] [1771518366.201656288] [rtabmap]: rtabmap (1062): Rate=1.00s, Limit=0.000s, Conversion=0.0003s, RTAB-Map=0.2267s, Maps update=0.0012s pub=0.0043s delay=0.4157s (local map=200, WM=200)
[INFO] [1771518367.262908176] [rtabmap]: rtabmap (1063): Rate=1.00s, Limit=0.000s, Conversion=0.0005s, RTAB-Map=0.2047s, Maps update=0.0011s pub=0.0047s delay=0.3769s (local map=200, WM=200)
[INFO] [1771518368.381416254] [rtabmap]: rtabmap (1064): Rate=1.00s, Limit=0.000s, Conversion=0.0003s, RTAB-Map=0.2250s, Maps update=0.0014s pub=0.0046s delay=0.3954s (local map=200, WM=200)
[INFO] [1771518369.374250528] [rtabmap]: rtabmap (1065): Rate=1.00s, Limit=0.000s, Conversion=0.0005s, RTAB-Map=0.2150s, Maps update=0.0011s pub=0.0040s delay=0.3883s (local map=200, WM=200)
[INFO] [1771518370.471277358] [rtabmap]: rtabmap (1066): Rate=1.00s, Limit=0.000s, Conversion=0.0003s, RTAB-Map=0.2155s, Maps update=0.0011s pub=0.0042s delay=0.3852s (local map=200, WM=200)
[INFO] [1771518371.587699826] [rtabmap]: rtabmap (1067): Rate=1.00s, Limit=0.000s, Conversion=0.0005s, RTAB-Map=0.2277s, Maps update=0.0011s pub=0.0050s delay=0.4017s (local map=200, WM=200)
[INFO] [1771518372.582328148] [rtabmap]: rtabmap (1068): Rate=1.00s, Limit=0.000s, Conversion=0.0005s, RTAB-Map=0.2279s, Maps update=0.0011s pub=0.0037s delay=0.3962s (local map=200, WM=200)
[INFO] [1771518373.689331208] [rtabmap]: rtabmap (1069): Rate=1.00s, Limit=0.000s, Conversion=0.0005s, RTAB-Map=0.2351s, Maps update=0.0011s pub=0.0040s delay=0.4033s (local map=200, WM=200)
[INFO] [1771518374.685928944] [rtabmap]: rtabmap (1070): Rate=1.00s, Limit=0.000s, Conversion=0.0003s, RTAB-Map=0.2273s, Maps update=0.0014s pub=0.0045s delay=0.3999s (local map=200, WM=200)
[INFO] [1771518375.684532800] [rtabmap]: rtabmap (1071): Rate=1.00s, Limit=0.000s, Conversion=0.0003s, RTAB-Map=0.2128s, Maps update=0.0011s pub=0.0039s delay=0.3984s (local map=200, WM=200)
[INFO] [1771518376.699128140] [rtabmap]: rtabmap (1072): Rate=1.00s, Limit=0.000s, Conversion=0.0005s, RTAB-Map=0.2268s, Maps update=0.0013s pub=0.0063s delay=0.4130s (local map=200, WM=200)
[INFO] [1771518377.797152702] [rtabmap]: rtabmap (1073): Rate=1.00s, Limit=0.000s, Conversion=0.0003s, RTAB-Map=0.2347s, Maps update=0.0012s pub=0.0047s delay=0.4111s (local map=200, WM=200)
[INFO] [1771518378.884557941] [rtabmap]: rtabmap (1074): Rate=1.00s, Limit=0.000s, Conversion=0.0003s, RTAB-Map=0.2307s, Maps update=0.0012s pub=0.0045s delay=0.3984s (local map=200, WM=200)
[INFO] [1771518380.000850324] [rtabmap]: rtabmap (1075): Rate=1.00s, Limit=0.000s, Conversion=0.0005s, RTAB-Map=0.2390s, Maps update=0.0011s pub=0.0054s delay=0.4148s (local map=200, WM=200)
[INFO] [1771518381.009684178] [rtabmap]: rtabmap (1076): Rate=1.00s, Limit=0.000s, Conversion=0.0007s, RTAB-Map=0.2392s, Maps update=0.0011s pub=0.0047s delay=0.4236s (local map=200, WM=200)
[INFO] [1771518382.074078130] [rtabmap]: rtabmap (1077): Rate=1.00s, Limit=0.000s, Conversion=0.0004s, RTAB-Map=0.2259s, Maps update=0.0011s pub=0.0040s delay=0.3879s (local map=200, WM=200)
[INFO] [1771518383.175775080] [rtabmap]: rtabmap (1078): Rate=1.00s, Limit=0.000s, Conversion=0.0005s, RTAB-Map=0.2219s, Maps update=0.0012s pub=0.0043s delay=0.3898s (local map=200, WM=200)
[INFO] [1771518384.186778547] [rtabmap]: rtabmap (1079): Rate=1.00s, Limit=0.000s, Conversion=0.0003s, RTAB-Map=0.2224s, Maps update=0.0014s pub=0.0051s delay=0.4006s (local map=200, WM=200)
[INFO] [1771518385.203350406] [rtabmap]: rtabmap (1080): Rate=1.00s, Limit=0.000s, Conversion=0.0004s, RTAB-Map=0.2457s, Maps update=0.0013s pub=0.0043s delay=0.4172s (local map=200, WM=200)
[INFO] [1771518386.191195701] [rtabmap]: rtabmap (1081): Rate=1.00s, Limit=0.000s, Conversion=0.0004s, RTAB-Map=0.2226s, Maps update=0.0012s pub=0.0043s delay=0.4050s (local map=200, WM=200)
[INFO] [1771518387.283328053] [rtabmap]: rtabmap (1082): Rate=1.00s, Limit=0.000s, Conversion=0.0005s, RTAB-Map=0.2191s, Maps update=0.0011s pub=0.0044s delay=0.3971s (local map=200, WM=200)
[INFO] [1771518388.284896623] [rtabmap]: rtabmap (1083): Rate=1.00s, Limit=0.000s, Conversion=0.0004s, RTAB-Map=0.2316s, Maps update=0.0011s pub=0.0036s delay=0.3986s (local map=200, WM=200)
[INFO] [1771518389.283495743] [rtabmap]: rtabmap (1084): Rate=1.00s, Limit=0.000s, Conversion=0.0008s, RTAB-Map=0.2227s, Maps update=0.0011s pub=0.0040s delay=0.3972s (local map=200, WM=200)
[INFO] [1771518390.391471445] [rtabmap]: rtabmap (1085): Rate=1.00s, Limit=0.000s, Conversion=0.0005s, RTAB-Map=0.2237s, Maps update=0.0011s pub=0.0061s delay=0.4043s (local map=200, WM=200)
[INFO] [1771518391.486217938] [rtabmap]: rtabmap (1086): Rate=1.00s, Limit=0.000s, Conversion=0.0005s, RTAB-Map=0.2323s, Maps update=0.0014s pub=0.0047s delay=0.4000s (local map=200, WM=200)
[INFO] [1771518392.587927144] [rtabmap]: rtabmap (1087): Rate=1.00s, Limit=0.000s, Conversion=0.0004s, RTAB-Map=0.2293s, Maps update=0.0012s pub=0.0041s delay=0.4017s (local map=200, WM=200)
[INFO] [1771518393.682785481] [rtabmap]: rtabmap (1088): Rate=1.00s, Limit=0.000s, Conversion=0.0004s, RTAB-Map=0.2219s, Maps update=0.0012s pub=0.0041s delay=0.3967s (local map=200, WM=200)
[INFO] [1771518394.778664367] [rtabmap]: rtabmap (1089): Rate=1.00s, Limit=0.000s, Conversion=0.0003s, RTAB-Map=0.2200s, Maps update=0.0013s pub=0.0045s delay=0.3925s (local map=200, WM=200)
[INFO] [1771518395.890045054] [rtabmap]: rtabmap (1090): Rate=1.00s, Limit=0.000s, Conversion=0.0005s, RTAB-Map=0.2352s, Maps update=0.0011s pub=0.0050s delay=0.4048s (local map=200, WM=200)
[INFO] [1771518396.885813737] [rtabmap]: rtabmap (1091): Rate=1.00s, Limit=0.000s, Conversion=0.0006s, RTAB-Map=0.2290s, Maps update=0.0011s pub=0.0038s delay=0.3995s (local map=200, WM=200)
[INFO] [1771518397.963915059] [rtabmap]: rtabmap (1092): Rate=1.00s, Limit=0.000s, Conversion=0.0004s, RTAB-Map=0.2169s, Maps update=0.0011s pub=0.0039s delay=0.3776s (local map=200, WM=200)
[INFO] [1771518399.084202817] [rtabmap]: rtabmap (1093): Rate=1.00s, Limit=0.000s, Conversion=0.0004s, RTAB-Map=0.2318s, Maps update=0.0015s pub=0.0049s delay=0.3980s (local map=200, WM=200)
[INFO] [1771518400.184911155] [rtabmap]: rtabmap (1094): Rate=1.00s, Limit=0.000s, Conversion=0.0005s, RTAB-Map=0.2261s, Maps update=0.0011s pub=0.0045s delay=0.3986s (local map=200, WM=200)
[INFO] [1771518401.269969430] [rtabmap]: rtabmap (1095): Rate=1.00s, Limit=0.000s, Conversion=0.0004s, RTAB-Map=0.2132s, Maps update=0.0011s pub=0.0042s delay=0.3838s (local map=200, WM=200)
[INFO] [1771518402.401513302] [rtabmap]: rtabmap (1096): Rate=1.00s, Limit=0.000s, Conversion=0.0005s, RTAB-Map=0.2348s, Maps update=0.0015s pub=0.0072s delay=0.4154s (local map=200, WM=200)
[INFO] [1771518403.392337136] [rtabmap]: rtabmap (1097): Rate=1.00s, Limit=0.000s, Conversion=0.0005s, RTAB-Map=0.2243s, Maps update=0.0013s pub=0.0044s delay=0.4062s (local map=200, WM=200)
[INFO] [1771518404.368628163] [rtabmap]: rtabmap (1098): Rate=1.00s, Limit=0.000s, Conversion=0.0013s, RTAB-Map=0.2151s, Maps update=0.0014s pub=0.0044s delay=0.3824s (local map=200, WM=200)
[INFO] [1771518405.488646055] [rtabmap]: rtabmap (1099): Rate=1.00s, Limit=0.000s, Conversion=0.0004s, RTAB-Map=0.2250s, Maps update=0.0011s pub=0.0040s delay=0.4033s (local map=200, WM=200)
[INFO] [1771518406.471080086] [rtabmap]: rtabmap (1100): Rate=1.00s, Limit=0.000s, Conversion=0.0005s, RTAB-Map=0.2146s, Maps update=0.0011s pub=0.0045s delay=0.3850s (local map=200, WM=200)
[INFO] [1771518407.586648315] [rtabmap]: rtabmap (1101): Rate=1.00s, Limit=0.000s, Conversion=0.0005s, RTAB-Map=0.2238s, Maps update=0.0011s pub=0.0038s delay=0.4003s (local map=200, WM=200)
[INFO] [1771518408.676486025] [rtabmap]: rtabmap (1102): Rate=1.00s, Limit=0.000s, Conversion=0.0005s, RTAB-Map=0.2136s, Maps update=0.0011s pub=0.0041s delay=0.3904s (local map=200, WM=200)
[INFO] [1771518409.669326187] [rtabmap]: rtabmap (1103): Rate=1.00s, Limit=0.000s, Conversion=0.0006s, RTAB-Map=0.2088s, Maps update=0.0011s pub=0.0039s delay=0.3832s (local map=200, WM=200)
[INFO] [1771518410.685089018] [rtabmap]: rtabmap (1104): Rate=1.00s, Limit=0.000s, Conversion=0.0003s, RTAB-Map=0.2214s, Maps update=0.0011s pub=0.0046s delay=0.3987s (local map=200, WM=200)
[INFO] [1771518411.781894992] [rtabmap]: rtabmap (1105): Rate=1.00s, Limit=0.000s, Conversion=0.0005s, RTAB-Map=0.2201s, Maps update=0.0011s pub=0.0043s delay=0.3957s (local map=200, WM=200)
[INFO] [1771518412.882607615] [rtabmap]: rtabmap (1106): Rate=1.00s, Limit=0.000s, Conversion=0.0005s, RTAB-Map=0.2243s, Maps update=0.0011s pub=0.0040s delay=0.3965s (local map=200, WM=200)
[INFO] [1771518413.872474801] [rtabmap]: rtabmap (1107): Rate=1.00s, Limit=0.000s, Conversion=0.0003s, RTAB-Map=0.2101s, Maps update=0.0011s pub=0.0039s delay=0.3863s (local map=200, WM=200)
[INFO] [1771518414.896871086] [rtabmap]: rtabmap (1108): Rate=1.00s, Limit=0.000s, Conversion=0.0005s, RTAB-Map=0.2304s, Maps update=0.0012s pub=0.0044s delay=0.4107s (local map=200, WM=200)
[INFO] [1771518415.888729838] [rtabmap]: rtabmap (1109): Rate=1.00s, Limit=0.000s, Conversion=0.0005s, RTAB-Map=0.2274s, Maps update=0.0014s pub=0.0046s delay=0.4025s (local map=200, WM=200)
[INFO] [1771518416.875640781] [rtabmap]: rtabmap (1110): Rate=1.00s, Limit=0.000s, Conversion=0.0003s, RTAB-Map=0.2169s, Maps update=0.0011s pub=0.0042s delay=0.3893s (local map=200, WM=200)
[INFO] [1771518417.982563983] [rtabmap]: rtabmap (1111): Rate=1.00s, Limit=0.000s, Conversion=0.0003s, RTAB-Map=0.2246s, Maps update=0.0011s pub=0.0044s delay=0.3963s (local map=200, WM=200)
[INFO] [1771518419.094884582] [rtabmap]: rtabmap (1112): Rate=1.00s, Limit=0.000s, Conversion=0.0003s, RTAB-Map=0.2280s, Maps update=0.0012s pub=0.0050s delay=0.4087s (local map=200, WM=200)
[INFO] [1771518420.104766569] [rtabmap]: rtabmap (1113): Rate=1.00s, Limit=0.000s, Conversion=0.0006s, RTAB-Map=0.2434s, Maps update=0.0011s pub=0.0043s delay=0.4186s (local map=200, WM=200)
[INFO] [1771518421.167033076] [rtabmap]: rtabmap (1114): Rate=1.00s, Limit=0.000s, Conversion=0.0005s, RTAB-Map=0.2111s, Maps update=0.0011s pub=0.0037s delay=0.3807s (local map=200, WM=200)
[INFO] [1771518422.184768683] [rtabmap]: rtabmap (1115): Rate=1.00s, Limit=0.000s, Conversion=0.0003s, RTAB-Map=0.2185s, Maps update=0.0012s pub=0.0047s delay=0.3983s (local map=200, WM=200)
[INFO] [1771518423.298835654] [rtabmap]: rtabmap (1116): Rate=1.00s, Limit=0.000s, Conversion=0.0005s, RTAB-Map=0.2424s, Maps update=0.0012s pub=0.0048s delay=0.4126s (local map=200, WM=200)
[INFO] [1771518424.393056151] [rtabmap]: rtabmap (1117): Rate=1.00s, Limit=0.000s, Conversion=0.0005s, RTAB-Map=0.2288s, Maps update=0.0012s pub=0.0046s delay=0.4068s (local map=200, WM=200)
[INFO] [1771518425.466677855] [rtabmap]: rtabmap (1118): Rate=1.00s, Limit=0.000s, Conversion=0.0003s, RTAB-Map=0.2044s, Maps update=0.0011s pub=0.0053s delay=0.3805s (local map=200, WM=200)
[INFO] [1771518426.587451265] [rtabmap]: rtabmap (1119): Rate=1.00s, Limit=0.000s, Conversion=0.0005s, RTAB-Map=0.2282s, Maps update=0.0011s pub=0.0041s delay=0.4011s (local map=200, WM=200)
[INFO] [1771518427.686114527] [rtabmap]: rtabmap (1120): Rate=1.00s, Limit=0.000s, Conversion=0.0003s, RTAB-Map=0.2242s, Maps update=0.0011s pub=0.0047s delay=0.3998s (local map=200, WM=200)
[INFO] [1771518428.686399370] [rtabmap]: rtabmap (1121): Rate=1.00s, Limit=0.000s, Conversion=0.0003s, RTAB-Map=0.2230s, Maps update=0.0011s pub=0.0041s delay=0.4000s (local map=200, WM=200)
[INFO] [1771518429.787262879] [rtabmap]: rtabmap (1122): Rate=1.00s, Limit=0.000s, Conversion=0.0003s, RTAB-Map=0.2294s, Maps update=0.0011s pub=0.0041s delay=0.4010s (local map=200, WM=200)
[INFO] [1771518430.884502022] [rtabmap]: rtabmap (1123): Rate=1.00s, Limit=0.000s, Conversion=0.0004s, RTAB-Map=0.2256s, Maps update=0.0014s pub=0.0053s delay=0.3981s (local map=200, WM=200)
[INFO] [1771518431.889116027] [rtabmap]: rtabmap (1124): Rate=1.00s, Limit=0.000s, Conversion=0.0005s, RTAB-Map=0.2315s, Maps update=0.0011s pub=0.0043s delay=0.4027s (local map=200, WM=200)
[INFO] [1771518432.978213922] [rtabmap]: rtabmap (1125): Rate=1.00s, Limit=0.000s, Conversion=0.0007s, RTAB-Map=0.2214s, Maps update=0.0011s pub=0.0038s delay=0.3918s (local map=200, WM=200)
[INFO] [1771518434.000792920] [rtabmap]: rtabmap (1126): Rate=1.00s, Limit=0.000s, Conversion=0.0006s, RTAB-Map=0.2350s, Maps update=0.0012s pub=0.0044s delay=0.4143s (local map=200, WM=200)
[INFO] [1771518435.062596784] [rtabmap]: rtabmap (1127): Rate=1.00s, Limit=0.000s, Conversion=0.0006s, RTAB-Map=0.2049s, Maps update=0.0011s pub=0.0039s delay=0.3760s (local map=200, WM=200)
[INFO] [1771518436.180190390] [rtabmap]: rtabmap (1128): Rate=1.00s, Limit=0.000s, Conversion=0.0005s, RTAB-Map=0.2189s, Maps update=0.0011s pub=0.0038s delay=0.3937s (local map=200, WM=200)
[INFO] [1771518437.285526618] [rtabmap]: rtabmap (1129): Rate=1.00s, Limit=0.000s, Conversion=0.0006s, RTAB-Map=0.2190s, Maps update=0.0014s pub=0.0043s delay=0.3989s (local map=200, WM=200)
[INFO] [1771518438.373271276] [rtabmap]: rtabmap (1130): Rate=1.00s, Limit=0.000s, Conversion=0.0005s, RTAB-Map=0.2116s, Maps update=0.0011s pub=0.0041s delay=0.3869s (local map=200, WM=200)
[INFO] [1771518439.369547930] [rtabmap]: rtabmap (1131): Rate=1.00s, Limit=0.000s, Conversion=0.0003s, RTAB-Map=0.2163s, Maps update=0.0011s pub=0.0039s delay=0.3831s (local map=200, WM=200)
[INFO] [1771518440.485008428] [rtabmap]: rtabmap (1132): Rate=1.00s, Limit=0.000s, Conversion=0.0005s, RTAB-Map=0.2323s, Maps update=0.0012s pub=0.0043s delay=0.3986s (local map=200, WM=200)
[INFO] [1771518441.490860113] [rtabmap]: rtabmap (1133): Rate=1.00s, Limit=0.000s, Conversion=0.0003s, RTAB-Map=0.2319s, Maps update=0.0011s pub=0.0051s delay=0.4043s (local map=200, WM=200)
[INFO] [1771518442.580725398] [rtabmap]: rtabmap (1134): Rate=1.00s, Limit=0.000s, Conversion=0.0004s, RTAB-Map=0.2295s, Maps update=0.0014s pub=0.0051s delay=0.3943s (local map=200, WM=200)
[INFO] [1771518443.687934116] [rtabmap]: rtabmap (1135): Rate=1.00s, Limit=0.000s, Conversion=0.0003s, RTAB-Map=0.2218s, Maps update=0.0011s pub=0.0041s delay=0.4015s (local map=200, WM=200)
[INFO] [1771518444.682453549] [rtabmap]: rtabmap (1136): Rate=1.00s, Limit=0.000s, Conversion=0.0007s, RTAB-Map=0.2225s, Maps update=0.0011s pub=0.0037s delay=0.3958s (local map=200, WM=200)
[INFO] [1771518445.802629272] [rtabmap]: rtabmap (1137): Rate=1.00s, Limit=0.000s, Conversion=0.0004s, RTAB-Map=0.2375s, Maps update=0.0011s pub=0.0043s delay=0.4162s (local map=200, WM=200)
[INFO] [1771518446.871322142] [rtabmap]: rtabmap (1138): Rate=1.00s, Limit=0.000s, Conversion=0.0003s, RTAB-Map=0.2209s, Maps update=0.0012s pub=0.0040s delay=0.3848s (local map=200, WM=200)
[INFO] [1771518447.982355266] [rtabmap]: rtabmap (1139): Rate=1.00s, Limit=0.000s, Conversion=0.0005s, RTAB-Map=0.2150s, Maps update=0.0014s pub=0.0046s delay=0.3958s (local map=200, WM=200)
[INFO] [1771518448.992824317] [rtabmap]: rtabmap (1140): Rate=1.00s, Limit=0.000s, Conversion=0.0003s, RTAB-Map=0.2321s, Maps update=0.0012s pub=0.0047s delay=0.4062s (local map=200, WM=200)
[INFO] [1771518450.090534518] [rtabmap]: rtabmap (1141): Rate=1.00s, Limit=0.000s, Conversion=0.0003s, RTAB-Map=0.2270s, Maps update=0.0012s pub=0.0055s delay=0.4039s (local map=200, WM=200)
[INFO] [1771518451.174311917] [rtabmap]: rtabmap (1142): Rate=1.00s, Limit=0.000s, Conversion=0.0003s, RTAB-Map=0.2226s, Maps update=0.0014s pub=0.0046s delay=0.3886s (local map=200, WM=200)
[INFO] [1771518452.176332412] [rtabmap]: rtabmap (1143): Rate=1.00s, Limit=0.000s, Conversion=0.0003s, RTAB-Map=0.2176s, Maps update=0.0011s pub=0.0042s delay=0.3898s (local map=200, WM=200)
[INFO] [1771518453.184311733] [rtabmap]: rtabmap (1144): Rate=1.00s, Limit=0.000s, Conversion=0.0005s, RTAB-Map=0.2213s, Maps update=0.0011s pub=0.0039s delay=0.3978s (local map=200, WM=200)
[INFO] [1771518454.280840127] [rtabmap]: rtabmap (1145): Rate=1.00s, Limit=0.000s, Conversion=0.0005s, RTAB-Map=0.2212s, Maps update=0.0021s pub=0.0045s delay=0.3942s (local map=200, WM=200)
[INFO] [1771518455.384007983] [rtabmap]: rtabmap (1146): Rate=1.00s, Limit=0.000s, Conversion=0.0003s, RTAB-Map=0.2187s, Maps update=0.0014s pub=0.0053s delay=0.3986s (local map=200, WM=200)
[INFO] [1771518456.485799112] [rtabmap]: rtabmap (1147): Rate=1.00s, Limit=0.000s, Conversion=0.0003s, RTAB-Map=0.2278s, Maps update=0.0011s pub=0.0044s delay=0.4001s (local map=200, WM=200)
[INFO] [1771518457.491621964] [rtabmap]: rtabmap (1148): Rate=1.00s, Limit=0.000s, Conversion=0.0003s, RTAB-Map=0.2287s, Maps update=0.0011s pub=0.0056s delay=0.4050s (local map=200, WM=200)
[INFO] [1771518458.559466546] [rtabmap]: rtabmap (1149): Rate=1.00s, Limit=0.000s, Conversion=0.0006s, RTAB-Map=0.2065s, Maps update=0.0011s pub=0.0043s delay=0.3738s (local map=200, WM=200)
[INFO] [1771518459.571184445] [rtabmap]: rtabmap (1150): Rate=1.00s, Limit=0.000s, Conversion=0.0005s, RTAB-Map=0.2131s, Maps update=0.0011s pub=0.0046s delay=0.3846s (local map=200, WM=200)
[INFO] [1771518460.596603330] [rtabmap]: rtabmap (1151): Rate=1.00s, Limit=0.000s, Conversion=0.0003s, RTAB-Map=0.2398s, Maps update=0.0013s pub=0.0056s delay=0.4100s (local map=200, WM=200)
[INFO] [1771518461.676368828] [rtabmap]: rtabmap (1152): Rate=1.00s, Limit=0.000s, Conversion=0.0003s, RTAB-Map=0.2228s, Maps update=0.0011s pub=0.0043s delay=0.3906s (local map=200, WM=200)
[INFO] [1771518462.785066244] [rtabmap]: rtabmap (1153): Rate=1.00s, Limit=0.000s, Conversion=0.0003s, RTAB-Map=0.2194s, Maps update=0.0011s pub=0.0045s delay=0.3995s (local map=200, WM=200)
[INFO] [1771518463.786718661] [rtabmap]: rtabmap (1154): Rate=1.00s, Limit=0.000s, Conversion=0.0003s, RTAB-Map=0.2296s, Maps update=0.0011s pub=0.0040s delay=0.4011s (local map=200, WM=200)
[INFO] [1771518464.885287583] [rtabmap]: rtabmap (1155): Rate=1.00s, Limit=0.000s, Conversion=0.0004s, RTAB-Map=0.2288s, Maps update=0.0013s pub=0.0045s delay=0.3996s (local map=200, WM=200)
[INFO] [1771518465.907713103] [rtabmap]: rtabmap (1156): Rate=1.00s, Limit=0.000s, Conversion=0.0004s, RTAB-Map=0.2381s, Maps update=0.0015s pub=0.0057s delay=0.4219s (local map=200, WM=200)
[INFO] [1771518466.873707385] [rtabmap]: rtabmap (1157): Rate=1.00s, Limit=0.000s, Conversion=0.0003s, RTAB-Map=0.2195s, Maps update=0.0011s pub=0.0043s delay=0.3878s (local map=200, WM=200)
[INFO] [1771518467.982554183] [rtabmap]: rtabmap (1158): Rate=1.00s, Limit=0.000s, Conversion=0.0005s, RTAB-Map=0.2189s, Maps update=0.0014s pub=0.0047s delay=0.3972s (local map=200, WM=200)
[INFO] [1771518468.981956687] [rtabmap]: rtabmap (1159): Rate=1.00s, Limit=0.000s, Conversion=0.0005s, RTAB-Map=0.2223s, Maps update=0.0011s pub=0.0044s delay=0.3960s (local map=200, WM=200)
[INFO] [1771518470.070840590] [rtabmap]: rtabmap (1160): Rate=1.00s, Limit=0.000s, Conversion=0.0008s, RTAB-Map=0.2104s, Maps update=0.0014s pub=0.0049s delay=0.3851s (local map=200, WM=200)
[INFO] [1771518471.060592508] [rtabmap]: rtabmap (1161): Rate=1.00s, Limit=0.000s, Conversion=0.0006s, RTAB-Map=0.2106s, Maps update=0.0015s pub=0.0044s delay=0.3749s (local map=200, WM=200)
[INFO] [1771518472.164855062] [rtabmap]: rtabmap (1162): Rate=1.00s, Limit=0.000s, Conversion=0.0005s, RTAB-Map=0.2163s, Maps update=0.0014s pub=0.0051s delay=0.3795s (local map=200, WM=200)
[INFO] [1771518473.166830500] [rtabmap]: rtabmap (1163): Rate=1.00s, Limit=0.000s, Conversion=0.0004s, RTAB-Map=0.2165s, Maps update=0.0011s pub=0.0042s delay=0.3810s (local map=200, WM=200)
[INFO] [1771518474.197563257] [rtabmap]: rtabmap (1164): Rate=1.00s, Limit=0.000s, Conversion=0.0006s, RTAB-Map=0.2287s, Maps update=0.0012s pub=0.0065s delay=0.4117s (local map=200, WM=200)
[INFO] [1771518475.285108804] [rtabmap]: rtabmap (1165): Rate=1.00s, Limit=0.000s, Conversion=0.0005s, RTAB-Map=0.2224s, Maps update=0.0011s pub=0.0039s delay=0.3997s (local map=200, WM=200)
[INFO] [1771518476.275783670] [rtabmap]: rtabmap (1166): Rate=1.00s, Limit=0.000s, Conversion=0.0003s, RTAB-Map=0.2267s, Maps update=0.0011s pub=0.0038s delay=0.3901s (local map=200, WM=200)
[INFO] [1771518477.382700376] [rtabmap]: rtabmap (1167): Rate=1.00s, Limit=0.000s, Conversion=0.0005s, RTAB-Map=0.2266s, Maps update=0.0011s pub=0.0040s delay=0.3968s (local map=200, WM=200)
[INFO] [1771518478.471881635] [rtabmap]: rtabmap (1168): Rate=1.00s, Limit=0.000s, Conversion=0.0003s, RTAB-Map=0.2108s, Maps update=0.0011s pub=0.0037s delay=0.3865s (local map=200, WM=200)
[INFO] [1771518479.464324794] [rtabmap]: rtabmap (1169): Rate=1.00s, Limit=0.000s, Conversion=0.0003s, RTAB-Map=0.2051s, Maps update=0.0014s pub=0.0045s delay=0.3785s (local map=200, WM=200)
[INFO] [1771518480.589774739] [rtabmap]: rtabmap (1170): Rate=1.00s, Limit=0.000s, Conversion=0.0005s, RTAB-Map=0.2276s, Maps update=0.0014s pub=0.0058s delay=0.4044s (local map=200, WM=200)
[INFO] [1771518481.677253115] [rtabmap]: rtabmap (1171): Rate=1.00s, Limit=0.000s, Conversion=0.0005s, RTAB-Map=0.2192s, Maps update=0.0011s pub=0.0042s delay=0.3919s (local map=200, WM=200)
[INFO] [1771518482.790566553] [rtabmap]: rtabmap (1172): Rate=1.00s, Limit=0.000s, Conversion=0.0006s, RTAB-Map=0.2279s, Maps update=0.0011s pub=0.0059s delay=0.4054s (local map=200, WM=200)
[INFO] [1771518483.776373036] [rtabmap]: rtabmap (1173): Rate=1.00s, Limit=0.000s, Conversion=0.0003s, RTAB-Map=0.2154s, Maps update=0.0011s pub=0.0041s delay=0.3910s (local map=200, WM=200)
[INFO] [1771518484.780641395] [rtabmap]: rtabmap (1174): Rate=1.00s, Limit=0.000s, Conversion=0.0007s, RTAB-Map=0.2150s, Maps update=0.0011s pub=0.0042s delay=0.3953s (local map=200, WM=200)
[INFO] [1771518485.881228413] [rtabmap]: rtabmap (1175): Rate=1.00s, Limit=0.000s, Conversion=0.0006s, RTAB-Map=0.2213s, Maps update=0.0021s pub=0.0041s delay=0.3959s (local map=200, WM=200)
[INFO] [1771518486.878941763] [rtabmap]: rtabmap (1176): Rate=1.00s, Limit=0.000s, Conversion=0.0003s, RTAB-Map=0.2181s, Maps update=0.0014s pub=0.0046s delay=0.3935s (local map=200, WM=200)
[INFO] [1771518487.982652104] [rtabmap]: rtabmap (1177): Rate=1.00s, Limit=0.000s, Conversion=0.0003s, RTAB-Map=0.2304s, Maps update=0.0011s pub=0.0041s delay=0.3974s (local map=200, WM=200)
[INFO] [1771518488.993006814] [rtabmap]: rtabmap (1178): Rate=1.00s, Limit=0.000s, Conversion=0.0006s, RTAB-Map=0.2326s, Maps update=0.0013s pub=0.0038s delay=0.4076s (local map=200, WM=200)
[INFO] [1771518489.967979432] [rtabmap]: rtabmap (1179): Rate=1.00s, Limit=0.000s, Conversion=0.0004s, RTAB-Map=0.2078s, Maps update=0.0011s pub=0.0044s delay=0.3820s (local map=200, WM=200)
[INFO] [1771518491.078109384] [rtabmap]: rtabmap (1180): Rate=1.00s, Limit=0.000s, Conversion=0.0007s, RTAB-Map=0.2160s, Maps update=0.0011s pub=0.0041s delay=0.3928s (local map=200, WM=200)
[INFO] [1771518492.077516561] [rtabmap]: rtabmap (1181): Rate=1.00s, Limit=0.000s, Conversion=0.0007s, RTAB-Map=0.2139s, Maps update=0.0012s pub=0.0039s delay=0.3922s (local map=200, WM=200)
[INFO] [1771518493.086540371] [rtabmap]: rtabmap (1182): Rate=1.00s, Limit=0.000s, Conversion=0.0005s, RTAB-Map=0.2269s, Maps update=0.0011s pub=0.0047s delay=0.4012s (local map=200, WM=200)
[INFO] [1771518494.187627376] [rtabmap]: rtabmap (1183): Rate=1.00s, Limit=0.000s, Conversion=0.0004s, RTAB-Map=0.2252s, Maps update=0.0011s pub=0.0042s delay=0.4023s (local map=200, WM=200)
[INFO] [1771518495.157710938] [rtabmap]: rtabmap (1184): Rate=1.00s, Limit=0.000s, Conversion=0.0003s, RTAB-Map=0.2053s, Maps update=0.0011s pub=0.0040s delay=0.3724s (local map=200, WM=200)
[INFO] [1771518496.172460861] [rtabmap]: rtabmap (1185): Rate=1.00s, Limit=0.000s, Conversion=0.0004s, RTAB-Map=0.2201s, Maps update=0.0011s pub=0.0035s delay=0.3870s (local map=200, WM=200)
[INFO] [1771518497.201979107] [rtabmap]: rtabmap (1186): Rate=1.00s, Limit=0.000s, Conversion=0.0005s, RTAB-Map=0.2325s, Maps update=0.0011s pub=0.0076s delay=0.4165s (local map=200, WM=200)
[INFO] [1771518498.294205604] [rtabmap]: rtabmap (1187): Rate=1.00s, Limit=0.000s, Conversion=0.0003s, RTAB-Map=0.2243s, Maps update=0.0013s pub=0.0053s delay=0.4088s (local map=200, WM=200)
[INFO] [1771518499.259801446] [rtabmap]: rtabmap (1188): Rate=1.00s, Limit=0.000s, Conversion=0.0006s, RTAB-Map=0.2064s, Maps update=0.0011s pub=0.0046s delay=0.3744s (local map=200, WM=200)
[INFO] [1771518500.406283720] [rtabmap]: rtabmap (1189): Rate=1.00s, Limit=0.000s, Conversion=0.0004s, RTAB-Map=0.2404s, Maps update=0.0011s pub=0.0051s delay=0.4209s (local map=200, WM=200)
[INFO] [1771518501.497475919] [rtabmap]: rtabmap (1190): Rate=1.00s, Limit=0.000s, Conversion=0.0003s, RTAB-Map=0.2331s, Maps update=0.0013s pub=0.0083s delay=0.4121s (local map=200, WM=200)
[INFO] [1771518502.499093189] [rtabmap]: rtabmap (1191): Rate=1.00s, Limit=0.000s, Conversion=0.0006s, RTAB-Map=0.2366s, Maps update=0.0012s pub=0.0052s delay=0.4137s (local map=200, WM=200)
[INFO] [1771518503.576672621] [rtabmap]: rtabmap (1192): Rate=1.00s, Limit=0.000s, Conversion=0.0003s, RTAB-Map=0.2176s, Maps update=0.0012s pub=0.0048s delay=0.3914s (local map=200, WM=200)
[INFO] [1771518504.588093341] [rtabmap]: rtabmap (1193): Rate=1.00s, Limit=0.000s, Conversion=0.0003s, RTAB-Map=0.2280s, Maps update=0.0011s pub=0.0050s delay=0.4024s (local map=200, WM=200)
[INFO] [1771518505.579635825] [rtabmap]: rtabmap (1194): Rate=1.00s, Limit=0.000s, Conversion=0.0005s, RTAB-Map=0.2256s, Maps update=0.0011s pub=0.0037s delay=0.3942s (local map=200, WM=200)
[INFO] [1771518506.678842226] [rtabmap]: rtabmap (1195): Rate=1.00s, Limit=0.000s, Conversion=0.0005s, RTAB-Map=0.2195s, Maps update=0.0011s pub=0.0045s delay=0.3934s (local map=200, WM=200)
[INFO] [1771518507.655801636] [rtabmap]: rtabmap (1196): Rate=1.00s, Limit=0.000s, Conversion=0.0005s, RTAB-Map=0.2016s, Maps update=0.0011s pub=0.0043s delay=0.3704s (local map=200, WM=200)
[INFO] [1771518508.785385235] [rtabmap]: rtabmap (1197): Rate=1.00s, Limit=0.000s, Conversion=0.0003s, RTAB-Map=0.2280s, Maps update=0.0011s pub=0.0039s delay=0.3999s (local map=200, WM=200)
[INFO] [1771518509.892017018] [rtabmap]: rtabmap (1198): Rate=1.00s, Limit=0.000s, Conversion=0.0003s, RTAB-Map=0.2230s, Maps update=0.0012s pub=0.0049s delay=0.4064s (local map=200, WM=200)
[INFO] [1771518510.988625023] [rtabmap]: rtabmap (1199): Rate=1.00s, Limit=0.000s, Conversion=0.0003s, RTAB-Map=0.2262s, Maps update=0.0013s pub=0.0053s delay=0.4031s (local map=200, WM=200)
[INFO] [1771518512.081013009] [rtabmap]: rtabmap (1200): Rate=1.00s, Limit=0.000s, Conversion=0.0005s, RTAB-Map=0.2236s, Maps update=0.0011s pub=0.0039s delay=0.3956s (local map=200, WM=200)
[INFO] [1771518513.085331622] [rtabmap]: rtabmap (1201): Rate=1.00s, Limit=0.000s, Conversion=0.0003s, RTAB-Map=0.2258s, Maps update=0.0014s pub=0.0052s delay=0.3998s (local map=200, WM=200)
[INFO] [1771518514.162584099] [rtabmap]: rtabmap (1202): Rate=1.00s, Limit=0.000s, Conversion=0.0005s, RTAB-Map=0.2038s, Maps update=0.0011s pub=0.0049s delay=0.3770s (local map=200, WM=200)
[INFO] [1771518515.273855469] [rtabmap]: rtabmap (1203): Rate=1.00s, Limit=0.000s, Conversion=0.0005s, RTAB-Map=0.2115s, Maps update=0.0011s pub=0.0042s delay=0.3884s (local map=200, WM=200)
[INFO] [1771518516.301708319] [rtabmap]: rtabmap (1204): Rate=1.00s, Limit=0.000s, Conversion=0.0006s, RTAB-Map=0.2415s, Maps update=0.0011s pub=0.0045s delay=0.4162s (local map=200, WM=200)
[INFO] [1771518517.382190605] [rtabmap]: rtabmap (1205): Rate=1.00s, Limit=0.000s, Conversion=0.0006s, RTAB-Map=0.2292s, Maps update=0.0011s pub=0.0042s delay=0.3968s (local map=200, WM=200)
[INFO] [1771518518.392913988] [rtabmap]: rtabmap (1206): Rate=1.00s, Limit=0.000s, Conversion=0.0005s, RTAB-Map=0.2292s, Maps update=0.0014s pub=0.0060s delay=0.4075s (local map=200, WM=200)
[INFO] [1771518519.378454884] [rtabmap]: rtabmap (1207): Rate=1.00s, Limit=0.000s, Conversion=0.0003s, RTAB-Map=0.2139s, Maps update=0.0011s pub=0.0042s delay=0.3929s (local map=200, WM=200)
[INFO] [1771518520.475756323] [rtabmap]: rtabmap (1208): Rate=1.00s, Limit=0.000s, Conversion=0.0003s, RTAB-Map=0.2248s, Maps update=0.0011s pub=0.0040s delay=0.3903s (local map=200, WM=200)
[INFO] [1771518521.599824399] [rtabmap]: rtabmap (1209): Rate=1.00s, Limit=0.000s, Conversion=0.0005s, RTAB-Map=0.2350s, Maps update=0.0012s pub=0.0047s delay=0.4143s (local map=200, WM=200)
[INFO] [1771518522.576284944] [rtabmap]: rtabmap (1210): Rate=1.00s, Limit=0.000s, Conversion=0.0005s, RTAB-Map=0.2151s, Maps update=0.0014s pub=0.0046s delay=0.3908s (local map=200, WM=200)
[INFO] [1771518523.575471729] [rtabmap]: rtabmap (1211): Rate=1.00s, Limit=0.000s, Conversion=0.0003s, RTAB-Map=0.2094s, Maps update=0.0013s pub=0.0046s delay=0.3899s (local map=200, WM=200)
[INFO] [1771518524.696027137] [rtabmap]: rtabmap (1212): Rate=1.00s, Limit=0.000s, Conversion=0.0004s, RTAB-Map=0.2323s, Maps update=0.0012s pub=0.0062s delay=0.4106s (local map=200, WM=200)
[INFO] [1771518525.691623012] [rtabmap]: rtabmap (1213): Rate=1.00s, Limit=0.000s, Conversion=0.0003s, RTAB-Map=0.2266s, Maps update=0.0011s pub=0.0061s delay=0.4060s (local map=200, WM=200)
[INFO] [1771518526.806408714] [rtabmap]: rtabmap (1214): Rate=1.00s, Limit=0.000s, Conversion=0.0010s, RTAB-Map=0.2346s, Maps update=0.0011s pub=0.0051s delay=0.4208s (local map=200, WM=200)
[INFO] [1771518527.890728991] [rtabmap]: rtabmap (1215): Rate=1.00s, Limit=0.000s, Conversion=0.0005s, RTAB-Map=0.2285s, Maps update=0.0011s pub=0.0074s delay=0.4052s (local map=200, WM=200)
[INFO] [1771518528.977094044] [rtabmap]: rtabmap (1216): Rate=1.00s, Limit=0.000s, Conversion=0.0004s, RTAB-Map=0.2188s, Maps update=0.0011s pub=0.0038s delay=0.3915s (local map=200, WM=200)
[INFO] [1771518530.083982668] [rtabmap]: rtabmap (1217): Rate=1.00s, Limit=0.000s, Conversion=0.0004s, RTAB-Map=0.2192s, Maps update=0.0011s pub=0.0040s delay=0.3983s (local map=200, WM=200)
[INFO] [1771518531.190544592] [rtabmap]: rtabmap (1218): Rate=1.00s, Limit=0.000s, Conversion=0.0005s, RTAB-Map=0.2303s, Maps update=0.0015s pub=0.0061s delay=0.4051s (local map=200, WM=200)
[INFO] [1771518532.206169107] [rtabmap]: rtabmap (1219): Rate=1.00s, Limit=0.000s, Conversion=0.0005s, RTAB-Map=0.2439s, Maps update=0.0011s pub=0.0040s delay=0.4206s (local map=200, WM=200)
[INFO] [1771518533.276458107] [rtabmap]: rtabmap (1220): Rate=1.00s, Limit=0.000s, Conversion=0.0005s, RTAB-Map=0.2154s, Maps update=0.0011s pub=0.0036s delay=0.3909s (local map=200, WM=200)
[INFO] [1771518534.392318470] [rtabmap]: rtabmap (1221): Rate=1.00s, Limit=0.000s, Conversion=0.0003s, RTAB-Map=0.2266s, Maps update=0.0012s pub=0.0052s delay=0.4068s (local map=200, WM=200)
[INFO] [1771518535.493574896] [rtabmap]: rtabmap (1222): Rate=1.00s, Limit=0.000s, Conversion=0.0005s, RTAB-Map=0.2321s, Maps update=0.0012s pub=0.0058s delay=0.4079s (local map=200, WM=200)
[INFO] [1771518536.493327813] [rtabmap]: rtabmap (1223): Rate=1.00s, Limit=0.000s, Conversion=0.0004s, RTAB-Map=0.2314s, Maps update=0.0016s pub=0.0054s delay=0.4076s (local map=200, WM=200)
[INFO] [1771518537.592094166] [rtabmap]: rtabmap (1224): Rate=1.00s, Limit=0.000s, Conversion=0.0003s, RTAB-Map=0.2308s, Maps update=0.0011s pub=0.0058s delay=0.4065s (local map=200, WM=200)
[INFO] [1771518538.677640855] [rtabmap]: rtabmap (1225): Rate=1.00s, Limit=0.000s, Conversion=0.0006s, RTAB-Map=0.2166s, Maps update=0.0011s pub=0.0043s delay=0.3920s (local map=200, WM=200)
[INFO] [1771518539.790170925] [rtabmap]: rtabmap (1226): Rate=1.00s, Limit=0.000s, Conversion=0.0005s, RTAB-Map=0.2233s, Maps update=0.0011s pub=0.0057s delay=0.4046s (local map=200, WM=200)
[INFO] [1771518540.776711185] [rtabmap]: rtabmap (1227): Rate=1.00s, Limit=0.000s, Conversion=0.0005s, RTAB-Map=0.2219s, Maps update=0.0011s pub=0.0041s delay=0.3910s (local map=200, WM=200)
[INFO] [1771518541.886117657] [rtabmap]: rtabmap (1228): Rate=1.00s, Limit=0.000s, Conversion=0.0006s, RTAB-Map=0.2230s, Maps update=0.0011s pub=0.0037s delay=0.4005s (local map=200, WM=200)
[INFO] [1771518542.999779927] [rtabmap]: rtabmap (1229): Rate=1.00s, Limit=0.000s, Conversion=0.0006s, RTAB-Map=0.2369s, Maps update=0.0012s pub=0.0043s delay=0.4141s (local map=200, WM=200)
[INFO] [1771518544.075933773] [rtabmap]: rtabmap (1230): Rate=1.00s, Limit=0.000s, Conversion=0.0004s, RTAB-Map=0.2179s, Maps update=0.0012s pub=0.0040s delay=0.3903s (local map=200, WM=200)
[INFO] [1771518545.193389201] [rtabmap]: rtabmap (1231): Rate=1.00s, Limit=0.000s, Conversion=0.0003s, RTAB-Map=0.2263s, Maps update=0.0011s pub=0.0047s delay=0.4076s (local map=200, WM=200)
[INFO] [1771518546.198249241] [rtabmap]: rtabmap (1232): Rate=1.00s, Limit=0.000s, Conversion=0.0007s, RTAB-Map=0.2264s, Maps update=0.0016s pub=0.0083s delay=0.4125s (local map=200, WM=200)
[INFO] [1771518547.282667186] [rtabmap]: rtabmap (1233): Rate=1.00s, Limit=0.000s, Conversion=0.0005s, RTAB-Map=0.2218s, Maps update=0.0011s pub=0.0039s delay=0.3971s (local map=200, WM=200)
[INFO] [1771518548.282376197] [rtabmap]: rtabmap (1234): Rate=1.00s, Limit=0.000s, Conversion=0.0003s, RTAB-Map=0.2249s, Maps update=0.0012s pub=0.0040s delay=0.3967s (local map=200, WM=200)
[INFO] [1771518549.278842598] [rtabmap]: rtabmap (1235): Rate=1.00s, Limit=0.000s, Conversion=0.0005s, RTAB-Map=0.2191s, Maps update=0.0011s pub=0.0042s delay=0.3931s (local map=200, WM=200)
[INFO] [1771518550.382749709] [rtabmap]: rtabmap (1236): Rate=1.00s, Limit=0.000s, Conversion=0.0004s, RTAB-Map=0.2203s, Maps update=0.0011s pub=0.0042s delay=0.3971s (local map=200, WM=200)
[INFO] [1771518551.404418053] [rtabmap]: rtabmap (1237): Rate=1.00s, Limit=0.000s, Conversion=0.0005s, RTAB-Map=0.2390s, Maps update=0.0012s pub=0.0049s delay=0.4188s (local map=200, WM=200)
[INFO] [1771518552.380062954] [rtabmap]: rtabmap (1238): Rate=1.00s, Limit=0.000s, Conversion=0.0005s, RTAB-Map=0.2182s, Maps update=0.0011s pub=0.0036s delay=0.3942s (local map=200, WM=200)
[INFO] [1771518553.500321232] [rtabmap]: rtabmap (1239): Rate=1.00s, Limit=0.000s, Conversion=0.0005s, RTAB-Map=0.2303s, Maps update=0.0014s pub=0.0037s delay=0.4145s (local map=200, WM=200)
[INFO] [1771518554.591361906] [rtabmap]: rtabmap (1240): Rate=1.00s, Limit=0.000s, Conversion=0.0003s, RTAB-Map=0.2231s, Maps update=0.0011s pub=0.0051s delay=0.4056s (local map=200, WM=200)
[INFO] [1771518555.686975701] [rtabmap]: rtabmap (1241): Rate=1.00s, Limit=0.000s, Conversion=0.0003s, RTAB-Map=0.2247s, Maps update=0.0011s pub=0.0046s delay=0.4013s (local map=200, WM=200)
[INFO] [1771518556.768169052] [rtabmap]: rtabmap (1242): Rate=1.00s, Limit=0.000s, Conversion=0.0005s, RTAB-Map=0.2083s, Maps update=0.0012s pub=0.0040s delay=0.3823s (local map=200, WM=200)
[INFO] [1771518557.792172710] [rtabmap]: rtabmap (1243): Rate=1.00s, Limit=0.000s, Conversion=0.0105s, RTAB-Map=0.2269s, Maps update=0.0012s pub=0.0040s delay=0.4063s (local map=200, WM=200)
[INFO] [1771518558.789164346] [rtabmap]: rtabmap (1244): Rate=1.00s, Limit=0.000s, Conversion=0.0005s, RTAB-Map=0.2231s, Maps update=0.0011s pub=0.0044s delay=0.4033s (local map=200, WM=200)
[INFO] [1771518559.900036950] [rtabmap]: rtabmap (1245): Rate=1.00s, Limit=0.000s, Conversion=0.0003s, RTAB-Map=0.2276s, Maps update=0.0018s pub=0.0076s delay=0.4144s (local map=200, WM=200)
[INFO] [1771518560.868224723] [rtabmap]: rtabmap (1246): Rate=1.00s, Limit=0.000s, Conversion=0.0003s, RTAB-Map=0.2044s, Maps update=0.0011s pub=0.0044s delay=0.3824s (local map=200, WM=200)
[INFO] [1771518561.981866993] [rtabmap]: rtabmap (1247): Rate=1.00s, Limit=0.000s, Conversion=0.0006s, RTAB-Map=0.2252s, Maps update=0.0011s pub=0.0037s delay=0.3962s (local map=200, WM=200)
[INFO] [1771518562.999485530] [rtabmap]: rtabmap (1248): Rate=1.00s, Limit=0.000s, Conversion=0.0003s, RTAB-Map=0.2420s, Maps update=0.0012s pub=0.0057s delay=0.4137s (local map=200, WM=200)
[INFO] [1771518563.973242876] [rtabmap]: rtabmap (1249): Rate=1.00s, Limit=0.000s, Conversion=0.0005s, RTAB-Map=0.2201s, Maps update=0.0014s pub=0.0043s delay=0.3875s (local map=200, WM=200)
[INFO] [1771518565.079398898] [rtabmap]: rtabmap (1250): Rate=1.00s, Limit=0.000s, Conversion=0.0005s, RTAB-Map=0.2156s, Maps update=0.0021s pub=0.0048s delay=0.3936s (local map=200, WM=200)
[INFO] [1771518566.209004385] [rtabmap]: rtabmap (1251): Rate=1.00s, Limit=0.000s, Conversion=0.0003s, RTAB-Map=0.2433s, Maps update=0.0011s pub=0.0039s delay=0.4231s (local map=200, WM=200)
[INFO] [1771518567.300171144] [rtabmap]: rtabmap (1252): Rate=1.00s, Limit=0.000s, Conversion=0.0005s, RTAB-Map=0.2371s, Maps update=0.0012s pub=0.0042s delay=0.4143s (local map=200, WM=200)
[INFO] [1771518568.275440319] [rtabmap]: rtabmap (1253): Rate=1.00s, Limit=0.000s, Conversion=0.0004s, RTAB-Map=0.2228s, Maps update=0.0011s pub=0.0043s delay=0.3896s (local map=200, WM=200)
[INFO] [1771518569.382772862] [rtabmap]: rtabmap (1254): Rate=1.00s, Limit=0.000s, Conversion=0.0004s, RTAB-Map=0.2226s, Maps update=0.0014s pub=0.0043s delay=0.3969s (local map=200, WM=200)
[INFO] [1771518570.477956722] [rtabmap]: rtabmap (1255): Rate=1.00s, Limit=0.000s, Conversion=0.0004s, RTAB-Map=0.2229s, Maps update=0.0011s pub=0.0044s delay=0.3921s (local map=200, WM=200)
[INFO] [1771518571.478107573] [rtabmap]: rtabmap (1256): Rate=1.00s, Limit=0.000s, Conversion=0.0007s, RTAB-Map=0.2251s, Maps update=0.0011s pub=0.0036s delay=0.3922s (local map=200, WM=200)
[INFO] [1771518572.582554990] [rtabmap]: rtabmap (1257): Rate=1.00s, Limit=0.000s, Conversion=0.0005s, RTAB-Map=0.2255s, Maps update=0.0011s pub=0.0040s delay=0.3966s (local map=200, WM=200)
[INFO] [1771518573.577613662] [rtabmap]: rtabmap (1258): Rate=1.00s, Limit=0.000s, Conversion=0.0004s, RTAB-Map=0.2208s, Maps update=0.0011s pub=0.0041s delay=0.3917s (local map=200, WM=200)
[INFO] [1771518574.687311888] [rtabmap]: rtabmap (1259): Rate=1.00s, Limit=0.000s, Conversion=0.0006s, RTAB-Map=0.2256s, Maps update=0.0011s pub=0.0045s delay=0.4015s (local map=200, WM=200)
[INFO] [1771518575.686146085] [rtabmap]: rtabmap (1260): Rate=1.00s, Limit=0.000s, Conversion=0.0008s, RTAB-Map=0.2253s, Maps update=0.0012s pub=0.0039s delay=0.4003s (local map=200, WM=200)
[INFO] [1771518576.674557002] [rtabmap]: rtabmap (1261): Rate=1.00s, Limit=0.000s, Conversion=0.0005s, RTAB-Map=0.2114s, Maps update=0.0011s pub=0.0036s delay=0.3886s (local map=200, WM=200)
[INFO] [1771518577.792103825] [rtabmap]: rtabmap (1262): Rate=1.00s, Limit=0.000s, Conversion=0.0004s, RTAB-Map=0.2317s, Maps update=0.0014s pub=0.0057s delay=0.4063s (local map=200, WM=200)
[INFO] [1771518578.899295372] [rtabmap]: rtabmap (1263): Rate=1.00s, Limit=0.000s, Conversion=0.0005s, RTAB-Map=0.2333s, Maps update=0.0014s pub=0.0071s delay=0.4135s (local map=200, WM=200)
[INFO] [1771518579.879460751] [rtabmap]: rtabmap (1264): Rate=1.00s, Limit=0.000s, Conversion=0.0003s, RTAB-Map=0.2278s, Maps update=0.0011s pub=0.0048s delay=0.3936s (local map=200, WM=200)
[INFO] [1771518580.981462803] [rtabmap]: rtabmap (1265): Rate=1.00s, Limit=0.000s, Conversion=0.0004s, RTAB-Map=0.2237s, Maps update=0.0011s pub=0.0040s delay=0.3955s (local map=200, WM=200)
[INFO] [1771518582.079514955] [rtabmap]: rtabmap (1266): Rate=1.00s, Limit=0.000s, Conversion=0.0003s, RTAB-Map=0.2198s, Maps update=0.0012s pub=0.0042s delay=0.3935s (local map=200, WM=200)
[INFO] [1771518583.171445133] [rtabmap]: rtabmap (1267): Rate=1.00s, Limit=0.000s, Conversion=0.0005s, RTAB-Map=0.2072s, Maps update=0.0011s pub=0.0044s delay=0.3855s (local map=200, WM=200)
[INFO] [1771518584.278087156] [rtabmap]: rtabmap (1268): Rate=1.00s, Limit=0.000s, Conversion=0.0004s, RTAB-Map=0.2229s, Maps update=0.0011s pub=0.0053s delay=0.3922s (local map=200, WM=200)
[INFO] [1771518585.286580860] [rtabmap]: rtabmap (1269): Rate=1.00s, Limit=0.000s, Conversion=0.0005s, RTAB-Map=0.2281s, Maps update=0.0011s pub=0.0042s delay=0.4007s (local map=200, WM=200)
[INFO] [1771518586.285037635] [rtabmap]: rtabmap (1270): Rate=1.00s, Limit=0.000s, Conversion=0.0006s, RTAB-Map=0.2326s, Maps update=0.0011s pub=0.0036s delay=0.3991s (local map=200, WM=200)
[INFO] [1771518587.377488631] [rtabmap]: rtabmap (1271): Rate=1.00s, Limit=0.000s, Conversion=0.0003s, RTAB-Map=0.2183s, Maps update=0.0011s pub=0.0048s delay=0.3915s (local map=200, WM=200)
[INFO] [1771518588.481078898] [rtabmap]: rtabmap (1272): Rate=1.00s, Limit=0.000s, Conversion=0.0005s, RTAB-Map=0.2245s, Maps update=0.0014s pub=0.0043s delay=0.3951s (local map=200, WM=200)
[INFO] [1771518589.486054591] [rtabmap]: rtabmap (1273): Rate=1.00s, Limit=0.000s, Conversion=0.0004s, RTAB-Map=0.2277s, Maps update=0.0011s pub=0.0040s delay=0.4001s (local map=200, WM=200)
[INFO] [1771518590.595577067] [rtabmap]: rtabmap (1274): Rate=1.00s, Limit=0.000s, Conversion=0.0003s, RTAB-Map=0.2369s, Maps update=0.0014s pub=0.0052s delay=0.4096s (local map=200, WM=200)
[INFO] [1771518591.585491590] [rtabmap]: rtabmap (1275): Rate=1.00s, Limit=0.000s, Conversion=0.0004s, RTAB-Map=0.2185s, Maps update=0.0012s pub=0.0040s delay=0.3995s (local map=200, WM=200)
[INFO] [1771518592.600651705] [rtabmap]: rtabmap (1276): Rate=1.00s, Limit=0.000s, Conversion=0.0004s, RTAB-Map=0.2331s, Maps update=0.0013s pub=0.0040s delay=0.4146s (local map=200, WM=200)
[INFO] [1771518593.593007785] [rtabmap]: rtabmap (1277): Rate=1.00s, Limit=0.000s, Conversion=0.0005s, RTAB-Map=0.2306s, Maps update=0.0012s pub=0.0046s delay=0.4069s (local map=200, WM=200)
[INFO] [1771518594.681108772] [rtabmap]: rtabmap (1278): Rate=1.00s, Limit=0.000s, Conversion=0.0005s, RTAB-Map=0.2256s, Maps update=0.0011s pub=0.0036s delay=0.3951s (local map=200, WM=200)
[INFO] [1771518595.784492216] [rtabmap]: rtabmap (1279): Rate=1.00s, Limit=0.000s, Conversion=0.0005s, RTAB-Map=0.2234s, Maps update=0.0011s pub=0.0037s delay=0.3984s (local map=200, WM=200)
[INFO] [1771518596.795591516] [rtabmap]: rtabmap (1280): Rate=1.00s, Limit=0.000s, Conversion=0.0003s, RTAB-Map=0.2277s, Maps update=0.0016s pub=0.0061s delay=0.4095s (local map=200, WM=200)
[INFO] [1771518597.896874951] [rtabmap]: rtabmap (1281): Rate=1.00s, Limit=0.000s, Conversion=0.0005s, RTAB-Map=0.2406s, Maps update=0.0011s pub=0.0070s delay=0.4109s (local map=200, WM=200)
[INFO] [1771518598.888267797] [rtabmap]: rtabmap (1282): Rate=1.00s, Limit=0.000s, Conversion=0.0004s, RTAB-Map=0.2215s, Maps update=0.0011s pub=0.0043s delay=0.4022s (local map=200, WM=200)
[INFO] [1771518599.982119706] [rtabmap]: rtabmap (1283): Rate=1.00s, Limit=0.000s, Conversion=0.0005s, RTAB-Map=0.2168s, Maps update=0.0013s pub=0.0045s delay=0.3961s (local map=200, WM=200)
[INFO] [1771518601.086813564] [rtabmap]: rtabmap (1284): Rate=1.00s, Limit=0.000s, Conversion=0.0003s, RTAB-Map=0.2167s, Maps update=0.0011s pub=0.0041s delay=0.4008s (local map=200, WM=200)
[INFO] [1771518602.102665736] [rtabmap]: rtabmap (1285): Rate=1.00s, Limit=0.000s, Conversion=0.0005s, RTAB-Map=0.2338s, Maps update=0.0011s pub=0.0036s delay=0.4165s (local map=200, WM=200)
[INFO] [1771518603.202246966] [rtabmap]: rtabmap (1286): Rate=1.00s, Limit=0.000s, Conversion=0.0005s, RTAB-Map=0.2236s, Maps update=0.0011s pub=0.0078s delay=0.4161s (local map=200, WM=200)
[INFO] [1771518604.279517267] [rtabmap]: rtabmap (1287): Rate=1.00s, Limit=0.000s, Conversion=0.0005s, RTAB-Map=0.2123s, Maps update=0.0011s pub=0.0039s delay=0.3934s (local map=200, WM=200)
[INFO] [1771518605.402924745] [rtabmap]: rtabmap (1288): Rate=1.00s, Limit=0.000s, Conversion=0.0003s, RTAB-Map=0.2473s, Maps update=0.0012s pub=0.0047s delay=0.4169s (local map=200, WM=200)
[INFO] [1771518606.403933834] [rtabmap]: rtabmap (1289): Rate=1.00s, Limit=0.000s, Conversion=0.0003s, RTAB-Map=0.2451s, Maps update=0.0014s pub=0.0042s delay=0.4179s (local map=200, WM=200)
[INFO] [1771518607.372972261] [rtabmap]: rtabmap (1290): Rate=1.00s, Limit=0.000s, Conversion=0.0005s, RTAB-Map=0.2138s, Maps update=0.0011s pub=0.0045s delay=0.3869s (local map=200, WM=200)
[INFO] [1771518608.482565460] [rtabmap]: rtabmap (1291): Rate=1.00s, Limit=0.000s, Conversion=0.0003s, RTAB-Map=0.2253s, Maps update=0.0012s pub=0.0039s delay=0.3964s (local map=200, WM=200)
[INFO] [1771518609.572271879] [rtabmap]: rtabmap (1292): Rate=1.00s, Limit=0.000s, Conversion=0.0003s, RTAB-Map=0.2114s, Maps update=0.0012s pub=0.0042s delay=0.3861s (local map=200, WM=200)
[INFO] [1771518610.680162426] [rtabmap]: rtabmap (1293): Rate=1.00s, Limit=0.000s, Conversion=0.0005s, RTAB-Map=0.2241s, Maps update=0.0012s pub=0.0042s delay=0.3940s (local map=200, WM=200)
[INFO] [1771518611.791815377] [rtabmap]: rtabmap (1294): Rate=1.00s, Limit=0.000s, Conversion=0.0004s, RTAB-Map=0.2302s, Maps update=0.0011s pub=0.0048s delay=0.4058s (local map=200, WM=200)
[INFO] [1771518612.798197231] [rtabmap]: rtabmap (1295): Rate=1.00s, Limit=0.000s, Conversion=0.0005s, RTAB-Map=0.2358s, Maps update=0.0011s pub=0.0043s delay=0.4121s (local map=200, WM=200)
[INFO] [1771518613.878617212] [rtabmap]: rtabmap (1296): Rate=1.00s, Limit=0.000s, Conversion=0.0005s, RTAB-Map=0.2194s, Maps update=0.0011s pub=0.0039s delay=0.3925s (local map=200, WM=200)
[INFO] [1771518614.879970665] [rtabmap]: rtabmap (1297): Rate=1.00s, Limit=0.000s, Conversion=0.0005s, RTAB-Map=0.2161s, Maps update=0.0012s pub=0.0043s delay=0.3938s (local map=200, WM=200)
[INFO] [1771518615.892450621] [rtabmap]: rtabmap (1298): Rate=1.00s, Limit=0.000s, Conversion=0.0003s, RTAB-Map=0.2293s, Maps update=0.0012s pub=0.0042s delay=0.4062s (local map=200, WM=200)
[INFO] [1771518616.984123093] [rtabmap]: rtabmap (1299): Rate=1.00s, Limit=0.000s, Conversion=0.0006s, RTAB-Map=0.2231s, Maps update=0.0021s pub=0.0040s delay=0.3980s (local map=200, WM=200)
[INFO] [1771518617.968155617] [rtabmap]: rtabmap (1300): Rate=1.00s, Limit=0.000s, Conversion=0.0003s, RTAB-Map=0.2162s, Maps update=0.0012s pub=0.0039s delay=0.3819s (local map=200, WM=200)
[INFO] [1771518619.062316593] [rtabmap]: rtabmap (1301): Rate=1.00s, Limit=0.000s, Conversion=0.0004s, RTAB-Map=0.2103s, Maps update=0.0011s pub=0.0043s delay=0.3763s (local map=200, WM=200)
[INFO] [1771518620.064603551] [rtabmap]: rtabmap (1302): Rate=1.00s, Limit=0.000s, Conversion=0.0004s, RTAB-Map=0.2099s, Maps update=0.0011s pub=0.0042s delay=0.3783s (local map=200, WM=200)
[INFO] [1771518621.187785036] [rtabmap]: rtabmap (1303): Rate=1.00s, Limit=0.000s, Conversion=0.0006s, RTAB-Map=0.2164s, Maps update=0.0011s pub=0.0045s delay=0.4016s (local map=200, WM=200)
[INFO] [1771518622.168728683] [rtabmap]: rtabmap (1304): Rate=1.00s, Limit=0.000s, Conversion=0.0004s, RTAB-Map=0.2071s, Maps update=0.0011s pub=0.0041s delay=0.3825s (local map=200, WM=200)
[INFO] [1771518623.287112367] [rtabmap]: rtabmap (1305): Rate=1.00s, Limit=0.000s, Conversion=0.0005s, RTAB-Map=0.2230s, Maps update=0.0011s pub=0.0048s delay=0.4010s (local map=200, WM=200)
[INFO] [1771518624.378144656] [rtabmap]: rtabmap (1306): Rate=1.00s, Limit=0.000s, Conversion=0.0004s, RTAB-Map=0.2210s, Maps update=0.0014s pub=0.0051s delay=0.3919s (local map=200, WM=200)
[INFO] [1771518625.386209994] [rtabmap]: rtabmap (1307): Rate=1.00s, Limit=0.000s, Conversion=0.0005s, RTAB-Map=0.2220s, Maps update=0.0011s pub=0.0040s delay=0.3999s (local map=200, WM=200)
[INFO] [1771518626.470291863] [rtabmap]: rtabmap (1308): Rate=1.00s, Limit=0.000s, Conversion=0.0003s, RTAB-Map=0.2146s, Maps update=0.0011s pub=0.0040s delay=0.3840s (local map=200, WM=200)
[INFO] [1771518627.580267699] [rtabmap]: rtabmap (1309): Rate=1.00s, Limit=0.000s, Conversion=0.0005s, RTAB-Map=0.2210s, Maps update=0.0012s pub=0.0042s delay=0.3941s (local map=200, WM=200)
[INFO] [1771518628.608154822] [rtabmap]: rtabmap (1310): Rate=1.00s, Limit=0.000s, Conversion=0.0004s, RTAB-Map=0.2372s, Maps update=0.0015s pub=0.0048s delay=0.4219s (local map=200, WM=200)
[INFO] [1771518629.701730753] [rtabmap]: rtabmap (1311): Rate=1.00s, Limit=0.000s, Conversion=0.0005s, RTAB-Map=0.2483s, Maps update=0.0013s pub=0.0045s delay=0.4155s (local map=200, WM=200)
[INFO] [1771518630.679778714] [rtabmap]: rtabmap (1312): Rate=1.00s, Limit=0.000s, Conversion=0.0004s, RTAB-Map=0.2212s, Maps update=0.0011s pub=0.0037s delay=0.3934s (local map=200, WM=200)
[INFO] [1771518631.789471596] [rtabmap]: rtabmap (1313): Rate=1.00s, Limit=0.000s, Conversion=0.0004s, RTAB-Map=0.2317s, Maps update=0.0013s pub=0.0047s delay=0.4043s (local map=200, WM=200)
[INFO] [1771518632.794853031] [rtabmap]: rtabmap (1314): Rate=1.00s, Limit=0.000s, Conversion=0.0003s, RTAB-Map=0.2269s, Maps update=0.0024s pub=0.0041s delay=0.4088s (local map=200, WM=200)
[INFO] [1771518633.779992634] [rtabmap]: rtabmap (1315): Rate=1.00s, Limit=0.000s, Conversion=0.0005s, RTAB-Map=0.2160s, Maps update=0.0011s pub=0.0042s delay=0.3938s (local map=200, WM=200)
[INFO] [1771518634.890496681] [rtabmap]: rtabmap (1316): Rate=1.00s, Limit=0.000s, Conversion=0.0005s, RTAB-Map=0.2210s, Maps update=0.0011s pub=0.0052s delay=0.4041s (local map=200, WM=200)
[INFO] [1771518635.996289074] [rtabmap]: rtabmap (1317): Rate=1.00s, Limit=0.000s, Conversion=0.0004s, RTAB-Map=0.2357s, Maps update=0.0017s pub=0.0045s delay=0.4102s (local map=200, WM=200)
[INFO] [1771518637.009907919] [rtabmap]: rtabmap (1318): Rate=1.00s, Limit=0.000s, Conversion=0.0105s, RTAB-Map=0.2257s, Maps update=0.0015s pub=0.0063s delay=0.4237s (local map=200, WM=200)
[INFO] [1771518637.984350120] [rtabmap]: rtabmap (1319): Rate=1.00s, Limit=0.000s, Conversion=0.0003s, RTAB-Map=0.2215s, Maps update=0.0012s pub=0.0042s delay=0.3980s (local map=200, WM=200)
[INFO] [1771518639.079885353] [rtabmap]: rtabmap (1320): Rate=1.00s, Limit=0.000s, Conversion=0.0006s, RTAB-Map=0.2165s, Maps update=0.0013s pub=0.0053s delay=0.3936s (local map=200, WM=200)
[INFO] [1771518640.184903286] [rtabmap]: rtabmap (1321): Rate=1.00s, Limit=0.000s, Conversion=0.0005s, RTAB-Map=0.2248s, Maps update=0.0011s pub=0.0038s delay=0.3987s (local map=200, WM=200)
[INFO] [1771518641.176121439] [rtabmap]: rtabmap (1322): Rate=1.00s, Limit=0.000s, Conversion=0.0004s, RTAB-Map=0.2174s, Maps update=0.0012s pub=0.0038s delay=0.3899s (local map=200, WM=200)
[INFO] [1771518642.271673791] [rtabmap]: rtabmap (1323): Rate=1.00s, Limit=0.000s, Conversion=0.0004s, RTAB-Map=0.2187s, Maps update=0.0012s pub=0.0042s delay=0.3855s (local map=200, WM=200)
[INFO] [1771518643.392503834] [rtabmap]: rtabmap (1324): Rate=1.00s, Limit=0.000s, Conversion=0.0006s, RTAB-Map=0.2264s, Maps update=0.0011s pub=0.0050s delay=0.4064s (local map=200, WM=200)
[INFO] [1771518644.404817993] [rtabmap]: rtabmap (1325): Rate=1.00s, Limit=0.000s, Conversion=0.0006s, RTAB-Map=0.2442s, Maps update=0.0011s pub=0.0036s delay=0.4187s (local map=200, WM=200)
[INFO] [1771518645.381401518] [rtabmap]: rtabmap (1326): Rate=1.00s, Limit=0.000s, Conversion=0.0003s, RTAB-Map=0.2188s, Maps update=0.0011s pub=0.0042s delay=0.3952s (local map=200, WM=200)
[INFO] [1771518646.474267184] [rtabmap]: rtabmap (1327): Rate=1.00s, Limit=0.000s, Conversion=0.0003s, RTAB-Map=0.2104s, Maps update=0.0011s pub=0.0041s delay=0.3880s (local map=200, WM=200)
[INFO] [1771518647.474570040] [rtabmap]: rtabmap (1328): Rate=1.00s, Limit=0.000s, Conversion=0.0005s, RTAB-Map=0.2097s, Maps update=0.0011s pub=0.0035s delay=0.3883s (local map=200, WM=200)
[INFO] [1771518648.575735231] [rtabmap]: rtabmap (1329): Rate=1.00s, Limit=0.000s, Conversion=0.0004s, RTAB-Map=0.2216s, Maps update=0.0011s pub=0.0040s delay=0.3895s (local map=200, WM=200)
[INFO] [1771518649.688683907] [rtabmap]: rtabmap (1330): Rate=1.00s, Limit=0.000s, Conversion=0.0003s, RTAB-Map=0.2247s, Maps update=0.0011s pub=0.0041s delay=0.4025s (local map=200, WM=200)
[INFO] [1771518650.671771406] [rtabmap]: rtabmap (1331): Rate=1.00s, Limit=0.000s, Conversion=0.0005s, RTAB-Map=0.2132s, Maps update=0.0011s pub=0.0041s delay=0.3855s (local map=200, WM=200)
[INFO] [1771518651.784671281] [rtabmap]: rtabmap (1332): Rate=1.00s, Limit=0.000s, Conversion=0.0004s, RTAB-Map=0.2268s, Maps update=0.0011s pub=0.0043s delay=0.3986s (local map=200, WM=200)
[INFO] [1771518652.779486424] [rtabmap]: rtabmap (1333): Rate=1.00s, Limit=0.000s, Conversion=0.0005s, RTAB-Map=0.2188s, Maps update=0.0011s pub=0.0047s delay=0.3933s (local map=200, WM=200)
[INFO] [1771518653.880714560] [rtabmap]: rtabmap (1334): Rate=1.00s, Limit=0.000s, Conversion=0.0005s, RTAB-Map=0.2210s, Maps update=0.0011s pub=0.0037s delay=0.3945s (local map=200, WM=200)
[INFO] [1771518654.877674739] [rtabmap]: rtabmap (1335): Rate=1.00s, Limit=0.000s, Conversion=0.0003s, RTAB-Map=0.2144s, Maps update=0.0011s pub=0.0043s delay=0.3913s (local map=200, WM=200)
[INFO] [1771518655.877277410] [rtabmap]: rtabmap (1336): Rate=1.00s, Limit=0.000s, Conversion=0.0008s, RTAB-Map=0.2168s, Maps update=0.0011s pub=0.0038s delay=0.3909s (local map=200, WM=200)
[INFO] [1771518656.981881026] [rtabmap]: rtabmap (1337): Rate=1.00s, Limit=0.000s, Conversion=0.0003s, RTAB-Map=0.2243s, Maps update=0.0011s pub=0.0040s delay=0.3954s (local map=200, WM=200)
[INFO] [1771518658.085959758] [rtabmap]: rtabmap (1338): Rate=1.00s, Limit=0.000s, Conversion=0.0003s, RTAB-Map=0.2230s, Maps update=0.0011s pub=0.0038s delay=0.3995s (local map=200, WM=200)
[INFO] [1771518659.173526166] [rtabmap]: rtabmap (1339): Rate=1.00s, Limit=0.000s, Conversion=0.0005s, RTAB-Map=0.2107s, Maps update=0.0011s pub=0.0038s delay=0.3874s (local map=200, WM=200)
[INFO] [1771518660.186740549] [rtabmap]: rtabmap (1340): Rate=1.00s, Limit=0.000s, Conversion=0.0004s, RTAB-Map=0.2206s, Maps update=0.0011s pub=0.0044s delay=0.4003s (local map=200, WM=200)
[INFO] [1771518661.281722193] [rtabmap]: rtabmap (1341): Rate=1.00s, Limit=0.000s, Conversion=0.0003s, RTAB-Map=0.2246s, Maps update=0.0011s pub=0.0041s delay=0.3954s (local map=200, WM=200)
[INFO] [1771518662.381111289] [rtabmap]: rtabmap (1342): Rate=1.00s, Limit=0.000s, Conversion=0.0005s, RTAB-Map=0.2231s, Maps update=0.0011s pub=0.0037s delay=0.3948s (local map=200, WM=200)
[INFO] [1771518663.471330430] [rtabmap]: rtabmap (1343): Rate=1.00s, Limit=0.000s, Conversion=0.0005s, RTAB-Map=0.2074s, Maps update=0.0011s pub=0.0041s delay=0.3850s (local map=200, WM=200)
[INFO] [1771518664.576539826] [rtabmap]: rtabmap (1344): Rate=1.00s, Limit=0.000s, Conversion=0.0003s, RTAB-Map=0.2150s, Maps update=0.0011s pub=0.0036s delay=0.3910s (local map=200, WM=200)
[INFO] [1771518665.578965605] [rtabmap]: rtabmap (1345): Rate=1.00s, Limit=0.000s, Conversion=0.0005s, RTAB-Map=0.2189s, Maps update=0.0011s pub=0.0040s delay=0.3925s (local map=200, WM=200)
[INFO] [1771518666.675341731] [rtabmap]: rtabmap (1346): Rate=1.00s, Limit=0.000s, Conversion=0.0005s, RTAB-Map=0.2167s, Maps update=0.0014s pub=0.0049s delay=0.3890s (local map=200, WM=200)
[INFO] [1771518667.783511168] [rtabmap]: rtabmap (1347): Rate=1.00s, Limit=0.000s, Conversion=0.0003s, RTAB-Map=0.2224s, Maps update=0.0011s pub=0.0037s delay=0.3979s (local map=200, WM=200)
[INFO] [1771518668.877291586] [rtabmap]: rtabmap (1348): Rate=1.00s, Limit=0.000s, Conversion=0.0005s, RTAB-Map=0.2183s, Maps update=0.0011s pub=0.0038s delay=0.3909s (local map=200, WM=200)
[INFO] [1771518669.983740834] [rtabmap]: rtabmap (1349): Rate=1.00s, Limit=0.000s, Conversion=0.0005s, RTAB-Map=0.2152s, Maps update=0.0012s pub=0.0043s delay=0.3974s (local map=200, WM=200)
[INFO] [1771518671.090770164] [rtabmap]: rtabmap (1350): Rate=1.00s, Limit=0.000s, Conversion=0.0010s, RTAB-Map=0.2291s, Maps update=0.0011s pub=0.0049s delay=0.4054s (local map=200, WM=200)
[INFO] [1771518672.074568219] [rtabmap]: rtabmap (1351): Rate=1.00s, Limit=0.000s, Conversion=0.0003s, RTAB-Map=0.2248s, Maps update=0.0011s pub=0.0038s delay=0.3880s (local map=200, WM=200)
[INFO] [1771518673.187465820] [rtabmap]: rtabmap (1352): Rate=1.00s, Limit=0.000s, Conversion=0.0007s, RTAB-Map=0.2179s, Maps update=0.0011s pub=0.0051s delay=0.4020s (local map=200, WM=200)
[INFO] [1771518674.182077315] [rtabmap]: rtabmap (1353): Rate=1.00s, Limit=0.000s, Conversion=0.0004s, RTAB-Map=0.2224s, Maps update=0.0011s pub=0.0041s delay=0.3955s (local map=200, WM=200)
[INFO] [1771518675.167193931] [rtabmap]: rtabmap (1354): Rate=1.00s, Limit=0.000s, Conversion=0.0005s, RTAB-Map=0.2188s, Maps update=0.0012s pub=0.0050s delay=0.3806s (local map=200, WM=200)
[INFO] [1771518676.273028353] [rtabmap]: rtabmap (1355): Rate=1.00s, Limit=0.000s, Conversion=0.0005s, RTAB-Map=0.2123s, Maps update=0.0011s pub=0.0046s delay=0.3875s (local map=200, WM=200)
[INFO] [1771518677.272723457] [rtabmap]: rtabmap (1356): Rate=1.00s, Limit=0.000s, Conversion=0.0003s, RTAB-Map=0.2110s, Maps update=0.0012s pub=0.0039s delay=0.3871s (local map=200, WM=200)
[INFO] [1771518678.381955154] [rtabmap]: rtabmap (1357): Rate=1.00s, Limit=0.000s, Conversion=0.0005s, RTAB-Map=0.2242s, Maps update=0.0011s pub=0.0044s delay=0.3965s (local map=200, WM=200)
[INFO] [1771518679.392110105] [rtabmap]: rtabmap (1358): Rate=1.00s, Limit=0.000s, Conversion=0.0005s, RTAB-Map=0.2298s, Maps update=0.0012s pub=0.0045s delay=0.4066s (local map=200, WM=200)
[INFO] [1771518680.477177068] [rtabmap]: rtabmap (1359): Rate=1.00s, Limit=0.000s, Conversion=0.0003s, RTAB-Map=0.2242s, Maps update=0.0011s pub=0.0039s delay=0.3920s (local map=200, WM=200)
[INFO] [1771518681.479173334] [rtabmap]: rtabmap (1360): Rate=1.00s, Limit=0.000s, Conversion=0.0005s, RTAB-Map=0.2210s, Maps update=0.0011s pub=0.0042s delay=0.3938s (local map=200, WM=200)
[INFO] [1771518682.587022881] [rtabmap]: rtabmap (1361): Rate=1.00s, Limit=0.000s, Conversion=0.0004s, RTAB-Map=0.2314s, Maps update=0.0014s pub=0.0046s delay=0.4018s (local map=200, WM=200)
[INFO] [1771518683.574132189] [rtabmap]: rtabmap (1362): Rate=1.00s, Limit=0.000s, Conversion=0.0005s, RTAB-Map=0.2197s, Maps update=0.0011s pub=0.0037s delay=0.3889s (local map=200, WM=200)
[INFO] [1771518684.575714377] [rtabmap]: rtabmap (1363): Rate=1.00s, Limit=0.000s, Conversion=0.0006s, RTAB-Map=0.2089s, Maps update=0.0011s pub=0.0041s delay=0.3904s (local map=200, WM=200)
[INFO] [1771518685.578213592] [rtabmap]: rtabmap (1364): Rate=1.00s, Limit=0.000s, Conversion=0.0003s, RTAB-Map=0.2193s, Maps update=0.0011s pub=0.0045s delay=0.3928s (local map=200, WM=200)
[INFO] [1771518686.591124907] [rtabmap]: rtabmap (1365): Rate=1.00s, Limit=0.000s, Conversion=0.0005s, RTAB-Map=0.2276s, Maps update=0.0011s pub=0.0052s delay=0.4057s (local map=200, WM=200)
[INFO] [1771518687.693037534] [rtabmap]: rtabmap (1366): Rate=1.00s, Limit=0.000s, Conversion=0.0004s, RTAB-Map=0.2224s, Maps update=0.0015s pub=0.0051s delay=0.4076s (local map=200, WM=200)
[INFO] [1771518688.779487224] [rtabmap]: rtabmap (1367): Rate=1.00s, Limit=0.000s, Conversion=0.0003s, RTAB-Map=0.2174s, Maps update=0.0011s pub=0.0043s delay=0.3940s (local map=200, WM=200)
[INFO] [1771518689.781906690] [rtabmap]: rtabmap (1368): Rate=1.00s, Limit=0.000s, Conversion=0.0005s, RTAB-Map=0.2256s, Maps update=0.0011s pub=0.0041s delay=0.3963s (local map=200, WM=200)
[INFO] [1771518690.891313376] [rtabmap]: rtabmap (1369): Rate=1.00s, Limit=0.000s, Conversion=0.0005s, RTAB-Map=0.2290s, Maps update=0.0011s pub=0.0052s delay=0.4058s (local map=200, WM=200)
[INFO] [1771518691.902803786] [rtabmap]: rtabmap (1370): Rate=1.00s, Limit=0.000s, Conversion=0.0005s, RTAB-Map=0.2460s, Maps update=0.0011s pub=0.0042s delay=0.4171s (local map=200, WM=200)
[INFO] [1771518692.978540734] [rtabmap]: rtabmap (1371): Rate=1.00s, Limit=0.000s, Conversion=0.0005s, RTAB-Map=0.2181s, Maps update=0.0011s pub=0.0042s delay=0.3928s (local map=200, WM=200)
[INFO] [1771518694.075340650] [rtabmap]: rtabmap (1372): Rate=1.00s, Limit=0.000s, Conversion=0.0006s, RTAB-Map=0.2110s, Maps update=0.0011s pub=0.0042s delay=0.3897s (local map=200, WM=200)
[INFO] [1771518695.064670216] [rtabmap]: rtabmap (1373): Rate=1.00s, Limit=0.000s, Conversion=0.0005s, RTAB-Map=0.2111s, Maps update=0.0011s pub=0.0042s delay=0.3789s (local map=200, WM=200)
[INFO] [1771518696.166473738] [rtabmap]: rtabmap (1374): Rate=1.00s, Limit=0.000s, Conversion=0.0006s, RTAB-Map=0.2083s, Maps update=0.0021s pub=0.0043s delay=0.3809s (local map=200, WM=200)
[INFO] [1771518697.162598462] [rtabmap]: rtabmap (1375): Rate=1.00s, Limit=0.000s, Conversion=0.0006s, RTAB-Map=0.2061s, Maps update=0.0011s pub=0.0038s delay=0.3768s (local map=200, WM=200)
[INFO] [1771518698.301817608] [rtabmap]: rtabmap (1376): Rate=1.00s, Limit=0.000s, Conversion=0.0004s, RTAB-Map=0.2408s, Maps update=0.0015s pub=0.0054s delay=0.4161s (local map=200, WM=200)
[INFO] [1771518699.303046964] [rtabmap]: rtabmap (1377): Rate=1.00s, Limit=0.000s, Conversion=0.0010s, RTAB-Map=0.2398s, Maps update=0.0012s pub=0.0054s delay=0.4173s (local map=200, WM=200)
[INFO] [1771518700.298962496] [rtabmap]: rtabmap (1378): Rate=1.00s, Limit=0.000s, Conversion=0.0003s, RTAB-Map=0.2409s, Maps update=0.0012s pub=0.0040s delay=0.4131s (local map=200, WM=200)
[INFO] [1771518701.366974588] [rtabmap]: rtabmap (1379): Rate=1.00s, Limit=0.000s, Conversion=0.0005s, RTAB-Map=0.2156s, Maps update=0.0013s pub=0.0043s delay=0.3811s (local map=200, WM=200)
[INFO] [1771518702.382394761] [rtabmap]: rtabmap (1380): Rate=1.00s, Limit=0.000s, Conversion=0.0006s, RTAB-Map=0.2184s, Maps update=0.0011s pub=0.0044s delay=0.3965s (local map=200, WM=200)
[INFO] [1771518703.500316561] [rtabmap]: rtabmap (1381): Rate=1.00s, Limit=0.000s, Conversion=0.0003s, RTAB-Map=0.2405s, Maps update=0.0012s pub=0.0039s delay=0.4145s (local map=200, WM=200)
[INFO] [1771518704.502904207] [rtabmap]: rtabmap (1382): Rate=1.00s, Limit=0.000s, Conversion=0.0004s, RTAB-Map=0.2301s, Maps update=0.0015s pub=0.0037s delay=0.4171s (local map=200, WM=200)
[INFO] [1771518705.582547439] [rtabmap]: rtabmap (1383): Rate=1.00s, Limit=0.000s, Conversion=0.0005s, RTAB-Map=0.2181s, Maps update=0.0014s pub=0.0050s delay=0.3967s (local map=200, WM=200)
[INFO] [1771518706.702940400] [rtabmap]: rtabmap (1384): Rate=1.00s, Limit=0.000s, Conversion=0.0004s, RTAB-Map=0.2335s, Maps update=0.0012s pub=0.0038s delay=0.4171s (local map=200, WM=200)
[INFO] [1771518707.772791534] [rtabmap]: rtabmap (1385): Rate=1.00s, Limit=0.000s, Conversion=0.0003s, RTAB-Map=0.2208s, Maps update=0.0011s pub=0.0036s delay=0.3870s (local map=200, WM=200)
[INFO] [1771518708.874741045] [rtabmap]: rtabmap (1386): Rate=1.00s, Limit=0.000s, Conversion=0.0005s, RTAB-Map=0.2120s, Maps update=0.0013s pub=0.0045s delay=0.3889s (local map=200, WM=200)
[INFO] [1771518709.881647374] [rtabmap]: rtabmap (1387): Rate=1.00s, Limit=0.000s, Conversion=0.0007s, RTAB-Map=0.2220s, Maps update=0.0011s pub=0.0041s delay=0.3958s (local map=200, WM=200)
[INFO] [1771518710.879649542] [rtabmap]: rtabmap (1388): Rate=1.00s, Limit=0.000s, Conversion=0.0004s, RTAB-Map=0.2250s, Maps update=0.0011s pub=0.0039s delay=0.3938s (local map=200, WM=200)
[INFO] [1771518711.900690719] [rtabmap]: rtabmap (1389): Rate=1.00s, Limit=0.000s, Conversion=0.0004s, RTAB-Map=0.2369s, Maps update=0.0014s pub=0.0039s delay=0.4148s (local map=200, WM=200)
[INFO] [1771518712.963508030] [rtabmap]: rtabmap (1390): Rate=1.00s, Limit=0.000s, Conversion=0.0005s, RTAB-Map=0.2122s, Maps update=0.0014s pub=0.0049s delay=0.3777s (local map=200, WM=200)
[INFO] [1771518713.978710532] [rtabmap]: rtabmap (1391): Rate=1.00s, Limit=0.000s, Conversion=0.0003s, RTAB-Map=0.2093s, Maps update=0.0011s pub=0.0043s delay=0.3928s (local map=200, WM=200)
[INFO] [1771518715.081076410] [rtabmap]: rtabmap (1392): Rate=1.00s, Limit=0.000s, Conversion=0.0008s, RTAB-Map=0.2254s, Maps update=0.0011s pub=0.0038s delay=0.3951s (local map=200, WM=200)
[INFO] [1771518716.182222659] [rtabmap]: rtabmap (1393): Rate=1.00s, Limit=0.000s, Conversion=0.0004s, RTAB-Map=0.2221s, Maps update=0.0011s pub=0.0041s delay=0.3964s (local map=200, WM=200)
[INFO] [1771518717.187138837] [rtabmap]: rtabmap (1394): Rate=1.00s, Limit=0.000s, Conversion=0.0003s, RTAB-Map=0.2240s, Maps update=0.0012s pub=0.0038s delay=0.4013s (local map=200, WM=200)
[INFO] [1771518718.192697950] [rtabmap]: rtabmap (1395): Rate=1.00s, Limit=0.000s, Conversion=0.0008s, RTAB-Map=0.2295s, Maps update=0.0011s pub=0.0060s delay=0.4067s (local map=200, WM=200)
[INFO] [1771518719.281776435] [rtabmap]: rtabmap (1396): Rate=1.00s, Limit=0.000s, Conversion=0.0003s, RTAB-Map=0.2264s, Maps update=0.0015s pub=0.0045s delay=0.3958s (local map=200, WM=200)
[INFO] [1771518720.370380951] [rtabmap]: rtabmap (1397): Rate=1.00s, Limit=0.000s, Conversion=0.0005s, RTAB-Map=0.2125s, Maps update=0.0011s pub=0.0043s delay=0.3844s (local map=200, WM=200)
[INFO] [1771518721.488691821] [rtabmap]: rtabmap (1398): Rate=1.00s, Limit=0.000s, Conversion=0.0005s, RTAB-Map=0.2194s, Maps update=0.0011s pub=0.0047s delay=0.4028s (local map=200, WM=200)
[INFO] [1771518722.594905006] [rtabmap]: rtabmap (1399): Rate=1.00s, Limit=0.000s, Conversion=0.0003s, RTAB-Map=0.2279s, Maps update=0.0013s pub=0.0066s delay=0.4090s (local map=200, WM=200)
[INFO] [1771518723.574054684] [rtabmap]: rtabmap (1400): Rate=1.00s, Limit=0.000s, Conversion=0.0005s, RTAB-Map=0.2130s, Maps update=0.0014s pub=0.0048s delay=0.3881s (local map=200, WM=200)
[INFO] [1771518724.673609387] [rtabmap]: rtabmap (1401): Rate=1.00s, Limit=0.000s, Conversion=0.0003s, RTAB-Map=0.2150s, Maps update=0.0011s pub=0.0040s delay=0.3878s (local map=200, WM=200)
[INFO] [1771518725.676265676] [rtabmap]: rtabmap (1402): Rate=1.00s, Limit=0.000s, Conversion=0.0003s, RTAB-Map=0.2212s, Maps update=0.0011s pub=0.0042s delay=0.3902s (local map=200, WM=200)
[INFO] [1771518726.693051434] [rtabmap]: rtabmap (1403): Rate=1.00s, Limit=0.000s, Conversion=0.0003s, RTAB-Map=0.2290s, Maps update=0.0012s pub=0.0047s delay=0.4070s (local map=200, WM=200)
[INFO] [1771518727.773513000] [rtabmap]: rtabmap (1404): Rate=1.00s, Limit=0.000s, Conversion=0.0004s, RTAB-Map=0.2131s, Maps update=0.0011s pub=0.0041s delay=0.3875s (local map=200, WM=200)
[INFO] [1771518728.859281509] [rtabmap]: rtabmap (1405): Rate=1.00s, Limit=0.000s, Conversion=0.0004s, RTAB-Map=0.1961s, Maps update=0.0011s pub=0.0044s delay=0.3732s (local map=200, WM=200)
[INFO] [1771518729.968214024] [rtabmap]: rtabmap (1406): Rate=1.00s, Limit=0.000s, Conversion=0.0003s, RTAB-Map=0.2135s, Maps update=0.0012s pub=0.0040s delay=0.3822s (local map=200, WM=200)
[INFO] [1771518731.088074967] [rtabmap]: rtabmap (1407): Rate=1.00s, Limit=0.000s, Conversion=0.0003s, RTAB-Map=0.2308s, Maps update=0.0012s pub=0.0038s delay=0.4020s (local map=200, WM=200)
[INFO] [1771518732.181752786] [rtabmap]: rtabmap (1408): Rate=1.00s, Limit=0.000s, Conversion=0.0005s, RTAB-Map=0.2189s, Maps update=0.0011s pub=0.0043s delay=0.3958s (local map=200, WM=200)
[INFO] [1771518733.197909306] [rtabmap]: rtabmap (1409): Rate=1.00s, Limit=0.000s, Conversion=0.0004s, RTAB-Map=0.2346s, Maps update=0.0014s pub=0.0081s delay=0.4119s (local map=200, WM=200)
[INFO] [1771518734.297113213] [rtabmap]: rtabmap (1410): Rate=1.00s, Limit=0.000s, Conversion=0.0005s, RTAB-Map=0.2290s, Maps update=0.0014s pub=0.0073s delay=0.4112s (local map=200, WM=200)
[INFO] [1771518735.281518857] [rtabmap]: rtabmap (1411): Rate=1.00s, Limit=0.000s, Conversion=0.0005s, RTAB-Map=0.2184s, Maps update=0.0011s pub=0.0045s delay=0.3954s (local map=200, WM=200)
[INFO] [1771518736.373249214] [rtabmap]: rtabmap (1412): Rate=1.00s, Limit=0.000s, Conversion=0.0003s, RTAB-Map=0.2157s, Maps update=0.0011s pub=0.0039s delay=0.3871s (local map=200, WM=200)
[INFO] [1771518737.482025564] [rtabmap]: rtabmap (1413): Rate=1.00s, Limit=0.000s, Conversion=0.0005s, RTAB-Map=0.2210s, Maps update=0.0012s pub=0.0042s delay=0.3960s (local map=200, WM=200)
[INFO] [1771518738.481550315] [rtabmap]: rtabmap (1414): Rate=1.00s, Limit=0.000s, Conversion=0.0005s, RTAB-Map=0.2153s, Maps update=0.0011s pub=0.0043s delay=0.3954s (local map=200, WM=200)
[INFO] [1771518739.582769527] [rtabmap]: rtabmap (1415): Rate=1.00s, Limit=0.000s, Conversion=0.0005s, RTAB-Map=0.2235s, Maps update=0.0011s pub=0.0039s delay=0.3967s (local map=200, WM=200)
[INFO] [1771518740.569962664] [rtabmap]: rtabmap (1416): Rate=1.00s, Limit=0.000s, Conversion=0.0005s, RTAB-Map=0.2129s, Maps update=0.0011s pub=0.0042s delay=0.3839s (local map=200, WM=200)
[INFO] [1771518741.687918321] [rtabmap]: rtabmap (1417): Rate=1.00s, Limit=0.000s, Conversion=0.0007s, RTAB-Map=0.2240s, Maps update=0.0011s pub=0.0043s delay=0.4018s (local map=200, WM=200)
[INFO] [1771518742.804632717] [rtabmap]: rtabmap (1418): Rate=1.00s, Limit=0.000s, Conversion=0.0005s, RTAB-Map=0.2401s, Maps update=0.0011s pub=0.0040s delay=0.4185s (local map=200, WM=200)
[INFO] [1771518743.881590348] [rtabmap]: rtabmap (1419): Rate=1.00s, Limit=0.000s, Conversion=0.0005s, RTAB-Map=0.2193s, Maps update=0.0012s pub=0.0050s delay=0.3956s (local map=200, WM=200)
[INFO] [1771518744.874425929] [rtabmap]: rtabmap (1420): Rate=1.00s, Limit=0.000s, Conversion=0.0005s, RTAB-Map=0.2225s, Maps update=0.0011s pub=0.0038s delay=0.3884s (local map=200, WM=200)
[INFO] [1771518745.877150347] [rtabmap]: rtabmap (1421): Rate=1.00s, Limit=0.000s, Conversion=0.0004s, RTAB-Map=0.2213s, Maps update=0.0011s pub=0.0040s delay=0.3911s (local map=200, WM=200)
[INFO] [1771518746.891575125] [rtabmap]: rtabmap (1422): Rate=1.00s, Limit=0.000s, Conversion=0.0007s, RTAB-Map=0.2293s, Maps update=0.0011s pub=0.0063s delay=0.4055s (local map=200, WM=200)
[INFO] [1771518747.891969731] [rtabmap]: rtabmap (1423): Rate=1.00s, Limit=0.000s, Conversion=0.0003s, RTAB-Map=0.2279s, Maps update=0.0014s pub=0.0067s delay=0.4058s (local map=200, WM=200)
[INFO] [1771518749.001270900] [rtabmap]: rtabmap (1424): Rate=1.00s, Limit=0.000s, Conversion=0.0004s, RTAB-Map=0.2317s, Maps update=0.0012s pub=0.0063s delay=0.4150s (local map=200, WM=200)
[INFO] [1771518750.088642251] [rtabmap]: rtabmap (1425): Rate=1.00s, Limit=0.000s, Conversion=0.0006s, RTAB-Map=0.2280s, Maps update=0.0011s pub=0.0040s delay=0.4024s (local map=200, WM=200)
[INFO] [1771518751.189406759] [rtabmap]: rtabmap (1426): Rate=1.00s, Limit=0.000s, Conversion=0.0005s, RTAB-Map=0.2321s, Maps update=0.0014s pub=0.0053s delay=0.4032s (local map=200, WM=200)
[INFO] [1771518752.168996741] [rtabmap]: rtabmap (1427): Rate=1.00s, Limit=0.000s, Conversion=0.0003s, RTAB-Map=0.2176s, Maps update=0.0014s pub=0.0045s delay=0.3828s (local map=200, WM=200)
[INFO] [1771518753.205809720] [rtabmap]: rtabmap (1428): Rate=1.00s, Limit=0.000s, Conversion=0.0004s, RTAB-Map=0.2395s, Maps update=0.0014s pub=0.0058s delay=0.4195s (local map=200, WM=200)
[INFO] [1771518754.304137851] [rtabmap]: rtabmap (1429): Rate=1.00s, Limit=0.000s, Conversion=0.0006s, RTAB-Map=0.2403s, Maps update=0.0013s pub=0.0042s delay=0.4181s (local map=200, WM=200)
[INFO] [1771518755.281342371] [rtabmap]: rtabmap (1430): Rate=1.00s, Limit=0.000s, Conversion=0.0003s, RTAB-Map=0.2234s, Maps update=0.0014s pub=0.0044s delay=0.3952s (local map=200, WM=200)
[INFO] [1771518756.277094537] [rtabmap]: rtabmap (1431): Rate=1.00s, Limit=0.000s, Conversion=0.0004s, RTAB-Map=0.2229s, Maps update=0.0012s pub=0.0048s delay=0.3909s (local map=200, WM=200)
[INFO] [1771518757.408239311] [rtabmap]: rtabmap (1432): Rate=1.00s, Limit=0.000s, Conversion=0.0003s, RTAB-Map=0.2392s, Maps update=0.0012s pub=0.0038s delay=0.4222s (local map=200, WM=200)
[INFO] [1771518758.391643639] [rtabmap]: rtabmap (1433): Rate=1.00s, Limit=0.000s, Conversion=0.0003s, RTAB-Map=0.2239s, Maps update=0.0014s pub=0.0063s delay=0.4054s (local map=200, WM=200)
[INFO] [1771518759.481624269] [rtabmap]: rtabmap (1434): Rate=1.00s, Limit=0.000s, Conversion=0.0004s, RTAB-Map=0.2243s, Maps update=0.0011s pub=0.0045s delay=0.3953s (local map=200, WM=200)
[INFO] [1771518760.576124902] [rtabmap]: rtabmap (1435): Rate=1.00s, Limit=0.000s, Conversion=0.0004s, RTAB-Map=0.2242s, Maps update=0.0011s pub=0.0050s delay=0.3899s (local map=200, WM=200)
[INFO] [1771518761.569919430] [rtabmap]: rtabmap (1436): Rate=1.00s, Limit=0.000s, Conversion=0.0006s, RTAB-Map=0.2181s, Maps update=0.0011s pub=0.0042s delay=0.3837s (local map=200, WM=200)
[INFO] [1771518762.668563445] [rtabmap]: rtabmap (1437): Rate=1.00s, Limit=0.000s, Conversion=0.0004s, RTAB-Map=0.2158s, Maps update=0.0011s pub=0.0040s delay=0.3824s (local map=200, WM=200)
[INFO] [1771518763.687102099] [rtabmap]: rtabmap (1438): Rate=1.00s, Limit=0.000s, Conversion=0.0003s, RTAB-Map=0.2284s, Maps update=0.0014s pub=0.0042s delay=0.4008s (local map=200, WM=200)
[INFO] [1771518764.677780738] [rtabmap]: rtabmap (1439): Rate=1.00s, Limit=0.000s, Conversion=0.0004s, RTAB-Map=0.2241s, Maps update=0.0011s pub=0.0051s delay=0.3915s (local map=200, WM=200)
[INFO] [1771518765.782273957] [rtabmap]: rtabmap (1440): Rate=1.00s, Limit=0.000s, Conversion=0.0006s, RTAB-Map=0.2232s, Maps update=0.0011s pub=0.0041s delay=0.3959s (local map=200, WM=200)
[INFO] [1771518766.880366720] [rtabmap]: rtabmap (1441): Rate=1.00s, Limit=0.000s, Conversion=0.0006s, RTAB-Map=0.2221s, Maps update=0.0011s pub=0.0039s delay=0.3942s (local map=200, WM=200)
[INFO] [1771518767.876132294] [rtabmap]: rtabmap (1442): Rate=1.00s, Limit=0.000s, Conversion=0.0006s, RTAB-Map=0.2138s, Maps update=0.0014s pub=0.0058s delay=0.3898s (local map=200, WM=200)
[INFO] [1771518768.986768391] [rtabmap]: rtabmap (1443): Rate=1.00s, Limit=0.000s, Conversion=0.0005s, RTAB-Map=0.2185s, Maps update=0.0013s pub=0.0044s delay=0.4004s (local map=200, WM=200)
[INFO] [1771518770.097708019] [rtabmap]: rtabmap (1444): Rate=1.00s, Limit=0.000s, Conversion=0.0003s, RTAB-Map=0.2331s, Maps update=0.0012s pub=0.0049s delay=0.4115s (local map=200, WM=200)
[INFO] [1771518771.070479162] [rtabmap]: rtabmap (1445): Rate=1.00s, Limit=0.000s, Conversion=0.0005s, RTAB-Map=0.2147s, Maps update=0.0011s pub=0.0036s delay=0.3842s (local map=200, WM=200)
[INFO] [1771518772.070762436] [rtabmap]: rtabmap (1446): Rate=1.00s, Limit=0.000s, Conversion=0.0003s, RTAB-Map=0.2151s, Maps update=0.0011s pub=0.0048s delay=0.3845s (local map=200, WM=200)
[INFO] [1771518773.086391513] [rtabmap]: rtabmap (1447): Rate=1.00s, Limit=0.000s, Conversion=0.0005s, RTAB-Map=0.2275s, Maps update=0.0011s pub=0.0039s delay=0.4001s (local map=200, WM=200)
[INFO] [1771518774.213924029] [rtabmap]: rtabmap (1448): Rate=1.00s, Limit=0.000s, Conversion=0.0005s, RTAB-Map=0.2495s, Maps update=0.0012s pub=0.0050s delay=0.4276s (local map=200, WM=200)
[INFO] [1771518775.266589453] [rtabmap]: rtabmap (1449): Rate=1.00s, Limit=0.000s, Conversion=0.0003s, RTAB-Map=0.2055s, Maps update=0.0014s pub=0.0042s delay=0.3803s (local map=200, WM=200)
[INFO] [1771518776.299186088] [rtabmap]: rtabmap (1450): Rate=1.00s, Limit=0.000s, Conversion=0.0004s, RTAB-Map=0.2396s, Maps update=0.0018s pub=0.0058s delay=0.4129s (local map=200, WM=200)
[INFO] [1771518777.383122211] [rtabmap]: rtabmap (1451): Rate=1.00s, Limit=0.000s, Conversion=0.0005s, RTAB-Map=0.2200s, Maps update=0.0012s pub=0.0037s delay=0.3971s (local map=200, WM=200)
[INFO] [1771518778.398912510] [rtabmap]: rtabmap (1452): Rate=1.00s, Limit=0.000s, Conversion=0.0005s, RTAB-Map=0.2352s, Maps update=0.0012s pub=0.0040s delay=0.4125s (local map=200, WM=200)
[INFO] [1771518779.471329273] [rtabmap]: rtabmap (1453): Rate=1.00s, Limit=0.000s, Conversion=0.0005s, RTAB-Map=0.2100s, Maps update=0.0014s pub=0.0043s delay=0.3851s (local map=200, WM=200)
[INFO] [1771518780.473262559] [rtabmap]: rtabmap (1454): Rate=1.00s, Limit=0.000s, Conversion=0.0003s, RTAB-Map=0.2120s, Maps update=0.0011s pub=0.0036s delay=0.3870s (local map=200, WM=200)
[INFO] [1771518781.485900648] [rtabmap]: rtabmap (1455): Rate=1.00s, Limit=0.000s, Conversion=0.0003s, RTAB-Map=0.2295s, Maps update=0.0011s pub=0.0040s delay=0.3995s (local map=200, WM=200)
[INFO] [1771518782.578023083] [rtabmap]: rtabmap (1456): Rate=1.00s, Limit=0.000s, Conversion=0.0005s, RTAB-Map=0.2149s, Maps update=0.0011s pub=0.0041s delay=0.3917s (local map=200, WM=200)
[INFO] [1771518783.575187268] [rtabmap]: rtabmap (1457): Rate=1.00s, Limit=0.000s, Conversion=0.0005s, RTAB-Map=0.2174s, Maps update=0.0011s pub=0.0041s delay=0.3888s (local map=200, WM=200)
[INFO] [1771518784.672370462] [rtabmap]: rtabmap (1458): Rate=1.00s, Limit=0.000s, Conversion=0.0005s, RTAB-Map=0.2129s, Maps update=0.0012s pub=0.0043s delay=0.3859s (local map=200, WM=200)
[INFO] [1771518785.801503068] [rtabmap]: rtabmap (1459): Rate=1.00s, Limit=0.000s, Conversion=0.0005s, RTAB-Map=0.2377s, Maps update=0.0013s pub=0.0037s delay=0.4151s (local map=200, WM=200)
[INFO] [1771518786.784569655] [rtabmap]: rtabmap (1460): Rate=1.00s, Limit=0.000s, Conversion=0.0005s, RTAB-Map=0.2268s, Maps update=0.0011s pub=0.0045s delay=0.3982s (local map=200, WM=200)
[INFO] [1771518787.877415413] [rtabmap]: rtabmap (1461): Rate=1.00s, Limit=0.000s, Conversion=0.0003s, RTAB-Map=0.2127s, Maps update=0.0013s pub=0.0045s delay=0.3911s (local map=200, WM=200)
[INFO] [1771518788.881556202] [rtabmap]: rtabmap (1462): Rate=1.00s, Limit=0.000s, Conversion=0.0003s, RTAB-Map=0.2179s, Maps update=0.0011s pub=0.0040s delay=0.3951s (local map=200, WM=200)
[INFO] [1771518789.988596873] [rtabmap]: rtabmap (1463): Rate=1.00s, Limit=0.000s, Conversion=0.0006s, RTAB-Map=0.2362s, Maps update=0.0012s pub=0.0042s delay=0.4021s (local map=200, WM=200)
[INFO] [1771518790.992259853] [rtabmap]: rtabmap (1464): Rate=1.00s, Limit=0.000s, Conversion=0.0005s, RTAB-Map=0.2358s, Maps update=0.0012s pub=0.0046s delay=0.4057s (local map=200, WM=200)
[INFO] [1771518792.065437412] [rtabmap]: rtabmap (1465): Rate=1.00s, Limit=0.000s, Conversion=0.0005s, RTAB-Map=0.2145s, Maps update=0.0011s pub=0.0039s delay=0.3792s (local map=200, WM=200)
[INFO] [1771518793.076127718] [rtabmap]: rtabmap (1466): Rate=1.00s, Limit=0.000s, Conversion=0.0003s, RTAB-Map=0.2225s, Maps update=0.0014s pub=0.0048s delay=0.3897s (local map=200, WM=200)
[INFO] [1771518794.070966507] [rtabmap]: rtabmap (1467): Rate=1.00s, Limit=0.000s, Conversion=0.0004s, RTAB-Map=0.2191s, Maps update=0.0014s pub=0.0044s delay=0.3845s (local map=200, WM=200)
[INFO] [1771518795.160725337] [rtabmap]: rtabmap (1468): Rate=1.00s, Limit=0.000s, Conversion=0.0003s, RTAB-Map=0.2109s, Maps update=0.0011s pub=0.0040s delay=0.3754s (local map=200, WM=200)
[INFO] [1771518796.180124119] [rtabmap]: rtabmap (1469): Rate=1.00s, Limit=0.000s, Conversion=0.0005s, RTAB-Map=0.2181s, Maps update=0.0012s pub=0.0042s delay=0.3948s (local map=200, WM=200)
[INFO] [1771518797.178103982] [rtabmap]: rtabmap (1470): Rate=1.00s, Limit=0.000s, Conversion=0.0003s, RTAB-Map=0.2194s, Maps update=0.0011s pub=0.0049s delay=0.3917s (local map=200, WM=200)
[INFO] [1771518798.196216316] [rtabmap]: rtabmap (1471): Rate=1.00s, Limit=0.000s, Conversion=0.0005s, RTAB-Map=0.2362s, Maps update=0.0014s pub=0.0042s delay=0.4097s (local map=200, WM=200)
[INFO] [1771518799.279577635] [rtabmap]: rtabmap (1472): Rate=1.00s, Limit=0.000s, Conversion=0.0006s, RTAB-Map=0.2221s, Maps update=0.0011s pub=0.0045s delay=0.3931s (local map=200, WM=200)
[INFO] [1771518800.373125977] [rtabmap]: rtabmap (1473): Rate=1.00s, Limit=0.000s, Conversion=0.0003s, RTAB-Map=0.2125s, Maps update=0.0011s pub=0.0044s delay=0.3868s (local map=200, WM=200)
[INFO] [1771518801.490914941] [rtabmap]: rtabmap (1474): Rate=1.00s, Limit=0.000s, Conversion=0.0008s, RTAB-Map=0.2258s, Maps update=0.0011s pub=0.0049s delay=0.4044s (local map=200, WM=200)
[INFO] [1771518802.581572203] [rtabmap]: rtabmap (1475): Rate=1.00s, Limit=0.000s, Conversion=0.0006s, RTAB-Map=0.2245s, Maps update=0.0011s pub=0.0037s delay=0.3950s (local map=200, WM=200)
[INFO] [1771518803.678988333] [rtabmap]: rtabmap (1476): Rate=1.00s, Limit=0.000s, Conversion=0.0003s, RTAB-Map=0.2146s, Maps update=0.0011s pub=0.0046s delay=0.3925s (local map=200, WM=200)
[INFO] [1771518804.778689635] [rtabmap]: rtabmap (1477): Rate=1.00s, Limit=0.000s, Conversion=0.0005s, RTAB-Map=0.2234s, Maps update=0.0011s pub=0.0040s delay=0.3922s (local map=200, WM=200)
[INFO] [1771518805.904394532] [rtabmap]: rtabmap (1478): Rate=1.00s, Limit=0.000s, Conversion=0.0004s, RTAB-Map=0.2334s, Maps update=0.0012s pub=0.0050s delay=0.4189s (local map=200, WM=200)
[INFO] [1771518806.889334436] [rtabmap]: rtabmap (1479): Rate=1.00s, Limit=0.000s, Conversion=0.0004s, RTAB-Map=0.2189s, Maps update=0.0011s pub=0.0042s delay=0.4028s (local map=200, WM=200)
[INFO] [1771518807.977770497] [rtabmap]: rtabmap (1480): Rate=1.00s, Limit=0.000s, Conversion=0.0005s, RTAB-Map=0.2171s, Maps update=0.0014s pub=0.0056s delay=0.3913s (local map=200, WM=200)
[INFO] [1771518808.999673593] [rtabmap]: rtabmap (1481): Rate=1.00s, Limit=0.000s, Conversion=0.0006s, RTAB-Map=0.2381s, Maps update=0.0012s pub=0.0060s delay=0.4131s (local map=200, WM=200)
[INFO] [1771518810.081810771] [rtabmap]: rtabmap (1482): Rate=1.00s, Limit=0.000s, Conversion=0.0003s, RTAB-Map=0.2194s, Maps update=0.0011s pub=0.0037s delay=0.3955s (local map=200, WM=200)
[INFO] [1771518811.183364620] [rtabmap]: rtabmap (1483): Rate=1.00s, Limit=0.000s, Conversion=0.0003s, RTAB-Map=0.2213s, Maps update=0.0012s pub=0.0053s delay=0.3968s (local map=200, WM=200)
[INFO] [1771518812.289098363] [rtabmap]: rtabmap (1484): Rate=1.00s, Limit=0.000s, Conversion=0.0005s, RTAB-Map=0.2221s, Maps update=0.0012s pub=0.0048s delay=0.4037s (local map=200, WM=200)
[INFO] [1771518813.304653805] [rtabmap]: rtabmap (1485): Rate=1.00s, Limit=0.000s, Conversion=0.0004s, RTAB-Map=0.2405s, Maps update=0.0015s pub=0.0047s delay=0.4183s (local map=200, WM=200)
[INFO] [1771518814.285828805] [rtabmap]: rtabmap (1486): Rate=1.00s, Limit=0.000s, Conversion=0.0005s, RTAB-Map=0.2313s, Maps update=0.0011s pub=0.0043s delay=0.3993s (local map=200, WM=200)
[INFO] [1771518815.279386396] [rtabmap]: rtabmap (1487): Rate=1.00s, Limit=0.000s, Conversion=0.0004s, RTAB-Map=0.2195s, Maps update=0.0013s pub=0.0048s delay=0.3928s (local map=200, WM=200)
[INFO] [1771518816.380107414] [rtabmap]: rtabmap (1488): Rate=1.00s, Limit=0.000s, Conversion=0.0003s, RTAB-Map=0.2255s, Maps update=0.0011s pub=0.0041s delay=0.3937s (local map=200, WM=200)
[INFO] [1771518817.376311309] [rtabmap]: rtabmap (1489): Rate=1.00s, Limit=0.000s, Conversion=0.0005s, RTAB-Map=0.2122s, Maps update=0.0011s pub=0.0036s delay=0.3896s (local map=200, WM=200)
[INFO] [1771518818.477191692] [rtabmap]: rtabmap (1490): Rate=1.00s, Limit=0.000s, Conversion=0.0004s, RTAB-Map=0.2113s, Maps update=0.0011s pub=0.0046s delay=0.3906s (local map=200, WM=200)
[INFO] [1771518819.479826668] [rtabmap]: rtabmap (1491): Rate=1.00s, Limit=0.000s, Conversion=0.0005s, RTAB-Map=0.2218s, Maps update=0.0011s pub=0.0041s delay=0.3931s (local map=200, WM=200)
[INFO] [1771518820.590296070] [rtabmap]: rtabmap (1492): Rate=1.00s, Limit=0.000s, Conversion=0.0003s, RTAB-Map=0.2339s, Maps update=0.0011s pub=0.0047s delay=0.4049s (local map=200, WM=200)
[INFO] [1771518821.596604202] [rtabmap]: rtabmap (1493): Rate=1.00s, Limit=0.000s, Conversion=0.0005s, RTAB-Map=0.2324s, Maps update=0.0014s pub=0.0063s delay=0.4101s (local map=200, WM=200)
[INFO] [1771518822.698616211] [rtabmap]: rtabmap (1494): Rate=1.00s, Limit=0.000s, Conversion=0.0005s, RTAB-Map=0.2208s, Maps update=0.0021s pub=0.0072s delay=0.4120s (local map=200, WM=200)
[INFO] [1771518823.669038854] [rtabmap]: rtabmap (1495): Rate=1.00s, Limit=0.000s, Conversion=0.0007s, RTAB-Map=0.2082s, Maps update=0.0011s pub=0.0040s delay=0.3824s (local map=200, WM=200)
[INFO] [1771518824.782166592] [rtabmap]: rtabmap (1496): Rate=1.00s, Limit=0.000s, Conversion=0.0004s, RTAB-Map=0.2257s, Maps update=0.0012s pub=0.0037s delay=0.3954s (local map=200, WM=200)
[INFO] [1771518825.880134615] [rtabmap]: rtabmap (1497): Rate=1.00s, Limit=0.000s, Conversion=0.0003s, RTAB-Map=0.2184s, Maps update=0.0012s pub=0.0043s delay=0.3937s (local map=200, WM=200)
[INFO] [1771518826.865773263] [rtabmap]: rtabmap (1498): Rate=1.00s, Limit=0.000s, Conversion=0.0003s, RTAB-Map=0.2087s, Maps update=0.0013s pub=0.0047s delay=0.3791s (local map=200, WM=200)
[INFO] [1771518827.991801597] [rtabmap]: rtabmap (1499): Rate=1.00s, Limit=0.000s, Conversion=0.0003s, RTAB-Map=0.2285s, Maps update=0.0011s pub=0.0055s delay=0.4052s (local map=200, WM=200)
[INFO] [1771518828.974451465] [rtabmap]: rtabmap (1500): Rate=1.00s, Limit=0.000s, Conversion=0.0003s, RTAB-Map=0.2170s, Maps update=0.0011s pub=0.0039s delay=0.3877s (local map=200, WM=200)
[INFO] [1771518830.083687191] [rtabmap]: rtabmap (1501): Rate=1.00s, Limit=0.000s, Conversion=0.0005s, RTAB-Map=0.2175s, Maps update=0.0012s pub=0.0036s delay=0.3970s (local map=200, WM=200)
[INFO] [1771518831.189663087] [rtabmap]: rtabmap (1502): Rate=1.00s, Limit=0.000s, Conversion=0.0003s, RTAB-Map=0.2167s, Maps update=0.0011s pub=0.0049s delay=0.4029s (local map=200, WM=200)
[INFO] [1771518832.278383319] [rtabmap]: rtabmap (1503): Rate=1.00s, Limit=0.000s, Conversion=0.0004s, RTAB-Map=0.2253s, Maps update=0.0011s pub=0.0037s delay=0.3917s (local map=200, WM=200)
[INFO] [1771518833.379285336] [rtabmap]: rtabmap (1504): Rate=1.00s, Limit=0.000s, Conversion=0.0005s, RTAB-Map=0.2144s, Maps update=0.0011s pub=0.0044s delay=0.3928s (local map=200, WM=200)
[INFO] [1771518834.397673361] [rtabmap]: rtabmap (1505): Rate=1.00s, Limit=0.000s, Conversion=0.0006s, RTAB-Map=0.2287s, Maps update=0.0012s pub=0.0047s delay=0.4110s (local map=200, WM=200)
[INFO] [1771518835.377601243] [rtabmap]: rtabmap (1506): Rate=1.00s, Limit=0.000s, Conversion=0.0005s, RTAB-Map=0.2135s, Maps update=0.0011s pub=0.0044s delay=0.3908s (local map=200, WM=200)
[INFO] [1771518836.489709713] [rtabmap]: rtabmap (1507): Rate=1.00s, Limit=0.000s, Conversion=0.0003s, RTAB-Map=0.2306s, Maps update=0.0011s pub=0.0052s delay=0.4031s (local map=200, WM=200)
[INFO] [1771518837.566146109] [rtabmap]: rtabmap (1508): Rate=1.00s, Limit=0.000s, Conversion=0.0003s, RTAB-Map=0.2089s, Maps update=0.0011s pub=0.0035s delay=0.3804s (local map=200, WM=200)
[INFO] [1771518838.579199605] [rtabmap]: rtabmap (1509): Rate=1.00s, Limit=0.000s, Conversion=0.0005s, RTAB-Map=0.2180s, Maps update=0.0011s pub=0.0036s delay=0.3925s (local map=200, WM=200)
[INFO] [1771518839.676726939] [rtabmap]: rtabmap (1510): Rate=1.00s, Limit=0.000s, Conversion=0.0004s, RTAB-Map=0.2217s, Maps update=0.0011s pub=0.0039s delay=0.3913s (local map=200, WM=200)
[INFO] [1771518840.668837054] [rtabmap]: rtabmap (1511): Rate=1.00s, Limit=0.000s, Conversion=0.0004s, RTAB-Map=0.2159s, Maps update=0.0011s pub=0.0043s delay=0.3831s (local map=200, WM=200)
[INFO] [1771518841.676682234] [rtabmap]: rtabmap (1512): Rate=1.00s, Limit=0.000s, Conversion=0.0004s, RTAB-Map=0.2188s, Maps update=0.0011s pub=0.0040s delay=0.3901s (local map=200, WM=200)
[INFO] [1771518842.665228668] [rtabmap]: rtabmap (1513): Rate=1.00s, Limit=0.000s, Conversion=0.0004s, RTAB-Map=0.2097s, Maps update=0.0011s pub=0.0041s delay=0.3785s (local map=200, WM=200)
[INFO] [1771518843.786570271] [rtabmap]: rtabmap (1514): Rate=1.00s, Limit=0.000s, Conversion=0.0003s, RTAB-Map=0.2314s, Maps update=0.0013s pub=0.0050s delay=0.3999s (local map=200, WM=200)
[INFO] [1771518844.884378416] [rtabmap]: rtabmap (1515): Rate=1.00s, Limit=0.000s, Conversion=0.0003s, RTAB-Map=0.2239s, Maps update=0.0011s pub=0.0036s delay=0.3976s (local map=200, WM=200)
[INFO] [1771518845.888446659] [rtabmap]: rtabmap (1516): Rate=1.00s, Limit=0.000s, Conversion=0.0005s, RTAB-Map=0.2291s, Maps update=0.0011s pub=0.0040s delay=0.4016s (local map=200, WM=200)
[INFO] [1771518846.988439299] [rtabmap]: rtabmap (1517): Rate=1.00s, Limit=0.000s, Conversion=0.0006s, RTAB-Map=0.2304s, Maps update=0.0014s pub=0.0046s delay=0.4017s (local map=200, WM=200)
[INFO] [1771518848.078599423] [rtabmap]: rtabmap (1518): Rate=1.00s, Limit=0.000s, Conversion=0.0005s, RTAB-Map=0.2148s, Maps update=0.0011s pub=0.0047s delay=0.3918s (local map=200, WM=200)
[INFO] [1771518849.190495341] [rtabmap]: rtabmap (1519): Rate=1.00s, Limit=0.000s, Conversion=0.0009s, RTAB-Map=0.2235s, Maps update=0.0011s pub=0.0055s delay=0.4048s (local map=200, WM=200)
[INFO] [1771518850.275289351] [rtabmap]: rtabmap (1520): Rate=1.00s, Limit=0.000s, Conversion=0.0005s, RTAB-Map=0.2106s, Maps update=0.0012s pub=0.0038s delay=0.3885s (local map=200, WM=200)
[INFO] [1771518851.277554937] [rtabmap]: rtabmap (1521): Rate=1.00s, Limit=0.000s, Conversion=0.0005s, RTAB-Map=0.2199s, Maps update=0.0011s pub=0.0046s delay=0.3907s (local map=200, WM=200)
[INFO] [1771518852.379233654] [rtabmap]: rtabmap (1522): Rate=1.00s, Limit=0.000s, Conversion=0.0004s, RTAB-Map=0.2277s, Maps update=0.0012s pub=0.0039s delay=0.3935s (local map=200, WM=200)
[INFO] [1771518853.391085379] [rtabmap]: rtabmap (1523): Rate=1.00s, Limit=0.000s, Conversion=0.0004s, RTAB-Map=0.2362s, Maps update=0.0011s pub=0.0048s delay=0.4044s (local map=200, WM=200)
[INFO] [1771518854.463669699] [rtabmap]: rtabmap (1524): Rate=1.00s, Limit=0.000s, Conversion=0.0005s, RTAB-Map=0.2071s, Maps update=0.0011s pub=0.0038s delay=0.3779s (local map=200, WM=200)
[INFO] [1771518855.604289760] [rtabmap]: rtabmap (1525): Rate=1.00s, Limit=0.000s, Conversion=0.0004s, RTAB-Map=0.2392s, Maps update=0.0011s pub=0.0065s delay=0.4174s (local map=200, WM=200)
[INFO] [1771518856.692055782] [rtabmap]: rtabmap (1526): Rate=1.00s, Limit=0.000s, Conversion=0.0005s, RTAB-Map=0.2305s, Maps update=0.0012s pub=0.0043s delay=0.4052s (local map=200, WM=200)
[INFO] [1771518857.769967207] [rtabmap]: rtabmap (1527): Rate=1.00s, Limit=0.000s, Conversion=0.0005s, RTAB-Map=0.2144s, Maps update=0.0011s pub=0.0041s delay=0.3844s (local map=200, WM=200)
[INFO] [1771518858.870556700] [rtabmap]: rtabmap (1528): Rate=1.00s, Limit=0.000s, Conversion=0.0003s, RTAB-Map=0.2121s, Maps update=0.0011s pub=0.0040s delay=0.3838s (local map=200, WM=200)
[INFO] [1771518859.973551080] [rtabmap]: rtabmap (1529): Rate=1.00s, Limit=0.000s, Conversion=0.0003s, RTAB-Map=0.2139s, Maps update=0.0011s pub=0.0038s delay=0.3879s (local map=200, WM=200)
[INFO] [1771518861.070428280] [rtabmap]: rtabmap (1530): Rate=1.00s, Limit=0.000s, Conversion=0.0003s, RTAB-Map=0.2170s, Maps update=0.0011s pub=0.0040s delay=0.3848s (local map=200, WM=200)
[INFO] [1771518862.174209120] [rtabmap]: rtabmap (1531): Rate=1.00s, Limit=0.000s, Conversion=0.0007s, RTAB-Map=0.2158s, Maps update=0.0011s pub=0.0041s delay=0.3883s (local map=200, WM=200)
[INFO] [1771518863.282814327] [rtabmap]: rtabmap (1532): Rate=1.00s, Limit=0.000s, Conversion=0.0008s, RTAB-Map=0.2252s, Maps update=0.0011s pub=0.0040s delay=0.3972s (local map=200, WM=200)
[INFO] [1771518864.279197173] [rtabmap]: rtabmap (1533): Rate=1.00s, Limit=0.000s, Conversion=0.0003s, RTAB-Map=0.2198s, Maps update=0.0011s pub=0.0041s delay=0.3933s (local map=200, WM=200)
[INFO] [1771518865.275448973] [rtabmap]: rtabmap (1534): Rate=1.00s, Limit=0.000s, Conversion=0.0003s, RTAB-Map=0.2187s, Maps update=0.0011s pub=0.0036s delay=0.3886s (local map=200, WM=200)
[INFO] [1771518866.390731830] [rtabmap]: rtabmap (1535): Rate=1.00s, Limit=0.000s, Conversion=0.0003s, RTAB-Map=0.2310s, Maps update=0.0014s pub=0.0049s delay=0.4051s (local map=200, WM=200)
[INFO] [1771518867.379553249] [rtabmap]: rtabmap (1536): Rate=1.00s, Limit=0.000s, Conversion=0.0003s, RTAB-Map=0.2267s, Maps update=0.0014s pub=0.0045s delay=0.3937s (local map=200, WM=200)
[INFO] [1771518868.475978656] [rtabmap]: rtabmap (1537): Rate=1.00s, Limit=0.000s, Conversion=0.0003s, RTAB-Map=0.2208s, Maps update=0.0011s pub=0.0037s delay=0.3907s (local map=200, WM=200)
[INFO] [1771518869.471953103] [rtabmap]: rtabmap (1538): Rate=1.00s, Limit=0.000s, Conversion=0.0004s, RTAB-Map=0.2138s, Maps update=0.0012s pub=0.0042s delay=0.3862s (local map=200, WM=200)
[INFO] [1771518870.473107224] [rtabmap]: rtabmap (1539): Rate=1.00s, Limit=0.000s, Conversion=0.0003s, RTAB-Map=0.2137s, Maps update=0.0011s pub=0.0037s delay=0.3872s (local map=200, WM=200)
[INFO] [1771518871.579860076] [rtabmap]: rtabmap (1540): Rate=1.00s, Limit=0.000s, Conversion=0.0005s, RTAB-Map=0.2241s, Maps update=0.0013s pub=0.0051s delay=0.3942s (local map=200, WM=200)
[INFO] [1771518872.565467620] [rtabmap]: rtabmap (1541): Rate=1.00s, Limit=0.000s, Conversion=0.0005s, RTAB-Map=0.2149s, Maps update=0.0011s pub=0.0041s delay=0.3797s (local map=200, WM=200)
[INFO] [1771518873.666375877] [rtabmap]: rtabmap (1542): Rate=1.00s, Limit=0.000s, Conversion=0.0004s, RTAB-Map=0.2096s, Maps update=0.0011s pub=0.0039s delay=0.3810s (local map=200, WM=200)
[INFO] [1771518874.702346234] [rtabmap]: rtabmap (1543): Rate=1.00s, Limit=0.000s, Conversion=0.0003s, RTAB-Map=0.2417s, Maps update=0.0011s pub=0.0044s delay=0.4166s (local map=200, WM=200)
[INFO] [1771518875.780770829] [rtabmap]: rtabmap (1544): Rate=1.00s, Limit=0.000s, Conversion=0.0003s, RTAB-Map=0.2180s, Maps update=0.0011s pub=0.0042s delay=0.3953s (local map=200, WM=200)
[INFO] [1771518876.884300621] [rtabmap]: rtabmap (1545): Rate=1.00s, Limit=0.000s, Conversion=0.0005s, RTAB-Map=0.2217s, Maps update=0.0011s pub=0.0036s delay=0.3990s (local map=200, WM=200)
[INFO] [1771518877.870537723] [rtabmap]: rtabmap (1546): Rate=1.00s, Limit=0.000s, Conversion=0.0006s, RTAB-Map=0.2188s, Maps update=0.0011s pub=0.0036s delay=0.3852s (local map=200, WM=200)
[INFO] [1771518879.007303373] [rtabmap]: rtabmap (1547): Rate=1.00s, Limit=0.000s, Conversion=0.0003s, RTAB-Map=0.2448s, Maps update=0.0013s pub=0.0044s delay=0.4219s (local map=200, WM=200)
[INFO] [1771518879.982974237] [rtabmap]: rtabmap (1548): Rate=1.00s, Limit=0.000s, Conversion=0.0005s, RTAB-Map=0.2206s, Maps update=0.0011s pub=0.0037s delay=0.3976s (local map=200, WM=200)
[INFO] [1771518880.971762408] [rtabmap]: rtabmap (1549): Rate=1.00s, Limit=0.000s, Conversion=0.0003s, RTAB-Map=0.2124s, Maps update=0.0011s pub=0.0037s delay=0.3858s (local map=200, WM=200)
[INFO] [1771518882.098742455] [rtabmap]: rtabmap (1550): Rate=1.00s, Limit=0.000s, Conversion=0.0005s, RTAB-Map=0.2373s, Maps update=0.0012s pub=0.0060s delay=0.4133s (local map=200, WM=200)
[INFO] [1771518883.183389068] [rtabmap]: rtabmap (1551): Rate=1.00s, Limit=0.000s, Conversion=0.0003s, RTAB-Map=0.2241s, Maps update=0.0011s pub=0.0043s delay=0.3979s (local map=200, WM=200)
[INFO] [1771518884.291184166] [rtabmap]: rtabmap (1552): Rate=1.00s, Limit=0.000s, Conversion=0.0005s, RTAB-Map=0.2205s, Maps update=0.0012s pub=0.0045s delay=0.4054s (local map=200, WM=200)
[INFO] [1771518885.372551300] [rtabmap]: rtabmap (1553): Rate=1.00s, Limit=0.000s, Conversion=0.0003s, RTAB-Map=0.2171s, Maps update=0.0014s pub=0.0046s delay=0.3871s (local map=200, WM=200)
[INFO] [1771518886.394543999] [rtabmap]: rtabmap (1554): Rate=1.00s, Limit=0.000s, Conversion=0.0003s, RTAB-Map=0.2370s, Maps update=0.0014s pub=0.0057s delay=0.4090s (local map=200, WM=200)
[INFO] [1771518887.481945656] [rtabmap]: rtabmap (1555): Rate=1.00s, Limit=0.000s, Conversion=0.0004s, RTAB-Map=0.2262s, Maps update=0.0011s pub=0.0040s delay=0.3966s (local map=200, WM=200)
[INFO] [1771518888.572578149] [rtabmap]: rtabmap (1556): Rate=1.00s, Limit=0.000s, Conversion=0.0003s, RTAB-Map=0.2087s, Maps update=0.0011s pub=0.0040s delay=0.3871s (local map=200, WM=200)
[INFO] [1771518889.582556398] [rtabmap]: rtabmap (1557): Rate=1.00s, Limit=0.000s, Conversion=0.0003s, RTAB-Map=0.2263s, Maps update=0.0014s pub=0.0050s delay=0.3966s (local map=200, WM=200)
[INFO] [1771518890.674396807] [rtabmap]: rtabmap (1558): Rate=1.00s, Limit=0.000s, Conversion=0.0003s, RTAB-Map=0.2146s, Maps update=0.0011s pub=0.0039s delay=0.3886s (local map=200, WM=200)
[INFO] [1771518891.684652570] [rtabmap]: rtabmap (1559): Rate=1.00s, Limit=0.000s, Conversion=0.0004s, RTAB-Map=0.2223s, Maps update=0.0011s pub=0.0037s delay=0.3988s (local map=200, WM=200)
[INFO] [1771518892.785957993] [rtabmap]: rtabmap (1560): Rate=1.00s, Limit=0.000s, Conversion=0.0007s, RTAB-Map=0.2259s, Maps update=0.0011s pub=0.0042s delay=0.4005s (local map=200, WM=200)
[INFO] [1771518893.802370330] [rtabmap]: rtabmap (1561): Rate=1.00s, Limit=0.000s, Conversion=0.0005s, RTAB-Map=0.2350s, Maps update=0.0011s pub=0.0044s delay=0.4169s (local map=200, WM=200)
[INFO] [1771518894.771637795] [rtabmap]: rtabmap (1562): Rate=1.00s, Limit=0.000s, Conversion=0.0003s, RTAB-Map=0.2135s, Maps update=0.0011s pub=0.0043s delay=0.3862s (local map=200, WM=200)
[INFO] [1771518895.866864534] [rtabmap]: rtabmap (1563): Rate=1.00s, Limit=0.000s, Conversion=0.0004s, RTAB-Map=0.2158s, Maps update=0.0011s pub=0.0041s delay=0.3816s (local map=200, WM=200)
[INFO] [1771518896.893923145] [rtabmap]: rtabmap (1564): Rate=1.00s, Limit=0.000s, Conversion=0.0005s, RTAB-Map=0.2316s, Maps update=0.0012s pub=0.0046s delay=0.4086s (local map=200, WM=200)
[INFO] [1771518897.979404156] [rtabmap]: rtabmap (1565): Rate=1.00s, Limit=0.000s, Conversion=0.0003s, RTAB-Map=0.2206s, Maps update=0.0011s pub=0.0038s delay=0.3940s (local map=200, WM=200)
[INFO] [1771518899.088277949] [rtabmap]: rtabmap (1566): Rate=1.00s, Limit=0.000s, Conversion=0.0003s, RTAB-Map=0.2251s, Maps update=0.0011s pub=0.0040s delay=0.4030s (local map=200, WM=200)
[INFO] [1771518900.063972846] [rtabmap]: rtabmap (1567): Rate=1.00s, Limit=0.000s, Conversion=0.0003s, RTAB-Map=0.2087s, Maps update=0.0011s pub=0.0040s delay=0.3786s (local map=200, WM=200)
[INFO] [1771518901.076744828] [rtabmap]: rtabmap (1568): Rate=1.00s, Limit=0.000s, Conversion=0.0003s, RTAB-Map=0.2196s, Maps update=0.0011s pub=0.0034s delay=0.3907s (local map=200, WM=200)
[INFO] [1771518902.183816411] [rtabmap]: rtabmap (1569): Rate=1.00s, Limit=0.000s, Conversion=0.0004s, RTAB-Map=0.2231s, Maps update=0.0011s pub=0.0041s delay=0.3984s (local map=200, WM=200)
[INFO] [1771518903.290049117] [rtabmap]: rtabmap (1570): Rate=1.00s, Limit=0.000s, Conversion=0.0003s, RTAB-Map=0.2286s, Maps update=0.0011s pub=0.0054s delay=0.4048s (local map=200, WM=200)
[INFO] [1771518904.268854334] [rtabmap]: rtabmap (1571): Rate=1.00s, Limit=0.000s, Conversion=0.0005s, RTAB-Map=0.2117s, Maps update=0.0011s pub=0.0039s delay=0.3836s (local map=200, WM=200)
[INFO] [1771518905.280793518] [rtabmap]: rtabmap (1572): Rate=1.00s, Limit=0.000s, Conversion=0.0005s, RTAB-Map=0.2201s, Maps update=0.0011s pub=0.0037s delay=0.3953s (local map=200, WM=200)
[INFO] [1771518906.386810536] [rtabmap]: rtabmap (1573): Rate=1.00s, Limit=0.000s, Conversion=0.0003s, RTAB-Map=0.2218s, Maps update=0.0011s pub=0.0046s delay=0.4014s (local map=200, WM=200)
[INFO] [1771518907.382559822] [rtabmap]: rtabmap (1574): Rate=1.00s, Limit=0.000s, Conversion=0.0003s, RTAB-Map=0.2263s, Maps update=0.0011s pub=0.0040s delay=0.3971s (local map=200, WM=200)
[INFO] [1771518908.493926057] [rtabmap]: rtabmap (1575): Rate=1.00s, Limit=0.000s, Conversion=0.0005s, RTAB-Map=0.2364s, Maps update=0.0012s pub=0.0053s delay=0.4086s (local map=200, WM=200)
[INFO] [1771518909.586306037] [rtabmap]: rtabmap (1576): Rate=1.00s, Limit=0.000s, Conversion=0.0007s, RTAB-Map=0.2234s, Maps update=0.0011s pub=0.0052s delay=0.4010s (local map=200, WM=200)
[INFO] [1771518910.591328971] [rtabmap]: rtabmap (1577): Rate=1.00s, Limit=0.000s, Conversion=0.0005s, RTAB-Map=0.2363s, Maps update=0.0012s pub=0.0041s delay=0.4060s (local map=200, WM=200)
[INFO] [1771518911.684181256] [rtabmap]: rtabmap (1578): Rate=1.00s, Limit=0.000s, Conversion=0.0005s, RTAB-Map=0.2241s, Maps update=0.0011s pub=0.0043s delay=0.3989s (local map=200, WM=200)
[INFO] [1771518912.691562995] [rtabmap]: rtabmap (1579): Rate=1.00s, Limit=0.000s, Conversion=0.0004s, RTAB-Map=0.2306s, Maps update=0.0012s pub=0.0049s delay=0.4062s (local map=200, WM=200)
[INFO] [1771518913.680981205] [rtabmap]: rtabmap (1580): Rate=1.00s, Limit=0.000s, Conversion=0.0003s, RTAB-Map=0.2267s, Maps update=0.0011s pub=0.0041s delay=0.3955s (local map=200, WM=200)
[INFO] [1771518914.679874509] [rtabmap]: rtabmap (1581): Rate=1.00s, Limit=0.000s, Conversion=0.0005s, RTAB-Map=0.2201s, Maps update=0.0014s pub=0.0050s delay=0.3939s (local map=200, WM=200)
[INFO] [1771518915.789995867] [rtabmap]: rtabmap (1582): Rate=1.00s, Limit=0.000s, Conversion=0.0003s, RTAB-Map=0.2330s, Maps update=0.0011s pub=0.0045s delay=0.4047s (local map=200, WM=200)
[INFO] [1771518916.895458016] [rtabmap]: rtabmap (1583): Rate=1.00s, Limit=0.000s, Conversion=0.0003s, RTAB-Map=0.2313s, Maps update=0.0012s pub=0.0059s delay=0.4101s (local map=200, WM=200)
[INFO] [1771518917.997558220] [rtabmap]: rtabmap (1584): Rate=1.00s, Limit=0.000s, Conversion=0.0003s, RTAB-Map=0.2387s, Maps update=0.0012s pub=0.0043s delay=0.4122s (local map=200, WM=200)
[INFO] [1771518919.069065734] [rtabmap]: rtabmap (1585): Rate=1.00s, Limit=0.000s, Conversion=0.0003s, RTAB-Map=0.2093s, Maps update=0.0012s pub=0.0041s delay=0.3836s (local map=200, WM=200)
[INFO] [1771518920.190475148] [rtabmap]: rtabmap (1586): Rate=1.00s, Limit=0.000s, Conversion=0.0003s, RTAB-Map=0.2286s, Maps update=0.0011s pub=0.0050s delay=0.4052s (local map=200, WM=200)
[INFO] [1771518921.177958119] [rtabmap]: rtabmap (1587): Rate=1.00s, Limit=0.000s, Conversion=0.0003s, RTAB-Map=0.2222s, Maps update=0.0011s pub=0.0043s delay=0.3926s (local map=200, WM=200)
[INFO] [1771518922.176870336] [rtabmap]: rtabmap (1588): Rate=1.00s, Limit=0.000s, Conversion=0.0003s, RTAB-Map=0.2189s, Maps update=0.0011s pub=0.0043s delay=0.3914s (local map=200, WM=200)
[INFO] [1771518923.277784001] [rtabmap]: rtabmap (1589): Rate=1.00s, Limit=0.000s, Conversion=0.0003s, RTAB-Map=0.2185s, Maps update=0.0011s pub=0.0042s delay=0.3924s (local map=200, WM=200)
[INFO] [1771518924.387692679] [rtabmap]: rtabmap (1590): Rate=1.00s, Limit=0.000s, Conversion=0.0004s, RTAB-Map=0.2244s, Maps update=0.0011s pub=0.0053s delay=0.4024s (local map=200, WM=200)
[INFO] [1771518925.477452085] [rtabmap]: rtabmap (1591): Rate=1.00s, Limit=0.000s, Conversion=0.0003s, RTAB-Map=0.2204s, Maps update=0.0011s pub=0.0034s delay=0.3920s (local map=200, WM=200)
[INFO] [1771518926.585883750] [rtabmap]: rtabmap (1592): Rate=1.00s, Limit=0.000s, Conversion=0.0004s, RTAB-Map=0.2138s, Maps update=0.0014s pub=0.0043s delay=0.3997s (local map=200, WM=200)
[INFO] [1771518927.679265015] [rtabmap]: rtabmap (1593): Rate=1.00s, Limit=0.000s, Conversion=0.0005s, RTAB-Map=0.2176s, Maps update=0.0011s pub=0.0044s delay=0.3938s (local map=200, WM=200)
[INFO] [1771518928.805387055] [rtabmap]: rtabmap (1594): Rate=1.00s, Limit=0.000s, Conversion=0.0005s, RTAB-Map=0.2440s, Maps update=0.0014s pub=0.0050s delay=0.4199s (local map=200, WM=200)
[INFO] [1771518929.778955271] [rtabmap]: rtabmap (1595): Rate=1.00s, Limit=0.000s, Conversion=0.0003s, RTAB-Map=0.2164s, Maps update=0.0011s pub=0.0036s delay=0.3935s (local map=200, WM=200)
[INFO] [1771518930.854460405] [rtabmap]: rtabmap (1596): Rate=1.00s, Limit=0.000s, Conversion=0.0006s, RTAB-Map=0.2036s, Maps update=0.0011s pub=0.0039s delay=0.3690s (local map=200, WM=200)
[INFO] [1771518931.899926413] [rtabmap]: rtabmap (1597): Rate=1.00s, Limit=0.000s, Conversion=0.0005s, RTAB-Map=0.2417s, Maps update=0.0012s pub=0.0038s delay=0.4144s (local map=200, WM=200)
[INFO] [1771518932.983255260] [rtabmap]: rtabmap (1598): Rate=1.00s, Limit=0.000s, Conversion=0.0005s, RTAB-Map=0.2260s, Maps update=0.0013s pub=0.0051s delay=0.3977s (local map=200, WM=200)
[INFO] [1771518934.078307227] [rtabmap]: rtabmap (1599): Rate=1.00s, Limit=0.000s, Conversion=0.0003s, RTAB-Map=0.2193s, Maps update=0.0011s pub=0.0043s delay=0.3929s (local map=200, WM=200)
[INFO] [1771518935.069769160] [rtabmap]: rtabmap (1600): Rate=1.00s, Limit=0.000s, Conversion=0.0004s, RTAB-Map=0.2153s, Maps update=0.0011s pub=0.0040s delay=0.3841s (local map=200, WM=200)
[INFO] [1771518936.181712408] [rtabmap]: rtabmap (1601): Rate=1.00s, Limit=0.000s, Conversion=0.0006s, RTAB-Map=0.2233s, Maps update=0.0011s pub=0.0039s delay=0.3961s (local map=200, WM=200)
[INFO] [1771518937.297469396] [rtabmap]: rtabmap (1602): Rate=1.00s, Limit=0.000s, Conversion=0.0005s, RTAB-Map=0.2253s, Maps update=0.0012s pub=0.0056s delay=0.4118s (local map=200, WM=200)
[INFO] [1771518938.381049388] [rtabmap]: rtabmap (1603): Rate=1.00s, Limit=0.000s, Conversion=0.0005s, RTAB-Map=0.2160s, Maps update=0.0011s pub=0.0041s delay=0.3954s (local map=200, WM=200)
[INFO] [1771518939.482844005] [rtabmap]: rtabmap (1604): Rate=1.00s, Limit=0.000s, Conversion=0.0004s, RTAB-Map=0.2288s, Maps update=0.0011s pub=0.0042s delay=0.3972s (local map=200, WM=200)
[INFO] [1771518940.580365535] [rtabmap]: rtabmap (1605): Rate=1.00s, Limit=0.000s, Conversion=0.0004s, RTAB-Map=0.2241s, Maps update=0.0011s pub=0.0039s delay=0.3949s (local map=200, WM=200)
[INFO] [1771518941.573198431] [rtabmap]: rtabmap (1606): Rate=1.00s, Limit=0.000s, Conversion=0.0003s, RTAB-Map=0.2092s, Maps update=0.0011s pub=0.0040s delay=0.3877s (local map=200, WM=200)
[INFO] [1771518942.567008515] [rtabmap]: rtabmap (1607): Rate=1.00s, Limit=0.000s, Conversion=0.0005s, RTAB-Map=0.2147s, Maps update=0.0011s pub=0.0041s delay=0.3814s (local map=200, WM=200)
[INFO] [1771518943.566811109] [rtabmap]: rtabmap (1608): Rate=1.00s, Limit=0.000s, Conversion=0.0004s, RTAB-Map=0.2142s, Maps update=0.0013s pub=0.0047s delay=0.3812s (local map=200, WM=200)
[INFO] [1771518944.592217432] [rtabmap]: rtabmap (1609): Rate=1.00s, Limit=0.000s, Conversion=0.0004s, RTAB-Map=0.2280s, Maps update=0.0011s pub=0.0044s delay=0.4066s (local map=200, WM=200)
[INFO] [1771518945.670270691] [rtabmap]: rtabmap (1610): Rate=1.00s, Limit=0.000s, Conversion=0.0006s, RTAB-Map=0.2128s, Maps update=0.0011s pub=0.0045s delay=0.3846s (local map=200, WM=200)
[INFO] [1771518946.788297396] [rtabmap]: rtabmap (1611): Rate=1.00s, Limit=0.000s, Conversion=0.0105s, RTAB-Map=0.2259s, Maps update=0.0011s pub=0.0040s delay=0.4028s (local map=200, WM=200)
[INFO] [1771518947.781532674] [rtabmap]: rtabmap (1612): Rate=1.00s, Limit=0.000s, Conversion=0.0003s, RTAB-Map=0.2237s, Maps update=0.0011s pub=0.0039s delay=0.3960s (local map=200, WM=200)
[INFO] [1771518948.784674207] [rtabmap]: rtabmap (1613): Rate=1.00s, Limit=0.000s, Conversion=0.0004s, RTAB-Map=0.2330s, Maps update=0.0011s pub=0.0048s delay=0.3991s (local map=200, WM=200)
[INFO] [1771518949.782037958] [rtabmap]: rtabmap (1614): Rate=1.00s, Limit=0.000s, Conversion=0.0003s, RTAB-Map=0.2270s, Maps update=0.0011s pub=0.0039s delay=0.3964s (local map=200, WM=200)
[INFO] [1771518950.766950818] [rtabmap]: rtabmap (1615): Rate=1.00s, Limit=0.000s, Conversion=0.0004s, RTAB-Map=0.2133s, Maps update=0.0011s pub=0.0042s delay=0.3813s (local map=200, WM=200)
[INFO] [1771518951.871625413] [rtabmap]: rtabmap (1616): Rate=1.00s, Limit=0.000s, Conversion=0.0005s, RTAB-Map=0.2208s, Maps update=0.0011s pub=0.0036s delay=0.3861s (local map=200, WM=200)
[INFO] [1771518952.887392756] [rtabmap]: rtabmap (1617): Rate=1.00s, Limit=0.000s, Conversion=0.0008s, RTAB-Map=0.2288s, Maps update=0.0020s pub=0.0043s delay=0.4017s (local map=200, WM=200)
[INFO] [1771518953.991695689] [rtabmap]: rtabmap (1618): Rate=1.00s, Limit=0.000s, Conversion=0.0004s, RTAB-Map=0.2373s, Maps update=0.0011s pub=0.0052s delay=0.4060s (local map=200, WM=200)
[INFO] [1771518954.969247797] [rtabmap]: rtabmap (1619): Rate=1.00s, Limit=0.000s, Conversion=0.0004s, RTAB-Map=0.2168s, Maps update=0.0011s pub=0.0039s delay=0.3835s (local map=200, WM=200)
[INFO] [1771518956.078221718] [rtabmap]: rtabmap (1620): Rate=1.00s, Limit=0.000s, Conversion=0.0003s, RTAB-Map=0.2210s, Maps update=0.0011s pub=0.0039s delay=0.3926s (local map=200, WM=200)
[INFO] [1771518957.089563490] [rtabmap]: rtabmap (1621): Rate=1.00s, Limit=0.000s, Conversion=0.0005s, RTAB-Map=0.2313s, Maps update=0.0011s pub=0.0049s delay=0.4038s (local map=200, WM=200)
[INFO] [1771518958.169488211] [rtabmap]: rtabmap (1622): Rate=1.00s, Limit=0.000s, Conversion=0.0003s, RTAB-Map=0.2165s, Maps update=0.0020s pub=0.0039s delay=0.3837s (local map=200, WM=200)
[INFO] [1771518959.276708052] [rtabmap]: rtabmap (1623): Rate=1.00s, Limit=0.000s, Conversion=0.0003s, RTAB-Map=0.2091s, Maps update=0.0011s pub=0.0036s delay=0.3909s (local map=200, WM=200)
[INFO] [1771518960.381661089] [rtabmap]: rtabmap (1624): Rate=1.00s, Limit=0.000s, Conversion=0.0004s, RTAB-Map=0.2207s, Maps update=0.0011s pub=0.0044s delay=0.3959s (local map=200, WM=200)
[INFO] [1771518961.472404097] [rtabmap]: rtabmap (1625): Rate=1.00s, Limit=0.000s, Conversion=0.0004s, RTAB-Map=0.2139s, Maps update=0.0011s pub=0.0041s delay=0.3867s (local map=200, WM=200)
[INFO] [1771518962.461904582] [rtabmap]: rtabmap (1626): Rate=1.00s, Limit=0.000s, Conversion=0.0004s, RTAB-Map=0.2068s, Maps update=0.0014s pub=0.0040s delay=0.3762s (local map=200, WM=200)
[INFO] [1771518963.585393152] [rtabmap]: rtabmap (1627): Rate=1.00s, Limit=0.000s, Conversion=0.0003s, RTAB-Map=0.2277s, Maps update=0.0011s pub=0.0041s delay=0.3996s (local map=200, WM=200)
[INFO] [1771518964.692604641] [rtabmap]: rtabmap (1628): Rate=1.00s, Limit=0.000s, Conversion=0.0007s, RTAB-Map=0.2294s, Maps update=0.0012s pub=0.0047s delay=0.4069s (local map=200, WM=200)
[INFO] [1771518965.688725562] [rtabmap]: rtabmap (1629): Rate=1.00s, Limit=0.000s, Conversion=0.0003s, RTAB-Map=0.2167s, Maps update=0.0011s pub=0.0040s delay=0.4030s (local map=200, WM=200)
[INFO] [1771518966.681688863] [rtabmap]: rtabmap (1630): Rate=1.00s, Limit=0.000s, Conversion=0.0003s, RTAB-Map=0.2201s, Maps update=0.0011s pub=0.0053s delay=0.3959s (local map=200, WM=200)
[INFO] [1771518967.683688785] [rtabmap]: rtabmap (1631): Rate=1.00s, Limit=0.000s, Conversion=0.0105s, RTAB-Map=0.2150s, Maps update=0.0015s pub=0.0060s delay=0.3978s (local map=200, WM=200)
[INFO] [1771518968.773935423] [rtabmap]: rtabmap (1632): Rate=1.00s, Limit=0.000s, Conversion=0.0003s, RTAB-Map=0.2183s, Maps update=0.0013s pub=0.0042s delay=0.3881s (local map=200, WM=200)
[INFO] [1771518969.765293225] [rtabmap]: rtabmap (1633): Rate=1.00s, Limit=0.000s, Conversion=0.0005s, RTAB-Map=0.2078s, Maps update=0.0011s pub=0.0040s delay=0.3794s (local map=200, WM=200)
[INFO] [1771518970.872988731] [rtabmap]: rtabmap (1634): Rate=1.00s, Limit=0.000s, Conversion=0.0005s, RTAB-Map=0.2149s, Maps update=0.0011s pub=0.0039s delay=0.3871s (local map=200, WM=200)
[INFO] [1771518971.985867053] [rtabmap]: rtabmap (1635): Rate=1.00s, Limit=0.000s, Conversion=0.0003s, RTAB-Map=0.2230s, Maps update=0.0011s pub=0.0045s delay=0.4001s (local map=200, WM=200)
[INFO] [1771518973.081390206] [rtabmap]: rtabmap (1636): Rate=1.00s, Limit=0.000s, Conversion=0.0005s, RTAB-Map=0.2172s, Maps update=0.0013s pub=0.0052s delay=0.3955s (local map=200, WM=200)
[INFO] [1771518974.058215311] [rtabmap]: rtabmap (1637): Rate=1.00s, Limit=0.000s, Conversion=0.0005s, RTAB-Map=0.2020s, Maps update=0.0011s pub=0.0039s delay=0.3723s (local map=200, WM=200)
[INFO] [1771518975.178279179] [rtabmap]: rtabmap (1638): Rate=1.00s, Limit=0.000s, Conversion=0.0005s, RTAB-Map=0.2159s, Maps update=0.0011s pub=0.0036s delay=0.3925s (local map=200, WM=200)
[INFO] [1771518976.197794276] [rtabmap]: rtabmap (1639): Rate=1.00s, Limit=0.000s, Conversion=0.0003s, RTAB-Map=0.2301s, Maps update=0.0012s pub=0.0070s delay=0.4120s (local map=200, WM=200)
[INFO] [1771518977.193677301] [rtabmap]: rtabmap (1640): Rate=1.00s, Limit=0.000s, Conversion=0.0005s, RTAB-Map=0.2274s, Maps update=0.0012s pub=0.0045s delay=0.4077s (local map=200, WM=200)
[INFO] [1771518978.260001839] [rtabmap]: rtabmap (1641): Rate=1.00s, Limit=0.000s, Conversion=0.0003s, RTAB-Map=0.1972s, Maps update=0.0011s pub=0.0041s delay=0.3741s (local map=200, WM=200)
[INFO] [1771518979.282375474] [rtabmap]: rtabmap (1642): Rate=1.00s, Limit=0.000s, Conversion=0.0006s, RTAB-Map=0.2229s, Maps update=0.0011s pub=0.0037s delay=0.3964s (local map=200, WM=200)
[INFO] [1771518980.401084731] [rtabmap]: rtabmap (1643): Rate=1.00s, Limit=0.000s, Conversion=0.0003s, RTAB-Map=0.2382s, Maps update=0.0014s pub=0.0044s delay=0.4151s (local map=200, WM=200)
[INFO] [1771518981.476891444] [rtabmap]: rtabmap (1644): Rate=1.00s, Limit=0.000s, Conversion=0.0003s, RTAB-Map=0.2189s, Maps update=0.0011s pub=0.0045s delay=0.3911s (local map=200, WM=200)
[INFO] [1771518982.492407610] [rtabmap]: rtabmap (1645): Rate=1.00s, Limit=0.000s, Conversion=0.0005s, RTAB-Map=0.2294s, Maps update=0.0012s pub=0.0045s delay=0.4064s (local map=200, WM=200)
[INFO] [1771518983.591245509] [rtabmap]: rtabmap (1646): Rate=1.00s, Limit=0.000s, Conversion=0.0003s, RTAB-Map=0.2278s, Maps update=0.0012s pub=0.0039s delay=0.4054s (local map=200, WM=200)
[INFO] [1771518984.579421497] [rtabmap]: rtabmap (1647): Rate=1.00s, Limit=0.000s, Conversion=0.0003s, RTAB-Map=0.2221s, Maps update=0.0011s pub=0.0041s delay=0.3935s (local map=200, WM=200)
[INFO] [1771518985.579622665] [rtabmap]: rtabmap (1648): Rate=1.00s, Limit=0.000s, Conversion=0.0007s, RTAB-Map=0.2241s, Maps update=0.0011s pub=0.0036s delay=0.3937s (local map=200, WM=200)
[INFO] [1771518986.579364040] [rtabmap]: rtabmap (1649): Rate=1.00s, Limit=0.000s, Conversion=0.0003s, RTAB-Map=0.2174s, Maps update=0.0011s pub=0.0037s delay=0.3934s (local map=200, WM=200)
[INFO] [1771518987.570734290] [rtabmap]: rtabmap (1650): Rate=1.00s, Limit=0.000s, Conversion=0.0005s, RTAB-Map=0.2183s, Maps update=0.0011s pub=0.0039s delay=0.3847s (local map=200, WM=200)
[INFO] [1771518988.671566215] [rtabmap]: rtabmap (1651): Rate=1.00s, Limit=0.000s, Conversion=0.0003s, RTAB-Map=0.2115s, Maps update=0.0011s pub=0.0037s delay=0.3855s (local map=200, WM=200)
[INFO] [1771518989.682208217] [rtabmap]: rtabmap (1652): Rate=1.00s, Limit=0.000s, Conversion=0.0004s, RTAB-Map=0.2223s, Maps update=0.0013s pub=0.0042s delay=0.3962s (local map=200, WM=200)
[INFO] [1771518990.787937987] [rtabmap]: rtabmap (1653): Rate=1.00s, Limit=0.000s, Conversion=0.0005s, RTAB-Map=0.2178s, Maps update=0.0011s pub=0.0037s delay=0.4019s (local map=200, WM=200)
[INFO] [1771518991.881148479] [rtabmap]: rtabmap (1654): Rate=1.00s, Limit=0.000s, Conversion=0.0005s, RTAB-Map=0.2264s, Maps update=0.0011s pub=0.0042s delay=0.3951s (local map=200, WM=200)
[INFO] [1771518993.001721133] [rtabmap]: rtabmap (1655): Rate=1.00s, Limit=0.000s, Conversion=0.0005s, RTAB-Map=0.2383s, Maps update=0.0011s pub=0.0043s delay=0.4157s (local map=200, WM=200)
[INFO] [1771518994.084343745] [rtabmap]: rtabmap (1656): Rate=1.00s, Limit=0.000s, Conversion=0.0005s, RTAB-Map=0.2193s, Maps update=0.0011s pub=0.0045s delay=0.3983s (local map=200, WM=200)
[INFO] [1771518995.163433427] [rtabmap]: rtabmap (1657): Rate=1.00s, Limit=0.000s, Conversion=0.0005s, RTAB-Map=0.2085s, Maps update=0.0011s pub=0.0039s delay=0.3775s (local map=200, WM=200)
[INFO] [1771518996.275567690] [rtabmap]: rtabmap (1658): Rate=1.00s, Limit=0.000s, Conversion=0.0003s, RTAB-Map=0.2223s, Maps update=0.0011s pub=0.0040s delay=0.3896s (local map=200, WM=200)
[INFO] [1771518997.281434891] [rtabmap]: rtabmap (1659): Rate=1.00s, Limit=0.000s, Conversion=0.0003s, RTAB-Map=0.2237s, Maps update=0.0011s pub=0.0040s delay=0.3954s (local map=200, WM=200)
[INFO] [1771518998.276551455] [rtabmap]: rtabmap (1660): Rate=1.00s, Limit=0.000s, Conversion=0.0003s, RTAB-Map=0.2124s, Maps update=0.0011s pub=0.0043s delay=0.3905s (local map=200, WM=200)
[INFO] [1771518999.404500574] [rtabmap]: rtabmap (1661): Rate=1.00s, Limit=0.000s, Conversion=0.0003s, RTAB-Map=0.2462s, Maps update=0.0011s pub=0.0038s delay=0.4185s (local map=200, WM=200)
[INFO] [1771519000.364897264] [rtabmap]: rtabmap (1662): Rate=1.00s, Limit=0.000s, Conversion=0.0004s, RTAB-Map=0.2163s, Maps update=0.0011s pub=0.0036s delay=0.3789s (local map=200, WM=200)
[INFO] [1771519001.372116835] [rtabmap]: rtabmap (1663): Rate=1.00s, Limit=0.000s, Conversion=0.0005s, RTAB-Map=0.2138s, Maps update=0.0011s pub=0.0043s delay=0.3861s (local map=200, WM=200)
[INFO] [1771519002.352585050] [rtabmap]: rtabmap (1664): Rate=1.00s, Limit=0.000s, Conversion=0.0003s, RTAB-Map=0.1996s, Maps update=0.0011s pub=0.0051s delay=0.3665s (local map=200, WM=200)
[INFO] [1771519003.386593803] [rtabmap]: rtabmap (1665): Rate=1.00s, Limit=0.000s, Conversion=0.0003s, RTAB-Map=0.2266s, Maps update=0.0013s pub=0.0048s delay=0.4004s (local map=200, WM=200)
[INFO] [1771519004.499757032] [rtabmap]: rtabmap (1666): Rate=1.00s, Limit=0.000s, Conversion=0.0004s, RTAB-Map=0.2347s, Maps update=0.0012s pub=0.0042s delay=0.4138s (local map=200, WM=200)
[INFO] [1771519005.490740643] [rtabmap]: rtabmap (1667): Rate=1.00s, Limit=0.000s, Conversion=0.0005s, RTAB-Map=0.2259s, Maps update=0.0013s pub=0.0051s delay=0.4047s (local map=200, WM=200)
[INFO] [1771519006.587995412] [rtabmap]: rtabmap (1668): Rate=1.00s, Limit=0.000s, Conversion=0.0004s, RTAB-Map=0.2275s, Maps update=0.0011s pub=0.0037s delay=0.4019s (local map=200, WM=200)
[INFO] [1771519007.677798546] [rtabmap]: rtabmap (1669): Rate=1.00s, Limit=0.000s, Conversion=0.0004s, RTAB-Map=0.2233s, Maps update=0.0011s pub=0.0040s delay=0.3916s (local map=200, WM=200)
[INFO] [1771519008.772767279] [rtabmap]: rtabmap (1670): Rate=1.00s, Limit=0.000s, Conversion=0.0004s, RTAB-Map=0.2202s, Maps update=0.0011s pub=0.0038s delay=0.3869s (local map=200, WM=200)
[INFO] [1771519009.775265587] [rtabmap]: rtabmap (1671): Rate=1.00s, Limit=0.000s, Conversion=0.0003s, RTAB-Map=0.2154s, Maps update=0.0013s pub=0.0039s delay=0.3894s (local map=200, WM=200)
[INFO] [1771519010.781566597] [rtabmap]: rtabmap (1672): Rate=1.00s, Limit=0.000s, Conversion=0.0003s, RTAB-Map=0.2258s, Maps update=0.0013s pub=0.0036s delay=0.3954s (local map=200, WM=200)
[INFO] [1771519011.783882947] [rtabmap]: rtabmap (1673): Rate=1.00s, Limit=0.000s, Conversion=0.0005s, RTAB-Map=0.2164s, Maps update=0.0011s pub=0.0040s delay=0.3977s (local map=200, WM=200)
[INFO] [1771519012.878691546] [rtabmap]: rtabmap (1674): Rate=1.00s, Limit=0.000s, Conversion=0.0005s, RTAB-Map=0.2221s, Maps update=0.0011s pub=0.0040s delay=0.3926s (local map=200, WM=200)
[INFO] [1771519013.978411078] [rtabmap]: rtabmap (1675): Rate=1.00s, Limit=0.000s, Conversion=0.0003s, RTAB-Map=0.2122s, Maps update=0.0011s pub=0.0044s delay=0.3924s (local map=200, WM=200)
[INFO] [1771519014.988503203] [rtabmap]: rtabmap (1676): Rate=1.00s, Limit=0.000s, Conversion=0.0003s, RTAB-Map=0.2282s, Maps update=0.0011s pub=0.0043s delay=0.4023s (local map=200, WM=200)
[INFO] [1771519016.081097704] [rtabmap]: rtabmap (1677): Rate=1.00s, Limit=0.000s, Conversion=0.0004s, RTAB-Map=0.2260s, Maps update=0.0011s pub=0.0047s delay=0.3950s (local map=200, WM=200)
[INFO] [1771519017.185729097] [rtabmap]: rtabmap (1678): Rate=1.00s, Limit=0.000s, Conversion=0.0005s, RTAB-Map=0.2221s, Maps update=0.0011s pub=0.0036s delay=0.3996s (local map=200, WM=200)
[INFO] [1771519018.157660197] [rtabmap]: rtabmap (1679): Rate=1.00s, Limit=0.000s, Conversion=0.0006s, RTAB-Map=0.2044s, Maps update=0.0011s pub=0.0036s delay=0.3715s (local map=200, WM=200)
[INFO] [1771519019.176515430] [rtabmap]: rtabmap (1680): Rate=1.00s, Limit=0.000s, Conversion=0.0003s, RTAB-Map=0.2213s, Maps update=0.0011s pub=0.0042s delay=0.3903s (local map=200, WM=200)
[INFO] [1771519020.298946873] [rtabmap]: rtabmap (1681): Rate=1.00s, Limit=0.000s, Conversion=0.0003s, RTAB-Map=0.2379s, Maps update=0.0011s pub=0.0045s delay=0.4127s (local map=200, WM=200)
[INFO] [1771519021.378015850] [rtabmap]: rtabmap (1682): Rate=1.00s, Limit=0.000s, Conversion=0.0005s, RTAB-Map=0.2188s, Maps update=0.0011s pub=0.0046s delay=0.3918s (local map=200, WM=200)
[INFO] [1771519022.490876412] [rtabmap]: rtabmap (1683): Rate=1.00s, Limit=0.000s, Conversion=0.0107s, RTAB-Map=0.2230s, Maps update=0.0014s pub=0.0054s delay=0.4047s (local map=200, WM=200)
[INFO] [1771519023.485379769] [rtabmap]: rtabmap (1684): Rate=1.00s, Limit=0.000s, Conversion=0.0005s, RTAB-Map=0.2256s, Maps update=0.0011s pub=0.0040s delay=0.3990s (local map=200, WM=200)
[INFO] [1771519024.601909298] [rtabmap]: rtabmap (1685): Rate=1.00s, Limit=0.000s, Conversion=0.0005s, RTAB-Map=0.2386s, Maps update=0.0012s pub=0.0043s delay=0.4159s (local map=200, WM=200)
[INFO] [1771519025.560650887] [rtabmap]: rtabmap (1686): Rate=1.00s, Limit=0.000s, Conversion=0.0005s, RTAB-Map=0.2101s, Maps update=0.0011s pub=0.0041s delay=0.3744s (local map=200, WM=200)
[INFO] [1771519026.676975224] [rtabmap]: rtabmap (1687): Rate=1.00s, Limit=0.000s, Conversion=0.0005s, RTAB-Map=0.2122s, Maps update=0.0011s pub=0.0039s delay=0.3907s (local map=200, WM=200)
[INFO] [1771519027.784847025] [rtabmap]: rtabmap (1688): Rate=1.00s, Limit=0.000s, Conversion=0.0004s, RTAB-Map=0.2280s, Maps update=0.0011s pub=0.0041s delay=0.3986s (local map=200, WM=200)
[INFO] [1771519028.879739083] [rtabmap]: rtabmap (1689): Rate=1.00s, Limit=0.000s, Conversion=0.0005s, RTAB-Map=0.2201s, Maps update=0.0014s pub=0.0044s delay=0.3937s (local map=200, WM=200)
[INFO] [1771519029.984937921] [rtabmap]: rtabmap (1690): Rate=1.00s, Limit=0.000s, Conversion=0.0003s, RTAB-Map=0.2242s, Maps update=0.0011s pub=0.0041s delay=0.3986s (local map=200, WM=200)
[INFO] [1771519031.071220445] [rtabmap]: rtabmap (1691): Rate=1.00s, Limit=0.000s, Conversion=0.0005s, RTAB-Map=0.2200s, Maps update=0.0011s pub=0.0036s delay=0.3850s (local map=200, WM=200)
[INFO] [1771519032.076420518] [rtabmap]: rtabmap (1692): Rate=1.00s, Limit=0.000s, Conversion=0.0004s, RTAB-Map=0.2157s, Maps update=0.0011s pub=0.0046s delay=0.3902s (local map=200, WM=200)
[INFO] [1771519033.170393789] [rtabmap]: rtabmap (1693): Rate=1.00s, Limit=0.000s, Conversion=0.0003s, RTAB-Map=0.2165s, Maps update=0.0011s pub=0.0046s delay=0.3843s (local map=200, WM=200)
[INFO] [1771519034.297178097] [rtabmap]: rtabmap (1694): Rate=1.00s, Limit=0.000s, Conversion=0.0004s, RTAB-Map=0.2351s, Maps update=0.0013s pub=0.0100s delay=0.4110s (local map=200, WM=200)
[INFO] [1771519035.380339865] [rtabmap]: rtabmap (1695): Rate=1.00s, Limit=0.000s, Conversion=0.0003s, RTAB-Map=0.2122s, Maps update=0.0011s pub=0.0035s delay=0.3942s (local map=200, WM=200)
[INFO] [1771519036.489246489] [rtabmap]: rtabmap (1696): Rate=1.00s, Limit=0.000s, Conversion=0.0005s, RTAB-Map=0.2331s, Maps update=0.0013s pub=0.0047s delay=0.4030s (local map=200, WM=200)
[INFO] [1771519037.612066842] [rtabmap]: rtabmap (1697): Rate=1.00s, Limit=0.000s, Conversion=0.0005s, RTAB-Map=0.2467s, Maps update=0.0011s pub=0.0039s delay=0.4258s (local map=200, WM=200)
[INFO] [1771519038.590679724] [rtabmap]: rtabmap (1698): Rate=1.00s, Limit=0.000s, Conversion=0.0003s, RTAB-Map=0.2224s, Maps update=0.0011s pub=0.0052s delay=0.4044s (local map=200, WM=200)
[INFO] [1771519039.685959220] [rtabmap]: rtabmap (1699): Rate=1.00s, Limit=0.000s, Conversion=0.0004s, RTAB-Map=0.2294s, Maps update=0.0011s pub=0.0038s delay=0.3998s (local map=200, WM=200)
[INFO] [1771519040.775236383] [rtabmap]: rtabmap (1700): Rate=1.00s, Limit=0.000s, Conversion=0.0003s, RTAB-Map=0.2141s, Maps update=0.0011s pub=0.0039s delay=0.3888s (local map=200, WM=200)
[INFO] [1771519041.893726528] [rtabmap]: rtabmap (1701): Rate=1.00s, Limit=0.000s, Conversion=0.0003s, RTAB-Map=0.2294s, Maps update=0.0011s pub=0.0045s delay=0.4084s (local map=200, WM=200)
[INFO] [1771519042.902550991] [rtabmap]: rtabmap (1702): Rate=1.00s, Limit=0.000s, Conversion=0.0106s, RTAB-Map=0.2287s, Maps update=0.0011s pub=0.0041s delay=0.4172s (local map=200, WM=200)
[INFO] [1771519043.866271419] [rtabmap]: rtabmap (1703): Rate=1.00s, Limit=0.000s, Conversion=0.0007s, RTAB-Map=0.2121s, Maps update=0.0011s pub=0.0037s delay=0.3799s (local map=200, WM=200)
[INFO] [1771519044.977797819] [rtabmap]: rtabmap (1704): Rate=1.00s, Limit=0.000s, Conversion=0.0005s, RTAB-Map=0.2213s, Maps update=0.0011s pub=0.0039s delay=0.3917s (local map=200, WM=200)
[INFO] [1771519045.997073324] [rtabmap]: rtabmap (1705): Rate=1.00s, Limit=0.000s, Conversion=0.0005s, RTAB-Map=0.2248s, Maps update=0.0011s pub=0.0072s delay=0.4109s (local map=200, WM=200)
[INFO] [1771519047.082727024] [rtabmap]: rtabmap (1706): Rate=1.00s, Limit=0.000s, Conversion=0.0006s, RTAB-Map=0.2274s, Maps update=0.0011s pub=0.0037s delay=0.3963s (local map=200, WM=200)
[INFO] [1771519048.201736357] [rtabmap]: rtabmap (1707): Rate=1.00s, Limit=0.000s, Conversion=0.0003s, RTAB-Map=0.2430s, Maps update=0.0012s pub=0.0040s delay=0.4155s (local map=200, WM=200)
[INFO] [1771519049.177966623] [rtabmap]: rtabmap (1708): Rate=1.00s, Limit=0.000s, Conversion=0.0004s, RTAB-Map=0.2134s, Maps update=0.0011s pub=0.0041s delay=0.3915s (local map=200, WM=200)
[INFO] [1771519050.289107089] [rtabmap]: rtabmap (1709): Rate=1.00s, Limit=0.000s, Conversion=0.0003s, RTAB-Map=0.2251s, Maps update=0.0011s pub=0.0041s delay=0.4028s (local map=200, WM=200)
[INFO] [1771519051.267776230] [rtabmap]: rtabmap (1710): Rate=1.00s, Limit=0.000s, Conversion=0.0005s, RTAB-Map=0.2070s, Maps update=0.0011s pub=0.0039s delay=0.3814s (local map=200, WM=200)
[INFO] [1771519052.273114708] [rtabmap]: rtabmap (1711): Rate=1.00s, Limit=0.000s, Conversion=0.0003s, RTAB-Map=0.2174s, Maps update=0.0011s pub=0.0038s delay=0.3867s (local map=200, WM=200)
[INFO] [1771519053.379515991] [rtabmap]: rtabmap (1712): Rate=1.00s, Limit=0.000s, Conversion=0.0003s, RTAB-Map=0.2237s, Maps update=0.0011s pub=0.0040s delay=0.3931s (local map=200, WM=200)
[INFO] [1771519054.479965502] [rtabmap]: rtabmap (1713): Rate=1.00s, Limit=0.000s, Conversion=0.0003s, RTAB-Map=0.2256s, Maps update=0.0011s pub=0.0041s delay=0.3935s (local map=200, WM=200)
[INFO] [1771519055.571554621] [rtabmap]: rtabmap (1714): Rate=1.00s, Limit=0.000s, Conversion=0.0003s, RTAB-Map=0.2136s, Maps update=0.0011s pub=0.0035s delay=0.3851s (local map=200, WM=200)
[INFO] [1771519056.575880838] [rtabmap]: rtabmap (1715): Rate=1.00s, Limit=0.000s, Conversion=0.0004s, RTAB-Map=0.2126s, Maps update=0.0011s pub=0.0046s delay=0.3894s (local map=200, WM=200)
[INFO] [1771519057.683461076] [rtabmap]: rtabmap (1716): Rate=1.00s, Limit=0.000s, Conversion=0.0003s, RTAB-Map=0.2328s, Maps update=0.0011s pub=0.0040s delay=0.3971s (local map=200, WM=200)
[INFO] [1771519058.674461168] [rtabmap]: rtabmap (1717): Rate=1.00s, Limit=0.000s, Conversion=0.0004s, RTAB-Map=0.2218s, Maps update=0.0011s pub=0.0039s delay=0.3881s (local map=200, WM=200)
[INFO] [1771519059.785065582] [rtabmap]: rtabmap (1718): Rate=1.00s, Limit=0.000s, Conversion=0.0005s, RTAB-Map=0.2218s, Maps update=0.0011s pub=0.0039s delay=0.3986s (local map=200, WM=200)
[INFO] [1771519060.876589634] [rtabmap]: rtabmap (1719): Rate=1.00s, Limit=0.000s, Conversion=0.0005s, RTAB-Map=0.2214s, Maps update=0.0011s pub=0.0036s delay=0.3902s (local map=200, WM=200)
[INFO] [1771519061.885157713] [rtabmap]: rtabmap (1720): Rate=1.00s, Limit=0.000s, Conversion=0.0008s, RTAB-Map=0.2171s, Maps update=0.0011s pub=0.0046s delay=0.3987s (local map=200, WM=200)
[INFO] [1771519062.971106813] [rtabmap]: rtabmap (1721): Rate=1.00s, Limit=0.000s, Conversion=0.0004s, RTAB-Map=0.2169s, Maps update=0.0011s pub=0.0043s delay=0.3846s (local map=200, WM=200)
[INFO] [1771519064.097356930] [rtabmap]: rtabmap (1722): Rate=1.00s, Limit=0.000s, Conversion=0.0007s, RTAB-Map=0.2399s, Maps update=0.0014s pub=0.0055s delay=0.4109s (local map=200, WM=200)
[INFO] [1771519065.185981871] [rtabmap]: rtabmap (1723): Rate=1.00s, Limit=0.000s, Conversion=0.0003s, RTAB-Map=0.2239s, Maps update=0.0011s pub=0.0040s delay=0.3995s (local map=200, WM=200)
[INFO] [1771519066.257514831] [rtabmap]: rtabmap (1724): Rate=1.00s, Limit=0.000s, Conversion=0.0005s, RTAB-Map=0.2013s, Maps update=0.0011s pub=0.0037s delay=0.3711s (local map=200, WM=200)
[INFO] [1771519067.290882307] [rtabmap]: rtabmap (1725): Rate=1.00s, Limit=0.000s, Conversion=0.0005s, RTAB-Map=0.2240s, Maps update=0.0011s pub=0.0048s delay=0.4045s (local map=200, WM=200)
[INFO] [1771519068.391799311] [rtabmap]: rtabmap (1726): Rate=1.00s, Limit=0.000s, Conversion=0.0005s, RTAB-Map=0.2278s, Maps update=0.0011s pub=0.0042s delay=0.4063s (local map=200, WM=200)
[INFO] [1771519069.388055455] [rtabmap]: rtabmap (1727): Rate=1.00s, Limit=0.000s, Conversion=0.0003s, RTAB-Map=0.2345s, Maps update=0.0011s pub=0.0041s delay=0.4023s (local map=200, WM=200)
[INFO] [1771519070.370203887] [rtabmap]: rtabmap (1728): Rate=1.00s, Limit=0.000s, Conversion=0.0003s, RTAB-Map=0.2165s, Maps update=0.0013s pub=0.0051s delay=0.3838s (local map=200, WM=200)
[INFO] [1771519071.375195740] [rtabmap]: rtabmap (1729): Rate=1.00s, Limit=0.000s, Conversion=0.0003s, RTAB-Map=0.2162s, Maps update=0.0011s pub=0.0038s delay=0.3887s (local map=200, WM=200)
[INFO] [1771519072.379746682] [rtabmap]: rtabmap (1730): Rate=1.00s, Limit=0.000s, Conversion=0.0005s, RTAB-Map=0.2249s, Maps update=0.0011s pub=0.0041s delay=0.3931s (local map=200, WM=200)
[INFO] [1771519073.491952192] [rtabmap]: rtabmap (1731): Rate=1.00s, Limit=0.000s, Conversion=0.0003s, RTAB-Map=0.2326s, Maps update=0.0011s pub=0.0054s delay=0.4064s (local map=200, WM=200)
[INFO] [1771519074.478014397] [rtabmap]: rtabmap (1732): Rate=1.00s, Limit=0.000s, Conversion=0.0003s, RTAB-Map=0.2148s, Maps update=0.0011s pub=0.0042s delay=0.3916s (local map=200, WM=200)
[INFO] [1771519075.464453385] [rtabmap]: rtabmap (1733): Rate=1.00s, Limit=0.000s, Conversion=0.0003s, RTAB-Map=0.2074s, Maps update=0.0014s pub=0.0045s delay=0.3780s (local map=200, WM=200)
[INFO] [1771519076.489076255] [rtabmap]: rtabmap (1734): Rate=1.00s, Limit=0.000s, Conversion=0.0003s, RTAB-Map=0.2282s, Maps update=0.0011s pub=0.0039s delay=0.4025s (local map=200, WM=200)
[INFO] [1771519077.581137225] [rtabmap]: rtabmap (1735): Rate=1.00s, Limit=0.000s, Conversion=0.0003s, RTAB-Map=0.2274s, Maps update=0.0013s pub=0.0046s delay=0.3947s (local map=200, WM=200)
[INFO] [1771519078.584963469] [rtabmap]: rtabmap (1736): Rate=1.00s, Limit=0.000s, Conversion=0.0003s, RTAB-Map=0.2273s, Maps update=0.0011s pub=0.0043s delay=0.3984s (local map=200, WM=200)
[INFO] [1771519079.656473996] [rtabmap]: rtabmap (1737): Rate=1.00s, Limit=0.000s, Conversion=0.0005s, RTAB-Map=0.2017s, Maps update=0.0012s pub=0.0038s delay=0.3700s (local map=200, WM=200)
[INFO] [1771519080.787458108] [rtabmap]: rtabmap (1738): Rate=1.00s, Limit=0.000s, Conversion=0.0003s, RTAB-Map=0.2260s, Maps update=0.0011s pub=0.0046s delay=0.4008s (local map=200, WM=200)
[INFO] [1771519081.882535380] [rtabmap]: rtabmap (1739): Rate=1.00s, Limit=0.000s, Conversion=0.0004s, RTAB-Map=0.2206s, Maps update=0.0011s pub=0.0036s delay=0.3958s (local map=200, WM=200)
[INFO] [1771519082.962074935] [rtabmap]: rtabmap (1740): Rate=1.00s, Limit=0.000s, Conversion=0.0005s, RTAB-Map=0.2023s, Maps update=0.0011s pub=0.0043s delay=0.3756s (local map=200, WM=200)
[INFO] [1771519084.078276014] [rtabmap]: rtabmap (1741): Rate=1.00s, Limit=0.000s, Conversion=0.0004s, RTAB-Map=0.2097s, Maps update=0.0011s pub=0.0042s delay=0.3927s (local map=200, WM=200)
[INFO] [1771519085.105198105] [rtabmap]: rtabmap (1742): Rate=1.00s, Limit=0.000s, Conversion=0.0005s, RTAB-Map=0.2373s, Maps update=0.0012s pub=0.0053s delay=0.4195s (local map=200, WM=200)
[INFO] [1771519086.164282260] [rtabmap]: rtabmap (1743): Rate=1.00s, Limit=0.000s, Conversion=0.0003s, RTAB-Map=0.2076s, Maps update=0.0011s pub=0.0038s delay=0.3778s (local map=200, WM=200)
[INFO] [1771519087.177277732] [rtabmap]: rtabmap (1744): Rate=1.00s, Limit=0.000s, Conversion=0.0003s, RTAB-Map=0.2128s, Maps update=0.0011s pub=0.0044s delay=0.3907s (local map=200, WM=200)
[INFO] [1771519088.166599544] [rtabmap]: rtabmap (1745): Rate=1.00s, Limit=0.000s, Conversion=0.0006s, RTAB-Map=0.2074s, Maps update=0.0011s pub=0.0043s delay=0.3800s (local map=200, WM=200)
[INFO] [1771519089.219525908] [rtabmap]: rtabmap (1746): Rate=1.00s, Limit=0.000s, Conversion=0.0004s, RTAB-Map=0.2563s, Maps update=0.0011s pub=0.0053s delay=0.4329s (local map=200, WM=200)
[INFO] [1771519090.280182153] [rtabmap]: rtabmap (1747): Rate=1.00s, Limit=0.000s, Conversion=0.0016s, RTAB-Map=0.2123s, Maps update=0.0011s pub=0.0042s delay=0.3944s (local map=200, WM=200)
[INFO] [1771519091.378443412] [rtabmap]: rtabmap (1748): Rate=1.00s, Limit=0.000s, Conversion=0.0003s, RTAB-Map=0.2204s, Maps update=0.0011s pub=0.0044s delay=0.3928s (local map=200, WM=200)
[INFO] [1771519092.387856866] [rtabmap]: rtabmap (1749): Rate=1.00s, Limit=0.000s, Conversion=0.0004s, RTAB-Map=0.2260s, Maps update=0.0013s pub=0.0049s delay=0.4012s (local map=200, WM=200)
[INFO] [1771519093.472905933] [rtabmap]: rtabmap (1750): Rate=1.00s, Limit=0.000s, Conversion=0.0003s, RTAB-Map=0.2083s, Maps update=0.0011s pub=0.0037s delay=0.3863s (local map=200, WM=200)
[INFO] [1771519094.579922071] [rtabmap]: rtabmap (1751): Rate=1.00s, Limit=0.000s, Conversion=0.0004s, RTAB-Map=0.2197s, Maps update=0.0011s pub=0.0036s delay=0.3933s (local map=200, WM=200)
[INFO] [1771519095.669470758] [rtabmap]: rtabmap (1752): Rate=1.00s, Limit=0.000s, Conversion=0.0004s, RTAB-Map=0.2156s, Maps update=0.0011s pub=0.0039s delay=0.3828s (local map=200, WM=200)
[INFO] [1771519096.804757554] [rtabmap]: rtabmap (1753): Rate=1.00s, Limit=0.000s, Conversion=0.0005s, RTAB-Map=0.2399s, Maps update=0.0012s pub=0.0047s delay=0.4192s (local map=200, WM=200)
[INFO] [1771519097.863003023] [rtabmap]: rtabmap (1754): Rate=1.00s, Limit=0.000s, Conversion=0.0005s, RTAB-Map=0.2114s, Maps update=0.0013s pub=0.0046s delay=0.3773s (local map=200, WM=200)
[INFO] [1771519099.003193519] [rtabmap]: rtabmap (1755): Rate=1.00s, Limit=0.000s, Conversion=0.0005s, RTAB-Map=0.2380s, Maps update=0.0012s pub=0.0059s delay=0.4176s (local map=200, WM=200)
[INFO] [1771519100.098577777] [rtabmap]: rtabmap (1756): Rate=1.00s, Limit=0.000s, Conversion=0.0004s, RTAB-Map=0.2338s, Maps update=0.0012s pub=0.0050s delay=0.4130s (local map=200, WM=200)
[INFO] [1771519101.070083934] [rtabmap]: rtabmap (1757): Rate=1.00s, Limit=0.000s, Conversion=0.0005s, RTAB-Map=0.2164s, Maps update=0.0014s pub=0.0047s delay=0.3844s (local map=200, WM=200)
[INFO] [1771519102.186810888] [rtabmap]: rtabmap (1758): Rate=1.00s, Limit=0.000s, Conversion=0.0006s, RTAB-Map=0.2203s, Maps update=0.0011s pub=0.0042s delay=0.4012s (local map=200, WM=200)
[INFO] [1771519103.290583452] [rtabmap]: rtabmap (1759): Rate=1.00s, Limit=0.000s, Conversion=0.0003s, RTAB-Map=0.2275s, Maps update=0.0011s pub=0.0052s delay=0.4049s (local map=200, WM=200)
[INFO] [1771519104.383553575] [rtabmap]: rtabmap (1760): Rate=1.00s, Limit=0.000s, Conversion=0.0004s, RTAB-Map=0.2195s, Maps update=0.0013s pub=0.0047s delay=0.3979s (local map=200, WM=200)
[INFO] [1771519105.370858322] [rtabmap]: rtabmap (1761): Rate=1.00s, Limit=0.000s, Conversion=0.0004s, RTAB-Map=0.2168s, Maps update=0.0011s pub=0.0039s delay=0.3851s (local map=200, WM=200)
[INFO] [1771519106.481322968] [rtabmap]: rtabmap (1762): Rate=1.00s, Limit=0.000s, Conversion=0.0005s, RTAB-Map=0.2279s, Maps update=0.0011s pub=0.0039s delay=0.3956s (local map=200, WM=200)
[INFO] [1771519107.586956880] [rtabmap]: rtabmap (1763): Rate=1.00s, Limit=0.000s, Conversion=0.0003s, RTAB-Map=0.2321s, Maps update=0.0011s pub=0.0040s delay=0.4012s (local map=200, WM=200)
[INFO] [1771519108.572231121] [rtabmap]: rtabmap (1764): Rate=1.00s, Limit=0.000s, Conversion=0.0004s, RTAB-Map=0.2245s, Maps update=0.0011s pub=0.0038s delay=0.3863s (local map=200, WM=200)
[INFO] [1771519109.682282280] [rtabmap]: rtabmap (1765): Rate=1.00s, Limit=0.000s, Conversion=0.0005s, RTAB-Map=0.2231s, Maps update=0.0011s pub=0.0037s delay=0.3967s (local map=200, WM=200)
[INFO] [1771519110.696145144] [rtabmap]: rtabmap (1766): Rate=1.00s, Limit=0.000s, Conversion=0.0004s, RTAB-Map=0.2328s, Maps update=0.0011s pub=0.0053s delay=0.4103s (local map=200, WM=200)
[INFO] [1771519111.700873948] [rtabmap]: rtabmap (1767): Rate=1.00s, Limit=0.000s, Conversion=0.0004s, RTAB-Map=0.2327s, Maps update=0.0013s pub=0.0041s delay=0.4150s (local map=200, WM=200)
[INFO] [1771519112.771178160] [rtabmap]: rtabmap (1768): Rate=1.00s, Limit=0.000s, Conversion=0.0003s, RTAB-Map=0.2110s, Maps update=0.0011s pub=0.0043s delay=0.3858s (local map=200, WM=200)
[INFO] [1771519113.768911957] [rtabmap]: rtabmap (1769): Rate=1.00s, Limit=0.000s, Conversion=0.0003s, RTAB-Map=0.2139s, Maps update=0.0011s pub=0.0040s delay=0.3831s (local map=200, WM=200)
[INFO] [1771519114.880053269] [rtabmap]: rtabmap (1770): Rate=1.00s, Limit=0.000s, Conversion=0.0003s, RTAB-Map=0.2260s, Maps update=0.0011s pub=0.0046s delay=0.3943s (local map=200, WM=200)
[INFO] [1771519115.992725708] [rtabmap]: rtabmap (1771): Rate=1.00s, Limit=0.000s, Conversion=0.0005s, RTAB-Map=0.2286s, Maps update=0.0012s pub=0.0041s delay=0.4074s (local map=200, WM=200)
[INFO] [1771519116.981400072] [rtabmap]: rtabmap (1772): Rate=1.00s, Limit=0.000s, Conversion=0.0003s, RTAB-Map=0.2240s, Maps update=0.0021s pub=0.0038s delay=0.3957s (local map=200, WM=200)
[INFO] [1771519118.097652193] [rtabmap]: rtabmap (1773): Rate=1.00s, Limit=0.000s, Conversion=0.0003s, RTAB-Map=0.2286s, Maps update=0.0012s pub=0.0056s delay=0.4121s (local map=200, WM=200)
[INFO] [1771519119.078122036] [rtabmap]: rtabmap (1774): Rate=1.00s, Limit=0.000s, Conversion=0.0003s, RTAB-Map=0.2148s, Maps update=0.0011s pub=0.0041s delay=0.3924s (local map=200, WM=200)
[INFO] [1771519120.206320575] [rtabmap]: rtabmap (1775): Rate=1.00s, Limit=0.000s, Conversion=0.0007s, RTAB-Map=0.2504s, Maps update=0.0011s pub=0.0050s delay=0.4211s (local map=200, WM=200)
[INFO] [1771519121.175279855] [rtabmap]: rtabmap (1776): Rate=1.00s, Limit=0.000s, Conversion=0.0003s, RTAB-Map=0.2162s, Maps update=0.0011s pub=0.0041s delay=0.3894s (local map=200, WM=200)
[INFO] [1771519122.289885356] [rtabmap]: rtabmap (1777): Rate=1.00s, Limit=0.000s, Conversion=0.0006s, RTAB-Map=0.2229s, Maps update=0.0011s pub=0.0060s delay=0.4046s (local map=200, WM=200)
[INFO] [1771519123.288489746] [rtabmap]: rtabmap (1778): Rate=1.00s, Limit=0.000s, Conversion=0.0004s, RTAB-Map=0.2292s, Maps update=0.0011s pub=0.0046s delay=0.4031s (local map=200, WM=200)
[INFO] [1771519124.293048079] [rtabmap]: rtabmap (1779): Rate=1.00s, Limit=0.000s, Conversion=0.0003s, RTAB-Map=0.2252s, Maps update=0.0012s pub=0.0041s delay=0.4073s (local map=200, WM=200)
[INFO] [1771519125.290485066] [rtabmap]: rtabmap (1780): Rate=1.00s, Limit=0.000s, Conversion=0.0003s, RTAB-Map=0.2259s, Maps update=0.0014s pub=0.0098s delay=0.4045s (local map=200, WM=200)
[INFO] [1771519126.370515455] [rtabmap]: rtabmap (1781): Rate=1.00s, Limit=0.000s, Conversion=0.0005s, RTAB-Map=0.2132s, Maps update=0.0011s pub=0.0039s delay=0.3847s (local map=200, WM=200)
[INFO] [1771519127.402959666] [rtabmap]: rtabmap (1782): Rate=1.00s, Limit=0.000s, Conversion=0.0005s, RTAB-Map=0.2464s, Maps update=0.0011s pub=0.0039s delay=0.4171s (local map=200, WM=200)
[INFO] [1771519128.484515807] [rtabmap]: rtabmap (1783): Rate=1.00s, Limit=0.000s, Conversion=0.0008s, RTAB-Map=0.2207s, Maps update=0.0011s pub=0.0045s delay=0.3993s (local map=200, WM=200)
[INFO] [1771519129.466346722] [rtabmap]: rtabmap (1784): Rate=1.00s, Limit=0.000s, Conversion=0.0005s, RTAB-Map=0.2132s, Maps update=0.0012s pub=0.0042s delay=0.3809s (local map=200, WM=200)
[INFO] [1771519130.481108563] [rtabmap]: rtabmap (1785): Rate=1.00s, Limit=0.000s, Conversion=0.0003s, RTAB-Map=0.2209s, Maps update=0.0011s pub=0.0045s delay=0.3952s (local map=200, WM=200)
[INFO] [1771519131.481598973] [rtabmap]: rtabmap (1786): Rate=1.00s, Limit=0.000s, Conversion=0.0003s, RTAB-Map=0.2184s, Maps update=0.0011s pub=0.0041s delay=0.3957s (local map=200, WM=200)
[INFO] [1771519132.588449632] [rtabmap]: rtabmap (1787): Rate=1.00s, Limit=0.000s, Conversion=0.0004s, RTAB-Map=0.2206s, Maps update=0.0011s pub=0.0052s delay=0.4031s (local map=200, WM=200)
[INFO] [1771519133.581195761] [rtabmap]: rtabmap (1788): Rate=1.00s, Limit=0.000s, Conversion=0.0004s, RTAB-Map=0.2162s, Maps update=0.0011s pub=0.0042s delay=0.3958s (local map=200, WM=200)
[INFO] [1771519134.575497018] [rtabmap]: rtabmap (1789): Rate=1.00s, Limit=0.000s, Conversion=0.0005s, RTAB-Map=0.2129s, Maps update=0.0011s pub=0.0037s delay=0.3900s (local map=200, WM=200)
[INFO] [1771519135.700683288] [rtabmap]: rtabmap (1790): Rate=1.00s, Limit=0.000s, Conversion=0.0003s, RTAB-Map=0.2289s, Maps update=0.0017s pub=0.0088s delay=0.4151s (local map=200, WM=200)
[INFO] [1771519136.801474815] [rtabmap]: rtabmap (1791): Rate=1.00s, Limit=0.000s, Conversion=0.0005s, RTAB-Map=0.2381s, Maps update=0.0013s pub=0.0042s delay=0.4163s (local map=200, WM=200)
[INFO] [1771519137.787198416] [rtabmap]: rtabmap (1792): Rate=1.00s, Limit=0.000s, Conversion=0.0004s, RTAB-Map=0.2161s, Maps update=0.0011s pub=0.0047s delay=0.4018s (local map=200, WM=200)
[INFO] [1771519138.873317154] [rtabmap]: rtabmap (1793): Rate=1.00s, Limit=0.000s, Conversion=0.0003s, RTAB-Map=0.2131s, Maps update=0.0011s pub=0.0041s delay=0.3881s (local map=200, WM=200)
[INFO] [1771519139.880737768] [rtabmap]: rtabmap (1794): Rate=1.00s, Limit=0.000s, Conversion=0.0003s, RTAB-Map=0.2252s, Maps update=0.0014s pub=0.0061s delay=0.3953s (local map=200, WM=200)
[INFO] [1771519140.901201640] [rtabmap]: rtabmap (1795): Rate=1.00s, Limit=0.000s, Conversion=0.0003s, RTAB-Map=0.2445s, Maps update=0.0016s pub=0.0046s delay=0.4153s (local map=200, WM=200)
[INFO] [1771519141.859340238] [rtabmap]: rtabmap (1796): Rate=1.00s, Limit=0.000s, Conversion=0.0003s, RTAB-Map=0.2072s, Maps update=0.0012s pub=0.0040s delay=0.3734s (local map=200, WM=200)
[INFO] [1771519142.965751202] [rtabmap]: rtabmap (1797): Rate=1.00s, Limit=0.000s, Conversion=0.0003s, RTAB-Map=0.2066s, Maps update=0.0011s pub=0.0041s delay=0.3805s (local map=200, WM=200)
[INFO] [1771519143.977912308] [rtabmap]: rtabmap (1798): Rate=1.00s, Limit=0.000s, Conversion=0.0005s, RTAB-Map=0.2221s, Maps update=0.0011s pub=0.0037s delay=0.3924s (local map=200, WM=200)
[INFO] [1771519145.075548169] [rtabmap]: rtabmap (1799): Rate=1.00s, Limit=0.000s, Conversion=0.0003s, RTAB-Map=0.2123s, Maps update=0.0011s pub=0.0041s delay=0.3902s (local map=200, WM=200)
[INFO] [1771519146.185623905] [rtabmap]: rtabmap (1800): Rate=1.00s, Limit=0.000s, Conversion=0.0008s, RTAB-Map=0.2199s, Maps update=0.0013s pub=0.0045s delay=0.4003s (local map=200, WM=200)
[INFO] [1771519147.177856319] [rtabmap]: rtabmap (1801): Rate=1.00s, Limit=0.000s, Conversion=0.0005s, RTAB-Map=0.2200s, Maps update=0.0011s pub=0.0046s delay=0.3925s (local map=200, WM=200)
[INFO] [1771519148.288344583] [rtabmap]: rtabmap (1802): Rate=1.00s, Limit=0.000s, Conversion=0.0003s, RTAB-Map=0.2235s, Maps update=0.0014s pub=0.0050s delay=0.4031s (local map=200, WM=200)
[INFO] [1771519149.274766705] [rtabmap]: rtabmap (1803): Rate=1.00s, Limit=0.000s, Conversion=0.0005s, RTAB-Map=0.2147s, Maps update=0.0011s pub=0.0036s delay=0.3894s (local map=200, WM=200)
[INFO] [1771519150.268642571] [rtabmap]: rtabmap (1804): Rate=1.00s, Limit=0.000s, Conversion=0.0005s, RTAB-Map=0.2111s, Maps update=0.0011s pub=0.0038s delay=0.3832s (local map=200, WM=200)
[INFO] [1771519151.376236041] [rtabmap]: rtabmap (1805): Rate=1.00s, Limit=0.000s, Conversion=0.0004s, RTAB-Map=0.2118s, Maps update=0.0011s pub=0.0045s delay=0.3909s (local map=200, WM=200)
[INFO] [1771519152.497650558] [rtabmap]: rtabmap (1806): Rate=1.00s, Limit=0.000s, Conversion=0.0003s, RTAB-Map=0.2403s, Maps update=0.0012s pub=0.0044s delay=0.4122s (local map=200, WM=200)
[INFO] [1771519153.581397722] [rtabmap]: rtabmap (1807): Rate=1.00s, Limit=0.000s, Conversion=0.0003s, RTAB-Map=0.2180s, Maps update=0.0013s pub=0.0042s delay=0.3961s (local map=200, WM=200)
[INFO] [1771519154.577288317] [rtabmap]: rtabmap (1808): Rate=1.00s, Limit=0.000s, Conversion=0.0004s, RTAB-Map=0.2174s, Maps update=0.0011s pub=0.0041s delay=0.3919s (local map=200, WM=200)
[INFO] [1771519155.689921394] [rtabmap]: rtabmap (1809): Rate=1.00s, Limit=0.000s, Conversion=0.0005s, RTAB-Map=0.2261s, Maps update=0.0011s pub=0.0047s delay=0.4046s (local map=200, WM=200)
[INFO] [1771519156.677385059] [rtabmap]: rtabmap (1810): Rate=1.00s, Limit=0.000s, Conversion=0.0005s, RTAB-Map=0.2154s, Maps update=0.0011s pub=0.0043s delay=0.3918s (local map=200, WM=200)
[INFO] [1771519157.779164686] [rtabmap]: rtabmap (1811): Rate=1.00s, Limit=0.000s, Conversion=0.0003s, RTAB-Map=0.2201s, Maps update=0.0011s pub=0.0038s delay=0.3937s (local map=200, WM=200)
[INFO] [1771519158.879284957] [rtabmap]: rtabmap (1812): Rate=1.00s, Limit=0.000s, Conversion=0.0004s, RTAB-Map=0.2235s, Maps update=0.0011s pub=0.0042s delay=0.3930s (local map=200, WM=200)
[INFO] [1771519160.008331943] [rtabmap]: rtabmap (1813): Rate=1.00s, Limit=0.000s, Conversion=0.0011s, RTAB-Map=0.2476s, Maps update=0.0022s pub=0.0044s delay=0.4229s (local map=200, WM=200)
[INFO] [1771519160.990908038] [rtabmap]: rtabmap (1814): Rate=1.00s, Limit=0.000s, Conversion=0.0004s, RTAB-Map=0.2220s, Maps update=0.0013s pub=0.0069s delay=0.4055s (local map=200, WM=200)
[INFO] [1771519162.078004123] [rtabmap]: rtabmap (1815): Rate=1.00s, Limit=0.000s, Conversion=0.0004s, RTAB-Map=0.2222s, Maps update=0.0011s pub=0.0044s delay=0.3925s (local map=200, WM=200)
[INFO] [1771519163.064254784] [rtabmap]: rtabmap (1816): Rate=1.00s, Limit=0.000s, Conversion=0.0005s, RTAB-Map=0.2118s, Maps update=0.0011s pub=0.0040s delay=0.3787s (local map=200, WM=200)
[INFO] [1771519164.175510339] [rtabmap]: rtabmap (1817): Rate=1.00s, Limit=0.000s, Conversion=0.0005s, RTAB-Map=0.2164s, Maps update=0.0011s pub=0.0038s delay=0.3901s (local map=200, WM=200)
[INFO] [1771519165.164789014] [rtabmap]: rtabmap (1818): Rate=1.00s, Limit=0.000s, Conversion=0.0003s, RTAB-Map=0.2096s, Maps update=0.0011s pub=0.0042s delay=0.3794s (local map=200, WM=200)
[INFO] [1771519166.174032638] [rtabmap]: rtabmap (1819): Rate=1.00s, Limit=0.000s, Conversion=0.0003s, RTAB-Map=0.2173s, Maps update=0.0011s pub=0.0039s delay=0.3886s (local map=200, WM=200)
[INFO] [1771519167.180652903] [rtabmap]: rtabmap (1820): Rate=1.00s, Limit=0.000s, Conversion=0.0003s, RTAB-Map=0.2239s, Maps update=0.0013s pub=0.0055s delay=0.3952s (local map=200, WM=200)
[INFO] [1771519168.277074799] [rtabmap]: rtabmap (1821): Rate=1.00s, Limit=0.000s, Conversion=0.0004s, RTAB-Map=0.2210s, Maps update=0.0011s pub=0.0038s delay=0.3916s (local map=200, WM=200)
[INFO] [1771519169.365959398] [rtabmap]: rtabmap (1822): Rate=1.00s, Limit=0.000s, Conversion=0.0004s, RTAB-Map=0.2162s, Maps update=0.0011s pub=0.0039s delay=0.3805s (local map=200, WM=200)
[INFO] [1771519170.370379134] [rtabmap]: rtabmap (1823): Rate=1.00s, Limit=0.000s, Conversion=0.0005s, RTAB-Map=0.2148s, Maps update=0.0011s pub=0.0040s delay=0.3849s (local map=200, WM=200)
[INFO] [1771519171.389211459] [rtabmap]: rtabmap (1824): Rate=1.00s, Limit=0.000s, Conversion=0.0005s, RTAB-Map=0.2270s, Maps update=0.0011s pub=0.0051s delay=0.4037s (local map=200, WM=200)
[INFO] [1771519172.494059613] [rtabmap]: rtabmap (1825): Rate=1.00s, Limit=0.000s, Conversion=0.0003s, RTAB-Map=0.2325s, Maps update=0.0016s pub=0.0050s delay=0.4086s (local map=200, WM=200)
[INFO] [1771519173.485488286] [rtabmap]: rtabmap (1826): Rate=1.00s, Limit=0.000s, Conversion=0.0003s, RTAB-Map=0.2318s, Maps update=0.0011s pub=0.0040s delay=0.3999s (local map=200, WM=200)
[INFO] [1771519174.567690498] [rtabmap]: rtabmap (1827): Rate=1.00s, Limit=0.000s, Conversion=0.0003s, RTAB-Map=0.2148s, Maps update=0.0011s pub=0.0035s delay=0.3821s (local map=200, WM=200)
[INFO] [1771519175.698664658] [rtabmap]: rtabmap (1828): Rate=1.00s, Limit=0.000s, Conversion=0.0004s, RTAB-Map=0.2326s, Maps update=0.0012s pub=0.0066s delay=0.4131s (local map=200, WM=200)
[INFO] [1771519176.781659250] [rtabmap]: rtabmap (1829): Rate=1.00s, Limit=0.000s, Conversion=0.0003s, RTAB-Map=0.2211s, Maps update=0.0011s pub=0.0043s delay=0.3961s (local map=200, WM=200)
[INFO] [1771519177.867498554] [rtabmap]: rtabmap (1830): Rate=1.00s, Limit=0.000s, Conversion=0.0005s, RTAB-Map=0.2032s, Maps update=0.0012s pub=0.0042s delay=0.3817s (local map=200, WM=200)
[INFO] [1771519178.976776886] [rtabmap]: rtabmap (1831): Rate=1.00s, Limit=0.000s, Conversion=0.0005s, RTAB-Map=0.2270s, Maps update=0.0011s pub=0.0046s delay=0.3912s (local map=200, WM=200)
[INFO] [1771519179.986054559] [rtabmap]: rtabmap (1832): Rate=1.00s, Limit=0.000s, Conversion=0.0005s, RTAB-Map=0.2254s, Maps update=0.0020s pub=0.0038s delay=0.4003s (local map=200, WM=200)
[INFO] [1771519181.076507759] [rtabmap]: rtabmap (1833): Rate=1.00s, Limit=0.000s, Conversion=0.0003s, RTAB-Map=0.2153s, Maps update=0.0011s pub=0.0038s delay=0.3910s (local map=200, WM=200)
[INFO] [1771519182.081621633] [rtabmap]: rtabmap (1834): Rate=1.00s, Limit=0.000s, Conversion=0.0004s, RTAB-Map=0.2116s, Maps update=0.0011s pub=0.0044s delay=0.3961s (local map=200, WM=200)
[INFO] [1771519183.088743740] [rtabmap]: rtabmap (1835): Rate=1.00s, Limit=0.000s, Conversion=0.0003s, RTAB-Map=0.2294s, Maps update=0.0011s pub=0.0046s delay=0.4032s (local map=200, WM=200)
[INFO] [1771519184.094798864] [rtabmap]: rtabmap (1836): Rate=1.00s, Limit=0.000s, Conversion=0.0003s, RTAB-Map=0.2242s, Maps update=0.0013s pub=0.0042s delay=0.4091s (local map=200, WM=200)
[INFO] [1771519185.173684091] [rtabmap]: rtabmap (1837): Rate=1.00s, Limit=0.000s, Conversion=0.0006s, RTAB-Map=0.2153s, Maps update=0.0011s pub=0.0040s delay=0.3880s (local map=200, WM=200)
[INFO] [1771519186.287116174] [rtabmap]: rtabmap (1838): Rate=1.00s, Limit=0.000s, Conversion=0.0005s, RTAB-Map=0.2290s, Maps update=0.0013s pub=0.0047s delay=0.4015s (local map=200, WM=200)
[INFO] [1771519187.273581530] [rtabmap]: rtabmap (1839): Rate=1.00s, Limit=0.000s, Conversion=0.0003s, RTAB-Map=0.2183s, Maps update=0.0011s pub=0.0042s delay=0.3880s (local map=200, WM=200)
[INFO] [1771519188.285940396] [rtabmap]: rtabmap (1840): Rate=1.00s, Limit=0.000s, Conversion=0.0005s, RTAB-Map=0.2313s, Maps update=0.0011s pub=0.0039s delay=0.4003s (local map=200, WM=200)
[INFO] [1771519189.279688247] [rtabmap]: rtabmap (1841): Rate=1.00s, Limit=0.000s, Conversion=0.0003s, RTAB-Map=0.2240s, Maps update=0.0011s pub=0.0039s delay=0.3940s (local map=200, WM=200)
[INFO] [1771519190.375669403] [rtabmap]: rtabmap (1842): Rate=1.00s, Limit=0.000s, Conversion=0.0003s, RTAB-Map=0.2126s, Maps update=0.0014s pub=0.0046s delay=0.3900s (local map=200, WM=200)
[INFO] [1771519191.500287569] [rtabmap]: rtabmap (1843): Rate=1.00s, Limit=0.000s, Conversion=0.0003s, RTAB-Map=0.2382s, Maps update=0.0011s pub=0.0055s delay=0.4146s (local map=200, WM=200)
[INFO] [1771519192.580878036] [rtabmap]: rtabmap (1844): Rate=1.00s, Limit=0.000s, Conversion=0.0003s, RTAB-Map=0.2211s, Maps update=0.0014s pub=0.0047s delay=0.3952s (local map=200, WM=200)
[INFO] [1771519193.680687784] [rtabmap]: rtabmap (1845): Rate=1.00s, Limit=0.000s, Conversion=0.0004s, RTAB-Map=0.2202s, Maps update=0.0011s pub=0.0041s delay=0.3949s (local map=200, WM=200)
[INFO] [1771519194.788738897] [rtabmap]: rtabmap (1846): Rate=1.00s, Limit=0.000s, Conversion=0.0003s, RTAB-Map=0.2283s, Maps update=0.0011s pub=0.0044s delay=0.4030s (local map=200, WM=200)
[INFO] [1771519195.780956099] [rtabmap]: rtabmap (1847): Rate=1.00s, Limit=0.000s, Conversion=0.0003s, RTAB-Map=0.2085s, Maps update=0.0011s pub=0.0036s delay=0.3953s (local map=200, WM=200)
[INFO] [1771519196.777598715] [rtabmap]: rtabmap (1848): Rate=1.00s, Limit=0.000s, Conversion=0.0005s, RTAB-Map=0.2176s, Maps update=0.0011s pub=0.0040s delay=0.3918s (local map=200, WM=200)
[INFO] [1771519197.875678894] [rtabmap]: rtabmap (1849): Rate=1.00s, Limit=0.000s, Conversion=0.0004s, RTAB-Map=0.2129s, Maps update=0.0013s pub=0.0043s delay=0.3901s (local map=200, WM=200)
[INFO] [1771519198.867293353] [rtabmap]: rtabmap (1850): Rate=1.00s, Limit=0.000s, Conversion=0.0003s, RTAB-Map=0.2163s, Maps update=0.0011s pub=0.0036s delay=0.3815s (local map=200, WM=200)
[INFO] [1771519199.980544981] [rtabmap]: rtabmap (1851): Rate=1.00s, Limit=0.000s, Conversion=0.0003s, RTAB-Map=0.2172s, Maps update=0.0011s pub=0.0039s delay=0.3948s (local map=200, WM=200)
[INFO] [1771519200.978671845] [rtabmap]: rtabmap (1852): Rate=1.00s, Limit=0.000s, Conversion=0.0003s, RTAB-Map=0.2153s, Maps update=0.0011s pub=0.0041s delay=0.3929s (local map=200, WM=200)
[INFO] [1771519202.096629857] [rtabmap]: rtabmap (1853): Rate=1.00s, Limit=0.000s, Conversion=0.0007s, RTAB-Map=0.2326s, Maps update=0.0012s pub=0.0056s delay=0.4108s (local map=200, WM=200)
[INFO] [1771519203.205918936] [rtabmap]: rtabmap (1854): Rate=1.00s, Limit=0.000s, Conversion=0.0004s, RTAB-Map=0.2431s, Maps update=0.0012s pub=0.0059s delay=0.4202s (local map=200, WM=200)
[INFO] [1771519204.190517804] [rtabmap]: rtabmap (1855): Rate=1.00s, Limit=0.000s, Conversion=0.0005s, RTAB-Map=0.2320s, Maps update=0.0014s pub=0.0050s delay=0.4048s (local map=200, WM=200)
[INFO] [1771519205.160418842] [rtabmap]: rtabmap (1856): Rate=1.00s, Limit=0.000s, Conversion=0.0004s, RTAB-Map=0.2081s, Maps update=0.0011s pub=0.0037s delay=0.3746s (local map=200, WM=200)
[INFO] [1771519206.291709098] [rtabmap]: rtabmap (1857): Rate=1.00s, Limit=0.000s, Conversion=0.0003s, RTAB-Map=0.2257s, Maps update=0.0011s pub=0.0061s delay=0.4060s (local map=200, WM=200)
[INFO] [1771519207.271460552] [rtabmap]: rtabmap (1858): Rate=1.00s, Limit=0.000s, Conversion=0.0005s, RTAB-Map=0.2174s, Maps update=0.0011s pub=0.0045s delay=0.3856s (local map=200, WM=200)
[INFO] [1771519208.386356114] [rtabmap]: rtabmap (1859): Rate=1.00s, Limit=0.000s, Conversion=0.0004s, RTAB-Map=0.2231s, Maps update=0.0011s pub=0.0035s delay=0.4006s (local map=200, WM=200)
[INFO] [1771519209.387026177] [rtabmap]: rtabmap (1860): Rate=1.00s, Limit=0.000s, Conversion=0.0003s, RTAB-Map=0.2222s, Maps update=0.0013s pub=0.0048s delay=0.4013s (local map=200, WM=200)
[INFO] [1771519210.377626582] [rtabmap]: rtabmap (1861): Rate=1.00s, Limit=0.000s, Conversion=0.0005s, RTAB-Map=0.2192s, Maps update=0.0011s pub=0.0044s delay=0.3918s (local map=200, WM=200)
[INFO] [1771519211.488412485] [rtabmap]: rtabmap (1862): Rate=1.00s, Limit=0.000s, Conversion=0.0003s, RTAB-Map=0.2235s, Maps update=0.0011s pub=0.0041s delay=0.4025s (local map=200, WM=200)
[INFO] [1771519212.570492576] [rtabmap]: rtabmap (1863): Rate=1.00s, Limit=0.000s, Conversion=0.0003s, RTAB-Map=0.2052s, Maps update=0.0011s pub=0.0041s delay=0.3847s (local map=200, WM=200)
[INFO] [1771519213.585709105] [rtabmap]: rtabmap (1864): Rate=1.00s, Limit=0.000s, Conversion=0.0005s, RTAB-Map=0.2264s, Maps update=0.0011s pub=0.0040s delay=0.3998s (local map=200, WM=200)
[INFO] [1771519214.673188214] [rtabmap]: rtabmap (1865): Rate=1.00s, Limit=0.000s, Conversion=0.0003s, RTAB-Map=0.2171s, Maps update=0.0011s pub=0.0037s delay=0.3874s (local map=200, WM=200)
[INFO] [1771519215.697757381] [rtabmap]: rtabmap (1866): Rate=1.00s, Limit=0.000s, Conversion=0.0003s, RTAB-Map=0.2299s, Maps update=0.0012s pub=0.0041s delay=0.4119s (local map=200, WM=200)
[INFO] [1771519216.708060221] [rtabmap]: rtabmap (1867): Rate=1.00s, Limit=0.000s, Conversion=0.0005s, RTAB-Map=0.2352s, Maps update=0.0011s pub=0.0047s delay=0.4222s (local map=200, WM=200)
[INFO] [1771519217.663568879] [rtabmap]: rtabmap (1868): Rate=1.00s, Limit=0.000s, Conversion=0.0003s, RTAB-Map=0.2001s, Maps update=0.0012s pub=0.0042s delay=0.3776s (local map=200, WM=200)
[INFO] [1771519218.791588900] [rtabmap]: rtabmap (1869): Rate=1.00s, Limit=0.000s, Conversion=0.0003s, RTAB-Map=0.2273s, Maps update=0.0011s pub=0.0055s delay=0.4057s (local map=200, WM=200)
[INFO] [1771519219.880871341] [rtabmap]: rtabmap (1870): Rate=1.00s, Limit=0.000s, Conversion=0.0005s, RTAB-Map=0.2205s, Maps update=0.0011s pub=0.0039s delay=0.3949s (local map=200, WM=200)
[INFO] [1771519220.972239461] [rtabmap]: rtabmap (1871): Rate=1.00s, Limit=0.000s, Conversion=0.0006s, RTAB-Map=0.2168s, Maps update=0.0011s pub=0.0040s delay=0.3863s (local map=200, WM=200)
[INFO] [1771519221.969268875] [rtabmap]: rtabmap (1872): Rate=1.00s, Limit=0.000s, Conversion=0.0005s, RTAB-Map=0.2116s, Maps update=0.0021s pub=0.0040s delay=0.3833s (local map=200, WM=200)
[INFO] [1771519223.076317966] [rtabmap]: rtabmap (1873): Rate=1.00s, Limit=0.000s, Conversion=0.0003s, RTAB-Map=0.2206s, Maps update=0.0011s pub=0.0040s delay=0.3903s (local map=200, WM=200)
[INFO] [1771519224.189952809] [rtabmap]: rtabmap (1874): Rate=1.00s, Limit=0.000s, Conversion=0.0008s, RTAB-Map=0.2365s, Maps update=0.0014s pub=0.0053s delay=0.4039s (local map=200, WM=200)
[INFO] [1771519225.282435690] [rtabmap]: rtabmap (1875): Rate=1.00s, Limit=0.000s, Conversion=0.0003s, RTAB-Map=0.2180s, Maps update=0.0011s pub=0.0039s delay=0.3965s (local map=200, WM=200)
[INFO] [1771519226.400630767] [rtabmap]: rtabmap (1876): Rate=1.00s, Limit=0.000s, Conversion=0.0009s, RTAB-Map=0.2341s, Maps update=0.0011s pub=0.0041s delay=0.4147s (local map=200, WM=200)
[INFO] [1771519227.388106639] [rtabmap]: rtabmap (1877): Rate=1.00s, Limit=0.000s, Conversion=0.0003s, RTAB-Map=0.2197s, Maps update=0.0023s pub=0.0050s delay=0.4021s (local map=200, WM=200)
[INFO] [1771519228.380334913] [rtabmap]: rtabmap (1878): Rate=1.00s, Limit=0.000s, Conversion=0.0005s, RTAB-Map=0.2199s, Maps update=0.0011s pub=0.0038s delay=0.3944s (local map=200, WM=200)
[INFO] [1771519229.461683393] [rtabmap]: rtabmap (1879): Rate=1.00s, Limit=0.000s, Conversion=0.0005s, RTAB-Map=0.2000s, Maps update=0.0011s pub=0.0042s delay=0.3756s (local map=200, WM=200)
[INFO] [1771519230.506818835] [rtabmap]: rtabmap (1880): Rate=1.00s, Limit=0.000s, Conversion=0.0005s, RTAB-Map=0.2360s, Maps update=0.0011s pub=0.0057s delay=0.4208s (local map=200, WM=200)
[INFO] [1771519231.577302139] [rtabmap]: rtabmap (1881): Rate=1.00s, Limit=0.000s, Conversion=0.0003s, RTAB-Map=0.2145s, Maps update=0.0011s pub=0.0034s delay=0.3913s (local map=200, WM=200)
[INFO] [1771519232.659766085] [rtabmap]: rtabmap (1882): Rate=1.00s, Limit=0.000s, Conversion=0.0006s, RTAB-Map=0.2048s, Maps update=0.0011s pub=0.0042s delay=0.3738s (local map=200, WM=200)
[INFO] [1771519233.683152871] [rtabmap]: rtabmap (1883): Rate=1.00s, Limit=0.000s, Conversion=0.0005s, RTAB-Map=0.2214s, Maps update=0.0011s pub=0.0043s delay=0.3971s (local map=200, WM=200)
[INFO] [1771519234.802806211] [rtabmap]: rtabmap (1884): Rate=1.00s, Limit=0.000s, Conversion=0.0005s, RTAB-Map=0.2439s, Maps update=0.0011s pub=0.0043s delay=0.4167s (local map=200, WM=200)
[INFO] [1771519235.900702127] [rtabmap]: rtabmap (1885): Rate=1.00s, Limit=0.000s, Conversion=0.0005s, RTAB-Map=0.2369s, Maps update=0.0011s pub=0.0039s delay=0.4146s (local map=200, WM=200)
[INFO] [1771519236.892113923] [rtabmap]: rtabmap (1886): Rate=1.00s, Limit=0.000s, Conversion=0.0003s, RTAB-Map=0.2307s, Maps update=0.0013s pub=0.0061s delay=0.4060s (local map=200, WM=200)
[INFO] [1771519237.984499489] [rtabmap]: rtabmap (1887): Rate=1.00s, Limit=0.000s, Conversion=0.0003s, RTAB-Map=0.2213s, Maps update=0.0011s pub=0.0037s delay=0.3983s (local map=200, WM=200)
[INFO] [1771519239.085801549] [rtabmap]: rtabmap (1888): Rate=1.00s, Limit=0.000s, Conversion=0.0003s, RTAB-Map=0.2249s, Maps update=0.0011s pub=0.0050s delay=0.3998s (local map=200, WM=200)
[INFO] [1771519240.080600415] [rtabmap]: rtabmap (1889): Rate=1.00s, Limit=0.000s, Conversion=0.0003s, RTAB-Map=0.2174s, Maps update=0.0014s pub=0.0042s delay=0.3946s (local map=200, WM=200)
[INFO] [1771519241.085951774] [rtabmap]: rtabmap (1890): Rate=1.00s, Limit=0.000s, Conversion=0.0005s, RTAB-Map=0.2223s, Maps update=0.0011s pub=0.0042s delay=0.3999s (local map=200, WM=200)
[INFO] [1771519242.093565489] [rtabmap]: rtabmap (1891): Rate=1.00s, Limit=0.000s, Conversion=0.0003s, RTAB-Map=0.2316s, Maps update=0.0011s pub=0.0043s delay=0.4075s (local map=200, WM=200)
[INFO] [1771519243.187599948] [rtabmap]: rtabmap (1892): Rate=1.00s, Limit=0.000s, Conversion=0.0003s, RTAB-Map=0.2237s, Maps update=0.0011s pub=0.0038s delay=0.4014s (local map=200, WM=200)
[INFO] [1771519244.281495170] [rtabmap]: rtabmap (1893): Rate=1.00s, Limit=0.000s, Conversion=0.0003s, RTAB-Map=0.2164s, Maps update=0.0011s pub=0.0041s delay=0.3953s (local map=200, WM=200)
[INFO] [1771519245.267500011] [rtabmap]: rtabmap (1894): Rate=1.00s, Limit=0.000s, Conversion=0.0003s, RTAB-Map=0.2166s, Maps update=0.0012s pub=0.0036s delay=0.3813s (local map=200, WM=200)
[INFO] [1771519246.382194573] [rtabmap]: rtabmap (1895): Rate=1.00s, Limit=0.000s, Conversion=0.0003s, RTAB-Map=0.2214s, Maps update=0.0011s pub=0.0044s delay=0.3960s (local map=200, WM=200)
[INFO] [1771519247.385891597] [rtabmap]: rtabmap (1896): Rate=1.00s, Limit=0.000s, Conversion=0.0004s, RTAB-Map=0.2283s, Maps update=0.0011s pub=0.0042s delay=0.3997s (local map=200, WM=200)
[INFO] [1771519248.477396618] [rtabmap]: rtabmap (1897): Rate=1.00s, Limit=0.000s, Conversion=0.0004s, RTAB-Map=0.2261s, Maps update=0.0011s pub=0.0041s delay=0.3912s (local map=200, WM=200)
[INFO] [1771519249.480690075] [rtabmap]: rtabmap (1898): Rate=1.00s, Limit=0.000s, Conversion=0.0003s, RTAB-Map=0.2260s, Maps update=0.0011s pub=0.0036s delay=0.3944s (local map=200, WM=200)
[INFO] [1771519250.571609826] [rtabmap]: rtabmap (1899): Rate=1.00s, Limit=0.000s, Conversion=0.0005s, RTAB-Map=0.2180s, Maps update=0.0011s pub=0.0038s delay=0.3854s (local map=200, WM=200)
[INFO] [1771519251.670320012] [rtabmap]: rtabmap (1900): Rate=1.00s, Limit=0.000s, Conversion=0.0004s, RTAB-Map=0.2132s, Maps update=0.0013s pub=0.0047s delay=0.3841s (local map=200, WM=200)
[INFO] [1771519252.779048111] [rtabmap]: rtabmap (1901): Rate=1.00s, Limit=0.000s, Conversion=0.0107s, RTAB-Map=0.2165s, Maps update=0.0011s pub=0.0039s delay=0.3928s (local map=200, WM=200)
[INFO] [1771519253.906312872] [rtabmap]: rtabmap (1902): Rate=1.00s, Limit=0.000s, Conversion=0.0005s, RTAB-Map=0.2383s, Maps update=0.0012s pub=0.0037s delay=0.4202s (local map=200, WM=200)
[INFO] [1771519254.872444776] [rtabmap]: rtabmap (1903): Rate=1.00s, Limit=0.000s, Conversion=0.0004s, RTAB-Map=0.2148s, Maps update=0.0011s pub=0.0038s delay=0.3863s (local map=200, WM=200)
[INFO] [1771519255.883498460] [rtabmap]: rtabmap (1904): Rate=1.00s, Limit=0.000s, Conversion=0.0006s, RTAB-Map=0.2230s, Maps update=0.0012s pub=0.0041s delay=0.3973s (local map=200, WM=200)
[INFO] [1771519256.881948823] [rtabmap]: rtabmap (1905): Rate=1.00s, Limit=0.000s, Conversion=0.0003s, RTAB-Map=0.2201s, Maps update=0.0011s pub=0.0043s delay=0.3957s (local map=200, WM=200)
[INFO] [1771519257.988824788] [rtabmap]: rtabmap (1906): Rate=1.00s, Limit=0.000s, Conversion=0.0004s, RTAB-Map=0.2329s, Maps update=0.0011s pub=0.0043s delay=0.4025s (local map=200, WM=200)
[INFO] [1771519259.078250211] [rtabmap]: rtabmap (1907): Rate=1.00s, Limit=0.000s, Conversion=0.0003s, RTAB-Map=0.2191s, Maps update=0.0011s pub=0.0046s delay=0.3920s (local map=200, WM=200)
[INFO] [1771519260.184561450] [rtabmap]: rtabmap (1908): Rate=1.00s, Limit=0.000s, Conversion=0.0004s, RTAB-Map=0.2230s, Maps update=0.0011s pub=0.0042s delay=0.3984s (local map=200, WM=200)
[INFO] [1771519261.173787340] [rtabmap]: rtabmap (1909): Rate=1.00s, Limit=0.000s, Conversion=0.0005s, RTAB-Map=0.2134s, Maps update=0.0011s pub=0.0041s delay=0.3875s (local map=200, WM=200)
[INFO] [1771519262.173771233] [rtabmap]: rtabmap (1910): Rate=1.00s, Limit=0.000s, Conversion=0.0005s, RTAB-Map=0.2208s, Maps update=0.0013s pub=0.0047s delay=0.3875s (local map=200, WM=200)
[INFO] [1771519263.278518574] [rtabmap]: rtabmap (1911): Rate=1.00s, Limit=0.000s, Conversion=0.0003s, RTAB-Map=0.2167s, Maps update=0.0011s pub=0.0052s delay=0.3924s (local map=200, WM=200)
[INFO] [1771519264.383306141] [rtabmap]: rtabmap (1912): Rate=1.00s, Limit=0.000s, Conversion=0.0005s, RTAB-Map=0.2275s, Maps update=0.0013s pub=0.0047s delay=0.3970s (local map=200, WM=200)
[INFO] [1771519265.482666656] [rtabmap]: rtabmap (1913): Rate=1.00s, Limit=0.000s, Conversion=0.0005s, RTAB-Map=0.2212s, Maps update=0.0011s pub=0.0044s delay=0.3964s (local map=200, WM=200)
[INFO] [1771519266.472074056] [rtabmap]: rtabmap (1914): Rate=1.00s, Limit=0.000s, Conversion=0.0005s, RTAB-Map=0.2149s, Maps update=0.0011s pub=0.0041s delay=0.3858s (local map=200, WM=200)
[INFO] [1771519267.575868978] [rtabmap]: rtabmap (1915): Rate=1.00s, Limit=0.000s, Conversion=0.0003s, RTAB-Map=0.2150s, Maps update=0.0011s pub=0.0042s delay=0.3895s (local map=200, WM=200)
[INFO] [1771519268.598449398] [rtabmap]: rtabmap (1916): Rate=1.00s, Limit=0.000s, Conversion=0.0003s, RTAB-Map=0.2380s, Maps update=0.0011s pub=0.0047s delay=0.4121s (local map=200, WM=200)
[INFO] [1771519269.685742741] [rtabmap]: rtabmap (1917): Rate=1.00s, Limit=0.000s, Conversion=0.0005s, RTAB-Map=0.2343s, Maps update=0.0011s pub=0.0042s delay=0.3997s (local map=200, WM=200)
[INFO] [1771519270.680759183] [rtabmap]: rtabmap (1918): Rate=1.00s, Limit=0.000s, Conversion=0.0005s, RTAB-Map=0.2246s, Maps update=0.0011s pub=0.0039s delay=0.3946s (local map=200, WM=200)
[INFO] [1771519271.666188099] [rtabmap]: rtabmap (1919): Rate=1.00s, Limit=0.000s, Conversion=0.0008s, RTAB-Map=0.2052s, Maps update=0.0011s pub=0.0039s delay=0.3798s (local map=200, WM=200)
[INFO] [1771519272.767444333] [rtabmap]: rtabmap (1920): Rate=1.00s, Limit=0.000s, Conversion=0.0003s, RTAB-Map=0.2058s, Maps update=0.0011s pub=0.0038s delay=0.3811s (local map=200, WM=200)
[INFO] [1771519273.881696830] [rtabmap]: rtabmap (1921): Rate=1.00s, Limit=0.000s, Conversion=0.0004s, RTAB-Map=0.2223s, Maps update=0.0014s pub=0.0051s delay=0.3954s (local map=200, WM=200)
[INFO] [1771519274.888773917] [rtabmap]: rtabmap (1922): Rate=1.00s, Limit=0.000s, Conversion=0.0005s, RTAB-Map=0.2250s, Maps update=0.0011s pub=0.0039s delay=0.4024s (local map=200, WM=200)
[INFO] [1771519275.972387282] [rtabmap]: rtabmap (1923): Rate=1.00s, Limit=0.000s, Conversion=0.0005s, RTAB-Map=0.2133s, Maps update=0.0011s pub=0.0039s delay=0.3860s (local map=200, WM=200)
[INFO] [1771519277.083571664] [rtabmap]: rtabmap (1924): Rate=1.00s, Limit=0.000s, Conversion=0.0004s, RTAB-Map=0.2302s, Maps update=0.0011s pub=0.0035s delay=0.3973s (local map=200, WM=200)
[INFO] [1771519278.178042332] [rtabmap]: rtabmap (1925): Rate=1.00s, Limit=0.000s, Conversion=0.0003s, RTAB-Map=0.2186s, Maps update=0.0011s pub=0.0037s delay=0.3916s (local map=200, WM=200)
[INFO] [1771519279.279397130] [rtabmap]: rtabmap (1926): Rate=1.00s, Limit=0.000s, Conversion=0.0005s, RTAB-Map=0.2213s, Maps update=0.0011s pub=0.0042s delay=0.3933s (local map=200, WM=200)
[INFO] [1771519280.284507327] [rtabmap]: rtabmap (1927): Rate=1.00s, Limit=0.000s, Conversion=0.0010s, RTAB-Map=0.2319s, Maps update=0.0011s pub=0.0038s delay=0.3983s (local map=200, WM=200)
[INFO] [1771519281.397842926] [rtabmap]: rtabmap (1928): Rate=1.00s, Limit=0.000s, Conversion=0.0003s, RTAB-Map=0.2340s, Maps update=0.0014s pub=0.0062s delay=0.4124s (local map=200, WM=200)
[INFO] [1771519282.370201079] [rtabmap]: rtabmap (1929): Rate=1.00s, Limit=0.000s, Conversion=0.0003s, RTAB-Map=0.2117s, Maps update=0.0011s pub=0.0035s delay=0.3838s (local map=200, WM=200)
[INFO] [1771519283.383032558] [rtabmap]: rtabmap (1930): Rate=1.00s, Limit=0.000s, Conversion=0.0005s, RTAB-Map=0.2224s, Maps update=0.0013s pub=0.0047s delay=0.3966s (local map=200, WM=200)
[INFO] [1771519284.491383874] [rtabmap]: rtabmap (1931): Rate=1.00s, Limit=0.000s, Conversion=0.0005s, RTAB-Map=0.2307s, Maps update=0.0014s pub=0.0064s delay=0.4049s (local map=200, WM=200)
[INFO] [1771519285.580436259] [rtabmap]: rtabmap (1932): Rate=1.00s, Limit=0.000s, Conversion=0.0006s, RTAB-Map=0.2180s, Maps update=0.0011s pub=0.0042s delay=0.3939s (local map=200, WM=200)
[INFO] [1771519286.676251201] [rtabmap]: rtabmap (1933): Rate=1.00s, Limit=0.000s, Conversion=0.0005s, RTAB-Map=0.2117s, Maps update=0.0011s pub=0.0035s delay=0.3898s (local map=200, WM=200)
[INFO] [1771519287.783338854] [rtabmap]: rtabmap (1934): Rate=1.00s, Limit=0.000s, Conversion=0.0003s, RTAB-Map=0.2226s, Maps update=0.0011s pub=0.0040s delay=0.3969s (local map=200, WM=200)
[INFO] [1771519288.890891004] [rtabmap]: rtabmap (1935): Rate=1.00s, Limit=0.000s, Conversion=0.0005s, RTAB-Map=0.2316s, Maps update=0.0011s pub=0.0051s delay=0.4044s (local map=200, WM=200)
[INFO] [1771519289.880408265] [rtabmap]: rtabmap (1936): Rate=1.00s, Limit=0.000s, Conversion=0.0003s, RTAB-Map=0.2190s, Maps update=0.0011s pub=0.0039s delay=0.3939s (local map=200, WM=200)
[INFO] [1771519290.977184747] [rtabmap]: rtabmap (1937): Rate=1.00s, Limit=0.000s, Conversion=0.0005s, RTAB-Map=0.2268s, Maps update=0.0011s pub=0.0039s delay=0.3907s (local map=200, WM=200)
[INFO] [1771519292.125835782] [rtabmap]: rtabmap (1938): Rate=1.00s, Limit=0.000s, Conversion=0.0003s, RTAB-Map=0.2473s, Maps update=0.0011s pub=0.0050s delay=0.4395s (local map=200, WM=200)
[INFO] [1771519293.207018495] [rtabmap]: rtabmap (1939): Rate=1.00s, Limit=0.000s, Conversion=0.0003s, RTAB-Map=0.2435s, Maps update=0.0011s pub=0.0049s delay=0.4205s (local map=200, WM=200)
[INFO] [1771519294.276868496] [rtabmap]: rtabmap (1940): Rate=1.00s, Limit=0.000s, Conversion=0.0003s, RTAB-Map=0.2211s, Maps update=0.0011s pub=0.0038s delay=0.3904s (local map=200, WM=200)
[INFO] [1771519295.384049720] [rtabmap]: rtabmap (1941): Rate=1.00s, Limit=0.000s, Conversion=0.0003s, RTAB-Map=0.2180s, Maps update=0.0011s pub=0.0042s delay=0.3977s (local map=200, WM=200)
[INFO] [1771519296.491541324] [rtabmap]: rtabmap (1942): Rate=1.00s, Limit=0.000s, Conversion=0.0005s, RTAB-Map=0.2294s, Maps update=0.0012s pub=0.0041s delay=0.4051s (local map=200, WM=200)
[INFO] [1771519297.575137088] [rtabmap]: rtabmap (1943): Rate=1.00s, Limit=0.000s, Conversion=0.0004s, RTAB-Map=0.2104s, Maps update=0.0011s pub=0.0037s delay=0.3888s (local map=200, WM=200)
[INFO] [1771519298.690767941] [rtabmap]: rtabmap (1944): Rate=1.00s, Limit=0.000s, Conversion=0.0005s, RTAB-Map=0.2299s, Maps update=0.0011s pub=0.0048s delay=0.4043s (local map=200, WM=200)
[INFO] [1771519299.790454485] [rtabmap]: rtabmap (1945): Rate=1.00s, Limit=0.000s, Conversion=0.0005s, RTAB-Map=0.2308s, Maps update=0.0011s pub=0.0049s delay=0.4048s (local map=200, WM=200)
[INFO] [1771519300.765640328] [rtabmap]: rtabmap (1946): Rate=1.00s, Limit=0.000s, Conversion=0.0003s, RTAB-Map=0.2058s, Maps update=0.0011s pub=0.0043s delay=0.3792s (local map=200, WM=200)
[INFO] [1771519301.896501256] [rtabmap]: rtabmap (1947): Rate=1.00s, Limit=0.000s, Conversion=0.0005s, RTAB-Map=0.2248s, Maps update=0.0015s pub=0.0060s delay=0.4100s (local map=200, WM=200)
[INFO] [1771519302.881114589] [rtabmap]: rtabmap (1948): Rate=1.00s, Limit=0.000s, Conversion=0.0004s, RTAB-Map=0.2282s, Maps update=0.0011s pub=0.0043s delay=0.3946s (local map=200, WM=200)
[INFO] [1771519303.913571955] [rtabmap]: rtabmap (1949): Rate=1.00s, Limit=0.000s, Conversion=0.0005s, RTAB-Map=0.2503s, Maps update=0.0012s pub=0.0040s delay=0.4270s (local map=200, WM=200)
[INFO] [1771519304.973527601] [rtabmap]: rtabmap (1950): Rate=1.00s, Limit=0.000s, Conversion=0.0004s, RTAB-Map=0.2194s, Maps update=0.0011s pub=0.0037s delay=0.3870s (local map=200, WM=200)
[INFO] [1771519306.075645531] [rtabmap]: rtabmap (1951): Rate=1.00s, Limit=0.000s, Conversion=0.0003s, RTAB-Map=0.2169s, Maps update=0.0012s pub=0.0051s delay=0.3891s (local map=200, WM=200)
[INFO] [1771519307.073958194] [rtabmap]: rtabmap (1952): Rate=1.00s, Limit=0.000s, Conversion=0.0003s, RTAB-Map=0.2161s, Maps update=0.0011s pub=0.0043s delay=0.3874s (local map=200, WM=200)
[INFO] [1771519308.202069483] [rtabmap]: rtabmap (1953): Rate=1.00s, Limit=0.000s, Conversion=0.0004s, RTAB-Map=0.2398s, Maps update=0.0011s pub=0.0038s delay=0.4164s (local map=200, WM=200)
[INFO] [1771519309.291684704] [rtabmap]: rtabmap (1954): Rate=1.00s, Limit=0.000s, Conversion=0.0003s, RTAB-Map=0.2269s, Maps update=0.0011s pub=0.0042s delay=0.4051s (local map=200, WM=200)
[INFO] [1771519310.391426834] [rtabmap]: rtabmap (1955): Rate=1.00s, Limit=0.000s, Conversion=0.0003s, RTAB-Map=0.2179s, Maps update=0.0011s pub=0.0043s delay=0.4050s (local map=200, WM=200)
[INFO] [1771519311.370307440] [rtabmap]: rtabmap (1956): Rate=1.00s, Limit=0.000s, Conversion=0.0008s, RTAB-Map=0.2188s, Maps update=0.0011s pub=0.0039s delay=0.3836s (local map=200, WM=200)
[INFO] [1771519312.480509993] [rtabmap]: rtabmap (1957): Rate=1.00s, Limit=0.000s, Conversion=0.0005s, RTAB-Map=0.2157s, Maps update=0.0014s pub=0.0043s delay=0.3940s (local map=200, WM=200)
[INFO] [1771519313.592851187] [rtabmap]: rtabmap (1958): Rate=1.00s, Limit=0.000s, Conversion=0.0004s, RTAB-Map=0.2322s, Maps update=0.0012s pub=0.0048s delay=0.4075s (local map=200, WM=200)
[INFO] [1771519314.570533796] [rtabmap]: rtabmap (1959): Rate=1.00s, Limit=0.000s, Conversion=0.0003s, RTAB-Map=0.2157s, Maps update=0.0011s pub=0.0037s delay=0.3839s (local map=200, WM=200)
[INFO] [1771519315.684352229] [rtabmap]: rtabmap (1960): Rate=1.00s, Limit=0.000s, Conversion=0.0003s, RTAB-Map=0.2344s, Maps update=0.0014s pub=0.0043s delay=0.3988s (local map=200, WM=200)
[INFO] [1771519316.804724220] [rtabmap]: rtabmap (1961): Rate=1.00s, Limit=0.000s, Conversion=0.0003s, RTAB-Map=0.2346s, Maps update=0.0011s pub=0.0044s delay=0.4190s (local map=200, WM=200)
[INFO] [1771519317.886437481] [rtabmap]: rtabmap (1962): Rate=1.00s, Limit=0.000s, Conversion=0.0006s, RTAB-Map=0.2285s, Maps update=0.0014s pub=0.0044s delay=0.3998s (local map=200, WM=200)
[INFO] [1771519318.977816833] [rtabmap]: rtabmap (1963): Rate=1.00s, Limit=0.000s, Conversion=0.0003s, RTAB-Map=0.2157s, Maps update=0.0011s pub=0.0044s delay=0.3913s (local map=200, WM=200)
[INFO] [1771519320.066815872] [rtabmap]: rtabmap (1964): Rate=1.00s, Limit=0.000s, Conversion=0.0003s, RTAB-Map=0.2173s, Maps update=0.0012s pub=0.0038s delay=0.3813s (local map=200, WM=200)
[INFO] [1771519321.109621050] [rtabmap]: rtabmap (1965): Rate=1.00s, Limit=0.000s, Conversion=0.0008s, RTAB-Map=0.2455s, Maps update=0.0011s pub=0.0041s delay=0.4231s (local map=200, WM=200)
[INFO] [1771519322.204037924] [rtabmap]: rtabmap (1966): Rate=1.00s, Limit=0.000s, Conversion=0.0003s, RTAB-Map=0.2419s, Maps update=0.0014s pub=0.0053s delay=0.4182s (local map=200, WM=200)
[INFO] [1771519323.280714548] [rtabmap]: rtabmap (1967): Rate=1.00s, Limit=0.000s, Conversion=0.0004s, RTAB-Map=0.2249s, Maps update=0.0011s pub=0.0036s delay=0.3950s (local map=200, WM=200)
[INFO] [1771519324.396464414] [rtabmap]: rtabmap (1968): Rate=1.00s, Limit=0.000s, Conversion=0.0004s, RTAB-Map=0.2281s, Maps update=0.0011s pub=0.0035s delay=0.4107s (local map=200, WM=200)
[INFO] [1771519325.483476498] [rtabmap]: rtabmap (1969): Rate=1.00s, Limit=0.000s, Conversion=0.0006s, RTAB-Map=0.2251s, Maps update=0.0011s pub=0.0045s delay=0.3969s (local map=200, WM=200)
[INFO] [1771519326.587394912] [rtabmap]: rtabmap (1970): Rate=1.00s, Limit=0.000s, Conversion=0.0006s, RTAB-Map=0.2241s, Maps update=0.0011s pub=0.0041s delay=0.4017s (local map=200, WM=200)
[INFO] [1771519327.679751932] [rtabmap]: rtabmap (1971): Rate=1.00s, Limit=0.000s, Conversion=0.0003s, RTAB-Map=0.2210s, Maps update=0.0013s pub=0.0049s delay=0.3939s (local map=200, WM=200)
[INFO] [1771519328.762853470] [rtabmap]: rtabmap (1972): Rate=1.00s, Limit=0.000s, Conversion=0.0005s, RTAB-Map=0.2092s, Maps update=0.0011s pub=0.0045s delay=0.3772s (local map=200, WM=200)
[INFO] [1771519329.870441269] [rtabmap]: rtabmap (1973): Rate=1.00s, Limit=0.000s, Conversion=0.0005s, RTAB-Map=0.2129s, Maps update=0.0011s pub=0.0037s delay=0.3847s (local map=200, WM=200)
[INFO] [1771519330.970716315] [rtabmap]: rtabmap (1974): Rate=1.00s, Limit=0.000s, Conversion=0.0004s, RTAB-Map=0.2168s, Maps update=0.0011s pub=0.0039s delay=0.3851s (local map=200, WM=200)
[INFO] [1771519331.984748031] [rtabmap]: rtabmap (1975): Rate=1.00s, Limit=0.000s, Conversion=0.0005s, RTAB-Map=0.2218s, Maps update=0.0011s pub=0.0043s delay=0.3991s (local map=200, WM=200)
[INFO] [1771519332.984748308] [rtabmap]: rtabmap (1976): Rate=1.00s, Limit=0.000s, Conversion=0.0005s, RTAB-Map=0.2213s, Maps update=0.0011s pub=0.0035s delay=0.3991s (local map=200, WM=200)
[INFO] [1771519333.972715239] [rtabmap]: rtabmap (1977): Rate=1.00s, Limit=0.000s, Conversion=0.0003s, RTAB-Map=0.2100s, Maps update=0.0011s pub=0.0037s delay=0.3871s (local map=200, WM=200)
[INFO] [1771519335.079326362] [rtabmap]: rtabmap (1978): Rate=1.00s, Limit=0.000s, Conversion=0.0005s, RTAB-Map=0.2270s, Maps update=0.0012s pub=0.0044s delay=0.3937s (local map=200, WM=200)
[INFO] [1771519336.089556751] [rtabmap]: rtabmap (1979): Rate=1.00s, Limit=0.000s, Conversion=0.0004s, RTAB-Map=0.2289s, Maps update=0.0011s pub=0.0052s delay=0.4036s (local map=200, WM=200)
[INFO] [1771519337.188274330] [rtabmap]: rtabmap (1980): Rate=1.00s, Limit=0.000s, Conversion=0.0003s, RTAB-Map=0.2334s, Maps update=0.0011s pub=0.0055s delay=0.4029s (local map=200, WM=200)
[INFO] [1771519338.188388372] [rtabmap]: rtabmap (1981): Rate=1.00s, Limit=0.000s, Conversion=0.0003s, RTAB-Map=0.2207s, Maps update=0.0011s pub=0.0041s delay=0.4025s (local map=200, WM=200)
[INFO] [1771519339.289647774] [rtabmap]: rtabmap (1982): Rate=1.00s, Limit=0.000s, Conversion=0.0003s, RTAB-Map=0.2296s, Maps update=0.0011s pub=0.0045s delay=0.4039s (local map=200, WM=200)
[INFO] [1771519340.393272257] [rtabmap]: rtabmap (1983): Rate=1.00s, Limit=0.000s, Conversion=0.0005s, RTAB-Map=0.2367s, Maps update=0.0012s pub=0.0043s delay=0.4079s (local map=200, WM=200)
[INFO] [1771519341.413459276] [rtabmap]: rtabmap (1984): Rate=1.00s, Limit=0.000s, Conversion=0.0005s, RTAB-Map=0.2451s, Maps update=0.0011s pub=0.0061s delay=0.4276s (local map=200, WM=200)
[INFO] [1771519342.486545845] [rtabmap]: rtabmap (1985): Rate=1.00s, Limit=0.000s, Conversion=0.0003s, RTAB-Map=0.2125s, Maps update=0.0011s pub=0.0044s delay=0.4008s (local map=200, WM=200)
[INFO] [1771519343.470485969] [rtabmap]: rtabmap (1986): Rate=1.00s, Limit=0.000s, Conversion=0.0003s, RTAB-Map=0.2172s, Maps update=0.0011s pub=0.0036s delay=0.3847s (local map=200, WM=200)
[INFO] [1771519344.465006969] [rtabmap]: rtabmap (1987): Rate=1.00s, Limit=0.000s, Conversion=0.0005s, RTAB-Map=0.2142s, Maps update=0.0011s pub=0.0041s delay=0.3792s (local map=200, WM=200)
[INFO] [1771519345.576494115] [rtabmap]: rtabmap (1988): Rate=1.00s, Limit=0.000s, Conversion=0.0004s, RTAB-Map=0.2123s, Maps update=0.0011s pub=0.0036s delay=0.3911s (local map=200, WM=200)
[INFO] [1771519346.573313409] [rtabmap]: rtabmap (1989): Rate=1.00s, Limit=0.000s, Conversion=0.0005s, RTAB-Map=0.2134s, Maps update=0.0011s pub=0.0042s delay=0.3879s (local map=200, WM=200)
[INFO] [1771519347.667521539] [rtabmap]: rtabmap (1990): Rate=1.00s, Limit=0.000s, Conversion=0.0003s, RTAB-Map=0.2131s, Maps update=0.0012s pub=0.0038s delay=0.3817s (local map=200, WM=200)
[INFO] [1771519348.800021985] [rtabmap]: rtabmap (1991): Rate=1.00s, Limit=0.000s, Conversion=0.0009s, RTAB-Map=0.2364s, Maps update=0.0013s pub=0.0041s delay=0.4146s (local map=200, WM=200)
[INFO] [1771519349.768500953] [rtabmap]: rtabmap (1992): Rate=1.00s, Limit=0.000s, Conversion=0.0004s, RTAB-Map=0.2112s, Maps update=0.0011s pub=0.0035s delay=0.3828s (local map=200, WM=200)
[INFO] [1771519350.910373878] [rtabmap]: rtabmap (1993): Rate=1.00s, Limit=0.000s, Conversion=0.0003s, RTAB-Map=0.2477s, Maps update=0.0014s pub=0.0054s delay=0.4248s (local map=200, WM=200)
[INFO] [1771519351.990903319] [rtabmap]: rtabmap (1994): Rate=1.00s, Limit=0.000s, Conversion=0.0003s, RTAB-Map=0.2300s, Maps update=0.0011s pub=0.0054s delay=0.4055s (local map=200, WM=200)
[INFO] [1771519352.976747514] [rtabmap]: rtabmap (1995): Rate=1.00s, Limit=0.000s, Conversion=0.0005s, RTAB-Map=0.2163s, Maps update=0.0013s pub=0.0046s delay=0.3913s (local map=200, WM=200)
[INFO] [1771519354.070673297] [rtabmap]: rtabmap (1996): Rate=1.00s, Limit=0.000s, Conversion=0.0004s, RTAB-Map=0.2178s, Maps update=0.0011s pub=0.0041s delay=0.3854s (local map=200, WM=200)
[INFO] [1771519355.079550739] [rtabmap]: rtabmap (1997): Rate=1.00s, Limit=0.000s, Conversion=0.0005s, RTAB-Map=0.2229s, Maps update=0.0011s pub=0.0036s delay=0.3937s (local map=200, WM=200)
[INFO] [1771519356.180508370] [rtabmap]: rtabmap (1998): Rate=1.00s, Limit=0.000s, Conversion=0.0005s, RTAB-Map=0.2213s, Maps update=0.0011s pub=0.0044s delay=0.3950s (local map=200, WM=200)
[INFO] [1771519357.278858736] [rtabmap]: rtabmap (1999): Rate=1.00s, Limit=0.000s, Conversion=0.0003s, RTAB-Map=0.2207s, Maps update=0.0011s pub=0.0038s delay=0.3935s (local map=200, WM=200)
[INFO] [1771519358.386174141] [rtabmap]: rtabmap (2000): Rate=1.00s, Limit=0.000s, Conversion=0.0003s, RTAB-Map=0.2238s, Maps update=0.0011s pub=0.0039s delay=0.4003s (local map=200, WM=200)
[INFO] [1771519359.476174433] [rtabmap]: rtabmap (2001): Rate=1.00s, Limit=0.000s, Conversion=0.0005s, RTAB-Map=0.2155s, Maps update=0.0011s pub=0.0040s delay=0.3908s (local map=200, WM=200)
[INFO] [1771519360.574551039] [rtabmap]: rtabmap (2002): Rate=1.00s, Limit=0.000s, Conversion=0.0005s, RTAB-Map=0.2123s, Maps update=0.0011s pub=0.0038s delay=0.3891s (local map=200, WM=200)
[INFO] [1771519361.676571814] [rtabmap]: rtabmap (2003): Rate=1.00s, Limit=0.000s, Conversion=0.0004s, RTAB-Map=0.2210s, Maps update=0.0011s pub=0.0038s delay=0.3911s (local map=200, WM=200)
[INFO] [1771519362.780777503] [rtabmap]: rtabmap (2004): Rate=1.00s, Limit=0.000s, Conversion=0.0005s, RTAB-Map=0.2107s, Maps update=0.0011s pub=0.0035s delay=0.3953s (local map=200, WM=200)
[INFO] [1771519363.868561392] [rtabmap]: rtabmap (2005): Rate=1.00s, Limit=0.000s, Conversion=0.0005s, RTAB-Map=0.2129s, Maps update=0.0011s pub=0.0040s delay=0.3831s (local map=200, WM=200)
[INFO] [1771519365.005720508] [rtabmap]: rtabmap (2006): Rate=1.00s, Limit=0.000s, Conversion=0.0003s, RTAB-Map=0.2374s, Maps update=0.0011s pub=0.0052s delay=0.4202s (local map=200, WM=200)
[INFO] [1771519366.078852232] [rtabmap]: rtabmap (2007): Rate=1.00s, Limit=0.000s, Conversion=0.0005s, RTAB-Map=0.2249s, Maps update=0.0011s pub=0.0041s delay=0.3935s (local map=200, WM=200)
[INFO] [1771519367.068900872] [rtabmap]: rtabmap (2008): Rate=1.00s, Limit=0.000s, Conversion=0.0005s, RTAB-Map=0.2052s, Maps update=0.0014s pub=0.0044s delay=0.3834s (local map=200, WM=200)
[INFO] [1771519368.185248276] [rtabmap]: rtabmap (2009): Rate=1.00s, Limit=0.000s, Conversion=0.0005s, RTAB-Map=0.2240s, Maps update=0.0011s pub=0.0036s delay=0.3999s (local map=200, WM=200)
[INFO] [1771519369.178717784] [rtabmap]: rtabmap (2010): Rate=1.00s, Limit=0.000s, Conversion=0.0005s, RTAB-Map=0.2257s, Maps update=0.0011s pub=0.0043s delay=0.3934s (local map=200, WM=200)
[INFO] [1771519370.204282348] [rtabmap]: rtabmap (2011): Rate=1.00s, Limit=0.000s, Conversion=0.0006s, RTAB-Map=0.2373s, Maps update=0.0011s pub=0.0046s delay=0.4188s (local map=200, WM=200)
[INFO] [1771519371.278630350] [rtabmap]: rtabmap (2012): Rate=1.00s, Limit=0.000s, Conversion=0.0006s, RTAB-Map=0.2275s, Maps update=0.0011s pub=0.0036s delay=0.3933s (local map=200, WM=200)
[INFO] [1771519372.273339263] [rtabmap]: rtabmap (2013): Rate=1.00s, Limit=0.000s, Conversion=0.0003s, RTAB-Map=0.2154s, Maps update=0.0011s pub=0.0037s delay=0.3878s (local map=200, WM=200)
[INFO] [1771519373.374253351] [rtabmap]: rtabmap (2014): Rate=1.00s, Limit=0.000s, Conversion=0.0003s, RTAB-Map=0.2182s, Maps update=0.0011s pub=0.0041s delay=0.3887s (local map=200, WM=200)
[INFO] [1771519374.478592075] [rtabmap]: rtabmap (2015): Rate=1.00s, Limit=0.000s, Conversion=0.0004s, RTAB-Map=0.2196s, Maps update=0.0011s pub=0.0038s delay=0.3932s (local map=200, WM=200)
[INFO] [1771519375.580723008] [rtabmap]: rtabmap (2016): Rate=1.00s, Limit=0.000s, Conversion=0.0005s, RTAB-Map=0.2168s, Maps update=0.0014s pub=0.0042s delay=0.3953s (local map=200, WM=200)
[INFO] [1771519376.700933477] [rtabmap]: rtabmap (2017): Rate=1.00s, Limit=0.000s, Conversion=0.0005s, RTAB-Map=0.2417s, Maps update=0.0012s pub=0.0045s delay=0.4156s (local map=200, WM=200)
[INFO] [1771519377.777245455] [rtabmap]: rtabmap (2018): Rate=1.00s, Limit=0.000s, Conversion=0.0005s, RTAB-Map=0.2178s, Maps update=0.0011s pub=0.0038s delay=0.3918s (local map=200, WM=200)
[INFO] [1771519378.874274889] [rtabmap]: rtabmap (2019): Rate=1.00s, Limit=0.000s, Conversion=0.0003s, RTAB-Map=0.2193s, Maps update=0.0013s pub=0.0045s delay=0.3890s (local map=200, WM=200)
[INFO] [1771519379.879663103] [rtabmap]: rtabmap (2020): Rate=1.00s, Limit=0.000s, Conversion=0.0003s, RTAB-Map=0.2257s, Maps update=0.0011s pub=0.0036s delay=0.3943s (local map=200, WM=200)
[INFO] [1771519380.874514614] [rtabmap]: rtabmap (2021): Rate=1.00s, Limit=0.000s, Conversion=0.0003s, RTAB-Map=0.2171s, Maps update=0.0021s pub=0.0039s delay=0.3890s (local map=200, WM=200)
[INFO] [1771519381.990987219] [rtabmap]: rtabmap (2022): Rate=1.00s, Limit=0.000s, Conversion=0.0005s, RTAB-Map=0.2256s, Maps update=0.0011s pub=0.0052s delay=0.4056s (local map=200, WM=200)
[INFO] [1771519383.086399923] [rtabmap]: rtabmap (2023): Rate=1.00s, Limit=0.000s, Conversion=0.0004s, RTAB-Map=0.2244s, Maps update=0.0011s pub=0.0039s delay=0.4011s (local map=200, WM=200)
[INFO] [1771519384.202549413] [rtabmap]: rtabmap (2024): Rate=1.00s, Limit=0.000s, Conversion=0.0004s, RTAB-Map=0.2453s, Maps update=0.0011s pub=0.0038s delay=0.4172s (local map=200, WM=200)
[INFO] [1771519385.194723739] [rtabmap]: rtabmap (2025): Rate=1.00s, Limit=0.000s, Conversion=0.0003s, RTAB-Map=0.2258s, Maps update=0.0012s pub=0.0047s delay=0.4092s (local map=200, WM=200)
[INFO] [1771519386.288694342] [rtabmap]: rtabmap (2026): Rate=1.00s, Limit=0.000s, Conversion=0.0004s, RTAB-Map=0.2288s, Maps update=0.0011s pub=0.0039s delay=0.4033s (local map=200, WM=200)
[INFO] [1771519387.369140358] [rtabmap]: rtabmap (2027): Rate=1.00s, Limit=0.000s, Conversion=0.0004s, RTAB-Map=0.2137s, Maps update=0.0011s pub=0.0038s delay=0.3837s (local map=200, WM=200)
[INFO] [1771519388.489059809] [rtabmap]: rtabmap (2028): Rate=1.00s, Limit=0.000s, Conversion=0.0005s, RTAB-Map=0.2322s, Maps update=0.0011s pub=0.0041s delay=0.4036s (local map=200, WM=200)
[INFO] [1771519389.483667598] [rtabmap]: rtabmap (2029): Rate=1.00s, Limit=0.000s, Conversion=0.0003s, RTAB-Map=0.2209s, Maps update=0.0011s pub=0.0036s delay=0.3982s (local map=200, WM=200)
[INFO] [1771519390.579909004] [rtabmap]: rtabmap (2030): Rate=1.00s, Limit=0.000s, Conversion=0.0004s, RTAB-Map=0.2204s, Maps update=0.0011s pub=0.0043s delay=0.3944s (local map=200, WM=200)
[INFO] [1771519391.689123490] [rtabmap]: rtabmap (2031): Rate=1.00s, Limit=0.000s, Conversion=0.0009s, RTAB-Map=0.2319s, Maps update=0.0011s pub=0.0037s delay=0.4037s (local map=200, WM=200)
[INFO] [1771519392.674167732] [rtabmap]: rtabmap (2032): Rate=1.00s, Limit=0.000s, Conversion=0.0003s, RTAB-Map=0.2157s, Maps update=0.0011s pub=0.0036s delay=0.3887s (local map=200, WM=200)
[INFO] [1771519393.784566965] [rtabmap]: rtabmap (2033): Rate=1.00s, Limit=0.000s, Conversion=0.0004s, RTAB-Map=0.2246s, Maps update=0.0011s pub=0.0037s delay=0.3990s (local map=200, WM=200)
[INFO] [1771519394.881052796] [rtabmap]: rtabmap (2034): Rate=1.00s, Limit=0.000s, Conversion=0.0006s, RTAB-Map=0.2196s, Maps update=0.0011s pub=0.0041s delay=0.3955s (local map=200, WM=200)
[INFO] [1771519395.988321515] [rtabmap]: rtabmap (2035): Rate=1.00s, Limit=0.000s, Conversion=0.0005s, RTAB-Map=0.2270s, Maps update=0.0011s pub=0.0047s delay=0.4028s (local map=200, WM=200)
[INFO] [1771519397.076791854] [rtabmap]: rtabmap (2036): Rate=1.00s, Limit=0.000s, Conversion=0.0005s, RTAB-Map=0.2198s, Maps update=0.0011s pub=0.0035s delay=0.3914s (local map=200, WM=200)
[INFO] [1771519398.090347437] [rtabmap]: rtabmap (2037): Rate=1.00s, Limit=0.000s, Conversion=0.0005s, RTAB-Map=0.2267s, Maps update=0.0011s pub=0.0046s delay=0.4049s (local map=200, WM=200)
[INFO] [1771519399.079864610] [rtabmap]: rtabmap (2038): Rate=1.00s, Limit=0.000s, Conversion=0.0005s, RTAB-Map=0.2241s, Maps update=0.0011s pub=0.0038s delay=0.3942s (local map=200, WM=200)
[INFO] [1771519400.181335966] [rtabmap]: rtabmap (2039): Rate=1.00s, Limit=0.000s, Conversion=0.0005s, RTAB-Map=0.2220s, Maps update=0.0011s pub=0.0038s delay=0.3957s (local map=200, WM=200)
[INFO] [1771519401.264664518] [rtabmap]: rtabmap (2040): Rate=1.00s, Limit=0.000s, Conversion=0.0004s, RTAB-Map=0.2128s, Maps update=0.0011s pub=0.0036s delay=0.3791s (local map=200, WM=200)
[INFO] [1771519402.275800845] [rtabmap]: rtabmap (2041): Rate=1.00s, Limit=0.000s, Conversion=0.0006s, RTAB-Map=0.2135s, Maps update=0.0011s pub=0.0038s delay=0.3902s (local map=200, WM=200)
[INFO] [1771519403.374445187] [rtabmap]: rtabmap (2042): Rate=1.00s, Limit=0.000s, Conversion=0.0003s, RTAB-Map=0.2199s, Maps update=0.0011s pub=0.0038s delay=0.3889s (local map=200, WM=200)
[INFO] [1771519404.477063241] [rtabmap]: rtabmap (2043): Rate=1.00s, Limit=0.000s, Conversion=0.0003s, RTAB-Map=0.2280s, Maps update=0.0012s pub=0.0037s delay=0.3915s (local map=200, WM=200)
[INFO] [1771519405.581489776] [rtabmap]: rtabmap (2044): Rate=1.00s, Limit=0.000s, Conversion=0.0004s, RTAB-Map=0.2250s, Maps update=0.0011s pub=0.0041s delay=0.3958s (local map=200, WM=200)
[INFO] [1771519406.704090829] [rtabmap]: rtabmap (2045): Rate=1.00s, Limit=0.000s, Conversion=0.0003s, RTAB-Map=0.2452s, Maps update=0.0012s pub=0.0041s delay=0.4186s (local map=200, WM=200)
[INFO] [1771519407.777302917] [rtabmap]: rtabmap (2046): Rate=1.00s, Limit=0.000s, Conversion=0.0005s, RTAB-Map=0.2212s, Maps update=0.0011s pub=0.0036s delay=0.3916s (local map=200, WM=200)
[INFO] [1771519408.772765138] [rtabmap]: rtabmap (2047): Rate=1.00s, Limit=0.000s, Conversion=0.0004s, RTAB-Map=0.2174s, Maps update=0.0011s pub=0.0041s delay=0.3871s (local map=200, WM=200)
[INFO] [1771519409.893684466] [rtabmap]: rtabmap (2048): Rate=1.00s, Limit=0.000s, Conversion=0.0005s, RTAB-Map=0.2295s, Maps update=0.0011s pub=0.0040s delay=0.4082s (local map=200, WM=200)
[INFO] [1771519410.871884171] [rtabmap]: rtabmap (2049): Rate=1.00s, Limit=0.000s, Conversion=0.0005s, RTAB-Map=0.2157s, Maps update=0.0011s pub=0.0035s delay=0.3863s (local map=200, WM=200)
[INFO] [1771519411.981775289] [rtabmap]: rtabmap (2050): Rate=1.00s, Limit=0.000s, Conversion=0.0004s, RTAB-Map=0.2212s, Maps update=0.0011s pub=0.0037s delay=0.3961s (local map=200, WM=200)
[INFO] [1771519412.994379445] [rtabmap]: rtabmap (2051): Rate=1.00s, Limit=0.000s, Conversion=0.0107s, RTAB-Map=0.2178s, Maps update=0.0011s pub=0.0047s delay=0.4087s (local map=200, WM=200)
[INFO] [1771519414.091331053] [rtabmap]: rtabmap (2052): Rate=1.00s, Limit=0.000s, Conversion=0.0003s, RTAB-Map=0.2319s, Maps update=0.0013s pub=0.0051s delay=0.4057s (local map=200, WM=200)
[INFO] [1771519415.084153210] [rtabmap]: rtabmap (2053): Rate=1.00s, Limit=0.000s, Conversion=0.0005s, RTAB-Map=0.2269s, Maps update=0.0013s pub=0.0044s delay=0.3985s (local map=200, WM=200)
[INFO] [1771519416.176904697] [rtabmap]: rtabmap (2054): Rate=1.00s, Limit=0.000s, Conversion=0.0004s, RTAB-Map=0.2168s, Maps update=0.0011s pub=0.0041s delay=0.3912s (local map=200, WM=200)
[INFO] [1771519417.269379790] [rtabmap]: rtabmap (2055): Rate=1.00s, Limit=0.000s, Conversion=0.0005s, RTAB-Map=0.2105s, Maps update=0.0014s pub=0.0044s delay=0.3838s (local map=200, WM=200)
[INFO] [1771519418.278488555] [rtabmap]: rtabmap (2056): Rate=1.00s, Limit=0.000s, Conversion=0.0005s, RTAB-Map=0.2224s, Maps update=0.0011s pub=0.0045s delay=0.3928s (local map=200, WM=200)
[INFO] [1771519419.384156160] [rtabmap]: rtabmap (2057): Rate=1.00s, Limit=0.000s, Conversion=0.0005s, RTAB-Map=0.2247s, Maps update=0.0011s pub=0.0041s delay=0.3985s (local map=200, WM=200)
[INFO] [1771519420.372116124] [rtabmap]: rtabmap (2058): Rate=1.00s, Limit=0.000s, Conversion=0.0005s, RTAB-Map=0.2088s, Maps update=0.0011s pub=0.0040s delay=0.3865s (local map=200, WM=200)
[INFO] [1771519421.382479206] [rtabmap]: rtabmap (2059): Rate=1.00s, Limit=0.000s, Conversion=0.0003s, RTAB-Map=0.2217s, Maps update=0.0011s pub=0.0047s delay=0.3968s (local map=200, WM=200)
[INFO] [1771519422.472856495] [rtabmap]: rtabmap (2060): Rate=1.00s, Limit=0.000s, Conversion=0.0003s, RTAB-Map=0.2163s, Maps update=0.0011s pub=0.0040s delay=0.3871s (local map=200, WM=200)
[INFO] [1771519423.498896404] [rtabmap]: rtabmap (2061): Rate=1.00s, Limit=0.000s, Conversion=0.0005s, RTAB-Map=0.2422s, Maps update=0.0011s pub=0.0051s delay=0.4130s (local map=200, WM=200)
[INFO] [1771519424.591932317] [rtabmap]: rtabmap (2062): Rate=1.00s, Limit=0.000s, Conversion=0.0005s, RTAB-Map=0.2315s, Maps update=0.0014s pub=0.0056s delay=0.4061s (local map=200, WM=200)
[INFO] [1771519425.567626171] [rtabmap]: rtabmap (2063): Rate=1.00s, Limit=0.000s, Conversion=0.0003s, RTAB-Map=0.2105s, Maps update=0.0011s pub=0.0038s delay=0.3818s (local map=200, WM=200)
[INFO] [1771519426.685637297] [rtabmap]: rtabmap (2064): Rate=1.00s, Limit=0.000s, Conversion=0.0004s, RTAB-Map=0.2334s, Maps update=0.0011s pub=0.0040s delay=0.3999s (local map=200, WM=200)
[INFO] [1771519427.774850063] [rtabmap]: rtabmap (2065): Rate=1.00s, Limit=0.000s, Conversion=0.0003s, RTAB-Map=0.2159s, Maps update=0.0011s pub=0.0034s delay=0.3892s (local map=200, WM=200)
[INFO] [1771519428.773824348] [rtabmap]: rtabmap (2066): Rate=1.00s, Limit=0.000s, Conversion=0.0004s, RTAB-Map=0.2182s, Maps update=0.0011s pub=0.0040s delay=0.3880s (local map=200, WM=200)
[INFO] [1771519429.868795372] [rtabmap]: rtabmap (2067): Rate=1.00s, Limit=0.000s, Conversion=0.0003s, RTAB-Map=0.2133s, Maps update=0.0011s pub=0.0036s delay=0.3831s (local map=200, WM=200)
[INFO] [1771519430.886363068] [rtabmap]: rtabmap (2068): Rate=1.00s, Limit=0.000s, Conversion=0.0005s, RTAB-Map=0.2278s, Maps update=0.0011s pub=0.0040s delay=0.4006s (local map=200, WM=200)
[INFO] [1771519431.882703977] [rtabmap]: rtabmap (2069): Rate=1.00s, Limit=0.000s, Conversion=0.0005s, RTAB-Map=0.2284s, Maps update=0.0011s pub=0.0038s delay=0.3969s (local map=200, WM=200)
[INFO] [1771519432.999294219] [rtabmap]: rtabmap (2070): Rate=1.00s, Limit=0.000s, Conversion=0.0005s, RTAB-Map=0.2316s, Maps update=0.0011s pub=0.0046s delay=0.4135s (local map=200, WM=200)
[INFO] [1771519434.089346952] [rtabmap]: rtabmap (2071): Rate=1.00s, Limit=0.000s, Conversion=0.0003s, RTAB-Map=0.2298s, Maps update=0.0011s pub=0.0048s delay=0.4035s (local map=200, WM=200)
[INFO] [1771519435.091018519] [rtabmap]: rtabmap (2072): Rate=1.00s, Limit=0.000s, Conversion=0.0003s, RTAB-Map=0.2278s, Maps update=0.0011s pub=0.0053s delay=0.4051s (local map=200, WM=200)
[INFO] [1771519436.182647661] [rtabmap]: rtabmap (2073): Rate=1.00s, Limit=0.000s, Conversion=0.0006s, RTAB-Map=0.2211s, Maps update=0.0013s pub=0.0046s delay=0.3969s (local map=200, WM=200)
[INFO] [1771519437.161476157] [rtabmap]: rtabmap (2074): Rate=1.00s, Limit=0.000s, Conversion=0.0003s, RTAB-Map=0.2053s, Maps update=0.0011s pub=0.0060s delay=0.3757s (local map=200, WM=200)
[INFO] [1771519438.171540604] [rtabmap]: rtabmap (2075): Rate=1.00s, Limit=0.000s, Conversion=0.0003s, RTAB-Map=0.2135s, Maps update=0.0011s pub=0.0040s delay=0.3856s (local map=200, WM=200)
[INFO] [1771519439.298159819] [rtabmap]: rtabmap (2076): Rate=1.00s, Limit=0.000s, Conversion=0.0004s, RTAB-Map=0.2363s, Maps update=0.0011s pub=0.0052s delay=0.4122s (local map=200, WM=200)
[INFO] [1771519440.393576203] [rtabmap]: rtabmap (2077): Rate=1.00s, Limit=0.000s, Conversion=0.0003s, RTAB-Map=0.2300s, Maps update=0.0015s pub=0.0052s delay=0.4077s (local map=200, WM=200)
[INFO] [1771519441.475196854] [rtabmap]: rtabmap (2078): Rate=1.00s, Limit=0.000s, Conversion=0.0004s, RTAB-Map=0.2209s, Maps update=0.0011s pub=0.0040s delay=0.3893s (local map=200, WM=200)
[INFO] [1771519442.483760223] [rtabmap]: rtabmap (2079): Rate=1.00s, Limit=0.000s, Conversion=0.0005s, RTAB-Map=0.2286s, Maps update=0.0014s pub=0.0049s delay=0.3978s (local map=200, WM=200)
[INFO] [1771519443.587483725] [rtabmap]: rtabmap (2080): Rate=1.00s, Limit=0.000s, Conversion=0.0003s, RTAB-Map=0.2270s, Maps update=0.0011s pub=0.0042s delay=0.4015s (local map=200, WM=200)
[INFO] [1771519444.574780209] [rtabmap]: rtabmap (2081): Rate=1.00s, Limit=0.000s, Conversion=0.0004s, RTAB-Map=0.2177s, Maps update=0.0011s pub=0.0035s delay=0.3888s (local map=200, WM=200)
[INFO] [1771519445.674529422] [rtabmap]: rtabmap (2082): Rate=1.00s, Limit=0.000s, Conversion=0.0004s, RTAB-Map=0.2202s, Maps update=0.0011s pub=0.0037s delay=0.3886s (local map=200, WM=200)
[INFO] [1771519446.777653560] [rtabmap]: rtabmap (2083): Rate=1.00s, Limit=0.000s, Conversion=0.0007s, RTAB-Map=0.2171s, Maps update=0.0014s pub=0.0055s delay=0.3918s (local map=200, WM=200)
[INFO] [1771519447.789002297] [rtabmap]: rtabmap (2084): Rate=1.00s, Limit=0.000s, Conversion=0.0005s, RTAB-Map=0.2280s, Maps update=0.0013s pub=0.0051s delay=0.4031s (local map=200, WM=200)
[INFO] [1771519448.880386264] [rtabmap]: rtabmap (2085): Rate=1.00s, Limit=0.000s, Conversion=0.0003s, RTAB-Map=0.2171s, Maps update=0.0011s pub=0.0037s delay=0.3944s (local map=200, WM=200)
[INFO] [1771519449.965089246] [rtabmap]: rtabmap (2086): Rate=1.00s, Limit=0.000s, Conversion=0.0003s, RTAB-Map=0.2170s, Maps update=0.0011s pub=0.0037s delay=0.3793s (local map=200, WM=200)
[INFO] [1771519450.985661238] [rtabmap]: rtabmap (2087): Rate=1.00s, Limit=0.000s, Conversion=0.0005s, RTAB-Map=0.2257s, Maps update=0.0011s pub=0.0038s delay=0.3997s (local map=200, WM=200)
[INFO] [1771519452.078446889] [rtabmap]: rtabmap (2088): Rate=1.00s, Limit=0.000s, Conversion=0.0003s, RTAB-Map=0.2194s, Maps update=0.0013s pub=0.0046s delay=0.3924s (local map=200, WM=200)
[INFO] [1771519453.164503234] [rtabmap]: rtabmap (2089): Rate=1.00s, Limit=0.000s, Conversion=0.0003s, RTAB-Map=0.2150s, Maps update=0.0011s pub=0.0049s delay=0.3785s (local map=200, WM=200)
[INFO] [1771519454.286871199] [rtabmap]: rtabmap (2090): Rate=1.00s, Limit=0.000s, Conversion=0.0003s, RTAB-Map=0.2248s, Maps update=0.0011s pub=0.0043s delay=0.4009s (local map=200, WM=200)
[INFO] [1771519455.263020549] [rtabmap]: rtabmap (2091): Rate=1.00s, Limit=0.000s, Conversion=0.0003s, RTAB-Map=0.2061s, Maps update=0.0011s pub=0.0036s delay=0.3770s (local map=200, WM=200)
[INFO] [1771519456.271471163] [rtabmap]: rtabmap (2092): Rate=1.00s, Limit=0.000s, Conversion=0.0005s, RTAB-Map=0.2110s, Maps update=0.0011s pub=0.0037s delay=0.3854s (local map=200, WM=200)
[INFO] [1771519457.362208737] [rtabmap]: rtabmap (2093): Rate=1.00s, Limit=0.000s, Conversion=0.0003s, RTAB-Map=0.2071s, Maps update=0.0011s pub=0.0041s delay=0.3762s (local map=200, WM=200)
[INFO] [1771519458.491631397] [rtabmap]: rtabmap (2094): Rate=1.00s, Limit=0.000s, Conversion=0.0005s, RTAB-Map=0.2258s, Maps update=0.0011s pub=0.0052s delay=0.4057s (local map=200, WM=200)
[INFO] [1771519459.487711759] [rtabmap]: rtabmap (2095): Rate=1.00s, Limit=0.000s, Conversion=0.0006s, RTAB-Map=0.2275s, Maps update=0.0011s pub=0.0046s delay=0.4017s (local map=200, WM=200)
[INFO] [1771519460.570430220] [rtabmap]: rtabmap (2096): Rate=1.00s, Limit=0.000s, Conversion=0.0005s, RTAB-Map=0.2193s, Maps update=0.0013s pub=0.0045s delay=0.3845s (local map=200, WM=200)
[INFO] [1771519461.585808579] [rtabmap]: rtabmap (2097): Rate=1.00s, Limit=0.000s, Conversion=0.0005s, RTAB-Map=0.2277s, Maps update=0.0011s pub=0.0037s delay=0.3998s (local map=200, WM=200)
[INFO] [1771519462.591177510] [rtabmap]: rtabmap (2098): Rate=1.00s, Limit=0.000s, Conversion=0.0004s, RTAB-Map=0.2312s, Maps update=0.0011s pub=0.0062s delay=0.4051s (local map=200, WM=200)
[INFO] [1771519463.677346115] [rtabmap]: rtabmap (2099): Rate=1.00s, Limit=0.000s, Conversion=0.0007s, RTAB-Map=0.2193s, Maps update=0.0011s pub=0.0043s delay=0.3913s (local map=200, WM=200)
[INFO] [1771519464.672200544] [rtabmap]: rtabmap (2100): Rate=1.00s, Limit=0.000s, Conversion=0.0005s, RTAB-Map=0.2146s, Maps update=0.0011s pub=0.0043s delay=0.3860s (local map=200, WM=200)
[INFO] [1771519465.793931430] [rtabmap]: rtabmap (2101): Rate=1.00s, Limit=0.000s, Conversion=0.0004s, RTAB-Map=0.2355s, Maps update=0.0012s pub=0.0059s delay=0.4078s (local map=200, WM=200)
[INFO] [1771519466.877354525] [rtabmap]: rtabmap (2102): Rate=1.00s, Limit=0.000s, Conversion=0.0003s, RTAB-Map=0.2196s, Maps update=0.0011s pub=0.0045s delay=0.3913s (local map=200, WM=200)
[INFO] [1771519467.987695867] [rtabmap]: rtabmap (2103): Rate=1.00s, Limit=0.000s, Conversion=0.0004s, RTAB-Map=0.2269s, Maps update=0.0011s pub=0.0043s delay=0.4016s (local map=200, WM=200)
[INFO] [1771519468.991737677] [rtabmap]: rtabmap (2104): Rate=1.00s, Limit=0.000s, Conversion=0.0005s, RTAB-Map=0.2229s, Maps update=0.0011s pub=0.0046s delay=0.4056s (local map=200, WM=200)
[INFO] [1771519469.992798417] [rtabmap]: rtabmap (2105): Rate=1.00s, Limit=0.000s, Conversion=0.0104s, RTAB-Map=0.2290s, Maps update=0.0014s pub=0.0054s delay=0.4067s (local map=200, WM=200)
[INFO] [1771519471.099043095] [rtabmap]: rtabmap (2106): Rate=1.00s, Limit=0.000s, Conversion=0.0006s, RTAB-Map=0.2358s, Maps update=0.0013s pub=0.0078s delay=0.4130s (local map=200, WM=200)
[INFO] [1771519472.075919448] [rtabmap]: rtabmap (2107): Rate=1.00s, Limit=0.000s, Conversion=0.0005s, RTAB-Map=0.2197s, Maps update=0.0011s pub=0.0058s delay=0.3898s (local map=200, WM=200)
[INFO] [1771519473.184136328] [rtabmap]: rtabmap (2108): Rate=1.00s, Limit=0.000s, Conversion=0.0003s, RTAB-Map=0.2279s, Maps update=0.0011s pub=0.0040s delay=0.3981s (local map=200, WM=200)
[INFO] [1771519474.179842276] [rtabmap]: rtabmap (2109): Rate=1.00s, Limit=0.000s, Conversion=0.0005s, RTAB-Map=0.2283s, Maps update=0.0014s pub=0.0046s delay=0.3938s (local map=200, WM=200)
[INFO] [1771519475.186303024] [rtabmap]: rtabmap (2110): Rate=1.00s, Limit=0.000s, Conversion=0.0005s, RTAB-Map=0.2250s, Maps update=0.0011s pub=0.0039s delay=0.4001s (local map=200, WM=200)
[INFO] [1771519476.172460714] [rtabmap]: rtabmap (2111): Rate=1.00s, Limit=0.000s, Conversion=0.0005s, RTAB-Map=0.2120s, Maps update=0.0011s pub=0.0038s delay=0.3863s (local map=200, WM=200)
[INFO] [1771519477.186833435] [rtabmap]: rtabmap (2112): Rate=1.00s, Limit=0.000s, Conversion=0.0003s, RTAB-Map=0.2256s, Maps update=0.0011s pub=0.0036s delay=0.4005s (local map=200, WM=200)
[INFO] [1771519478.287942851] [rtabmap]: rtabmap (2113): Rate=1.00s, Limit=0.000s, Conversion=0.0004s, RTAB-Map=0.2292s, Maps update=0.0011s pub=0.0044s delay=0.4018s (local map=200, WM=200)
[INFO] [1771519479.297492706] [rtabmap]: rtabmap (2114): Rate=1.00s, Limit=0.000s, Conversion=0.0008s, RTAB-Map=0.2336s, Maps update=0.0013s pub=0.0066s delay=0.4113s (local map=200, WM=200)
[INFO] [1771519480.377912841] [rtabmap]: rtabmap (2115): Rate=1.00s, Limit=0.000s, Conversion=0.0003s, RTAB-Map=0.2135s, Maps update=0.0011s pub=0.0043s delay=0.3919s (local map=200, WM=200)
[INFO] [1771519481.387881463] [rtabmap]: rtabmap (2116): Rate=1.00s, Limit=0.000s, Conversion=0.0005s, RTAB-Map=0.2308s, Maps update=0.0011s pub=0.0043s delay=0.4018s (local map=200, WM=200)
[INFO] [1771519482.375400868] [rtabmap]: rtabmap (2117): Rate=1.00s, Limit=0.000s, Conversion=0.0004s, RTAB-Map=0.2171s, Maps update=0.0011s pub=0.0040s delay=0.3892s (local map=200, WM=200)
[INFO] [1771519483.485617854] [rtabmap]: rtabmap (2118): Rate=1.00s, Limit=0.000s, Conversion=0.0003s, RTAB-Map=0.2273s, Maps update=0.0011s pub=0.0039s delay=0.3993s (local map=200, WM=200)
[INFO] [1771519484.574468126] [rtabmap]: rtabmap (2119): Rate=1.00s, Limit=0.000s, Conversion=0.0003s, RTAB-Map=0.2216s, Maps update=0.0011s pub=0.0038s delay=0.3882s (local map=200, WM=200)
[INFO] [1771519485.699089936] [rtabmap]: rtabmap (2120): Rate=1.00s, Limit=0.000s, Conversion=0.0005s, RTAB-Map=0.2345s, Maps update=0.0015s pub=0.0069s delay=0.4128s (local map=200, WM=200)
[INFO] [1771519486.699848456] [rtabmap]: rtabmap (2121): Rate=1.00s, Limit=0.000s, Conversion=0.0004s, RTAB-Map=0.2393s, Maps update=0.0011s pub=0.0039s delay=0.4136s (local map=200, WM=200)
[INFO] [1771519487.786275374] [rtabmap]: rtabmap (2122): Rate=1.00s, Limit=0.000s, Conversion=0.0003s, RTAB-Map=0.2299s, Maps update=0.0011s pub=0.0038s delay=0.4001s (local map=200, WM=200)
[INFO] [1771519488.763738949] [rtabmap]: rtabmap (2123): Rate=1.00s, Limit=0.000s, Conversion=0.0003s, RTAB-Map=0.2118s, Maps update=0.0012s pub=0.0048s delay=0.3774s (local map=200, WM=200)
[INFO] [1771519489.891564397] [rtabmap]: rtabmap (2124): Rate=1.00s, Limit=0.000s, Conversion=0.0003s, RTAB-Map=0.2277s, Maps update=0.0011s pub=0.0051s delay=0.4053s (local map=200, WM=200)
[INFO] [1771519490.993004609] [rtabmap]: rtabmap (2125): Rate=1.00s, Limit=0.000s, Conversion=0.0003s, RTAB-Map=0.2335s, Maps update=0.0011s pub=0.0063s delay=0.4069s (local map=200, WM=200)
[INFO] [1771519492.069547032] [rtabmap]: rtabmap (2126): Rate=1.00s, Limit=0.000s, Conversion=0.0005s, RTAB-Map=0.2097s, Maps update=0.0011s pub=0.0037s delay=0.3833s (local map=200, WM=200)
[INFO] [1771519493.207517785] [rtabmap]: rtabmap (2127): Rate=1.00s, Limit=0.000s, Conversion=0.0003s, RTAB-Map=0.2455s, Maps update=0.0011s pub=0.0056s delay=0.4215s (local map=200, WM=200)
[INFO] [1771519494.182610680] [rtabmap]: rtabmap (2128): Rate=1.00s, Limit=0.000s, Conversion=0.0004s, RTAB-Map=0.2218s, Maps update=0.0011s pub=0.0041s delay=0.3965s (local map=200, WM=200)
[INFO] [1771519495.182168324] [rtabmap]: rtabmap (2129): Rate=1.00s, Limit=0.000s, Conversion=0.0007s, RTAB-Map=0.2222s, Maps update=0.0011s pub=0.0037s delay=0.3960s (local map=200, WM=200)
[INFO] [1771519496.176496749] [rtabmap]: rtabmap (2130): Rate=1.00s, Limit=0.000s, Conversion=0.0003s, RTAB-Map=0.2250s, Maps update=0.0013s pub=0.0043s delay=0.3903s (local map=200, WM=200)
[INFO] [1771519497.181401055] [rtabmap]: rtabmap (2131): Rate=1.00s, Limit=0.000s, Conversion=0.0004s, RTAB-Map=0.2236s, Maps update=0.0013s pub=0.0045s delay=0.3950s (local map=200, WM=200)
[INFO] [1771519498.303256137] [rtabmap]: rtabmap (2132): Rate=1.00s, Limit=0.000s, Conversion=0.0005s, RTAB-Map=0.2389s, Maps update=0.0011s pub=0.0056s delay=0.4171s (local map=200, WM=200)
[INFO] [1771519499.276828175] [rtabmap]: rtabmap (2133): Rate=1.00s, Limit=0.000s, Conversion=0.0004s, RTAB-Map=0.2252s, Maps update=0.0011s pub=0.0043s delay=0.3907s (local map=200, WM=200)
[INFO] [1771519500.284955289] [rtabmap]: rtabmap (2134): Rate=1.00s, Limit=0.000s, Conversion=0.0005s, RTAB-Map=0.2187s, Maps update=0.0011s pub=0.0042s delay=0.3987s (local map=200, WM=200)
[INFO] [1771519501.292161281] [rtabmap]: rtabmap (2135): Rate=1.00s, Limit=0.000s, Conversion=0.0005s, RTAB-Map=0.2267s, Maps update=0.0011s pub=0.0072s delay=0.4059s (local map=200, WM=200)
[INFO] [1771519502.392169312] [rtabmap]: rtabmap (2136): Rate=1.00s, Limit=0.000s, Conversion=0.0005s, RTAB-Map=0.2352s, Maps update=0.0013s pub=0.0061s delay=0.4059s (local map=200, WM=200)
[INFO] [1771519503.388660057] [rtabmap]: rtabmap (2137): Rate=1.00s, Limit=0.000s, Conversion=0.0003s, RTAB-Map=0.2290s, Maps update=0.0013s pub=0.0045s delay=0.4022s (local map=200, WM=200)
[INFO] [1771519504.481599409] [rtabmap]: rtabmap (2138): Rate=1.00s, Limit=0.000s, Conversion=0.0005s, RTAB-Map=0.2215s, Maps update=0.0011s pub=0.0036s delay=0.3953s (local map=200, WM=200)
[INFO] [1771519505.597970640] [rtabmap]: rtabmap (2139): Rate=1.00s, Limit=0.000s, Conversion=0.0005s, RTAB-Map=0.2368s, Maps update=0.0011s pub=0.0042s delay=0.4117s (local map=200, WM=200)
[INFO] [1771519506.585090670] [rtabmap]: rtabmap (2140): Rate=1.00s, Limit=0.000s, Conversion=0.0005s, RTAB-Map=0.2328s, Maps update=0.0011s pub=0.0037s delay=0.3987s (local map=200, WM=200)
[INFO] [1771519507.659919141] [rtabmap]: rtabmap (2141): Rate=1.00s, Limit=0.000s, Conversion=0.0005s, RTAB-Map=0.2025s, Maps update=0.0011s pub=0.0036s delay=0.3735s (local map=200, WM=200)
[INFO] [1771519508.799533443] [rtabmap]: rtabmap (2142): Rate=1.00s, Limit=0.000s, Conversion=0.0003s, RTAB-Map=0.2359s, Maps update=0.0012s pub=0.0038s delay=0.4131s (local map=200, WM=200)
[INFO] [1771519509.894677550] [rtabmap]: rtabmap (2143): Rate=1.00s, Limit=0.000s, Conversion=0.0005s, RTAB-Map=0.2301s, Maps update=0.0011s pub=0.0051s delay=0.4085s (local map=200, WM=200)
[INFO] [1771519510.879888964] [rtabmap]: rtabmap (2144): Rate=1.00s, Limit=0.000s, Conversion=0.0006s, RTAB-Map=0.2184s, Maps update=0.0011s pub=0.0039s delay=0.3936s (local map=200, WM=200)
[INFO] [1771519511.954730108] [rtabmap]: rtabmap (2145): Rate=1.00s, Limit=0.000s, Conversion=0.0003s, RTAB-Map=0.1984s, Maps update=0.0011s pub=0.0043s delay=0.3684s (local map=200, WM=200)
[INFO] [1771519513.092055109] [rtabmap]: rtabmap (2146): Rate=1.00s, Limit=0.000s, Conversion=0.0003s, RTAB-Map=0.2294s, Maps update=0.0011s pub=0.0049s delay=0.4058s (local map=200, WM=200)
[INFO] [1771519514.158894420] [rtabmap]: rtabmap (2147): Rate=1.00s, Limit=0.000s, Conversion=0.0003s, RTAB-Map=0.2115s, Maps update=0.0011s pub=0.0040s delay=0.3726s (local map=200, WM=200)
[INFO] [1771519515.191977085] [rtabmap]: rtabmap (2148): Rate=1.00s, Limit=0.000s, Conversion=0.0003s, RTAB-Map=0.2266s, Maps update=0.0015s pub=0.0048s delay=0.4056s (local map=200, WM=200)
[INFO] [1771519516.282253010] [rtabmap]: rtabmap (2149): Rate=1.00s, Limit=0.000s, Conversion=0.0005s, RTAB-Map=0.2255s, Maps update=0.0011s pub=0.0043s delay=0.3958s (local map=200, WM=200)
[INFO] [1771519517.393949443] [rtabmap]: rtabmap (2150): Rate=1.00s, Limit=0.000s, Conversion=0.0005s, RTAB-Map=0.2364s, Maps update=0.0011s pub=0.0056s delay=0.4075s (local map=200, WM=200)
[INFO] [1771519518.493403950] [rtabmap]: rtabmap (2151): Rate=1.00s, Limit=0.000s, Conversion=0.0004s, RTAB-Map=0.2282s, Maps update=0.0012s pub=0.0046s delay=0.4070s (local map=200, WM=200)
[INFO] [1771519519.477652961] [rtabmap]: rtabmap (2152): Rate=1.00s, Limit=0.000s, Conversion=0.0004s, RTAB-Map=0.2224s, Maps update=0.0011s pub=0.0042s delay=0.3912s (local map=200, WM=200)
[INFO] [1771519520.584840298] [rtabmap]: rtabmap (2153): Rate=1.00s, Limit=0.000s, Conversion=0.0003s, RTAB-Map=0.2221s, Maps update=0.0011s pub=0.0039s delay=0.3985s (local map=200, WM=200)
[INFO] [1771519521.591129936] [rtabmap]: rtabmap (2154): Rate=1.00s, Limit=0.000s, Conversion=0.0004s, RTAB-Map=0.2329s, Maps update=0.0013s pub=0.0052s delay=0.4047s (local map=200, WM=200)
[INFO] [1771519522.671780928] [rtabmap]: rtabmap (2155): Rate=1.00s, Limit=0.000s, Conversion=0.0004s, RTAB-Map=0.2150s, Maps update=0.0014s pub=0.0055s delay=0.3853s (local map=200, WM=200)
[INFO] [1771519523.770406251] [rtabmap]: rtabmap (2156): Rate=1.00s, Limit=0.000s, Conversion=0.0005s, RTAB-Map=0.2141s, Maps update=0.0011s pub=0.0037s delay=0.3849s (local map=200, WM=200)
[INFO] [1771519524.788245854] [rtabmap]: rtabmap (2157): Rate=1.00s, Limit=0.000s, Conversion=0.0003s, RTAB-Map=0.2241s, Maps update=0.0011s pub=0.0040s delay=0.4017s (local map=200, WM=200)
[INFO] [1771519525.902157793] [rtabmap]: rtabmap (2158): Rate=1.00s, Limit=0.000s, Conversion=0.0005s, RTAB-Map=0.2408s, Maps update=0.0011s pub=0.0073s delay=0.4158s (local map=200, WM=200)
[INFO] [1771519526.958727506] [rtabmap]: rtabmap (2159): Rate=1.00s, Limit=0.000s, Conversion=0.0006s, RTAB-Map=0.2010s, Maps update=0.0011s pub=0.0036s delay=0.3732s (local map=200, WM=200)
[INFO] [1771519528.080263313] [rtabmap]: rtabmap (2160): Rate=1.00s, Limit=0.000s, Conversion=0.0006s, RTAB-Map=0.2209s, Maps update=0.0011s pub=0.0035s delay=0.3939s (local map=200, WM=200)
[INFO] [1771519529.065297345] [rtabmap]: rtabmap (2161): Rate=1.00s, Limit=0.000s, Conversion=0.0005s, RTAB-Map=0.2124s, Maps update=0.0011s pub=0.0038s delay=0.3787s (local map=200, WM=200)
[INFO] [1771519530.180213194] [rtabmap]: rtabmap (2162): Rate=1.00s, Limit=0.000s, Conversion=0.0005s, RTAB-Map=0.2080s, Maps update=0.0011s pub=0.0039s delay=0.3937s (local map=200, WM=200)
[INFO] [1771519531.278042552] [rtabmap]: rtabmap (2163): Rate=1.00s, Limit=0.000s, Conversion=0.0004s, RTAB-Map=0.2157s, Maps update=0.0011s pub=0.0046s delay=0.3914s (local map=200, WM=200)
[INFO] [1771519532.279156797] [rtabmap]: rtabmap (2164): Rate=1.00s, Limit=0.000s, Conversion=0.0005s, RTAB-Map=0.2283s, Maps update=0.0014s pub=0.0058s delay=0.3925s (local map=200, WM=200)
[INFO] [1771519533.378638888] [rtabmap]: rtabmap (2165): Rate=1.00s, Limit=0.000s, Conversion=0.0005s, RTAB-Map=0.2213s, Maps update=0.0011s pub=0.0038s delay=0.3931s (local map=200, WM=200)
[INFO] [1771519534.412961759] [rtabmap]: rtabmap (2166): Rate=1.00s, Limit=0.000s, Conversion=0.0003s, RTAB-Map=0.2499s, Maps update=0.0011s pub=0.0043s delay=0.4266s (local map=200, WM=200)
[INFO] [1771519535.505544938] [rtabmap]: rtabmap (2167): Rate=1.00s, Limit=0.000s, Conversion=0.0005s, RTAB-Map=0.2441s, Maps update=0.0015s pub=0.0049s delay=0.4199s (local map=200, WM=200)
[INFO] [1771519536.488972863] [rtabmap]: rtabmap (2168): Rate=1.00s, Limit=0.000s, Conversion=0.0003s, RTAB-Map=0.2273s, Maps update=0.0011s pub=0.0046s delay=0.4025s (local map=200, WM=200)
[INFO] [1771519537.484064548] [rtabmap]: rtabmap (2169): Rate=1.00s, Limit=0.000s, Conversion=0.0003s, RTAB-Map=0.2267s, Maps update=0.0012s pub=0.0039s delay=0.3975s (local map=200, WM=200)
[INFO] [1771519538.582695600] [rtabmap]: rtabmap (2170): Rate=1.00s, Limit=0.000s, Conversion=0.0004s, RTAB-Map=0.2242s, Maps update=0.0011s pub=0.0041s delay=0.3962s (local map=200, WM=200)
[INFO] [1771519539.681587365] [rtabmap]: rtabmap (2171): Rate=1.00s, Limit=0.000s, Conversion=0.0004s, RTAB-Map=0.2202s, Maps update=0.0011s pub=0.0036s delay=0.3960s (local map=200, WM=200)
[INFO] [1771519540.674391254] [rtabmap]: rtabmap (2172): Rate=1.00s, Limit=0.000s, Conversion=0.0003s, RTAB-Map=0.2147s, Maps update=0.0011s pub=0.0043s delay=0.3878s (local map=200, WM=200)
[INFO] [1771519541.790178623] [rtabmap]: rtabmap (2173): Rate=1.00s, Limit=0.000s, Conversion=0.0008s, RTAB-Map=0.2297s, Maps update=0.0013s pub=0.0053s delay=0.4037s (local map=200, WM=200)
[INFO] [1771519542.770407996] [rtabmap]: rtabmap (2174): Rate=1.00s, Limit=0.000s, Conversion=0.0005s, RTAB-Map=0.2153s, Maps update=0.0013s pub=0.0039s delay=0.3838s (local map=200, WM=200)
[INFO] [1771519543.885479947] [rtabmap]: rtabmap (2175): Rate=1.00s, Limit=0.000s, Conversion=0.0005s, RTAB-Map=0.2195s, Maps update=0.0011s pub=0.0049s delay=0.3990s (local map=200, WM=200)
[INFO] [1771519544.893144067] [rtabmap]: rtabmap (2176): Rate=1.00s, Limit=0.000s, Conversion=0.0003s, RTAB-Map=0.2280s, Maps update=0.0011s pub=0.0044s delay=0.4066s (local map=200, WM=200)
[INFO] [1771519545.979866517] [rtabmap]: rtabmap (2177): Rate=1.00s, Limit=0.000s, Conversion=0.0003s, RTAB-Map=0.2229s, Maps update=0.0011s pub=0.0036s delay=0.3944s (local map=200, WM=200)
[INFO] [1771519547.074850265] [rtabmap]: rtabmap (2178): Rate=1.00s, Limit=0.000s, Conversion=0.0004s, RTAB-Map=0.2089s, Maps update=0.0011s pub=0.0035s delay=0.3892s (local map=200, WM=200)
[INFO] [1771519548.179382464] [rtabmap]: rtabmap (2179): Rate=1.00s, Limit=0.000s, Conversion=0.0003s, RTAB-Map=0.2211s, Maps update=0.0011s pub=0.0038s delay=0.3939s (local map=200, WM=200)
[INFO] [1771519549.188467725] [rtabmap]: rtabmap (2180): Rate=1.00s, Limit=0.000s, Conversion=0.0005s, RTAB-Map=0.2227s, Maps update=0.0011s pub=0.0046s delay=0.4018s (local map=200, WM=200)
[INFO] [1771519550.269588143] [rtabmap]: rtabmap (2181): Rate=1.00s, Limit=0.000s, Conversion=0.0004s, RTAB-Map=0.2146s, Maps update=0.0011s pub=0.0038s delay=0.3839s (local map=200, WM=200)
[INFO] [1771519551.280063248] [rtabmap]: rtabmap (2182): Rate=1.00s, Limit=0.000s, Conversion=0.0005s, RTAB-Map=0.2205s, Maps update=0.0013s pub=0.0047s delay=0.3944s (local map=200, WM=200)
[INFO] [1771519552.276773105] [rtabmap]: rtabmap (2183): Rate=1.00s, Limit=0.000s, Conversion=0.0004s, RTAB-Map=0.2169s, Maps update=0.0011s pub=0.0037s delay=0.3902s (local map=200, WM=200)
[INFO] [1771519553.386556475] [rtabmap]: rtabmap (2184): Rate=1.00s, Limit=0.000s, Conversion=0.0003s, RTAB-Map=0.2309s, Maps update=0.0013s pub=0.0043s delay=0.4010s (local map=200, WM=200)
[INFO] [1771519554.372970367] [rtabmap]: rtabmap (2185): Rate=1.00s, Limit=0.000s, Conversion=0.0005s, RTAB-Map=0.2187s, Maps update=0.0011s pub=0.0037s delay=0.3863s (local map=200, WM=200)
[INFO] [1771519555.470718666] [rtabmap]: rtabmap (2186): Rate=1.00s, Limit=0.000s, Conversion=0.0005s, RTAB-Map=0.2122s, Maps update=0.0011s pub=0.0039s delay=0.3842s (local map=200, WM=200)
[INFO] [1771519556.597559597] [rtabmap]: rtabmap (2187): Rate=1.00s, Limit=0.000s, Conversion=0.0005s, RTAB-Map=0.2358s, Maps update=0.0014s pub=0.0047s delay=0.4109s (local map=200, WM=200)
[INFO] [1771519557.665195258] [rtabmap]: rtabmap (2188): Rate=1.00s, Limit=0.000s, Conversion=0.0004s, RTAB-Map=0.2104s, Maps update=0.0011s pub=0.0036s delay=0.3795s (local map=200, WM=200)
[INFO] [1771519558.777081394] [rtabmap]: rtabmap (2189): Rate=1.00s, Limit=0.000s, Conversion=0.0005s, RTAB-Map=0.2149s, Maps update=0.0011s pub=0.0037s delay=0.3913s (local map=200, WM=200)
[INFO] [1771519559.778761772] [rtabmap]: rtabmap (2190): Rate=1.00s, Limit=0.000s, Conversion=0.0003s, RTAB-Map=0.2196s, Maps update=0.0011s pub=0.0044s delay=0.3930s (local map=200, WM=200)
[INFO] [1771519560.798486181] [rtabmap]: rtabmap (2191): Rate=1.00s, Limit=0.000s, Conversion=0.0003s, RTAB-Map=0.2313s, Maps update=0.0011s pub=0.0047s delay=0.4117s (local map=200, WM=200)
[INFO] [1771519561.873474882] [rtabmap]: rtabmap (2192): Rate=1.00s, Limit=0.000s, Conversion=0.0006s, RTAB-Map=0.2186s, Maps update=0.0013s pub=0.0047s delay=0.3867s (local map=200, WM=200)
[INFO] [1771519562.980190746] [rtabmap]: rtabmap (2193): Rate=1.00s, Limit=0.000s, Conversion=0.0003s, RTAB-Map=0.2243s, Maps update=0.0011s pub=0.0045s delay=0.3946s (local map=200, WM=200)
[INFO] [1771519563.978639773] [rtabmap]: rtabmap (2194): Rate=1.00s, Limit=0.000s, Conversion=0.0006s, RTAB-Map=0.2259s, Maps update=0.0011s pub=0.0041s delay=0.3929s (local map=200, WM=200)
[INFO] [1771519565.076763542] [rtabmap]: rtabmap (2195): Rate=1.00s, Limit=0.000s, Conversion=0.0003s, RTAB-Map=0.2155s, Maps update=0.0012s pub=0.0038s delay=0.3910s (local map=200, WM=200)
[INFO] [1771519566.182616334] [rtabmap]: rtabmap (2196): Rate=1.00s, Limit=0.000s, Conversion=0.0005s, RTAB-Map=0.2255s, Maps update=0.0011s pub=0.0042s delay=0.3973s (local map=200, WM=200)
[INFO] [1771519567.172881440] [rtabmap]: rtabmap (2197): Rate=1.00s, Limit=0.000s, Conversion=0.0005s, RTAB-Map=0.2080s, Maps update=0.0011s pub=0.0035s delay=0.3871s (local map=200, WM=200)
[INFO] [1771519568.278212644] [rtabmap]: rtabmap (2198): Rate=1.00s, Limit=0.000s, Conversion=0.0005s, RTAB-Map=0.2229s, Maps update=0.0014s pub=0.0047s delay=0.3924s (local map=200, WM=200)
[INFO] [1771519569.375718054] [rtabmap]: rtabmap (2199): Rate=1.00s, Limit=0.000s, Conversion=0.0005s, RTAB-Map=0.2164s, Maps update=0.0011s pub=0.0040s delay=0.3898s (local map=200, WM=200)
[INFO] [1771519570.486580857] [rtabmap]: rtabmap (2200): Rate=1.00s, Limit=0.000s, Conversion=0.0005s, RTAB-Map=0.2276s, Maps update=0.0011s pub=0.0038s delay=0.4011s (local map=200, WM=200)
[INFO] [1771519571.501897293] [rtabmap]: rtabmap (2201): Rate=1.00s, Limit=0.000s, Conversion=0.0006s, RTAB-Map=0.2379s, Maps update=0.0014s pub=0.0064s delay=0.4162s (local map=200, WM=200)
[INFO] [1771519572.464706532] [rtabmap]: rtabmap (2202): Rate=1.00s, Limit=0.000s, Conversion=0.0007s, RTAB-Map=0.2101s, Maps update=0.0011s pub=0.0040s delay=0.3790s (local map=200, WM=200)
[INFO] [1771519573.573874423] [rtabmap]: rtabmap (2203): Rate=1.00s, Limit=0.000s, Conversion=0.0005s, RTAB-Map=0.2146s, Maps update=0.0011s pub=0.0037s delay=0.3886s (local map=200, WM=200)
[INFO] [1771519574.601467028] [rtabmap]: rtabmap (2204): Rate=1.00s, Limit=0.000s, Conversion=0.0003s, RTAB-Map=0.2386s, Maps update=0.0012s pub=0.0038s delay=0.4161s (local map=200, WM=200)
[INFO] [1771519575.584904936] [rtabmap]: rtabmap (2205): Rate=1.00s, Limit=0.000s, Conversion=0.0007s, RTAB-Map=0.2276s, Maps update=0.0014s pub=0.0044s delay=0.3990s (local map=200, WM=200)
[INFO] [1771519576.675218847] [rtabmap]: rtabmap (2206): Rate=1.00s, Limit=0.000s, Conversion=0.0007s, RTAB-Map=0.2129s, Maps update=0.0014s pub=0.0049s delay=0.3895s (local map=200, WM=200)
[INFO] [1771519577.769533099] [rtabmap]: rtabmap (2207): Rate=1.00s, Limit=0.000s, Conversion=0.0005s, RTAB-Map=0.2147s, Maps update=0.0011s pub=0.0040s delay=0.3836s (local map=200, WM=200)
[INFO] [1771519578.887717453] [rtabmap]: rtabmap (2208): Rate=1.00s, Limit=0.000s, Conversion=0.0004s, RTAB-Map=0.2299s, Maps update=0.0011s pub=0.0043s delay=0.4020s (local map=200, WM=200)
[INFO] [1771519579.976009336] [rtabmap]: rtabmap (2209): Rate=1.00s, Limit=0.000s, Conversion=0.0003s, RTAB-Map=0.2187s, Maps update=0.0011s pub=0.0036s delay=0.3906s (local map=200, WM=200)
[INFO] [1771519580.974381784] [rtabmap]: rtabmap (2210): Rate=1.00s, Limit=0.000s, Conversion=0.0005s, RTAB-Map=0.2215s, Maps update=0.0011s pub=0.0036s delay=0.3886s (local map=200, WM=200)
[INFO] [1771519582.089133338] [rtabmap]: rtabmap (2211): Rate=1.00s, Limit=0.000s, Conversion=0.0004s, RTAB-Map=0.2357s, Maps update=0.0011s pub=0.0041s delay=0.4036s (local map=200, WM=200)
[INFO] [1771519583.177480200] [rtabmap]: rtabmap (2212): Rate=1.00s, Limit=0.000s, Conversion=0.0004s, RTAB-Map=0.2267s, Maps update=0.0011s pub=0.0038s delay=0.3921s (local map=200, WM=200)
[INFO] [1771519584.183258779] [rtabmap]: rtabmap (2213): Rate=1.00s, Limit=0.000s, Conversion=0.0003s, RTAB-Map=0.2313s, Maps update=0.0011s pub=0.0035s delay=0.3974s (local map=200, WM=200)
[INFO] [1771519585.273385931] [rtabmap]: rtabmap (2214): Rate=1.00s, Limit=0.000s, Conversion=0.0005s, RTAB-Map=0.2183s, Maps update=0.0011s pub=0.0047s delay=0.3880s (local map=200, WM=200)
[INFO] [1771519586.381326544] [rtabmap]: rtabmap (2215): Rate=1.00s, Limit=0.000s, Conversion=0.0005s, RTAB-Map=0.2285s, Maps update=0.0011s pub=0.0039s delay=0.3959s (local map=200, WM=200)
[INFO] [1771519587.382978185] [rtabmap]: rtabmap (2216): Rate=1.00s, Limit=0.000s, Conversion=0.0004s, RTAB-Map=0.2243s, Maps update=0.0011s pub=0.0035s delay=0.3975s (local map=200, WM=200)
[INFO] [1771519588.478612454] [rtabmap]: rtabmap (2217): Rate=1.00s, Limit=0.000s, Conversion=0.0003s, RTAB-Map=0.2185s, Maps update=0.0011s pub=0.0042s delay=0.3928s (local map=200, WM=200)
[INFO] [1771519589.465910602] [rtabmap]: rtabmap (2218): Rate=1.00s, Limit=0.000s, Conversion=0.0003s, RTAB-Map=0.2140s, Maps update=0.0011s pub=0.0038s delay=0.3799s (local map=200, WM=200)
[INFO] [1771519590.591552001] [rtabmap]: rtabmap (2219): Rate=1.00s, Limit=0.000s, Conversion=0.0005s, RTAB-Map=0.2254s, Maps update=0.0011s pub=0.0045s delay=0.4056s (local map=200, WM=200)
[INFO] [1771519591.659290001] [rtabmap]: rtabmap (2220): Rate=1.00s, Limit=0.000s, Conversion=0.0003s, RTAB-Map=0.2039s, Maps update=0.0011s pub=0.0039s delay=0.3737s (local map=200, WM=200)
[INFO] [1771519592.780841840] [rtabmap]: rtabmap (2221): Rate=1.00s, Limit=0.000s, Conversion=0.0004s, RTAB-Map=0.2196s, Maps update=0.0011s pub=0.0036s delay=0.3956s (local map=200, WM=200)
[INFO] [1771519593.764780408] [rtabmap]: rtabmap (2222): Rate=1.00s, Limit=0.000s, Conversion=0.0005s, RTAB-Map=0.2105s, Maps update=0.0011s pub=0.0037s delay=0.3794s (local map=200, WM=200)
[INFO] [1771519594.775393822] [rtabmap]: rtabmap (2223): Rate=1.00s, Limit=0.000s, Conversion=0.0005s, RTAB-Map=0.2212s, Maps update=0.0011s pub=0.0043s delay=0.3900s (local map=200, WM=200)
[INFO] [1771519595.883558764] [rtabmap]: rtabmap (2224): Rate=1.00s, Limit=0.000s, Conversion=0.0003s, RTAB-Map=0.2188s, Maps update=0.0014s pub=0.0045s delay=0.3982s (local map=200, WM=200)
[INFO] [1771519596.873104931] [rtabmap]: rtabmap (2225): Rate=1.00s, Limit=0.000s, Conversion=0.0008s, RTAB-Map=0.2200s, Maps update=0.0013s pub=0.0051s delay=0.3877s (local map=200, WM=200)
[INFO] [1771519597.979694999] [rtabmap]: rtabmap (2226): Rate=1.00s, Limit=0.000s, Conversion=0.0004s, RTAB-Map=0.2193s, Maps update=0.0011s pub=0.0045s delay=0.3945s (local map=200, WM=200)
[INFO] [1771519598.998157760] [rtabmap]: rtabmap (2227): Rate=1.00s, Limit=0.000s, Conversion=0.0003s, RTAB-Map=0.2302s, Maps update=0.0011s pub=0.0090s delay=0.4128s (local map=200, WM=200)
[INFO] [1771519600.097967416] [rtabmap]: rtabmap (2228): Rate=1.00s, Limit=0.000s, Conversion=0.0004s, RTAB-Map=0.2328s, Maps update=0.0012s pub=0.0044s delay=0.4126s (local map=200, WM=200)
[INFO] [1771519601.201678560] [rtabmap]: rtabmap (2229): Rate=1.00s, Limit=0.000s, Conversion=0.0003s, RTAB-Map=0.2362s, Maps update=0.0014s pub=0.0044s delay=0.4162s (local map=200, WM=200)
[INFO] [1771519602.280486668] [rtabmap]: rtabmap (2230): Rate=1.00s, Limit=0.000s, Conversion=0.0004s, RTAB-Map=0.2135s, Maps update=0.0011s pub=0.0037s delay=0.3951s (local map=200, WM=200)
[INFO] [1771519603.368873115] [rtabmap]: rtabmap (2231): Rate=1.00s, Limit=0.000s, Conversion=0.0005s, RTAB-Map=0.2089s, Maps update=0.0011s pub=0.0042s delay=0.3836s (local map=200, WM=200)
[INFO] [1771519604.368812373] [rtabmap]: rtabmap (2232): Rate=1.00s, Limit=0.000s, Conversion=0.0006s, RTAB-Map=0.2154s, Maps update=0.0014s pub=0.0045s delay=0.3835s (local map=200, WM=200)
[INFO] [1771519605.384200140] [rtabmap]: rtabmap (2233): Rate=1.00s, Limit=0.000s, Conversion=0.0004s, RTAB-Map=0.2291s, Maps update=0.0011s pub=0.0034s delay=0.3988s (local map=200, WM=200)
[INFO] [1771519606.390661048] [rtabmap]: rtabmap (2234): Rate=1.00s, Limit=0.000s, Conversion=0.0004s, RTAB-Map=0.2254s, Maps update=0.0013s pub=0.0047s delay=0.4052s (local map=200, WM=200)
[INFO] [1771519607.483036859] [rtabmap]: rtabmap (2235): Rate=1.00s, Limit=0.000s, Conversion=0.0003s, RTAB-Map=0.2231s, Maps update=0.0011s pub=0.0040s delay=0.3975s (local map=200, WM=200)
[INFO] [1771519608.561071754] [rtabmap]: rtabmap (2236): Rate=1.00s, Limit=0.000s, Conversion=0.0005s, RTAB-Map=0.2070s, Maps update=0.0011s pub=0.0042s delay=0.3757s (local map=200, WM=200)
[INFO] [1771519609.690329384] [rtabmap]: rtabmap (2237): Rate=1.00s, Limit=0.000s, Conversion=0.0003s, RTAB-Map=0.2263s, Maps update=0.0011s pub=0.0045s delay=0.4049s (local map=200, WM=200)
[INFO] [1771519610.770126424] [rtabmap]: rtabmap (2238): Rate=1.00s, Limit=0.000s, Conversion=0.0005s, RTAB-Map=0.2084s, Maps update=0.0011s pub=0.0039s delay=0.3847s (local map=200, WM=200)
[INFO] [1771519611.766147008] [rtabmap]: rtabmap (2239): Rate=1.00s, Limit=0.000s, Conversion=0.0008s, RTAB-Map=0.2060s, Maps update=0.0014s pub=0.0066s delay=0.3807s (local map=200, WM=200)
[INFO] [1771519612.878334211] [rtabmap]: rtabmap (2240): Rate=1.00s, Limit=0.000s, Conversion=0.0013s, RTAB-Map=0.2245s, Maps update=0.0011s pub=0.0040s delay=0.3929s (local map=200, WM=200)
[INFO] [1771519613.982522845] [rtabmap]: rtabmap (2241): Rate=1.00s, Limit=0.000s, Conversion=0.0003s, RTAB-Map=0.2225s, Maps update=0.0011s pub=0.0042s delay=0.3971s (local map=200, WM=200)
[INFO] [1771519615.063332019] [rtabmap]: rtabmap (2242): Rate=1.00s, Limit=0.000s, Conversion=0.0005s, RTAB-Map=0.2085s, Maps update=0.0011s pub=0.0037s delay=0.3779s (local map=200, WM=200)
[INFO] [1771519616.197622924] [rtabmap]: rtabmap (2243): Rate=1.00s, Limit=0.000s, Conversion=0.0004s, RTAB-Map=0.2391s, Maps update=0.0012s pub=0.0059s delay=0.4122s (local map=200, WM=200)
[INFO] [1771519617.184238358] [rtabmap]: rtabmap (2244): Rate=1.00s, Limit=0.000s, Conversion=0.0005s, RTAB-Map=0.2249s, Maps update=0.0011s pub=0.0042s delay=0.3986s (local map=200, WM=200)
[INFO] [1771519618.266456320] [rtabmap]: rtabmap (2245): Rate=1.00s, Limit=0.000s, Conversion=0.0003s, RTAB-Map=0.2081s, Maps update=0.0011s pub=0.0046s delay=0.3809s (local map=200, WM=200)
[INFO] [1771519619.391394621] [rtabmap]: rtabmap (2246): Rate=1.00s, Limit=0.000s, Conversion=0.0005s, RTAB-Map=0.2297s, Maps update=0.0011s pub=0.0045s delay=0.4059s (local map=200, WM=200)
[INFO] [1771519620.379153330] [rtabmap]: rtabmap (2247): Rate=1.00s, Limit=0.000s, Conversion=0.0005s, RTAB-Map=0.2282s, Maps update=0.0011s pub=0.0042s delay=0.3936s (local map=200, WM=200)
[INFO] [1771519621.390316685] [rtabmap]: rtabmap (2248): Rate=1.00s, Limit=0.000s, Conversion=0.0003s, RTAB-Map=0.2297s, Maps update=0.0011s pub=0.0049s delay=0.4048s (local map=200, WM=200)
[INFO] [1771519622.460240046] [rtabmap]: rtabmap (2249): Rate=1.00s, Limit=0.000s, Conversion=0.0004s, RTAB-Map=0.2061s, Maps update=0.0011s pub=0.0045s delay=0.3747s (local map=200, WM=200)
[INFO] [1771519623.580844170] [rtabmap]: rtabmap (2250): Rate=1.00s, Limit=0.000s, Conversion=0.0003s, RTAB-Map=0.2191s, Maps update=0.0011s pub=0.0038s delay=0.3953s (local map=200, WM=200)
[INFO] [1771519624.604921573] [rtabmap]: rtabmap (2251): Rate=1.00s, Limit=0.000s, Conversion=0.0005s, RTAB-Map=0.2448s, Maps update=0.0012s pub=0.0054s delay=0.4193s (local map=200, WM=200)
[INFO] [1771519625.670149240] [rtabmap]: rtabmap (2252): Rate=1.00s, Limit=0.000s, Conversion=0.0003s, RTAB-Map=0.2160s, Maps update=0.0011s pub=0.0040s delay=0.3848s (local map=200, WM=200)
[INFO] [1771519626.690808563] [rtabmap]: rtabmap (2253): Rate=1.00s, Limit=0.000s, Conversion=0.0003s, RTAB-Map=0.2270s, Maps update=0.0013s pub=0.0066s delay=0.4054s (local map=200, WM=200)
[INFO] [1771519627.681662043] [rtabmap]: rtabmap (2254): Rate=1.00s, Limit=0.000s, Conversion=0.0003s, RTAB-Map=0.2160s, Maps update=0.0011s pub=0.0040s delay=0.3962s (local map=200, WM=200)
[INFO] [1771519628.683395959] [rtabmap]: rtabmap (2255): Rate=1.00s, Limit=0.000s, Conversion=0.0006s, RTAB-Map=0.2186s, Maps update=0.0011s pub=0.0039s delay=0.3978s (local map=200, WM=200)
[INFO] [1771519629.786369796] [rtabmap]: rtabmap (2256): Rate=1.00s, Limit=0.000s, Conversion=0.0003s, RTAB-Map=0.2322s, Maps update=0.0011s pub=0.0039s delay=0.4009s (local map=200, WM=200)
[INFO] [1771519630.765493625] [rtabmap]: rtabmap (2257): Rate=1.00s, Limit=0.000s, Conversion=0.0003s, RTAB-Map=0.2147s, Maps update=0.0011s pub=0.0043s delay=0.3800s (local map=200, WM=200)
[INFO] [1771519631.780089651] [rtabmap]: rtabmap (2258): Rate=1.00s, Limit=0.000s, Conversion=0.0003s, RTAB-Map=0.2112s, Maps update=0.0011s pub=0.0040s delay=0.3946s (local map=200, WM=200)
[INFO] [1771519632.779126475] [rtabmap]: rtabmap (2259): Rate=1.00s, Limit=0.000s, Conversion=0.0005s, RTAB-Map=0.2191s, Maps update=0.0021s pub=0.0042s delay=0.3936s (local map=200, WM=200)
[INFO] [1771519633.866591864] [rtabmap]: rtabmap (2260): Rate=1.00s, Limit=0.000s, Conversion=0.0004s, RTAB-Map=0.2191s, Maps update=0.0011s pub=0.0039s delay=0.3811s (local map=200, WM=200)
[INFO] [1771519634.888590149] [rtabmap]: rtabmap (2261): Rate=1.00s, Limit=0.000s, Conversion=0.0005s, RTAB-Map=0.2309s, Maps update=0.0011s pub=0.0041s delay=0.4030s (local map=200, WM=200)
[INFO] [1771519635.986897189] [rtabmap]: rtabmap (2262): Rate=1.00s, Limit=0.000s, Conversion=0.0007s, RTAB-Map=0.2287s, Maps update=0.0011s pub=0.0042s delay=0.4014s (local map=200, WM=200)
[INFO] [1771519637.002699467] [rtabmap]: rtabmap (2263): Rate=1.00s, Limit=0.000s, Conversion=0.0003s, RTAB-Map=0.2328s, Maps update=0.0016s pub=0.0052s delay=0.4172s (local map=200, WM=200)
[INFO] [1771519637.993966499] [rtabmap]: rtabmap (2264): Rate=1.00s, Limit=0.000s, Conversion=0.0003s, RTAB-Map=0.2332s, Maps update=0.0020s pub=0.0044s delay=0.4085s (local map=200, WM=200)
[INFO] [1771519638.982917604] [rtabmap]: rtabmap (2265): Rate=1.00s, Limit=0.000s, Conversion=0.0003s, RTAB-Map=0.2198s, Maps update=0.0011s pub=0.0043s delay=0.3973s (local map=200, WM=200)
[INFO] [1771519640.084680964] [rtabmap]: rtabmap (2266): Rate=1.00s, Limit=0.000s, Conversion=0.0005s, RTAB-Map=0.2211s, Maps update=0.0014s pub=0.0056s delay=0.3989s (local map=200, WM=200)
[INFO] [1771519641.186570281] [rtabmap]: rtabmap (2267): Rate=1.00s, Limit=0.000s, Conversion=0.0004s, RTAB-Map=0.2274s, Maps update=0.0011s pub=0.0037s delay=0.4010s (local map=200, WM=200)
[INFO] [1771519642.174901972] [rtabmap]: rtabmap (2268): Rate=1.00s, Limit=0.000s, Conversion=0.0003s, RTAB-Map=0.2173s, Maps update=0.0011s pub=0.0037s delay=0.3893s (local map=200, WM=200)
[INFO] [1771519643.275937305] [rtabmap]: rtabmap (2269): Rate=1.00s, Limit=0.000s, Conversion=0.0009s, RTAB-Map=0.2233s, Maps update=0.0013s pub=0.0047s delay=0.3904s (local map=200, WM=200)
[INFO] [1771519644.281750989] [rtabmap]: rtabmap (2270): Rate=1.00s, Limit=0.000s, Conversion=0.0005s, RTAB-Map=0.2188s, Maps update=0.0013s pub=0.0044s delay=0.3961s (local map=200, WM=200)
[INFO] [1771519645.383678643] [rtabmap]: rtabmap (2271): Rate=1.00s, Limit=0.000s, Conversion=0.0003s, RTAB-Map=0.2273s, Maps update=0.0011s pub=0.0047s delay=0.3979s (local map=200, WM=200)
[INFO] [1771519646.483653777] [rtabmap]: rtabmap (2272): Rate=1.00s, Limit=0.000s, Conversion=0.0003s, RTAB-Map=0.2245s, Maps update=0.0011s pub=0.0045s delay=0.3980s (local map=200, WM=200)
[INFO] [1771519647.469627043] [rtabmap]: rtabmap (2273): Rate=1.00s, Limit=0.000s, Conversion=0.0003s, RTAB-Map=0.2036s, Maps update=0.0011s pub=0.0036s delay=0.3840s (local map=200, WM=200)
[INFO] [1771519648.478949049] [rtabmap]: rtabmap (2274): Rate=1.00s, Limit=0.000s, Conversion=0.0003s, RTAB-Map=0.2179s, Maps update=0.0011s pub=0.0036s delay=0.3931s (local map=200, WM=200)
[INFO] [1771519649.588552893] [rtabmap]: rtabmap (2275): Rate=1.00s, Limit=0.000s, Conversion=0.0004s, RTAB-Map=0.2310s, Maps update=0.0011s pub=0.0037s delay=0.4028s (local map=200, WM=200)
[INFO] [1771519650.698212386] [rtabmap]: rtabmap (2276): Rate=1.00s, Limit=0.000s, Conversion=0.0003s, RTAB-Map=0.2318s, Maps update=0.0012s pub=0.0060s delay=0.4125s (local map=200, WM=200)
[INFO] [1771519651.762356877] [rtabmap]: rtabmap (2277): Rate=1.00s, Limit=0.000s, Conversion=0.0005s, RTAB-Map=0.2075s, Maps update=0.0011s pub=0.0035s delay=0.3766s (local map=200, WM=200)
[INFO] [1771519652.776173962] [rtabmap]: rtabmap (2278): Rate=1.00s, Limit=0.000s, Conversion=0.0004s, RTAB-Map=0.2118s, Maps update=0.0011s pub=0.0042s delay=0.3904s (local map=200, WM=200)
[INFO] [1771519653.777190988] [rtabmap]: rtabmap (2279): Rate=1.00s, Limit=0.000s, Conversion=0.0003s, RTAB-Map=0.2172s, Maps update=0.0011s pub=0.0040s delay=0.3914s (local map=200, WM=200)
[INFO] [1771519654.874792305] [rtabmap]: rtabmap (2280): Rate=1.00s, Limit=0.000s, Conversion=0.0003s, RTAB-Map=0.2172s, Maps update=0.0011s pub=0.0041s delay=0.3891s (local map=200, WM=200)
[INFO] [1771519655.986255866] [rtabmap]: rtabmap (2281): Rate=1.00s, Limit=0.000s, Conversion=0.0005s, RTAB-Map=0.2203s, Maps update=0.0011s pub=0.0037s delay=0.4005s (local map=200, WM=200)
[INFO] [1771519656.977579411] [rtabmap]: rtabmap (2282): Rate=1.00s, Limit=0.000s, Conversion=0.0005s, RTAB-Map=0.2124s, Maps update=0.0011s pub=0.0049s delay=0.3917s (local map=200, WM=200)
[INFO] [1771519658.008264259] [rtabmap]: rtabmap (2283): Rate=1.00s, Limit=0.000s, Conversion=0.0004s, RTAB-Map=0.2434s, Maps update=0.0012s pub=0.0040s delay=0.4223s (local map=200, WM=200)
[INFO] [1771519659.082956342] [rtabmap]: rtabmap (2284): Rate=1.00s, Limit=0.000s, Conversion=0.0004s, RTAB-Map=0.2293s, Maps update=0.0013s pub=0.0047s delay=0.3971s (local map=200, WM=200)
[INFO] [1771519660.207484835] [rtabmap]: rtabmap (2285): Rate=1.00s, Limit=0.000s, Conversion=0.0006s, RTAB-Map=0.2474s, Maps update=0.0011s pub=0.0047s delay=0.4217s (local map=200, WM=200)
[INFO] [1771519661.182894606] [rtabmap]: rtabmap (2286): Rate=1.00s, Limit=0.000s, Conversion=0.0003s, RTAB-Map=0.2277s, Maps update=0.0014s pub=0.0042s delay=0.3970s (local map=200, WM=200)
[INFO] [1771519662.301450654] [rtabmap]: rtabmap (2287): Rate=1.00s, Limit=0.000s, Conversion=0.0003s, RTAB-Map=0.2336s, Maps update=0.0011s pub=0.0048s delay=0.4156s (local map=200, WM=200)
[INFO] [1771519663.366349316] [rtabmap]: rtabmap (2288): Rate=1.00s, Limit=0.000s, Conversion=0.0003s, RTAB-Map=0.2128s, Maps update=0.0011s pub=0.0038s delay=0.3804s (local map=200, WM=200)
[INFO] [1771519664.478112984] [rtabmap]: rtabmap (2289): Rate=1.00s, Limit=0.000s, Conversion=0.0006s, RTAB-Map=0.2224s, Maps update=0.0011s pub=0.0041s delay=0.3923s (local map=200, WM=200)
[INFO] [1771519665.581728125] [rtabmap]: rtabmap (2290): Rate=1.00s, Limit=0.000s, Conversion=0.0003s, RTAB-Map=0.2224s, Maps update=0.0011s pub=0.0042s delay=0.3959s (local map=200, WM=200)
[INFO] [1771519666.689156368] [rtabmap]: rtabmap (2291): Rate=1.00s, Limit=0.000s, Conversion=0.0003s, RTAB-Map=0.2262s, Maps update=0.0015s pub=0.0057s delay=0.4033s (local map=200, WM=200)
[INFO] [1771519667.786357254] [rtabmap]: rtabmap (2292): Rate=1.00s, Limit=0.000s, Conversion=0.0003s, RTAB-Map=0.2241s, Maps update=0.0013s pub=0.0045s delay=0.4004s (local map=200, WM=200)
[INFO] [1771519668.870730016] [rtabmap]: rtabmap (2293): Rate=1.00s, Limit=0.000s, Conversion=0.0004s, RTAB-Map=0.2180s, Maps update=0.0011s pub=0.0037s delay=0.3849s (local map=200, WM=200)
[INFO] [1771519669.880428580] [rtabmap]: rtabmap (2294): Rate=1.00s, Limit=0.000s, Conversion=0.0003s, RTAB-Map=0.2235s, Maps update=0.0014s pub=0.0045s delay=0.3946s (local map=200, WM=200)
[INFO] [1771519670.976436943] [rtabmap]: rtabmap (2295): Rate=1.00s, Limit=0.000s, Conversion=0.0003s, RTAB-Map=0.2217s, Maps update=0.0011s pub=0.0037s delay=0.3905s (local map=200, WM=200)
[INFO] [1771519672.091540414] [rtabmap]: rtabmap (2296): Rate=1.00s, Limit=0.000s, Conversion=0.0003s, RTAB-Map=0.2364s, Maps update=0.0011s pub=0.0039s delay=0.4056s (local map=200, WM=200)
[INFO] [1771519673.070323270] [rtabmap]: rtabmap (2297): Rate=1.00s, Limit=0.000s, Conversion=0.0003s, RTAB-Map=0.2145s, Maps update=0.0011s pub=0.0045s delay=0.3844s (local map=200, WM=200)
[INFO] [1771519674.191954824] [rtabmap]: rtabmap (2298): Rate=1.00s, Limit=0.000s, Conversion=0.0004s, RTAB-Map=0.2279s, Maps update=0.0013s pub=0.0052s delay=0.4061s (local map=200, WM=200)
[INFO] [1771519675.180988045] [rtabmap]: rtabmap (2299): Rate=1.00s, Limit=0.000s, Conversion=0.0005s, RTAB-Map=0.2153s, Maps update=0.0011s pub=0.0041s delay=0.3951s (local map=200, WM=200)
[INFO] [1771519676.205592571] [rtabmap]: rtabmap (2300): Rate=1.00s, Limit=0.000s, Conversion=0.0105s, RTAB-Map=0.2343s, Maps update=0.0011s pub=0.0045s delay=0.4195s (local map=200, WM=200)
[INFO] [1771519677.266267492] [rtabmap]: rtabmap (2301): Rate=1.00s, Limit=0.000s, Conversion=0.0003s, RTAB-Map=0.2134s, Maps update=0.0011s pub=0.0040s delay=0.3803s (local map=200, WM=200)
[INFO] [1771519678.273077821] [rtabmap]: rtabmap (2302): Rate=1.00s, Limit=0.000s, Conversion=0.0003s, RTAB-Map=0.2088s, Maps update=0.0011s pub=0.0039s delay=0.3871s (local map=200, WM=200)
[INFO] [1771519679.280285797] [rtabmap]: rtabmap (2303): Rate=1.00s, Limit=0.000s, Conversion=0.0003s, RTAB-Map=0.2227s, Maps update=0.0011s pub=0.0038s delay=0.3943s (local map=200, WM=200)
[INFO] [1771519680.387032126] [rtabmap]: rtabmap (2304): Rate=1.00s, Limit=0.000s, Conversion=0.0003s, RTAB-Map=0.2224s, Maps update=0.0020s pub=0.0044s delay=0.4011s (local map=200, WM=200)
[INFO] [1771519681.394468238] [rtabmap]: rtabmap (2305): Rate=1.00s, Limit=0.000s, Conversion=0.0003s, RTAB-Map=0.2315s, Maps update=0.0013s pub=0.0037s delay=0.4085s (local map=200, WM=200)
[INFO] [1771519682.380483651] [rtabmap]: rtabmap (2306): Rate=1.00s, Limit=0.000s, Conversion=0.0005s, RTAB-Map=0.2185s, Maps update=0.0011s pub=0.0043s delay=0.3944s (local map=200, WM=200)
[INFO] [1771519683.482041417] [rtabmap]: rtabmap (2307): Rate=1.00s, Limit=0.000s, Conversion=0.0003s, RTAB-Map=0.2188s, Maps update=0.0011s pub=0.0040s delay=0.3960s (local map=200, WM=200)
[INFO] [1771519684.474262642] [rtabmap]: rtabmap (2308): Rate=1.00s, Limit=0.000s, Conversion=0.0004s, RTAB-Map=0.2216s, Maps update=0.0011s pub=0.0039s delay=0.3882s (local map=200, WM=200)
[INFO] [1771519685.580479994] [rtabmap]: rtabmap (2309): Rate=1.00s, Limit=0.000s, Conversion=0.0005s, RTAB-Map=0.2174s, Maps update=0.0011s pub=0.0041s delay=0.3945s (local map=200, WM=200)
[INFO] [1771519686.680312346] [rtabmap]: rtabmap (2310): Rate=1.00s, Limit=0.000s, Conversion=0.0003s, RTAB-Map=0.2193s, Maps update=0.0011s pub=0.0038s delay=0.3942s (local map=200, WM=200)
[INFO] [1771519687.802653742] [rtabmap]: rtabmap (2311): Rate=1.00s, Limit=0.000s, Conversion=0.0005s, RTAB-Map=0.2458s, Maps update=0.0011s pub=0.0040s delay=0.4166s (local map=200, WM=200)
[INFO] [1771519688.788852988] [rtabmap]: rtabmap (2312): Rate=1.00s, Limit=0.000s, Conversion=0.0003s, RTAB-Map=0.2225s, Maps update=0.0011s pub=0.0045s delay=0.4028s (local map=200, WM=200)
[INFO] [1771519689.779172448] [rtabmap]: rtabmap (2313): Rate=1.00s, Limit=0.000s, Conversion=0.0005s, RTAB-Map=0.2267s, Maps update=0.0011s pub=0.0041s delay=0.3931s (local map=200, WM=200)
[INFO] [1771519690.897712650] [rtabmap]: rtabmap (2314): Rate=1.00s, Limit=0.000s, Conversion=0.0004s, RTAB-Map=0.2339s, Maps update=0.0013s pub=0.0061s delay=0.4116s (local map=200, WM=200)
[INFO] [1771519691.985938722] [rtabmap]: rtabmap (2315): Rate=1.00s, Limit=0.000s, Conversion=0.0004s, RTAB-Map=0.2204s, Maps update=0.0011s pub=0.0038s delay=0.3999s (local map=200, WM=200)
[INFO] [1771519692.986816327] [rtabmap]: rtabmap (2316): Rate=1.00s, Limit=0.000s, Conversion=0.0005s, RTAB-Map=0.2356s, Maps update=0.0011s pub=0.0038s delay=0.4007s (local map=200, WM=200)
[INFO] [1771519694.067232898] [rtabmap]: rtabmap (2317): Rate=1.00s, Limit=0.000s, Conversion=0.0003s, RTAB-Map=0.2136s, Maps update=0.0011s pub=0.0041s delay=0.3812s (local map=200, WM=200)
[INFO] [1771519695.086630507] [rtabmap]: rtabmap (2318): Rate=1.00s, Limit=0.000s, Conversion=0.0005s, RTAB-Map=0.2237s, Maps update=0.0013s pub=0.0050s delay=0.4006s (local map=200, WM=200)
[INFO] [1771519696.087012254] [rtabmap]: rtabmap (2319): Rate=1.00s, Limit=0.000s, Conversion=0.0005s, RTAB-Map=0.2266s, Maps update=0.0011s pub=0.0043s delay=0.4009s (local map=200, WM=200)
[INFO] [1771519697.186154084] [rtabmap]: rtabmap (2320): Rate=1.00s, Limit=0.000s, Conversion=0.0003s, RTAB-Map=0.2312s, Maps update=0.0013s pub=0.0044s delay=0.4000s (local map=200, WM=200)
[INFO] [1771519698.267144213] [rtabmap]: rtabmap (2321): Rate=1.00s, Limit=0.000s, Conversion=0.0004s, RTAB-Map=0.2113s, Maps update=0.0011s pub=0.0041s delay=0.3810s (local map=200, WM=200)
[INFO] [1771519699.384854432] [rtabmap]: rtabmap (2322): Rate=1.00s, Limit=0.000s, Conversion=0.0003s, RTAB-Map=0.2210s, Maps update=0.0011s pub=0.0038s delay=0.3988s (local map=200, WM=200)
[INFO] [1771519700.380631371] [rtabmap]: rtabmap (2323): Rate=1.00s, Limit=0.000s, Conversion=0.0004s, RTAB-Map=0.2265s, Maps update=0.0012s pub=0.0042s delay=0.3945s (local map=200, WM=200)
[INFO] [1771519701.496782942] [rtabmap]: rtabmap (2324): Rate=1.00s, Limit=0.000s, Conversion=0.0005s, RTAB-Map=0.2310s, Maps update=0.0024s pub=0.0072s delay=0.4107s (local map=200, WM=200)
[INFO] [1771519702.480779387] [rtabmap]: rtabmap (2325): Rate=1.00s, Limit=0.000s, Conversion=0.0009s, RTAB-Map=0.2204s, Maps update=0.0011s pub=0.0037s delay=0.3946s (local map=200, WM=200)
[INFO] [1771519703.585507406] [rtabmap]: rtabmap (2326): Rate=1.00s, Limit=0.000s, Conversion=0.0004s, RTAB-Map=0.2201s, Maps update=0.0013s pub=0.0042s delay=0.3993s (local map=200, WM=200)
[INFO] [1771519704.577988416] [rtabmap]: rtabmap (2327): Rate=1.00s, Limit=0.000s, Conversion=0.0003s, RTAB-Map=0.2205s, Maps update=0.0011s pub=0.0044s delay=0.3917s (local map=200, WM=200)
[INFO] [1771519705.694544200] [rtabmap]: rtabmap (2328): Rate=1.00s, Limit=0.000s, Conversion=0.0005s, RTAB-Map=0.2366s, Maps update=0.0011s pub=0.0042s delay=0.4084s (local map=200, WM=200)
[INFO] [1771519706.780939086] [rtabmap]: rtabmap (2329): Rate=1.00s, Limit=0.000s, Conversion=0.0008s, RTAB-Map=0.2180s, Maps update=0.0011s pub=0.0038s delay=0.3949s (local map=200, WM=200)
[INFO] [1771519707.807636872] [rtabmap]: rtabmap (2330): Rate=1.00s, Limit=0.000s, Conversion=0.0005s, RTAB-Map=0.2489s, Maps update=0.0013s pub=0.0059s delay=0.4214s (local map=200, WM=200)
[INFO] [1771519708.777621284] [rtabmap]: rtabmap (2331): Rate=1.00s, Limit=0.000s, Conversion=0.0003s, RTAB-Map=0.2175s, Maps update=0.0011s pub=0.0043s delay=0.3914s (local map=200, WM=200)
[INFO] [1771519709.864049547] [rtabmap]: rtabmap (2332): Rate=1.00s, Limit=0.000s, Conversion=0.0004s, RTAB-Map=0.2093s, Maps update=0.0012s pub=0.0040s delay=0.3779s (local map=200, WM=200)
[INFO] [1771519710.987748359] [rtabmap]: rtabmap (2333): Rate=1.00s, Limit=0.000s, Conversion=0.0003s, RTAB-Map=0.2227s, Maps update=0.0011s pub=0.0036s delay=0.4017s (local map=200, WM=200)
[INFO] [1771519711.997902211] [rtabmap]: rtabmap (2334): Rate=1.00s, Limit=0.000s, Conversion=0.0003s, RTAB-Map=0.2299s, Maps update=0.0020s pub=0.0053s delay=0.4117s (local map=200, WM=200)
[INFO] [1771519713.080009676] [rtabmap]: rtabmap (2335): Rate=1.00s, Limit=0.000s, Conversion=0.0005s, RTAB-Map=0.2237s, Maps update=0.0011s pub=0.0038s delay=0.3938s (local map=200, WM=200)
[INFO] [1771519714.160767843] [rtabmap]: rtabmap (2336): Rate=1.00s, Limit=0.000s, Conversion=0.0003s, RTAB-Map=0.2087s, Maps update=0.0011s pub=0.0040s delay=0.3745s (local map=200, WM=200)
[INFO] [1771519715.293206432] [rtabmap]: rtabmap (2337): Rate=1.00s, Limit=0.000s, Conversion=0.0004s, RTAB-Map=0.2269s, Maps update=0.0011s pub=0.0040s delay=0.4071s (local map=200, WM=200)
[INFO] [1771519716.263123065] [rtabmap]: rtabmap (2338): Rate=1.00s, Limit=0.000s, Conversion=0.0008s, RTAB-Map=0.2088s, Maps update=0.0011s pub=0.0038s delay=0.3769s (local map=200, WM=200)
[INFO] [1771519717.400600879] [rtabmap]: rtabmap (2339): Rate=1.00s, Limit=0.000s, Conversion=0.0009s, RTAB-Map=0.2415s, Maps update=0.0011s pub=0.0070s delay=0.4146s (local map=200, WM=200)
[INFO] [1771519718.373758751] [rtabmap]: rtabmap (2340): Rate=1.00s, Limit=0.000s, Conversion=0.0003s, RTAB-Map=0.2164s, Maps update=0.0011s pub=0.0039s delay=0.3875s (local map=200, WM=200)
[INFO] [1771519719.490839017] [rtabmap]: rtabmap (2341): Rate=1.00s, Limit=0.000s, Conversion=0.0005s, RTAB-Map=0.2253s, Maps update=0.0011s pub=0.0054s delay=0.4046s (local map=200, WM=200)
[INFO] [1771519720.477705487] [rtabmap]: rtabmap (2342): Rate=1.00s, Limit=0.000s, Conversion=0.0005s, RTAB-Map=0.2279s, Maps update=0.0012s pub=0.0052s delay=0.3915s (local map=200, WM=200)
[INFO] [1771519721.558226654] [rtabmap]: rtabmap (2343): Rate=1.00s, Limit=0.000s, Conversion=0.0004s, RTAB-Map=0.2016s, Maps update=0.0011s pub=0.0038s delay=0.3722s (local map=200, WM=200)
[INFO] [1771519722.576123733] [rtabmap]: rtabmap (2344): Rate=1.00s, Limit=0.000s, Conversion=0.0003s, RTAB-Map=0.2224s, Maps update=0.0011s pub=0.0041s delay=0.3897s (local map=200, WM=200)
[INFO] [1771519723.692763567] [rtabmap]: rtabmap (2345): Rate=1.00s, Limit=0.000s, Conversion=0.0003s, RTAB-Map=0.2315s, Maps update=0.0013s pub=0.0058s delay=0.4067s (local map=200, WM=200)
[INFO] [1771519724.674811301] [rtabmap]: rtabmap (2346): Rate=1.00s, Limit=0.000s, Conversion=0.0003s, RTAB-Map=0.2265s, Maps update=0.0011s pub=0.0041s delay=0.3886s (local map=200, WM=200)
[INFO] [1771519725.775316336] [rtabmap]: rtabmap (2347): Rate=1.00s, Limit=0.000s, Conversion=0.0005s, RTAB-Map=0.2121s, Maps update=0.0011s pub=0.0038s delay=0.3889s (local map=200, WM=200)
[INFO] [1771519726.869386223] [rtabmap]: rtabmap (2348): Rate=1.00s, Limit=0.000s, Conversion=0.0005s, RTAB-Map=0.2152s, Maps update=0.0011s pub=0.0039s delay=0.3832s (local map=200, WM=200)
[INFO] [1771519727.884879150] [rtabmap]: rtabmap (2349): Rate=1.00s, Limit=0.000s, Conversion=0.0003s, RTAB-Map=0.2226s, Maps update=0.0011s pub=0.0041s delay=0.3985s (local map=200, WM=200)
[INFO] [1771519728.977822244] [rtabmap]: rtabmap (2350): Rate=1.00s, Limit=0.000s, Conversion=0.0004s, RTAB-Map=0.2270s, Maps update=0.0011s pub=0.0048s delay=0.3915s (local map=200, WM=200)
[INFO] [1771519729.977347386] [rtabmap]: rtabmap (2351): Rate=1.00s, Limit=0.000s, Conversion=0.0007s, RTAB-Map=0.2104s, Maps update=0.0011s pub=0.0043s delay=0.3910s (local map=200, WM=200)
[INFO] [1771519731.081060922] [rtabmap]: rtabmap (2352): Rate=1.00s, Limit=0.000s, Conversion=0.0003s, RTAB-Map=0.2244s, Maps update=0.0011s pub=0.0043s delay=0.3948s (local map=200, WM=200)
[INFO] [1771519732.071232826] [rtabmap]: rtabmap (2353): Rate=1.00s, Limit=0.000s, Conversion=0.0003s, RTAB-Map=0.2099s, Maps update=0.0011s pub=0.0042s delay=0.3850s (local map=200, WM=200)
[INFO] [1771519733.078285668] [rtabmap]: rtabmap (2354): Rate=1.00s, Limit=0.000s, Conversion=0.0004s, RTAB-Map=0.2246s, Maps update=0.0011s pub=0.0045s delay=0.3918s (local map=200, WM=200)
[INFO] [1771519734.169124396] [rtabmap]: rtabmap (2355): Rate=1.00s, Limit=0.000s, Conversion=0.0004s, RTAB-Map=0.2090s, Maps update=0.0014s pub=0.0043s delay=0.3836s (local map=200, WM=200)
[INFO] [1771519735.207659672] [rtabmap]: rtabmap (2356): Rate=1.00s, Limit=0.000s, Conversion=0.0003s, RTAB-Map=0.2466s, Maps update=0.0012s pub=0.0073s delay=0.4213s (local map=200, WM=200)
[INFO] [1771519736.281372525] [rtabmap]: rtabmap (2357): Rate=1.00s, Limit=0.000s, Conversion=0.0004s, RTAB-Map=0.2241s, Maps update=0.0011s pub=0.0038s delay=0.3949s (local map=200, WM=200)
[INFO] [1771519737.373380640] [rtabmap]: rtabmap (2358): Rate=1.00s, Limit=0.000s, Conversion=0.0006s, RTAB-Map=0.2155s, Maps update=0.0011s pub=0.0039s delay=0.3870s (local map=200, WM=200)
[INFO] [1771519738.493310259] [rtabmap]: rtabmap (2359): Rate=1.00s, Limit=0.000s, Conversion=0.0003s, RTAB-Map=0.2330s, Maps update=0.0012s pub=0.0042s delay=0.4069s (local map=200, WM=200)
[INFO] [1771519739.592822617] [rtabmap]: rtabmap (2360): Rate=1.00s, Limit=0.000s, Conversion=0.0009s, RTAB-Map=0.2378s, Maps update=0.0014s pub=0.0052s delay=0.4064s (local map=200, WM=200)
[INFO] [1771519740.569565549] [rtabmap]: rtabmap (2361): Rate=1.00s, Limit=0.000s, Conversion=0.0003s, RTAB-Map=0.2099s, Maps update=0.0011s pub=0.0040s delay=0.3832s (local map=200, WM=200)
[INFO] [1771519741.720898942] [rtabmap]: rtabmap (2362): Rate=1.00s, Limit=0.000s, Conversion=0.0003s, RTAB-Map=0.2521s, Maps update=0.0011s pub=0.0038s delay=0.4347s (local map=200, WM=200)
[INFO] [1771519742.683836759] [rtabmap]: rtabmap (2363): Rate=1.00s, Limit=0.000s, Conversion=0.0006s, RTAB-Map=0.2253s, Maps update=0.0014s pub=0.0044s delay=0.3974s (local map=200, WM=200)
[INFO] [1771519743.791264192] [rtabmap]: rtabmap (2364): Rate=1.00s, Limit=0.000s, Conversion=0.0003s, RTAB-Map=0.2264s, Maps update=0.0011s pub=0.0039s delay=0.4050s (local map=200, WM=200)
[INFO] [1771519744.771044258] [rtabmap]: rtabmap (2365): Rate=1.00s, Limit=0.000s, Conversion=0.0005s, RTAB-Map=0.2218s, Maps update=0.0011s pub=0.0038s delay=0.3847s (local map=200, WM=200)
[INFO] [1771519745.886712729] [rtabmap]: rtabmap (2366): Rate=1.00s, Limit=0.000s, Conversion=0.0003s, RTAB-Map=0.2191s, Maps update=0.0014s pub=0.0047s delay=0.4002s (local map=200, WM=200)
[INFO] [1771519746.995450802] [rtabmap]: rtabmap (2367): Rate=1.00s, Limit=0.000s, Conversion=0.0003s, RTAB-Map=0.2329s, Maps update=0.0011s pub=0.0066s delay=0.4091s (local map=200, WM=200)
[INFO] [1771519747.979234087] [rtabmap]: rtabmap (2368): Rate=1.00s, Limit=0.000s, Conversion=0.0005s, RTAB-Map=0.2183s, Maps update=0.0011s pub=0.0038s delay=0.3928s (local map=200, WM=200)
[INFO] [1771519749.064894706] [rtabmap]: rtabmap (2369): Rate=1.00s, Limit=0.000s, Conversion=0.0005s, RTAB-Map=0.2060s, Maps update=0.0013s pub=0.0049s delay=0.3794s (local map=200, WM=200)
[INFO] [1771519750.086234535] [rtabmap]: rtabmap (2370): Rate=1.00s, Limit=0.000s, Conversion=0.0003s, RTAB-Map=0.2251s, Maps update=0.0011s pub=0.0040s delay=0.3998s (local map=200, WM=200)
[INFO] [1771519751.197122607] [rtabmap]: rtabmap (2371): Rate=1.00s, Limit=0.000s, Conversion=0.0005s, RTAB-Map=0.2307s, Maps update=0.0012s pub=0.0072s delay=0.4117s (local map=200, WM=200)
[INFO] [1771519752.197981142] [rtabmap]: rtabmap (2372): Rate=1.00s, Limit=0.000s, Conversion=0.0003s, RTAB-Map=0.2317s, Maps update=0.0012s pub=0.0051s delay=0.4116s (local map=200, WM=200)
[INFO] [1771519753.160435613] [rtabmap]: rtabmap (2373): Rate=1.00s, Limit=0.000s, Conversion=0.0006s, RTAB-Map=0.2125s, Maps update=0.0011s pub=0.0042s delay=0.3741s (local map=200, WM=200)
[INFO] [1771519754.301242125] [rtabmap]: rtabmap (2374): Rate=1.00s, Limit=0.000s, Conversion=0.0003s, RTAB-Map=0.2313s, Maps update=0.0012s pub=0.0036s delay=0.4157s (local map=200, WM=200)
[INFO] [1771519755.284653525] [rtabmap]: rtabmap (2375): Rate=1.00s, Limit=0.000s, Conversion=0.0005s, RTAB-Map=0.2257s, Maps update=0.0011s pub=0.0036s delay=0.3981s (local map=200, WM=200)
[INFO] [1771519756.367760322] [rtabmap]: rtabmap (2376): Rate=1.00s, Limit=0.000s, Conversion=0.0005s, RTAB-Map=0.2135s, Maps update=0.0013s pub=0.0054s delay=0.3813s (local map=200, WM=200)
[INFO] [1771519757.381021231] [rtabmap]: rtabmap (2377): Rate=1.00s, Limit=0.000s, Conversion=0.0004s, RTAB-Map=0.2238s, Maps update=0.0011s pub=0.0040s delay=0.3945s (local map=200, WM=200)
[INFO] [1771519758.480411121] [rtabmap]: rtabmap (2378): Rate=1.00s, Limit=0.000s, Conversion=0.0005s, RTAB-Map=0.2206s, Maps update=0.0011s pub=0.0039s delay=0.3949s (local map=200, WM=200)
[INFO] [1771519759.488317883] [rtabmap]: rtabmap (2379): Rate=1.00s, Limit=0.000s, Conversion=0.0003s, RTAB-Map=0.2278s, Maps update=0.0013s pub=0.0048s delay=0.4018s (local map=200, WM=200)
[INFO] [1771519760.577634379] [rtabmap]: rtabmap (2380): Rate=1.00s, Limit=0.000s, Conversion=0.0005s, RTAB-Map=0.2211s, Maps update=0.0011s pub=0.0046s delay=0.3911s (local map=200, WM=200)
[INFO] [1771519761.675483765] [rtabmap]: rtabmap (2381): Rate=1.00s, Limit=0.000s, Conversion=0.0005s, RTAB-Map=0.2130s, Maps update=0.0011s pub=0.0041s delay=0.3900s (local map=200, WM=200)
[INFO] [1771519762.662636006] [rtabmap]: rtabmap (2382): Rate=1.00s, Limit=0.000s, Conversion=0.0003s, RTAB-Map=0.2072s, Maps update=0.0011s pub=0.0035s delay=0.3763s (local map=200, WM=200)
[INFO] [1771519763.712397037] [rtabmap]: rtabmap (2383): Rate=1.00s, Limit=0.000s, Conversion=0.0006s, RTAB-Map=0.2570s, Maps update=0.0011s pub=0.0041s delay=0.4259s (local map=200, WM=200)
[INFO] [1771519764.777815634] [rtabmap]: rtabmap (2384): Rate=1.00s, Limit=0.000s, Conversion=0.0003s, RTAB-Map=0.2185s, Maps update=0.0011s pub=0.0040s delay=0.3913s (local map=200, WM=200)
[INFO] [1771519765.882874819] [rtabmap]: rtabmap (2385): Rate=1.00s, Limit=0.000s, Conversion=0.0003s, RTAB-Map=0.2267s, Maps update=0.0011s pub=0.0039s delay=0.3974s (local map=200, WM=200)
[INFO] [1771519766.876847374] [rtabmap]: rtabmap (2386): Rate=1.00s, Limit=0.000s, Conversion=0.0005s, RTAB-Map=0.2142s, Maps update=0.0011s pub=0.0038s delay=0.3903s (local map=200, WM=200)
[INFO] [1771519767.973764309] [rtabmap]: rtabmap (2387): Rate=1.00s, Limit=0.000s, Conversion=0.0005s, RTAB-Map=0.2156s, Maps update=0.0011s pub=0.0042s delay=0.3872s (local map=200, WM=200)
[INFO] [1771519769.076589589] [rtabmap]: rtabmap (2388): Rate=1.00s, Limit=0.000s, Conversion=0.0005s, RTAB-Map=0.2139s, Maps update=0.0011s pub=0.0038s delay=0.3909s (local map=200, WM=200)
[INFO] [1771519770.069838469] [rtabmap]: rtabmap (2389): Rate=1.00s, Limit=0.000s, Conversion=0.0005s, RTAB-Map=0.2137s, Maps update=0.0011s pub=0.0036s delay=0.3833s (local map=200, WM=200)
[INFO] [1771519771.100313962] [rtabmap]: rtabmap (2390): Rate=1.00s, Limit=0.000s, Conversion=0.0003s, RTAB-Map=0.2369s, Maps update=0.0014s pub=0.0047s delay=0.4137s (local map=200, WM=200)
[INFO] [1771519772.170756135] [rtabmap]: rtabmap (2391): Rate=1.00s, Limit=0.000s, Conversion=0.0005s, RTAB-Map=0.2143s, Maps update=0.0011s pub=0.0041s delay=0.3852s (local map=200, WM=200)
[INFO] [1771519773.171410726] [rtabmap]: rtabmap (2392): Rate=1.00s, Limit=0.000s, Conversion=0.0003s, RTAB-Map=0.2134s, Maps update=0.0011s pub=0.0036s delay=0.3849s (local map=200, WM=200)
[INFO] [1771519774.288990595] [rtabmap]: rtabmap (2393): Rate=1.00s, Limit=0.000s, Conversion=0.0006s, RTAB-Map=0.2281s, Maps update=0.0011s pub=0.0040s delay=0.4035s (local map=200, WM=200)
[INFO] [1771519775.264443527] [rtabmap]: rtabmap (2394): Rate=1.00s, Limit=0.000s, Conversion=0.0005s, RTAB-Map=0.2141s, Maps update=0.0011s pub=0.0042s delay=0.3788s (local map=200, WM=200)
[INFO] [1771519776.382194922] [rtabmap]: rtabmap (2395): Rate=1.00s, Limit=0.000s, Conversion=0.0005s, RTAB-Map=0.2222s, Maps update=0.0011s pub=0.0038s delay=0.3966s (local map=200, WM=200)
[INFO] [1771519777.366256585] [rtabmap]: rtabmap (2396): Rate=1.00s, Limit=0.000s, Conversion=0.0004s, RTAB-Map=0.2125s, Maps update=0.0011s pub=0.0039s delay=0.3806s (local map=200, WM=200)
[INFO] [1771519778.485744684] [rtabmap]: rtabmap (2397): Rate=1.00s, Limit=0.000s, Conversion=0.0005s, RTAB-Map=0.2271s, Maps update=0.0011s pub=0.0037s delay=0.4001s (local map=200, WM=200)
[INFO] [1771519779.585216593] [rtabmap]: rtabmap (2398): Rate=1.00s, Limit=0.000s, Conversion=0.0003s, RTAB-Map=0.2278s, Maps update=0.0011s pub=0.0039s delay=0.3998s (local map=200, WM=200)
[INFO] [1771519780.585522435] [rtabmap]: rtabmap (2399): Rate=1.00s, Limit=0.000s, Conversion=0.0003s, RTAB-Map=0.2214s, Maps update=0.0013s pub=0.0041s delay=0.4000s (local map=200, WM=200)
[INFO] [1771519781.692045419] [rtabmap]: rtabmap (2400): Rate=1.00s, Limit=0.000s, Conversion=0.0003s, RTAB-Map=0.2315s, Maps update=0.0011s pub=0.0047s delay=0.4067s (local map=200, WM=200)
[INFO] [1771519782.690800165] [rtabmap]: rtabmap (2401): Rate=1.00s, Limit=0.000s, Conversion=0.0006s, RTAB-Map=0.2201s, Maps update=0.0014s pub=0.0065s delay=0.4042s (local map=200, WM=200)
[INFO] [1771519783.778867560] [rtabmap]: rtabmap (2402): Rate=1.00s, Limit=0.000s, Conversion=0.0007s, RTAB-Map=0.2132s, Maps update=0.0014s pub=0.0047s delay=0.3934s (local map=200, WM=200)
[INFO] [1771519784.787048155] [rtabmap]: rtabmap (2403): Rate=1.00s, Limit=0.000s, Conversion=0.0003s, RTAB-Map=0.2215s, Maps update=0.0011s pub=0.0037s delay=0.4014s (local map=200, WM=200)
[INFO] [1771519785.889553615] [rtabmap]: rtabmap (2404): Rate=1.00s, Limit=0.000s, Conversion=0.0003s, RTAB-Map=0.2281s, Maps update=0.0011s pub=0.0071s delay=0.4042s (local map=200, WM=200)
[INFO] [1771519786.880383623] [rtabmap]: rtabmap (2405): Rate=1.00s, Limit=0.000s, Conversion=0.0003s, RTAB-Map=0.2177s, Maps update=0.0011s pub=0.0041s delay=0.3950s (local map=200, WM=200)
[INFO] [1771519787.984997256] [rtabmap]: rtabmap (2406): Rate=1.00s, Limit=0.000s, Conversion=0.0008s, RTAB-Map=0.2216s, Maps update=0.0011s pub=0.0037s delay=0.3996s (local map=200, WM=200)
[INFO] [1771519789.097913530] [rtabmap]: rtabmap (2407): Rate=1.00s, Limit=0.000s, Conversion=0.0003s, RTAB-Map=0.2323s, Maps update=0.0012s pub=0.0062s delay=0.4126s (local map=200, WM=200)
[INFO] [1771519790.097546644] [rtabmap]: rtabmap (2408): Rate=1.00s, Limit=0.000s, Conversion=0.0005s, RTAB-Map=0.2400s, Maps update=0.0013s pub=0.0052s delay=0.4122s (local map=200, WM=200)
[INFO] [1771519791.073561356] [rtabmap]: rtabmap (2409): Rate=1.00s, Limit=0.000s, Conversion=0.0005s, RTAB-Map=0.2178s, Maps update=0.0020s pub=0.0041s delay=0.3880s (local map=200, WM=200)
[INFO] [1771519792.182274084] [rtabmap]: rtabmap (2410): Rate=1.00s, Limit=0.000s, Conversion=0.0005s, RTAB-Map=0.2196s, Maps update=0.0014s pub=0.0046s delay=0.3968s (local map=200, WM=200)
[INFO] [1771519793.290427495] [rtabmap]: rtabmap (2411): Rate=1.00s, Limit=0.000s, Conversion=0.0005s, RTAB-Map=0.2285s, Maps update=0.0011s pub=0.0058s delay=0.4051s (local map=200, WM=200)
[INFO] [1771519794.279155954] [rtabmap]: rtabmap (2412): Rate=1.00s, Limit=0.000s, Conversion=0.0004s, RTAB-Map=0.2287s, Maps update=0.0015s pub=0.0048s delay=0.3935s (local map=200, WM=200)
[INFO] [1771519795.365179370] [rtabmap]: rtabmap (2413): Rate=1.00s, Limit=0.000s, Conversion=0.0004s, RTAB-Map=0.2100s, Maps update=0.0011s pub=0.0040s delay=0.3798s (local map=200, WM=200)
[INFO] [1771519796.373481506] [rtabmap]: rtabmap (2414): Rate=1.00s, Limit=0.000s, Conversion=0.0004s, RTAB-Map=0.2185s, Maps update=0.0011s pub=0.0036s delay=0.3880s (local map=200, WM=200)
[INFO] [1771519797.376289808] [rtabmap]: rtabmap (2415): Rate=1.00s, Limit=0.000s, Conversion=0.0005s, RTAB-Map=0.2204s, Maps update=0.0011s pub=0.0045s delay=0.3908s (local map=200, WM=200)
[INFO] [1771519798.490712441] [rtabmap]: rtabmap (2416): Rate=1.00s, Limit=0.000s, Conversion=0.0003s, RTAB-Map=0.2336s, Maps update=0.0011s pub=0.0047s delay=0.4054s (local map=200, WM=200)
[INFO] [1771519799.467998048] [rtabmap]: rtabmap (2417): Rate=1.00s, Limit=0.000s, Conversion=0.0004s, RTAB-Map=0.2049s, Maps update=0.0011s pub=0.0043s delay=0.3824s (local map=200, WM=200)
[INFO] [1771519800.568784021] [rtabmap]: rtabmap (2418): Rate=1.00s, Limit=0.000s, Conversion=0.0004s, RTAB-Map=0.2100s, Maps update=0.0011s pub=0.0039s delay=0.3834s (local map=200, WM=200)
[INFO] [1771519801.669608012] [rtabmap]: rtabmap (2419): Rate=1.00s, Limit=0.000s, Conversion=0.0004s, RTAB-Map=0.2137s, Maps update=0.0011s pub=0.0038s delay=0.3843s (local map=200, WM=200)
[INFO] [1771519802.675881817] [rtabmap]: rtabmap (2420): Rate=1.00s, Limit=0.000s, Conversion=0.0003s, RTAB-Map=0.2230s, Maps update=0.0011s pub=0.0039s delay=0.3905s (local map=200, WM=200)
[INFO] [1771519803.691450523] [rtabmap]: rtabmap (2421): Rate=1.00s, Limit=0.000s, Conversion=0.0006s, RTAB-Map=0.2286s, Maps update=0.0012s pub=0.0043s delay=0.4060s (local map=200, WM=200)
[INFO] [1771519804.774737839] [rtabmap]: rtabmap (2422): Rate=1.00s, Limit=0.000s, Conversion=0.0005s, RTAB-Map=0.2196s, Maps update=0.0011s pub=0.0044s delay=0.3894s (local map=200, WM=200)
[INFO] [1771519805.785278137] [rtabmap]: rtabmap (2423): Rate=1.00s, Limit=0.000s, Conversion=0.0005s, RTAB-Map=0.2238s, Maps update=0.0011s pub=0.0043s delay=0.3998s (local map=200, WM=200)
[INFO] [1771519806.891692348] [rtabmap]: rtabmap (2424): Rate=1.00s, Limit=0.000s, Conversion=0.0005s, RTAB-Map=0.2200s, Maps update=0.0011s pub=0.0046s delay=0.4064s (local map=200, WM=200)
[INFO] [1771519807.979727998] [rtabmap]: rtabmap (2425): Rate=1.00s, Limit=0.000s, Conversion=0.0005s, RTAB-Map=0.2153s, Maps update=0.0011s pub=0.0047s delay=0.3945s (local map=200, WM=200)
[INFO] [1771519808.981871508] [rtabmap]: rtabmap (2426): Rate=1.00s, Limit=0.000s, Conversion=0.0005s, RTAB-Map=0.2247s, Maps update=0.0011s pub=0.0045s delay=0.3965s (local map=200, WM=200)
[INFO] [1771519809.978329722] [rtabmap]: rtabmap (2427): Rate=1.00s, Limit=0.000s, Conversion=0.0006s, RTAB-Map=0.2291s, Maps update=0.0011s pub=0.0054s delay=0.3929s (local map=200, WM=200)
[INFO] [1771519811.079447099] [rtabmap]: rtabmap (2428): Rate=1.00s, Limit=0.000s, Conversion=0.0004s, RTAB-Map=0.2222s, Maps update=0.0011s pub=0.0037s delay=0.3941s (local map=200, WM=200)
[INFO] [1771519812.195538433] [rtabmap]: rtabmap (2429): Rate=1.00s, Limit=0.000s, Conversion=0.0004s, RTAB-Map=0.2236s, Maps update=0.0012s pub=0.0082s delay=0.4103s (local map=200, WM=200)
[INFO] [1771519813.198224555] [rtabmap]: rtabmap (2430): Rate=1.00s, Limit=0.000s, Conversion=0.0004s, RTAB-Map=0.2347s, Maps update=0.0012s pub=0.0045s delay=0.4129s (local map=200, WM=200)
[INFO] [1771519814.299544884] [rtabmap]: rtabmap (2431): Rate=1.00s, Limit=0.000s, Conversion=0.0039s, RTAB-Map=0.2320s, Maps update=0.0031s pub=0.0041s delay=0.4142s (local map=200, WM=200)
[INFO] [1771519815.294403871] [rtabmap]: rtabmap (2432): Rate=1.00s, Limit=0.000s, Conversion=0.0040s, RTAB-Map=0.2231s, Maps update=0.0030s pub=0.0065s delay=0.4090s (local map=200, WM=200)
[INFO] [1771519816.552198222] [rtabmap]: rtabmap (2433): Rate=1.00s, Limit=0.000s, Conversion=0.0038s, RTAB-Map=0.2983s, Maps update=0.0040s pub=0.0149s delay=0.5670s (local map=200, WM=200)
[INFO] [1771519817.593280503] [rtabmap]: rtabmap (2434): Rate=1.00s, Limit=0.000s, Conversion=0.0021s, RTAB-Map=0.3278s, Maps update=0.0046s pub=0.0107s delay=0.6080s (local map=200, WM=200)
[INFO] [1771519818.747879040] [rtabmap]: rtabmap (2435): Rate=1.00s, Limit=0.000s, Conversion=0.0016s, RTAB-Map=0.3708s, Maps update=0.0057s pub=0.0153s delay=0.6626s (local map=200, WM=200)
[INFO] [1771519819.753661212] [rtabmap]: rtabmap (2436): Rate=1.00s, Limit=0.000s, Conversion=0.0065s, RTAB-Map=0.3630s, Maps update=0.0044s pub=0.0083s delay=0.6683s (local map=200, WM=200)
[INFO] [1771519821.027462454] [rtabmap]: rtabmap (2437): Rate=1.00s, Limit=0.000s, Conversion=0.0155s, RTAB-Map=0.4638s, Maps update=0.0109s pub=0.0382s delay=0.8417s (local map=200, WM=200)
[INFO] [1771519822.186164661] [rtabmap]: rtabmap (2438): Rate=1.00s, Limit=0.000s, Conversion=0.0280s, RTAB-Map=0.4371s, Maps update=0.0119s pub=0.0123s delay=0.8009s (local map=200, WM=200)
[INFO] [1771519823.320669694] [rtabmap]: rtabmap (2439): Rate=1.00s, Limit=0.000s, Conversion=0.0107s, RTAB-Map=0.4264s, Maps update=0.0088s pub=0.0196s delay=0.8351s (local map=200, WM=200)
[INFO] [1771519824.629877161] [rtabmap]: rtabmap (2440): Rate=1.00s, Limit=0.000s, Conversion=0.0356s, RTAB-Map=0.5418s, Maps update=0.0102s pub=0.0434s delay=0.9445s (local map=200, WM=200)
[INFO] [1771519826.675222358] [rtabmap]: rtabmap (2441): Rate=1.00s, Limit=0.000s, Conversion=0.0276s, RTAB-Map=1.0850s, Maps update=0.0426s pub=0.0402s delay=1.7897s (local map=200, WM=200)
[INFO] [1771519829.352474265] [rtabmap]: rtabmap (2442): Rate=1.00s, Limit=0.000s, Conversion=0.0828s, RTAB-Map=1.6371s, Maps update=0.4267s pub=0.0720s delay=2.8672s (local map=200, WM=200)
[WARN] [1771519836.653789232] [rtabmap]: rtabmap: Did not receive data since 5 seconds! Make sure the input topics are published ("$ ros2 topic hz my_topic") and the timestamps in their header are set. If topics are coming from different computers, make sure the clocks of the computers are synchronized ("ntpdate"). Ajusting topic_queue_size (10) and sync_queue_size (200) can also help for better synchronization if framerates and/or delays are different. If topics are not published at the same rate, you coul