[INFO] [1773308722.426211529] [rtabmap]: rtabmap(maps): latch                      = false
[INFO] [1773308722.428138186] [rtabmap]: rtabmap(maps): map_filter_radius          = 0.000000
[INFO] [1773308722.428196396] [rtabmap]: rtabmap(maps): map_filter_angle           = 30.000000
[INFO] [1773308722.428224781] [rtabmap]: rtabmap(maps): map_cleanup                = true
[INFO] [1773308722.428243950] [rtabmap]: rtabmap(maps): map_always_update          = false
[INFO] [1773308722.428269519] [rtabmap]: rtabmap(maps): map_empty_ray_tracing      = true
[INFO] [1773308722.428289551] [rtabmap]: rtabmap(maps): cloud_output_voxelized     = true
[INFO] [1773308722.428307504] [rtabmap]: rtabmap(maps): cloud_subtract_filtering   = false
[INFO] [1773308722.428325041] [rtabmap]: rtabmap(maps): cloud_subtract_filtering_min_neighbors = 2
[INFO] [1773308722.428459669] [rtabmap]: rtabmap(maps): octomap_tree_depth         = 16
[INFO] [1773308722.444818747] [rtabmap]: rtabmap: frame_id      = leo04/base_footprint
[INFO] [1773308722.444929279] [rtabmap]: rtabmap: map_frame_id  = map
[INFO] [1773308722.444958560] [rtabmap]: rtabmap: log_to_rosout_level  = 4
[INFO] [1773308722.444982817] [rtabmap]: rtabmap: initial_pose  = 
[INFO] [1773308722.445006465] [rtabmap]: rtabmap: use_action_for_goal  = false
[INFO] [1773308722.445029954] [rtabmap]: rtabmap: tf_delay      = 0.050000
[INFO] [1773308722.445059875] [rtabmap]: rtabmap: tf_tolerance  = 0.100000
[INFO] [1773308722.445092484] [rtabmap]: rtabmap: odom_sensor_sync   = false
[INFO] [1773308722.445115813] [rtabmap]: rtabmap: pub_loc_pose_only_when_localizing = false
[INFO] [1773308722.445136518] [rtabmap]: rtabmap: wait_for_transform = 0.500000
[INFO] [1773308722.445158439] [rtabmap]: rtabmap: gen_scan  = false
[INFO] [1773308722.445177543] [rtabmap]: rtabmap: gen_depth  = false
[INFO] [1773308722.445195976] [rtabmap]: rtabmap: scan_cloud_max_points = 0
[INFO] [1773308722.445214504] [rtabmap]: rtabmap: scan_cloud_is_2d = false
[INFO] [1773308722.460481386] [rtabmap]: Setting RTAB-Map parameter "Grid/CellSize"="0.03" (rosparam)
[INFO] [1773308722.460904568] [rtabmap]: Setting RTAB-Map parameter "Grid/MaxGroundAngle"="45" (rosparam)
[INFO] [1773308722.460971770] [rtabmap]: Setting RTAB-Map parameter "Grid/MaxGroundHeight"="0.1" (rosparam)
[INFO] [1773308722.461031612] [rtabmap]: Setting RTAB-Map parameter "Grid/MaxObstacleHeight"="0.7" (rosparam)
[INFO] [1773308722.461125760] [rtabmap]: Setting RTAB-Map parameter "Grid/MinGroundHeight"="-0.1" (rosparam)
[INFO] [1773308722.461344967] [rtabmap]: Setting RTAB-Map parameter "Grid/RangeMax"="3.0" (rosparam)
[INFO] [1773308722.461407081] [rtabmap]: Setting RTAB-Map parameter "Grid/RangeMin"="0.7" (rosparam)
[INFO] [1773308722.461467211] [rtabmap]: Setting RTAB-Map parameter "Grid/RayTracing"="false" (rosparam)
[INFO] [1773308722.461584367] [rtabmap]: Setting RTAB-Map parameter "Grid/Sensor"="0" (rosparam)
[INFO] [1773308722.462042334] [rtabmap]: Setting RTAB-Map parameter "Icp/CorrespondenceRatio"="0.2" (rosparam)
[INFO] [1773308722.462197860] [rtabmap]: Setting RTAB-Map parameter "Icp/Epsilon"="0.001" (rosparam)
[INFO] [1773308722.462352649] [rtabmap]: Setting RTAB-Map parameter "Icp/Iterations"="10" (rosparam)
[INFO] [1773308722.462425707] [rtabmap]: Setting RTAB-Map parameter "Icp/MaxCorrespondenceDistance"="1" (rosparam)
[INFO] [1773308722.462592753] [rtabmap]: Setting RTAB-Map parameter "Icp/MaxTranslation"="3" (rosparam)
[INFO] [1773308722.462673364] [rtabmap]: Setting RTAB-Map parameter "Icp/OutlierRatio"="0.7" (rosparam)
[INFO] [1773308722.462926460] [rtabmap]: Setting RTAB-Map parameter "Icp/PointToPlane"="true" (rosparam)
[INFO] [1773308722.463043616] [rtabmap]: Setting RTAB-Map parameter "Icp/PointToPlaneK"="20" (rosparam)
[INFO] [1773308722.463358763] [rtabmap]: Setting RTAB-Map parameter "Icp/PointToPlaneRadius"="0" (rosparam)
[INFO] [1773308722.463514224] [rtabmap]: Setting RTAB-Map parameter "Icp/RangeMin"="0.3" (rosparam)
[INFO] [1773308722.463641620] [rtabmap]: Setting RTAB-Map parameter "Icp/Strategy"="1" (rosparam)
[INFO] [1773308722.463706390] [rtabmap]: Setting RTAB-Map parameter "Icp/VoxelSize"="0.1" (rosparam)
[INFO] [1773308722.465553300] [rtabmap]: Setting RTAB-Map parameter "Mem/LaserScanNormalK"="20" (rosparam)
[INFO] [1773308722.465775420] [rtabmap]: Setting RTAB-Map parameter "Mem/LaserScanVoxelSize"="0.03" (rosparam)
[INFO] [1773308722.465945634] [rtabmap]: Setting RTAB-Map parameter "Mem/NotLinkedNodesKept"="false" (rosparam)
[INFO] [1773308722.466178089] [rtabmap]: Setting RTAB-Map parameter "Mem/STMSize"="30" (rosparam)
[INFO] [1773308722.466998885] [rtabmap]: Setting RTAB-Map parameter "RGBD/AngularUpdate"="0.05" (rosparam)
[INFO] [1773308722.467065063] [rtabmap]: Setting RTAB-Map parameter "RGBD/CreateOccupancyGrid"="true" (rosparam)
[INFO] [1773308722.467276110] [rtabmap]: Setting RTAB-Map parameter "RGBD/LinearUpdate"="0.05" (rosparam)
[INFO] [1773308722.467981478] [rtabmap]: Setting RTAB-Map parameter "RGBD/ProximityMaxGraphDepth"="0" (rosparam)
[INFO] [1773308722.468156044] [rtabmap]: Setting RTAB-Map parameter "RGBD/ProximityPathMaxNeighbors"="1" (rosparam)
[INFO] [1773308722.468356019] [rtabmap]: Setting RTAB-Map parameter "Reg/Strategy"="1" (rosparam)
[INFO] [1773308722.474800939] [rtabmap]: RTAB-Map detection rate = 1.000000 Hz
[INFO] [1773308722.483250696] [rtabmap]: rtabmap: Deleted database "/root/.ros/rtabmap.db" (--delete_db_on_start or -d are set).
[INFO] [1773308722.483439790] [rtabmap]: rtabmap: Using database from "/root/.ros/rtabmap.db" (0 MB).
[INFO] [1773308722.551050032] [rtabmap]: rtabmap: Database version = "0.22.1".
[INFO] [1773308722.551255031] [rtabmap]: rtabmap: SLAM mode (Mem/IncrementalMemory=true)
[INFO] [1773308722.576991640] [rtabmap]: Setup callbacks
[INFO] [1773308722.577352420] [rtabmap]: rtabmap: subscribe_depth = false
[INFO] [1773308722.577433671] [rtabmap]: rtabmap: subscribe_rgb = false
[INFO] [1773308722.577460968] [rtabmap]: rtabmap: subscribe_stereo = false
[INFO] [1773308722.577495817] [rtabmap]: rtabmap: subscribe_rgbd = false (rgbd_cameras=1)
[INFO] [1773308722.577541195] [rtabmap]: rtabmap: subscribe_sensor_data = false
[INFO] [1773308722.577567755] [rtabmap]: rtabmap: subscribe_odom_info = false
[INFO] [1773308722.577604141] [rtabmap]: rtabmap: subscribe_user_data = false
[INFO] [1773308722.577629549] [rtabmap]: rtabmap: subscribe_scan = false
[INFO] [1773308722.577652654] [rtabmap]: rtabmap: subscribe_scan_cloud = true
[INFO] [1773308722.577674575] [rtabmap]: rtabmap: subscribe_scan_descriptor = false
[INFO] [1773308722.577709392] [rtabmap]: rtabmap: topic_queue_size = 10
[INFO] [1773308722.577768978] [rtabmap]: rtabmap: sync_queue_size  = 200
[INFO] [1773308722.577807859] [rtabmap]: rtabmap: qos_image       = 0
[INFO] [1773308722.577832820] [rtabmap]: rtabmap: qos_camera_info = 0
[INFO] [1773308722.577861045] [rtabmap]: rtabmap: qos_scan        = 0
[INFO] [1773308722.577985689] [rtabmap]: rtabmap: qos_odom        = 0
[INFO] [1773308722.578016474] [rtabmap]: rtabmap: qos_user_data   = 0
[INFO] [1773308722.578051996] [rtabmap]: rtabmap: approx_sync     = true
[INFO] [1773308722.578111838] [rtabmap]: Setup scan callback
[INFO] [1773308722.580353353] [rtabmap]: 
rtabmap subscribed to (approx sync):
   /odom \
   /leo04/livox/lidar
[WARN] [1773308722.584743645] [rtabmap]: There is no image subscription, bag-of-words loop closure detection will be disabled...
[WARN] [1773308722.584933667] [rtabmap]: Setting Kp/MaxFeatures=-1 (bag-of-words disabled)
[INFO] [1773308722.790103703] [rtabmap]: rtabmap (1): Rate=1.00s, Limit=0.000s, Conversion=0.0007s, RTAB-Map=0.0612s, Maps update=0.0014s pub=0.0016s delay=0.2186s (local map=1, WM=1)
[INFO] [1773308723.895831959] [rtabmap]: rtabmap (2): Rate=1.00s, Limit=0.000s, Conversion=0.0008s, RTAB-Map=0.0656s, Maps update=0.0003s pub=0.0009s delay=0.2245s (local map=1, WM=1)
[INFO] [1773308724.991475173] [rtabmap]: rtabmap (3): Rate=1.00s, Limit=0.000s, Conversion=0.0005s, RTAB-Map=0.0592s, Maps update=0.0002s pub=0.0007s delay=0.2201s (local map=1, WM=1)
[INFO] [1773308726.100274221] [rtabmap]: rtabmap (4): Rate=1.00s, Limit=0.000s, Conversion=0.0005s, RTAB-Map=0.0675s, Maps update=0.0002s pub=0.0005s delay=0.2289s (local map=1, WM=1)
[INFO] [1773308727.203974857] [rtabmap]: rtabmap (5): Rate=1.00s, Limit=0.000s, Conversion=0.0003s, RTAB-Map=0.0659s, Maps update=0.0002s pub=0.0006s delay=0.2327s (local map=1, WM=1)
[INFO] [1773308728.194786097] [rtabmap]: rtabmap (6): Rate=1.00s, Limit=0.000s, Conversion=0.0003s, RTAB-Map=0.0593s, Maps update=0.0003s pub=0.0005s delay=0.2234s (local map=1, WM=1)
[INFO] [1773308729.191357659] [rtabmap]: rtabmap (7): Rate=1.00s, Limit=0.000s, Conversion=0.0004s, RTAB-Map=0.0640s, Maps update=0.0002s pub=0.0006s delay=0.2198s (local map=1, WM=1)
[INFO] [1773308730.295404899] [rtabmap]: rtabmap (8): Rate=1.00s, Limit=0.000s, Conversion=0.0006s, RTAB-Map=0.0636s, Maps update=0.0002s pub=0.0006s delay=0.2240s (local map=1, WM=1)
[INFO] [1773308731.300009371] [rtabmap]: rtabmap (9): Rate=1.00s, Limit=0.000s, Conversion=0.0003s, RTAB-Map=0.0699s, Maps update=0.0003s pub=0.0014s delay=0.2285s (local map=1, WM=1)
[INFO] [1773308732.296812877] [rtabmap]: rtabmap (10): Rate=1.00s, Limit=0.000s, Conversion=0.0003s, RTAB-Map=0.0652s, Maps update=0.0002s pub=0.0011s delay=0.2253s (local map=1, WM=1)
[INFO] [1773308733.303982683] [rtabmap]: rtabmap (11): Rate=1.00s, Limit=0.000s, Conversion=0.0005s, RTAB-Map=0.0661s, Maps update=0.0003s pub=0.0006s delay=0.2324s (local map=1, WM=1)
[INFO] [1773308734.389554614] [rtabmap]: rtabmap (12): Rate=1.00s, Limit=0.000s, Conversion=0.0005s, RTAB-Map=0.0595s, Maps update=0.0002s pub=0.0006s delay=0.2181s (local map=1, WM=1)
[INFO] [1773308735.410192393] [rtabmap]: rtabmap (13): Rate=1.00s, Limit=0.000s, Conversion=0.0005s, RTAB-Map=0.0747s, Maps update=0.0002s pub=0.0007s delay=0.2387s (local map=1, WM=1)
[INFO] [1773308736.387758067] [rtabmap]: rtabmap (14): Rate=1.00s, Limit=0.000s, Conversion=0.0005s, RTAB-Map=0.0629s, Maps update=0.0003s pub=0.0004s delay=0.2162s (local map=1, WM=1)
[INFO] [1773308737.498616512] [rtabmap]: rtabmap (15): Rate=1.00s, Limit=0.000s, Conversion=0.0003s, RTAB-Map=0.0596s, Maps update=0.0002s pub=0.0005s delay=0.2272s (local map=1, WM=1)
[INFO] [1773308738.597839878] [rtabmap]: rtabmap (16): Rate=1.00s, Limit=0.000s, Conversion=0.0003s, RTAB-Map=0.0595s, Maps update=0.0002s pub=0.0005s delay=0.2263s (local map=1, WM=1)
[INFO] [1773308739.701173270] [rtabmap]: rtabmap (17): Rate=1.00s, Limit=0.000s, Conversion=0.0005s, RTAB-Map=0.0656s, Maps update=0.0003s pub=0.0006s delay=0.2297s (local map=1, WM=1)
[INFO] [1773308740.699937930] [rtabmap]: rtabmap (18): Rate=1.00s, Limit=0.000s, Conversion=0.0005s, RTAB-Map=0.0663s, Maps update=0.0003s pub=0.0005s delay=0.2284s (local map=1, WM=1)
[INFO] [1773308741.794553557] [rtabmap]: rtabmap (19): Rate=1.00s, Limit=0.000s, Conversion=0.0008s, RTAB-Map=0.0666s, Maps update=0.0003s pub=0.0007s delay=0.2231s (local map=1, WM=1)
[INFO] [1773308742.891386922] [rtabmap]: rtabmap (20): Rate=1.00s, Limit=0.000s, Conversion=0.0006s, RTAB-Map=0.0611s, Maps update=0.0003s pub=0.0005s delay=0.2200s (local map=1, WM=1)
[INFO] [1773308743.904707239] [rtabmap]: rtabmap (21): Rate=1.00s, Limit=0.000s, Conversion=0.0004s, RTAB-Map=0.0718s, Maps update=0.0002s pub=0.0005s delay=0.2333s (local map=1, WM=1)
[INFO] [1773308744.906295066] [rtabmap]: rtabmap (22): Rate=1.00s, Limit=0.000s, Conversion=0.0003s, RTAB-Map=0.0671s, Maps update=0.0004s pub=0.0009s delay=0.2348s (local map=1, WM=1)
[INFO] [1773308745.892065464] [rtabmap]: rtabmap (23): Rate=1.00s, Limit=0.000s, Conversion=0.0003s, RTAB-Map=0.0563s, Maps update=0.0003s pub=0.0006s delay=0.2205s (local map=1, WM=1)
[INFO] [1773308746.999253099] [rtabmap]: rtabmap (24): Rate=1.00s, Limit=0.000s, Conversion=0.0005s, RTAB-Map=0.0711s, Maps update=0.0003s pub=0.0007s delay=0.2278s (local map=1, WM=1)
[INFO] [1773308748.011050690] [rtabmap]: rtabmap (25): Rate=1.00s, Limit=0.000s, Conversion=0.0007s, RTAB-Map=0.0791s, Maps update=0.0004s pub=0.0005s delay=0.2395s (local map=1, WM=1)
[INFO] [1773308749.092952216] [rtabmap]: rtabmap (26): Rate=1.00s, Limit=0.000s, Conversion=0.0006s, RTAB-Map=0.0666s, Maps update=0.0003s pub=0.0005s delay=0.2214s (local map=1, WM=1)
[INFO] [1773308750.100920960] [rtabmap]: rtabmap (27): Rate=1.00s, Limit=0.000s, Conversion=0.0006s, RTAB-Map=0.0654s, Maps update=0.0002s pub=0.0005s delay=0.2293s (local map=1, WM=1)
[INFO] [1773308751.204752332] [rtabmap]: rtabmap (28): Rate=1.00s, Limit=0.000s, Conversion=0.0003s, RTAB-Map=0.0720s, Maps update=0.0002s pub=0.0005s delay=0.2332s (local map=1, WM=1)
[INFO] [1773308752.208198761] [rtabmap]: rtabmap (29): Rate=1.00s, Limit=0.000s, Conversion=0.0003s, RTAB-Map=0.0713s, Maps update=0.0004s pub=0.0005s delay=0.2366s (local map=1, WM=1)
[INFO] [1773308753.294748782] [rtabmap]: rtabmap (30): Rate=1.00s, Limit=0.000s, Conversion=0.0003s, RTAB-Map=0.0600s, Maps update=0.0003s pub=0.0005s delay=0.2232s (local map=1, WM=1)
[INFO] [1773308754.299577952] [rtabmap]: rtabmap (31): Rate=1.00s, Limit=0.000s, Conversion=0.0005s, RTAB-Map=0.0626s, Maps update=0.0014s pub=0.0015s delay=0.2280s (local map=2, WM=2)
[INFO] [1773308755.310032196] [rtabmap]: rtabmap (32): Rate=1.00s, Limit=0.000s, Conversion=0.0004s, RTAB-Map=0.0689s, Maps update=0.0017s pub=0.0022s delay=0.2383s (local map=3, WM=3)
[INFO] [1773308756.405775010] [rtabmap]: rtabmap (33): Rate=1.00s, Limit=0.000s, Conversion=0.0005s, RTAB-Map=0.0650s, Maps update=0.0003s pub=0.0024s delay=0.2341s (local map=4, WM=4)
[INFO] [1773308757.404176322] [rtabmap]: rtabmap (34): Rate=1.00s, Limit=0.000s, Conversion=0.0009s, RTAB-Map=0.0745s, Maps update=0.0003s pub=0.0013s delay=0.2325s (local map=4, WM=4)
[INFO] [1773308758.517946659] [rtabmap]: rtabmap (35): Rate=1.00s, Limit=0.000s, Conversion=0.0004s, RTAB-Map=0.0785s, Maps update=0.0017s pub=0.0030s delay=0.2463s (local map=5, WM=5)
[INFO] [1773308759.511278854] [rtabmap]: rtabmap (36): Rate=1.00s, Limit=0.000s, Conversion=0.0003s, RTAB-Map=0.0737s, Maps update=0.0003s pub=0.0034s delay=0.2396s (local map=6, WM=6)
[INFO] [1773308760.527249881] [rtabmap]: rtabmap (37): Rate=1.00s, Limit=0.000s, Conversion=0.0004s, RTAB-Map=0.0846s, Maps update=0.0016s pub=0.0042s delay=0.2555s (local map=7, WM=7)
[INFO] [1773308761.621165393] [rtabmap]: rtabmap (38): Rate=1.00s, Limit=0.000s, Conversion=0.0005s, RTAB-Map=0.0827s, Maps update=0.0023s pub=0.0038s delay=0.2494s (local map=8, WM=8)
[INFO] [1773308762.730765557] [rtabmap]: rtabmap (39): Rate=1.00s, Limit=0.000s, Conversion=0.0105s, RTAB-Map=0.0776s, Maps update=0.0015s pub=0.0038s delay=0.2592s (local map=9, WM=9)
[INFO] [1773308763.718127033] [rtabmap]: rtabmap (40): Rate=1.00s, Limit=0.000s, Conversion=0.0006s, RTAB-Map=0.0756s, Maps update=0.0018s pub=0.0047s delay=0.2465s (local map=10, WM=10)
[INFO] [1773308764.717318103] [rtabmap]: rtabmap (41): Rate=1.00s, Limit=0.000s, Conversion=0.0007s, RTAB-Map=0.0779s, Maps update=0.0003s pub=0.0047s delay=0.2456s (local map=11, WM=11)
[INFO] [1773308765.814335172] [rtabmap]: rtabmap (42): Rate=1.00s, Limit=0.000s, Conversion=0.0003s, RTAB-Map=0.0753s, Maps update=0.0018s pub=0.0042s delay=0.2427s (local map=12, WM=12)
[INFO] [1773308766.821923517] [rtabmap]: rtabmap (43): Rate=1.00s, Limit=0.000s, Conversion=0.0006s, RTAB-Map=0.0809s, Maps update=0.0021s pub=0.0066s delay=0.2501s (local map=13, WM=13)
[INFO] [1773308767.909247775] [rtabmap]: rtabmap (44): Rate=1.00s, Limit=0.000s, Conversion=0.0004s, RTAB-Map=0.0726s, Maps update=0.0003s pub=0.0021s delay=0.2376s (local map=13, WM=13)
[INFO] [1773308768.930049639] [rtabmap]: rtabmap (45): Rate=1.00s, Limit=0.000s, Conversion=0.0003s, RTAB-Map=0.0905s, Maps update=0.0003s pub=0.0047s delay=0.2583s (local map=13, WM=13)
[INFO] [1773308770.011325670] [rtabmap]: rtabmap (46): Rate=1.00s, Limit=0.000s, Conversion=0.0004s, RTAB-Map=0.0766s, Maps update=0.0003s pub=0.0024s delay=0.2395s (local map=13, WM=13)
[INFO] [1773308771.111994812] [rtabmap]: rtabmap (47): Rate=1.00s, Limit=0.000s, Conversion=0.0005s, RTAB-Map=0.0711s, Maps update=0.0004s pub=0.0022s delay=0.2402s (local map=13, WM=13)
[INFO] [1773308772.217977112] [rtabmap]: rtabmap (48): Rate=1.00s, Limit=0.000s, Conversion=0.0003s, RTAB-Map=0.0764s, Maps update=0.0021s pub=0.0046s delay=0.2462s (local map=14, WM=14)
[INFO] [1773308773.226606776] [rtabmap]: rtabmap (49): Rate=1.00s, Limit=0.000s, Conversion=0.0003s, RTAB-Map=0.0755s, Maps update=0.0016s pub=0.0043s delay=0.2547s (local map=15, WM=15)
[INFO] [1773308774.324255965] [rtabmap]: rtabmap (50): Rate=1.00s, Limit=0.000s, Conversion=0.0006s, RTAB-Map=0.0803s, Maps update=0.0019s pub=0.0058s delay=0.2525s (local map=16, WM=16)
[INFO] [1773308775.326909373] [rtabmap]: rtabmap (51): Rate=1.00s, Limit=0.000s, Conversion=0.0005s, RTAB-Map=0.0750s, Maps update=0.0009s pub=0.0054s delay=0.2550s (local map=17, WM=17)
[INFO] [1773308776.425330527] [rtabmap]: rtabmap (52): Rate=1.00s, Limit=0.000s, Conversion=0.0005s, RTAB-Map=0.0811s, Maps update=0.0019s pub=0.0054s delay=0.2535s (local map=18, WM=18)
[INFO] [1773308777.420734703] [rtabmap]: rtabmap (53): Rate=1.00s, Limit=0.000s, Conversion=0.0005s, RTAB-Map=0.0768s, Maps update=0.0017s pub=0.0056s delay=0.2488s (local map=19, WM=19)
[INFO] [1773308778.523670874] [rtabmap]: rtabmap (54): Rate=1.00s, Limit=0.000s, Conversion=0.0005s, RTAB-Map=0.0789s, Maps update=0.0016s pub=0.0058s delay=0.2519s (local map=20, WM=20)
[INFO] [1773308779.529497777] [rtabmap]: rtabmap (55): Rate=1.00s, Limit=0.000s, Conversion=0.0005s, RTAB-Map=0.0795s, Maps update=0.0016s pub=0.0071s delay=0.2576s (local map=21, WM=21)
[INFO] [1773308780.517334214] [rtabmap]: rtabmap (56): Rate=1.00s, Limit=0.000s, Conversion=0.0006s, RTAB-Map=0.0747s, Maps update=0.0016s pub=0.0061s delay=0.2455s (local map=22, WM=22)
[INFO] [1773308781.620896360] [rtabmap]: rtabmap (57): Rate=1.00s, Limit=0.000s, Conversion=0.0004s, RTAB-Map=0.0768s, Maps update=0.0003s pub=0.0067s delay=0.2490s (local map=23, WM=23)
[INFO] [1773308782.615187567] [rtabmap]: rtabmap (58): Rate=1.00s, Limit=0.000s, Conversion=0.0004s, RTAB-Map=0.0769s, Maps update=0.0017s pub=0.0069s delay=0.2433s (local map=24, WM=24)
[INFO] [1773308783.733507258] [rtabmap]: rtabmap (59): Rate=1.00s, Limit=0.000s, Conversion=0.0003s, RTAB-Map=0.0815s, Maps update=0.0016s pub=0.0066s delay=0.2617s (local map=25, WM=25)
[INFO] [1773308784.819386085] [rtabmap]: rtabmap (60): Rate=1.00s, Limit=0.000s, Conversion=0.0003s, RTAB-Map=0.0828s, Maps update=0.0021s pub=0.0076s delay=0.2475s (local map=26, WM=26)
[INFO] [1773308785.823218290] [rtabmap]: rtabmap (61): Rate=1.00s, Limit=0.000s, Conversion=0.0005s, RTAB-Map=0.0814s, Maps update=0.0015s pub=0.0066s delay=0.2512s (local map=27, WM=27)
[INFO] [1773308786.914609196] [rtabmap]: rtabmap (62): Rate=1.00s, Limit=0.000s, Conversion=0.0003s, RTAB-Map=0.0781s, Maps update=0.0020s pub=0.0075s delay=0.2426s (local map=28, WM=28)
[INFO] [1773308787.924328341] [rtabmap]: rtabmap (63): Rate=1.00s, Limit=0.000s, Conversion=0.0009s, RTAB-Map=0.0871s, Maps update=0.0017s pub=0.0072s delay=0.2523s (local map=29, WM=29)
[INFO] [1773308789.013529181] [rtabmap]: rtabmap (64): Rate=1.00s, Limit=0.000s, Conversion=0.0004s, RTAB-Map=0.0746s, Maps update=0.0003s pub=0.0085s delay=0.2417s (local map=30, WM=30)
[INFO] [1773308790.181919802] [rtabmap]: rtabmap (65): Rate=1.00s, Limit=0.000s, Conversion=0.0003s, RTAB-Map=0.1326s, Maps update=0.0018s pub=0.0111s delay=0.3101s (local map=31, WM=31)
[INFO] [1773308791.283687961] [rtabmap]: rtabmap (66): Rate=1.00s, Limit=0.000s, Conversion=0.0107s, RTAB-Map=0.1332s, Maps update=0.0024s pub=0.0084s delay=0.3118s (local map=32, WM=32)
[INFO] [1773308792.287151607] [rtabmap]: rtabmap (67): Rate=1.00s, Limit=0.000s, Conversion=0.0005s, RTAB-Map=0.1345s, Maps update=0.0024s pub=0.0082s delay=0.3151s (local map=33, WM=33)
[INFO] [1773308793.373215466] [rtabmap]: rtabmap (68): Rate=1.00s, Limit=0.000s, Conversion=0.0004s, RTAB-Map=0.1285s, Maps update=0.0018s pub=0.0086s delay=0.3013s (local map=34, WM=34)
[INFO] [1773308794.470250135] [rtabmap]: rtabmap (69): Rate=1.00s, Limit=0.000s, Conversion=0.0004s, RTAB-Map=0.1244s, Maps update=0.0018s pub=0.0092s delay=0.2983s (local map=35, WM=35)
[INFO] [1773308795.567974943] [rtabmap]: rtabmap (70): Rate=1.00s, Limit=0.000s, Conversion=0.0006s, RTAB-Map=0.1309s, Maps update=0.0018s pub=0.0081s delay=0.2962s (local map=36, WM=36)
[INFO] [1773308796.681024356] [rtabmap]: rtabmap (71): Rate=1.00s, Limit=0.000s, Conversion=0.0005s, RTAB-Map=0.1369s, Maps update=0.0020s pub=0.0108s delay=0.3091s (local map=37, WM=37)
[INFO] [1773308797.685768722] [rtabmap]: rtabmap (72): Rate=1.00s, Limit=0.000s, Conversion=0.0105s, RTAB-Map=0.1282s, Maps update=0.0021s pub=0.0096s delay=0.3138s (local map=38, WM=38)
[INFO] [1773308798.684533057] [rtabmap]: rtabmap (73): Rate=1.00s, Limit=0.000s, Conversion=0.0003s, RTAB-Map=0.1395s, Maps update=0.0029s pub=0.0099s delay=0.3125s (local map=39, WM=39)
[INFO] [1773308799.702365785] [rtabmap]: rtabmap (74): Rate=1.00s, Limit=0.000s, Conversion=0.0105s, RTAB-Map=0.1431s, Maps update=0.0021s pub=0.0099s delay=0.3303s (local map=40, WM=40)
[INFO] [1773308800.789803072] [rtabmap]: rtabmap (75): Rate=1.00s, Limit=0.000s, Conversion=0.0004s, RTAB-Map=0.1343s, Maps update=0.0027s pub=0.0145s delay=0.3178s (local map=41, WM=41)
[INFO] [1773308801.780537025] [rtabmap]: rtabmap (76): Rate=1.00s, Limit=0.000s, Conversion=0.0004s, RTAB-Map=0.1358s, Maps update=0.0024s pub=0.0094s delay=0.3085s (local map=42, WM=42)
[INFO] [1773308802.880291189] [rtabmap]: rtabmap (77): Rate=1.00s, Limit=0.000s, Conversion=0.0003s, RTAB-Map=0.1393s, Maps update=0.0017s pub=0.0100s delay=0.3094s (local map=43, WM=43)
[INFO] [1773308803.908616470] [rtabmap]: rtabmap (78): Rate=1.00s, Limit=0.000s, Conversion=0.0003s, RTAB-Map=0.1505s, Maps update=0.0018s pub=0.0090s delay=0.3365s (local map=44, WM=44)
[INFO] [1773308804.990244643] [rtabmap]: rtabmap (79): Rate=1.00s, Limit=0.000s, Conversion=0.0006s, RTAB-Map=0.1437s, Maps update=0.0018s pub=0.0098s delay=0.3184s (local map=45, WM=45)
[INFO] [1773308805.998875427] [rtabmap]: rtabmap (80): Rate=1.00s, Limit=0.000s, Conversion=0.0004s, RTAB-Map=0.1511s, Maps update=0.0018s pub=0.0109s delay=0.3269s (local map=46, WM=46)
[INFO] [1773308807.099515479] [rtabmap]: rtabmap (81): Rate=1.00s, Limit=0.000s, Conversion=0.0005s, RTAB-Map=0.1454s, Maps update=0.0022s pub=0.0096s delay=0.3274s (local map=47, WM=47)
[INFO] [1773308808.088337874] [rtabmap]: rtabmap (82): Rate=1.00s, Limit=0.000s, Conversion=0.0005s, RTAB-Map=0.1381s, Maps update=0.0026s pub=0.0091s delay=0.3162s (local map=48, WM=48)
[INFO] [1773308809.083897352] [rtabmap]: rtabmap (83): Rate=1.00s, Limit=0.000s, Conversion=0.0003s, RTAB-Map=0.1383s, Maps update=0.0026s pub=0.0118s delay=0.3118s (local map=49, WM=49)
[INFO] [1773308810.183627131] [rtabmap]: rtabmap (84): Rate=1.00s, Limit=0.000s, Conversion=0.0005s, RTAB-Map=0.1396s, Maps update=0.0030s pub=0.0101s delay=0.3116s (local map=50, WM=50)
[INFO] [1773308811.299533707] [rtabmap]: rtabmap (85): Rate=1.00s, Limit=0.000s, Conversion=0.0004s, RTAB-Map=0.1407s, Maps update=0.0020s pub=0.0101s delay=0.3274s (local map=51, WM=51)
[INFO] [1773308812.378107941] [rtabmap]: rtabmap (86): Rate=1.00s, Limit=0.000s, Conversion=0.0004s, RTAB-Map=0.1258s, Maps update=0.0018s pub=0.0097s delay=0.3060s (local map=52, WM=52)
[INFO] [1773308813.405968373] [rtabmap]: rtabmap (87): Rate=1.00s, Limit=0.000s, Conversion=0.0105s, RTAB-Map=0.1419s, Maps update=0.0027s pub=0.0114s delay=0.3337s (local map=53, WM=53)
[INFO] [1773308814.488542245] [rtabmap]: rtabmap (88): Rate=1.00s, Limit=0.000s, Conversion=0.0003s, RTAB-Map=0.1402s, Maps update=0.0033s pub=0.0116s delay=0.3164s (local map=54, WM=54)
[INFO] [1773308815.593135995] [rtabmap]: rtabmap (89): Rate=1.00s, Limit=0.000s, Conversion=0.0003s, RTAB-Map=0.1454s, Maps update=0.0026s pub=0.0146s delay=0.3210s (local map=55, WM=55)
[INFO] [1773308816.579767573] [rtabmap]: rtabmap (90): Rate=1.00s, Limit=0.000s, Conversion=0.0003s, RTAB-Map=0.1277s, Maps update=0.0020s pub=0.0126s delay=0.3075s (local map=56, WM=56)
[INFO] [1773308817.686407123] [rtabmap]: rtabmap (91): Rate=1.00s, Limit=0.000s, Conversion=0.0003s, RTAB-Map=0.1372s, Maps update=0.0021s pub=0.0157s delay=0.3143s (local map=57, WM=57)
[INFO] [1773308818.680844946] [rtabmap]: rtabmap (92): Rate=1.00s, Limit=0.000s, Conversion=0.0004s, RTAB-Map=0.1414s, Maps update=0.0026s pub=0.0102s delay=0.3086s (local map=58, WM=58)
[INFO] [1773308819.774705125] [rtabmap]: rtabmap (93): Rate=1.00s, Limit=0.000s, Conversion=0.0005s, RTAB-Map=0.1325s, Maps update=0.0017s pub=0.0101s delay=0.3026s (local map=59, WM=59)
[INFO] [1773308820.786558121] [rtabmap]: rtabmap (94): Rate=1.00s, Limit=0.000s, Conversion=0.0004s, RTAB-Map=0.1343s, Maps update=0.0019s pub=0.0112s delay=0.3143s (local map=60, WM=60)
[INFO] [1773308821.880037840] [rtabmap]: rtabmap (95): Rate=1.00s, Limit=0.000s, Conversion=0.0004s, RTAB-Map=0.1283s, Maps update=0.0018s pub=0.0115s delay=0.3079s (local map=61, WM=61)
[INFO] [1773308822.874154787] [rtabmap]: rtabmap (96): Rate=1.00s, Limit=0.000s, Conversion=0.0006s, RTAB-Map=0.1186s, Maps update=0.0017s pub=0.0114s delay=0.3020s (local map=62, WM=62)
[INFO] [1773308823.974036320] [rtabmap]: rtabmap (97): Rate=1.00s, Limit=0.000s, Conversion=0.0003s, RTAB-Map=0.1292s, Maps update=0.0018s pub=0.0115s delay=0.3019s (local map=63, WM=63)
[INFO] [1773308824.988088332] [rtabmap]: rtabmap (98): Rate=1.00s, Limit=0.000s, Conversion=0.0005s, RTAB-Map=0.1305s, Maps update=0.0006s pub=0.0150s delay=0.3159s (local map=64, WM=64)
[INFO] [1773308825.995373079] [rtabmap]: rtabmap (99): Rate=1.00s, Limit=0.000s, Conversion=0.0006s, RTAB-Map=0.1344s, Maps update=0.0006s pub=0.0133s delay=0.3232s (local map=65, WM=65)
[INFO] [1773308827.098853292] [rtabmap]: rtabmap (100): Rate=1.00s, Limit=0.000s, Conversion=0.0004s, RTAB-Map=0.1467s, Maps update=0.0055s pub=0.0116s delay=0.3267s (local map=66, WM=66)
[INFO] [1773308828.083572550] [rtabmap]: rtabmap (101): Rate=1.00s, Limit=0.000s, Conversion=0.0004s, RTAB-Map=0.1334s, Maps update=0.0021s pub=0.0110s delay=0.3114s (local map=67, WM=67)
[INFO] [1773308829.090283230] [rtabmap]: rtabmap (102): Rate=1.00s, Limit=0.000s, Conversion=0.0003s, RTAB-Map=0.1291s, Maps update=0.0006s pub=0.0145s delay=0.3179s (local map=68, WM=68)
[INFO] [1773308830.209994000] [rtabmap]: rtabmap (103): Rate=1.00s, Limit=0.000s, Conversion=0.0105s, RTAB-Map=0.1356s, Maps update=0.0030s pub=0.0140s delay=0.3388s (local map=69, WM=69)
[INFO] [1773308831.178888954] [rtabmap]: rtabmap (104): Rate=1.00s, Limit=0.000s, Conversion=0.0005s, RTAB-Map=0.1313s, Maps update=0.0022s pub=0.0130s delay=0.3066s (local map=70, WM=70)
[INFO] [1773308832.286213775] [rtabmap]: rtabmap (105): Rate=1.00s, Limit=0.000s, Conversion=0.0005s, RTAB-Map=0.1331s, Maps update=0.0019s pub=0.0117s delay=0.3150s (local map=71, WM=71)
[INFO] [1773308833.288393231] [rtabmap]: rtabmap (106): Rate=1.00s, Limit=0.000s, Conversion=0.0005s, RTAB-Map=0.1290s, Maps update=0.0027s pub=0.0165s delay=0.3161s (local map=72, WM=72)
[INFO] [1773308834.388119527] [rtabmap]: rtabmap (107): Rate=1.00s, Limit=0.000s, Conversion=0.0007s, RTAB-Map=0.1323s, Maps update=0.0020s pub=0.0156s delay=0.3173s (local map=73, WM=73)
[INFO] [1773308835.384213884] [rtabmap]: rtabmap (108): Rate=1.00s, Limit=0.000s, Conversion=0.0005s, RTAB-Map=0.1371s, Maps update=0.0024s pub=0.0132s delay=0.3120s (local map=74, WM=74)
[INFO] [1773308836.486033082] [rtabmap]: rtabmap (109): Rate=1.00s, Limit=0.000s, Conversion=0.0007s, RTAB-Map=0.1260s, Maps update=0.0017s pub=0.0157s delay=0.3139s (local map=75, WM=75)
[INFO] [1773308837.592693273] [rtabmap]: rtabmap (110): Rate=1.00s, Limit=0.000s, Conversion=0.0003s, RTAB-Map=0.1321s, Maps update=0.0026s pub=0.0132s delay=0.3204s (local map=76, WM=76)
[INFO] [1773308838.696505688] [rtabmap]: rtabmap (111): Rate=1.00s, Limit=0.000s, Conversion=0.0004s, RTAB-Map=0.1353s, Maps update=0.0023s pub=0.0169s delay=0.3242s (local map=77, WM=77)
[INFO] [1773308839.786957626] [rtabmap]: rtabmap (112): Rate=1.00s, Limit=0.000s, Conversion=0.0005s, RTAB-Map=0.1291s, Maps update=0.0021s pub=0.0165s delay=0.3160s (local map=78, WM=78)
[INFO] [1773308840.787527525] [rtabmap]: rtabmap (113): Rate=1.00s, Limit=0.000s, Conversion=0.0004s, RTAB-Map=0.1331s, Maps update=0.0022s pub=0.0155s delay=0.3154s (local map=79, WM=79)
[INFO] [1773308841.790512609] [rtabmap]: rtabmap (114): Rate=1.00s, Limit=0.000s, Conversion=0.0005s, RTAB-Map=0.1366s, Maps update=0.0017s pub=0.0133s delay=0.3183s (local map=80, WM=80)
[INFO] [1773308842.892590279] [rtabmap]: rtabmap (115): Rate=1.00s, Limit=0.000s, Conversion=0.0007s, RTAB-Map=0.1309s, Maps update=0.0027s pub=0.0197s delay=0.3204s (local map=81, WM=81)
[INFO] [1773308843.987096816] [rtabmap]: rtabmap (116): Rate=1.00s, Limit=0.000s, Conversion=0.0005s, RTAB-Map=0.1383s, Maps update=0.0020s pub=0.0136s delay=0.3160s (local map=82, WM=82)
[INFO] [1773308844.989261936] [rtabmap]: rtabmap (117): Rate=1.00s, Limit=0.000s, Conversion=0.0003s, RTAB-Map=0.1337s, Maps update=0.0027s pub=0.0144s delay=0.3181s (local map=83, WM=83)
[INFO] [1773308846.018439733] [rtabmap]: rtabmap (118): Rate=1.00s, Limit=0.000s, Conversion=0.0106s, RTAB-Map=0.1430s, Maps update=0.0026s pub=0.0145s delay=0.3461s (local map=84, WM=84)
[INFO] [1773308847.093647963] [rtabmap]: rtabmap (119): Rate=1.00s, Limit=0.000s, Conversion=0.0003s, RTAB-Map=0.1299s, Maps update=0.0022s pub=0.0204s delay=0.3225s (local map=85, WM=85)
[INFO] [1773308848.191945954] [rtabmap]: rtabmap (120): Rate=1.00s, Limit=0.000s, Conversion=0.0004s, RTAB-Map=0.1293s, Maps update=0.0022s pub=0.0155s delay=0.3209s (local map=86, WM=86)
[INFO] [1773308849.301277082] [rtabmap]: rtabmap (121): Rate=1.00s, Limit=0.000s, Conversion=0.0004s, RTAB-Map=0.1383s, Maps update=0.0024s pub=0.0181s delay=0.3290s (local map=87, WM=87)
[INFO] [1773308850.391726268] [rtabmap]: rtabmap (122): Rate=1.00s, Limit=0.000s, Conversion=0.0005s, RTAB-Map=0.1363s, Maps update=0.0022s pub=0.0148s delay=0.3207s (local map=88, WM=88)
[INFO] [1773308851.396084934] [rtabmap]: rtabmap (123): Rate=1.00s, Limit=0.000s, Conversion=0.0005s, RTAB-Map=0.1373s, Maps update=0.0027s pub=0.0172s delay=0.3249s (local map=89, WM=89)
[INFO] [1773308852.491044414] [rtabmap]: rtabmap (124): Rate=1.00s, Limit=0.000s, Conversion=0.0004s, RTAB-Map=0.1285s, Maps update=0.0020s pub=0.0173s delay=0.3202s (local map=90, WM=90)
[INFO] [1773308853.587447046] [rtabmap]: rtabmap (125): Rate=1.00s, Limit=0.000s, Conversion=0.0003s, RTAB-Map=0.1248s, Maps update=0.0021s pub=0.0158s delay=0.3164s (local map=91, WM=91)
[INFO] [1773308854.709760496] [rtabmap]: rtabmap (126): Rate=1.00s, Limit=0.000s, Conversion=0.0010s, RTAB-Map=0.1422s, Maps update=0.0023s pub=0.0178s delay=0.3384s (local map=92, WM=92)
[INFO] [1773308855.797092138] [rtabmap]: rtabmap (127): Rate=1.00s, Limit=0.000s, Conversion=0.0004s, RTAB-Map=0.1375s, Maps update=0.0023s pub=0.0179s delay=0.3260s (local map=93, WM=93)
[INFO] [1773308856.791887604] [rtabmap]: rtabmap (128): Rate=1.00s, Limit=0.000s, Conversion=0.0006s, RTAB-Map=0.1349s, Maps update=0.0021s pub=0.0164s delay=0.3205s (local map=94, WM=94)
[INFO] [1773308857.892757105] [rtabmap]: rtabmap (129): Rate=1.00s, Limit=0.000s, Conversion=0.0007s, RTAB-Map=0.1289s, Maps update=0.0026s pub=0.0165s delay=0.3217s (local map=95, WM=95)
[INFO] [1773308858.886490552] [rtabmap]: rtabmap (130): Rate=1.00s, Limit=0.000s, Conversion=0.0003s, RTAB-Map=0.1253s, Maps update=0.0025s pub=0.0175s delay=0.3152s (local map=96, WM=96)
[INFO] [1773308859.986353140] [rtabmap]: rtabmap (131): Rate=1.00s, Limit=0.000s, Conversion=0.0005s, RTAB-Map=0.1384s, Maps update=0.0019s pub=0.0165s delay=0.3151s (local map=97, WM=97)
[INFO] [1773308861.093609191] [rtabmap]: rtabmap (132): Rate=1.00s, Limit=0.000s, Conversion=0.0005s, RTAB-Map=0.1308s, Maps update=0.0028s pub=0.0223s delay=0.3222s (local map=98, WM=98)
[INFO] [1773308862.202910494] [rtabmap]: rtabmap (133): Rate=1.00s, Limit=0.000s, Conversion=0.0006s, RTAB-Map=0.1388s, Maps update=0.0021s pub=0.0152s delay=0.3318s (local map=99, WM=99)
[INFO] [1773308863.291470849] [rtabmap]: rtabmap (134): Rate=1.00s, Limit=0.000s, Conversion=0.0003s, RTAB-Map=0.1289s, Maps update=0.0023s pub=0.0168s delay=0.3207s (local map=100, WM=100)
[INFO] [1773308864.293841479] [rtabmap]: rtabmap (135): Rate=1.00s, Limit=0.000s, Conversion=0.0004s, RTAB-Map=0.1287s, Maps update=0.0023s pub=0.0165s delay=0.3229s (local map=101, WM=101)
[INFO] [1773308865.389542393] [rtabmap]: rtabmap (136): Rate=1.00s, Limit=0.000s, Conversion=0.0004s, RTAB-Map=0.1313s, Maps update=0.0028s pub=0.0165s delay=0.3184s (local map=102, WM=102)
[INFO] [1773308866.387869817] [rtabmap]: rtabmap (137): Rate=1.00s, Limit=0.000s, Conversion=0.0004s, RTAB-Map=0.1346s, Maps update=0.0021s pub=0.0170s delay=0.3166s (local map=103, WM=103)
[INFO] [1773308867.500466398] [rtabmap]: rtabmap (138): Rate=1.00s, Limit=0.000s, Conversion=0.0006s, RTAB-Map=0.1316s, Maps update=0.0030s pub=0.0186s delay=0.3298s (local map=104, WM=104)
[INFO] [1773308868.502143917] [rtabmap]: rtabmap (139): Rate=1.00s, Limit=0.000s, Conversion=0.0003s, RTAB-Map=0.1377s, Maps update=0.0023s pub=0.0225s delay=0.3313s (local map=105, WM=105)
[INFO] [1773308869.494649003] [rtabmap]: rtabmap (140): Rate=1.00s, Limit=0.000s, Conversion=0.0003s, RTAB-Map=0.1269s, Maps update=0.0019s pub=0.0209s delay=0.3238s (local map=106, WM=106)
[INFO] [1773308870.507696438] [rtabmap]: rtabmap (141): Rate=1.00s, Limit=0.000s, Conversion=0.0004s, RTAB-Map=0.1401s, Maps update=0.0020s pub=0.0217s delay=0.3368s (local map=107, WM=107)
[INFO] [1773308871.544256434] [rtabmap]: rtabmap (142): Rate=1.00s, Limit=0.000s, Conversion=0.0004s, RTAB-Map=0.1646s, Maps update=0.0022s pub=0.0187s delay=0.3730s (local map=108, WM=108)
[INFO] [1773308872.621991180] [rtabmap]: rtabmap (143): Rate=1.00s, Limit=0.000s, Conversion=0.0004s, RTAB-Map=0.1479s, Maps update=0.0017s pub=0.0216s delay=0.3508s (local map=109, WM=109)
[INFO] [1773308873.702351133] [rtabmap]: rtabmap (144): Rate=1.00s, Limit=0.000s, Conversion=0.0004s, RTAB-Map=0.1329s, Maps update=0.0023s pub=0.0176s delay=0.3311s (local map=110, WM=110)
[INFO] [1773308874.799794696] [rtabmap]: rtabmap (145): Rate=1.00s, Limit=0.000s, Conversion=0.0003s, RTAB-Map=0.1362s, Maps update=0.0027s pub=0.0230s delay=0.3283s (local map=111, WM=111)
[INFO] [1773308875.902610899] [rtabmap]: rtabmap (146): Rate=1.00s, Limit=0.000s, Conversion=0.0005s, RTAB-Map=0.1356s, Maps update=0.0030s pub=0.0218s delay=0.3314s (local map=112, WM=112)
[INFO] [1773308876.997596156] [rtabmap]: rtabmap (147): Rate=1.00s, Limit=0.000s, Conversion=0.0004s, RTAB-Map=0.1397s, Maps update=0.0029s pub=0.0190s delay=0.3268s (local map=113, WM=113)
[INFO] [1773308878.110982616] [rtabmap]: rtabmap (148): Rate=1.00s, Limit=0.000s, Conversion=0.0003s, RTAB-Map=0.1366s, Maps update=0.0025s pub=0.0180s delay=0.3402s (local map=114, WM=114)
[INFO] [1773308879.088441516] [rtabmap]: rtabmap (149): Rate=1.00s, Limit=0.000s, Conversion=0.0006s, RTAB-Map=0.1199s, Maps update=0.0019s pub=0.0199s delay=0.3176s (local map=115, WM=115)
[INFO] [1773308880.101066777] [rtabmap]: rtabmap (150): Rate=1.00s, Limit=0.000s, Conversion=0.0005s, RTAB-Map=0.1347s, Maps update=0.0024s pub=0.0222s delay=0.3302s (local map=116, WM=116)
[INFO] [1773308881.209244504] [rtabmap]: rtabmap (151): Rate=1.00s, Limit=0.000s, Conversion=0.0003s, RTAB-Map=0.1380s, Maps update=0.0024s pub=0.0205s delay=0.3379s (local map=117, WM=117)
[INFO] [1773308882.311786140] [rtabmap]: rtabmap (152): Rate=1.00s, Limit=0.000s, Conversion=0.0003s, RTAB-Map=0.1350s, Maps update=0.0027s pub=0.0217s delay=0.3410s (local map=118, WM=118)
[INFO] [1773308883.305368138] [rtabmap]: rtabmap (153): Rate=1.00s, Limit=0.000s, Conversion=0.0005s, RTAB-Map=0.1381s, Maps update=0.0025s pub=0.0222s delay=0.3346s (local map=119, WM=119)
[INFO] [1773308884.344333120] [rtabmap]: rtabmap (154): Rate=1.00s, Limit=0.000s, Conversion=0.0004s, RTAB-Map=0.1658s, Maps update=0.0024s pub=0.0231s delay=0.3734s (local map=120, WM=120)
[INFO] [1773308885.444785304] [rtabmap]: rtabmap (155): Rate=1.00s, Limit=0.000s, Conversion=0.0004s, RTAB-Map=0.1545s, Maps update=0.0035s pub=0.0196s delay=0.3738s (local map=121, WM=121)
[INFO] [1773308886.425355484] [rtabmap]: rtabmap (156): Rate=1.00s, Limit=0.000s, Conversion=0.0004s, RTAB-Map=0.1466s, Maps update=0.0030s pub=0.0228s delay=0.3544s (local map=122, WM=122)
[INFO] [1773308887.430623867] [rtabmap]: rtabmap (157): Rate=1.00s, Limit=0.000s, Conversion=0.0003s, RTAB-Map=0.1499s, Maps update=0.0030s pub=0.0248s delay=0.3596s (local map=123, WM=123)
[INFO] [1773308888.569974856] [rtabmap]: rtabmap (158): Rate=1.00s, Limit=0.000s, Conversion=0.0006s, RTAB-Map=0.1748s, Maps update=0.0027s pub=0.0219s delay=0.3990s (local map=124, WM=124)
[INFO] [1773308889.555005272] [rtabmap]: rtabmap (159): Rate=1.00s, Limit=0.000s, Conversion=0.0004s, RTAB-Map=0.1713s, Maps update=0.0021s pub=0.0212s delay=0.3840s (local map=125, WM=125)
[INFO] [1773308890.542244892] [rtabmap]: rtabmap (160): Rate=1.00s, Limit=0.000s, Conversion=0.0004s, RTAB-Map=0.1552s, Maps update=0.0026s pub=0.0272s delay=0.3712s (local map=126, WM=126)
[INFO] [1773308891.545915760] [rtabmap]: rtabmap (161): Rate=1.00s, Limit=0.000s, Conversion=0.0003s, RTAB-Map=0.1578s, Maps update=0.0023s pub=0.0250s delay=0.3748s (local map=127, WM=127)
[INFO] [1773308892.562773081] [rtabmap]: rtabmap (162): Rate=1.00s, Limit=0.000s, Conversion=0.0004s, RTAB-Map=0.1685s, Maps update=0.0018s pub=0.0247s delay=0.3917s (local map=128, WM=128)
[INFO] [1773308893.575031309] [rtabmap]: rtabmap (163): Rate=1.00s, Limit=0.000s, Conversion=0.0008s, RTAB-Map=0.1801s, Maps update=0.0026s pub=0.0265s delay=0.4038s (local map=129, WM=129)
[INFO] [1773308894.632557186] [rtabmap]: rtabmap (164): Rate=1.00s, Limit=0.000s, Conversion=0.0005s, RTAB-Map=0.1502s, Maps update=0.0022s pub=0.0206s delay=0.3612s (local map=130, WM=130)
[INFO] [1773308895.706672145] [rtabmap]: rtabmap (165): Rate=1.00s, Limit=0.000s, Conversion=0.0003s, RTAB-Map=0.1338s, Maps update=0.0026s pub=0.0233s delay=0.3353s (local map=131, WM=131)
[INFO] [1773308896.706987300] [rtabmap]: rtabmap (166): Rate=1.00s, Limit=0.000s, Conversion=0.0004s, RTAB-Map=0.1340s, Maps update=0.0025s pub=0.0240s delay=0.3355s (local map=132, WM=132)
[INFO] [1773308897.826777646] [rtabmap]: rtabmap (167): Rate=1.00s, Limit=0.000s, Conversion=0.0004s, RTAB-Map=0.1481s, Maps update=0.0021s pub=0.0264s delay=0.3554s (local map=133, WM=133)
[INFO] [1773308898.868239564] [rtabmap]: rtabmap (168): Rate=1.00s, Limit=0.000s, Conversion=0.0003s, RTAB-Map=0.1975s, Maps update=0.0021s pub=0.0290s delay=0.3968s (local map=134, WM=134)
[INFO] [1773308900.106200248] [rtabmap]: rtabmap (169): Rate=1.00s, Limit=0.000s, Conversion=0.0003s, RTAB-Map=0.2660s, Maps update=0.0021s pub=0.0383s delay=0.5347s (local map=135, WM=135)
[INFO] [1773308901.087994703] [rtabmap]: rtabmap (170): Rate=1.00s, Limit=0.000s, Conversion=0.0003s, RTAB-Map=0.2498s, Maps update=0.0041s pub=0.0385s delay=0.5165s (local map=136, WM=136)
[INFO] [1773308902.218179795] [rtabmap]: rtabmap (171): Rate=1.00s, Limit=0.000s, Conversion=0.0003s, RTAB-Map=0.2545s, Maps update=0.0025s pub=0.0700s delay=0.5467s (local map=137, WM=137)
[INFO] [1773308903.371329180] [rtabmap]: rtabmap (172): Rate=1.00s, Limit=0.000s, Conversion=0.0003s, RTAB-Map=0.3007s, Maps update=0.0165s pub=0.0691s delay=0.5997s (local map=138, WM=138)
[INFO] [1773308904.373669361] [rtabmap]: rtabmap (173): Rate=1.00s, Limit=0.000s, Conversion=0.0003s, RTAB-Map=0.2254s, Maps update=0.0056s pub=0.0314s delay=0.5023s (local map=139, WM=139)
[INFO] [1773308905.379198069] [rtabmap]: rtabmap (174): Rate=1.00s, Limit=0.000s, Conversion=0.0003s, RTAB-Map=0.2430s, Maps update=0.0020s pub=0.0410s delay=0.5076s (local map=140, WM=140)
[INFO] [1773308906.464526170] [rtabmap]: rtabmap (175): Rate=1.00s, Limit=0.000s, Conversion=0.0105s, RTAB-Map=0.2013s, Maps update=0.0033s pub=0.0339s delay=0.4931s (local map=141, WM=141)
[INFO] [1773308907.442035479] [rtabmap]: rtabmap (176): Rate=1.00s, Limit=0.000s, Conversion=0.0106s, RTAB-Map=0.1812s, Maps update=0.0036s pub=0.0239s delay=0.4704s (local map=142, WM=142)
[INFO] [1773308908.445421073] [rtabmap]: rtabmap (177): Rate=1.00s, Limit=0.000s, Conversion=0.0118s, RTAB-Map=0.1436s, Maps update=0.0024s pub=0.0293s delay=0.3738s (local map=143, WM=143)
[INFO] [1773308909.549228756] [rtabmap]: rtabmap (178): Rate=1.00s, Limit=0.000s, Conversion=0.0004s, RTAB-Map=0.1678s, Maps update=0.0027s pub=0.0240s delay=0.3777s (local map=144, WM=144)
[INFO] [1773308910.560695940] [rtabmap]: rtabmap (179): Rate=1.00s, Limit=0.000s, Conversion=0.0005s, RTAB-Map=0.1676s, Maps update=0.0021s pub=0.0300s delay=0.3891s (local map=145, WM=145)
[INFO] [1773308911.522326654] [rtabmap]: rtabmap (180): Rate=1.00s, Limit=0.000s, Conversion=0.0006s, RTAB-Map=0.1386s, Maps update=0.0020s pub=0.0288s delay=0.3507s (local map=146, WM=146)
[INFO] [1773308912.657788292] [rtabmap]: rtabmap (181): Rate=1.00s, Limit=0.000s, Conversion=0.0005s, RTAB-Map=0.1734s, Maps update=0.0030s pub=0.0296s delay=0.3862s (local map=147, WM=147)
[INFO] [1773308913.652880736] [rtabmap]: rtabmap (182): Rate=1.00s, Limit=0.000s, Conversion=0.0004s, RTAB-Map=0.1643s, Maps update=0.0028s pub=0.0324s delay=0.3812s (local map=148, WM=148)
[INFO] [1773308914.737521261] [rtabmap]: rtabmap (183): Rate=1.00s, Limit=0.000s, Conversion=0.0003s, RTAB-Map=0.1380s, Maps update=0.0042s pub=0.0482s delay=0.3660s (local map=149, WM=149)
[INFO] [1773308915.754545086] [rtabmap]: rtabmap (184): Rate=1.00s, Limit=0.000s, Conversion=0.0004s, RTAB-Map=0.1620s, Maps update=0.0022s pub=0.0288s delay=0.3829s (local map=150, WM=150)
[INFO] [1773308916.731117146] [rtabmap]: rtabmap (185): Rate=1.00s, Limit=0.000s, Conversion=0.0003s, RTAB-Map=0.1538s, Maps update=0.0021s pub=0.0275s delay=0.3589s (local map=151, WM=151)
[INFO] [1773308917.829984402] [rtabmap]: rtabmap (186): Rate=1.00s, Limit=0.000s, Conversion=0.0004s, RTAB-Map=0.1463s, Maps update=0.0029s pub=0.0296s delay=0.3584s (local map=152, WM=152)
[INFO] [1773308918.850455770] [rtabmap]: rtabmap (187): Rate=1.00s, Limit=0.000s, Conversion=0.0004s, RTAB-Map=0.1610s, Maps update=0.0009s pub=0.0299s delay=0.3787s (local map=153, WM=153)
[INFO] [1773308919.914075602] [rtabmap]: rtabmap (188): Rate=1.00s, Limit=0.000s, Conversion=0.0004s, RTAB-Map=0.1333s, Maps update=0.0025s pub=0.0323s delay=0.3425s (local map=154, WM=154)
[INFO] [1773308920.961827846] [rtabmap]: rtabmap (189): Rate=1.00s, Limit=0.000s, Conversion=0.0004s, RTAB-Map=0.1797s, Maps update=0.0036s pub=0.0284s delay=0.3902s (local map=155, WM=155)
[INFO] [1773308922.054500809] [rtabmap]: rtabmap (190): Rate=1.00s, Limit=0.000s, Conversion=0.0004s, RTAB-Map=0.1500s, Maps update=0.0035s pub=0.0397s delay=0.3830s (local map=156, WM=156)
[INFO] [1773308923.036921263] [rtabmap]: rtabmap (191): Rate=1.00s, Limit=0.000s, Conversion=0.0003s, RTAB-Map=0.1407s, Maps update=0.0021s pub=0.0502s delay=0.3654s (local map=157, WM=157)
[INFO] [1773308924.163973428] [rtabmap]: rtabmap (192): Rate=1.00s, Limit=0.000s, Conversion=0.0006s, RTAB-Map=0.1677s, Maps update=0.0050s pub=0.0329s delay=0.3923s (local map=158, WM=158)
[INFO] [1773308925.218238441] [rtabmap]: rtabmap (193): Rate=1.00s, Limit=0.000s, Conversion=0.0004s, RTAB-Map=0.1420s, Maps update=0.0028s pub=0.0301s delay=0.3464s (local map=159, WM=159)
[INFO] [1773308926.321379348] [rtabmap]: rtabmap (194): Rate=1.00s, Limit=0.000s, Conversion=0.0003s, RTAB-Map=0.1456s, Maps update=0.0026s pub=0.0288s delay=0.3497s (local map=160, WM=160)
[INFO] [1773308927.421857700] [rtabmap]: rtabmap (195): Rate=1.00s, Limit=0.000s, Conversion=0.0004s, RTAB-Map=0.1445s, Maps update=0.0020s pub=0.0291s delay=0.3501s (local map=161, WM=161)
[INFO] [1773308928.520204330] [rtabmap]: rtabmap (196): Rate=1.00s, Limit=0.000s, Conversion=0.0003s, RTAB-Map=0.1308s, Maps update=0.0022s pub=0.0313s delay=0.3484s (local map=162, WM=162)
[INFO] [1773308929.638688359] [rtabmap]: rtabmap (197): Rate=1.00s, Limit=0.000s, Conversion=0.0005s, RTAB-Map=0.1566s, Maps update=0.0022s pub=0.0356s delay=0.3671s (local map=163, WM=163)
[INFO] [1773308930.626880981] [rtabmap]: rtabmap (198): Rate=1.00s, Limit=0.000s, Conversion=0.0008s, RTAB-Map=0.1348s, Maps update=0.0027s pub=0.0431s delay=0.3551s (local map=164, WM=164)
[INFO] [1773308931.714238336] [rtabmap]: rtabmap (199): Rate=1.00s, Limit=0.000s, Conversion=0.0004s, RTAB-Map=0.1318s, Maps update=0.0064s pub=0.0307s delay=0.3426s (local map=165, WM=165)
[INFO] [1773308932.714711669] [rtabmap]: rtabmap (200): Rate=1.00s, Limit=0.000s, Conversion=0.0004s, RTAB-Map=0.1339s, Maps update=0.0022s pub=0.0331s delay=0.3429s (local map=166, WM=166)
[INFO] [1773308933.825187678] [rtabmap]: rtabmap (201): Rate=1.00s, Limit=0.000s, Conversion=0.0003s, RTAB-Map=0.1392s, Maps update=0.0020s pub=0.0324s delay=0.3535s (local map=167, WM=167)
[INFO] [1773308934.815925187] [rtabmap]: rtabmap (202): Rate=1.00s, Limit=0.000s, Conversion=0.0006s, RTAB-Map=0.1302s, Maps update=0.0018s pub=0.0265s delay=0.3442s (local map=168, WM=168)
[INFO] [1773308935.926147491] [rtabmap]: rtabmap (203): Rate=1.00s, Limit=0.000s, Conversion=0.0008s, RTAB-Map=0.1328s, Maps update=0.0023s pub=0.0464s delay=0.3544s (local map=169, WM=169)
[INFO] [1773308936.910104447] [rtabmap]: rtabmap (204): Rate=1.00s, Limit=0.000s, Conversion=0.0004s, RTAB-Map=0.1387s, Maps update=0.0027s pub=0.0345s delay=0.3384s (local map=170, WM=170)
[INFO] [1773308937.933178784] [rtabmap]: rtabmap (205): Rate=1.00s, Limit=0.000s, Conversion=0.0004s, RTAB-Map=0.1528s, Maps update=0.0025s pub=0.0433s delay=0.3614s (local map=171, WM=171)
[INFO] [1773308939.002221779] [rtabmap]: rtabmap (206): Rate=1.00s, Limit=0.000s, Conversion=0.0004s, RTAB-Map=0.1330s, Maps update=0.0021s pub=0.0310s delay=0.3306s (local map=172, WM=172)
[INFO] [1773308940.183278687] [rtabmap]: rtabmap (207): Rate=1.00s, Limit=0.000s, Conversion=0.0005s, RTAB-Map=0.1771s, Maps update=0.0031s pub=0.0544s delay=0.4116s (local map=173, WM=173)
[INFO] [1773308941.222052925] [rtabmap]: rtabmap (208): Rate=1.00s, Limit=0.000s, Conversion=0.0004s, RTAB-Map=0.1445s, Maps update=0.0023s pub=0.0327s delay=0.3502s (local map=174, WM=174)
[INFO] [1773308942.316291446] [rtabmap]: rtabmap (209): Rate=1.00s, Limit=0.000s, Conversion=0.0006s, RTAB-Map=0.1354s, Maps update=0.0010s pub=0.0306s delay=0.3446s (local map=175, WM=175)
[INFO] [1773308943.332500522] [rtabmap]: rtabmap (210): Rate=1.00s, Limit=0.000s, Conversion=0.0004s, RTAB-Map=0.1370s, Maps update=0.0028s pub=0.0332s delay=0.3607s (local map=176, WM=176)
[INFO] [1773308944.362138222] [rtabmap]: rtabmap (211): Rate=1.00s, Limit=0.000s, Conversion=0.0004s, RTAB-Map=0.1750s, Maps update=0.0021s pub=0.0300s delay=0.3903s (local map=177, WM=177)
[INFO] [1773308945.426971439] [rtabmap]: rtabmap (212): Rate=1.00s, Limit=0.000s, Conversion=0.0004s, RTAB-Map=0.1414s, Maps update=0.0022s pub=0.0373s delay=0.3561s (local map=178, WM=178)
[INFO] [1773308946.431395693] [rtabmap]: rtabmap (213): Rate=1.00s, Limit=0.000s, Conversion=0.0004s, RTAB-Map=0.1463s, Maps update=0.0031s pub=0.0388s delay=0.3597s (local map=179, WM=179)
[INFO] [1773308947.529440009] [rtabmap]: rtabmap (214): Rate=1.00s, Limit=0.000s, Conversion=0.0005s, RTAB-Map=0.1485s, Maps update=0.0018s pub=0.0326s delay=0.3576s (local map=180, WM=180)
[INFO] [1773308948.620920034] [rtabmap]: rtabmap (215): Rate=1.00s, Limit=0.000s, Conversion=0.0003s, RTAB-Map=0.1376s, Maps update=0.0027s pub=0.0389s delay=0.3492s (local map=181, WM=181)
[INFO] [1773308949.709400116] [rtabmap]: rtabmap (216): Rate=1.00s, Limit=0.000s, Conversion=0.0005s, RTAB-Map=0.1411s, Maps update=0.0028s pub=0.0326s delay=0.3378s (local map=182, WM=182)
[INFO] [1773308950.748903308] [rtabmap]: rtabmap (217): Rate=1.00s, Limit=0.000s, Conversion=0.0108s, RTAB-Map=0.1634s, Maps update=0.0022s pub=0.0312s delay=0.3772s (local map=183, WM=183)
[INFO] [1773308951.761467778] [rtabmap]: rtabmap (218): Rate=1.00s, Limit=0.000s, Conversion=0.0005s, RTAB-Map=0.1683s, Maps update=0.0023s pub=0.0341s delay=0.3897s (local map=184, WM=184)
[INFO] [1773308952.739263913] [rtabmap]: rtabmap (219): Rate=1.00s, Limit=0.000s, Conversion=0.0004s, RTAB-Map=0.1451s, Maps update=0.0021s pub=0.0478s delay=0.3673s (local map=185, WM=185)
[INFO] [1773308953.861316513] [rtabmap]: rtabmap (220): Rate=1.00s, Limit=0.000s, Conversion=0.0005s, RTAB-Map=0.1609s, Maps update=0.0022s pub=0.0355s delay=0.3894s (local map=186, WM=186)
[INFO] [1773308954.918091661] [rtabmap]: rtabmap (221): Rate=1.00s, Limit=0.000s, Conversion=0.0007s, RTAB-Map=0.1378s, Maps update=0.0021s pub=0.0300s delay=0.3462s (local map=187, WM=187)
[INFO] [1773308956.035519782] [rtabmap]: rtabmap (222): Rate=1.00s, Limit=0.000s, Conversion=0.0012s, RTAB-Map=0.1504s, Maps update=0.0027s pub=0.0344s delay=0.3637s (local map=188, WM=188)
[INFO] [1773308957.180846336] [rtabmap]: rtabmap (223): Rate=1.00s, Limit=0.000s, Conversion=0.0105s, RTAB-Map=0.1820s, Maps update=0.0012s pub=0.0348s delay=0.4100s (local map=189, WM=189)
[INFO] [1773308958.154377620] [rtabmap]: rtabmap (224): Rate=1.00s, Limit=0.000s, Conversion=0.0004s, RTAB-Map=0.1711s, Maps update=0.0029s pub=0.0360s delay=0.3822s (local map=190, WM=190)
[INFO] [1773308959.157270557] [rtabmap]: rtabmap (225): Rate=1.00s, Limit=0.000s, Conversion=0.0009s, RTAB-Map=0.1648s, Maps update=0.0029s pub=0.0330s delay=0.3850s (local map=191, WM=191)
[INFO] [1773308960.238999974] [rtabmap]: rtabmap (226): Rate=1.00s, Limit=0.000s, Conversion=0.0010s, RTAB-Map=0.1648s, Maps update=0.0024s pub=0.0302s delay=0.3671s (local map=192, WM=192)
[INFO] [1773308961.372192254] [rtabmap]: rtabmap (227): Rate=1.00s, Limit=0.000s, Conversion=0.0004s, RTAB-Map=0.1508s, Maps update=0.0029s pub=0.0614s delay=0.4003s (local map=193, WM=193)
[INFO] [1773308962.399317483] [rtabmap]: rtabmap (228): Rate=1.00s, Limit=0.000s, Conversion=0.0003s, RTAB-Map=0.1687s, Maps update=0.0032s pub=0.0741s delay=0.4273s (local map=194, WM=194)
[INFO] [1773308963.424604537] [rtabmap]: rtabmap (229): Rate=1.00s, Limit=0.000s, Conversion=0.0005s, RTAB-Map=0.1435s, Maps update=0.0044s pub=0.0333s delay=0.3537s (local map=195, WM=195)
[INFO] [1773308964.479519300] [rtabmap]: rtabmap (230): Rate=1.00s, Limit=0.000s, Conversion=0.0003s, RTAB-Map=0.1716s, Maps update=0.0025s pub=0.0557s delay=0.4076s (local map=196, WM=196)
[INFO] [1773308965.597592467] [rtabmap]: rtabmap (231): Rate=1.00s, Limit=0.000s, Conversion=0.0105s, RTAB-Map=0.1919s, Maps update=0.0026s pub=0.0473s delay=0.4264s (local map=197, WM=197)
[INFO] [1773308966.578636010] [rtabmap]: rtabmap (232): Rate=1.00s, Limit=0.000s, Conversion=0.0003s, RTAB-Map=0.1836s, Maps update=0.0027s pub=0.0370s delay=0.4068s (local map=198, WM=198)
[INFO] [1773308967.695010270] [rtabmap]: rtabmap (233): Rate=1.00s, Limit=0.000s, Conversion=0.0004s, RTAB-Map=0.1841s, Maps update=0.0030s pub=0.0430s delay=0.4240s (local map=199, WM=199)
[INFO] [1773308968.702443044] [rtabmap]: rtabmap (234): Rate=1.00s, Limit=0.000s, Conversion=0.0004s, RTAB-Map=0.1890s, Maps update=0.0027s pub=0.0446s delay=0.4306s (local map=200, WM=200)
[INFO] [1773308969.759141165] [rtabmap]: rtabmap (235): Rate=1.00s, Limit=0.000s, Conversion=0.0005s, RTAB-Map=0.1558s, Maps update=0.0060s pub=0.0392s delay=0.3872s (local map=201, WM=201)
[INFO] [1773308970.983880060] [rtabmap]: rtabmap (236): Rate=1.00s, Limit=0.000s, Conversion=0.0004s, RTAB-Map=0.2304s, Maps update=0.0025s pub=0.0508s delay=0.5119s (local map=202, WM=202)
[INFO] [1773308972.025725924] [rtabmap]: rtabmap (237): Rate=1.00s, Limit=0.000s, Conversion=0.0003s, RTAB-Map=0.1871s, Maps update=0.0059s pub=0.0350s delay=0.4537s (local map=203, WM=203)
[INFO] [1773308973.283810194] [rtabmap]: rtabmap (238): Rate=1.00s, Limit=0.000s, Conversion=0.0004s, RTAB-Map=0.2128s, Maps update=0.0040s pub=0.0695s delay=0.6142s (local map=204, WM=204)
[INFO] [1773308974.159173803] [rtabmap]: rtabmap (239): Rate=1.00s, Limit=0.000s, Conversion=0.0004s, RTAB-Map=0.2032s, Maps update=0.0033s pub=0.0349s delay=0.4891s (local map=205, WM=205)
[INFO] [1773308975.188488611] [rtabmap]: rtabmap (240): Rate=1.00s, Limit=0.000s, Conversion=0.0003s, RTAB-Map=0.2285s, Maps update=0.0046s pub=0.0592s delay=0.5152s (local map=206, WM=206)
[INFO] [1773308976.361376277] [rtabmap]: rtabmap (241): Rate=1.00s, Limit=0.000s, Conversion=0.0004s, RTAB-Map=0.2099s, Maps update=0.0071s pub=0.0626s delay=0.4879s (local map=207, WM=207)
[INFO] [1773308977.509912831] [rtabmap]: rtabmap (242): Rate=1.00s, Limit=0.000s, Conversion=0.0004s, RTAB-Map=0.2885s, Maps update=0.0033s pub=0.0483s delay=0.5380s (local map=208, WM=208)
[INFO] [1773308978.411990929] [rtabmap]: rtabmap (243): Rate=1.00s, Limit=0.000s, Conversion=0.0004s, RTAB-Map=0.0923s, Maps update=0.0020s pub=0.0352s delay=0.3375s (local map=208, WM=208)
[INFO] [1773308979.582744122] [rtabmap]: rtabmap (244): Rate=1.00s, Limit=0.000s, Conversion=0.0004s, RTAB-Map=0.1951s, Maps update=0.0012s pub=0.0345s delay=0.4117s (local map=209, WM=209)
[INFO] [1773308980.461568202] [rtabmap]: rtabmap (245): Rate=1.00s, Limit=0.000s, Conversion=0.0006s, RTAB-Map=0.0854s, Maps update=0.0011s pub=0.0185s delay=0.2898s (local map=209, WM=209)
[INFO] [1773308981.468247125] [rtabmap]: rtabmap (246): Rate=1.00s, Limit=0.000s, Conversion=0.0004s, RTAB-Map=0.0827s, Maps update=0.0014s pub=0.0235s delay=0.2963s (local map=209, WM=209)
[INFO] [1773308982.557680584] [rtabmap]: rtabmap (247): Rate=1.00s, Limit=0.000s, Conversion=0.0004s, RTAB-Map=0.0794s, Maps update=0.0011s pub=0.0110s delay=0.2867s (local map=209, WM=209)
[INFO] [1773308983.556762285] [rtabmap]: rtabmap (248): Rate=1.00s, Limit=0.000s, Conversion=0.0003s, RTAB-Map=0.0928s, Maps update=0.0011s pub=0.0172s delay=0.2857s (local map=209, WM=209)
[INFO] [1773308984.573105606] [rtabmap]: rtabmap (249): Rate=1.00s, Limit=0.000s, Conversion=0.0003s, RTAB-Map=0.0899s, Maps update=0.0013s pub=0.0260s delay=0.3021s (local map=209, WM=209)
[INFO] [1773308985.544319338] [rtabmap]: rtabmap (250): Rate=1.00s, Limit=0.000s, Conversion=0.0004s, RTAB-Map=0.0816s, Maps update=0.0015s pub=0.0127s delay=0.2724s (local map=209, WM=209)
[INFO] [1773308986.555599348] [rtabmap]: rtabmap (251): Rate=1.00s, Limit=0.000s, Conversion=0.0005s, RTAB-Map=0.0843s, Maps update=0.0012s pub=0.0131s delay=0.2835s (local map=209, WM=209)
[INFO] [1773308987.804923571] [rtabmap]: rtabmap (252): Rate=1.00s, Limit=0.000s, Conversion=0.0005s, RTAB-Map=0.2092s, Maps update=0.0046s pub=0.0375s delay=0.4331s (local map=210, WM=210)
[INFO] [1773308988.789218331] [rtabmap]: rtabmap (253): Rate=1.00s, Limit=0.000s, Conversion=0.0004s, RTAB-Map=0.1873s, Maps update=0.0025s pub=0.0365s delay=0.4172s (local map=211, WM=211)
[INFO] [1773308989.789964793] [rtabmap]: rtabmap (254): Rate=1.00s, Limit=0.000s, Conversion=0.0004s, RTAB-Map=0.1920s, Maps update=0.0025s pub=0.0358s delay=0.4178s (local map=212, WM=212)
[INFO] [1773308990.767641628] [rtabmap]: rtabmap (255): Rate=1.00s, Limit=0.000s, Conversion=0.0005s, RTAB-Map=0.0893s, Maps update=0.0011s pub=0.0176s delay=0.2956s (local map=212, WM=212)
[INFO] [1773308991.845499616] [rtabmap]: rtabmap (256): Rate=1.00s, Limit=0.000s, Conversion=0.0004s, RTAB-Map=0.0718s, Maps update=0.0012s pub=0.0130s delay=0.2736s (local map=212, WM=212)
[INFO] [1773308992.848819639] [rtabmap]: rtabmap (257): Rate=1.00s, Limit=0.000s, Conversion=0.0005s, RTAB-Map=0.0737s, Maps update=0.0011s pub=0.0224s delay=0.2768s (local map=212, WM=212)
[INFO] [1773308993.948618927] [rtabmap]: rtabmap (258): Rate=1.00s, Limit=0.000s, Conversion=0.0004s, RTAB-Map=0.0766s, Maps update=0.0013s pub=0.0153s delay=0.2776s (local map=212, WM=212)
[INFO] [1773308994.940361271] [rtabmap]: rtabmap (259): Rate=1.00s, Limit=0.000s, Conversion=0.0004s, RTAB-Map=0.0710s, Maps update=0.0012s pub=0.0148s delay=0.2693s (local map=212, WM=212)
[INFO] [1773308995.949082377] [rtabmap]: rtabmap (260): Rate=1.00s, Limit=0.000s, Conversion=0.0004s, RTAB-Map=0.0864s, Maps update=0.0015s pub=0.0124s delay=0.2770s (local map=212, WM=212)
[INFO] [1773308997.057879192] [rtabmap]: rtabmap (261): Rate=1.00s, Limit=0.000s, Conversion=0.0003s, RTAB-Map=0.0806s, Maps update=0.0015s pub=0.0140s delay=0.2859s (local map=212, WM=212)
[INFO] [1773308998.067614381] [rtabmap]: rtabmap (262): Rate=1.00s, Limit=0.000s, Conversion=0.0004s, RTAB-Map=0.0921s, Maps update=0.0011s pub=0.0114s delay=0.2955s (local map=212, WM=212)
[INFO] [1773308999.140384609] [rtabmap]: rtabmap (263): Rate=1.00s, Limit=0.000s, Conversion=0.0004s, RTAB-Map=0.0753s, Maps update=0.0011s pub=0.0151s delay=0.2692s (local map=212, WM=212)
[INFO] [1773309000.162306490] [rtabmap]: rtabmap (264): Rate=1.00s, Limit=0.000s, Conversion=0.0004s, RTAB-Map=0.0721s, Maps update=0.0012s pub=0.0335s delay=0.2902s (local map=212, WM=212)
[INFO] [1773309001.152527374] [rtabmap]: rtabmap (265): Rate=1.00s, Limit=0.000s, Conversion=0.0004s, RTAB-Map=0.0789s, Maps update=0.0017s pub=0.0151s delay=0.2793s (local map=212, WM=212)
[INFO] [1773309002.233731940] [rtabmap]: rtabmap (266): Rate=1.00s, Limit=0.000s, Conversion=0.0004s, RTAB-Map=0.0744s, Maps update=0.0012s pub=0.0112s delay=0.2624s (local map=212, WM=212)
[INFO] [1773309003.409133229] [rtabmap]: rtabmap (267): Rate=1.00s, Limit=0.000s, Conversion=0.0004s, RTAB-Map=0.1209s, Maps update=0.0016s pub=0.0132s delay=0.3356s (local map=212, WM=212)
[INFO] [1773309004.441215685] [rtabmap]: rtabmap (268): Rate=1.00s, Limit=0.000s, Conversion=0.0003s, RTAB-Map=0.0757s, Maps update=0.0013s pub=0.0103s delay=0.2691s (local map=212, WM=212)
[INFO] [1773309005.535284784] [rtabmap]: rtabmap (269): Rate=1.00s, Limit=0.000s, Conversion=0.0004s, RTAB-Map=0.0792s, Maps update=0.0012s pub=0.0103s delay=0.2632s (local map=212, WM=212)
[INFO] [1773309006.673580128] [rtabmap]: rtabmap (270): Rate=1.00s, Limit=0.000s, Conversion=0.0107s, RTAB-Map=0.0857s, Maps update=0.0020s pub=0.0180s delay=0.3015s (local map=212, WM=212)
[INFO] [1773309007.760636677] [rtabmap]: rtabmap (271): Rate=1.00s, Limit=0.000s, Conversion=0.0004s, RTAB-Map=0.0858s, Maps update=0.0013s pub=0.0113s delay=0.2895s (local map=212, WM=212)
[INFO] [1773309008.757608585] [rtabmap]: rtabmap (272): Rate=1.00s, Limit=0.000s, Conversion=0.0005s, RTAB-Map=0.0827s, Maps update=0.0016s pub=0.0169s delay=0.2854s (local map=212, WM=212)
[INFO] [1773309009.840575455] [rtabmap]: rtabmap (273): Rate=1.00s, Limit=0.000s, Conversion=0.0004s, RTAB-Map=0.0749s, Maps update=0.0012s pub=0.0120s delay=0.2686s (local map=212, WM=212)
[INFO] [1773309010.960151996] [rtabmap]: rtabmap (274): Rate=1.00s, Limit=0.000s, Conversion=0.0005s, RTAB-Map=0.0838s, Maps update=0.0021s pub=0.0174s delay=0.2892s (local map=212, WM=212)
[INFO] [1773309011.966815061] [rtabmap]: rtabmap (275): Rate=1.00s, Limit=0.000s, Conversion=0.0006s, RTAB-Map=0.0949s, Maps update=0.0017s pub=0.0152s delay=0.2947s (local map=212, WM=212)
[INFO] [1773309013.038429467] [rtabmap]: rtabmap (276): Rate=1.00s, Limit=0.000s, Conversion=0.0008s, RTAB-Map=0.0722s, Maps update=0.0013s pub=0.0129s delay=0.2665s (local map=212, WM=212)
[INFO] [1773309014.056173562] [rtabmap]: rtabmap (277): Rate=1.00s, Limit=0.000s, Conversion=0.0004s, RTAB-Map=0.0840s, Maps update=0.0012s pub=0.0211s delay=0.2841s (local map=212, WM=212)
[INFO] [1773309015.159506204] [rtabmap]: rtabmap (278): Rate=1.00s, Limit=0.000s, Conversion=0.0003s, RTAB-Map=0.0860s, Maps update=0.0015s pub=0.0157s delay=0.2875s (local map=212, WM=212)
[INFO] [1773309016.135992047] [rtabmap]: rtabmap (279): Rate=1.00s, Limit=0.000s, Conversion=0.0004s, RTAB-Map=0.0707s, Maps update=0.0014s pub=0.0153s delay=0.2639s (local map=212, WM=212)
[INFO] [1773309017.263270779] [rtabmap]: rtabmap (280): Rate=1.00s, Limit=0.000s, Conversion=0.0004s, RTAB-Map=0.0876s, Maps update=0.0012s pub=0.0109s delay=0.2920s (local map=212, WM=212)
[INFO] [1773309018.247167155] [rtabmap]: rtabmap (281): Rate=1.00s, Limit=0.000s, Conversion=0.0004s, RTAB-Map=0.0738s, Maps update=0.0019s pub=0.0112s delay=0.2750s (local map=212, WM=212)
[INFO] [1773309019.343799306] [rtabmap]: rtabmap (282): Rate=1.00s, Limit=0.000s, Conversion=0.0005s, RTAB-Map=0.0747s, Maps update=0.0014s pub=0.0158s delay=0.2725s (local map=212, WM=212)
[INFO] [1773309020.452552298] [rtabmap]: rtabmap (283): Rate=1.00s, Limit=0.000s, Conversion=0.0003s, RTAB-Map=0.0777s, Maps update=0.0011s pub=0.0118s delay=0.2814s (local map=212, WM=212)
[INFO] [1773309021.559658897] [rtabmap]: rtabmap (284): Rate=1.00s, Limit=0.000s, Conversion=0.0004s, RTAB-Map=0.0824s, Maps update=0.0013s pub=0.0178s delay=0.2876s (local map=212, WM=212)
[INFO] [1773309022.650308405] [rtabmap]: rtabmap (285): Rate=1.00s, Limit=0.000s, Conversion=0.0006s, RTAB-Map=0.0803s, Maps update=0.0012s pub=0.0114s delay=0.2782s (local map=212, WM=212)
[INFO] [1773309023.693531700] [rtabmap]: rtabmap (286): Rate=1.00s, Limit=0.000s, Conversion=0.0004s, RTAB-Map=0.0934s, Maps update=0.0015s pub=0.0258s delay=0.3213s (local map=212, WM=212)
[INFO] [1773309024.752022572] [rtabmap]: rtabmap (287): Rate=1.00s, Limit=0.000s, Conversion=0.0005s, RTAB-Map=0.0770s, Maps update=0.0014s pub=0.0110s delay=0.2809s (local map=212, WM=212)
[INFO] [1773309025.741769970] [rtabmap]: rtabmap (288): Rate=1.00s, Limit=0.000s, Conversion=0.0004s, RTAB-Map=0.0775s, Maps update=0.0013s pub=0.0121s delay=0.2705s (local map=212, WM=212)
[INFO] [1773309026.746009750] [rtabmap]: rtabmap (289): Rate=1.00s, Limit=0.000s, Conversion=0.0006s, RTAB-Map=0.0742s, Maps update=0.0013s pub=0.0144s delay=0.2748s (local map=212, WM=212)
[INFO] [1773309027.859212243] [rtabmap]: rtabmap (290): Rate=1.00s, Limit=0.000s, Conversion=0.0005s, RTAB-Map=0.0821s, Maps update=0.0011s pub=0.0126s delay=0.2879s (local map=212, WM=212)
[INFO] [1773309029.092646870] [rtabmap]: rtabmap (291): Rate=1.00s, Limit=0.000s, Conversion=0.0005s, RTAB-Map=0.1913s, Maps update=0.0028s pub=0.0425s delay=0.4214s (local map=213, WM=213)
[INFO] [1773309030.168841437] [rtabmap]: rtabmap (292): Rate=1.00s, Limit=0.000s, Conversion=0.0004s, RTAB-Map=0.1730s, Maps update=0.0041s pub=0.0407s delay=0.3977s (local map=214, WM=214)
[INFO] [1773309031.086859687] [rtabmap]: rtabmap (293): Rate=1.00s, Limit=0.000s, Conversion=0.0005s, RTAB-Map=0.0871s, Maps update=0.0011s pub=0.0318s delay=0.3156s (local map=214, WM=214)
[INFO] [1773309032.067814232] [rtabmap]: rtabmap (294): Rate=1.00s, Limit=0.000s, Conversion=0.0006s, RTAB-Map=0.0912s, Maps update=0.0016s pub=0.0159s delay=0.2954s (local map=214, WM=214)
[INFO] [1773309033.140944403] [rtabmap]: rtabmap (295): Rate=1.00s, Limit=0.000s, Conversion=0.0005s, RTAB-Map=0.0760s, Maps update=0.0013s pub=0.0161s delay=0.2701s (local map=214, WM=214)
[INFO] [1773309034.148952380] [rtabmap]: rtabmap (296): Rate=1.00s, Limit=0.000s, Conversion=0.0003s, RTAB-Map=0.0755s, Maps update=0.0011s pub=0.0137s delay=0.2776s (local map=214, WM=214)
[INFO] [1773309035.263475623] [rtabmap]: rtabmap (297): Rate=1.00s, Limit=0.000s, Conversion=0.0005s, RTAB-Map=0.0912s, Maps update=0.0014s pub=0.0126s delay=0.2923s (local map=214, WM=214)
[INFO] [1773309036.261293641] [rtabmap]: rtabmap (298): Rate=1.00s, Limit=0.000s, Conversion=0.0004s, RTAB-Map=0.0801s, Maps update=0.0011s pub=0.0140s delay=0.2900s (local map=214, WM=214)
[INFO] [1773309037.342879854] [rtabmap]: rtabmap (299): Rate=1.00s, Limit=0.000s, Conversion=0.0004s, RTAB-Map=0.0756s, Maps update=0.0015s pub=0.0110s delay=0.2718s (local map=214, WM=214)
[INFO] [1773309038.464839167] [rtabmap]: rtabmap (300): Rate=1.00s, Limit=0.000s, Conversion=0.0004s, RTAB-Map=0.0928s, Maps update=0.0014s pub=0.0125s delay=0.2941s (local map=214, WM=214)
[INFO] [1773309039.447202273] [rtabmap]: rtabmap (301): Rate=1.00s, Limit=0.000s, Conversion=0.0004s, RTAB-Map=0.0806s, Maps update=0.0017s pub=0.0148s delay=0.2758s (local map=214, WM=214)
[INFO] [1773309040.552806163] [rtabmap]: rtabmap (302): Rate=1.00s, Limit=0.000s, Conversion=0.0004s, RTAB-Map=0.0754s, Maps update=0.0012s pub=0.0141s delay=0.2816s (local map=214, WM=214)
[INFO] [1773309041.534298742] [rtabmap]: rtabmap (303): Rate=1.00s, Limit=0.000s, Conversion=0.0004s, RTAB-Map=0.0763s, Maps update=0.0014s pub=0.0117s delay=0.2629s (local map=214, WM=214)
[INFO] [1773309042.656252839] [rtabmap]: rtabmap (304): Rate=1.00s, Limit=0.000s, Conversion=0.0004s, RTAB-Map=0.0865s, Maps update=0.0012s pub=0.0125s delay=0.2854s (local map=214, WM=214)
[INFO] [1773309043.665056652] [rtabmap]: rtabmap (305): Rate=1.00s, Limit=0.000s, Conversion=0.0006s, RTAB-Map=0.0822s, Maps update=0.0025s pub=0.0203s delay=0.2942s (local map=214, WM=214)
[INFO] [1773309044.642107027] [rtabmap]: rtabmap (306): Rate=1.00s, Limit=0.000s, Conversion=0.0003s, RTAB-Map=0.0760s, Maps update=0.0012s pub=0.0188s delay=0.2712s (local map=214, WM=214)
[INFO] [1773309045.663357997] [rtabmap]: rtabmap (307): Rate=1.00s, Limit=0.000s, Conversion=0.0004s, RTAB-Map=0.0875s, Maps update=0.0015s pub=0.0138s delay=0.2921s (local map=214, WM=214)
[INFO] [1773309046.752512060] [rtabmap]: rtabmap (308): Rate=1.00s, Limit=0.000s, Conversion=0.0004s, RTAB-Map=0.0771s, Maps update=0.0012s pub=0.0150s delay=0.2818s (local map=214, WM=214)
[INFO] [1773309047.766026502] [rtabmap]: rtabmap (309): Rate=1.00s, Limit=0.000s, Conversion=0.0004s, RTAB-Map=0.0791s, Maps update=0.0012s pub=0.0134s delay=0.2948s (local map=214, WM=214)
[INFO] [1773309048.855800555] [rtabmap]: rtabmap (310): Rate=1.00s, Limit=0.000s, Conversion=0.0005s, RTAB-Map=0.0856s, Maps update=0.0012s pub=0.0100s delay=0.2838s (local map=214, WM=214)
[INFO] [1773309049.961407101] [rtabmap]: rtabmap (311): Rate=1.00s, Limit=0.000s, Conversion=0.0004s, RTAB-Map=0.0893s, Maps update=0.0012s pub=0.0119s delay=0.2903s (local map=214, WM=214)
[INFO] [1773309050.945446106] [rtabmap]: rtabmap (312): Rate=1.00s, Limit=0.000s, Conversion=0.0112s, RTAB-Map=0.0736s, Maps update=0.0011s pub=0.0107s delay=0.2742s (local map=214, WM=214)
[INFO] [1773309052.057417868] [rtabmap]: rtabmap (313): Rate=1.00s, Limit=0.000s, Conversion=0.0004s, RTAB-Map=0.0820s, Maps update=0.0013s pub=0.0164s delay=0.2860s (local map=214, WM=214)
[INFO] [1773309053.169514850] [rtabmap]: rtabmap (314): Rate=1.00s, Limit=0.000s, Conversion=0.0004s, RTAB-Map=0.0844s, Maps update=0.0018s pub=0.0280s delay=0.2982s (local map=214, WM=214)
[INFO] [1773309054.254697349] [rtabmap]: rtabmap (315): Rate=1.00s, Limit=0.000s, Conversion=0.0005s, RTAB-Map=0.0841s, Maps update=0.0011s pub=0.0148s delay=0.2839s (local map=214, WM=214)
[INFO] [1773309055.254796759] [rtabmap]: rtabmap (316): Rate=1.00s, Limit=0.000s, Conversion=0.0005s, RTAB-Map=0.0841s, Maps update=0.0011s pub=0.0142s delay=0.2840s (local map=214, WM=214)
[INFO] [1773309056.352946147] [rtabmap]: rtabmap (317): Rate=1.00s, Limit=0.000s, Conversion=0.0004s, RTAB-Map=0.0772s, Maps update=0.0011s pub=0.0110s delay=0.2822s (local map=214, WM=214)
[INFO] [1773309057.368656698] [rtabmap]: rtabmap (318): Rate=1.00s, Limit=0.000s, Conversion=0.0004s, RTAB-Map=0.0908s, Maps update=0.0012s pub=0.0262s delay=0.2979s (local map=214, WM=214)
[INFO] [1773309058.468551747] [rtabmap]: rtabmap (319): Rate=1.00s, Limit=0.000s, Conversion=0.0004s, RTAB-Map=0.0967s, Maps update=0.0014s pub=0.0111s delay=0.2973s (local map=214, WM=214)
[INFO] [1773309059.551001735] [rtabmap]: rtabmap (320): Rate=1.00s, Limit=0.000s, Conversion=0.0005s, RTAB-Map=0.0789s, Maps update=0.0011s pub=0.0105s delay=0.2802s (local map=214, WM=214)
[INFO] [1773309060.658393847] [rtabmap]: rtabmap (321): Rate=1.00s, Limit=0.000s, Conversion=0.0107s, RTAB-Map=0.0791s, Maps update=0.0013s pub=0.0138s delay=0.2875s (local map=214, WM=214)
[INFO] [1773309061.649976158] [rtabmap]: rtabmap (322): Rate=1.00s, Limit=0.000s, Conversion=0.0004s, RTAB-Map=0.0775s, Maps update=0.0015s pub=0.0128s delay=0.2791s (local map=214, WM=214)
[INFO] [1773309062.793557640] [rtabmap]: rtabmap (323): Rate=1.00s, Limit=0.000s, Conversion=0.0108s, RTAB-Map=0.0903s, Maps update=0.0011s pub=0.0263s delay=0.3227s (local map=214, WM=214)
[INFO] [1773309063.758037620] [rtabmap]: rtabmap (324): Rate=1.00s, Limit=0.000s, Conversion=0.0106s, RTAB-Map=0.0817s, Maps update=0.0011s pub=0.0089s delay=0.2867s (local map=214, WM=214)
[INFO] [1773309064.846304228] [rtabmap]: rtabmap (325): Rate=1.00s, Limit=0.000s, Conversion=0.0003s, RTAB-Map=0.0716s, Maps update=0.0012s pub=0.0116s delay=0.2754s (local map=214, WM=214)
[INFO] [1773309065.867226611] [rtabmap]: rtabmap (326): Rate=1.00s, Limit=0.000s, Conversion=0.0005s, RTAB-Map=0.0844s, Maps update=0.0013s pub=0.0193s delay=0.2963s (local map=214, WM=214)
[INFO] [1773309066.832753221] [rtabmap]: rtabmap (327): Rate=1.00s, Limit=0.000s, Conversion=0.0004s, RTAB-Map=0.0744s, Maps update=0.0021s pub=0.0124s delay=0.2617s (local map=214, WM=214)
[INFO] [1773309067.981294301] [rtabmap]: rtabmap (328): Rate=1.00s, Limit=0.000s, Conversion=0.0003s, RTAB-Map=0.0924s, Maps update=0.0016s pub=0.0160s delay=0.3105s (local map=214, WM=214)
[INFO] [1773309068.944450235] [rtabmap]: rtabmap (329): Rate=1.00s, Limit=0.000s, Conversion=0.0005s, RTAB-Map=0.0845s, Maps update=0.0013s pub=0.0096s delay=0.2736s (local map=214, WM=214)
[INFO] [1773309070.057205662] [rtabmap]: rtabmap (330): Rate=1.00s, Limit=0.000s, Conversion=0.0004s, RTAB-Map=0.0806s, Maps update=0.0012s pub=0.0098s delay=0.2863s (local map=214, WM=214)
[INFO] [1773309071.175298884] [rtabmap]: rtabmap (331): Rate=1.00s, Limit=0.000s, Conversion=0.0015s, RTAB-Map=0.0918s, Maps update=0.0014s pub=0.0177s delay=0.3044s (local map=214, WM=214)
[INFO] [1773309072.239624199] [rtabmap]: rtabmap (332): Rate=1.00s, Limit=0.000s, Conversion=0.0003s, RTAB-Map=0.0764s, Maps update=0.0012s pub=0.0138s delay=0.2688s (local map=214, WM=214)
[INFO] [1773309073.261785697] [rtabmap]: rtabmap (333): Rate=1.00s, Limit=0.000s, Conversion=0.0005s, RTAB-Map=0.0825s, Maps update=0.0021s pub=0.0153s delay=0.2909s (local map=214, WM=214)
[INFO] [1773309074.256111144] [rtabmap]: rtabmap (334): Rate=1.00s, Limit=0.000s, Conversion=0.0004s, RTAB-Map=0.0824s, Maps update=0.0012s pub=0.0129s delay=0.2847s (local map=214, WM=214)
[INFO] [1773309075.372401422] [rtabmap]: rtabmap (335): Rate=1.00s, Limit=0.000s, Conversion=0.0004s, RTAB-Map=0.0893s, Maps update=0.0011s pub=0.0103s delay=0.3015s (local map=214, WM=214)
[INFO] [1773309076.344922710] [rtabmap]: rtabmap (336): Rate=1.00s, Limit=0.000s, Conversion=0.0003s, RTAB-Map=0.0759s, Maps update=0.0014s pub=0.0149s delay=0.2735s (local map=214, WM=214)
[INFO] [1773309077.464272584] [rtabmap]: rtabmap (337): Rate=1.00s, Limit=0.000s, Conversion=0.0006s, RTAB-Map=0.0832s, Maps update=0.0011s pub=0.0125s delay=0.2933s (local map=214, WM=214)
[INFO] [1773309078.544533628] [rtabmap]: rtabmap (338): Rate=1.00s, Limit=0.000s, Conversion=0.0004s, RTAB-Map=0.0772s, Maps update=0.0018s pub=0.0135s delay=0.2731s (local map=214, WM=214)
[INFO] [1773309079.652382393] [rtabmap]: rtabmap (339): Rate=1.00s, Limit=0.000s, Conversion=0.0005s, RTAB-Map=0.0791s, Maps update=0.0014s pub=0.0103s delay=0.2815s (local map=214, WM=214)
[INFO] [1773309080.644493778] [rtabmap]: rtabmap (340): Rate=1.00s, Limit=0.000s, Conversion=0.0004s, RTAB-Map=0.0693s, Maps update=0.0017s pub=0.0134s delay=0.2735s (local map=214, WM=214)
[INFO] [1773309081.753838020] [rtabmap]: rtabmap (341): Rate=1.00s, Limit=0.000s, Conversion=0.0005s, RTAB-Map=0.0789s, Maps update=0.0011s pub=0.0119s delay=0.2830s (local map=214, WM=214)
[INFO] [1773309082.777395407] [rtabmap]: rtabmap (342): Rate=1.00s, Limit=0.000s, Conversion=0.0004s, RTAB-Map=0.0930s, Maps update=0.0016s pub=0.0155s delay=0.3063s (local map=214, WM=214)
[INFO] [1773309083.850253438] [rtabmap]: rtabmap (343): Rate=1.00s, Limit=0.000s, Conversion=0.0007s, RTAB-Map=0.0762s, Maps update=0.0015s pub=0.0140s delay=0.2787s (local map=214, WM=214)
[INFO] [1773309084.966079668] [rtabmap]: rtabmap (344): Rate=1.00s, Limit=0.000s, Conversion=0.0004s, RTAB-Map=0.0902s, Maps update=0.0013s pub=0.0087s delay=0.2953s (local map=214, WM=214)
[INFO] [1773309085.962144504] [rtabmap]: rtabmap (345): Rate=1.00s, Limit=0.000s, Conversion=0.0003s, RTAB-Map=0.0904s, Maps update=0.0014s pub=0.0149s delay=0.2913s (local map=214, WM=214)
[INFO] [1773309086.964318931] [rtabmap]: rtabmap (346): Rate=1.00s, Limit=0.000s, Conversion=0.0005s, RTAB-Map=0.0872s, Maps update=0.0012s pub=0.0117s delay=0.2927s (local map=214, WM=214)
[INFO] [1773309088.056864470] [rtabmap]: rtabmap (347): Rate=1.00s, Limit=0.000s, Conversion=0.0003s, RTAB-Map=0.0823s, Maps update=0.0011s pub=0.0091s delay=0.2859s (local map=214, WM=214)
[INFO] [1773309089.159525053] [rtabmap]: rtabmap (348): Rate=1.00s, Limit=0.000s, Conversion=0.0003s, RTAB-Map=0.0915s, Maps update=0.0012s pub=0.0102s delay=0.2886s (local map=214, WM=214)
[INFO] [1773309090.164052715] [rtabmap]: rtabmap (349): Rate=1.00s, Limit=0.000s, Conversion=0.0004s, RTAB-Map=0.0909s, Maps update=0.0011s pub=0.0104s delay=0.2931s (local map=214, WM=214)
[INFO] [1773309091.247642548] [rtabmap]: rtabmap (350): Rate=1.00s, Limit=0.000s, Conversion=0.0003s, RTAB-Map=0.0736s, Maps update=0.0012s pub=0.0139s delay=0.2766s (local map=214, WM=214)
[INFO] [1773309092.351951797] [rtabmap]: rtabmap (351): Rate=1.00s, Limit=0.000s, Conversion=0.0004s, RTAB-Map=0.0804s, Maps update=0.0011s pub=0.0144s delay=0.2811s (local map=214, WM=214)
[INFO] [1773309093.449477127] [rtabmap]: rtabmap (352): Rate=1.00s, Limit=0.000s, Conversion=0.0004s, RTAB-Map=0.0775s, Maps update=0.0023s pub=0.0147s delay=0.2787s (local map=214, WM=214)
[INFO] [1773309094.440213904] [rtabmap]: rtabmap (353): Rate=1.00s, Limit=0.000s, Conversion=0.0004s, RTAB-Map=0.0740s, Maps update=0.0015s pub=0.0157s delay=0.2694s (local map=214, WM=214)
[INFO] [1773309095.558594336] [rtabmap]: rtabmap (354): Rate=1.00s, Limit=0.000s, Conversion=0.0003s, RTAB-Map=0.0804s, Maps update=0.0012s pub=0.0114s delay=0.2878s (local map=214, WM=214)
[INFO] [1773309096.659192606] [rtabmap]: rtabmap (355): Rate=1.00s, Limit=0.000s, Conversion=0.0004s, RTAB-Map=0.0807s, Maps update=0.0011s pub=0.0141s delay=0.2883s (local map=214, WM=214)
[INFO] [1773309097.672426206] [rtabmap]: rtabmap (356): Rate=1.00s, Limit=0.000s, Conversion=0.0004s, RTAB-Map=0.0889s, Maps update=0.0016s pub=0.0214s delay=0.3015s (local map=214, WM=214)
[INFO] [1773309098.654601658] [rtabmap]: rtabmap (357): Rate=1.00s, Limit=0.000s, Conversion=0.0106s, RTAB-Map=0.0843s, Maps update=0.0011s pub=0.0091s delay=0.2837s (local map=214, WM=214)
[INFO] [1773309099.729404750] [rtabmap]: rtabmap (358): Rate=1.00s, Limit=0.000s, Conversion=0.0006s, RTAB-Map=0.0674s, Maps update=0.0013s pub=0.0128s delay=0.2583s (local map=214, WM=214)
[INFO] [1773309100.862197944] [rtabmap]: rtabmap (359): Rate=1.00s, Limit=0.000s, Conversion=0.0004s, RTAB-Map=0.0834s, Maps update=0.0012s pub=0.0147s delay=0.2912s (local map=214, WM=214)
[INFO] [1773309101.943393004] [rtabmap]: rtabmap (360): Rate=1.00s, Limit=0.000s, Conversion=0.0005s, RTAB-Map=0.0767s, Maps update=0.0011s pub=0.0098s delay=0.2726s (local map=214, WM=214)
[INFO] [1773309102.943793961] [rtabmap]: rtabmap (361): Rate=1.00s, Limit=0.000s, Conversion=0.0004s, RTAB-Map=0.0798s, Maps update=0.0011s pub=0.0115s delay=0.2729s (local map=214, WM=214)
[INFO] [1773309103.941688301] [rtabmap]: rtabmap (362): Rate=1.00s, Limit=0.000s, Conversion=0.0003s, RTAB-Map=0.0768s, Maps update=0.0012s pub=0.0095s delay=0.2707s (local map=214, WM=214)
[INFO] [1773309105.049961305] [rtabmap]: rtabmap (363): Rate=1.00s, Limit=0.000s, Conversion=0.0003s, RTAB-Map=0.0778s, Maps update=0.0011s pub=0.0099s delay=0.2791s (local map=214, WM=214)
[INFO] [1773309106.039947656] [rtabmap]: rtabmap (364): Rate=1.00s, Limit=0.000s, Conversion=0.0003s, RTAB-Map=0.0830s, Maps update=0.0015s pub=0.0104s delay=0.2690s (local map=214, WM=214)
[INFO] [1773309107.163595121] [rtabmap]: rtabmap (365): Rate=1.00s, Limit=0.000s, Conversion=0.0004s, RTAB-Map=0.0912s, Maps update=0.0014s pub=0.0181s delay=0.2927s (local map=214, WM=214)
[INFO] [1773309108.166503365] [rtabmap]: rtabmap (366): Rate=1.00s, Limit=0.000s, Conversion=0.0004s, RTAB-Map=0.0917s, Maps update=0.0012s pub=0.0197s delay=0.2955s (local map=214, WM=214)
[INFO] [1773309109.272957906] [rtabmap]: rtabmap (367): Rate=1.00s, Limit=0.000s, Conversion=0.0106s, RTAB-Map=0.0926s, Maps update=0.0019s pub=0.0144s delay=0.3019s (local map=214, WM=214)
[INFO] [1773309110.340225725] [rtabmap]: rtabmap (368): Rate=1.00s, Limit=0.000s, Conversion=0.0004s, RTAB-Map=0.0761s, Maps update=0.0013s pub=0.0134s delay=0.2693s (local map=214, WM=214)
[INFO] [1773309111.330828641] [rtabmap]: rtabmap (369): Rate=1.00s, Limit=0.000s, Conversion=0.0004s, RTAB-Map=0.0766s, Maps update=0.0012s pub=0.0137s delay=0.2597s (local map=214, WM=214)
[INFO] [1773309112.450906732] [rtabmap]: rtabmap (370): Rate=1.00s, Limit=0.000s, Conversion=0.0004s, RTAB-Map=0.0822s, Maps update=0.0013s pub=0.0168s delay=0.2799s (local map=214, WM=214)
[INFO] [1773309113.548027088] [rtabmap]: rtabmap (371): Rate=1.00s, Limit=0.000s, Conversion=0.0003s, RTAB-Map=0.0754s, Maps update=0.0011s pub=0.0110s delay=0.2771s (local map=214, WM=214)
[INFO] [1773309114.664676195] [rtabmap]: rtabmap (372): Rate=1.00s, Limit=0.000s, Conversion=0.0004s, RTAB-Map=0.0954s, Maps update=0.0017s pub=0.0135s delay=0.2936s (local map=214, WM=214)
[INFO] [1773309115.759936582] [rtabmap]: rtabmap (373): Rate=1.00s, Limit=0.000s, Conversion=0.0005s, RTAB-Map=0.0878s, Maps update=0.0013s pub=0.0089s delay=0.2890s (local map=214, WM=214)
[INFO] [1773309116.734487350] [rtabmap]: rtabmap (374): Rate=1.00s, Limit=0.000s, Conversion=0.0004s, RTAB-Map=0.0733s, Maps update=0.0012s pub=0.0100s delay=0.2635s (local map=214, WM=214)
[INFO] [1773309117.768954304] [rtabmap]: rtabmap (375): Rate=1.00s, Limit=0.000s, Conversion=0.0003s, RTAB-Map=0.0864s, Maps update=0.0012s pub=0.0136s delay=0.2979s (local map=214, WM=214)
[INFO] [1773309118.869025452] [rtabmap]: rtabmap (376): Rate=1.00s, Limit=0.000s, Conversion=0.0004s, RTAB-Map=0.0788s, Maps update=0.0032s pub=0.0389s delay=0.2981s (local map=214, WM=214)
[INFO] [1773309119.867197178] [rtabmap]: rtabmap (377): Rate=1.00s, Limit=0.000s, Conversion=0.0004s, RTAB-Map=0.0831s, Maps update=0.0015s pub=0.0138s delay=0.2961s (local map=214, WM=214)
[INFO] [1773309120.943323292] [rtabmap]: rtabmap (378): Rate=1.00s, Limit=0.000s, Conversion=0.0005s, RTAB-Map=0.0761s, Maps update=0.0017s pub=0.0128s delay=0.2722s (local map=214, WM=214)
[INFO] [1773309122.061230523] [rtabmap]: rtabmap (379): Rate=1.00s, Limit=0.000s, Conversion=0.0004s, RTAB-Map=0.0907s, Maps update=0.0011s pub=0.0115s delay=0.2901s (local map=214, WM=214)
[INFO] [1773309123.065524097] [rtabmap]: rtabmap (380): Rate=1.00s, Limit=0.000s, Conversion=0.0004s, RTAB-Map=0.0900s, Maps update=0.0018s pub=0.0150s delay=0.2944s (local map=214, WM=214)
[INFO] [1773309124.140209840] [rtabmap]: rtabmap (381): Rate=1.00s, Limit=0.000s, Conversion=0.0004s, RTAB-Map=0.0689s, Maps update=0.0012s pub=0.0148s delay=0.2693s (local map=214, WM=214)
[INFO] [1773309125.133533588] [rtabmap]: rtabmap (382): Rate=1.00s, Limit=0.000s, Conversion=0.0003s, RTAB-Map=0.0759s, Maps update=0.0011s pub=0.0118s delay=0.2625s (local map=214, WM=214)
[INFO] [1773309126.144181305] [rtabmap]: rtabmap (383): Rate=1.00s, Limit=0.000s, Conversion=0.0005s, RTAB-Map=0.0775s, Maps update=0.0013s pub=0.0156s delay=0.2731s (local map=214, WM=214)
[INFO] [1773309127.263488041] [rtabmap]: rtabmap (384): Rate=1.00s, Limit=0.000s, Conversion=0.0004s, RTAB-Map=0.0822s, Maps update=0.0013s pub=0.0125s delay=0.2923s (local map=214, WM=214)
[INFO] [1773309128.256171350] [rtabmap]: rtabmap (385): Rate=1.00s, Limit=0.000s, Conversion=0.0007s, RTAB-Map=0.0843s, Maps update=0.0014s pub=0.0112s delay=0.2829s (local map=214, WM=214)
[INFO] [1773309129.356324165] [rtabmap]: rtabmap (386): Rate=1.00s, Limit=0.000s, Conversion=0.0107s, RTAB-Map=0.0753s, Maps update=0.0011s pub=0.0110s delay=0.2852s (local map=214, WM=214)
[INFO] [1773309130.468708834] [rtabmap]: rtabmap (387): Rate=1.00s, Limit=0.000s, Conversion=0.0004s, RTAB-Map=0.0920s, Maps update=0.0011s pub=0.0118s delay=0.2976s (local map=214, WM=214)
[INFO] [1773309131.549835124] [rtabmap]: rtabmap (388): Rate=1.00s, Limit=0.000s, Conversion=0.0004s, RTAB-Map=0.0790s, Maps update=0.0012s pub=0.0102s delay=0.2788s (local map=214, WM=214)
[INFO] [1773309132.582170291] [rtabmap]: rtabmap (389): Rate=1.00s, Limit=0.000s, Conversion=0.0005s, RTAB-Map=0.0986s, Maps update=0.0011s pub=0.0131s delay=0.3111s (local map=214, WM=214)
[INFO] [1773309133.672882710] [rtabmap]: rtabmap (390): Rate=1.00s, Limit=0.000s, Conversion=0.0004s, RTAB-Map=0.0885s, Maps update=0.0016s pub=0.0179s delay=0.3018s (local map=214, WM=214)
[INFO] [1773309134.653592991] [rtabmap]: rtabmap (391): Rate=1.00s, Limit=0.000s, Conversion=0.0005s, RTAB-Map=0.0792s, Maps update=0.0015s pub=0.0207s delay=0.2823s (local map=214, WM=214)
[INFO] [1773309135.764256319] [rtabmap]: rtabmap (392): Rate=1.00s, Limit=0.000s, Conversion=0.0004s, RTAB-Map=0.0905s, Maps update=0.0012s pub=0.0125s delay=0.2931s (local map=214, WM=214)
[INFO] [1773309136.757061488] [rtabmap]: rtabmap (393): Rate=1.00s, Limit=0.000s, Conversion=0.0003s, RTAB-Map=0.0795s, Maps update=0.0013s pub=0.0140s delay=0.2858s (local map=214, WM=214)
[INFO] [1773309137.872340883] [rtabmap]: rtabmap (394): Rate=1.00s, Limit=0.000s, Conversion=0.0004s, RTAB-Map=0.0952s, Maps update=0.0017s pub=0.0162s delay=0.3012s (local map=214, WM=214)
[INFO] [1773309138.958402227] [rtabmap]: rtabmap (395): Rate=1.00s, Limit=0.000s, Conversion=0.0005s, RTAB-Map=0.0886s, Maps update=0.0012s pub=0.0116s delay=0.2872s (local map=214, WM=214)
[INFO] [1773309139.961556720] [rtabmap]: rtabmap (396): Rate=1.00s, Limit=0.000s, Conversion=0.0008s, RTAB-Map=0.0893s, Maps update=0.0012s pub=0.0108s delay=0.2903s (local map=214, WM=214)
[INFO] [1773309141.063050894] [rtabmap]: rtabmap (397): Rate=1.00s, Limit=0.000s, Conversion=0.0003s, RTAB-Map=0.0837s, Maps update=0.0018s pub=0.0116s delay=0.2919s (local map=214, WM=214)
[INFO] [1773309142.063709363] [rtabmap]: rtabmap (398): Rate=1.00s, Limit=0.000s, Conversion=0.0003s, RTAB-Map=0.0857s, Maps update=0.0024s pub=0.0251s delay=0.2925s (local map=214, WM=214)
[INFO] [1773309143.155498428] [rtabmap]: rtabmap (399): Rate=1.00s, Limit=0.000s, Conversion=0.0004s, RTAB-Map=0.0943s, Maps update=0.0015s pub=0.0116s delay=0.2842s (local map=214, WM=214)
[INFO] [1773309144.260258381] [rtabmap]: rtabmap (400): Rate=1.00s, Limit=0.000s, Conversion=0.0004s, RTAB-Map=0.0863s, Maps update=0.0011s pub=0.0143s delay=0.2890s (local map=214, WM=214)
[INFO] [1773309145.358135276] [rtabmap]: rtabmap (401): Rate=1.00s, Limit=0.000s, Conversion=0.0019s, RTAB-Map=0.0858s, Maps update=0.0017s pub=0.0139s delay=0.2869s (local map=214, WM=214)
[INFO] [1773309146.474848673] [rtabmap]: rtabmap (402): Rate=1.00s, Limit=0.000s, Conversion=0.0003s, RTAB-Map=0.0917s, Maps update=0.0020s pub=0.0155s delay=0.3037s (local map=214, WM=214)
[INFO] [1773309147.460809762] [rtabmap]: rtabmap (403): Rate=1.00s, Limit=0.000s, Conversion=0.0004s, RTAB-Map=0.0880s, Maps update=0.0011s pub=0.0126s delay=0.2896s (local map=214, WM=214)
[INFO] [1773309148.469221272] [rtabmap]: rtabmap (404): Rate=1.00s, Limit=0.000s, Conversion=0.0005s, RTAB-Map=0.0923s, Maps update=0.0012s pub=0.0108s delay=0.2979s (local map=214, WM=214)
[INFO] [1773309149.550310761] [rtabmap]: rtabmap (405): Rate=1.00s, Limit=0.000s, Conversion=0.0004s, RTAB-Map=0.0781s, Maps update=0.0012s pub=0.0112s delay=0.2792s (local map=214, WM=214)
[INFO] [1773309150.539321365] [rtabmap]: rtabmap (406): Rate=1.00s, Limit=0.000s, Conversion=0.0004s, RTAB-Map=0.0741s, Maps update=0.0016s pub=0.0113s delay=0.2680s (local map=214, WM=214)
[INFO] [1773309151.654390672] [rtabmap]: rtabmap (407): Rate=1.00s, Limit=0.000s, Conversion=0.0005s, RTAB-Map=0.0865s, Maps update=0.0012s pub=0.0098s delay=0.2832s (local map=214, WM=214)
[INFO] [1773309152.757529928] [rtabmap]: rtabmap (408): Rate=1.00s, Limit=0.000s, Conversion=0.0004s, RTAB-Map=0.0943s, Maps update=0.0013s pub=0.0104s delay=0.2862s (local map=214, WM=214)
[INFO] [1773309153.851829161] [rtabmap]: rtabmap (409): Rate=1.00s, Limit=0.000s, Conversion=0.0107s, RTAB-Map=0.0819s, Maps update=0.0012s pub=0.0104s delay=0.2806s (local map=214, WM=214)
[INFO] [1773309154.967463736] [rtabmap]: rtabmap (410): Rate=1.00s, Limit=0.000s, Conversion=0.0011s, RTAB-Map=0.0840s, Maps update=0.0012s pub=0.0157s delay=0.2961s (local map=214, WM=214)
[INFO] [1773309156.046163989] [rtabmap]: rtabmap (411): Rate=1.00s, Limit=0.000s, Conversion=0.0005s, RTAB-Map=0.0828s, Maps update=0.0011s pub=0.0094s delay=0.2748s (local map=214, WM=214)
[INFO] [1773309157.180526934] [rtabmap]: rtabmap (412): Rate=1.00s, Limit=0.000s, Conversion=0.0005s, RTAB-Map=0.0983s, Maps update=0.0011s pub=0.0145s delay=0.3093s (local map=214, WM=214)
[INFO] [1773309158.271465985] [rtabmap]: rtabmap (413): Rate=1.00s, Limit=0.000s, Conversion=0.0005s, RTAB-Map=0.0910s, Maps update=0.0013s pub=0.0244s delay=0.3002s (local map=214, WM=214)
[INFO] [1773309159.373461905] [rtabmap]: rtabmap (414): Rate=1.00s, Limit=0.000s, Conversion=0.0106s, RTAB-Map=0.0990s, Maps update=0.0011s pub=0.0130s delay=0.3021s (local map=214, WM=214)
[INFO] [1773309160.377347432] [rtabmap]: rtabmap (415): Rate=1.00s, Limit=0.000s, Conversion=0.0006s, RTAB-Map=0.0961s, Maps update=0.0012s pub=0.0102s delay=0.3060s (local map=214, WM=214)
[INFO] [1773309161.337924525] [rtabmap]: rtabmap (416): Rate=1.00s, Limit=0.000s, Conversion=0.0004s, RTAB-Map=0.0752s, Maps update=0.0011s pub=0.0118s delay=0.2659s (local map=214, WM=214)
[INFO] [1773309162.452004773] [rtabmap]: rtabmap (417): Rate=1.00s, Limit=0.000s, Conversion=0.0107s, RTAB-Map=0.0812s, Maps update=0.0011s pub=0.0114s delay=0.2807s (local map=214, WM=214)
[INFO] [1773309163.450301368] [rtabmap]: rtabmap (418): Rate=1.00s, Limit=0.000s, Conversion=0.0003s, RTAB-Map=0.0777s, Maps update=0.0011s pub=0.0106s delay=0.2789s (local map=214, WM=214)
[INFO] [1773309164.556663457] [rtabmap]: rtabmap (419): Rate=1.00s, Limit=0.000s, Conversion=0.0004s, RTAB-Map=0.0793s, Maps update=0.0012s pub=0.0134s delay=0.2852s (local map=214, WM=214)
[INFO] [1773309165.668618351] [rtabmap]: rtabmap (420): Rate=1.00s, Limit=0.000s, Conversion=0.0004s, RTAB-Map=0.0768s, Maps update=0.0012s pub=0.0245s delay=0.2973s (local map=214, WM=214)
[INFO] [1773309166.644535407] [rtabmap]: rtabmap (421): Rate=1.00s, Limit=0.000s, Conversion=0.0004s, RTAB-Map=0.0760s, Maps update=0.0015s pub=0.0156s delay=0.2732s (local map=214, WM=214)
[INFO] [1773309167.763242154] [rtabmap]: rtabmap (422): Rate=1.00s, Limit=0.000s, Conversion=0.0003s, RTAB-Map=0.0889s, Maps update=0.0020s pub=0.0114s delay=0.2919s (local map=214, WM=214)
[INFO] [1773309168.836460550] [rtabmap]: rtabmap (423): Rate=1.00s, Limit=0.000s, Conversion=0.0004s, RTAB-Map=0.0801s, Maps update=0.0013s pub=0.0116s delay=0.2651s (local map=214, WM=214)
[INFO] [1773309170.104589765] [rtabmap]: rtabmap (424): Rate=1.00s, Limit=0.000s, Conversion=0.0005s, RTAB-Map=0.2004s, Maps update=0.0049s pub=0.0474s delay=0.4332s (local map=215, WM=215)
[INFO] [1773309171.180509504] [rtabmap]: rtabmap (425): Rate=1.00s, Limit=0.000s, Conversion=0.0004s, RTAB-Map=0.1875s, Maps update=0.0043s pub=0.0384s delay=0.4091s (local map=216, WM=216)
[INFO] [1773309172.185108528] [rtabmap]: rtabmap (426): Rate=1.00s, Limit=0.000s, Conversion=0.0004s, RTAB-Map=0.1837s, Maps update=0.0011s pub=0.0351s delay=0.4137s (local map=217, WM=217)
[INFO] [1773309173.319806621] [rtabmap]: rtabmap (427): Rate=1.00s, Limit=0.000s, Conversion=0.0106s, RTAB-Map=0.2006s, Maps update=0.0054s pub=0.0453s delay=0.4485s (local map=218, WM=218)
[INFO] [1773309174.167475777] [rtabmap]: rtabmap (428): Rate=1.00s, Limit=0.000s, Conversion=0.0004s, RTAB-Map=0.0925s, Maps update=0.0018s pub=0.0158s delay=0.2961s (local map=218, WM=218)
[INFO] [1773309175.286132827] [rtabmap]: rtabmap (429): Rate=1.00s, Limit=0.000s, Conversion=0.0006s, RTAB-Map=0.1764s, Maps update=0.0033s pub=0.0309s delay=0.4147s (local map=219, WM=219)
[INFO] [1773309176.398550041] [rtabmap]: rtabmap (430): Rate=1.00s, Limit=0.000s, Conversion=0.0004s, RTAB-Map=0.1795s, Maps update=0.0032s pub=0.0424s delay=0.4271s (local map=220, WM=220)
[INFO] [1773309177.359051195] [rtabmap]: rtabmap (431): Rate=1.00s, Limit=0.000s, Conversion=0.0004s, RTAB-Map=0.0774s, Maps update=0.0017s pub=0.0194s delay=0.2877s (local map=220, WM=220)
[INFO] [1773309178.379807555] [rtabmap]: rtabmap (432): Rate=1.00s, Limit=0.000s, Conversion=0.0106s, RTAB-Map=0.0863s, Maps update=0.0012s pub=0.0197s delay=0.3083s (local map=220, WM=220)
[INFO] [1773309179.452293925] [rtabmap]: rtabmap (433): Rate=1.00s, Limit=0.000s, Conversion=0.0004s, RTAB-Map=0.1499s, Maps update=0.0044s pub=0.0483s delay=0.3802s (local map=221, WM=221)
[INFO] [1773309180.564636384] [rtabmap]: rtabmap (434): Rate=1.00s, Limit=0.000s, Conversion=0.0004s, RTAB-Map=0.1614s, Maps update=0.0049s pub=0.0438s delay=0.3932s (local map=222, WM=222)
[INFO] [1773309181.580500477] [rtabmap]: rtabmap (435): Rate=1.00s, Limit=0.000s, Conversion=0.0049s, RTAB-Map=0.1707s, Maps update=0.0033s pub=0.0353s delay=0.4089s (local map=223, WM=223)
[INFO] [1773309182.673430158] [rtabmap]: rtabmap (436): Rate=1.00s, Limit=0.000s, Conversion=0.0004s, RTAB-Map=0.1692s, Maps update=0.0042s pub=0.0409s delay=0.4020s (local map=224, WM=224)
[INFO] [1773309183.767453125] [rtabmap]: rtabmap (437): Rate=1.00s, Limit=0.000s, Conversion=0.0107s, RTAB-Map=0.1555s, Maps update=0.0013s pub=0.0507s delay=0.3961s (local map=225, WM=225)
[INFO] [1773309184.753068954] [rtabmap]: rtabmap (438): Rate=1.00s, Limit=0.000s, Conversion=0.0005s, RTAB-Map=0.1638s, Maps update=0.0038s pub=0.0375s delay=0.3816s (local map=226, WM=226)
[INFO] [1773309185.839355329] [rtabmap]: rtabmap (439): Rate=1.00s, Limit=0.000s, Conversion=0.0004s, RTAB-Map=0.1412s, Maps update=0.0036s pub=0.0378s delay=0.3678s (local map=227, WM=227)
[INFO] [1773309186.899259593] [rtabmap]: rtabmap (440): Rate=1.00s, Limit=0.000s, Conversion=0.0006s, RTAB-Map=0.1803s, Maps update=0.0034s pub=0.0489s delay=0.4277s (local map=228, WM=228)
[INFO] [1773309187.964871514] [rtabmap]: rtabmap (441): Rate=1.00s, Limit=0.000s, Conversion=0.0004s, RTAB-Map=0.1588s, Maps update=0.0048s pub=0.0357s delay=0.3935s (local map=229, WM=229)
[INFO] [1773309188.960057343] [rtabmap]: rtabmap (442): Rate=1.00s, Limit=0.000s, Conversion=0.0004s, RTAB-Map=0.1600s, Maps update=0.0038s pub=0.0465s delay=0.3885s (local map=230, WM=230)
[INFO] [1773309190.047512560] [rtabmap]: rtabmap (443): Rate=1.00s, Limit=0.000s, Conversion=0.0004s, RTAB-Map=0.1618s, Maps update=0.0040s pub=0.0335s delay=0.3761s (local map=231, WM=231)
[INFO] [1773309191.037957902] [rtabmap]: rtabmap (444): Rate=1.00s, Limit=0.000s, Conversion=0.0004s, RTAB-Map=0.1363s, Maps update=0.0038s pub=0.0406s delay=0.3665s (local map=232, WM=232)
[INFO] [1773309192.059869567] [rtabmap]: rtabmap (445): Rate=1.00s, Limit=0.000s, Conversion=0.0006s, RTAB-Map=0.1639s, Maps update=0.0051s pub=0.0441s delay=0.3884s (local map=233, WM=233)
[INFO] [1773309193.184329060] [rtabmap]: rtabmap (446): Rate=1.00s, Limit=0.000s, Conversion=0.0005s, RTAB-Map=0.1762s, Maps update=0.0040s pub=0.0508s delay=0.4128s (local map=234, WM=234)
[INFO] [1773309194.239716878] [rtabmap]: rtabmap (447): Rate=1.00s, Limit=0.000s, Conversion=0.0004s, RTAB-Map=0.1446s, Maps update=0.0036s pub=0.0393s delay=0.3682s (local map=235, WM=235)
[INFO] [1773309195.386342206] [rtabmap]: rtabmap (448): Rate=1.00s, Limit=0.000s, Conversion=0.0004s, RTAB-Map=0.1626s, Maps update=0.0036s pub=0.0548s delay=0.4148s (local map=236, WM=236)
[INFO] [1773309196.358455352] [rtabmap]: rtabmap (449): Rate=1.00s, Limit=0.000s, Conversion=0.0006s, RTAB-Map=0.1641s, Maps update=0.0035s pub=0.0335s delay=0.3868s (local map=237, WM=237)
[INFO] [1773309197.472465070] [rtabmap]: rtabmap (450): Rate=1.00s, Limit=0.000s, Conversion=0.0004s, RTAB-Map=0.1676s, Maps update=0.0019s pub=0.0360s delay=0.4010s (local map=238, WM=238)
[INFO] [1773309198.579707894] [rtabmap]: rtabmap (451): Rate=1.00s, Limit=0.000s, Conversion=0.0004s, RTAB-Map=0.1859s, Maps update=0.0036s pub=0.0351s delay=0.4082s (local map=239, WM=239)
[INFO] [1773309199.604477260] [rtabmap]: rtabmap (452): Rate=1.00s, Limit=0.000s, Conversion=0.0006s, RTAB-Map=0.1923s, Maps update=0.0038s pub=0.0474s delay=0.4329s (local map=240, WM=240)
[INFO] [1773309200.595726678] [rtabmap]: rtabmap (453): Rate=1.00s, Limit=0.000s, Conversion=0.0004s, RTAB-Map=0.1867s, Maps update=0.0047s pub=0.0506s delay=0.4241s (local map=241, WM=241)
[INFO] [1773309201.441345473] [rtabmap]: rtabmap (454): Rate=1.00s, Limit=0.000s, Conversion=0.0007s, RTAB-Map=0.0745s, Maps update=0.0014s pub=0.0141s delay=0.2697s (local map=241, WM=241)
[INFO] [1773309202.588070411] [rtabmap]: rtabmap (455): Rate=1.00s, Limit=0.000s, Conversion=0.0004s, RTAB-Map=0.1035s, Maps update=0.0014s pub=0.0167s delay=0.3165s (local map=241, WM=241)
[INFO] [1773309203.647069455] [rtabmap]: rtabmap (456): Rate=1.00s, Limit=0.000s, Conversion=0.0004s, RTAB-Map=0.0818s, Maps update=0.0013s pub=0.0128s delay=0.2756s (local map=241, WM=241)
[INFO] [1773309204.659574802] [rtabmap]: rtabmap (457): Rate=1.00s, Limit=0.000s, Conversion=0.0004s, RTAB-Map=0.0760s, Maps update=0.0016s pub=0.0188s delay=0.2878s (local map=241, WM=241)
[INFO] [1773309205.893522992] [rtabmap]: rtabmap (458): Rate=1.00s, Limit=0.000s, Conversion=0.0007s, RTAB-Map=0.1927s, Maps update=0.0043s pub=0.0374s delay=0.4218s (local map=242, WM=242)
[INFO] [1773309206.867268711] [rtabmap]: rtabmap (459): Rate=1.00s, Limit=0.000s, Conversion=0.0005s, RTAB-Map=0.0839s, Maps update=0.0015s pub=0.0177s delay=0.2955s (local map=242, WM=242)
[INFO] [1773309207.865881784] [rtabmap]: rtabmap (460): Rate=1.00s, Limit=0.000s, Conversion=0.0004s, RTAB-Map=0.0837s, Maps update=0.0035s pub=0.0239s delay=0.2939s (local map=242, WM=242)
[INFO] [1773309209.319453359] [rtabmap]: rtabmap (461): Rate=1.00s, Limit=0.000s, Conversion=0.0153s, RTAB-Map=0.1622s, Maps update=0.0088s pub=0.0773s delay=0.6478s (local map=242, WM=242)
[INFO] [1773309211.459024284] [rtabmap]: rtabmap (462): Rate=1.00s, Limit=0.000s, Conversion=0.0551s, RTAB-Map=0.4030s, Maps update=0.0889s pub=0.3378s delay=1.5850s (local map=242, WM=242)
[WARN] [1773309218.127249578] [rtabmap]: rtabmap: Did not receive data since 5 seconds! Make sure the input topics are published ("$ ros2 topic hz my_topic") and the timestamps in their header are set. If topics are coming from different computers, make sure the clocks of the computers are synchronized ("ntpdate"). Ajusting topic_queue_size (10) and sync_queue_size (200) can also help for better synchronization if framerates and/or delays are different. If topics are not published at the same rate, you could increase "sync_queue_size" and/or "topic_queue_size" parameters (current=200 and 10 respectively).
rtabmap subscribed to (approx sync):
   /odom \
   /leo04/livox/lidar
[WARN] [1773309222.685675221] [rtabmap]: rtabmap: Did not receive data since 5 seconds! Make sure the input topics are published ("$ ros2 topic hz my_topic") and the timestamps in their header are set. If topics are coming from different computers, make sure the clocks of the computers are synchronized ("ntpdate"). Ajusting topic_queue_size (10) and sync_queue_size (200) can also help for better synchronization if framerates and/or delays are different. If topics are not published at the same rate, you could increase "sync_queue_size" and/or "topic_queue_size" parameters (current=200 and 10 respectively).
rtabmap subscribed to (approx sync):
   /odom \
   /leo04/livox/lidar
[WARN] [1773309227.603487431] [rtabmap]: rtabmap: Did not receive data since 5 seconds! Make sure the input topics are published ("$ ros2 topic hz my_topic") and the timestamps in their header are set. If topics are coming from different computers, make sure the clocks of the computers are synchronized ("ntpdate"). Ajusting topic_queue_size (10) and sync_queue_size (200) can also help for better synchronization if framerates and/or delays are different. If topics are not published at the same rate, you could increase "sync_queue_size" and/or "topic_queue_size" parameters (current=200 and 10 respectively).
rtabmap subscribed to (approx sync):
   /odom \
   /leo04/livox/lidar
[INFO] [1773309227.755870584] [rtabmap]: rtabmap (463): Rate=1.00s, Limit=0.000s, Conversion=0.0016s, RTAB-Map=0.1168s, Maps update=0.0016s pub=0.0139s delay=0.4801s (local map=242, WM=242)
[INFO] [1773309228.669247325] [rtabmap]: rtabmap (464): Rate=1.00s, Limit=0.000s, Conversion=0.0004s, RTAB-Map=0.0854s, Maps update=0.0013s pub=0.0139s delay=0.2977s (local map=242, WM=242)
[INFO] [1773309229.643827282] [rtabmap]: rtabmap (465): Rate=1.00s, Limit=0.000s, Conversion=0.0007s, RTAB-Map=0.0740s, Maps update=0.0013s pub=0.0095s delay=0.2721s (local map=242, WM=242)
[INFO] [1773309230.749012172] [rtabmap]: rtabmap (466): Rate=1.00s, Limit=0.000s, Conversion=0.0003s, RTAB-Map=0.0759s, Maps update=0.0013s pub=0.0122s delay=0.2773s (local map=242, WM=242)
[INFO] [1773309231.850013617] [rtabmap]: rtabmap (467): Rate=1.00s, Limit=0.000s, Conversion=0.0005s, RTAB-Map=0.0813s, Maps update=0.0017s pub=0.0107s delay=0.2783s (local map=242, WM=242)
[INFO] [1773309232.948378391] [rtabmap]: rtabmap (468): Rate=1.00s, Limit=0.000s, Conversion=0.0005s, RTAB-Map=0.0748s, Maps update=0.0019s pub=0.0137s delay=0.2767s (local map=242, WM=242)
[INFO] [1773309233.941430593] [rtabmap]: rtabmap (469): Rate=1.00s, Limit=0.000s, Conversion=0.0003s, RTAB-Map=0.0721s, Maps update=0.0014s pub=0.0104s delay=0.2697s (local map=242, WM=242)
[INFO] [1773309235.034507850] [rtabmap]: rtabmap (470): Rate=1.00s, Limit=0.000s, Conversion=0.0004s, RTAB-Map=0.0723s, Maps update=0.0014s pub=0.0126s delay=0.2628s (local map=242, WM=242)
[INFO] [1773309236.139225139] [rtabmap]: rtabmap (471): Rate=1.00s, Limit=0.000s, Conversion=0.0004s, RTAB-Map=0.0674s, Maps update=0.0013s pub=0.0107s delay=0.2674s (local map=242, WM=242)
[INFO] [1773309237.248029039] [rtabmap]: rtabmap (472): Rate=1.00s, Limit=0.000s, Conversion=0.0004s, RTAB-Map=0.0782s, Maps update=0.0013s pub=0.0117s delay=0.2764s (local map=242, WM=242)
[INFO] [1773309238.246920331] [rtabmap]: rtabmap (473): Rate=1.00s, Limit=0.000s, Conversion=0.0004s, RTAB-Map=0.0823s, Maps update=0.0013s pub=0.0115s delay=0.2753s (local map=242, WM=242)
[INFO] [1773309239.232461416] [rtabmap]: rtabmap (474): Rate=1.00s, Limit=0.000s, Conversion=0.0007s, RTAB-Map=0.0719s, Maps update=0.0015s pub=0.0094s delay=0.2608s (local map=242, WM=242)
[INFO] [1773309240.229289146] [rtabmap]: rtabmap (475): Rate=1.00s, Limit=0.000s, Conversion=0.0007s, RTAB-Map=0.0694s, Maps update=0.0013s pub=0.0095s delay=0.2575s (local map=242, WM=242)
[INFO] [1773309241.234474679] [rtabmap]: rtabmap (476): Rate=1.00s, Limit=0.000s, Conversion=0.0003s, RTAB-Map=0.0722s, Maps update=0.0014s pub=0.0114s delay=0.2626s (local map=242, WM=242)
[INFO] [1773309242.335631777] [rtabmap]: rtabmap (477): Rate=1.00s, Limit=0.000s, Conversion=0.0003s, RTAB-Map=0.0731s, Maps update=0.0014s pub=0.0119s delay=0.2649s (local map=242, WM=242)
[INFO] [1773309243.331855165] [rtabmap]: rtabmap (478): Rate=1.00s, Limit=0.000s, Conversion=0.0005s, RTAB-Map=0.0710s, Maps update=0.0013s pub=0.0110s delay=0.2608s (local map=242, WM=242)
[INFO] [1773309244.339140165] [rtabmap]: rtabmap (479): Rate=1.00s, Limit=0.000s, Conversion=0.0003s, RTAB-Map=0.0713s, Maps update=0.0012s pub=0.0143s delay=0.2675s (local map=242, WM=242)
[INFO] [1773309245.344192254] [rtabmap]: rtabmap (480): Rate=1.00s, Limit=0.000s, Conversion=0.0008s, RTAB-Map=0.0748s, Maps update=0.0014s pub=0.0094s delay=0.2723s (local map=242, WM=242)
[INFO] [1773309246.434970836] [rtabmap]: rtabmap (481): Rate=1.00s, Limit=0.000s, Conversion=0.0003s, RTAB-Map=0.0726s, Maps update=0.0018s pub=0.0102s delay=0.2632s (local map=242, WM=242)
[INFO] [1773309247.441602245] [rtabmap]: rtabmap (482): Rate=1.00s, Limit=0.000s, Conversion=0.0004s, RTAB-Map=0.0721s, Maps update=0.0013s pub=0.0114s delay=0.2698s (local map=242, WM=242)
[INFO] [1773309248.544614161] [rtabmap]: rtabmap (483): Rate=1.00s, Limit=0.000s, Conversion=0.0004s, RTAB-Map=0.0756s, Maps update=0.0014s pub=0.0090s delay=0.2737s (local map=242, WM=242)
[INFO] [1773309249.642586793] [rtabmap]: rtabmap (484): Rate=1.00s, Limit=0.000s, Conversion=0.0005s, RTAB-Map=0.0768s, Maps update=0.0018s pub=0.0109s delay=0.2707s (local map=242, WM=242)
[INFO] [1773309250.742416995] [rtabmap]: rtabmap (485): Rate=1.00s, Limit=0.000s, Conversion=0.0004s, RTAB-Map=0.0760s, Maps update=0.0012s pub=0.0088s delay=0.2714s (local map=242, WM=242)
[INFO] [1773309251.747094414] [rtabmap]: rtabmap (486): Rate=1.00s, Limit=0.000s, Conversion=0.0005s, RTAB-Map=0.0738s, Maps update=0.0013s pub=0.0102s delay=0.2754s (local map=242, WM=242)
[INFO] [1773309252.844352748] [rtabmap]: rtabmap (487): Rate=1.00s, Limit=0.000s, Conversion=0.0006s, RTAB-Map=0.0717s, Maps update=0.0013s pub=0.0117s delay=0.2724s (local map=242, WM=242)
[INFO] [1773309253.931994418] [rtabmap]: rtabmap (488): Rate=1.00s, Limit=0.000s, Conversion=0.0003s, RTAB-Map=0.0700s, Maps update=0.0026s pub=0.0122s delay=0.2612s (local map=242, WM=242)
[INFO] [1773309254.940836018] [rtabmap]: rtabmap (489): Rate=1.00s, Limit=0.000s, Conversion=0.0005s, RTAB-Map=0.0736s, Maps update=0.0015s pub=0.0121s delay=0.2699s (local map=242, WM=242)
[INFO] [1773309255.935783297] [rtabmap]: rtabmap (490): Rate=1.00s, Limit=0.000s, Conversion=0.0005s, RTAB-Map=0.0735s, Maps update=0.0013s pub=0.0109s delay=0.2639s (local map=242, WM=242)
[INFO] [1773309257.046006767] [rtabmap]: rtabmap (491): Rate=1.00s, Limit=0.000s, Conversion=0.0004s, RTAB-Map=0.0770s, Maps update=0.0013s pub=0.0107s delay=0.2742s (local map=242, WM=242)
[INFO] [1773309258.062166197] [rtabmap]: rtabmap (492): Rate=1.00s, Limit=0.000s, Conversion=0.0004s, RTAB-Map=0.0843s, Maps update=0.0016s pub=0.0120s delay=0.2903s (local map=242, WM=242)
[INFO] [1773309259.039233668] [rtabmap]: rtabmap (493): Rate=1.00s, Limit=0.000s, Conversion=0.0005s, RTAB-Map=0.0759s, Maps update=0.0013s pub=0.0114s delay=0.2673s (local map=242, WM=242)
[INFO] [1773309260.151991981] [rtabmap]: rtabmap (494): Rate=1.00s, Limit=0.000s, Conversion=0.0003s, RTAB-Map=0.0786s, Maps update=0.0014s pub=0.0114s delay=0.2801s (local map=242, WM=242)
[INFO] [1773309261.232906562] [rtabmap]: rtabmap (495): Rate=1.00s, Limit=0.000s, Conversion=0.0005s, RTAB-Map=0.0708s, Maps update=0.0013s pub=0.0120s delay=0.2612s (local map=242, WM=242)
[INFO] [1773309262.248109510] [rtabmap]: rtabmap (496): Rate=1.00s, Limit=0.000s, Conversion=0.0005s, RTAB-Map=0.0789s, Maps update=0.0013s pub=0.0116s delay=0.2763s (local map=242, WM=242)
[INFO] [1773309263.344533446] [rtabmap]: rtabmap (497): Rate=1.00s, Limit=0.000s, Conversion=0.0006s, RTAB-Map=0.0756s, Maps update=0.0013s pub=0.0130s delay=0.2735s (local map=242, WM=242)
[INFO] [1773309264.433216337] [rtabmap]: rtabmap (498): Rate=1.00s, Limit=0.000s, Conversion=0.0006s, RTAB-Map=0.0690s, Maps update=0.0013s pub=0.0109s delay=0.2614s (local map=242, WM=242)
[INFO] [1773309265.446347723] [rtabmap]: rtabmap (499): Rate=1.00s, Limit=0.000s, Conversion=0.0005s, RTAB-Map=0.0819s, Maps update=0.0016s pub=0.0132s delay=0.2745s (local map=242, WM=242)
[INFO] [1773309266.539427060] [rtabmap]: rtabmap (500): Rate=1.00s, Limit=0.000s, Conversion=0.0005s, RTAB-Map=0.0797s, Maps update=0.0013s pub=0.0121s delay=0.2685s (local map=242, WM=242)
[INFO] [1773309267.539792324] [rtabmap]: rtabmap (501): Rate=1.00s, Limit=0.000s, Conversion=0.0005s, RTAB-Map=0.0719s, Maps update=0.0012s pub=0.0106s delay=0.2679s (local map=242, WM=242)
[INFO] [1773309268.641860239] [rtabmap]: rtabmap (502): Rate=1.00s, Limit=0.000s, Conversion=0.0005s, RTAB-Map=0.0688s, Maps update=0.0013s pub=0.0148s delay=0.2709s (local map=242, WM=242)
[INFO] [1773309269.634900601] [rtabmap]: rtabmap (503): Rate=1.00s, Limit=0.000s, Conversion=0.0004s, RTAB-Map=0.0697s, Maps update=0.0014s pub=0.0117s delay=0.2639s (local map=242, WM=242)
[INFO] [1773309270.667439049] [rtabmap]: rtabmap (504): Rate=1.00s, Limit=0.000s, Conversion=0.0003s, RTAB-Map=0.0848s, Maps update=0.0013s pub=0.0129s delay=0.2955s (local map=242, WM=242)
[INFO] [1773309271.745581979] [rtabmap]: rtabmap (505): Rate=1.00s, Limit=0.000s, Conversion=0.0003s, RTAB-Map=0.0729s, Maps update=0.0013s pub=0.0113s delay=0.2736s (local map=242, WM=242)
[INFO] [1773309272.834743863] [rtabmap]: rtabmap (506): Rate=1.00s, Limit=0.000s, Conversion=0.0004s, RTAB-Map=0.0689s, Maps update=0.0015s pub=0.0125s delay=0.2627s (local map=242, WM=242)
[INFO] [1773309273.928813540] [rtabmap]: rtabmap (507): Rate=1.00s, Limit=0.000s, Conversion=0.0004s, RTAB-Map=0.0718s, Maps update=0.0013s pub=0.0129s delay=0.2568s (local map=242, WM=242)
[INFO] [1773309275.039773357] [rtabmap]: rtabmap (508): Rate=1.00s, Limit=0.000s, Conversion=0.0004s, RTAB-Map=0.0754s, Maps update=0.0013s pub=0.0108s delay=0.2688s (local map=242, WM=242)
[INFO] [1773309276.043470516] [rtabmap]: rtabmap (509): Rate=1.00s, Limit=0.000s, Conversion=0.0004s, RTAB-Map=0.0718s, Maps update=0.0015s pub=0.0122s delay=0.2715s (local map=242, WM=242)
[INFO] [1773309277.070430973] [rtabmap]: rtabmap (510): Rate=1.00s, Limit=0.000s, Conversion=0.0004s, RTAB-Map=0.0839s, Maps update=0.0017s pub=0.0145s delay=0.2985s (local map=242, WM=242)
[INFO] [1773309278.041827968] [rtabmap]: rtabmap (511): Rate=1.00s, Limit=0.000s, Conversion=0.0003s, RTAB-Map=0.0774s, Maps update=0.0014s pub=0.0105s delay=0.2698s (local map=242, WM=242)
[INFO] [1773309279.149494195] [rtabmap]: rtabmap (512): Rate=1.00s, Limit=0.000s, Conversion=0.0004s, RTAB-Map=0.0776s, Maps update=0.0013s pub=0.0115s delay=0.2775s (local map=242, WM=242)
[INFO] [1773309280.238249985] [rtabmap]: rtabmap (513): Rate=1.00s, Limit=0.000s, Conversion=0.0004s, RTAB-Map=0.0762s, Maps update=0.0014s pub=0.0109s delay=0.2664s (local map=242, WM=242)
[INFO] [1773309281.245993210] [rtabmap]: rtabmap (514): Rate=1.00s, Limit=0.000s, Conversion=0.0004s, RTAB-Map=0.0751s, Maps update=0.0018s pub=0.0144s delay=0.2741s (local map=242, WM=242)
[INFO] [1773309282.338510254] [rtabmap]: rtabmap (515): Rate=1.00s, Limit=0.000s, Conversion=0.0004s, RTAB-Map=0.0760s, Maps update=0.0018s pub=0.0151s delay=0.2665s (local map=242, WM=242)
[INFO] [1773309283.440956710] [rtabmap]: rtabmap (516): Rate=1.00s, Limit=0.000s, Conversion=0.0003s, RTAB-Map=0.0733s, Maps update=0.0013s pub=0.0126s delay=0.2698s (local map=242, WM=242)
[INFO] [1773309284.435795409] [rtabmap]: rtabmap (517): Rate=1.00s, Limit=0.000s, Conversion=0.0005s, RTAB-Map=0.0725s, Maps update=0.0014s pub=0.0099s delay=0.2638s (local map=242, WM=242)
[INFO] [1773309285.439075274] [rtabmap]: rtabmap (518): Rate=1.00s, Limit=0.000s, Conversion=0.0005s, RTAB-Map=0.0778s, Maps update=0.0014s pub=0.0107s delay=0.2670s (local map=242, WM=242)
[INFO] [1773309286.559493861] [rtabmap]: rtabmap (519): Rate=1.00s, Limit=0.000s, Conversion=0.0005s, RTAB-Map=0.0861s, Maps update=0.0016s pub=0.0139s delay=0.2884s (local map=242, WM=242)
[INFO] [1773309287.536575796] [rtabmap]: rtabmap (520): Rate=1.00s, Limit=0.000s, Conversion=0.0003s, RTAB-Map=0.0731s, Maps update=0.0013s pub=0.0109s delay=0.2647s (local map=242, WM=242)
[INFO] [1773309288.645264940] [rtabmap]: rtabmap (521): Rate=1.00s, Limit=0.000s, Conversion=0.0004s, RTAB-Map=0.0751s, Maps update=0.0019s pub=0.0137s delay=0.2741s (local map=242, WM=242)
[INFO] [1773309289.645843812] [rtabmap]: rtabmap (522): Rate=1.00s, Limit=0.000s, Conversion=0.0005s, RTAB-Map=0.0770s, Maps update=0.0016s pub=0.0119s delay=0.2746s (local map=242, WM=242)
[INFO] [1773309290.636814788] [rtabmap]: rtabmap (523): Rate=1.00s, Limit=0.000s, Conversion=0.0006s, RTAB-Map=0.0729s, Maps update=0.0019s pub=0.0154s delay=0.2649s (local map=242, WM=242)
[INFO] [1773309291.749709490] [rtabmap]: rtabmap (524): Rate=1.00s, Limit=0.000s, Conversion=0.0006s, RTAB-Map=0.0816s, Maps update=0.0013s pub=0.0119s delay=0.2777s (local map=242, WM=242)
[INFO] [1773309292.737362619] [rtabmap]: rtabmap (525): Rate=1.00s, Limit=0.000s, Conversion=0.0003s, RTAB-Map=0.0709s, Maps update=0.0013s pub=0.0095s delay=0.2652s (local map=242, WM=242)
[INFO] [1773309293.835606333] [rtabmap]: rtabmap (526): Rate=1.00s, Limit=0.000s, Conversion=0.0006s, RTAB-Map=0.0673s, Maps update=0.0013s pub=0.0096s delay=0.2637s (local map=242, WM=242)
[INFO] [1773309294.943343154] [rtabmap]: rtabmap (527): Rate=1.00s, Limit=0.000s, Conversion=0.0005s, RTAB-Map=0.0761s, Maps update=0.0013s pub=0.0109s delay=0.2713s (local map=242, WM=242)
[INFO] [1773309296.039371365] [rtabmap]: rtabmap (528): Rate=1.00s, Limit=0.000s, Conversion=0.0007s, RTAB-Map=0.0722s, Maps update=0.0013s pub=0.0133s delay=0.2674s (local map=242, WM=242)
[INFO] [1773309297.156611886] [rtabmap]: rtabmap (529): Rate=1.00s, Limit=0.000s, Conversion=0.0006s, RTAB-Map=0.0856s, Maps update=0.0013s pub=0.0126s delay=0.2855s (local map=242, WM=242)
[INFO] [1773309298.244910412] [rtabmap]: rtabmap (530): Rate=1.00s, Limit=0.000s, Conversion=0.0007s, RTAB-Map=0.0781s, Maps update=0.0013s pub=0.0126s delay=0.2739s (local map=242, WM=242)
[INFO] [1773309299.341912833] [rtabmap]: rtabmap (531): Rate=1.00s, Limit=0.000s, Conversion=0.0004s, RTAB-Map=0.0709s, Maps update=0.0013s pub=0.0127s delay=0.2699s (local map=242, WM=242)
[INFO] [1773309300.432858845] [rtabmap]: rtabmap (532): Rate=1.00s, Limit=0.000s, Conversion=0.0005s, RTAB-Map=0.0725s, Maps update=0.0014s pub=0.0123s delay=0.2619s (local map=242, WM=242)
[INFO] [1773309301.455992125] [rtabmap]: rtabmap (533): Rate=1.00s, Limit=0.000s, Conversion=0.0004s, RTAB-Map=0.0793s, Maps update=0.0014s pub=0.0131s delay=0.2839s (local map=242, WM=242)
[INFO] [1773309302.531397613] [rtabmap]: rtabmap (534): Rate=1.00s, Limit=0.000s, Conversion=0.0003s, RTAB-Map=0.0727s, Maps update=0.0014s pub=0.0111s delay=0.2593s (local map=242, WM=242)
[INFO] [1773309303.648445456] [rtabmap]: rtabmap (535): Rate=1.00s, Limit=0.000s, Conversion=0.0006s, RTAB-Map=0.0764s, Maps update=0.0016s pub=0.0149s delay=0.2773s (local map=242, WM=242)
[INFO] [1773309304.660047923] [rtabmap]: rtabmap (536): Rate=1.00s, Limit=0.000s, Conversion=0.0005s, RTAB-Map=0.0815s, Maps update=0.0013s pub=0.0127s delay=0.2889s (local map=242, WM=242)
[INFO] [1773309305.744363394] [rtabmap]: rtabmap (537): Rate=1.00s, Limit=0.000s, Conversion=0.0004s, RTAB-Map=0.0764s, Maps update=0.0022s pub=0.0109s delay=0.2731s (local map=242, WM=242)
[INFO] [1773309306.747016612] [rtabmap]: rtabmap (538): Rate=1.00s, Limit=0.000s, Conversion=0.0006s, RTAB-Map=0.0765s, Maps update=0.0017s pub=0.0137s delay=0.2757s (local map=242, WM=242)
[INFO] [1773309307.834140311] [rtabmap]: rtabmap (539): Rate=1.00s, Limit=0.000s, Conversion=0.0005s, RTAB-Map=0.0686s, Maps update=0.0014s pub=0.0133s delay=0.2621s (local map=242, WM=242)
[INFO] [1773309308.957992910] [rtabmap]: rtabmap (540): Rate=1.00s, Limit=0.000s, Conversion=0.0003s, RTAB-Map=0.0772s, Maps update=0.0013s pub=0.0133s delay=0.2872s (local map=242, WM=242)
[INFO] [1773309309.941675657] [rtabmap]: rtabmap (541): Rate=1.00s, Limit=0.000s, Conversion=0.0003s, RTAB-Map=0.0770s, Maps update=0.0013s pub=0.0111s delay=0.2708s (local map=242, WM=242)
[INFO] [1773309310.934994621] [rtabmap]: rtabmap (542): Rate=1.00s, Limit=0.000s, Conversion=0.0003s, RTAB-Map=0.0728s, Maps update=0.0017s pub=0.0134s delay=0.2637s (local map=242, WM=242)
[INFO] [1773309312.052276424] [rtabmap]: rtabmap (543): Rate=1.00s, Limit=0.000s, Conversion=0.0005s, RTAB-Map=0.0825s, Maps update=0.0012s pub=0.0147s delay=0.2802s (local map=242, WM=242)
[INFO] [1773309313.157950324] [rtabmap]: rtabmap (544): Rate=1.00s, Limit=0.000s, Conversion=0.0008s, RTAB-Map=0.0814s, Maps update=0.0015s pub=0.0129s delay=0.2868s (local map=242, WM=242)
[INFO] [1773309314.137336117] [rtabmap]: rtabmap (545): Rate=1.00s, Limit=0.000s, Conversion=0.0006s, RTAB-Map=0.0714s, Maps update=0.0013s pub=0.0110s delay=0.2662s (local map=242, WM=242)
[INFO] [1773309315.260454194] [rtabmap]: rtabmap (546): Rate=1.00s, Limit=0.000s, Conversion=0.0008s, RTAB-Map=0.0841s, Maps update=0.0013s pub=0.0138s delay=0.2897s (local map=242, WM=242)
[INFO] [1773309316.263603686] [rtabmap]: rtabmap (547): Rate=1.00s, Limit=0.000s, Conversion=0.0003s, RTAB-Map=0.0888s, Maps update=0.0018s pub=0.0124s delay=0.2925s (local map=242, WM=242)
[INFO] [1773309317.355131543] [rtabmap]: rtabmap (548): Rate=1.00s, Limit=0.000s, Conversion=0.0004s, RTAB-Map=0.0846s, Maps update=0.0012s pub=0.0127s delay=0.2839s (local map=242, WM=242)
[INFO] [1773309318.444715906] [rtabmap]: rtabmap (549): Rate=1.00s, Limit=0.000s, Conversion=0.0005s, RTAB-Map=0.0746s, Maps update=0.0014s pub=0.0101s delay=0.2735s (local map=242, WM=242)
[INFO] [1773309319.541218854] [rtabmap]: rtabmap (550): Rate=1.00s, Limit=0.000s, Conversion=0.0004s, RTAB-Map=0.0775s, Maps update=0.0016s pub=0.0145s delay=0.2701s (local map=242, WM=242)
[INFO] [1773309320.541019394] [rtabmap]: rtabmap (551): Rate=1.00s, Limit=0.000s, Conversion=0.0006s, RTAB-Map=0.0754s, Maps update=0.0014s pub=0.0105s delay=0.2698s (local map=242, WM=242)
[INFO] [1773309321.545812017] [rtabmap]: rtabmap (552): Rate=1.00s, Limit=0.000s, Conversion=0.0003s, RTAB-Map=0.0782s, Maps update=0.0013s pub=0.0115s delay=0.2744s (local map=242, WM=242)
[INFO] [1773309322.642676385] [rtabmap]: rtabmap (553): Rate=1.00s, Limit=0.000s, Conversion=0.0004s, RTAB-Map=0.0761s, Maps update=0.0013s pub=0.0098s delay=0.2716s (local map=242, WM=242)
[INFO] [1773309323.646376297] [rtabmap]: rtabmap (554): Rate=1.00s, Limit=0.000s, Conversion=0.0005s, RTAB-Map=0.0798s, Maps update=0.0019s pub=0.0133s delay=0.2752s (local map=242, WM=242)
[INFO] [1773309324.744032053] [rtabmap]: rtabmap (555): Rate=1.00s, Limit=0.000s, Conversion=0.0003s, RTAB-Map=0.0765s, Maps update=0.0017s pub=0.0135s delay=0.2729s (local map=242, WM=242)
[INFO] [1773309325.736959867] [rtabmap]: rtabmap (556): Rate=1.00s, Limit=0.000s, Conversion=0.0005s, RTAB-Map=0.0693s, Maps update=0.0015s pub=0.0135s delay=0.2658s (local map=242, WM=242)
[INFO] [1773309326.751175388] [rtabmap]: rtabmap (557): Rate=1.00s, Limit=0.000s, Conversion=0.0005s, RTAB-Map=0.0727s, Maps update=0.0013s pub=0.0120s delay=0.2799s (local map=242, WM=242)
[INFO] [1773309327.841799053] [rtabmap]: rtabmap (558): Rate=1.00s, Limit=0.000s, Conversion=0.0005s, RTAB-Map=0.0716s, Maps update=0.0013s pub=0.0108s delay=0.2705s (local map=242, WM=242)
[INFO] [1773309328.942471493] [rtabmap]: rtabmap (559): Rate=1.00s, Limit=0.000s, Conversion=0.0005s, RTAB-Map=0.0766s, Maps update=0.0013s pub=0.0111s delay=0.2711s (local map=242, WM=242)
[INFO] [1773309329.954214744] [rtabmap]: rtabmap (560): Rate=1.00s, Limit=0.000s, Conversion=0.0005s, RTAB-Map=0.0757s, Maps update=0.0013s pub=0.0126s delay=0.2829s (local map=242, WM=242)
[INFO] [1773309331.046727513] [rtabmap]: rtabmap (561): Rate=1.00s, Limit=0.000s, Conversion=0.0004s, RTAB-Map=0.0792s, Maps update=0.0013s pub=0.0105s delay=0.2754s (local map=242, WM=242)
[INFO] [1773309332.162823704] [rtabmap]: rtabmap (562): Rate=1.00s, Limit=0.000s, Conversion=0.0009s, RTAB-Map=0.0888s, Maps update=0.0013s pub=0.0128s delay=0.2915s (local map=242, WM=242)
[INFO] [1773309333.240768261] [rtabmap]: rtabmap (563): Rate=1.00s, Limit=0.000s, Conversion=0.0005s, RTAB-Map=0.0768s, Maps update=0.0017s pub=0.0128s delay=0.2699s (local map=242, WM=242)
[INFO] [1773309334.336495164] [rtabmap]: rtabmap (564): Rate=1.00s, Limit=0.000s, Conversion=0.0005s, RTAB-Map=0.0740s, Maps update=0.0013s pub=0.0107s delay=0.2657s (local map=242, WM=242)
[INFO] [1773309335.335308380] [rtabmap]: rtabmap (565): Rate=1.00s, Limit=0.000s, Conversion=0.0004s, RTAB-Map=0.0711s, Maps update=0.0027s pub=0.0137s delay=0.2643s (local map=242, WM=242)
[INFO] [1773309336.346481408] [rtabmap]: rtabmap (566): Rate=1.00s, Limit=0.000s, Conversion=0.0005s, RTAB-Map=0.0752s, Maps update=0.0017s pub=0.0127s delay=0.2752s (local map=242, WM=242)
[INFO] [1773309337.348717213] [rtabmap]: rtabmap (567): Rate=1.00s, Limit=0.000s, Conversion=0.0005s, RTAB-Map=0.0816s, Maps update=0.0013s pub=0.0116s delay=0.2773s (local map=242, WM=242)
[INFO] [1773309338.447642536] [rtabmap]: rtabmap (568): Rate=1.00s, Limit=0.000s, Conversion=0.0005s, RTAB-Map=0.0723s, Maps update=0.0013s pub=0.0162s delay=0.2768s (local map=242, WM=242)
[INFO] [1773309339.548925578] [rtabmap]: rtabmap (569): Rate=1.00s, Limit=0.000s, Conversion=0.0005s, RTAB-Map=0.0719s, Maps update=0.0015s pub=0.0101s delay=0.2781s (local map=242, WM=242)
[INFO] [1773309340.542955131] [rtabmap]: rtabmap (570): Rate=1.00s, Limit=0.000s, Conversion=0.0004s, RTAB-Map=0.0699s, Maps update=0.0013s pub=0.0144s delay=0.2720s (local map=242, WM=242)
[INFO] [1773309341.653948800] [rtabmap]: rtabmap (571): Rate=1.00s, Limit=0.000s, Conversion=0.0003s, RTAB-Map=0.0722s, Maps update=0.0013s pub=0.0130s delay=0.2831s (local map=242, WM=242)
[INFO] [1773309342.748645041] [rtabmap]: rtabmap (572): Rate=1.00s, Limit=0.000s, Conversion=0.0005s, RTAB-Map=0.0852s, Maps update=0.0013s pub=0.0117s delay=0.2779s (local map=242, WM=242)
[INFO] [1773309343.738137180] [rtabmap]: rtabmap (573): Rate=1.00s, Limit=0.000s, Conversion=0.0006s, RTAB-Map=0.0705s, Maps update=0.0015s pub=0.0108s delay=0.2667s (local map=242, WM=242)
[INFO] [1773309344.733201299] [rtabmap]: rtabmap (574): Rate=1.00s, Limit=0.000s, Conversion=0.0005s, RTAB-Map=0.0711s, Maps update=0.0014s pub=0.0115s delay=0.2618s (local map=242, WM=242)
[INFO] [1773309345.853690227] [rtabmap]: rtabmap (575): Rate=1.00s, Limit=0.000s, Conversion=0.0003s, RTAB-Map=0.0808s, Maps update=0.0012s pub=0.0118s delay=0.2829s (local map=242, WM=242)
[INFO] [1773309346.852616247] [rtabmap]: rtabmap (576): Rate=1.00s, Limit=0.000s, Conversion=0.0006s, RTAB-Map=0.0742s, Maps update=0.0013s pub=0.0112s delay=0.2818s (local map=242, WM=242)
[INFO] [1773309347.954844508] [rtabmap]: rtabmap (577): Rate=1.00s, Limit=0.000s, Conversion=0.0005s, RTAB-Map=0.0836s, Maps update=0.0016s pub=0.0172s delay=0.2839s (local map=242, WM=242)
[INFO] [1773309349.045301458] [rtabmap]: rtabmap (578): Rate=1.00s, Limit=0.000s, Conversion=0.0012s, RTAB-Map=0.0746s, Maps update=0.0013s pub=0.0119s delay=0.2744s (local map=242, WM=242)
[INFO] [1773309350.150644968] [rtabmap]: rtabmap (579): Rate=1.00s, Limit=0.000s, Conversion=0.0005s, RTAB-Map=0.0807s, Maps update=0.0013s pub=0.0129s delay=0.2797s (local map=242, WM=242)
[INFO] [1773309351.237972620] [rtabmap]: rtabmap (580): Rate=1.00s, Limit=0.000s, Conversion=0.0004s, RTAB-Map=0.0736s, Maps update=0.0013s pub=0.0111s delay=0.2672s (local map=242, WM=242)
[INFO] [1773309352.237448388] [rtabmap]: rtabmap (581): Rate=1.00s, Limit=0.000s, Conversion=0.0005s, RTAB-Map=0.0730s, Maps update=0.0014s pub=0.0142s delay=0.2666s (local map=242, WM=242)
[INFO] [1773309353.262663177] [rtabmap]: rtabmap (582): Rate=1.00s, Limit=0.000s, Conversion=0.0003s, RTAB-Map=0.0870s, Maps update=0.0015s pub=0.0137s delay=0.2912s (local map=242, WM=242)
[INFO] [1773309354.326772284] [rtabmap]: rtabmap (583): Rate=1.00s, Limit=0.000s, Conversion=0.0005s, RTAB-Map=0.0649s, Maps update=0.0013s pub=0.0139s delay=0.2559s (local map=242, WM=242)
[INFO] [1773309355.358417036] [rtabmap]: rtabmap (584): Rate=1.00s, Limit=0.000s, Conversion=0.0107s, RTAB-Map=0.0788s, Maps update=0.0013s pub=0.0124s delay=0.2875s (local map=242, WM=242)
[INFO] [1773309356.355704917] [rtabmap]: rtabmap (585): Rate=1.00s, Limit=0.000s, Conversion=0.0003s, RTAB-Map=0.0746s, Maps update=0.0015s pub=0.0185s delay=0.2847s (local map=242, WM=242)
[INFO] [1773309357.449738349] [rtabmap]: rtabmap (586): Rate=1.00s, Limit=0.000s, Conversion=0.0005s, RTAB-Map=0.0864s, Maps update=0.0016s pub=0.0140s delay=0.2790s (local map=242, WM=242)
[INFO] [1773309358.458785444] [rtabmap]: rtabmap (587): Rate=1.00s, Limit=0.000s, Conversion=0.0005s, RTAB-Map=0.0791s, Maps update=0.0013s pub=0.0118s delay=0.2880s (local map=242, WM=242)
[INFO] [1773309359.542203896] [rtabmap]: rtabmap (588): Rate=1.00s, Limit=0.000s, Conversion=0.0005s, RTAB-Map=0.0745s, Maps update=0.0014s pub=0.0113s delay=0.2713s (local map=242, WM=242)
[INFO] [1773309360.644013965] [rtabmap]: rtabmap (589): Rate=1.00s, Limit=0.000s, Conversion=0.0004s, RTAB-Map=0.0736s, Maps update=0.0014s pub=0.0166s delay=0.2733s (local map=242, WM=242)
[INFO] [1773309361.742046712] [rtabmap]: rtabmap (590): Rate=1.00s, Limit=0.000s, Conversion=0.0005s, RTAB-Map=0.0735s, Maps update=0.0013s pub=0.0148s delay=0.2713s (local map=242, WM=242)
[INFO] [1773309362.849473691] [rtabmap]: rtabmap (591): Rate=1.00s, Limit=0.000s, Conversion=0.0004s, RTAB-Map=0.0738s, Maps update=0.0013s pub=0.0143s delay=0.2788s (local map=242, WM=242)
[INFO] [1773309363.858010494] [rtabmap]: rtabmap (592): Rate=1.00s, Limit=0.000s, Conversion=0.0005s, RTAB-Map=0.0751s, Maps update=0.0018s pub=0.0155s delay=0.2872s (local map=242, WM=242)
[INFO] [1773309364.853113111] [rtabmap]: rtabmap (593): Rate=1.00s, Limit=0.000s, Conversion=0.0004s, RTAB-Map=0.0817s, Maps update=0.0013s pub=0.0127s delay=0.2822s (local map=242, WM=242)
[INFO] [1773309365.950774708] [rtabmap]: rtabmap (594): Rate=1.00s, Limit=0.000s, Conversion=0.0004s, RTAB-Map=0.0782s, Maps update=0.0013s pub=0.0099s delay=0.2800s (local map=242, WM=242)
[INFO] [1773309366.942160133] [rtabmap]: rtabmap (595): Rate=1.00s, Limit=0.000s, Conversion=0.0003s, RTAB-Map=0.0773s, Maps update=0.0019s pub=0.0126s delay=0.2713s (local map=242, WM=242)
[INFO] [1773309367.948613724] [rtabmap]: rtabmap (596): Rate=1.00s, Limit=0.000s, Conversion=0.0003s, RTAB-Map=0.0794s, Maps update=0.0014s pub=0.0109s delay=0.2777s (local map=242, WM=242)
[INFO] [1773309368.945135624] [rtabmap]: rtabmap (597): Rate=1.00s, Limit=0.000s, Conversion=0.0004s, RTAB-Map=0.0723s, Maps update=0.0013s pub=0.0109s delay=0.2742s (local map=242, WM=242)
[INFO] [1773309370.062047749] [rtabmap]: rtabmap (598): Rate=1.00s, Limit=0.000s, Conversion=0.0004s, RTAB-Map=0.0816s, Maps update=0.0013s pub=0.0128s delay=0.2911s (local map=242, WM=242)
[INFO] [1773309371.142369353] [rtabmap]: rtabmap (599): Rate=1.00s, Limit=0.000s, Conversion=0.0004s, RTAB-Map=0.0688s, Maps update=0.0014s pub=0.0141s delay=0.2714s (local map=242, WM=242)
[INFO] [1773309372.239885825] [rtabmap]: rtabmap (600): Rate=1.00s, Limit=0.000s, Conversion=0.0004s, RTAB-Map=0.0729s, Maps update=0.0015s pub=0.0126s delay=0.2690s (local map=242, WM=242)
[INFO] [1773309373.240411968] [rtabmap]: rtabmap (601): Rate=1.00s, Limit=0.000s, Conversion=0.0004s, RTAB-Map=0.0689s, Maps update=0.0020s pub=0.0141s delay=0.2695s (local map=242, WM=242)
[INFO] [1773309374.238623498] [rtabmap]: rtabmap (602): Rate=1.00s, Limit=0.000s, Conversion=0.0004s, RTAB-Map=0.0700s, Maps update=0.0013s pub=0.0114s delay=0.2677s (local map=242, WM=242)
[INFO] [1773309375.254615294] [rtabmap]: rtabmap (603): Rate=1.00s, Limit=0.000s, Conversion=0.0106s, RTAB-Map=0.0826s, Maps update=0.0015s pub=0.0128s delay=0.2836s (local map=242, WM=242)
[INFO] [1773309376.341947106] [rtabmap]: rtabmap (604): Rate=1.00s, Limit=0.000s, Conversion=0.0004s, RTAB-Map=0.0738s, Maps update=0.0014s pub=0.0131s delay=0.2711s (local map=242, WM=242)
[INFO] [1773309377.342194710] [rtabmap]: rtabmap (605): Rate=1.00s, Limit=0.000s, Conversion=0.0006s, RTAB-Map=0.0732s, Maps update=0.0018s pub=0.0123s delay=0.2712s (local map=242, WM=242)
[INFO] [1773309378.338770372] [rtabmap]: rtabmap (606): Rate=1.00s, Limit=0.000s, Conversion=0.0005s, RTAB-Map=0.0710s, Maps update=0.0013s pub=0.0117s delay=0.2677s (local map=242, WM=242)
[INFO] [1773309379.432355181] [rtabmap]: rtabmap (607): Rate=1.00s, Limit=0.000s, Conversion=0.0004s, RTAB-Map=0.0736s, Maps update=0.0014s pub=0.0128s delay=0.2614s (local map=242, WM=242)
[INFO] [1773309380.443268551] [rtabmap]: rtabmap (608): Rate=1.00s, Limit=0.000s, Conversion=0.0005s, RTAB-Map=0.0709s, Maps update=0.0013s pub=0.0122s delay=0.2723s (local map=242, WM=242)
[INFO] [1773309381.544257694] [rtabmap]: rtabmap (609): Rate=1.00s, Limit=0.000s, Conversion=0.0008s, RTAB-Map=0.0755s, Maps update=0.0013s pub=0.0113s delay=0.2732s (local map=242, WM=242)
[INFO] [1773309382.639773645] [rtabmap]: rtabmap (610): Rate=1.00s, Limit=0.000s, Conversion=0.0005s, RTAB-Map=0.0747s, Maps update=0.0014s pub=0.0119s delay=0.2689s (local map=242, WM=242)
[INFO] [1773309383.630712653] [rtabmap]: rtabmap (611): Rate=1.00s, Limit=0.000s, Conversion=0.0005s, RTAB-Map=0.0733s, Maps update=0.0013s pub=0.0103s delay=0.2598s (local map=242, WM=242)
[INFO] [1773309384.650550830] [rtabmap]: rtabmap (612): Rate=1.00s, Limit=0.000s, Conversion=0.0003s, RTAB-Map=0.0782s, Maps update=0.0014s pub=0.0128s delay=0.2796s (local map=242, WM=242)
[INFO] [1773309385.750328441] [rtabmap]: rtabmap (613): Rate=1.00s, Limit=0.000s, Conversion=0.0004s, RTAB-Map=0.0766s, Maps update=0.0015s pub=0.0094s delay=0.2793s (local map=242, WM=242)
[INFO] [1773309386.849209859] [rtabmap]: rtabmap (614): Rate=1.00s, Limit=0.000s, Conversion=0.0003s, RTAB-Map=0.0781s, Maps update=0.0018s pub=0.0157s delay=0.2782s (local map=242, WM=242)
[INFO] [1773309387.861425069] [rtabmap]: rtabmap (615): Rate=1.00s, Limit=0.000s, Conversion=0.0004s, RTAB-Map=0.0836s, Maps update=0.0013s pub=0.0120s delay=0.2904s (local map=242, WM=242)
[INFO] [1773309388.841358715] [rtabmap]: rtabmap (616): Rate=1.00s, Limit=0.000s, Conversion=0.0004s, RTAB-Map=0.0729s, Maps update=0.0013s pub=0.0122s delay=0.2703s (local map=242, WM=242)
[INFO] [1773309389.944339386] [rtabmap]: rtabmap (617): Rate=1.00s, Limit=0.000s, Conversion=0.0005s, RTAB-Map=0.0707s, Maps update=0.0015s pub=0.0138s delay=0.2732s (local map=242, WM=242)
[INFO] [1773309391.042380518] [rtabmap]: rtabmap (618): Rate=1.00s, Limit=0.000s, Conversion=0.0007s, RTAB-Map=0.0740s, Maps update=0.0014s pub=0.0131s delay=0.2713s (local map=242, WM=242)
[INFO] [1773309392.156429594] [rtabmap]: rtabmap (619): Rate=1.00s, Limit=0.000s, Conversion=0.0004s, RTAB-Map=0.0774s, Maps update=0.0015s pub=0.0133s delay=0.2853s (local map=242, WM=242)
[INFO] [1773309393.247610059] [rtabmap]: rtabmap (620): Rate=1.00s, Limit=0.000s, Conversion=0.0005s, RTAB-Map=0.0857s, Maps update=0.0018s pub=0.0143s delay=0.2765s (local map=242, WM=242)
[INFO] [1773309394.357672814] [rtabmap]: rtabmap (621): Rate=1.00s, Limit=0.000s, Conversion=0.0005s, RTAB-Map=0.0847s, Maps update=0.0012s pub=0.0115s delay=0.2865s (local map=242, WM=242)
[INFO] [1773309395.445766797] [rtabmap]: rtabmap (622): Rate=1.00s, Limit=0.000s, Conversion=0.0003s, RTAB-Map=0.0714s, Maps update=0.0013s pub=0.0161s delay=0.2746s (local map=242, WM=242)
[INFO] [1773309396.569296476] [rtabmap]: rtabmap (623): Rate=1.00s, Limit=0.000s, Conversion=0.0004s, RTAB-Map=0.0871s, Maps update=0.0012s pub=0.0110s delay=0.2982s (local map=242, WM=242)
[INFO] [1773309397.554033882] [rtabmap]: rtabmap (624): Rate=1.00s, Limit=0.000s, Conversion=0.0004s, RTAB-Map=0.0774s, Maps update=0.0016s pub=0.0183s delay=0.2829s (local map=242, WM=242)
[INFO] [1773309398.638259500] [rtabmap]: rtabmap (625): Rate=1.00s, Limit=0.000s, Conversion=0.0006s, RTAB-Map=0.0727s, Maps update=0.0013s pub=0.0128s delay=0.2672s (local map=242, WM=242)
[INFO] [1773309399.639631850] [rtabmap]: rtabmap (626): Rate=1.00s, Limit=0.000s, Conversion=0.0004s, RTAB-Map=0.0705s, Maps update=0.0013s pub=0.0105s delay=0.2686s (local map=242, WM=242)
[INFO] [1773309400.750000056] [rtabmap]: rtabmap (627): Rate=1.00s, Limit=0.000s, Conversion=0.0004s, RTAB-Map=0.0804s, Maps update=0.0013s pub=0.0114s delay=0.2789s (local map=242, WM=242)
[INFO] [1773309401.839726355] [rtabmap]: rtabmap (628): Rate=1.00s, Limit=0.000s, Conversion=0.0004s, RTAB-Map=0.0704s, Maps update=0.0013s pub=0.0106s delay=0.2686s (local map=242, WM=242)
[INFO] [1773309402.861094028] [rtabmap]: rtabmap (629): Rate=1.00s, Limit=0.000s, Conversion=0.0005s, RTAB-Map=0.0809s, Maps update=0.0016s pub=0.0162s delay=0.2899s (local map=242, WM=242)
[INFO] [1773309403.847893076] [rtabmap]: rtabmap (630): Rate=1.00s, Limit=0.000s, Conversion=0.0003s, RTAB-Map=0.0754s, Maps update=0.0013s pub=0.0113s delay=0.2767s (local map=242, WM=242)
[INFO] [1773309404.956672296] [rtabmap]: rtabmap (631): Rate=1.00s, Limit=0.000s, Conversion=0.0005s, RTAB-Map=0.0782s, Maps update=0.0014s pub=0.0221s delay=0.2855s (local map=242, WM=242)
[INFO] [1773309405.955046264] [rtabmap]: rtabmap (632): Rate=1.00s, Limit=0.000s, Conversion=0.0004s, RTAB-Map=0.0804s, Maps update=0.0014s pub=0.0108s delay=0.2838s (local map=242, WM=242)
[INFO] [1773309407.084259575] [rtabmap]: rtabmap (633): Rate=1.00s, Limit=0.000s, Conversion=0.0106s, RTAB-Map=0.0866s, Maps update=0.0016s pub=0.0257s delay=0.3131s (local map=242, WM=242)
[INFO] [1773309408.035285540] [rtabmap]: rtabmap (634): Rate=1.00s, Limit=0.000s, Conversion=0.0004s, RTAB-Map=0.0745s, Maps update=0.0013s pub=0.0110s delay=0.2640s (local map=242, WM=242)
[INFO] [1773309409.149450269] [rtabmap]: rtabmap (635): Rate=1.00s, Limit=0.000s, Conversion=0.0004s, RTAB-Map=0.0807s, Maps update=0.0013s pub=0.0090s delay=0.2782s (local map=242, WM=242)
[INFO] [1773309410.243693085] [rtabmap]: rtabmap (636): Rate=1.00s, Limit=0.000s, Conversion=0.0004s, RTAB-Map=0.0707s, Maps update=0.0013s pub=0.0149s delay=0.2725s (local map=242, WM=242)
[INFO] [1773309411.271258616] [rtabmap]: rtabmap (637): Rate=1.00s, Limit=0.000s, Conversion=0.0003s, RTAB-Map=0.0872s, Maps update=0.0012s pub=0.0132s delay=0.3000s (local map=242, WM=242)
[INFO] [1773309412.250452715] [rtabmap]: rtabmap (638): Rate=1.00s, Limit=0.000s, Conversion=0.0004s, RTAB-Map=0.0765s, Maps update=0.0015s pub=0.0130s delay=0.2791s (local map=242, WM=242)
[INFO] [1773309413.270222921] [rtabmap]: rtabmap (639): Rate=1.00s, Limit=0.000s, Conversion=0.0106s, RTAB-Map=0.0929s, Maps update=0.0014s pub=0.0100s delay=0.2989s (local map=242, WM=242)
[INFO] [1773309414.370210588] [rtabmap]: rtabmap (640): Rate=1.00s, Limit=0.000s, Conversion=0.0004s, RTAB-Map=0.0854s, Maps update=0.0015s pub=0.0109s delay=0.2990s (local map=242, WM=242)
[INFO] [1773309415.441095302] [rtabmap]: rtabmap (641): Rate=1.00s, Limit=0.000s, Conversion=0.0004s, RTAB-Map=0.0739s, Maps update=0.0013s pub=0.0104s delay=0.2698s (local map=242, WM=242)
[INFO] [1773309416.597504135] [rtabmap]: rtabmap (642): Rate=1.00s, Limit=0.000s, Conversion=0.0106s, RTAB-Map=0.0927s, Maps update=0.0019s pub=0.0164s delay=0.3261s (local map=242, WM=242)
[INFO] [1773309417.709837117] [rtabmap]: rtabmap (643): Rate=1.00s, Limit=0.000s, Conversion=0.0003s, RTAB-Map=0.0983s, Maps update=0.0015s pub=0.0178s delay=0.3387s (local map=242, WM=242)
[INFO] [1773309418.849479865] [rtabmap]: rtabmap (644): Rate=1.00s, Limit=0.000s, Conversion=0.0004s, RTAB-Map=0.1252s, Maps update=0.0018s pub=0.0173s delay=0.3781s (local map=242, WM=242)
[INFO] [1773309419.741223247] [rtabmap]: rtabmap (645): Rate=1.00s, Limit=0.000s, Conversion=0.0005s, RTAB-Map=0.0697s, Maps update=0.0013s pub=0.0117s delay=0.2698s (local map=242, WM=242)
[INFO] [1773309420.834841657] [rtabmap]: rtabmap (646): Rate=1.00s, Limit=0.000s, Conversion=0.0004s, RTAB-Map=0.0650s, Maps update=0.0014s pub=0.0117s delay=0.2634s (local map=242, WM=242)
[INFO] [1773309421.941882861] [rtabmap]: rtabmap (647): Rate=1.00s, Limit=0.000s, Conversion=0.0005s, RTAB-Map=0.0734s, Maps update=0.0017s pub=0.0120s delay=0.2705s (local map=242, WM=242)
[INFO] [1773309422.957712507] [rtabmap]: rtabmap (648): Rate=1.00s, Limit=0.000s, Conversion=0.0003s, RTAB-Map=0.0845s, Maps update=0.0013s pub=0.0111s delay=0.2863s (local map=242, WM=242)
[INFO] [1773309424.048760423] [rtabmap]: rtabmap (649): Rate=1.00s, Limit=0.000s, Conversion=0.0003s, RTAB-Map=0.0836s, Maps update=0.0012s pub=0.0105s delay=0.2775s (local map=242, WM=242)
[INFO] [1773309425.042928381] [rtabmap]: rtabmap (650): Rate=1.00s, Limit=0.000s, Conversion=0.0004s, RTAB-Map=0.0762s, Maps update=0.0013s pub=0.0105s delay=0.2716s (local map=242, WM=242)
[INFO] [1773309426.145346409] [rtabmap]: rtabmap (651): Rate=1.00s, Limit=0.000s, Conversion=0.0003s, RTAB-Map=0.0805s, Maps update=0.0013s pub=0.0108s delay=0.2739s (local map=242, WM=242)
[INFO] [1773309427.240297699] [rtabmap]: rtabmap (652): Rate=1.00s, Limit=0.000s, Conversion=0.0004s, RTAB-Map=0.0791s, Maps update=0.0015s pub=0.0118s delay=0.2690s (local map=242, WM=242)
[INFO] [1773309428.273502988] [rtabmap]: rtabmap (653): Rate=1.00s, Limit=0.000s, Conversion=0.0003s, RTAB-Map=0.0896s, Maps update=0.0013s pub=0.0143s delay=0.3020s (local map=242, WM=242)
[INFO] [1773309429.502699346] [rtabmap]: rtabmap (654): Rate=1.00s, Limit=0.000s, Conversion=0.0003s, RTAB-Map=0.1441s, Maps update=0.0018s pub=0.0475s delay=0.4312s (local map=242, WM=242)
[INFO] [1773309430.572315278] [rtabmap]: rtabmap (655): Rate=1.00s, Limit=0.000s, Conversion=0.0003s, RTAB-Map=0.1441s, Maps update=0.0014s pub=0.0192s delay=0.4008s (local map=242, WM=242)
[INFO] [1773309431.663707568] [rtabmap]: rtabmap (656): Rate=1.00s, Limit=0.000s, Conversion=0.0003s, RTAB-Map=0.1280s, Maps update=0.0013s pub=0.0259s delay=0.3923s (local map=242, WM=242)
[INFO] [1773309432.758549274] [rtabmap]: rtabmap (657): Rate=1.00s, Limit=0.000s, Conversion=0.0003s, RTAB-Map=0.1504s, Maps update=0.0018s pub=0.0109s delay=0.3872s (local map=242, WM=242)
[INFO] [1773309433.809173058] [rtabmap]: rtabmap (658): Rate=1.00s, Limit=0.000s, Conversion=0.0004s, RTAB-Map=0.0859s, Maps update=0.0015s pub=0.0196s delay=0.3377s (local map=242, WM=242)
[INFO] [1773309434.862975931] [rtabmap]: rtabmap (659): Rate=1.00s, Limit=0.000s, Conversion=0.0003s, RTAB-Map=0.1037s, Maps update=0.0026s pub=0.0319s delay=0.3915s (local map=242, WM=242)
[INFO] [1773309435.835593106] [rtabmap]: rtabmap (660): Rate=1.00s, Limit=0.000s, Conversion=0.0019s, RTAB-Map=0.1345s, Maps update=0.0016s pub=0.0202s delay=0.3640s (local map=242, WM=242)
[INFO] [1773309436.963644822] [rtabmap]: rtabmap (661): Rate=1.00s, Limit=0.000s, Conversion=0.0106s, RTAB-Map=0.1081s, Maps update=0.0015s pub=0.0235s delay=0.3917s (local map=242, WM=242)
[INFO] [1773309437.971128643] [rtabmap]: rtabmap (662): Rate=1.00s, Limit=0.000s, Conversion=0.0106s, RTAB-Map=0.0865s, Maps update=0.0014s pub=0.0130s delay=0.2998s (local map=242, WM=242)
[INFO] [1773309439.323856366] [rtabmap]: rtabmap (663): Rate=1.00s, Limit=0.000s, Conversion=0.0004s, RTAB-Map=0.0937s, Maps update=0.0015s pub=0.0470s delay=0.3524s (local map=242, WM=242)
[INFO] [1773309440.597185462] [rtabmap]: rtabmap (664): Rate=1.00s,