<?xml version="1.0" encoding="UTF-8" standalone="no" ?>
<COLLADA version="1.4.1" xmlns="http://www.collada.org/2005/11/COLLADASchema">

  <asset>
    <created>2024-08-06T08:21:37</created>
    <modified>2024-08-06T08:21:37</modified>
    <unit meter="1" name="meters"/>
    <up_axis>Z_UP</up_axis>
  </asset>

  <library_materials>
    <material id="ID9" name="ID9">
      <instance_effect url="#ID9-fx"/>
    </material>
  </library_materials>

  <library_effects>
    <effect id="ID9-fx" name="ID9">
      <profile_COMMON>
        <technique sid="COMMON">
          <lambert>
            <diffuse>
              <color sid="diffuse">0.647059 0.647059 0.647059 1</color>
            </diffuse>
            <transparent opaque="A_ONE">
              <color sid="transparent">1 1 1 1</color>
            </transparent>
            <transparency>
              <float sid="transparency">1</float>
            </transparency>
          </lambert>
        </technique>
        <extra>
          <technique profile="OTHER">
            <double_sided>1</double_sided>
          </technique>
        </extra>
      </profile_COMMON>
    </effect>
  </library_effects>

  <library_geometries>
    <geometry id="ID3">
      <mesh>
        <source id="ID4">
          <float_array count="7614" id="ID5">0.00138296 -0.000974847 0.00261704 0.00164886 -0.000763932 0.017 0.00171612 -0.000716118 0.00228388 0.00212791 -0.000465133 0.00253487 0.00218404 -0.000435974 0.017 0.00276393 -0.000195774 0.017 0.00257196 -0.000263598 0.0027364 0.003039 -0.000117155 0.00288285 0.00337426 -4.92466e-05 0.017 0.004 0 0.017 0.00351863 -2.90708e-05 0.00297093 0.004 0 0.003 0.00117157 -0.00117157 0.017 0.00106914 -0.00127813 0.00293086 0.000763932 -0.00164886 0.017 0.000780061 -0.0016271 0.00321994 0.000435974 -0.00218404 0.017 0.000522905 -0.00202289 0.00347709 0.000306423 -0.00246466 0.00369358 0.000195774 -0.00276393 0.017 0.000140683 -0.00294832 0.00385932 4.92466e-05 -0.00337426 0.017 0 -0.004 0.017 3.5872e-05 -0.00346493 0.00396413 0 -0.004 0.004 0.0842199 -0.0016271 0.00321994 0.0839309 -0.00127813 0.00293086 0.0842361 -0.00164886 0.017 0.084564 -0.00218404 0.017 0.0844771 -0.00202289 0.00347709 0.0846936 -0.00246466 0.00369358 0.0848042 -0.00276393 0.017 0.0849508 -0.00337426 0.017 0.0848593 -0.00294832 0.00385932 0.085 -0.004 0.017 0.0849641 -0.00346493 0.00396413 0.085 -0.004 0.004 0.0838284 -0.00117157 0.017 0.083617 -0.000974847 0.00261704 0.0833511 -0.000763932 0.017 0.082816 -0.000435974 0.017 0.0832839 -0.000716118 0.00228388 0.082428 -0.000263598 0.0027364 0.0828721 -0.000465133 0.00253487 0.081961 -0.000117155 0.00288285 0.0822361 -0.000195774 0.017 0.0816257 -4.92466e-05 0.017 0.0814814 -2.90708e-05 0.00297093 0.081 0 0.017 0.081 0 0.003 0.00104849 -0.0286989 0.00669894 0.000763932 -0.0283511 0.017 0.000787698 -0.0283826 0.00638263 0.000435974 -0.027816 0.017 0.00038377 -0.027709 0.00570896 0.000566726 -0.0280515 0.0060515 0.000237383 -0.0273578 0.00535783 0.000195774 -0.0272361 0.017 4.92466e-05 -0.0266257 0.017 0.000127017 -0.027 0.00387298 0.000127017 -0.027 0.005 -4.44089e-19 -0.026 0.017 3.1867e-05 -0.0265038 0.00396813 2.22045e-19 -0.026 0.004 0.00117157 -0.0288284 0.017 0.00135075 -0.0289962 0.00699622 0.00164886 -0.0292361 0.017 0.00169589 -0.0292692 0.00726915 0.00208449 -0.0295111 0.00751111 0.00251546 -0.0297141 0.00771409 0.00218404 -0.029564 0.017 0.00298472 -0.029869 0.007869 0.00276393 -0.0298042 0.017 0.00337426 -0.0299508 0.017 0.00348397 -0.0299667 0.00796671 0.004 -0.03 0.017 0.004 -0.03 0.008 0.0836493 -0.0289974 0.00699739 0.0833511 -0.0292361 0.017 0.0833038 -0.0292704 0.00727043 0.082816 -0.029564 0.017 0.0829146 -0.0295124 0.00751235 0.0822361 -0.0298042 0.017 0.0824831 -0.029715 0.00771502 0.0820136 -0.0298693 0.00786933 0.0816257 -0.0299508 0.017 0.081 -0.03 0.017 0.0815156 -0.0299664 0.00796638 0.081 -0.03 0.008 0.0838284 -0.0288284 0.017 0.0839519 -0.0286999 0.00669993 0.0842361 -0.0283511 0.017 0.0842128 -0.0283834 0.00638341 0.0844339 -0.0280521 0.00605208 0.0846166 -0.0277093 0.00570931 0.084564 -0.027816 0.017 0.0847626 -0.0273579 0.00535786 0.0848042 -0.0272361 0.017 0.084873 -0.027 0.005 0.0849508 -0.0266257 0.017 0.084873 -0.027 0.00387298 0.0849681 -0.0265038 0.00396813 0.085 -0.026 0.017 0.085 -0.026 0.004 0.004 -0.027 -2.66454e-18 0.00364036 -0.0132779 0.000359576 0.004 -0.0135598 -6.39044e-15 0.0029899 -0.0125694 0.00101008 0.00330164 -0.0129484 0.000698306 0.000127017 -0.027 0.00387298 2.22045e-19 -0.026 0.004 0.00230134 -0.0111374 0.0016986 0.00271276 -0.0121399 0.00128714 0.00218864 -0.0105785 0.00181125 3.1867e-05 -0.0265038 0.00396813 0.00218868 -0.0094213 0.00181122 0.00215 -0.01 0.00185 0.00106914 -0.00127813 0.00293086 0.000522905 -0.00202289 0.00347709 0.000780061 -0.0016271 0.00321994 0.00171612 -0.000716118 0.00228388 0.00138296 -0.000974847 0.00261704 0.00247978 -0.00833864 0.00152016 0.0027129 -0.00785987 0.00128703 0.00230143 -0.00886233 0.00169852 0.004 -0.003 2.53131e-17 0.00299003 -0.00743049 0.00100994 0.00364041 -0.006722 0.000359518 0.00330175 -0.00705153 0.000698185 0.004 -0.00644015 -2.66454e-18 0 -0.004 0.004 3.5872e-05 -0.00346493 0.00396413 0.000140683 -0.00294832 0.00385932 0.000306423 -0.00246466 0.00369358 0.00247966 -0.0116611 0.00152031 0.085 -0.026 0.004 0.0849681 -0.0265038 0.00396813 0.084873 -0.027 0.00387298 0.0828414 -0.00972773 0.00184142 0.0827739 -0.00918896 0.00177382 0.083617 -0.000974847 0.00261704 0.081 -0.027 0 0.081 -0.0135598 -6.38086e-15 0.081339 -0.0132959 0.000338947 0.0816595 -0.0129897 0.000659424 0.0827728 -0.0108131 0.00177277 0.082841 -0.0102748 0.00184096 0.0832839 -0.000716118 0.00228388 0.0819569 -0.01264 0.00095688 0.082225 -0.0122457 0.00122495 0.0824562 -0.0118073 0.00145615 0.0826419 -0.0113276 0.00164182 0.0844771 -0.00202289 0.00347709 0.085 -0.004 0.004 0.0826432 -0.00867373 0.00164317 0.0824575 -0.0081934 0.00145743 0.0819576 -0.00736009 0.000957587 0.081 -0.003 2.51215e-17 0.082226 -0.0077546 0.0012259 0.0816599 -0.00701028 0.000659854 0.0813391 -0.00670415 0.000339001 0.081 -0.00644015 0 0.0839309 -0.00127813 0.00293086 0.0842199 -0.0016271 0.00321994 0.0848593 -0.00294832 0.00385932 0.0846936 -0.00246466 0.00369358 0.0849641 -0.00346493 0.00396413 0.00432451 -0.00623309 0.015 0.00491061 -0.00595076 0.015 0.00556786 -0.00768028 0.015 0.00290666 -0.0124515 0.015 0.00455491 -0.0115705 0.015 0.00331222 -0.0129597 0.015 0.00378711 -0.00659964 0.015 0.00518923 -0.00787118 0.015 0.00484831 -0.00812332 0.015 0.00617395 -0.00566234 0.015 0.0059733 -0.00755611 0.015 0.00553161 -0.00575922 0.015 0.00455491 -0.00842945 0.015 0.00331045 -0.00704217 0.015 0.0063939 -0.00750225 0.015 0.0068238 -0.00566218 0.015 0.00681754 -0.00752025 0.015 0.00723206 -0.00760958 0.015 0.00746662 -0.00575886 0.015 0.00808802 -0.0059503 0.015 0.00290518 -0.00755072 0.015 0.00431746 -0.00878076 0.015 0.00258031 -0.00811385 0.015 0.00867407 -0.0062323 0.015 0.00762551 -0.00776769 0.015 0.00403596 -0.0095775 0.015 0.00234303 -0.00871892 0.015 0.00414281 -0.00916715 0.015 0.00219865 -0.0106487 0.015 0.004 -0.01 0.015 0.00403596 -0.0104225 0.015 0.00798658 -0.00799001 0.015 0.0092116 -0.0065986 0.015 0.00258131 -0.0118884 0.015 0.00414281 -0.0108328 0.015 0.00431746 -0.0112192 0.015 0.00877807 -0.00897025 0.015 0.0106563 -0.00871671 0.015 0.00891933 -0.00937006 0.015 0.00484831 -0.0118767 0.015 0.00899099 -0.010212 0.015 0.0108499 -0.00999867 0.015 0.0108015 -0.0106472 0.015 0.00491107 -0.0140494 0.015 0.00556786 -0.0123197 0.015 0.0059733 -0.0124439 0.015 0.00857127 -0.0113999 0.015 0.0104194 -0.0118869 0.015 0.0100942 -0.0124504 0.015 0.00723206 -0.0123904 0.015 0.00809046 -0.0140487 0.015 0.00746916 -0.0142406 0.015 0.00798658 -0.01201 0.015 0.00867608 -0.0137665 0.015 0.00762551 -0.0122323 0.015 0.00682606 -0.0143377 0.015 0.00617557 -0.0143379 0.015 0.0063939 -0.0124977 0.015 0.00681754 -0.0124798 0.015 0.00921294 -0.0134002 0.015 0.00830489 -0.0117298 0.015 0.00553228 -0.014241 0.015 0.00432582 -0.0137676 0.015 0.00518923 -0.0121288 0.015 0.00968912 -0.0129583 0.015 0.00877807 -0.0110298 0.015 0.010657 -0.0112813 0.015 0.00378886 -0.0134016 0.015 0.00891933 -0.0106299 0.015 0.0108011 -0.00935035 0.015 0.00899099 -0.00978799 0.015 0.00234352 -0.0112829 0.015 0.0104188 -0.00811192 0.015 0.00857127 -0.00860006 0.015 0.00215 -0.01 0.015 0.00830489 -0.00827015 0.015 0.00968855 -0.00704101 0.015 0.00219865 -0.00935126 0.015 0.010094 -0.00754944 0.015 0.0027129 -0.00785987 0.00128703 0.00290518 -0.00755072 0.015 0.00258031 -0.00811385 0.015 0.00432451 -0.00623309 0.015 0.00378711 -0.00659964 0.015 0.004 -0.00644015 -2.66454e-18 0.00234303 -0.00871892 0.015 0.00247978 -0.00833864 0.00152016 0.00219865 -0.00935126 0.015 0.00230143 -0.00886233 0.00169852 0.00218868 -0.0094213 0.00181122 0.00215 -0.01 0.015 0.00215 -0.01 0.00185 0.00299003 -0.00743049 0.00100994 0.00331045 -0.00704217 0.015 0.00330175 -0.00705153 0.000698185 0.00364041 -0.006722 0.000359518 0.00617395 -0.00566234 0.015 0.00553161 -0.00575922 0.015 0.00580324 -0.00570627 0 0.00491061 -0.00595076 0.015 0.00456253 -0.0061053 0 0.00516734 -0.00585927 0 0.0077473 -0.00583271 0 0.00808802 -0.0059503 0.015 0.00746662 -0.00575886 0.015 0.00645505 -0.00565033 0 0.007108 -0.00569278 0 0.0068238 -0.00566218 0.015 0.0092116 -0.0065986 0.015 0.00944178 -0.00679556 0 0.00968855 -0.00704101 0.015 0.00867407 -0.0062323 0.015 0.00835846 -0.00606702 0 0.00892759 -0.0063904 0 0.0106563 -0.00871671 0.015 0.0104188 -0.00811192 0.015 0.010545 -0.00840012 0 0.0102595 -0.0078118 0 0.010094 -0.00754944 0.015 0.00988911 -0.00727306 0 0.0108377 -0.0103259 0 0.0108015 -0.0106472 0.015 0.0108499 -0.00999867 0.015 0.0107392 -0.00902474 0 0.0108375 -0.00967155 0 0.0108011 -0.00935035 0.015 0.0104194 -0.0118869 0.015 0.0102601 -0.0121872 0 0.0100942 -0.0124504 0.015 0.010657 -0.0112813 0.015 0.0107397 -0.010973 0 0.0105458 -0.0115982 0 0.00867608 -0.0137665 0.015 0.00921294 -0.0134002 0.015 0.00892876 -0.0136087 0 0.00944223 -0.013204 0 0.00968912 -0.0129583 0.015 0.00988935 -0.0127267 0 0.00711054 -0.0143069 0 0.00682606 -0.0143377 0.015 0.00746916 -0.0142406 0.015 0.00836028 -0.013932 0 0.0077496 -0.0141665 0 0.00809046 -0.0140487 0.015 0.00553228 -0.014241 0.015 0.00516891 -0.0141413 0 0.00491107 -0.0140494 0.015 0.00617557 -0.0143379 0.015 0.00645753 -0.0143497 0 0.0058054 -0.0142941 0 0.00456253 -0.0138947 0 0.004 -0.0135598 -6.39044e-15 0.00432582 -0.0137676 0.015 0.00364036 -0.0132779 0.000359576 0.00378886 -0.0134016 0.015 0.00331222 -0.0129597 0.015 0.00330164 -0.0129484 0.000698306 0.0029899 -0.0125694 0.00101008 0.00290666 -0.0124515 0.015 0.00258131 -0.0118884 0.015 0.00271276 -0.0121399 0.00128714 0.00247966 -0.0116611 0.00152031 0.00234352 -0.0112829 0.015 0.00230134 -0.0111374 0.0016986 0.00219865 -0.0106487 0.015 0.00218864 -0.0105785 0.00181125 0.0223245 -0.00623309 0.015 0.0229106 -0.00595076 0.015 0.0235679 -0.00768028 0.015 0.0209067 -0.0124515 0.015 0.0225549 -0.0115705 0.015 0.0213122 -0.0129597 0.015 0.0217871 -0.00659964 0.015 0.0231892 -0.00787118 0.015 0.0228483 -0.00812332 0.015 0.024174 -0.00566234 0.015 0.0239733 -0.00755611 0.015 0.0235316 -0.00575922 0.015 0.0225549 -0.00842945 0.015 0.0213105 -0.00704217 0.015 0.0243939 -0.00750225 0.015 0.0248238 -0.00566218 0.015 0.0248175 -0.00752025 0.015 0.0252321 -0.00760958 0.015 0.0254666 -0.00575886 0.015 0.026088 -0.0059503 0.015 0.0209052 -0.00755072 0.015 0.0223175 -0.00878076 0.015 0.0205803 -0.00811385 0.015 0.0266741 -0.0062323 0.015 0.0256255 -0.00776769 0.015 0.022036 -0.0095775 0.015 0.020343 -0.00871892 0.015 0.0221428 -0.00916715 0.015 0.0201987 -0.0106487 0.015 0.022 -0.01 0.015 0.022036 -0.0104225 0.015 0.0259866 -0.00799001 0.015 0.0272116 -0.0065986 0.015 0.0205813 -0.0118884 0.015 0.0221428 -0.0108328 0.015 0.0223175 -0.0112192 0.015 0.0267781 -0.00897025 0.015 0.0286563 -0.00871671 0.015 0.0269193 -0.00937006 0.015 0.0228483 -0.0118767 0.015 0.026991 -0.010212 0.015 0.0288499 -0.00999867 0.015 0.0288015 -0.0106472 0.015 0.0229111 -0.0140494 0.015 0.0235679 -0.0123197 0.015 0.0239733 -0.0124439 0.015 0.0265713 -0.0113999 0.015 0.0284194 -0.0118869 0.015 0.0280942 -0.0124504 0.015 0.0252321 -0.0123904 0.015 0.0260905 -0.0140487 0.015 0.0254692 -0.0142406 0.015 0.0259866 -0.01201 0.015 0.0266761 -0.0137665 0.015 0.0256255 -0.0122323 0.015 0.0248261 -0.0143377 0.015 0.0241756 -0.0143379 0.015 0.0243939 -0.0124977 0.015 0.0248175 -0.0124798 0.015 0.0272129 -0.0134002 0.015 0.0263049 -0.0117298 0.015 0.0235323 -0.014241 0.015 0.0223258 -0.0137676 0.015 0.0231892 -0.0121288 0.015 0.0276891 -0.0129583 0.015 0.0267781 -0.0110298 0.015 0.028657 -0.0112813 0.015 0.0217889 -0.0134016 0.015 0.0269193 -0.0106299 0.015 0.0288011 -0.00935035 0.015 0.026991 -0.00978799 0.015 0.0203435 -0.0112829 0.015 0.0284188 -0.00811192 0.015 0.0265713 -0.00860006 0.015 0.02015 -0.01 0.015 0.0263049 -0.00827015 0.015 0.0276885 -0.00704101 0.015 0.0201987 -0.00935126 0.015 0.028094 -0.00754944 0.015 0.0201987 -0.00935126 0.015 0.02015 -0.01 0.015 0.02015 -0.01 0 0.0209052 -0.00755072 0.015 0.0205803 -0.00811385 0.015 0.0205803 -0.00811385 0 0.020343 -0.00871892 0.015 0.0201987 -0.00935126 0 0.020343 -0.00871892 0 0.0217871 -0.00659964 0 0.0223245 -0.00623309 0.015 0.0217871 -0.00659964 0.015 0.0209052 -0.00755072 0 0.0213105 -0.00704217 0 0.0213105 -0.00704217 0.015 0.0235316 -0.00575922 0.015 0.0235316 -0.00575922 0 0.024174 -0.00566234 0.015 0.0229106 -0.00595076 0.015 0.0223245 -0.00623309 0 0.0229106 -0.00595076 0 0.026088 -0.0059503 0.015 0.0254666 -0.00575886 0.015 0.0254666 -0.00575886 0 0.0248238 -0.00566218 0 0.0248238 -0.00566218 0.015 0.024174 -0.00566234 0 0.0272116 -0.0065986 0 0.0276885 -0.00704101 0.015 0.0272116 -0.0065986 0.015 0.026088 -0.0059503 0 0.0266741 -0.0062323 0 0.0266741 -0.0062323 0.015 0.0284188 -0.00811192 0.015 0.0284188 -0.00811192 0 0.0286563 -0.00871671 0.015 0.028094 -0.00754944 0.015 0.0276885 -0.00704101 0 0.028094 -0.00754944 0 0.0288015 -0.0106472 0.015 0.0288499 -0.00999867 0.015 0.0288499 -0.00999867 0 0.0288011 -0.00935035 0 0.0288011 -0.00935035 0.015 0.0286563 -0.00871671 0 0.0284194 -0.0118869 0 0.0280942 -0.0124504 0.015 0.0284194 -0.0118869 0.015 0.0288015 -0.0106472 0 0.028657 -0.0112813 0 0.028657 -0.0112813 0.015 0.0272129 -0.0134002 0.015 0.0272129 -0.0134002 0 0.0266761 -0.0137665 0.015 0.0276891 -0.0129583 0.015 0.0280942 -0.0124504 0 0.0276891 -0.0129583 0 0.0248261 -0.0143377 0.015 0.0254692 -0.0142406 0.015 0.0254692 -0.0142406 0 0.0260905 -0.0140487 0 0.0260905 -0.0140487 0.015 0.0266761 -0.0137665 0 0.0235323 -0.014241 0.015 0.0241756 -0.0143379 0.015 0.0241756 -0.0143379 0 0.0248261 -0.0143377 0 0.0235323 -0.014241 0 0.0229111 -0.0140494 0.015 0.0229111 -0.0140494 0 0.0223258 -0.0137676 0.015 0.0217889 -0.0134016 0.015 0.0223258 -0.0137676 0 0.0217889 -0.0134016 0 0.0213122 -0.0129597 0.015 0.0213122 -0.0129597 0 0.0209067 -0.0124515 0.015 0.0205813 -0.0118884 0.015 0.0209067 -0.0124515 0 0.0205813 -0.0118884 0 0.0203435 -0.0112829 0.015 0.0203435 -0.0112829 0 0.0201987 -0.0106487 0.015 0.0201987 -0.0106487 0 0.0403245 -0.00623309 0.015 0.0409106 -0.00595076 0.015 0.0415679 -0.00768028 0.015 0.0389067 -0.0124515 0.015 0.0405549 -0.0115705 0.015 0.0393122 -0.0129597 0.015 0.0397871 -0.00659964 0.015 0.0411892 -0.00787118 0.015 0.0408483 -0.00812332 0.015 0.042174 -0.00566234 0.015 0.0419733 -0.00755611 0.015 0.0415316 -0.00575922 0.015 0.0405549 -0.00842945 0.015 0.0393105 -0.00704217 0.015 0.0423939 -0.00750225 0.015 0.0428238 -0.00566218 0.015 0.0428175 -0.00752025 0.015 0.0432321 -0.00760958 0.015 0.0434666 -0.00575886 0.015 0.044088 -0.0059503 0.015 0.0389052 -0.00755072 0.015 0.0403175 -0.00878076 0.015 0.0385803 -0.00811385 0.015 0.0446741 -0.0062323 0.015 0.0436255 -0.00776769 0.015 0.040036 -0.0095775 0.015 0.038343 -0.00871892 0.015 0.0401428 -0.00916715 0.015 0.0381987 -0.0106487 0.015 0.04 -0.01 0.015 0.040036 -0.0104225 0.015 0.0439866 -0.00799001 0.015 0.0452116 -0.0065986 0.015 0.0385813 -0.0118884 0.015 0.0401428 -0.0108328 0.015 0.0403175 -0.0112192 0.015 0.0447781 -0.00897025 0.015 0.0466563 -0.00871671 0.015 0.0449193 -0.00937006 0.015 0.0408483 -0.0118767 0.015 0.044991 -0.010212 0.015 0.0468499 -0.00999867 0.015 0.0468015 -0.0106472 0.015 0.0409111 -0.0140494 0.015 0.0415679 -0.0123197 0.015 0.0419733 -0.0124439 0.015 0.0445713 -0.0113999 0.015 0.0464194 -0.0118869 0.015 0.0460942 -0.0124504 0.015 0.0432321 -0.0123904 0.015 0.0440905 -0.0140487 0.015 0.0434692 -0.0142406 0.015 0.0439866 -0.01201 0.015 0.0446761 -0.0137665 0.015 0.0436255 -0.0122323 0.015 0.0428261 -0.0143377 0.015 0.0421756 -0.0143379 0.015 0.0423939 -0.0124977 0.015 0.0428175 -0.0124798 0.015 0.0452129 -0.0134002 0.015 0.0443049 -0.0117298 0.015 0.0415323 -0.014241 0.015 0.0403258 -0.0137676 0.015 0.0411892 -0.0121288 0.015 0.0456891 -0.0129583 0.015 0.0447781 -0.0110298 0.015 0.046657 -0.0112813 0.015 0.0397889 -0.0134016 0.015 0.0449193 -0.0106299 0.015 0.0468011 -0.00935035 0.015 0.044991 -0.00978799 0.015 0.0383435 -0.0112829 0.015 0.0464188 -0.00811192 0.015 0.0445713 -0.00860006 0.015 0.03815 -0.01 0.015 0.0443049 -0.00827015 0.015 0.0456885 -0.00704101 0.015 0.0381987 -0.00935126 0.015 0.046094 -0.00754944 0.015 0.0381987 -0.00935126 0.015 0.03815 -0.01 0.015 0.03815 -0.01 0 0.0389052 -0.00755072 0.015 0.0385803 -0.00811385 0.015 0.0385803 -0.00811385 0 0.038343 -0.00871892 0.015 0.0381987 -0.00935126 0 0.038343 -0.00871892 0 0.0397871 -0.00659964 0 0.0403245 -0.00623309 0.015 0.0397871 -0.00659964 0.015 0.0389052 -0.00755072 0 0.0393105 -0.00704217 0 0.0393105 -0.00704217 0.015 0.0415316 -0.00575922 0.015 0.0415316 -0.00575922 0 0.042174 -0.00566234 0.015 0.0409106 -0.00595076 0.015 0.0403245 -0.00623309 0 0.0409106 -0.00595076 0 0.044088 -0.0059503 0.015 0.0434666 -0.00575886 0.015 0.0434666 -0.00575886 0 0.0428238 -0.00566218 0 0.0428238 -0.00566218 0.015 0.042174 -0.00566234 0 0.0452116 -0.0065986 0 0.0456885 -0.00704101 0.015 0.0452116 -0.0065986 0.015 0.044088 -0.0059503 0 0.0446741 -0.0062323 0 0.0446741 -0.0062323 0.015 0.0464188 -0.00811192 0.015 0.0464188 -0.00811192 0 0.0466563 -0.00871671 0.015 0.046094 -0.00754944 0.015 0.0456885 -0.00704101 0 0.046094 -0.00754944 0 0.0468015 -0.0106472 0.015 0.0468499 -0.00999867 0.015 0.0468499 -0.00999867 0 0.0468011 -0.00935035 0 0.0468011 -0.00935035 0.015 0.0466563 -0.00871671 0 0.0464194 -0.0118869 0 0.0460942 -0.0124504 0.015 0.0464194 -0.0118869 0.015 0.0468015 -0.0106472 0 0.046657 -0.0112813 0 0.046657 -0.0112813 0.015 0.0452129 -0.0134002 0.015 0.0452129 -0.0134002 0 0.0446761 -0.0137665 0.015 0.0456891 -0.0129583 0.015 0.0460942 -0.0124504 0 0.0456891 -0.0129583 0 0.0428261 -0.0143377 0.015 0.0434692 -0.0142406 0.015 0.0434692 -0.0142406 0 0.0440905 -0.0140487 0 0.0440905 -0.0140487 0.015 0.0446761 -0.0137665 0 0.0415323 -0.014241 0.015 0.0421756 -0.0143379 0.015 0.0421756 -0.0143379 0 0.0428261 -0.0143377 0 0.0415323 -0.014241 0 0.0409111 -0.0140494 0.015 0.0409111 -0.0140494 0 0.0403258 -0.0137676 0.015 0.0397889 -0.0134016 0.015 0.0403258 -0.0137676 0 0.0397889 -0.0134016 0 0.0393122 -0.0129597 0.015 0.0393122 -0.0129597 0 0.0389067 -0.0124515 0.015 0.0385813 -0.0118884 0.015 0.0389067 -0.0124515 0 0.0385813 -0.0118884 0 0.0383435 -0.0112829 0.015 0.0383435 -0.0112829 0 0.0381987 -0.0106487 0.015 0.0381987 -0.0106487 0 0.0583245 -0.00623309 0.015 0.0589106 -0.00595076 0.015 0.0595679 -0.00768028 0.015 0.0569067 -0.0124515 0.015 0.0585549 -0.0115705 0.015 0.0573122 -0.0129597 0.015 0.0577871 -0.00659964 0.015 0.0591892 -0.00787118 0.015 0.0588483 -0.00812332 0.015 0.060174 -0.00566234 0.015 0.0599733 -0.00755611 0.015 0.0595316 -0.00575922 0.015 0.0585549 -0.00842945 0.015 0.0573105 -0.00704217 0.015 0.0603939 -0.00750225 0.015 0.0608238 -0.00566218 0.015 0.0608175 -0.00752025 0.015 0.0612321 -0.00760958 0.015 0.0614666 -0.00575886 0.015 0.062088 -0.0059503 0.015 0.0569052 -0.00755072 0.015 0.0583175 -0.00878076 0.015 0.0565803 -0.00811385 0.015 0.0626741 -0.0062323 0.015 0.0616255 -0.00776769 0.015 0.058036 -0.0095775 0.015 0.056343 -0.00871892 0.015 0.0581428 -0.00916715 0.015 0.0561987 -0.0106487 0.015 0.058 -0.01 0.015 0.058036 -0.0104225 0.015 0.0619866 -0.00799001 0.015 0.0632116 -0.0065986 0.015 0.0565813 -0.0118884 0.015 0.0581428 -0.0108328 0.015 0.0583175 -0.0112192 0.015 0.0627781 -0.00897025 0.015 0.0646563 -0.00871671 0.015 0.0629193 -0.00937006 0.015 0.0588483 -0.0118767 0.015 0.062991 -0.010212 0.015 0.0648499 -0.00999867 0.015 0.0648015 -0.0106472 0.015 0.0589111 -0.0140494 0.015 0.0595679 -0.0123197 0.015 0.0599733 -0.0124439 0.015 0.0625713 -0.0113999 0.015 0.0644194 -0.0118869 0.015 0.0640942 -0.0124504 0.015 0.0612321 -0.0123904 0.015 0.0620905 -0.0140487 0.015 0.0614692 -0.0142406 0.015 0.0619866 -0.01201 0.015 0.0626761 -0.0137665 0.015 0.0616255 -0.0122323 0.015 0.0608261 -0.0143377 0.015 0.0601756 -0.0143379 0.015 0.0603939 -0.0124977 0.015 0.0608175 -0.0124798 0.015 0.0632129 -0.0134002 0.015 0.0623049 -0.0117298 0.015 0.0595323 -0.014241 0.015 0.0583258 -0.0137676 0.015 0.0591892 -0.0121288 0.015 0.0636891 -0.0129583 0.015 0.0627781 -0.0110298 0.015 0.064657 -0.0112813 0.015 0.0577889 -0.0134016 0.015 0.0629193 -0.0106299 0.015 0.0648011 -0.00935035 0.015 0.062991 -0.00978799 0.015 0.0563435 -0.0112829 0.015 0.0644188 -0.00811192 0.015 0.0625713 -0.00860006 0.015 0.05615 -0.01 0.015 0.0623049 -0.00827015 0.015 0.0636885 -0.00704101 0.015 0.0561987 -0.00935126 0.015 0.064094 -0.00754944 0.015 0.0561987 -0.00935126 0.015 0.05615 -0.01 0.015 0.05615 -0.01 0 0.0569052 -0.00755072 0.015 0.0565803 -0.00811385 0.015 0.0565803 -0.00811385 0 0.056343 -0.00871892 0.015 0.0561987 -0.00935126 0 0.056343 -0.00871892 0 0.0577871 -0.00659964 0 0.0583245 -0.00623309 0.015 0.0577871 -0.00659964 0.015 0.0569052 -0.00755072 0 0.0573105 -0.00704217 0 0.0573105 -0.00704217 0.015 0.0595316 -0.00575922 0.015 0.0595316 -0.00575922 0 0.060174 -0.00566234 0.015 0.0589106 -0.00595076 0.015 0.0583245 -0.00623309 0 0.0589106 -0.00595076 0 0.062088 -0.0059503 0.015 0.0614666 -0.00575886 0.015 0.0614666 -0.00575886 0 0.0608238 -0.00566218 0 0.0608238 -0.00566218 0.015 0.060174 -0.00566234 0 0.0632116 -0.0065986 0 0.0636885 -0.00704101 0.015 0.0632116 -0.0065986 0.015 0.062088 -0.0059503 0 0.0626741 -0.0062323 0 0.0626741 -0.0062323 0.015 0.0644188 -0.00811192 0.015 0.0644188 -0.00811192 0 0.0646563 -0.00871671 0.015 0.064094 -0.00754944 0.015 0.0636885 -0.00704101 0 0.064094 -0.00754944 0 0.0648015 -0.0106472 0.015 0.0648499 -0.00999867 0.015 0.0648499 -0.00999867 0 0.0648011 -0.00935035 0 0.0648011 -0.00935035 0.015 0.0646563 -0.00871671 0 0.0644194 -0.0118869 0 0.0640942 -0.0124504 0.015 0.0644194 -0.0118869 0.015 0.0648015 -0.0106472 0 0.064657 -0.0112813 0 0.064657 -0.0112813 0.015 0.0632129 -0.0134002 0.015 0.0632129 -0.0134002 0 0.0626761 -0.0137665 0.015 0.0636891 -0.0129583 0.015 0.0640942 -0.0124504 0 0.0636891 -0.0129583 0 0.0608261 -0.0143377 0.015 0.0614692 -0.0142406 0.015 0.0614692 -0.0142406 0 0.0620905 -0.0140487 0 0.0620905 -0.0140487 0.015 0.0626761 -0.0137665 0 0.0595323 -0.014241 0.015 0.0601756 -0.0143379 0.015 0.0601756 -0.0143379 0 0.0608261 -0.0143377 0 0.0595323 -0.014241 0 0.0589111 -0.0140494 0.015 0.0589111 -0.0140494 0 0.0583258 -0.0137676 0.015 0.0577889 -0.0134016 0.015 0.0583258 -0.0137676 0 0.0577889 -0.0134016 0 0.0573122 -0.0129597 0.015 0.0573122 -0.0129597 0 0.0569067 -0.0124515 0.015 0.0565813 -0.0118884 0.015 0.0569067 -0.0124515 0 0.0565813 -0.0118884 0 0.0563435 -0.0112829 0.015 0.0563435 -0.0112829 0 0.0561987 -0.0106487 0.015 0.0561987 -0.0106487 0 0.0763245 -0.00623309 0.015 0.0769106 -0.00595076 0.015 0.0775679 -0.00768028 0.015 0.0749067 -0.0124515 0.015 0.0765549 -0.0115705 0.015 0.0753122 -0.0129597 0.015 0.0757871 -0.00659964 0.015 0.0771892 -0.00787118 0.015 0.0768483 -0.00812332 0.015 0.078174 -0.00566234 0.015 0.0779733 -0.00755611 0.015 0.0775316 -0.00575922 0.015 0.0765549 -0.00842945 0.015 0.0753105 -0.00704217 0.015 0.0783939 -0.00750225 0.015 0.0788238 -0.00566218 0.015 0.0788175 -0.00752025 0.015 0.0792321 -0.00760958 0.015 0.0794666 -0.00575886 0.015 0.080088 -0.0059503 0.015 0.0749052 -0.00755072 0.015 0.0763175 -0.00878076 0.015 0.0745803 -0.00811385 0.015 0.0806741 -0.0062323 0.015 0.0796255 -0.00776769 0.015 0.076036 -0.0095775 0.015 0.074343 -0.00871892 0.015 0.0761428 -0.00916715 0.015 0.0741987 -0.0106487 0.015 0.076 -0.01 0.015 0.076036 -0.0104225 0.015 0.0799866 -0.00799001 0.015 0.0812116 -0.0065986 0.015 0.0745813 -0.0118884 0.015 0.0761428 -0.0108328 0.015 0.0763175 -0.0112192 0.015 0.0807781 -0.00897025 0.015 0.0826563 -0.00871671 0.015 0.0809193 -0.00937006 0.015 0.0768483 -0.0118767 0.015 0.080991 -0.010212 0.015 0.0828499 -0.00999867 0.015 0.0828015 -0.0106472 0.015 0.0769111 -0.0140494 0.015 0.0775679 -0.0123197 0.015 0.0779733 -0.0124439 0.015 0.0805713 -0.0113999 0.015 0.0824194 -0.0118869 0.015 0.0820942 -0.0124504 0.015 0.0792321 -0.0123904 0.015 0.0800905 -0.0140487 0.015 0.0794692 -0.0142406 0.015 0.0799866 -0.01201 0.015 0.0806761 -0.0137665 0.015 0.0796255 -0.0122323 0.015 0.0788261 -0.0143377 0.015 0.0781756 -0.0143379 0.015 0.0783939 -0.0124977 0.015 0.0788175 -0.0124798 0.015 0.0812129 -0.0134002 0.015 0.0803049 -0.0117298 0.015 0.0775323 -0.014241 0.015 0.0763258 -0.0137676 0.015 0.0771892 -0.0121288 0.015 0.0816891 -0.0129583 0.015 0.0807781 -0.0110298 0.015 0.082657 -0.0112813 0.015 0.0757889 -0.0134016 0.015 0.0809193 -0.0106299 0.015 0.0828011 -0.00935035 0.015 0.080991 -0.00978799 0.015 0.0743435 -0.0112829 0.015 0.0824188 -0.00811192 0.015 0.0805713 -0.00860006 0.015 0.07415 -0.01 0.015 0.0803049 -0.00827015 0.015 0.0816885 -0.00704101 0.015 0.0741987 -0.00935126 0.015 0.082094 -0.00754944 0.015 0.0813391 -0.00670415 0.000339001 0.0816885 -0.00704101 0.015 0.0812116 -0.0065986 0.015 0.0806761 -0.0137665 0.015 0.0812129 -0.0134002 0.015 0.081 -0.0135598 -6.38086e-15 0.0806741 -0.0062323 0.015 0.081 -0.00644015 0 0.080088 -0.0059503 0.015 0.0804166 -0.00609499 0 0.0797867 -0.00584465 0 0.0794666 -0.00575886 0.015 0.0791255 -0.00569523 0 0.0788238 -0.00566218 0.015 0.0745803 -0.00811385 0.015 0.074617 -0.00803946 0 0.0749052 -0.00755072 0.015 0.078174 -0.00566234 0.015 0.0784492 -0.00565033 0 0.0763245 -0.00623309 0.015 0.076493 -0.00614077 0 0.0769106 -0.00595076 0.015 0.0749685 -0.00746035 0 0.0754057 -0.00694277 0 0.0753105 -0.00704217 0.015 0.075918 -0.00649932 0 0.0757871 -0.00659964 0.015 0.0771167 -0.00587586 0 0.0775316 -0.00575922 0.015 0.0777741 -0.00571104 0 0.0743597 -0.00866604 0 0.0742028 -0.0093242 0 0.074343 -0.00871892 0.015 0.0741987 -0.00935126 0.015 0.07415 -0.01 0 0.07415 -0.01 0.015 0.0816599 -0.00701028 0.000659854 0.0819576 -0.00736009 0.000957587 0.082094 -0.00754944 0.015 0.082226 -0.0077546 0.0012259 0.0824188 -0.00811192 0.015 0.0826563 -0.00871671 0.015 0.0824575 -0.0081934 0.00145743 0.0826432 -0.00867373 0.00164317 0.0827739 -0.00918896 0.00177382 0.0828414 -0.00972773 0.00184142 0.0828011 -0.00935035 0.015 0.0828499 -0.00999867 0.015 0.082841 -0.0102748 0.00184096 0.0827728 -0.0108131 0.00177277 0.0828015 -0.0106472 0.015 0.0826419 -0.0113276 0.00164182 0.082657 -0.0112813 0.015 0.0824562 -0.0118073 0.00145615 0.0824194 -0.0118869 0.015 0.082225 -0.0122457 0.00122495 0.0820942 -0.0124504 0.015 0.0816891 -0.0129583 0.015 0.0819569 -0.01264 0.00095688 0.0816595 -0.0129897 0.000659424 0.081339 -0.0132959 0.000338947 0.0788261 -0.0143377 0.015 0.0794692 -0.0142406 0.015 0.0791272 -0.0143044 0 0.0800905 -0.0140487 0.015 0.0804166 -0.013905 0 0.0797878 -0.0141549 0 0.0771191 -0.0141249 0 0.0775323 -0.014241 0.015 0.0777765 -0.0142893 0 0.0784513 -0.0143496 0 0.0781756 -0.0143379 0.015 0.07592 -0.0135022 0 0.0754073 -0.0130589 0 0.0757889 -0.0134016 0.015 0.0769111 -0.0140494 0.015 0.0764952 -0.0138604 0 0.0763258 -0.0137676 0.015 0.0749067 -0.0124515 0.015 0.0746177 -0.0119621 0 0.0745813 -0.0118884 0.015 0.0753122 -0.0129597 0.015 0.0749696 -0.0125414 0 0.07436 -0.0113352 0 0.0743435 -0.0112829 0.015 0.0741987 -0.0106487 0.015 0.0742028 -0.0106758 0 0.0822361 -0.0298042 0.017 0.081 -0.03 0.017 0.0816257 -0.0299508 0.017 0.0822361 -0.000195774 0.017 0.0816257 -4.92466e-05 0.017 0.081 0 0.017 0.082816 -0.029564 0.017 0.0833511 -0.0292361 0.017 0.0838284 -0.0288284 0.017 0.0842361 -0.0283511 0.017 0.084564 -0.027816 0.017 0.0848042 -0.0272361 0.017 0.0849508 -0.0266257 0.017 0.085 -0.026 0.017 0.0624729 -0.0115355 0.017 0.0621932 -0.0118393 0.017 0.0768068 -0.0118393 0.017 0.00164886 -0.000763932 0.017 0.00117157 -0.00117157 0.017 0.004 0 0.017 0.0833511 -0.000763932 0.017 0.082816 -0.000435974 0.017 0.0842361 -0.00164886 0.017 0.0838284 -0.00117157 0.017 0.084564 -0.00218404 0.017 0.0848042 -0.00276393 0.017 0.0611137 -0.0075765 0.017 0.0615042 -0.00771057 0.017 0.0774958 -0.00771057 0.017 0.0778863 -0.0075765 0.017 0.000763932 -0.00164886 0.017 0.00337426 -4.92466e-05 0.017 0.00276393 -0.000195774 0.017 0.00218404 -0.000435974 0.017 0.000435974 -0.00218404 0.017 0 -0.004 0.017 0.00629355 -0.00750854 0.017 0.00670645 -0.00750854 0.017 0.000195774 -0.00276393 0.017 0.0765271 -0.0115355 0.017 0.00847285 -0.00846447 0.017 0.0223013 -0.00881013 0.017 0.0225271 -0.00846447 0.017 0.085 -0.004 0.017 0.0809659 -0.0104115 0.017 0.0808645 -0.0108117 0.017 4.92466e-05 -0.0266257 0.017 0.004 -0.03 0.017 -4.44089e-19 -0.026 0.017 0.0771326 -0.0120929 0.017 0.000435974 -0.027816 0.017 0.000195774 -0.0272361 0.017 0.00117157 -0.0288284 0.017 0.000763932 -0.0283511 0.017 0.00218404 -0.029564 0.017 0.00164886 -0.0292361 0.017 0.00337426 -0.0299508 0.017 0.00276393 -0.0298042 0.017 0.0787065 -0.0124915 0.017 0.0782935 -0.0124915 0.017 0.081 -0.01 0.017 0.0763013 -0.0111899 0.017 0.0628645 -0.0108117 0.017 0.0626987 -0.0111899 0.017 0.0806987 -0.0111899 0.017 0.0801932 -0.0118393 0.017 0.0804729 -0.0115355 0.017 0.0795042 -0.0122894 0.017 0.0798674 -0.0120929 0.017 0.0791137 -0.0124235 0.017 0.0615042 -0.0122894 0.017 0.0778863 -0.0124235 0.017 0.0774958 -0.0122894 0.017 0.0782935 -0.00750854 0.017 0.0849508 -0.00337426 0.017 0.0427064 -0.0124915 0.017 0.0602936 -0.0124915 0.017 0.0431137 -0.0124235 0.017 0.0761355 -0.0108117 0.017 0.0760341 -0.0104115 0.017 0.063 -0.01 0.017 0.0629659 -0.0104115 0.017 0.0760341 -0.00958851 0.017 0.0629659 -0.00958851 0.017 0.076 -0.01 0.017 0.0628645 -0.00918825 0.017 0.0761355 -0.00918825 0.017 0.0626987 -0.00881013 0.017 0.0618674 -0.00790708 0.017 0.0771326 -0.00790708 0.017 0.0763013 -0.00881013 0.017 0.0765271 -0.00846447 0.017 0.0624729 -0.00846447 0.017 0.0583013 -0.0111899 0.017 0.0448645 -0.0108117 0.017 0.0446987 -0.0111899 0.017 0.0422936 -0.00750854 0.017 0.0427064 -0.00750854 0.017 0.0787065 -0.00750854 0.017 0.0795042 -0.00771057 0.017 0.0791137 -0.0075765 0.017 0.0801932 -0.00816069 0.017 0.0798674 -0.00790708 0.017 0.0806987 -0.00881013 0.017 0.0804729 -0.00846447 0.017 0.0809659 -0.00958851 0.017 0.0808645 -0.00918825 0.017 0.0591326 -0.0120929 0.017 0.0441932 -0.0118393 0.017 0.0438674 -0.0120929 0.017 0.0444729 -0.0115355 0.017 0.0585271 -0.0115355 0.017 0.0618674 -0.0120929 0.017 0.0611137 -0.0124235 0.017 0.0607064 -0.0124915 0.017 0.0594958 -0.0122894 0.017 0.0581355 -0.0108117 0.017 0.0580341 -0.0104115 0.017 0.0449659 -0.0104115 0.017 0.058 -0.01 0.017 0.045 -0.01 0.017 0.0768068 -0.00816069 0.017 0.0446987 -0.00881013 0.017 0.0448645 -0.00918825 0.017 0.0581355 -0.00918825 0.017 0.0449659 -0.00958851 0.017 0.0580341 -0.00958851 0.017 0.0591326 -0.00790708 0.017 0.0435042 -0.00771057 0.017 0.0438674 -0.00790708 0.017 0.0583013 -0.00881013 0.017 0.0585271 -0.00846447 0.017 0.0444729 -0.00846447 0.017 0.0401355 -0.0108117 0.017 0.0400341 -0.0104115 0.017 0.0269659 -0.0104115 0.017 0.0594958 -0.00771057 0.017 0.0598863 -0.0075765 0.017 0.0431137 -0.0075765 0.017 0.0607064 -0.00750854 0.017 0.0602936 -0.00750854 0.017 0.0251137 -0.0075765 0.017 0.0255042 -0.00771057 0.017 0.0414958 -0.00771057 0.017 0.0621932 -0.00816069 0.017 0.0422936 -0.0124915 0.017 0.0588068 -0.0118393 0.017 0.0266987 -0.0111899 0.017 0.0405272 -0.0115355 0.017 0.0403013 -0.0111899 0.017 0.0435042 -0.0122894 0.017 0.0598863 -0.0124235 0.017 0.0411326 -0.0120929 0.017 0.0258674 -0.0120929 0.017 0.0414958 -0.0122894 0.017 0.0247064 -0.0124915 0.017 0.0264729 -0.0115355 0.017 0.0268645 -0.0108117 0.017 0.027 -0.01 0.017 0.0251137 -0.0124235 0.017 0.0400341 -0.00958851 0.017 0.0269659 -0.00958851 0.017 0.04 -0.01 0.017 0.0266987 -0.00881013 0.017 0.0268645 -0.00918825 0.017 0.0401355 -0.00918825 0.017 0.0588068 -0.00816069 0.017 0.0411326 -0.00790708 0.017 0.0258674 -0.00790708 0.017 0.0403013 -0.00881013 0.017 0.0405272 -0.00846447 0.017 0.0264729 -0.00846447 0.017 0.022 -0.01 0.017 0.0220341 -0.00958851 0.017 0.0089659 -0.00958851 0.017 0.0418863 -0.0075765 0.017 0.0231326 -0.00790708 0.017 0.0234958 -0.00771057 0.017 0.00750424 -0.00771057 0.017 0.0247064 -0.00750854 0.017 0.0441932 -0.00816069 0.017 0.0223013 -0.0111899 0.017 0.00886454 -0.0108117 0.017 0.00869869 -0.0111899 0.017 0.0261932 -0.0118393 0.017 0.0408068 -0.0118393 0.017 0.0255042 -0.0122894 0.017 0.0418863 -0.0124235 0.017 0.0238863 -0.0124235 0.017 0.0234958 -0.0122894 0.017 0.00750424 -0.0122894 0.017 0.0242936 -0.0124915 0.017 0.0225271 -0.0115355 0.017 0.0228068 -0.0118393 0.017 0.00847285 -0.0115355 0.017 0.00786737 -0.0120929 0.017 0.0231326 -0.0120929 0.017 0.0221355 -0.0108117 0.017 0.0089659 -0.0104115 0.017 0.0220341 -0.0104115 0.017 0.009 -0.01 0.017 0.00886454 -0.00918825 0.017 0.0221355 -0.00918825 0.017 0.00869869 -0.00881013 0.017 0.0408068 -0.00816069 0.017 0.00786737 -0.00790708 0.017 0.00430132 -0.00881013 0.017 0.00452715 -0.00846447 0.017 0.00711371 -0.0075765 0.017 0.00588629 -0.0075765 0.017 4.92466e-05 -0.00337426 0.017 0.00549576 -0.00771057 0.017 0.0238863 -0.0075765 0.017 0.0242936 -0.00750854 0.017 0.0261932 -0.00816069 0.017 0.00413546 -0.0108117 0.017 0.0081932 -0.0118393 0.017 0.00711371 -0.0124235 0.017 0.00670645 -0.0124915 0.017 0.00588629 -0.0124235 0.017 0.00629355 -0.0124915 0.017 0.00513263 -0.0120929 0.017 0.00549576 -0.0122894 0.017 0.00452715 -0.0115355 0.017 0.0048068 -0.0118393 0.017 0.00430132 -0.0111899 0.017 0.004 -0.01 0.017 0.0040341 -0.0104115 0.017 0.00413546 -0.00918825 0.017 0.0040341 -0.00958851 0.017 0.0228068 -0.00816069 0.017 0.00513263 -0.00790708 0.017 0.0048068 -0.00816069 0.017 0.0081932 -0.00816069 0.017 0.004 -0.03 0.008 0.081 -0.03 0.017 0.004 -0.03 0.017 0.081 -0.03 0.008 0.004 0 0.017 0.081 0 0.017 0.081 0 0.003 0.004 0 0.003 0.094 -0.03 0.008 0.0914381 -0.0274381 0.0049633 0.0910885 -0.0270885 0.00508854 0.0917799 -0.0277799 0.00480073 0.0934556 -0.0294556 4.50255e-05 0.094 -0.03 -0.005 0.0932487 -0.0292487 -0.000372074 0.0924287 -0.0284286 0.00435747 0.0921112 -0.0281112 0.00459936 0.0930041 -0.0290041 0.00374497 0.0927281 -0.0287281 0.00407324 0.0934571 -0.029457 0.00295399 0.0932499 -0.0292499 0.00337164 0.0936157 -0.0296156 0.00249586 0.095 -0.031 0.008 0.0937158 -0.0297158 0.00200604 0.0937149 -0.0297149 0.000991478 0.0937498 -0.0297498 0.00149863 0.095 -0.031 -0.005 0.0936143 -0.0296142 0.000502349 0.0930032 -0.0290031 -0.000745083 0.0927274 -0.0287273 -0.00107322 0.0924281 -0.0284281 -0.00135742 0.0921108 -0.0281108 -0.00159931 0.0917797 -0.0277796 -0.00180069 0.0914381 -0.027438 -0.00196333 0.0910885 -0.0270885 -0.00208854 -0.009 -0.03 -0.005 -0.00643811 -0.0274381 -0.0019633 -0.00608854 -0.0270885 -0.00208854 -0.00677989 -0.0277799 -0.00180073 -0.00845561 -0.0294556 0.00295497 -0.009 -0.03 0.008 -0.0082487 -0.0292487 0.00337207 -0.00742866 -0.0284286 -0.00135747 -0.00711118 -0.0281112 -0.00159936 -0.00800413 -0.0290041 -0.00074497 -0.00772809 -0.0287281 -0.00107324 -0.00845706 -0.029457 4.60095e-05 -0.00824995 -0.0292499 -0.000371639 -0.00861566 -0.0296156 0.000504139 -0.01 -0.031 -0.005 -0.0087158 -0.0297158 0.000993955 -0.00871492 -0.0297149 0.00200852 -0.00874982 -0.0297498 0.00150137 -0.01 -0.031 0.008 -0.00861427 -0.0296142 0.00249765 -0.00800317 -0.0290031 0.00374508 -0.00772739 -0.0287273 0.00407322 -0.00742815 -0.0284281 0.00435742 -0.00711083 -0.0281108 0.00459931 -0.00677966 -0.0277796 0.00480069 -0.00643806 -0.027438 0.00496333 -0.00608854 -0.0270885 0.00508854 0.0890865 -0.027137 0.00513704 0.0893983 -0.03 0.00520141 0.0888122 -0.03 0.00505691 0.09 -0.03 0.00525 0.0895386 -0.0272215 0.0052215 0.09 -0.02725 0.00525 0.0877467 -0.03 0.00449754 0.0876189 -0.027 0.00439692 0.0881116 -0.027 0.0047398 0.0886537 -0.027 0.005 0.0882569 -0.03 0.00482024 0.087295 -0.03 0.00409717 0.0869134 -0.03 0.00362952 0.0871867 -0.027 0.00397938 0.0863585 -0.027 0.00239516 0.0863978 -0.03 0.0025423 0.0862773 -0.03 0.0019509 0.0865483 -0.027 0.00296549 0.0868268 -0.027 0.00349812 0.0866117 -0.03 0.00310672 0.0864942 -0.03 0.000169175 0.0863579 -0.027 0.000607048 0.0863261 -0.03 0.000748772 0.0862532 -0.03 0.00134785 0.086262 -0.027 0.00120058 0.0862622 -0.027 0.00180177 0.087096 -0.03 -0.000872429 0.0875141 -0.03 -0.00130748 0.0871857 -0.027 -0.000978289 0.0865474 -0.027 3.64312e-05 0.0867531 -0.03 -0.000375929 0.0868257 -0.027 -0.000496587 0.0886537 -0.027 -0.002 0.0885307 -0.03 -0.00195011 0.089103 -0.03 -0.00214108 0.0881116 -0.027 -0.0017398 0.087618 -0.027 -0.00139628 0.0879965 -0.03 -0.00166983 0.0903018 -0.03 -0.00223783 0.0908977 -0.03 -0.00214097 0.0906094 -0.0272002 -0.00220017 0.0896984 -0.03 -0.00223783 0.0896136 -0.02723 -0.00222998 0.0910885 -0.0270885 -0.00208854 0.0929053 -0.03 -0.000871038 0.093248 -0.03 -0.000374197 0.0930032 -0.0290031 -0.000745083 0.0927274 -0.0287273 -0.00107322 0.0901135 -0.0272483 -0.00224826 0.0924872 -0.03 -0.00130646 0.0924281 -0.0284281 -0.00135742 0.0921108 -0.0281108 -0.00159931 0.0920047 -0.03 -0.00166917 0.0917797 -0.0277796 -0.00180069 0.0914702 -0.03 -0.00194977 0.0914381 -0.027438 -0.00196333 0.0932487 -0.0292487 -0.000372074 0.0935066 -0.03 0.000171184 0.0936143 -0.0296142 0.000502349 0.0934556 -0.0294556 4.50255e-05 0.0937469 -0.03 0.00135014 0.0937498 -0.0297498 0.00149863 0.0937149 -0.0297149 0.000991478 0.0936744 -0.03 0.000750971 0.0930855 -0.03 0.00363109 0.0930041 -0.0290041 0.00374497 0.0932499 -0.0292499 0.00337164 0.0936015 -0.03 0.00254442 0.0934571 -0.029457 0.00295399 0.0936157 -0.0296156 0.00249586 0.0927037 -0.03 0.00409838 0.0927281 -0.0287281 0.00407324 0.092252 -0.03 0.00449837 0.0924287 -0.0284286 0.00435747 0.0917799 -0.0277799 0.00480073 0.0921112 -0.0281112 0.00459936 0.091742 -0.03 0.00482073 0.0910885 -0.0270885 0.00508854 0.0914381 -0.0274381 0.0049633 0.091187 -0.03 0.00505712 0.0905536 -0.0272089 0.00520895 0.0906017 -0.03 0.00520141 0.0933874 -0.03 0.0031086 0.0937158 -0.0297158 0.00200604 0.0937224 -0.03 0.00195316 0.0891229 -0.0271459 -0.00214592 0.0879071 -0.03 0.00013263 0.087096 -0.03 -0.000872429 0.0867531 -0.03 -0.000375929 0.0924235 -0.03 0.00211371 0.0922894 -0.03 0.00250424 0.0936015 -0.03 0.00254442 0.0885307 -0.03 -0.00195011 0.0879965 -0.03 -0.00166983 0.0888101 -0.03 -0.000698684 0.093248 -0.03 -0.000374197 0.0922894 -0.03 0.000495761 0.0935066 -0.03 0.000171184 0.0915355 -0.03 -0.000472851 0.0924872 -0.03 -0.00130646 0.0920047 -0.03 -0.00166917 0.0904115 -0.03 -0.000965903 0.0908977 -0.03 -0.00214097 0.0903018 -0.03 -0.00223783 0.09 -0.03 -0.001 0.0896984 -0.03 -0.00223783 0.0914702 -0.03 -0.00194977 0.0911899 -0.03 -0.000698684 0.0891882 -0.03 -0.000864543 0.089103 -0.03 -0.00214108 0.0895885 -0.03 -0.000965903 0.0929053 -0.03 -0.000871038 0.0920929 -0.03 0.00013263 0.0918393 -0.03 -0.000193204 0.0875141 -0.03 -0.00130748 0.0881607 -0.03 -0.000193204 0.0884645 -0.03 -0.000472851 0.0924235 -0.03 0.000886286 0.0936744 -0.03 0.000750971 0.0877106 -0.03 0.000495761 0.0924915 -0.03 0.00129355 0.0937469 -0.03 0.00135014 0.0864942 -0.03 0.000169175 0.0875765 -0.03 0.000886286 0.0924915 -0.03 0.00170645 0.0937224 -0.03 0.00195316 0.0863261 -0.03 0.000748772 0.0875085 -0.03 0.00129355 0.0862532 -0.03 0.00134785 0.0875085 -0.03 0.00170645 0.0933874 -0.03 0.0031086 0.0920929 -0.03 0.00286737 0.0930855 -0.03 0.00363109 0.0875765 -0.03 0.00211371 0.0863978 -0.03 0.0025423 0.0877106 -0.03 0.00250424 0.0915355 -0.03 0.00347285 0.0927037 -0.03 0.00409838 0.0918393 -0.03 0.0031932 0.0879071 -0.03 0.00286737 0.0866117 -0.03 0.00310672 0.0904115 -0.03 0.0039659 0.091187 -0.03 0.00505712 0.0908118 -0.03 0.00386454 0.09 -0.03 0.00525 0.0906017 -0.03 0.00520141 0.09 -0.03 0.004 0.0893983 -0.03 0.00520141 0.0895885 -0.03 0.0039659 0.0869134 -0.03 0.00362952 0.0881607 -0.03 0.0031932 0.0888122 -0.03 0.00505691 0.0891882 -0.03 0.00386454 0.0882569 -0.03 0.00482024 0.0884645 -0.03 0.00347285 0.087295 -0.03 0.00409717 0.0877467 -0.03 0.00449754 0.0888101 -0.03 0.00369868 0.091742 -0.03 0.00482073 0.092252 -0.03 0.00449837 0.0911899 -0.03 0.00369868 0.0862773 -0.03 0.0019509 0.0908118 -0.03 -0.000864543 -0.00608854 -0.0270885 0.00508854 -0.0056017 -0.03 0.00520141 -0.0061878 -0.03 0.00505691 -0.005 -0.03 0.00525 -0.00555425 -0.0272087 0.00520873 -0.005 -0.02725 0.00525 -0.00674311 -0.03 0.00482024 -0.00711083 -0.0281108 0.00459931 -0.00677966 -0.0277796 0.00480069 -0.00643806 -0.027438 0.00496333 -0.007705 -0.03 0.00409717 -0.00742815 -0.0284281 0.00435742 -0.00725325 -0.03 0.00449754 -0.00808665 -0.03 0.00362952 -0.0082487 -0.0292487 0.00337207 -0.00800317 -0.0290031 0.00374508 -0.00772739 -0.0287273 0.00407322 -0.00860218 -0.03 0.0025423 -0.00845561 -0.0294556 0.00295497 -0.00838831 -0.03 0.00310672 -0.00872273 -0.03 0.0019509 -0.00874982 -0.0297498 0.00150137 -0.00871492 -0.0297149 0.00200852 -0.00861427 -0.0296142 0.00249765 -0.00182679 -0.027 -0.000498118 -0.00209475 -0.03 -0.000871038 -0.00175199 -0.03 -0.000374197 -0.00861566 -0.0296156 0.000504139 -0.0087158 -0.0297158 0.000993955 -0.0086739 -0.03 0.000748772 -0.00149338 -0.03 0.000171184 -0.00154832 -0.027 3.4513e-05 -0.00191451 -0.03 0.00363109 -0.00182574 -0.027 0.00349659 -0.00161264 -0.03 0.0031086 -0.0043983 -0.03 0.00520141 -0.00408653 -0.027137 0.00513704 -0.00381302 -0.03 0.00505712 -0.0013585 -0.027 0.000604844 -0.00132563 -0.03 0.000750971 -0.00126225 -0.027 0.00119823 -0.00352977 -0.03 -0.00194977 -0.00311156 -0.027 -0.0017398 -0.00365371 -0.027 -0.002 -0.00299531 -0.03 -0.00166917 -0.00261887 -0.027 -0.00139692 -0.00410234 -0.03 -0.00214097 -0.00412344 -0.0271461 -0.00214614 -0.00461454 -0.0272301 -0.00223012 -0.00511445 -0.0272482 -0.0022482 -0.00561001 -0.0272 -0.0022 -0.0053016 -0.03 -0.00223783 -0.00469817 -0.03 -0.00223783 -0.00218673 -0.027 -0.000979376 -0.0025128 -0.03 -0.00130646 -0.00125307 -0.03 0.00135014 -0.00126204 -0.027 0.00179942 -0.00135792 -0.027 0.00239295 -0.00127756 -0.03 0.00195316 -0.00139847 -0.03 0.00254442 -0.00154744 -0.027 0.00296357 -0.00218567 -0.027 0.00397829 -0.00229626 -0.03 0.00409838 -0.00261798 -0.027 0.00439628 -0.00274798 -0.03 0.00449837 -0.00311156 -0.027 0.0047398 -0.00325797 -0.03 0.00482073 -0.00365371 -0.027 0.005 -0.00453856 -0.0272215 0.0052215 -0.00589702 -0.03 -0.00214108 -0.00608854 -0.0270885 -0.00208854 -0.00643811 -0.0274381 -0.0019633 -0.00646926 -0.03 -0.00195011 -0.00700351 -0.03 -0.00166983 -0.00677989 -0.0277799 -0.00180073 -0.00711118 -0.0281112 -0.00159936 -0.00748593 -0.03 -0.00130748 -0.00772809 -0.0287281 -0.00107324 -0.00742866 -0.0284286 -0.00135747 -0.00790402 -0.03 -0.000872429 -0.00800413 -0.0290041 -0.00074497 -0.00824995 -0.0292499 -0.000371639 -0.00824695 -0.03 -0.000375929 -0.00850581 -0.03 0.000169175 -0.00845706 -0.029457 4.60095e-05 -0.00874684 -0.03 0.00134785 -0.00709292 -0.03 0.00013263 -0.00790402 -0.03 -0.000872429 -0.00824695 -0.03 -0.000375929 -0.0025765 -0.03 0.00211371 -0.00271057 -0.03 0.00250424 -0.00139847 -0.03 0.00254442 -0.00646926 -0.03 -0.00195011 -0.00700351 -0.03 -0.00166983 -0.00618987 -0.03 -0.000698684 -0.00175199 -0.03 -0.000374197 -0.00271057 -0.03 0.000495761 -0.00149338 -0.03 0.000171184 -0.00346447 -0.03 -0.000472851 -0.0025128 -0.03 -0.00130646 -0.00299531 -0.03 -0.00166917 -0.00458851 -0.03 -0.000965903 -0.00410234 -0.03 -0.00214097 -0.00469817 -0.03 -0.00223783 -0.005 -0.03 -0.001 -0.0053016 -0.03 -0.00223783 -0.00352977 -0.03 -0.00194977 -0.00381013 -0.03 -0.000698684 -0.00581175 -0.03 -0.000864543 -0.00589702 -0.03 -0.00214108 -0.00541149 -0.03 -0.000965903 -0.00209475 -0.03 -0.000871038 -0.00290708 -0.03 0.00013263 -0.00316069 -0.03 -0.000193204 -0.00748593 -0.03 -0.00130748 -0.00683931 -0.03 -0.000193204 -0.00653553 -0.03 -0.000472851 -0.0025765 -0.03 0.000886286 -0.00132563 -0.03 0.000750971 -0.00728943 -0.03 0.000495761 -0.00250854 -0.03 0.00129355 -0.00125307 -0.03 0.00135014 -0.00850581 -0.03 0.000169175 -0.0074235 -0.03 0.000886286 -0.00250854 -0.03 0.00170645 -0.00127756 -0.03 0.00195316 -0.0086739 -0.03 0.000748772 -0.00749146 -0.03 0.00129355 -0.00874684 -0.03 0.00134785 -0.00749146 -0.03 0.00170645 -0.00161264 -0.03 0.0031086 -0.00290708 -0.03 0.00286737 -0.00191451 -0.03 0.00363109 -0.0074235 -0.03 0.00211371 -0.00860218 -0.03 0.0025423 -0.00728943 -0.03 0.00250424 -0.00346447 -0.03 0.00347285 -0.00229626 -0.03 0.00409838 -0.00316069 -0.03 0.0031932 -0.00709292 -0.03 0.00286737 -0.00838831 -0.03 0.00310672 -0.00458851 -0.03 0.0039659 -0.00381302 -0.03 0.00505712 -0.00418825 -0.03 0.00386454 -0.005 -0.03 0.00525 -0.0043983 -0.03 0.00520141 -0.005 -0.03 0.004 -0.0056017 -0.03 0.00520141 -0.00541149 -0.03 0.0039659 -0.00808665 -0.03 0.00362952 -0.00683931 -0.03 0.0031932 -0.0061878 -0.03 0.00505691 -0.00581175 -0.03 0.00386454 -0.00674311 -0.03 0.00482024 -0.00653553 -0.03 0.00347285 -0.007705 -0.03 0.00409717 -0.00725325 -0.03 0.00449754 -0.00618987 -0.03 0.00369868 -0.00325797 -0.03 0.00482073 -0.00274798 -0.03 0.00449837 -0.00381013 -0.03 0.00369868 -0.00872273 -0.03 0.0019509 -0.00418825 -0.03 -0.000864543 0.081 0 0.003 0.0814814 -2.90708e-05 0.00297093 0.081961 -0.000117155 0.00288285 0.082428 -0.000263598 0.0027364 0.00257196 -0.000263598 0.0027364 0.00212791 -0.000465133 0.00253487 0.0828721 -0.000465133 0.00253487 0.0832839 -0.000716118 0.00228388 0.00171612 -0.000716118 0.00228388 0.081 -0.003 2.51215e-17 0.004 -0.003 2.53131e-17 0.003039 -0.000117155 0.00288285 0.004 0 0.003 0.00351863 -2.90708e-05 0.00297093 -0.00461454 -0.0272301 -0.00223012 -0.00412344 -0.0271461 -0.00214614 0.0891229 -0.0271459 -0.00214592 -0.00365371 -0.027 -0.002 0.0886537 -0.027 -0.002 -0.00511445 -0.0272482 -0.0022482 -0.009 -0.03 -0.005 -0.00561001 -0.0272 -0.0022 -0.00608854 -0.0270885 -0.00208854 0.0896136 -0.02723 -0.00222998 0.0901135 -0.0272483 -0.00224826 0.094 -0.03 -0.005 0.0906094 -0.0272002 -0.00220017 0.0910885 -0.0270885 -0.00208854 0.0815156 -0.0299664 0.00796638 0.081 -0.03 0.008 0.094 -0.03 0.008 0.0836493 -0.0289974 0.00699739 0.0833038 -0.0292704 0.00727043 0.0839519 -0.0286999 0.00669993 0.0905536 -0.0272089 0.00520895 0.0910885 -0.0270885 0.00508854 0.09 -0.02725 0.00525 0.0895386 -0.0272215 0.0052215 0.0844339 -0.0280521 0.00605208 0.0842128 -0.0283834 0.00638341 0.0829146 -0.0295124 0.00751235 0.0824831 -0.029715 0.00771502 0.0820136 -0.0298693 0.00786933 0.0890865 -0.027137 0.00513704 0.0846166 -0.0277093 0.00570931 0.0886537 -0.027 0.005 0.0847626 -0.0273579 0.00535786 0.084873 -0.027 0.005 -0.01 -0.031 0.008 -0.01 -0.031 -0.005 -0.01 -0.032 -0.005 -0.01 -0.032 0.008 0.095 -0.032 0.008 0.095 -0.031 -0.005 0.095 -0.031 0.008 0.095 -0.032 -0.005 -0.01 -0.031 0.008 -0.01 -0.032 0.008 0.095 -0.032 0.008 0.004 -0.03 0.008 -0.009 -0.03 0.008 0.095 -0.031 0.008 0.081 -0.03 0.008 0.094 -0.03 0.008 -0.01 -0.031 -0.005 0.095 -0.031 -0.005 0.095 -0.032 -0.005 -0.009 -0.03 -0.005 0.094 -0.03 -0.005 -0.01 -0.032 -0.005 0.004 -0.003 2.53131e-17 0.00516734 -0.00585927 0 0.00456253 -0.0061053 0 0.0102601 -0.0121872 0 0.0105458 -0.0115982 0 0.0205813 -0.0118884 0 0.00711054 -0.0143069 0 0.004 -0.027 -2.66454e-18 0.00645753 -0.0143497 0 0.00580324 -0.00570627 0 0.004 -0.00644015 -2.66454e-18 0.007108 -0.00569278 0 0.00645505 -0.00565033 0 0.0217871 -0.00659964 0 0.00944178 -0.00679556 0 0.00892759 -0.0063904 0 0.0077473 -0.00583271 0 0.038343 -0.00871892 0 0.0284188 -0.00811192 0 0.0385803 -0.00811385 0 0.00944223 -0.013204 0 0.0213122 -0.0129597 0 0.0217889 -0.0134016 0 0.0456885 -0.00704101 0 0.0569052 -0.00755072 0 0.046094 -0.00754944 0 0.0565803 -0.00811385 0 0.0646563 -0.00871671 0 0.0644188 -0.00811192 0 0.0743597 -0.00866604 0 0.0223258 -0.0137676 0 0.0229111 -0.0140494 0 0.00836028 -0.013932 0 0.0754057 -0.00694277 0 0.0632116 -0.0065986 0 0.075918 -0.00649932 0 0.0077496 -0.0141665 0 0.0636885 -0.00704101 0 0.0749685 -0.00746035 0 0.064094 -0.00754944 0 0.0235323 -0.014241 0 0.0409111 -0.0140494 0 0.0266761 -0.0137665 0 0.0403258 -0.0137676 0 0.0272129 -0.0134002 0 0.0636891 -0.0129583 0 0.0754073 -0.0130589 0 0.0632129 -0.0134002 0 0.074617 -0.00803946 0 0.0260905 -0.0140487 0 0.0644194 -0.0118869 0 0.0746177 -0.0119621 0 0.0640942 -0.0124504 0 0.0241756 -0.0143379 0 0.0058054 -0.0142941 0 0.00516891 -0.0141413 0 0.00456253 -0.0138947 0 0.004 -0.0135598 -6.39044e-15 0.0205803 -0.00811385 0 0.020343 -0.00871892 0 0.010545 -0.00840012 0 0.0108375 -0.00967155 0 0.0107392 -0.00902474 0 0.0201987 -0.00935126 0 0.0797878 -0.0141549 0 0.0804166 -0.013905 0 0.081 -0.027 0 0.081 -0.0135598 -6.38086e-15 0.0784513 -0.0143496 0 0.0791272 -0.0143044 0 0.0777765 -0.0142893 0 0.00892876 -0.0136087 0 0.02015 -0.01 0 0.028094 -0.00754944 0 0.081 -0.003 2.51215e-17 0.081 -0.00644015 0 0.0804166 -0.00609499 0 0.0276885 -0.00704101 0 0.0393105 -0.00704217 0 0.0389052 -0.00755072 0 0.0464188 -0.00811192 0 0.056343 -0.00871892 0 0.0102595 -0.0078118 0 0.0272116 -0.0065986 0 0.0397871 -0.00659964 0 0.0209052 -0.00755072 0 0.0286563 -0.00871671 0 0.0428238 -0.00566218 0 0.00988911 -0.00727306 0 0.0213105 -0.00704217 0 0.0777741 -0.00571104 0 0.0784492 -0.00565033 0 0.0771167 -0.00587586 0 0.0797867 -0.00584465 0 0.0791255 -0.00569523 0 0.0108377 -0.0103259 0 0.0107397 -0.010973 0 0.0201987 -0.0106487 0 0.0203435 -0.0112829 0 0.0254666 -0.00575886 0 0.0415316 -0.00575922 0 0.0409106 -0.00595076 0 0.0223245 -0.00623309 0 0.00835846 -0.00606702 0 0.0229106 -0.00595076 0 0.0235316 -0.00575922 0 0.024174 -0.00566234 0 0.0248238 -0.00566218 0 0.0403245 -0.00623309 0 0.0266741 -0.0062323 0 0.026088 -0.0059503 0 0.0381987 -0.00935126 0 0.0452116 -0.0065986 0 0.0573105 -0.00704217 0 0.0288011 -0.00935035 0 0.03815 -0.01 0 0.0288499 -0.00999867 0 0.028657 -0.0112813 0 0.0383435 -0.0112829 0 0.0385813 -0.0118884 0 0.0280942 -0.0124504 0 0.0284194 -0.0118869 0 0.0389067 -0.0124515 0 0.0415323 -0.014241 0 0.0648011 -0.00935035 0 0.07415 -0.01 0 0.0648499 -0.00999867 0 0.0589111 -0.0140494 0 0.0446761 -0.0137665 0 0.0583258 -0.0137676 0 0.0569067 -0.0124515 0 0.0460942 -0.0124504 0 0.0464194 -0.0118869 0 0.0742028 -0.0106758 0 0.0648015 -0.0106472 0 0.0749696 -0.0125414 0 0.0440905 -0.0140487 0 0.0614692 -0.0142406 0 0.0771191 -0.0141249 0 0.0764952 -0.0138604 0 0.0626761 -0.0137665 0 0.07592 -0.0135022 0 0.0248261 -0.0143377 0 0.00988935 -0.0127267 0 0.0209067 -0.0124515 0 0.0381987 -0.0106487 0 0.0288015 -0.0106472 0 0.0561987 -0.00935126 0 0.0466563 -0.00871671 0 0.0577871 -0.00659964 0 0.0446741 -0.0062323 0 0.042174 -0.00566234 0 0.0583245 -0.00623309 0 0.044088 -0.0059503 0 0.0589106 -0.00595076 0 0.076493 -0.00614077 0 0.0626741 -0.0062323 0 0.062088 -0.0059503 0 0.0468011 -0.00935035 0 0.05615 -0.01 0 0.0468499 -0.00999867 0 0.0563435 -0.0112829 0 0.0565813 -0.0118884 0 0.046657 -0.0112813 0 0.0452129 -0.0134002 0 0.0276891 -0.0129583 0 0.0397889 -0.0134016 0 0.0254692 -0.0142406 0 0.064657 -0.0112813 0 0.07436 -0.0113352 0 0.0421756 -0.0143379 0 0.0620905 -0.0140487 0 0.0428261 -0.0143377 0 0.0393122 -0.0129597 0 0.0561987 -0.0106487 0 0.0468015 -0.0106472 0 0.0742028 -0.0093242 0 0.0614666 -0.00575886 0 0.0434666 -0.00575886 0 0.0595316 -0.00575922 0 0.060174 -0.00566234 0 0.0608238 -0.00566218 0 0.0456891 -0.0129583 0 0.0577889 -0.0134016 0 0.0595323 -0.014241 0 0.0434692 -0.0142406 0 0.0601756 -0.0143379 0 0.0608261 -0.0143377 0 0.0573122 -0.0129597 0 0.0877677 -0.032 0.00262551 -0.00276769 -0.032 0.00262551 0.0876096 -0.032 0.00223206 0.095 -0.032 -0.005 -0.0045775 -0.032 -0.00096404 -0.01 -0.032 -0.005 0.0924978 -0.032 0.0013939 0.0924439 -0.032 0.000973302 0.0908328 -0.032 -0.000857194 0.0904225 -0.032 -0.00096404 0.09 -0.032 -0.001 0.0915705 -0.032 -0.000445089 0.0912192 -0.032 -0.000682535 0.0921288 -0.032 0.000189232 0.0918767 -0.032 -0.000151687 0.0923197 -0.032 0.000567859 -0.00252025 -0.032 0.00181754 0.0875202 -0.032 0.00181754 -0.00260958 -0.032 0.00223206 0.0924798 -0.032 0.00181754 0.095 -0.032 0.008 -0.00360006 -0.032 0.00357127 -0.00327015 -0.032 0.00330489 0.0882702 -0.032 0.00330489 0.0922323 -0.032 0.00262551 0.0923904 -0.032 0.00223206 0.089788 -0.032 0.00399099 0.0893701 -0.032 0.00391933 0.0917298 -0.032 0.00330489 0.09201 -0.032 0.00298658 0.0910298 -0.032 0.00377807 0.0913999 -0.032 0.00357127 0.090212 -0.032 0.00399099 0.0906299 -0.032 0.00391933 -0.01 -0.032 0.008 0.0878712 -0.032 0.000189232 -0.00268028 -0.032 0.000567859 -0.00287118 -0.032 0.000189232 0.0875561 -0.032 0.000973302 -0.00250225 -0.032 0.0013939 -0.00255611 -0.032 0.000973302 -0.00312332 -0.032 -0.000151687 0.0881233 -0.032 -0.000151687 -0.00562995 -0.032 0.00391933 -0.00521201 -0.032 0.00399099 0.0884295 -0.032 -0.000445089 -0.00342945 -0.032 -0.000445089 -0.00378076 -0.032 -0.000682535 0.0887808 -0.032 -0.000682535 -0.00416715 -0.032 -0.000857194 0.0891672 -0.032 -0.000857194 0.0895775 -0.032 -0.00096404 -0.005 -0.032 -0.001 0.0876803 -0.032 0.000567859 -0.00437005 -0.032 0.00391933 0.0889702 -0.032 0.00377807 0.0875022 -0.032 0.0013939 -0.00299001 -0.032 0.00298658 0.08799 -0.032 0.00298658 0.0886001 -0.032 0.00357127 -0.00397025 -0.032 0.00377807 -0.00478799 -0.032 0.00399099 -0.00749775 -0.032 0.0013939 -0.00747975 -0.032 0.00181754 -0.00639994 -0.032 0.00357127 -0.00602975 -0.032 0.00377807 -0.00700999 -0.032 0.00298658 -0.00672985 -0.032 0.00330489 -0.00739042 -0.032 0.00223206 -0.00723231 -0.032 0.00262551 -0.00744389 -0.032 0.000973302 -0.00712882 -0.032 0.000189232 -0.00731972 -0.032 0.000567859 -0.00657055 -0.032 -0.000445089 -0.00687668 -0.032 -0.000151687 -0.00583285 -0.032 -0.000857194 -0.00621924 -0.032 -0.000682535 -0.0054225 -0.032 -0.00096404 0 -0.004 0.017 2.22045e-19 -0.026 0.004 -4.44089e-19 -0.026 0.017 0 -0.004 0.004 0.085 -0.004 0.017 0.085 -0.026 0.004 0.085 -0.004 0.004 0.085 -0.026 0.017 0.0875022 -0.032 0.0013939 0.0875085 -0.03 0.00129355 0.0875085 -0.03 0.00170645 0.090212 -0.032 0.00399099 0.089788 -0.032 0.00399099 0.09 -0.03 0.004 0.0875765 -0.03 0.000886286 0.0875561 -0.032 0.000973302 0.0876803 -0.032 0.000567859 0.0877106 -0.03 0.000495761 0.0878712 -0.032 0.000189232 0.0879071 -0.03 0.00013263 0.0881607 -0.03 -0.000193204 0.0881233 -0.032 -0.000151687 0.0884295 -0.032 -0.000445089 0.0884645 -0.03 -0.000472851 0.0887808 -0.032 -0.000682535 0.0888101 -0.03 -0.000698684 0.0891882 -0.03 -0.000864543 0.0891672 -0.032 -0.000857194 0.0895775 -0.032 -0.00096404 0.0895885 -0.03 -0.000965903 0.09 -0.032 -0.001 0.09 -0.03 -0.001 0.0875202 -0.032 0.00181754 0.0875765 -0.03 0.00211371 0.0876096 -0.032 0.00223206 0.0877106 -0.03 0.00250424 0.0877677 -0.032 0.00262551 0.08799 -0.032 0.00298658 0.0879071 -0.03 0.00286737 0.0881607 -0.03 0.0031932 0.0882702 -0.032 0.00330489 0.0884645 -0.03 0.00347285 0.0886001 -0.032 0.00357127 0.0889702 -0.032 0.00377807 0.0888101 -0.03 0.00369868 0.0891882 -0.03 0.00386454 0.0893701 -0.032 0.00391933 0.0895885 -0.03 0.0039659 0.0913999 -0.032 0.00357127 0.0910298 -0.032 0.00377807 0.0911899 -0.03 0.00369868 0.0906299 -0.032 0.00391933 0.0904115 -0.03 0.0039659 0.0908118 -0.03 0.00386454 0.0920929 -0.03 0.00286737 0.0922323 -0.032 0.00262551 0.09201 -0.032 0.00298658 0.0915355 -0.03 0.00347285 0.0918393 -0.03 0.0031932 0.0917298 -0.032 0.00330489 0.0924798 -0.032 0.00181754 0.0924915 -0.03 0.00170645 0.0924978 -0.032 0.0013939 0.0923904 -0.032 0.00223206 0.0922894 -0.03 0.00250424 0.0924235 -0.03 0.00211371 0.0921288 -0.032 0.000189232 0.0923197 -0.032 0.000567859 0.0922894 -0.03 0.000495761 0.0924235 -0.03 0.000886286 0.0924439 -0.032 0.000973302 0.0924915 -0.03 0.00129355 0.0915355 -0.03 -0.000472851 0.0915705 -0.032 -0.000445089 0.0918393 -0.03 -0.000193204 0.0920929 -0.03 0.00013263 0.0918767 -0.032 -0.000151687 0.0912192 -0.032 -0.000682535 0.0911899 -0.03 -0.000698684 0.0908118 -0.03 -0.000864543 0.0908328 -0.032 -0.000857194 0.0904115 -0.03 -0.000965903 0.0904225 -0.032 -0.00096404 -0.00749775 -0.032 0.0013939 -0.00749146 -0.03 0.00129355 -0.00749146 -0.03 0.00170645 -0.00478799 -0.032 0.00399099 -0.00521201 -0.032 0.00399099 -0.005 -0.03 0.004 -0.0074235 -0.03 0.000886286 -0.00744389 -0.032 0.000973302 -0.00731972 -0.032 0.000567859 -0.00728943 -0.03 0.000495761 -0.00712882 -0.032 0.000189232 -0.00709292 -0.03 0.00013263 -0.00683931 -0.03 -0.000193204 -0.00687668 -0.032 -0.000151687 -0.00657055 -0.032 -0.000445089 -0.00653553 -0.03 -0.000472851 -0.00621924 -0.032 -0.000682535 -0.00618987 -0.03 -0.000698684 -0.00581175 -0.03 -0.000864543 -0.00583285 -0.032 -0.000857194 -0.0054225 -0.032 -0.00096404 -0.00541149 -0.03 -0.000965903 -0.005 -0.032 -0.001 -0.005 -0.03 -0.001 -0.00747975 -0.032 0.00181754 -0.0074235 -0.03 0.00211371 -0.00739042 -0.032 0.00223206 -0.00728943 -0.03 0.00250424 -0.00723231 -0.032 0.00262551 -0.00700999 -0.032 0.00298658 -0.00709292 -0.03 0.00286737 -0.00683931 -0.03 0.0031932 -0.00672985 -0.032 0.00330489 -0.00653553 -0.03 0.00347285 -0.00639994 -0.032 0.00357127 -0.00602975 -0.032 0.00377807 -0.00618987 -0.03 0.00369868 -0.00581175 -0.03 0.00386454 -0.00562995 -0.032 0.00391933 -0.00541149 -0.03 0.0039659 -0.00360006 -0.032 0.00357127 -0.00397025 -0.032 0.00377807 -0.00381013 -0.03 0.00369868 -0.00437005 -0.032 0.00391933 -0.00458851 -0.03 0.0039659 -0.00418825 -0.03 0.00386454 -0.00290708 -0.03 0.00286737 -0.00276769 -0.032 0.00262551 -0.00299001 -0.032 0.00298658 -0.00346447 -0.03 0.00347285 -0.00316069 -0.03 0.0031932 -0.00327015 -0.032 0.00330489 -0.00252025 -0.032 0.00181754 -0.00250854 -0.03 0.00170645 -0.00250225 -0.032 0.0013939 -0.00260958 -0.032 0.00223206 -0.00271057 -0.03 0.00250424 -0.0025765 -0.03 0.00211371 -0.00287118 -0.032 0.000189232 -0.00268028 -0.032 0.000567859 -0.00271057 -0.03 0.000495761 -0.0025765 -0.03 0.000886286 -0.00255611 -0.032 0.000973302 -0.00250854 -0.03 0.00129355 -0.00346447 -0.03 -0.000472851 -0.00342945 -0.032 -0.000445089 -0.00316069 -0.03 -0.000193204 -0.00290708 -0.03 0.00013263 -0.00312332 -0.032 -0.000151687 -0.00378076 -0.032 -0.000682535 -0.00381013 -0.03 -0.000698684 -0.00418825 -0.03 -0.000864543 -0.00416715 -0.032 -0.000857194 -0.00458851 -0.03 -0.000965903 -0.0045775 -0.032 -0.00096404 -0.00261887 -0.027 -0.00139692 0.004 -0.027 -2.66454e-18 0.087618 -0.027 -0.00139628 0.0876189 -0.027 0.00439692 0.084873 -0.027 0.005 0.0881116 -0.027 0.0047398 0.081 -0.027 0 0.0865474 -0.027 3.64312e-05 0.0868257 -0.027 -0.000496587 -0.00311156 -0.027 -0.0017398 0.0881116 -0.027 -0.0017398 0.0886537 -0.027 0.005 0.084873 -0.027 0.00387298 0.0871867 -0.027 0.00397938 0.0868268 -0.027 0.00349812 0.0865483 -0.027 0.00296549 0.0863585 -0.027 0.00239516 0.0862622 -0.027 0.00180177 0.0863579 -0.027 0.000607048 0.086262 -0.027 0.00120058 0.0871857 -0.027 -0.000978289 0.0886537 -0.027 -0.002 -0.00365371 -0.027 -0.002 -0.00182679 -0.027 -0.000498118 -0.00218673 -0.027 -0.000979376 -0.00126225 -0.027 0.00119823 -0.0013585 -0.027 0.000604844 -0.00154832 -0.027 3.4513e-05 -0.00126204 -0.027 0.00179942 -0.00135792 -0.027 0.00239295 0.000127017 -0.027 0.00387298 -0.00154744 -0.027 0.00296357 -0.00182574 -0.027 0.00349659 -0.00261798 -0.027 0.00439628 0.000127017 -0.027 0.005 -0.00218567 -0.027 0.00397829 -0.00311156 -0.027 0.0047398 -0.00365371 -0.027 0.005 -0.009 -0.03 0.008 -0.00555425 -0.0272087 0.00520873 -0.00608854 -0.0270885 0.00508854 -0.00408653 -0.027137 0.00513704 0.00038377 -0.027709 0.00570896 0.000237383 -0.0273578 0.00535783 -0.005 -0.02725 0.00525 -0.00453856 -0.0272215 0.0052215 0.000127017 -0.027 0.005 -0.00365371 -0.027 0.005 0.000566726 -0.0280515 0.0060515 0.000787698 -0.0283826 0.00638263 0.00104849 -0.0286989 0.00669894 0.00169589 -0.0292692 0.00726915 0.00135075 -0.0289962 0.00699622 0.00251546 -0.0297141 0.00771409 0.00208449 -0.0295111 0.00751111 0.00348397 -0.0299667 0.00796671 0.00298472 -0.029869 0.007869 0.004 -0.03 0.008 0.0760341 -0.00958851 0.017 0.076 -0.01 0.017 0.076 -0.01 0.015 0.0765271 -0.00846447 0.017 0.0763013 -0.00881013 0.017 0.0763175 -0.00878076 0.015 0.0761355 -0.00918825 0.017 0.076036 -0.0095775 0.015 0.0761428 -0.00916715 0.015 0.0771892 -0.00787118 0.015 0.0774958 -0.00771057 0.017 0.0771326 -0.00790708 0.017 0.0765549 -0.00842945 0.015 0.0768483 -0.00812332 0.015 0.0768068 -0.00816069 0.017 0.0782935 -0.00750854 0.017 0.0783939 -0.00750225 0.015 0.0787065 -0.00750854 0.017 0.0778863 -0.0075765 0.017 0.0775679 -0.00768028 0.015 0.0779733 -0.00755611 0.015 0.0798674 -0.00790708 0.017 0.0795042 -0.00771057 0.017 0.0796255 -0.00776769 0.015 0.0792321 -0.00760958 0.015 0.0791137 -0.0075765 0.017 0.0788175 -0.00752025 0.015 0.0805713 -0.00860006 0.015 0.0806987 -0.00881013 0.017 0.0804729 -0.00846447 0.017 0.0799866 -0.00799001 0.015 0.0803049 -0.00827015 0.015 0.0801932 -0.00816069 0.017 0.0809659 -0.00958851 0.017 0.080991 -0.00978799 0.015 0.081 -0.01 0.017 0.0808645 -0.00918825 0.017 0.0807781 -0.00897025 0.015 0.0809193 -0.00937006 0.015 0.0806987 -0.0111899 0.017 0.0808645 -0.0108117 0.017 0.0807781 -0.0110298 0.015 0.0809193 -0.0106299 0.015 0.0809659 -0.0104115 0.017 0.080991 -0.010212 0.015 0.0799866 -0.01201 0.015 0.0798674 -0.0120929 0.017 0.0801932 -0.0118393 0.017 0.0805713 -0.0113999 0.015 0.0803049 -0.0117298 0.015 0.0804729 -0.0115355 0.017 0.0791137 -0.0124235 0.017 0.0788175 -0.0124798 0.015 0.0787065 -0.0124915 0.017 0.0795042 -0.0122894 0.017 0.0796255 -0.0122323 0.015 0.0792321 -0.0123904 0.015 0.0783939 -0.0124977 0.015 0.0779733 -0.0124439 0.015 0.0782935 -0.0124915 0.017 0.0775679 -0.0123197 0.015 0.0778863 -0.0124235 0.017 0.0774958 -0.0122894 0.017 0.0771892 -0.0121288 0.015 0.0768483 -0.0118767 0.015 0.0771326 -0.0120929 0.017 0.0765549 -0.0115705 0.015 0.0768068 -0.0118393 0.017 0.0765271 -0.0115355 0.017 0.0763175 -0.0112192 0.015 0.0761428 -0.0108328 0.015 0.0763013 -0.0111899 0.017 0.076036 -0.0104225 0.015 0.0761355 -0.0108117 0.017 0.0760341 -0.0104115 0.017 0.0580341 -0.00958851 0.017 0.058 -0.01 0.017 0.058 -0.01 0.015 0.0585271 -0.00846447 0.017 0.0583013 -0.00881013 0.017 0.0583175 -0.00878076 0.015 0.0581355 -0.00918825 0.017 0.058036 -0.0095775 0.015 0.0581428 -0.00916715 0.015 0.0591892 -0.00787118 0.015 0.0594958 -0.00771057 0.017 0.0591326 -0.00790708 0.017 0.0585549 -0.00842945 0.015 0.0588483 -0.00812332 0.015 0.0588068 -0.00816069 0.017 0.0602936 -0.00750854 0.017 0.0603939 -0.00750225 0.015 0.0607064 -0.00750854 0.017 0.0598863 -0.0075765 0.017 0.0595679 -0.00768028 0.015 0.0599733 -0.00755611 0.015 0.0618674 -0.00790708 0.017 0.0615042 -0.00771057 0.017 0.0616255 -0.00776769 0.015 0.0612321 -0.00760958 0.015 0.0611137 -0.0075765 0.017 0.0608175 -0.00752025 0.015 0.0625713 -0.00860006 0.015 0.0626987 -0.00881013 0.017 0.0624729 -0.00846447 0.017 0.0619866 -0.00799001 0.015 0.0623049 -0.00827015 0.015 0.0621932 -0.00816069 0.017 0.0629659 -0.00958851 0.017 0.062991 -0.00978799 0.015 0.063 -0.01 0.017 0.0628645 -0.00918825 0.017 0.0627781 -0.00897025 0.015 0.0629193 -0.00937006 0.015 0.0626987 -0.0111899 0.017 0.0628645 -0.0108117 0.017 0.0627781 -0.0110298 0.015 0.0629193 -0.0106299 0.015 0.0629659 -0.0104115 0.017 0.062991 -0.010212 0.015 0.0619866 -0.01201 0.015 0.0618674 -0.0120929 0.017 0.0621932 -0.0118393 0.017 0.0625713 -0.0113999 0.015 0.0623049 -0.0117298 0.015 0.0624729 -0.0115355 0.017 0.0611137 -0.0124235 0.017 0.0608175 -0.0124798 0.015 0.0607064 -0.0124915 0.017 0.0615042 -0.0122894 0.017 0.0616255 -0.0122323 0.015 0.0612321 -0.0123904 0.015 0.0603939 -0.0124977 0.015 0.0599733 -0.0124439 0.015 0.0602936 -0.0124915 0.017 0.0595679 -0.0123197 0.015 0.0598863 -0.0124235 0.017 0.0594958 -0.0122894 0.017 0.0591892 -0.0121288 0.015 0.0588483 -0.0118767 0.015 0.0591326 -0.0120929 0.017 0.0585549 -0.0115705 0.015 0.0588068 -0.0118393 0.017 0.0585271 -0.0115355 0.017 0.0583175 -0.0112192 0.015 0.0581428 -0.0108328 0.015 0.0583013 -0.0111899 0.017 0.058036 -0.0104225 0.015 0.0581355 -0.0108117 0.017 0.0580341 -0.0104115 0.017 0.0400341 -0.00958851 0.017 0.04 -0.01 0.017 0.04 -0.01 0.015 0.0405272 -0.00846447 0.017 0.0403013 -0.00881013 0.017 0.0403175 -0.00878076 0.015 0.0401355 -0.00918825 0.017 0.040036 -0.0095775 0.015 0.0401428 -0.00916715 0.015 0.0411892 -0.00787118 0.015 0.0414958 -0.00771057 0.017 0.0411326 -0.00790708 0.017 0.0405549 -0.00842945 0.015 0.0408483 -0.00812332 0.015 0.0408068 -0.00816069 0.017 0.0422936 -0.00750854 0.017 0.0423939 -0.00750225 0.015 0.0427064 -0.00750854 0.017 0.0418863 -0.0075765 0.017 0.0415679 -0.00768028 0.015 0.0419733 -0.00755611 0.015 0.0438674 -0.00790708 0.017 0.0435042 -0.00771057 0.017 0.0436255 -0.00776769 0.015 0.0432321 -0.00760958 0.015 0.0431137 -0.0075765 0.017 0.0428175 -0.00752025 0.015 0.0445713 -0.00860006 0.015 0.0446987 -0.00881013 0.017 0.0444729 -0.00846447 0.017 0.0439866 -0.00799001 0.015 0.0443049 -0.00827015 0.015 0.0441932 -0.00816069 0.017 0.0449659 -0.00958851 0.017 0.044991 -0.00978799 0.015 0.045 -0.01 0.017 0.0448645 -0.00918825 0.017 0.0447781 -0.00897025 0.015 0.0449193 -0.00937006 0.015 0.0446987 -0.0111899 0.017 0.0448645 -0.0108117 0.017 0.0447781 -0.0110298 0.015 0.0449193 -0.0106299 0.015 0.0449659 -0.0104115 0.017 0.044991 -0.010212 0.015 0.0439866 -0.01201 0.015 0.0438674 -0.0120929 0.017 0.0441932 -0.0118393 0.017 0.0445713 -0.0113999 0.015 0.0443049 -0.0117298 0.015 0.0444729 -0.0115355 0.017 0.0431137 -0.0124235 0.017 0.0428175 -0.0124798 0.015 0.0427064 -0.0124915 0.017 0.0435042 -0.0122894 0.017 0.0436255 -0.0122323 0.015 0.0432321 -0.0123904 0.015 0.0423939 -0.0124977 0.015 0.0419733 -0.0124439 0.015 0.0422936 -0.0124915 0.017 0.0415679 -0.0123197 0.015 0.0418863 -0.0124235 0.017 0.0414958 -0.0122894 0.017 0.0411892 -0.0121288 0.015 0.0408483 -0.0118767 0.015 0.0411326 -0.0120929 0.017 0.0405549 -0.0115705 0.015 0.0408068 -0.0118393 0.017 0.0405272 -0.0115355 0.017 0.0403175 -0.0112192 0.015 0.0401428 -0.0108328 0.015 0.0403013 -0.0111899 0.017 0.040036 -0.0104225 0.015 0.0401355 -0.0108117 0.017 0.0400341 -0.0104115 0.017 0.0220341 -0.00958851 0.017 0.022 -0.01 0.017 0.022 -0.01 0.015 0.0225271 -0.00846447 0.017 0.0223013 -0.00881013 0.017 0.0223175 -0.00878076 0.015 0.0221355 -0.00918825 0.017 0.022036 -0.0095775 0.015 0.0221428 -0.00916715 0.015 0.0231892 -0.00787118 0.015 0.0234958 -0.00771057 0.017 0.0231326 -0.00790708 0.017 0.0225549 -0.00842945 0.015 0.0228483 -0.00812332 0.015 0.0228068 -0.00816069 0.017 0.0242936 -0.00750854 0.017 0.0243939 -0.00750225 0.015 0.0247064 -0.00750854 0.017 0.0238863 -0.0075765 0.017 0.0235679 -0.00768028 0.015 0.0239733 -0.00755611 0.015 0.0258674 -0.00790708 0.017 0.0255042 -0.00771057 0.017 0.0256255 -0.00776769 0.015 0.0252321 -0.00760958 0.015 0.0251137 -0.0075765 0.017 0.0248175 -0.00752025 0.015 0.0265713 -0.00860006 0.015 0.0266987 -0.00881013 0.017 0.0264729 -0.00846447 0.017 0.0259866 -0.00799001 0.015 0.0263049 -0.00827015 0.015 0.0261932 -0.00816069 0.017 0.0269659 -0.00958851 0.017 0.026991 -0.00978799 0.015 0.027 -0.01 0.017 0.0268645 -0.00918825 0.017 0.0267781 -0.00897025 0.015 0.0269193 -0.00937006 0.015 0.0266987 -0.0111899 0.017 0.0268645 -0.0108117 0.017 0.0267781 -0.0110298 0.015 0.0269193 -0.0106299 0.015 0.0269659 -0.0104115 0.017 0.026991 -0.010212 0.015 0.0259866 -0.01201 0.015 0.0258674 -0.0120929 0.017 0.0261932 -0.0118393 0.017 0.0265713 -0.0113999 0.015 0.0263049 -0.0117298 0.015 0.0264729 -0.0115355 0.017 0.0251137 -0.0124235 0.017 0.0248175 -0.0124798 0.015 0.0247064 -0.0124915 0.017 0.0255042 -0.0122894 0.017 0.0256255 -0.0122323 0.015 0.0252321 -0.0123904 0.015 0.0243939 -0.0124977 0.015 0.0239733 -0.0124439 0.015 0.0242936 -0.0124915 0.017 0.0235679 -0.0123197 0.015 0.0238863 -0.0124235 0.017 0.0234958 -0.0122894 0.017 0.0231892 -0.0121288 0.015 0.0228483 -0.0118767 0.015 0.0231326 -0.0120929 0.017 0.0225549 -0.0115705 0.015 0.0228068 -0.0118393 0.017 0.0225271 -0.0115355 0.017 0.0223175 -0.0112192 0.015 0.0221428 -0.0108328 0.015 0.0223013 -0.0111899 0.017 0.022036 -0.0104225 0.015 0.0221355 -0.0108117 0.017 0.0220341 -0.0104115 0.017 0.0040341 -0.00958851 0.017 0.004 -0.01 0.017 0.004 -0.01 0.015 0.00452715 -0.00846447 0.017 0.00430132 -0.00881013 0.017 0.00431746 -0.00878076 0.015 0.00413546 -0.00918825 0.017 0.00403596 -0.0095775 0.015 0.00414281 -0.00916715 0.015 0.00518923 -0.00787118 0.015 0.00549576 -0.00771057 0.017 0.00513263 -0.00790708 0.017 0.00455491 -0.00842945 0.015 0.00484831 -0.00812332 0.015 0.0048068 -0.00816069 0.017 0.00629355 -0.00750854 0.017 0.0063939 -0.00750225 0.015 0.00670645 -0.00750854 0.017 0.00588629 -0.0075765 0.017 0.00556786 -0.00768028 0.015 0.0059733 -0.00755611 0.015 0.00786737 -0.00790708 0.017 0.00750424 -0.00771057 0.017 0.00762551 -0.00776769 0.015 0.00723206 -0.00760958 0.015 0.00711371 -0.0075765 0.017 0.00681754 -0.00752025 0.015 0.00857127 -0.00860006 0.015 0.00869869 -0.00881013 0.017 0.00847285 -0.00846447 0.017 0.00798658 -0.00799001 0.015 0.00830489 -0.00827015 0.015 0.0081932 -0.00816069 0.017 0.0089659 -0.00958851 0.017 0.00899099 -0.00978799 0.015 0.009 -0.01 0.017 0.00886454 -0.00918825 0.017 0.00877807 -0.00897025 0.015 0.00891933 -0.00937006 0.015 0.00869869 -0.0111899 0.017 0.00886454 -0.0108117 0.017 0.00877807 -0.0110298 0.015 0.00891933 -0.0106299 0.015 0.0089659 -0.0104115 0.017 0.00899099 -0.010212 0.015 0.00798658 -0.01201 0.015 0.00786737 -0.0120929 0.017 0.0081932 -0.0118393 0.017 0.00857127 -0.0113999 0.015 0.00830489 -0.0117298 0.015 0.00847285 -0.0115355 0.017 0.00711371 -0.0124235 0.017 0.00681754 -0.0124798 0.015 0.00670645 -0.0124915 0.017 0.00750424 -0.0122894 0.017 0.00762551 -0.0122323 0.015 0.00723206 -0.0123904 0.015 0.0063939 -0.0124977 0.015 0.0059733 -0.0124439 0.015 0.00629355 -0.0124915 0.017 0.00556786 -0.0123197 0.015 0.00588629 -0.0124235 0.017 0.00549576 -0.0122894 0.017 0.00518923 -0.0121288 0.015 0.00484831 -0.0118767 0.015 0.00513263 -0.0120929 0.017 0.00455491 -0.0115705 0.015 0.0048068 -0.0118393 0.017 0.00452715 -0.0115355 0.017 0.00431746 -0.0112192 0.015 0.00414281 -0.0108328 0.015 0.00430132 -0.0111899 0.017 0.00403596 -0.0104225 0.015 0.00413546 -0.0108117 0.017 0.0040341 -0.0104115 0.017</float_array>
          <technique_common>
            <accessor count="2538" source="#ID5" stride="3">
              <param name="X" type="float"/>
              <param name="Y" type="float"/>
              <param name="Z" type="float"/>
            </accessor>
          </technique_common>
        </source>
        <source id="ID6">
          <float_array count="7614" id="ID7">-0.654237 0.75629 0 -0.587785 0.809017 0 -0.57097 0.820971 0 -0.467225 0.884138 0 -0.45399 0.891007 0 -0.309017 0.951057 0 -0.356587 0.934262 0 -0.240689 0.970602 0 -0.156435 0.987688 0 -5.96244e-09 1 0 -0.121238 0.992623 0 -5.96244e-09 1 0 -0.707107 0.707107 0 -0.732805 0.680439 0 -0.809017 0.587785 0 -0.805073 0.593176 0 -0.891007 0.453991 0 -0.869347 0.494202 0 -0.923439 0.383744 0 -0.951057 0.309017 0 -0.964842 0.262832 0 -0.987688 0.156434 0 -1 -1.68883e-07 0 -0.991021 0.133707 0 -1 -1.68883e-07 0 0.804997 0.593279 0 0.732727 0.680523 0 0.809017 0.587785 0 0.891007 0.453991 0 0.869287 0.494307 0 0.923397 0.383846 0 0.951057 0.309017 0 0.987688 0.156435 0 0.96482 0.262911 0 1 6.95355e-08 0 0.991015 0.133753 0 1 6.95355e-08 0 0.707107 0.707107 0 0.654251 0.756278 0 0.587785 0.809017 0 0.45399 0.891007 0 0.57097 0.820971 0 0.356587 0.934262 0 0.467225 0.884138 0 0.240689 0.970602 0 0.309017 0.951057 0 0.156435 0.987688 0 0.121238 0.992623 0 5.96244e-09 1 0 5.96244e-09 1 0 -0.737851 -0.674964 -0 -0.809017 -0.587785 -0 -0.803077 -0.595875 -0 -0.891007 -0.453991 -0 -0.904078 -0.427367 -0 -0.85834 -0.513082 -0 -0.940642 -0.339399 -0 -0.951057 -0.309017 -0 -0.987688 -0.156435 -0 -0.968246 -0.25 -0 -0.968246 -0.25 -0 -1 -6.95355e-08 -0 -0.99203 -0.126004 -0 -1 -6.95355e-08 -0 -0.707107 -0.707107 -0 -0.662252 -0.749281 0 -0.587785 -0.809017 0 -0.575933 -0.817497 0 -0.478741 -0.877956 0 -0.370972 -0.928644 0 -0.45399 -0.891007 0 -0.253658 -0.967294 0 -0.309017 -0.951057 0 -0.156435 -0.987688 0 -0.128895 -0.991658 0 -5.96244e-09 -1 0 -5.96244e-09 -1 0 0.662435 -0.74912 0 0.587785 -0.809017 0 0.576095 -0.817383 0 0.45399 -0.891007 0 0.478859 -0.877892 0 0.309017 -0.951057 0 0.371016 -0.928626 0 0.253629 -0.967302 0 0.156435 -0.987688 0 5.96244e-09 -1 0 0.128955 -0.99165 0 5.96244e-09 -1 0 0.707107 -0.707107 0 0.738022 -0.674777 0 0.809017 -0.587785 0 0.803224 -0.595677 0 0.858462 -0.512877 0 0.904142 -0.427233 0 0.891007 -0.453991 0 0.940636 -0.339418 0 0.951057 -0.309017 0 0.968246 -0.25 0 0.987688 -0.156434 0 0.968246 -0.25 0 0.99203 -0.126004 0 1 1.68883e-07 0 1 -6.95355e-08 0 -0.707107 -0 -0.707107 -0.707107 -0 -0.707107 -0.707107 -0 -0.707107 -0.707107 -0 -0.707107 -0.707107 -0 -0.707107 -0.707107 -0 -0.707107 -0.707107 -0 -0.707107 -0.707107 -0 -0.707107 -0.707107 -0 -0.707107 -0.707107 -0 -0.707107 -0.707107 -0 -0.707107 -0.707107 -0 -0.707107 -0.707107 -0 -0.707107 -0.707107 -0 -0.707107 -0.707107 -0 -0.707107 -0.707107 -0 -0.707107 -0.707107 -0 -0.707107 -0.707107 -0 -0.707107 -0.707107 -0 -0.707107 -0.707107 -0 -0.707107 -0.707107 -0 -0.707107 -0.707107 -0 -0.707107 -0.707107 -0 -0.707107 -0.707107 -0 -0.707107 -0.707107 -0 -0.707107 -0.707107 -0 -0.707107 -0.707107 -0 -0.707107 -0.707107 -0 -0.707107 -0.707107 -0 -0.707107 -0.707107 -0 -0.707107 -0.707107 -0 -0.707107 0.707107 0 -0.707107 0.707107 0 -0.707107 0.707107 0 -0.707107 0.707107 0 -0.707107 0.707107 0 -0.707107 0.707107 0 -0.707107 0.707107 0 -0.707107 0.707107 0 -0.707107 0.707107 0 -0.707107 0.707107 0 -0.707107 0.707107 0 -0.707107 0.707107 0 -0.707107 0.707107 0 -0.707107 0.707107 0 -0.707107 0.707107 0 -0.707107 0.707107 0 -0.707107 0.707107 0 -0.707107 0.707107 0 -0.707107 0.707107 0 -0.707107 0.707107 0 -0.707107 0.707107 0 -0.707107 0.707107 0 -0.707107 0.707107 0 -0.707107 0.707107 0 -0.707107 0.707107 0 -0.707107 0.707107 0 -0.707107 0.707107 0 -0.707107 0.707107 0 -0.707107 0.707107 0 -0.707107 0.707107 0 -0.707107 0.707107 0 -0.707107 0.707107 0 -0.707107 0 0 -1 0 0 -1 0 0 -1 0 0 -1 0 0 -1 0 0 -1 0 0 -1 0 0 -1 0 0 -1 0 0 -1 0 0 -1 0 0 -1 0 0 -1 0 0 -1 0 0 -1 0 0 -1 0 0 -1 0 0 -1 0 0 -1 0 0 -1 0 0 -1 0 0 -1 0 0 -1 0 0 -1 0 0 -1 0 0 -1 0 0 -1 0 0 -1 0 0 -1 0 0 -1 0 0 -1 0 0 -1 0 0 -1 0 0 -1 0 0 -1 0 0 -1 0 0 -1 0 0 -1 0 0 -1 0 0 -1 0 0 -1 0 0 -1 0 0 -1 0 0 -1 0 0 -1 0 0 -1 0 0 -1 0 0 -1 0 0 -1 0 0 -1 0 0 -1 0 0 -1 0 0 -1 0 0 -1 0 0 -1 0 0 -1 0 0 -1 0 0 -1 0 0 -1 0 0 -1 0 0 -1 0 0 -1 0 0 -1 0 0 -1 0 0 -1 0 0 -1 0 0 -1 0 0 -1 0 0 -1 0 0 -1 0 0 -1 0 0 -1 0 0 -1 0 0 -1 0 0 -1 0 0 -1 0 0 -1 0 0 -1 0 0 -1 0.870652 -0.491899 0 0.826239 -0.56332 0 0.900969 -0.433884 0 0.5 -0.866025 0 0.62349 -0.781832 0 0.574713 -0.818355 0 0.955573 -0.294755 0 0.924231 -0.381834 0 0.988831 -0.149042 0 0.965216 -0.261454 0 0.991118 -0.132982 0 1 0 0 1 -1.82865e-12 0 0.806952 -0.590617 0 0.733052 -0.680173 0 0.735292 -0.677751 0 0.65735 -0.753585 0 0.0747301 -0.997204 0 0.222521 -0.974928 0 0.159898 -0.987134 0 0.365341 -0.930874 0 0.445469 -0.895297 0 0.306147 -0.951984 0 -0.286985 -0.957935 -0 -0.365341 -0.930874 -0 -0.222521 -0.974928 -0 0.0100323 -0.99995 0 -0.140061 -0.990143 -0 -0.0747302 -0.997204 -0 -0.62349 -0.781832 -0 -0.676311 -0.736616 -0 -0.733052 -0.680173 -0 -0.5 -0.866025 -0 -0.427416 -0.904055 -0 -0.558178 -0.829721 -0 -0.955573 -0.294755 -0 -0.900969 -0.433884 -0 -0.929998 -0.367563 -0 -0.864349 -0.502893 -0 -0.826239 -0.56332 -0 -0.779143 -0.626846 -0 -0.997168 0.0752063 0 -0.988831 0.149042 0 -1 8.74228e-08 0 -0.974608 -0.223918 -0 -0.997168 -0.0752064 -0 -0.988831 -0.149042 -0 -0.900969 0.433884 0 -0.864348 0.502893 0 -0.826239 0.56332 0 -0.955573 0.294755 0 -0.974608 0.223918 0 -0.929998 0.367564 0 -0.5 0.866025 0 -0.62349 0.781831 0 -0.558178 0.829721 0 -0.676311 0.736616 0 -0.733052 0.680173 0 -0.779143 0.626846 0 -0.14006 0.990143 0 -0.0747303 0.997204 0 -0.222521 0.974928 0 -0.427416 0.904055 0 -0.286985 0.957935 0 -0.365341 0.930874 0 0.222521 0.974928 0 0.306147 0.951984 0 0.365341 0.930874 0 0.0747303 0.997204 0 0.010032 0.99995 0 0.159898 0.987134 0 0.445469 0.895297 0 0.574713 0.818355 0 0.5 0.866025 0 0.657363 0.753574 0 0.62349 0.781831 0 0.733052 0.680173 0 0.735216 0.677833 0 0.806878 0.590718 0 0.826239 0.56332 0 0.900969 0.433884 0 0.870594 0.492002 0 0.92419 0.381933 0 0.955573 0.294755 0 0.965195 0.261531 0 0.988831 0.149042 0 0.991112 0.133027 0 0 0 -1 0 0 -1 0 0 -1 0 0 -1 0 0 -1 0 0 -1 0 0 -1 0 0 -1 0 0 -1 0 0 -1 0 0 -1 0 0 -1 0 0 -1 0 0 -1 0 0 -1 0 0 -1 0 0 -1 0 0 -1 0 0 -1 0 0 -1 0 0 -1 0 0 -1 0 0 -1 0 0 -1 0 0 -1 0 0 -1 0 0 -1 0 0 -1 0 0 -1 0 0 -1 0 0 -1 0 0 -1 0 0 -1 0 0 -1 0 0 -1 0 0 -1 0 0 -1 0 0 -1 0 0 -1 0 0 -1 0 0 -1 0 0 -1 0 0 -1 0 0 -1 0 0 -1 0 0 -1 0 0 -1 0 0 -1 0 0 -1 0 0 -1 0 0 -1 0 0 -1 0 0 -1 0 0 -1 0 0 -1 0 0 -1 0 0 -1 0 0 -1 0 0 -1 0 0 -1 0 0 -1 0 0 -1 0 0 -1 0 0 -1 0 0 -1 0 0 -1 0 0 -1 0 0 -1 0 0 -1 0 0 -1 0 0 -1 0 0 -1 0 0 -1 0 0 -1 0 0 -1 0 0 -1 0 0 -1 0 0 -1 0 0 -1 0.988831 -0.149042 0 1 -1.35811e-22 0 1 1.37186e-11 0 0.826239 -0.56332 0 0.900969 -0.433884 0 0.900969 -0.433884 0 0.955573 -0.294755 0 0.988831 -0.149042 0 0.955573 -0.294755 0 0.62349 -0.781832 0 0.5 -0.866025 0 0.62349 -0.781832 0 0.826239 -0.56332 0 0.733052 -0.680173 0 0.733052 -0.680173 0 0.222521 -0.974928 0 0.222521 -0.974928 0 0.0747301 -0.997204 0 0.365341 -0.930874 0 0.5 -0.866025 0 0.365341 -0.930874 0 -0.365341 -0.930874 -0 -0.222521 -0.974928 -0 -0.222521 -0.974928 -0 -0.0747301 -0.997204 -0 -0.0747302 -0.997204 -0 0.0747301 -0.997204 0 -0.62349 -0.781832 -0 -0.733052 -0.680173 -0 -0.62349 -0.781832 -0 -0.365341 -0.930874 -0 -0.5 -0.866026 -0 -0.5 -0.866025 -0 -0.900969 -0.433884 -0 -0.900969 -0.433884 -0 -0.955573 -0.294755 -0 -0.826239 -0.56332 -0 -0.733052 -0.680173 -0 -0.826239 -0.56332 -0 -0.988831 0.149042 0 -1 8.74228e-08 0 -1 8.74228e-08 0 -0.988831 -0.149042 -0 -0.988831 -0.149042 -0 -0.955573 -0.294755 -0 -0.900969 0.433884 0 -0.826239 0.56332 0 -0.900969 0.433884 0 -0.988831 0.149042 0 -0.955573 0.294755 0 -0.955573 0.294755 0 -0.62349 0.781831 0 -0.62349 0.781832 0 -0.5 0.866025 0 -0.733052 0.680173 0 -0.826239 0.56332 0 -0.733052 0.680173 0 -0.0747303 0.997204 0 -0.222521 0.974928 0 -0.222521 0.974928 0 -0.365341 0.930874 0 -0.365341 0.930874 0 -0.5 0.866025 0 0.222521 0.974928 0 0.0747303 0.997204 0 0.0747303 0.997204 0 -0.0747303 0.997204 0 0.222521 0.974928 0 0.365341 0.930874 0 0.365341 0.930874 0 0.5 0.866025 0 0.62349 0.781831 0 0.5 0.866025 0 0.62349 0.781831 0 0.733052 0.680173 0 0.733052 0.680173 0 0.826239 0.56332 0 0.900969 0.433884 0 0.826239 0.56332 0 0.900969 0.433884 0 0.955573 0.294755 0 0.955573 0.294755 0 0.988831 0.149042 0 0.988831 0.149042 0 0 0 -1 0 0 -1 0 0 -1 0 0 -1 0 0 -1 0 0 -1 0 0 -1 0 0 -1 0 0 -1 0 0 -1 0 0 -1 0 0 -1 0 0 -1 0 0 -1 0 0 -1 0 0 -1 0 0 -1 0 0 -1 0 0 -1 0 0 -1 0 0 -1 0 0 -1 0 0 -1 0 0 -1 0 0 -1 0 0 -1 0 0 -1 0 0 -1 0 0 -1 0 0 -1 0 0 -1 0 0 -1 0 0 -1 0 0 -1 0 0 -1 0 0 -1 0 0 -1 0 0 -1 0 0 -1 0 0 -1 0 0 -1 0 0 -1 0 0 -1 0 0 -1 0 0 -1 0 0 -1 0 0 -1 0 0 -1 0 0 -1 0 0 -1 0 0 -1 0 0 -1 0 0 -1 0 0 -1 0 0 -1 0 0 -1 0 0 -1 0 0 -1 0 0 -1 0 0 -1 0 0 -1 0 0 -1 0 0 -1 0 0 -1 0 0 -1 0 0 -1 0 0 -1 0 0 -1 0 0 -1 0 0 -1 0 0 -1 0 0 -1 0 0 -1 0 0 -1 0 0 -1 0 0 -1 0 0 -1 0 0 -1 0 0 -1 0.988831 -0.149042 0 1 -1.35811e-22 0 1 1.37186e-11 0 0.826239 -0.56332 0 0.900969 -0.433884 0 0.900969 -0.433884 0 0.955573 -0.294755 0 0.988831 -0.149042 0 0.955573 -0.294755 0 0.62349 -0.781832 0 0.5 -0.866025 0 0.62349 -0.781832 0 0.826239 -0.56332 0 0.733052 -0.680173 0 0.733052 -0.680173 0 0.222521 -0.974928 0 0.222521 -0.974928 0 0.0747301 -0.997204 0 0.365341 -0.930874 0 0.5 -0.866025 0 0.365341 -0.930874 0 -0.365341 -0.930874 -0 -0.222521 -0.974928 -0 -0.222521 -0.974928 -0 -0.0747301 -0.997204 -0 -0.0747302 -0.997204 -0 0.0747301 -0.997204 0 -0.62349 -0.781832 -0 -0.733052 -0.680173 -0 -0.62349 -0.781832 -0 -0.365341 -0.930874 -0 -0.5 -0.866026 -0 -0.5 -0.866025 -0 -0.900969 -0.433884 -0 -0.900969 -0.433884 -0 -0.955573 -0.294755 -0 -0.826239 -0.56332 -0 -0.733052 -0.680173 -0 -0.826239 -0.56332 -0 -0.988831 0.149042 0 -1 8.74228e-08 0 -1 8.74228e-08 0 -0.988831 -0.149042 -0 -0.988831 -0.149042 -0 -0.955573 -0.294755 -0 -0.900969 0.433884 0 -0.826239 0.56332 0 -0.900969 0.433884 0 -0.988831 0.149042 0 -0.955573 0.294755 0 -0.955573 0.294755 0 -0.62349 0.781831 0 -0.62349 0.781832 0 -0.5 0.866025 0 -0.733052 0.680173 0 -0.826239 0.56332 0 -0.733052 0.680173 0 -0.0747303 0.997204 0 -0.222521 0.974928 0 -0.222521 0.974928 0 -0.365341 0.930874 0 -0.365341 0.930874 0 -0.5 0.866025 0 0.222521 0.974928 0 0.0747303 0.997204 0 0.0747303 0.997204 0 -0.0747303 0.997204 0 0.222521 0.974928 0 0.365341 0.930874 0 0.365341 0.930874 0 0.5 0.866025 0 0.62349 0.781831 0 0.5 0.866025 0 0.62349 0.781831 0 0.733052 0.680173 0 0.733052 0.680173 0 0.826239 0.56332 0 0.900969 0.433884 0 0.826239 0.56332 0 0.900969 0.433884 0 0.955573 0.294755 0 0.955573 0.294755 0 0.988831 0.149042 0 0.988831 0.149042 0 0 0 -1 0 0 -1 0 0 -1 0 0 -1 0 0 -1 0 0 -1 0 0 -1 0 0 -1 0 0 -1 0 0 -1 0 0 -1 0 0 -1 0 0 -1 0 0 -1 0 0 -1 0 0 -1 0 0 -1 0 0 -1 0 0 -1 0 0 -1 0 0 -1 0 0 -1 0 0 -1 0 0 -1 0 0 -1 0 0 -1 0 0 -1 0 0 -1 0 0 -1 0 0 -1 0 0 -1 0 0 -1 0 0 -1 0 0 -1 0 0 -1 0 0 -1 0 0 -1 0 0 -1 0 0 -1 0 0 -1 0 0 -1 0 0 -1 0 0 -1 0 0 -1 0 0 -1 0 0 -1 0 0 -1 0 0 -1 0 0 -1 0 0 -1 0 0 -1 0 0 -1 0 0 -1 0 0 -1 0 0 -1 0 0 -1 0 0 -1 0 0 -1 0 0 -1 0 0 -1 0 0 -1 0 0 -1 0 0 -1 0 0 -1 0 0 -1 0 0 -1 0 0 -1 0 0 -1 0 0 -1 0 0 -1 0 0 -1 0 0 -1 0 0 -1 0 0 -1 0 0 -1 0 0 -1 0 0 -1 0 0 -1 0 0 -1 0.988831 -0.149042 0 1 -1.35811e-22 0 1 1.37186e-11 0 0.826239 -0.56332 0 0.900969 -0.433884 0 0.900969 -0.433884 0 0.955573 -0.294755 0 0.988831 -0.149042 0 0.955573 -0.294755 0 0.62349 -0.781832 0 0.5 -0.866025 0 0.62349 -0.781832 0 0.826239 -0.56332 0 0.733052 -0.680173 0 0.733052 -0.680173 0 0.222521 -0.974928 0 0.222521 -0.974928 0 0.0747301 -0.997204 0 0.365341 -0.930874 0 0.5 -0.866025 0 0.365341 -0.930874 0 -0.365341 -0.930874 -0 -0.222521 -0.974928 -0 -0.222521 -0.974928 -0 -0.0747301 -0.997204 -0 -0.0747302 -0.997204 -0 0.0747301 -0.997204 0 -0.62349 -0.781832 -0 -0.733052 -0.680173 -0 -0.62349 -0.781832 -0 -0.365341 -0.930874 -0 -0.5 -0.866026 -0 -0.5 -0.866025 -0 -0.900969 -0.433884 -0 -0.900969 -0.433884 -0 -0.955573 -0.294755 -0 -0.826239 -0.56332 -0 -0.733052 -0.680173 -0 -0.826239 -0.56332 -0 -0.988831 0.149042 0 -1 8.74228e-08 0 -1 8.74228e-08 0 -0.988831 -0.149042 -0 -0.988831 -0.149042 -0 -0.955573 -0.294755 -0 -0.900969 0.433884 0 -0.826239 0.56332 0 -0.900969 0.433884 0 -0.988831 0.149042 0 -0.955573 0.294755 0 -0.955573 0.294755 0 -0.62349 0.781831 0 -0.62349 0.781832 0 -0.5 0.866025 0 -0.733052 0.680173 0 -0.826239 0.56332 0 -0.733052 0.680173 0 -0.0747303 0.997204 0 -0.222521 0.974928 0 -0.222521 0.974928 0 -0.365341 0.930874 0 -0.365341 0.930874 0 -0.5 0.866025 0 0.222521 0.974928 0 0.0747303 0.997204 0 0.0747303 0.997204 0 -0.0747303 0.997204 0 0.222521 0.974928 0 0.365341 0.930874 0 0.365341 0.930874 0 0.5 0.866025 0 0.62349 0.781831 0 0.5 0.866025 0 0.62349 0.781831 0 0.733052 0.680173 0 0.733052 0.680173 0 0.826239 0.56332 0 0.900969 0.433884 0 0.826239 0.56332 0 0.900969 0.433884 0 0.955573 0.294755 0 0.955573 0.294755 0 0.988831 0.149042 0 0.988831 0.149042 0 0 0 -1 0 0 -1 0 0 -1 0 0 -1 0 0 -1 0 0 -1 0 0 -1 0 0 -1 0 0 -1 0 0 -1 0 0 -1 0 0 -1 0 0 -1 0 0 -1 0 0 -1 0 0 -1 0 0 -1 0 0 -1 0 0 -1 0 0 -1 0 0 -1 0 0 -1 0 0 -1 0 0 -1 0 0 -1 0 0 -1 0 0 -1 0 0 -1 0 0 -1 0 0 -1 0 0 -1 0 0 -1 0 0 -1 0 0 -1 0 0 -1 0 0 -1 0 0 -1 0 0 -1 0 0 -1 0 0 -1 0 0 -1 0 0 -1 0 0 -1 0 0 -1 0 0 -1 0 0 -1 0 0 -1 0 0 -1 0 0 -1 0 0 -1 0 0 -1 0 0 -1 0 0 -1 0 0 -1 0 0 -1 0 0 -1 0 0 -1 0 0 -1 0 0 -1 0 0 -1 0 0 -1 0 0 -1 0 0 -1 0 0 -1 0 0 -1 0 0 -1 0 0 -1 0 0 -1 0 0 -1 0 0 -1 0 0 -1 0 0 -1 0 0 -1 0 0 -1 0 0 -1 0 0 -1 0 0 -1 0 0 -1 0 0 -1 -0.652618 -0.757687 -0 -0.733052 -0.680173 -0 -0.62349 -0.781832 -0 -0.5 0.866025 0 -0.62349 0.781831 0 -0.574713 0.818355 0 -0.5 -0.866025 -0 -0.574713 -0.818355 -0 -0.365341 -0.930874 -0 -0.440648 -0.89768 -0 -0.295892 -0.955222 -0 -0.222521 -0.974928 -0 -0.143955 -0.989584 -0 -0.0747302 -0.997204 -0 0.900969 -0.433884 0 0.892564 -0.45092 0 0.826239 -0.56332 0 0.0747301 -0.997204 0 0.0114751 -0.999934 0 0.5 -0.866025 0 0.461133 -0.887331 0 0.365341 -0.930874 0 0.811706 -0.584066 0 0.711152 -0.703038 0 0.733052 -0.680173 0 0.593342 -0.804951 0 0.62349 -0.781832 0 0.317735 -0.94818 0 0.222521 -0.974928 0 0.166627 -0.98602 0 0.951763 -0.306833 0 0.987867 -0.155301 0 0.955573 -0.294755 0 0.988831 -0.149042 0 1 1.37149e-11 0 1 0 0 -0.72634 -0.687335 -0 -0.794746 -0.606942 -0 -0.826239 -0.56332 -0 -0.856424 -0.516273 -0 -0.900969 -0.433884 -0 -0.955573 -0.294755 -0 -0.909626 -0.415428 -0 -0.952341 -0.305036 -0 -0.982434 -0.18661 -0 -0.99803 -0.06274 -0 -0.988831 -0.149042 -0 -1 8.74228e-08 0 -0.998013 0.063001 0 -0.982407 0.18675 0 -0.988831 0.149042 0 -0.952338 0.305043 0 -0.955573 0.294755 0 -0.909666 0.415341 0 -0.900969 0.433884 0 -0.856498 0.51615 0 -0.826239 0.56332 0 -0.733052 0.680173 0 -0.794848 0.606808 0 -0.726422 0.687248 0 -0.652602 0.757701 0 -0.0747303 0.997204 0 -0.222521 0.974928 0 -0.143955 0.989584 0 -0.365341 0.930874 0 -0.440649 0.89768 0 -0.295892 0.955222 0 0.317735 0.94818 0 0.222521 0.974928 0 0.166627 0.98602 0 0.0114748 0.999934 0 0.0747303 0.997204 0 0.593342 0.804951 0 0.711152 0.703038 0 0.62349 0.781831 0 0.365341 0.930874 0 0.461133 0.887331 0 0.5 0.866025 0 0.826239 0.56332 0 0.892564 0.45092 0 0.900969 0.433884 0 0.733052 0.680173 0 0.811707 0.584065 0 0.951763 0.306833 0 0.955573 0.294755 0 0.988831 0.149042 0 0.987867 0.155301 0 0 0 1 0 0 1 0 0 1 0 0 1 0 0 1 0 0 1 0 0 1 0 0 1 0 0 1 0 0 1 0 0 1 0 0 1 0 0 1 0 0 1 0 0 1 0 0 1 0 0 1 0 0 1 0 0 1 0 0 1 0 0 1 0 0 1 0 0 1 0 0 1 0 0 1 0 0 1 0 0 1 0 0 1 0 0 1 0 0 1 0 0 1 0 0 1 0 0 1 0 0 1 0 0 1 0 0 1 0 0 1 0 0 1 0 0 1 0 0 1 0 0 1 0 0 1 0 0 1 0 0 1 0 0 1 0 0 1 0 0 1 0 0 1 0 0 1 0 0 1 0 0 1 0 0 1 0 0 1 0 0 1 0 0 1 0 0 1 0 0 1 0 0 1 0 0 1 0 0 1 0 0 1 0 0 1 0 0 1 0 0 1 0 0 1 0 0 1 0 0 1 0 0 1 0 0 1 0 0 1 0 0 1 0 0 1 0 0 1 0 0 1 0 0 1 0 0 1 0 0 1 0 0 1 0 0 1 0 0 1 0 0 1 0 0 1 0 0 1 0 0 1 0 0 1 0 0 1 0 0 1 0 0 1 0 0 1 0 0 1 0 0 1 0 0 1 0 0 1 0 0 1 0 0 1 0 0 1 0 0 1 0 0 1 0 0 1 0 0 1 0 0 1 0 0 1 0 0 1 0 0 1 0 0 1 0 0 1 0 0 1 0 0 1 0 0 1 0 0 1 0 0 1 0 0 1 0 0 1 0 0 1 0 0 1 0 0 1 0 0 1 0 0 1 0 0 1 0 0 1 0 0 1 0 0 1 0 0 1 0 0 1 0 0 1 0 0 1 0 0 1 0 0 1 0 0 1 0 0 1 0 0 1 0 0 1 0 0 1 0 0 1 0 0 1 0 0 1 0 0 1 0 0 1 0 0 1 0 0 1 0 0 1 0 0 1 0 0 1 0 0 1 0 0 1 0 0 1 0 0 1 0 0 1 0 0 1 0 0 1 0 0 1 0 0 1 0 0 1 0 0 1 0 0 1 0 0 1 0 0 1 0 0 1 0 0 1 0 0 1 0 0 1 0 0 1 0 0 1 0 0 1 0 0 1 0 0 1 0 0 1 0 0 1 0 0 1 0 0 1 0 0 1 0 0 1 0 0 1 0 0 1 0 0 1 0 0 1 0 0 1 0 0 1 0 0 1 0 0 1 0 0 1 0 0 1 0 0 1 0 0 1 0 0 1 0 0 1 0 0 1 0 0 1 0 0 1 0 0 1 0 0 1 0 0 1 0 0 1 0 0 1 0 0 1 0 0 1 0 0 1 0 0 1 0 0 1 0 0 1 0 0 1 0 0 1 0 0 1 0 0 1 0 0 1 0 0 1 0 0 1 0 0 1 0 0 1 0 0 1 0 0 1 0 0 1 0 0 1 0 0 1 0 0 1 0 0 1 0 0 1 0 0 1 0 0 1 0 0 1 0 0 1 0 0 1 0 0 1 0 0 1 0 0 1 0 0 1 0 0 1 0 0 1 0 0 1 0 0 1 0 0 1 0 0 1 0 0 1 0 0 1 -0 -1 -0 -0 -1 -0 -0 -1 -0 -0 -1 -0 0 1 0 0 1 0 0 1 0 0 1 0 0.707107 0.707107 0 0.707107 0.707107 0 0.707107 0.707107 0 0.707107 0.707107 0 0.707107 0.707107 0 0.707107 0.707107 0 0.707107 0.707107 0 0.707107 0.707107 0 0.707107 0.707107 0 0.707107 0.707107 0 0.707107 0.707107 0 0.707107 0.707107 0 0.707107 0.707107 0 0.707107 0.707107 0 0.707107 0.707107 0 0.707107 0.707107 0 0.707107 0.707107 0 0.707107 0.707107 0 0.707107 0.707107 0 0.707107 0.707107 0 0.707107 0.707107 0 0.707107 0.707107 0 0.707107 0.707107 0 0.707107 0.707107 0 0.707107 0.707107 0 0.707107 0.707107 0 0.707107 0.707107 0 -0.707107 0.707107 0 -0.707107 0.707107 0 -0.707107 0.707107 0 -0.707107 0.707107 0 -0.707107 0.707107 0 -0.707107 0.707107 0 -0.707107 0.707107 0 -0.707107 0.707107 0 -0.707107 0.707107 0 -0.707107 0.707107 0 -0.707107 0.707107 0 -0.707107 0.707107 0 -0.707107 0.707107 0 -0.707107 0.707107 0 -0.707107 0.707107 0 -0.707107 0.707107 0 -0.707107 0.707107 0 -0.707107 0.707107 0 -0.707107 0.707107 0 -0.707107 0.707107 0 -0.707107 0.707107 0 -0.707107 0.707107 0 -0.707107 0.707107 0 -0.707107 0.707107 0 -0.707107 0.707107 0 -0.707107 0.707107 0 -0.707107 0.707107 0 0.242367 0 -0.970185 0.160411 0 -0.98705 0.316668 0 -0.948537 -1.74846e-07 -0 -1 0.122097 0 -0.992518 -1.74846e-07 -0 -1 0.600742 0 -0.799443 0.635121 0 -0.772413 0.503536 0 -0.863974 0.359011 0 -0.933333 0.464723 0 -0.885456 0.721202 0 -0.692724 0.822984 0 -0.568065 0.750384 0 -0.661002 0.971167 0 -0.2384 0.960518 0 -0.278218 0.992709 0 -0.120537 0.920595 0 -0.39052 0.846364 0 -0.532604 0.90345 0 -0.428693 0.935016 0 0.354605 0.971167 0 0.2384 0.979791 0 0.200026 0.999189 0 0.0402656 0.996783 0 0.0801532 0.996783 0 -0.0801532 0.774605 0 0.632445 0.663123 0 0.748511 0.750384 0 0.661002 0.920595 0 0.39052 0.866025 0 0.5 0.846364 0 0.532604 0.359011 0 0.933333 0.391967 0 0.919979 0.239316 0 0.970942 0.503536 0 0.863974 0.635121 0 0.772413 0.534466 0 0.84519 -0.0804666 0 0.996757 -0.239316 0 0.970942 -0.161461 0 0.986879 0.0804668 0 0.996757 0.102339 0 0.99475 -0.290276 0 0.956943 -0.774605 0 0.632445 -0.866025 0 0.5 -0.801054 0 0.598592 -0.727494 0 0.686114 -0.0298217 0 0.999555 -0.663123 0 0.748511 -0.647678 0 0.761914 -0.563047 0 0.826425 -0.534466 0 0.84519 -0.474686 0 0.880155 -0.391967 0 0.919979 -0.38343 0 0.92357 -0.866548 0 0.499094 -0.935016 0 0.354605 -0.964019 0 0.265833 -0.921732 0 0.387827 -0.999189 0 0.040266 -1 0 0.000159069 -0.990793 0 0.135383 -0.979791 0 0.200026 -0.822984 -0 -0.568065 -0.800922 -0 -0.598768 -0.866462 -0 -0.499244 -0.960518 -0 -0.278217 -0.921698 -0 -0.387907 -0.964036 -0 -0.265771 -0.721202 -0 -0.692724 -0.727332 -0 -0.686286 -0.600742 -0 -0.799443 -0.647505 -0 -0.762061 -0.474551 -0 -0.880228 -0.562865 -0 -0.826549 -0.464723 -0 -0.885456 -0.290276 -0 -0.956943 -0.383448 -0 -0.923563 -0.316668 -0 -0.948536 -0.146726 -0 -0.989177 -0.160411 -0 -0.98705 -0.90345 -0 -0.428693 -0.990825 -0 -0.135149 -0.992709 -0 -0.120537 0.23271 0 0.972546 0 1 0 0 1 0 0 1 0 0 1 0 0 1 0 0 1 0 0 1 0 0 1 0 0 1 0 0 1 0 0 1 0 0 1 0 0 1 0 0 1 0 0 1 0 0 1 0 0 1 0 0 1 0 0 1 0 0 1 0 0 1 0 0 1 0 0 1 0 0 1 0 0 1 0 0 1 0 0 1 0 0 1 0 0 1 0 0 1 0 0 1 0 0 1 0 0 1 0 0 1 0 0 1 0 0 1 0 0 1 0 0 1 0 0 1 0 0 1 0 0 1 0 0 1 0 0 1 0 0 1 0 0 1 0 0 1 0 0 1 0 0 1 0 0 1 0 0 1 0 0 1 0 0 1 0 0 1 0 0 1 0 0 1 0 0 1 0 0 1 0 0 1 0 0 1 0 0 1 0 0 1 0 0 1 0 0 1 0 0 1 0 0 1 0 0 1 0 0 1 0 0 1 0 0 1 0 0 1 0 0 1 0 0 1 0 0 1 0 0 1 0 0 1 0 0 1 0 0 1 0 0.290276 0 -0.956943 0.160411 0 -0.98705 0.316668 0 -0.948537 -1.74846e-07 -0 -1 0.146726 0 -0.989177 -1.74846e-07 -0 -1 0.464723 0 -0.885456 0.563047 0 -0.826425 0.474686 0 -0.880155 0.38343 0 -0.92357 0.721202 0 -0.692724 0.647678 0 -0.761914 0.600742 0 -0.799443 0.822984 0 -0.568065 0.866548 0 -0.499094 0.801054 0 -0.598592 0.727494 0 -0.686114 0.960518 0 -0.278218 0.921732 0 -0.387827 0.90345 0 -0.428693 0.992709 0 -0.120537 1 0 -0.000159276 0.990793 0 -0.135383 0.964019 0 -0.265833 -0.846364 0 0.532604 -0.774605 0 0.632445 -0.866025 0 0.5 0.964036 0 0.265771 0.990825 0 0.135149 0.979791 0 0.200026 -0.935016 0 0.354605 -0.920595 0 0.39052 -0.822984 -0 -0.568065 -0.846364 -0 -0.532604 -0.90345 -0 -0.428693 -0.160411 -0 -0.98705 -0.242367 -0 -0.970185 -0.316668 -0 -0.948536 -0.971167 0 0.2384 -0.979791 0 0.200026 -0.996783 0 0.0801533 -0.391967 0 0.919979 -0.503536 0 0.863974 -0.359011 0 0.933333 -0.534466 0 0.84519 -0.635121 0 0.772413 -0.239316 0 0.970942 -0.23271 0 0.972546 -0.102339 0 0.99475 0.0298218 0 0.999555 0.161461 0 0.986879 0.0804668 0 0.996757 -0.0804666 0 0.996757 -0.750384 0 0.661002 -0.663123 0 0.748511 -0.999189 0 0.040266 -0.996783 -0 -0.0801532 -0.971167 -0 -0.2384 -0.992709 -0 -0.120537 -0.960518 -0 -0.278217 -0.920595 -0 -0.39052 -0.750384 -0 -0.661002 -0.721202 -0 -0.692724 -0.635121 -0 -0.772413 -0.600742 -0 -0.799443 -0.503536 -0 -0.863974 -0.464723 -0 -0.885456 -0.359011 -0 -0.933333 -0.122097 -0 -0.992518 0.239316 0 0.970942 0.290276 0 0.956943 0.383448 0 0.923563 0.391967 0 0.919979 0.534466 0 0.84519 0.47455 0 0.880228 0.562865 0 0.826549 0.663123 0 0.748511 0.727332 0 0.686286 0.647505 0 0.762061 0.774605 0 0.632445 0.800923 0 0.598768 0.866462 0 0.499244 0.866025 0 0.5 0.935016 0 0.354605 0.921698 0 0.387908 0.999189 0 0.0402656 0 1 0 0 1 0 0 1 0 0 1 0 0 1 0 0 1 0 0 1 0 0 1 0 0 1 0 0 1 0 0 1 0 0 1 0 0 1 0 0 1 0 0 1 0 0 1 0 0 1 0 0 1 0 0 1 0 0 1 0 0 1 0 0 1 0 0 1 0 0 1 0 0 1 0 0 1 0 0 1 0 0 1 0 0 1 0 0 1 0 0 1 0 0 1 0 0 1 0 0 1 0 0 1 0 0 1 0 0 1 0 0 1 0 0 1 0 0 1 0 0 1 0 0 1 0 0 1 0 0 1 0 0 1 0 0 1 0 0 1 0 0 1 0 0 1 0 0 1 0 0 1 0 0 1 0 0 1 0 0 1 0 0 1 0 0 1 0 0 1 0 0 1 0 0 1 0 0 1 0 0 1 0 0 1 0 0 1 0 0 1 0 0 1 0 0 1 0 0 1 0 0 1 0 0 1 0 0 1 0 0 1 0 0 1 0 0 1 0 0 1 0 0 1 0 0 1 0 0 1 0 0 0.707107 -0.707107 0 0.707107 -0.707107 0 0.707107 -0.707107 0 0.707107 -0.707107 0 0.707107 -0.707107 0 0.707107 -0.707107 0 0.707107 -0.707107 0 0.707107 -0.707107 0 0.707107 -0.707107 0 0.707107 -0.707107 0 0.707107 -0.707107 0 0.707107 -0.707107 0 0.707107 -0.707107 0 0.707107 -0.707107 0 0.707107 -0.707107 0 0.707107 -0.707107 0 0.707107 -0.707107 0 0.707107 -0.707107 0 0.707107 -0.707107 0 0.707107 -0.707107 0 0.707107 -0.707107 0 0.707107 -0.707107 0 0.707107 -0.707107 0 0.707107 -0.707107 0 0.707107 -0.707107 0 0.707107 -0.707107 0 0.707107 -0.707107 0 0.707107 -0.707107 0 0.707107 0.707107 0 0.707107 0.707107 0 0.707107 0.707107 0 0.707107 0.707107 0 0.707107 0.707107 0 0.707107 0.707107 0 0.707107 0.707107 0 0.707107 0.707107 0 0.707107 0.707107 0 0.707107 0.707107 0 0.707107 0.707107 0 0.707107 0.707107 0 0.707107 0.707107 0 0.707107 0.707107 0 0.707107 0.707107 0 0.707107 0.707107 0 0.707107 0.707107 0 0.707107 0.707107 0 0.707107 0.707107 0 0.707107 0.707107 -1 0 0 -1 0 0 -1 0 0 -1 0 0 1 0 0 1 0 0 1 0 0 1 0 0 0 0 1 0 0 1 0 0 1 0 0 1 0 0 1 0 0 1 0 0 1 0 0 1 -0 -0 -1 -0 -0 -1 -0 -0 -1 -0 -0 -1 -0 -0 -1 -0 -0 -1 -0 -0 -1 -0 -0 -1 -0 -0 -1 -0 -0 -1 -0 -0 -1 -0 -0 -1 -0 -0 -1 -0 -0 -1 -0 -0 -1 -0 -0 -1 -0 -0 -1 -0 -0 -1 -0 -0 -1 -0 -0 -1 -0 -0 -1 -0 -0 -1 -0 -0 -1 -0 -0 -1 -0 -0 -1 -0 -0 -1 -0 -0 -1 -0 -0 -1 -0 -0 -1 -0 -0 -1 -0 -0 -1 -0 -0 -1 -0 -0 -1 -0 -0 -1 -0 -0 -1 -0 -0 -1 -0 -0 -1 -0 -0 -1 -0 -0 -1 -0 -0 -1 -0 -0 -1 -0 -0 -1 -0 -0 -1 -0 -0 -1 -0 -0 -1 -0 -0 -1 -0 -0 -1 -0 -0 -1 -0 -0 -1 -0 -0 -1 -0 -0 -1 -0 -0 -1 -0 -0 -1 -0 -0 -1 -0 -0 -1 -0 -0 -1 -0 -0 -1 -0 -0 -1 -0 -0 -1 -0 -0 -1 -0 -0 -1 -0 -0 -1 -0 -0 -1 -0 -0 -1 -0 -0 -1 -0 -0 -1 -0 -0 -1 -0 -0 -1 -0 -0 -1 -0 -0 -1 -0 -0 -1 -0 -0 -1 -0 -0 -1 -0 -0 -1 -0 -0 -1 -0 -0 -1 -0 -0 -1 -0 -0 -1 -0 -0 -1 -0 -0 -1 -0 -0 -1 -0 -0 -1 -0 -0 -1 -0 -0 -1 -0 -0 -1 -0 -0 -1 -0 -0 -1 -0 -0 -1 -0 -0 -1 -0 -0 -1 -0 -0 -1 -0 -0 -1 -0 -0 -1 -0 -0 -1 -0 -0 -1 -0 -0 -1 -0 -0 -1 -0 -0 -1 -0 -0 -1 -0 -0 -1 -0 -0 -1 -0 -0 -1 -0 -0 -1 -0 -0 -1 -0 -0 -1 -0 -0 -1 -0 -0 -1 -0 -0 -1 -0 -0 -1 -0 -0 -1 -0 -0 -1 -0 -0 -1 -0 -0 -1 -0 -0 -1 -0 -0 -1 -0 -0 -1 -0 -0 -1 -0 -0 -1 -0 -0 -1 -0 -0 -1 -0 -0 -1 -0 -0 -1 -0 -0 -1 -0 -0 -1 -0 -0 -1 -0 -0 -1 -0 -0 -1 -0 -0 -1 -0 -0 -1 -0 -0 -1 -0 -0 -1 -0 -0 -1 -0 -0 -1 -0 -0 -1 -0 -0 -1 -0 -0 -1 -0 -0 -1 -0 -0 -1 -0 -0 -1 -0 -0 -1 -0 -0 -1 -0 -0 -1 -0 -0 -1 -0 -0 -1 -0 -0 -1 -0 -0 -1 -0 -0 -1 -0 -0 -1 -0 -0 -1 -0 -0 -1 -0 -0 -1 -0 -0 -1 -0 -0 -1 -0 -0 -1 -0 -0 -1 -0 -0 -1 -0 -0 -1 -0 -0 -1 -0 -0 -1 -0 -0 -1 -0 -0 -1 -0 -0 -1 -0 -0 -1 -0 -0 -1 -0 -0 -1 -0 -0 -1 -0 -0 -1 -0 -0 -1 -0 -0 -1 -0 -0 -1 -0 -0 -1 -0 -0 -1 -0 -0 -1 -0 -0 -1 -0 -0 -1 -0 -0 -1 -0 -0 -1 -0 -0 -1 -0 -0 -1 -0 -0 -1 -0 -0 -1 -0 -0 -1 -0 -0 -1 -0 -0 -1 -0 -0 -1 -0 -0 -1 -0 -0 -1 -0 -0 -1 -0 -0 -1 -0 -0 -1 -0 -0 -1 -0 -0 -1 -0 -0 -1 -0 -0 -1 -0 -0 -1 -0 -1 -0 -0 -1 -0 -0 -1 -0 -0 -1 -0 -0 -1 -0 -0 -1 -0 -0 -1 -0 -0 -1 -0 -0 -1 -0 -0 -1 -0 -0 -1 -0 -0 -1 -0 -0 -1 -0 -0 -1 -0 -0 -1 -0 -0 -1 -0 -0 -1 -0 -0 -1 -0 -0 -1 -0 -0 -1 -0 -0 -1 -0 -0 -1 -0 -0 -1 -0 -0 -1 -0 -0 -1 -0 -0 -1 -0 -0 -1 -0 -0 -1 -0 -0 -1 -0 -0 -1 -0 -0 -1 -0 -0 -1 -0 -0 -1 -0 -0 -1 -0 -0 -1 -0 -0 -1 -0 -0 -1 -0 -0 -1 -0 -0 -1 -0 -0 -1 -0 -0 -1 -0 -0 -1 -0 -0 -1 -0 -0 -1 -0 -0 -1 -0 -0 -1 -0 -0 -1 -0 -0 -1 -0 -0 -1 -0 -0 -1 -0 -0 -1 -0 -0 -1 -0 -0 -1 -0 -0 -1 -0 -0 -1 -0 -0 -1 -0 -0 -1 -0 -0 -1 -0 -0 -1 -0 -0 -1 -0 -0 -1 -0 -0 -1 -0 -0 -1 -0 -0 -1 -0 -0 -1 -0 -0 -1 -0 -0 -1 -0 -0 -1 -0 -0 -1 -0 -0 -1 -0 -0 -1 -0 -0 -1 -0 -0 -1 -0 -0 -1 -0 -0 -1 -0 -0 -1 -0 -0 -1 -0 -0 -1 -0 -1 -0 -0 -1 -0 -0 -1 -0 -0 -1 -0 -0 1 0 0 1 0 0 1 0 0 1 0 0 0.999099 0 0.042441 0.996584 0 0.0825794 0.996584 0 -0.0825794 -0.0848059 -0 -0.996397 0.0848059 0 -0.996397 8.74228e-08 0 -1 0.9694 0 0.245486 0.977555 0 0.210679 0.927889 0 0.372857 0.915773 0 0.401695 0.851529 0 0.524307 0.837166 0 0.546948 0.735724 0 0.677282 0.750672 0 0.660675 0.62822 0 0.778036 0.614213 0 0.78914 0.487695 0 0.873014 0.475948 0 0.879474 0.3247 0 0.945817 0.33314 0 0.942877 0.169001 0 0.985616 0.164595 0 0.986361 3.01992e-07 0 1 -1.74846e-07 0 1 0.9919 0 -0.127018 0.9694 0 -0.245486 0.956167 0 -0.292823 0.915773 0 -0.401695 0.892926 0 -0.450204 0.803997 0 -0.594633 0.837167 0 -0.546948 0.735724 0 -0.677282 0.691939 0 -0.721956 0.614213 0 -0.78914 0.559975 0 -0.82851 0.411901 0 -0.911228 0.475947 0 -0.879474 0.324699 0 -0.945817 0.251978 0 -0.967733 0.164595 0 -0.986361 -0.559975 -0 -0.82851 -0.411901 -0 -0.911228 -0.475947 -0 -0.879474 -0.251978 -0 -0.967733 -0.164595 -0 -0.986361 -0.3247 -0 -0.945817 -0.837166 -0 -0.546948 -0.892926 -0 -0.450204 -0.803997 -0 -0.594633 -0.614213 -0 -0.789141 -0.735724 -0 -0.677282 -0.691939 -0 -0.721956 -0.9919 -0 -0.127018 -0.996584 -0 -0.0825794 -0.999099 0 0.0424412 -0.956167 -0 -0.292823 -0.915773 -0 -0.401695 -0.9694 -0 -0.245485 -0.851529 0 0.524307 -0.927889 0 0.372857 -0.915773 0 0.401695 -0.9694 0 0.245485 -0.977555 0 0.210679 -0.996584 0 0.0825794 -0.614213 0 0.789141 -0.62822 0 0.778036 -0.735724 0 0.677282 -0.837166 0 0.546948 -0.750672 0 0.660675 -0.487695 0 0.873014 -0.475947 0 0.879474 -0.324699 0 0.945817 -0.33314 0 0.942877 -0.164595 0 0.986361 -0.169001 0 0.985616 0.999099 0 0.042441 0.996584 0 0.0825794 0.996584 0 -0.0825794 -0.0848059 -0 -0.996397 0.0848059 0 -0.996397 8.74228e-08 0 -1 0.9694 0 0.245486 0.977555 0 0.210679 0.927889 0 0.372857 0.915773 0 0.401695 0.851529 0 0.524307 0.837166 0 0.546948 0.735724 0 0.677282 0.750672 0 0.660675 0.62822 0 0.778036 0.614213 0 0.78914 0.487695 0 0.873014 0.475948 0 0.879474 0.3247 0 0.945817 0.33314 0 0.942877 0.169001 0 0.985616 0.164595 0 0.986361 3.01992e-07 0 1 -1.74846e-07 0 1 0.9919 0 -0.127018 0.9694 0 -0.245486 0.956167 0 -0.292823 0.915773 0 -0.401695 0.892926 0 -0.450204 0.803997 0 -0.594633 0.837167 0 -0.546948 0.735724 0 -0.677282 0.691939 0 -0.721956 0.614213 0 -0.78914 0.559975 0 -0.82851 0.411901 0 -0.911228 0.475947 0 -0.879474 0.324699 0 -0.945817 0.251978 0 -0.967733 0.164595 0 -0.986361 -0.559975 -0 -0.82851 -0.411901 -0 -0.911228 -0.475947 -0 -0.879474 -0.251978 -0 -0.967733 -0.164595 -0 -0.986361 -0.3247 -0 -0.945817 -0.837166 -0 -0.546948 -0.892926 -0 -0.450204 -0.803997 -0 -0.594633 -0.614213 -0 -0.789141 -0.735724 -0 -0.677282 -0.691939 -0 -0.721956 -0.9919 -0 -0.127018 -0.996584 -0 -0.0825794 -0.999099 0 0.0424412 -0.956167 -0 -0.292823 -0.915773 -0 -0.401695 -0.9694 -0 -0.245485 -0.851529 0 0.524307 -0.927889 0 0.372857 -0.915773 0 0.401695 -0.9694 0 0.245485 -0.977555 0 0.210679 -0.996584 0 0.0825794 -0.614213 0 0.789141 -0.62822 0 0.778036 -0.735724 0 0.677282 -0.837166 0 0.546948 -0.750672 0 0.660675 -0.487695 0 0.873014 -0.475947 0 0.879474 -0.324699 0 0.945817 -0.33314 0 0.942877 -0.164595 0 0.986361 -0.169001 0 0.985616 0 1 0 0 1 0 0 1 0 0 1 0 0 1 0 0 1 0 0 1 0 0 1 0 0 1 0 0 1 0 0 1 0 0 1 0 0 1 0 0 1 0 0 1 0 0 1 0 0 1 0 0 1 0 0 1 0 0 1 0 0 1 0 0 1 0 0 1 0 0 1 0 0 1 0 0 1 0 0 1 0 0 1 0 0 1 0 0 1 0 0 1 0 0 1 0 0 1 0 0 1 0 0 1 0 0 1 0 0 1 0 0 1 0 0 0.707107 0.707107 0 0.707107 0.707107 0 0.707107 0.707107 0 0.707107 0.707107 0 0.707107 0.707107 0 0.707107 0.707107 0 0.707107 0.707107 0 0.707107 0.707107 0 0.707107 0.707107 0 0.707107 0.707107 0 0.707107 0.707107 0 0.707107 0.707107 0 0.707107 0.707107 0 0.707107 0.707107 0 0.707107 0.707107 0 0.707107 0.707107 0 0.707107 0.707107 0 0.707107 0.707107 0 0.707107 0.707107 0 0.707107 0.707107 0.986361 -0.164595 0 1 -1.35811e-22 0 1 1.37186e-11 0 0.789141 -0.614213 0 0.879474 -0.475947 0 0.873014 -0.487695 0 0.945817 -0.324699 0 0.985616 -0.169001 0 0.942877 -0.33314 0 0.524307 -0.851529 0 0.401695 -0.915773 0 0.546948 -0.837166 0 0.778036 -0.62822 0 0.660675 -0.750672 0 0.677282 -0.735724 0 0.0825794 -0.996584 0 0.0424412 -0.999099 0 -0.0825794 -0.996584 -0 0.245485 -0.9694 0 0.372857 -0.927889 0 0.210679 -0.977555 0 -0.546948 -0.837166 -0 -0.401695 -0.915773 -0 -0.450204 -0.892926 -0 -0.292823 -0.956167 -0 -0.245485 -0.9694 -0 -0.127018 -0.9919 -0 -0.82851 -0.559975 -0 -0.879474 -0.475947 -0 -0.789141 -0.614213 -0 -0.594633 -0.803997 -0 -0.721956 -0.691939 -0 -0.677282 -0.735724 -0 -0.986361 -0.164595 -0 -0.996397 -0.0848059 -0 -1 8.74228e-08 0 -0.945817 -0.3247 -0 -0.911228 -0.411901 -0 -0.967733 -0.251978 -0 -0.879474 0.475947 0 -0.945817 0.324699 0 -0.911228 0.411901 0 -0.967733 0.251978 0 -0.986361 0.164595 0 -0.996397 0.0848059 0 -0.594633 0.803997 0 -0.546948 0.837167 0 -0.677282 0.735724 0 -0.82851 0.559975 0 -0.721956 0.691939 0 -0.78914 0.614213 0 -0.245486 0.9694 0 -0.127018 0.9919 0 -0.0825794 0.996584 0 -0.401695 0.915773 0 -0.450204 0.892926 0 -0.292823 0.956167 0 0.042441 0.999099 0 0.210679 0.977555 0 0.0825794 0.996584 0 0.372857 0.927889 0 0.245486 0.9694 0 0.401695 0.915773 0 0.524307 0.851529 0 0.660675 0.750672 0 0.546948 0.837166 0 0.778036 0.62822 0 0.677282 0.735724 0 0.78914 0.614213 0 0.873014 0.487695 0 0.942877 0.33314 0 0.879474 0.475948 0 0.985616 0.169001 0 0.945817 0.3247 0 0.986361 0.164595 0 0.986361 -0.164595 0 1 -1.35811e-22 0 1 1.37186e-11 0 0.789141 -0.614213 0 0.879474 -0.475947 0 0.873014 -0.487695 0 0.945817 -0.324699 0 0.985616 -0.169001 0 0.942877 -0.33314 0 0.524307 -0.851529 0 0.401695 -0.915773 0 0.546948 -0.837166 0 0.778036 -0.62822 0 0.660675 -0.750672 0 0.677282 -0.735724 0 0.0825794 -0.996584 0 0.0424412 -0.999099 0 -0.0825794 -0.996584 -0 0.245485 -0.9694 0 0.372857 -0.927889 0 0.210679 -0.977555 0 -0.546948 -0.837166 -0 -0.401695 -0.915773 -0 -0.450204 -0.892926 -0 -0.292823 -0.956167 -0 -0.245485 -0.9694 -0 -0.127018 -0.9919 -0 -0.82851 -0.559975 -0 -0.879474 -0.475947 -0 -0.789141 -0.614213 -0 -0.594633 -0.803997 -0 -0.721956 -0.691939 -0 -0.677282 -0.735724 -0 -0.986361 -0.164595 -0 -0.996397 -0.0848059 -0 -1 8.74228e-08 0 -0.945817 -0.3247 -0 -0.911228 -0.411901 -0 -0.967733 -0.251978 -0 -0.879474 0.475947 0 -0.945817 0.324699 0 -0.911228 0.411901 0 -0.967733 0.251978 0 -0.986361 0.164595 0 -0.996397 0.0848059 0 -0.594633 0.803997 0 -0.546948 0.837167 0 -0.677282 0.735724 0 -0.82851 0.559975 0 -0.721956 0.691939 0 -0.78914 0.614213 0 -0.245486 0.9694 0 -0.127018 0.9919 0 -0.0825794 0.996584 0 -0.401695 0.915773 0 -0.450204 0.892926 0 -0.292823 0.956167 0 0.042441 0.999099 0 0.210679 0.977555 0 0.0825794 0.996584 0 0.372857 0.927889 0 0.245486 0.9694 0 0.401695 0.915773 0 0.524307 0.851529 0 0.660675 0.750672 0 0.546948 0.837166 0 0.778036 0.62822 0 0.677282 0.735724 0 0.78914 0.614213 0 0.873014 0.487695 0 0.942877 0.33314 0 0.879474 0.475948 0 0.985616 0.169001 0 0.945817 0.3247 0 0.986361 0.164595 0 0.986361 -0.164595 0 1 -1.35811e-22 0 1 1.37186e-11 0 0.789141 -0.614213 0 0.879474 -0.475947 0 0.873014 -0.487695 0 0.945817 -0.324699 0 0.985616 -0.169001 0 0.942877 -0.33314 0 0.524307 -0.851529 0 0.401695 -0.915773 0 0.546948 -0.837166 0 0.778036 -0.62822 0 0.660675 -0.750672 0 0.677282 -0.735724 0 0.0825794 -0.996584 0 0.0424412 -0.999099 0 -0.0825794 -0.996584 -0 0.245485 -0.9694 0 0.372857 -0.927889 0 0.210679 -0.977555 0 -0.546948 -0.837166 -0 -0.401695 -0.915773 -0 -0.450204 -0.892926 -0 -0.292823 -0.956167 -0 -0.245485 -0.9694 -0 -0.127018 -0.9919 -0 -0.82851 -0.559975 -0 -0.879474 -0.475947 -0 -0.789141 -0.614213 -0 -0.594633 -0.803997 -0 -0.721956 -0.691939 -0 -0.677282 -0.735724 -0 -0.986361 -0.164595 -0 -0.996397 -0.0848059 -0 -1 8.74228e-08 0 -0.945817 -0.3247 -0 -0.911228 -0.411901 -0 -0.967733 -0.251978 -0 -0.879474 0.475947 0 -0.945817 0.324699 0 -0.911228 0.411901 0 -0.967733 0.251978 0 -0.986361 0.164595 0 -0.996397 0.0848059 0 -0.594633 0.803997 0 -0.546948 0.837167 0 -0.677282 0.735724 0 -0.82851 0.559975 0 -0.721956 0.691939 0 -0.78914 0.614213 0 -0.245486 0.9694 0 -0.127018 0.9919 0 -0.0825794 0.996584 0 -0.401695 0.915773 0 -0.450204 0.892926 0 -0.292823 0.956167 0 0.042441 0.999099 0 0.210679 0.977555 0 0.0825794 0.996584 0 0.372857 0.927889 0 0.245486 0.9694 0 0.401695 0.915773 0 0.524307 0.851529 0 0.660675 0.750672 0 0.546948 0.837166 0 0.778036 0.62822 0 0.677282 0.735724 0 0.78914 0.614213 0 0.873014 0.487695 0 0.942877 0.33314 0 0.879474 0.475948 0 0.985616 0.169001 0 0.945817 0.3247 0 0.986361 0.164595 0 0.986361 -0.164595 0 1 -1.35811e-22 0 1 1.37186e-11 0 0.789141 -0.614213 0 0.879474 -0.475947 0 0.873014 -0.487695 0 0.945817 -0.324699 0 0.985616 -0.169001 0 0.942877 -0.33314 0 0.524307 -0.851529 0 0.401695 -0.915773 0 0.546948 -0.837166 0 0.778036 -0.62822 0 0.660675 -0.750672 0 0.677282 -0.735724 0 0.0825794 -0.996584 0 0.0424412 -0.999099 0 -0.0825794 -0.996584 -0 0.245485 -0.9694 0 0.372857 -0.927889 0 0.210679 -0.977555 0 -0.546948 -0.837166 -0 -0.401695 -0.915773 -0 -0.450204 -0.892926 -0 -0.292823 -0.956167 -0 -0.245485 -0.9694 -0 -0.127018 -0.9919 -0 -0.82851 -0.559975 -0 -0.879474 -0.475947 -0 -0.789141 -0.614213 -0 -0.594633 -0.803997 -0 -0.721956 -0.691939 -0 -0.677282 -0.735724 -0 -0.986361 -0.164595 -0 -0.996397 -0.0848059 -0 -1 8.74228e-08 0 -0.945817 -0.3247 -0 -0.911228 -0.411901 -0 -0.967733 -0.251978 -0 -0.879474 0.475947 0 -0.945817 0.324699 0 -0.911228 0.411901 0 -0.967733 0.251978 0 -0.986361 0.164595 0 -0.996397 0.0848059 0 -0.594633 0.803997 0 -0.546948 0.837167 0 -0.677282 0.735724 0 -0.82851 0.559975 0 -0.721956 0.691939 0 -0.78914 0.614213 0 -0.245486 0.9694 0 -0.127018 0.9919 0 -0.0825794 0.996584 0 -0.401695 0.915773 0 -0.450204 0.892926 0 -0.292823 0.956167 0 0.042441 0.999099 0 0.210679 0.977555 0 0.0825794 0.996584 0 0.372857 0.927889 0 0.245486 0.9694 0 0.401695 0.915773 0 0.524307 0.851529 0 0.660675 0.750672 0 0.546948 0.837166 0 0.778036 0.62822 0 0.677282 0.735724 0 0.78914 0.614213 0 0.873014 0.487695 0 0.942877 0.33314 0 0.879474 0.475948 0 0.985616 0.169001 0 0.945817 0.3247 0 0.986361 0.164595 0 0.986361 -0.164595 0 1 -1.35811e-22 0 1 1.37186e-11 0 0.789141 -0.614213 0 0.879474 -0.475947 0 0.873014 -0.487695 0 0.945817 -0.324699 0 0.985616 -0.169001 0 0.942877 -0.33314 0 0.524307 -0.851529 0 0.401695 -0.915773 0 0.546948 -0.837166 0 0.778036 -0.62822 0 0.660675 -0.750672 0 0.677282 -0.735724 0 0.0825794 -0.996584 0 0.0424412 -0.999099 0 -0.0825794 -0.996584 -0 0.245485 -0.9694 0 0.372857 -0.927889 0 0.210679 -0.977555 0 -0.546948 -0.837166 -0 -0.401695 -0.915773 -0 -0.450204 -0.892926 -0 -0.292823 -0.956167 -0 -0.245485 -0.9694 -0 -0.127018 -0.9919 -0 -0.82851 -0.559975 -0 -0.879474 -0.475947 -0 -0.789141 -0.614213 -0 -0.594633 -0.803997 -0 -0.721956 -0.691939 -0 -0.677282 -0.735724 -0 -0.986361 -0.164595 -0 -0.996397 -0.0848059 -0 -1 8.74228e-08 0 -0.945817 -0.3247 -0 -0.911228 -0.411901 -0 -0.967733 -0.251978 -0 -0.879474 0.475947 0 -0.945817 0.324699 0 -0.911228 0.411901 0 -0.967733 0.251978 0 -0.986361 0.164595 0 -0.996397 0.0848059 0 -0.594633 0.803997 0 -0.546948 0.837167 0 -0.677282 0.735724 0 -0.82851 0.559975 0 -0.721956 0.691939 0 -0.78914 0.614213 0 -0.245486 0.9694 0 -0.127018 0.9919 0 -0.0825794 0.996584 0 -0.401695 0.915773 0 -0.450204 0.892926 0 -0.292823 0.956167 0 0.042441 0.999099 0 0.210679 0.977555 0 0.0825794 0.996584 0 0.372857 0.927889 0 0.245486 0.9694 0 0.401695 0.915773 0 0.524307 0.851529 0 0.660675 0.750672 0 0.546948 0.837166 0 0.778036 0.62822 0 0.677282 0.735724 0 0.78914 0.614213 0 0.873014 0.487695 0 0.942877 0.33314 0 0.879474 0.475948 0 0.985616 0.169001 0 0.945817 0.3247 0 0.986361 0.164595 0</float_array>
          <technique_common>
            <accessor count="2538" source="#ID7" stride="3">
              <param name="X" type="float"/>
              <param name="Y" type="float"/>
              <param name="Z" type="float"/>
            </accessor>
          </technique_common>
        </source>
        <vertices id="ID8">
          <input semantic="POSITION" source="#ID4"/>
          <input semantic="NORMAL" source="#ID6"/>
        </vertices>
        <triangles count="2510" material="ID9">
          <input offset="0" semantic="VERTEX" source="#ID8"/>
          <p>0 1 2 3 2 4 1 4 2 4 5 6 6 3 4 7 5 8 5 7 6 9 10 8 7 8 10 11 10 9 12 1 0 12 13 14 13 12 0 13 15 14 16 14 17 15 17 14 18 19 16 16 17 18 19 20 21 20 19 18 22 21 23 20 23 21 22 23 24 25 26 27 27 28 29 29 25 27 30 28 31 28 30 29 32 33 31 30 31 33 32 34 35 35 33 32 34 36 35 37 27 26 37 38 39 38 37 26 40 39 41 38 41 39 42 40 43 40 41 43 42 44 45 45 40 42 46 44 47 44 46 45 46 47 48 48 47 49 50 51 52 53 54 55 53 55 51 56 53 57 53 56 54 58 59 60 57 60 56 58 61 62 62 59 58 61 63 62 51 50 64 65 66 64 64 50 65 57 58 60 52 51 55 66 67 68 65 67 66 69 70 68 66 68 70 69 71 72 72 70 69 73 71 74 71 73 72 73 74 75 75 74 76 77 78 79 80 81 78 79 78 81 80 82 83 83 81 80 84 82 85 82 84 83 86 87 85 84 85 87 88 87 86 89 78 77 89 90 91 90 89 77 91 92 93 90 92 91 94 95 93 91 93 95 96 97 95 95 94 96 97 98 99 98 97 96 100 101 99 98 100 99 99 101 102 102 101 103 104 105 106 104 107 108 105 104 108 109 110 111 107 104 112 111 110 113 114 110 109 115 116 117 118 119 116 120 115 121 115 117 121 122 120 123 115 120 124 120 125 126 126 123 120 125 127 128 126 125 128 127 125 129 117 116 119 122 124 120 130 131 132 130 132 133 116 130 118 118 130 133 113 130 116 130 113 110 134 112 109 134 109 111 112 104 109 135 136 137 138 139 140 141 142 143 143 144 141 135 145 146 139 147 140 148 149 141 148 141 144 141 150 137 150 141 149 137 151 145 150 151 137 137 145 135 152 146 138 135 146 153 154 155 147 139 154 147 156 157 147 158 147 155 159 160 157 159 157 156 161 157 160 147 158 156 138 162 163 140 162 138 146 152 153 163 152 138 164 153 165 153 152 165 153 164 166 167 168 169 170 171 172 173 174 175 176 177 178 179 180 175 181 182 183 184 183 185 186 184 185 187 188 189 186 190 191 192 193 194 195 196 197 198 190 199 200 201 202 203 204 205 206 172 171 207 208 209 210 211 212 213 214 215 216 217 218 219 220 221 216 221 217 222 223 224 218 222 225 226 219 227 228 212 223 211 229 230 231 227 213 232 233 214 234 206 230 200 202 170 233 235 209 205 236 237 208 207 237 201 200 238 239 203 240 197 201 238 241 196 195 242 199 243 196 241 244 243 245 240 195 197 238 176 181 177 171 170 202 234 172 206 229 234 230 210 229 211 228 210 212 224 223 212 225 222 224 216 218 225 220 217 221 226 220 219 231 226 227 215 231 213 232 214 213 235 233 232 207 209 235 236 208 237 204 236 205 239 204 203 245 239 240 242 243 240 198 199 242 191 190 198 184 186 191 182 185 183 176 182 181 178 177 169 174 167 169 168 178 169 175 180 173 174 173 167 179 187 180 188 194 189 179 188 187 193 192 244 189 194 193 196 244 192 246 247 248 249 250 251 248 252 253 253 246 248 254 255 252 253 252 255 256 254 257 254 256 255 258 256 257 247 246 259 260 259 261 259 260 247 262 250 260 260 261 262 262 251 250 263 264 265 266 267 268 269 270 271 272 273 274 275 276 277 278 279 280 281 282 283 284 285 286 287 288 289 290 291 292 293 294 295 296 297 298 299 300 301 302 303 304 305 306 307 308 309 310 311 312 313 314 315 316 317 318 319 319 313 317 320 321 318 319 318 321 322 320 323 320 322 321 324 325 322 322 323 324 326 325 327 324 327 325 326 328 329 328 326 327 330 331 329 329 328 330 257 331 332 330 332 331 258 257 332 312 317 313 316 311 314 312 311 316 305 315 306 315 314 306 309 307 310 305 307 309 310 299 308 302 301 300 308 299 301 303 295 304 300 303 302 293 298 294 295 294 304 288 297 296 296 298 293 291 287 289 287 297 288 290 292 281 291 289 292 283 282 284 290 281 283 285 277 286 282 285 284 275 280 276 277 276 286 270 279 278 278 280 275 273 269 271 269 279 270 272 274 263 273 271 274 265 264 268 272 263 265 266 249 267 264 266 268 251 267 249 333 334 335 336 337 338 339 340 341 342 343 344 345 346 341 347 348 349 350 349 351 352 350 351 353 354 355 352 356 357 358 359 360 361 362 363 364 356 365 366 367 368 369 370 371 372 338 337 373 374 375 376 377 378 379 380 381 382 383 384 385 386 387 382 387 383 388 389 390 384 388 391 392 385 393 394 378 389 377 395 396 397 393 379 398 399 380 400 372 396 366 368 336 399 401 375 371 402 403 374 373 403 367 366 404 405 369 406 363 367 404 407 362 361 408 365 409 362 407 410 409 411 406 361 363 404 342 347 343 337 336 368 400 338 372 395 400 396 376 395 377 394 376 378 390 389 378 391 388 390 382 384 391 386 383 387 392 386 385 397 392 393 381 397 379 398 380 379 401 399 398 373 375 401 402 374 403 370 402 371 405 370 369 411 405 406 408 409 406 364 365 408 357 356 364 350 352 357 348 351 349 342 348 347 344 343 335 340 333 335 334 344 335 341 346 339 340 339 333 345 353 346 354 360 355 345 354 353 359 358 410 355 360 359 362 410 358 412 413 414 415 416 417 418 419 420 421 422 423 424 425 426 427 428 429 430 431 432 433 434 435 436 437 438 439 440 441 442 443 444 445 446 447 448 449 450 451 452 453 454 455 456 457 458 459 460 461 462 463 464 465 466 467 468 469 470 471 472 473 474 475 476 477 478 477 476 475 479 480 479 475 477 481 482 480 480 479 481 483 482 484 481 484 482 483 485 486 485 483 484 487 488 486 486 485 487 489 488 490 487 490 488 489 491 492 491 489 490 493 494 492 492 491 493 413 494 495 493 495 494 414 413 495 478 469 471 478 476 469 470 473 472 471 470 472 465 464 474 473 465 474 466 468 463 463 468 464 457 467 458 458 467 466 461 459 462 461 457 459 460 451 453 460 462 451 452 455 454 453 452 454 447 446 456 455 447 456 448 450 445 445 450 446 439 449 440 440 449 448 443 441 444 443 439 441 442 433 435 442 444 433 434 437 436 435 434 436 429 428 438 437 429 438 430 432 427 427 432 428 421 431 422 422 431 430 425 423 426 425 421 423 424 415 417 424 426 415 416 418 420 417 416 420 412 414 419 418 412 419 496 497 498 499 500 501 502 503 504 505 506 507 508 509 504 510 511 512 513 512 514 515 513 514 516 517 518 515 519 520 521 522 523 524 525 526 527 519 528 529 530 531 532 533 534 535 501 500 536 537 538 539 540 541 542 543 544 545 546 547 548 549 550 545 550 546 551 552 553 547 551 554 555 548 556 557 541 552 540 558 559 560 556 542 561 562 543 563 535 559 529 531 499 562 564 538 534 565 566 537 536 566 530 529 567 568 532 569 526 530 567 570 525 524 571 528 572 525 570 573 572 574 569 524 526 567 505 510 506 500 499 531 563 501 535 558 563 559 539 558 540 557 539 541 553 552 541 554 551 553 545 547 554 549 546 550 555 549 548 560 555 556 544 560 542 561 543 542 564 562 561 536 538 564 565 537 566 533 565 534 568 533 532 574 568 569 571 572 569 527 528 571 520 519 527 513 515 520 511 514 512 505 511 510 507 506 498 503 496 498 497 507 498 504 509 502 503 502 496 508 516 509 517 523 518 508 517 516 522 521 573 518 523 522 525 573 521 575 576 577 578 579 580 581 582 583 584 585 586 587 588 589 590 591 592 593 594 595 596 597 598 599 600 601 602 603 604 605 606 607 608 609 610 611 612 613 614 615 616 617 618 619 620 621 622 623 624 625 626 627 628 629 630 631 632 633 634 635 636 637 638 639 640 641 640 639 638 642 643 642 638 640 644 645 643 643 642 644 646 645 647 644 647 645 646 648 649 648 646 647 650 651 649 649 648 650 652 651 653 650 653 651 652 654 655 654 652 653 656 657 655 655 654 656 576 657 658 656 658 657 577 576 658 641 632 634 641 639 632 633 636 635 634 633 635 628 627 637 636 628 637 629 631 626 626 631 627 620 630 621 621 630 629 624 622 625 624 620 622 623 614 616 623 625 614 615 618 617 616 615 617 610 609 619 618 610 619 611 613 608 608 613 609 602 612 603 603 612 611 606 604 607 606 602 604 605 596 598 605 607 596 597 600 599 598 597 599 592 591 601 600 592 601 593 595 590 590 595 591 584 594 585 585 594 593 588 586 589 588 584 586 587 578 580 587 589 578 579 581 583 580 579 583 575 577 582 581 575 582 659 660 661 662 663 664 665 666 667 668 669 670 671 672 667 673 674 675 676 675 677 678 676 677 679 680 681 678 682 683 684 685 686 687 688 689 690 682 691 692 693 694 695 696 697 698 664 663 699 700 701 702 703 704 705 706 707 708 709 710 711 712 713 708 713 709 714 715 716 710 714 717 718 711 719 720 704 715 703 721 722 723 719 705 724 725 706 726 698 722 692 694 662 725 727 701 697 728 729 700 699 729 693 692 730 731 695 732 689 693 730 733 688 687 734 691 735 688 733 736 735 737 732 687 689 730 668 673 669 663 662 694 726 664 698 721 726 722 702 721 703 720 702 704 716 715 704 717 714 716 708 710 717 712 709 713 718 712 711 723 718 719 707 723 705 724 706 705 727 725 724 699 701 727 728 700 729 696 728 697 731 696 695 737 731 732 734 735 732 690 691 734 683 682 690 676 678 683 674 677 675 668 674 673 670 669 661 666 659 661 660 670 661 667 672 665 666 665 659 671 679 672 680 686 681 671 680 679 685 684 736 681 686 685 688 736 684 738 739 740 741 742 743 744 745 746 747 748 749 750 751 752 753 754 755 756 757 758 759 760 761 762 763 764 765 766 767 768 769 770 771 772 773 774 775 776 777 778 779 780 781 782 783 784 785 786 787 788 789 790 791 792 793 794 795 796 797 798 799 800 801 802 803 804 803 802 801 805 806 805 801 803 807 808 806 806 805 807 809 808 810 807 810 808 809 811 812 811 809 810 813 814 812 812 811 813 815 814 816 813 816 814 815 817 818 817 815 816 819 820 818 818 817 819 739 820 821 819 821 820 740 739 821 804 795 797 804 802 795 796 799 798 797 796 798 791 790 800 799 791 800 792 794 789 789 794 790 783 793 784 784 793 792 787 785 788 787 783 785 786 777 779 786 788 777 778 781 780 779 778 780 773 772 782 781 773 782 774 776 771 771 776 772 765 775 766 766 775 774 769 767 770 769 765 767 768 759 761 768 770 759 760 763 762 761 760 762 755 754 764 763 755 764 756 758 753 753 758 754 747 757 748 748 757 756 751 749 752 751 747 749 750 741 743 750 752 741 742 744 746 743 742 746 738 740 745 744 738 745 822 823 824 825 826 827 828 829 830 831 832 833 834 835 830 836 837 838 839 838 840 841 839 840 842 843 844 841 845 846 847 848 849 850 851 852 853 845 854 855 856 857 858 859 860 861 827 826 862 863 864 865 866 867 868 869 870 871 872 873 874 875 876 871 876 872 877 878 879 873 877 880 881 874 882 883 867 878 866 884 885 886 882 868 887 888 869 889 861 885 855 857 825 888 890 864 860 891 892 863 862 892 856 855 893 894 858 895 852 856 893 896 851 850 897 854 898 851 896 899 898 900 895 850 852 893 831 836 832 826 825 857 889 827 861 884 889 885 865 884 866 883 865 867 879 878 867 880 877 879 871 873 880 875 872 876 881 875 874 886 881 882 870 886 868 887 869 868 890 888 887 862 864 890 891 863 892 859 891 860 894 859 858 900 894 895 897 898 895 853 854 897 846 845 853 839 841 846 837 840 838 831 837 836 833 832 824 829 822 824 823 833 824 830 835 828 829 828 822 834 842 835 843 849 844 834 843 842 848 847 899 844 849 848 851 899 847 901 902 903 904 905 906 903 907 908 908 901 903 909 910 907 908 907 910 911 909 912 909 911 910 913 912 914 913 911 912 915 916 917 914 918 919 920 921 922 923 924 925 926 920 927 926 921 920 913 914 919 928 929 922 927 924 926 928 922 921 924 927 925 923 917 916 917 923 925 930 929 928 915 931 916 932 931 933 915 933 931 932 934 935 934 932 933 918 929 930 935 934 936 930 919 918 902 901 937 902 938 939 938 902 937 940 941 939 939 938 940 942 941 943 940 943 941 944 945 942 944 942 943 946 947 945 942 945 947 948 946 949 946 948 947 949 950 951 951 948 949 952 953 950 951 950 953 953 954 955 954 953 952 956 957 955 955 954 956 958 957 959 956 959 957 960 961 958 960 958 959 906 905 961 958 961 905 962 963 964 965 966 967 968 969 970 971 972 962 973 974 975 976 977 978 979 980 981 979 982 983 984 985 981 981 980 984 986 985 987 984 987 985 986 935 936 935 986 987 974 983 982 979 983 980 978 973 975 975 974 982 968 977 976 977 973 978 970 969 972 968 976 969 971 962 964 970 972 971 963 965 967 964 963 967 904 906 966 965 904 966 988 989 990 991 992 993 994 995 989 994 989 988 996 997 989 996 989 995 998 999 989 998 989 997 1000 1001 989 1000 989 999 1002 1003 1004 1005 1006 1007 993 1008 1009 991 993 1009 1010 1011 993 993 1011 1008 1012 993 1013 1012 1010 993 1014 1015 1016 1017 993 1014 1018 1007 1006 1019 1020 1007 1021 1007 1020 1007 1018 1022 1021 1005 1007 1023 1024 1025 1007 1022 1026 1027 1002 1004 1028 1029 1030 993 1017 1013 1031 1032 1033 1034 1035 1036 1004 1003 1037 1038 1035 1039 1035 1034 1039 1040 1035 1041 1035 1038 1041 1042 1035 1043 1035 1040 1043 1044 1035 1045 1035 1042 1045 1001 1046 1047 1031 1048 1032 1049 1050 1051 1052 1001 1033 1031 1033 1001 1053 1001 1054 1001 1052 1054 1055 1001 1056 1001 1053 1056 1001 1057 1046 1001 1055 1057 1051 1002 1027 1058 1059 1060 1049 1051 1027 1017 1061 1062 1063 1064 1065 1066 1050 1049 1067 1068 1069 1067 1069 1066 1070 1071 1072 1072 1068 1067 1073 1074 1075 1015 1076 1077 1078 1079 1080 1016 1015 1077 1081 1082 1083 1016 1017 1014 1084 1085 1007 1013 1017 1062 1086 1031 1061 1062 1061 1031 1087 1031 1088 1031 1086 1088 1089 1031 1090 1031 1087 1090 1091 1031 1092 1031 1089 1092 1093 1031 1094 1031 1091 1094 1048 1031 1093 1095 1096 1097 1069 1050 1066 1098 1099 1083 1060 1037 1100 1003 1100 1037 1059 1058 1101 1060 1100 1058 1101 1102 1047 1047 1059 1101 1102 1064 1001 1102 1001 1047 1103 1095 1097 1104 1082 1081 1081 1083 1099 1105 1106 1104 1082 1104 1106 1105 1107 1108 1108 1106 1105 1076 1109 1077 1110 1111 1112 1113 1107 1114 1115 1116 1117 1118 1119 1120 1121 1122 1123 1115 1124 1116 1124 1125 1126 1116 1124 1126 1085 1126 1125 1127 993 1128 1129 1130 1131 993 1127 1014 1109 1132 1079 1132 1109 1076 1080 1075 1078 1132 1080 1079 1074 1073 1070 1078 1075 1074 1072 1071 1068 1070 1073 1071 1035 989 1133 1099 1098 1134 1135 1136 1137 1063 989 1001 1096 1095 1134 1134 1098 1096 1103 1097 1138 1138 1065 1139 1139 1103 1138 1001 1064 1063 1065 1064 1139 1063 1133 989 1140 1141 1142 1133 1143 1035 1136 1135 1144 1145 1137 1121 1137 1145 1135 1146 1123 1122 1143 1133 1147 1148 1149 1150 1150 1146 1122 1151 1152 1153 1154 1115 1117 1155 1130 1156 1157 1158 1159 1128 1085 1125 1130 1155 1131 1160 1161 1162 1131 1163 1129 1164 1165 1166 1167 1129 1163 1128 993 1085 1007 1085 993 1154 1168 1119 1168 1154 1117 1120 1110 1118 1168 1120 1119 1112 1111 1114 1118 1110 1112 1107 1113 1108 1114 1111 1113 1169 1170 1171 1145 1121 1123 1172 1173 1144 1136 1144 1173 1172 1141 1140 1140 1173 1172 1174 1142 1141 1175 1174 1147 1174 1175 1142 1175 1147 1133 1143 1036 1035 1176 1177 1178 1036 1143 1179 1180 1169 1171 1181 1180 1182 1183 1177 1184 1169 1185 1170 1186 1187 1188 1187 1186 1185 1189 1190 1191 1187 1160 1188 1155 1156 1192 1164 1166 1193 1023 1194 1195 1196 1166 1165 1197 1024 1023 1084 1167 1163 1023 1025 1198 1023 1199 1197 1084 1007 1167 1007 1200 1201 1007 1201 1167 1192 1202 1158 1202 1192 1156 1159 1151 1157 1202 1159 1158 1153 1152 1148 1157 1151 1153 1150 1149 1146 1148 1152 1149 1182 1180 1171 1170 1185 1186 1036 1203 1023 1181 1182 1204 1183 1184 1204 1184 1181 1204 1205 1176 1178 1178 1177 1183 1179 1205 1206 1205 1179 1176 1179 1206 1036 1207 1036 1208 1036 1206 1208 1209 1036 1210 1036 1207 1210 1211 1036 1212 1036 1209 1212 1036 1213 1203 1036 1211 1213 1214 1023 1215 1023 1203 1215 1216 1023 1217 1023 1214 1217 1164 1193 1218 1023 1216 1194 1196 1165 1200 1219 1023 1220 1023 1195 1220 1196 1200 1007 1023 1219 1199 1196 1198 1025 1026 1196 1007 1196 1026 1198 1218 1221 1030 1221 1218 1193 1028 1191 1029 1221 1028 1030 1190 1189 1161 1029 1191 1190 1160 1162 1188 1161 1189 1162 1222 1223 1224 1222 1225 1223 1226 1227 1228 1226 1228 1229 1230 1231 1232 1231 1230 1233 1234 1235 1236 1230 1237 1238 1233 1230 1238 1230 1239 1240 1237 1230 1240 1230 1241 1242 1239 1230 1242 1243 1244 1245 1241 1230 1243 1246 1247 1248 1247 1245 1244 1248 1235 1249 1249 1246 1248 1249 1235 1234 1250 1235 1251 1250 1236 1235 1252 1235 1253 1252 1251 1235 1254 1235 1255 1254 1253 1235 1256 1255 1235 1248 1247 1244 1230 1244 1243 1257 1258 1259 1258 1257 1260 1261 1262 1263 1257 1264 1265 1260 1257 1265 1257 1266 1267 1264 1257 1267 1257 1268 1269 1266 1257 1269 1270 1271 1272 1268 1257 1270 1273 1274 1275 1274 1272 1271 1275 1262 1276 1276 1273 1275 1276 1262 1261 1277 1262 1278 1277 1263 1262 1279 1262 1280 1279 1278 1262 1281 1262 1282 1281 1280 1262 1283 1282 1262 1275 1274 1271 1257 1271 1270 1284 1285 1286 1287 1288 1289 1290 1291 1292 1292 1293 1294 1295 1296 1297 1298 1299 1300 1301 1302 1303 1304 1305 1306 1307 1308 1309 1310 1311 1312 1313 1314 1315 1316 1317 1318 1319 1320 1321 1322 1323 1324 1318 1325 1326 1323 1327 1324 1328 1329 1330 1328 1330 1331 1322 1332 1325 1333 1331 1334 1333 1335 1336 1333 1334 1335 1337 1336 1335 1333 1328 1331 1338 1337 1339 1340 1330 1329 1337 1338 1336 1323 1338 1327 1327 1338 1339 1341 1342 1343 1343 1329 1341 1344 1345 1346 1342 1347 1346 1348 1349 1350 1351 1352 1353 1349 1354 1355 1356 1357 1354 1355 1354 1357 1358 1359 1360 1356 1359 1357 1361 1362 1363 1360 1363 1362 1364 1287 1289 1363 1365 1361 1364 1365 1287 1361 1365 1364 1360 1362 1358 1360 1359 1356 1348 1354 1349 1352 1366 1350 1348 1350 1366 1367 1351 1353 1352 1351 1366 1367 1345 1368 1368 1351 1367 1344 1346 1347 1368 1345 1344 1343 1340 1329 1347 1342 1341 1326 1325 1332 1324 1332 1322 1316 1318 1369 1326 1369 1318 1321 1317 1319 1319 1317 1316 1311 1320 1312 1311 1321 1320 1310 1315 1314 1310 1312 1315 1313 1305 1304 1314 1313 1304 1308 1307 1306 1305 1308 1306 1298 1300 1309 1309 1300 1307 1303 1299 1301 1301 1299 1298 1296 1302 1297 1296 1303 1302 1295 1291 1290 1295 1297 1291 1286 1294 1293 1290 1292 1294 1284 1288 1285 1293 1284 1286 1287 1285 1288 1370 1371 1372 1373 1374 1375 1376 1377 1378 1379 1380 1381 1382 1383 1384 1385 1386 1387 1388 1387 1389 1390 1391 1384 1376 1392 1393 1393 1394 1389 1379 1395 1396 1383 1397 1395 1398 1371 1399 1398 1400 1377 1401 1402 1381 1370 1372 1403 1404 1405 1402 1403 1406 1407 1408 1409 1405 1407 1410 1411 1411 1412 1413 1414 1415 1416 1417 1418 1419 1420 1421 1422 1423 1419 1424 1425 1426 1427 1428 1429 1430 1431 1428 1432 1423 1433 1434 1435 1436 1437 1373 1375 1409 1435 1431 1432 1435 1432 1436 1438 1434 1439 1440 1441 1438 1428 1430 1432 1442 1443 1444 1417 1413 1445 1441 1440 1437 1441 1437 1436 1438 1439 1440 1434 1433 1439 1423 1424 1433 1419 1418 1424 1417 1445 1418 1413 1412 1445 1411 1410 1412 1407 1406 1410 1403 1372 1406 1399 1371 1370 1400 1398 1399 1378 1377 1400 1392 1376 1378 1394 1393 1392 1388 1389 1394 1385 1387 1388 1446 1386 1385 1391 1390 1446 1390 1386 1446 1382 1384 1391 1397 1383 1382 1396 1395 1397 1380 1379 1396 1401 1381 1380 1404 1402 1401 1408 1405 1404 1373 1409 1408 1414 1375 1374 1422 1416 1415 1415 1414 1374 1420 1443 1421 1422 1421 1416 1444 1427 1442 1420 1444 1443 1426 1425 1429 1442 1427 1426 1430 1429 1425 1447 1448 1449 1450 1451 1452 1453 1454 1455 1456 1449 1453 1457 1458 1459 1454 1459 1458 1460 1461 1462 1463 1457 1462 1464 1465 1466 1460 1466 1461 1467 1468 1469 1470 1464 1469 1471 1472 1473 1474 1475 1476 1473 1477 1478 1479 1480 1481 1482 1483 1484 1485 1478 1477 1486 1487 1485 1488 1489 1490 1489 1491 1492 1493 1494 1495 1493 1490 1494 1496 1497 1498 1496 1499 1495 1471 1500 1472 1472 1500 1501 1502 1503 1487 1504 1505 1506 1486 1502 1487 1480 1507 1481 1508 1480 1479 1507 1506 1481 1509 1510 1508 1508 1479 1509 1510 1509 1511 1506 1507 1504 1512 1513 1514 1512 1510 1511 1482 1450 1515 1484 1483 1514 1513 1484 1514 1483 1482 1515 1515 1450 1452 1513 1512 1511 1503 1505 1504 1485 1477 1486 1505 1503 1502 1478 1471 1473 1491 1501 1492 1492 1501 1500 1490 1493 1488 1491 1489 1488 1496 1498 1499 1499 1493 1495 1516 1497 1517 1498 1497 1516 1517 1518 1519 1519 1516 1517 1520 1519 1521 1518 1521 1519 1520 1522 1523 1522 1520 1521 1524 1523 1525 1523 1522 1525 1526 1524 1527 1524 1526 1523 1527 1528 1529 1529 1526 1527 1530 1529 1531 1528 1531 1529 1530 1474 1476 1474 1530 1531 1532 1475 1468 1532 1476 1475 1467 1469 1464 1532 1468 1467 1466 1465 1461 1470 1465 1464 1458 1457 1463 1460 1462 1457 1456 1453 1455 1459 1454 1453 1448 1447 1451 1456 1447 1449 1450 1448 1451 1533 1534 1535 1536 1537 1538 1539 1540 1541 1542 1543 1544 1545 1546 1547 1548 1549 1550 1551 1550 1552 1553 1554 1547 1539 1555 1556 1556 1557 1552 1542 1558 1559 1546 1560 1558 1561 1534 1562 1561 1563 1540 1564 1565 1544 1533 1535 1566 1567 1568 1565 1566 1569 1570 1571 1572 1568 1570 1573 1574 1574 1575 1576 1577 1578 1579 1580 1581 1582 1583 1584 1585 1586 1582 1587 1588 1589 1590 1591 1592 1593 1594 1591 1595 1586 1596 1597 1598 1599 1600 1536 1538 1572 1598 1594 1595 1598 1595 1599 1601 1597 1602 1603 1604 1601 1591 1593 1595 1605 1606 1607 1580 1576 1608 1604 1603 1600 1604 1600 1599 1601 1602 1603 1597 1596 1602 1586 1587 1596 1582 1581 1587 1580 1608 1581 1576 1575 1608 1574 1573 1575 1570 1569 1573 1566 1535 1569 1562 1534 1533 1563 1561 1562 1541 1540 1563 1555 1539 1541 1557 1556 1555 1551 1552 1557 1548 1550 1551 1609 1549 1548 1554 1553 1609 1553 1549 1609 1545 1547 1554 1560 1546 1545 1559 1558 1560 1543 1542 1559 1564 1544 1543 1567 1565 1564 1571 1568 1567 1536 1572 1571 1577 1538 1537 1585 1579 1578 1578 1577 1537 1583 1606 1584 1585 1584 1579 1607 1590 1605 1583 1607 1606 1589 1588 1592 1605 1590 1589 1593 1592 1588 1610 1611 1612 1610 1613 1614 1615 1614 1613 1613 1610 1612 1616 1617 1618 1616 1615 1613 1619 1620 1617 1620 1618 1617 1615 1616 1618 1621 1622 1614 1610 1614 1622 1622 1621 1623 1624 1625 1626 1627 1628 1625 1629 1630 1631 1630 1632 1631 1629 1633 1634 1625 1628 1626 1633 1624 1626 1635 1636 1637 1633 1629 1624 1635 1630 1634 1630 1629 1634 1635 1634 1636 1638 1639 1640 1640 1641 1642 1641 1640 1643 1644 1640 1645 1646 1640 1644 1646 1647 1648 1643 1640 1649 1650 1651 1640 1640 1651 1652 1640 1652 1638 1650 1640 1642 1648 1649 1646 1640 1646 1649 1647 1653 1654 1654 1648 1647 1655 1656 1653 1654 1653 1656 1655 1657 1656 1658 1659 1660 1658 1660 1661 1662 1663 1664 1663 1662 1665 1666 1667 1668 1669 1670 1666 1666 1671 1669 1671 1666 1668 1672 1669 1671 1672 1671 1673 1674 1675 1676 1677 1675 1674 1675 1677 1678 1674 1676 1679 1680 1681 1682 1683 1684 1685 1686 1687 1688 1681 1680 1689 1680 1682 1690 1680 1691 1692 1689 1680 1692 1693 1694 1695 1691 1680 1696 1697 1698 1699 1700 1701 1702 1703 1704 1705 1705 1704 1706 1707 1708 1709 1710 1711 1712 1713 1714 1715 1712 1711 1716 1717 1718 1719 1720 1716 1711 1721 1722 1723 1723 1722 1724 1725 1726 1727 1728 1709 1708 1722 1721 1729 1719 1718 1728 1730 1731 1732 1720 1733 1686 1734 1687 1735 1734 1688 1687 1735 1687 1736 1736 1687 1737 1738 1739 1740 1741 1742 1743 1744 1745 1746 1746 1745 1747 1748 1749 1746 1746 1749 1744 1746 1750 1748 1712 1751 1710 1752 1741 1743 1698 1753 1699 1754 1755 1756 1743 1742 1739 1757 1758 1759 1753 1757 1759 1760 1706 1761 1739 1742 1740 1740 1762 1738 1758 1763 1764 1762 1765 1738 1697 1766 1698 1754 1767 1680 1768 1769 1765 1770 1754 1771 1770 1772 1754 1694 1769 1768 1754 1773 1774 1771 1754 1774 1773 1754 1756 1741 1752 1775 1776 1777 1778 1779 1780 1781 1762 1768 1765 1695 1782 1693 1694 1693 1769 1782 1783 1784 1783 1782 1695 1696 1785 1784 1784 1783 1696 1786 1785 1680 1696 1680 1785 1680 1787 1786 1788 1789 1790 1791 1766 1697 1703 1792 1793 1791 1794 1766 1795 1794 1791 1796 1794 1795 1797 1798 1799 1800 1801 1802 1751 1700 1702 1686 1716 1720 1729 1721 1803 1804 1805 1806 1807 1808 1809 1810 1811 1812 1813 1814 1806 1731 1815 1732 1807 1816 1808 1750 1817 1818 1819 1820 1821 1686 1733 1687 1687 1733 1822 1702 1710 1751 1823 1701 1700 1823 1683 1824 1824 1701 1823 1685 1684 1778 1824 1683 1685 1776 1775 1777 1684 1776 1778 1752 1777 1775 1825 1826 1796 1761 1827 1828 1829 1793 1792 1753 1759 1699 1828 1760 1761 1829 1792 1830 1789 1764 1763 1763 1758 1757 1781 1788 1790 1788 1764 1789 1780 1779 1787 1781 1790 1779 1680 1831 1787 1780 1787 1831 1680 1767 1831 1832 1833 1834 1835 1715 1836 1837 1835 1836 1838 1827 1839 1838 1828 1827 1838 1839 1840 1841 1842 1843 1808 1844 1809 1845 1846 1724 1847 1729 1803 1730 1848 1849 1848 1814 1813 1803 1850 1847 1725 1732 1815 1725 1815 1726 1822 1847 1850 1726 1821 1727 1820 1819 1851 1820 1727 1821 1687 1850 1746 1852 1746 1850 1822 1850 1687 1846 1723 1724 1845 1800 1853 1853 1846 1845 1802 1801 1799 1853 1800 1802 1797 1826 1798 1801 1797 1799 1796 1795 1825 1826 1825 1798 1854 1855 1840 1804 1707 1856 1772 1835 1837 1705 1706 1760 1837 1857 1772 1857 1754 1772 1793 1704 1703 1832 1829 1830 1717 1714 1713 1834 1833 1858 1832 1830 1833 1767 1859 1858 1834 1858 1859 1754 1860 1767 1767 1860 1859 1754 1857 1861 1754 1861 1860 1714 1836 1715 1718 1717 1713 1708 1719 1728 1804 1856 1805 1707 1709 1856 1806 1805 1813 1813 1849 1848 1731 1730 1849 1844 1862 1863 1807 1864 1816 1865 1816 1864 1864 1866 1865 1818 1851 1819 1866 1852 1865 1817 1851 1818 1746 1867 1750 1817 1750 1867 1852 1866 1746 1746 1866 1867 1863 1809 1844 1862 1811 1868 1868 1863 1862 1810 1812 1842 1868 1811 1810 1843 1855 1841 1812 1843 1842 1840 1839 1854 1855 1854 1841 1869 1870 1871 1872 1873 1874 1872 1875 1876 1877 1878 1872 1872 1878 1879 1880 1881 1872 1872 1881 1877 1882 1883 1872 1872 1883 1880 1872 1876 1884 1872 1884 1882 1885 1886 1887 1888 1875 1889 1872 1889 1875 1890 1891 1892 1893 1894 1889 1889 1894 1888 1895 1889 1896 1897 1898 1889 1889 1898 1893 1899 1900 1889 1889 1900 1897 1901 1902 1889 1889 1902 1899 1889 1895 1901 1889 1903 1896 1904 1905 1906 1907 1908 1909 1906 1910 1911 1911 1904 1906 1903 1912 1913 1911 1910 1914 1915 1916 1917 1917 1914 1915 1918 1919 1916 1917 1916 1919 1920 1918 1873 1918 1920 1919 1873 1921 1874 1872 1920 1873 1879 1920 1872 1904 1922 1905 1910 1915 1914 1896 1923 1924 1909 1922 1907 1922 1909 1905 1925 1908 1907 1925 1886 1885 1885 1908 1925 1887 1886 1871 1870 1869 1926 1887 1871 1870 1891 1926 1927 1869 1927 1926 1928 1890 1892 1892 1891 1927 1928 1924 1929 1929 1890 1928 1929 1924 1923 1930 1923 1903 1896 1903 1923 1931 1932 1903 1903 1913 1930 1933 1934 1903 1903 1934 1912 1935 1936 1903 1903 1936 1933 1937 1938 1903 1903 1938 1935 1903 1932 1937 1939 1931 1874 1903 1874 1931 1940 1941 1874 1874 1941 1939 1942 1943 1874 1874 1943 1940 1944 1945 1874 1874 1945 1942 1921 1946 1874 1874 1946 1944 1947 1948 1949 1947 1950 1948 1951 1952 1953 1952 1951 1954 1955 1956 1957 1958 1959 1960 1961 1956 1962 1955 1962 1956 1961 1963 1964 1963 1961 1962 1965 1966 1964 1964 1963 1965 1967 1966 1968 1965 1968 1966 1967 1969 1970 1969 1967 1968 1971 1972 1970 1970 1969 1971 1973 1972 1974 1971 1974 1972 1973 1975 1976 1975 1973 1974 1976 1975 1977 1976 1977 1978 1957 1979 1955 1979 1980 1981 1980 1979 1957 1982 1983 1981 1981 1980 1982 1984 1983 1985 1982 1985 1983 1984 1986 1987 1986 1984 1985 1988 1989 1987 1987 1986 1988 1990 1989 1991 1988 1991 1989 1990 1992 1993 1992 1990 1991 1994 1959 1993 1993 1992 1994 1994 1960 1959 1995 1996 1997 1998 1999 2000 2001 2002 2003 2004 2005 2006 2007 2008 2009 2010 2011 2012 2013 2014 2015 2016 2017 2018 2019 2020 2021 2022 2021 2023 2024 2019 2025 2019 2024 2020 2025 2026 2027 2027 2024 2025 2028 2029 2026 2027 2026 2029 1977 2028 1978 2028 1977 2029 2022 2023 2013 2021 2020 2023 2015 2014 2016 2022 2013 2015 2017 2009 2018 2014 2017 2016 2007 2012 2008 2009 2008 2018 2002 2011 2010 2010 2012 2007 2005 2001 2003 2001 2011 2002 2004 2006 1995 2005 2003 2006 1997 1996 2000 2004 1995 1997 1998 1958 1999 1996 1998 2000 1960 1999 1958 2030 2031 2032 2033 2034 2035 2036 2031 2037 2030 2037 2031 2036 2038 2039 2038 2036 2037 2040 2041 2039 2039 2038 2040 2042 2041 2043 2040 2043 2041 2042 2044 2045 2044 2042 2043 2046 2047 2045 2045 2044 2046 2048 2047 2049 2046 2049 2047 2048 2050 2051 2050 2048 2049 2051 2050 2052 2051 2052 2053 2032 2054 2030 2054 2055 2056 2055 2054 2032 2057 2058 2056 2056 2055 2057 2059 2058 2060 2057 2060 2058 2059 2061 2062 2061 2059 2060 2063 2064 2062 2062 2061 2063 2065 2064 2066 2063 2066 2064 2065 2067 2068 2067 2065 2066 2069 2034 2068 2068 2067 2069 2069 2035 2034 2070 2071 2072 2073 2074 2075 2076 2077 2078 2079 2080 2081 2082 2083 2084 2085 2086 2087 2088 2089 2090 2091 2092 2093 2094 2095 2096 2097 2096 2098 2099 2094 2100 2094 2099 2095 2100 2101 2102 2102 2099 2100 2103 2104 2101 2102 2101 2104 2052 2103 2053 2103 2052 2104 2097 2098 2088 2096 2095 2098 2090 2089 2091 2097 2088 2090 2092 2084 2093 2089 2092 2091 2082 2087 2083 2084 2083 2093 2077 2086 2085 2085 2087 2082 2080 2076 2078 2076 2086 2077 2079 2081 2070 2080 2078 2081 2072 2071 2075 2079 2070 2072 2073 2033 2074 2071 2073 2075 2035 2074 2033 2105 2106 2107 2108 2109 2110 2111 2112 2113 2114 2105 2115 2107 2115 2105 2109 2116 2110 2117 2118 2119 2117 2108 2118 2109 2108 2117 2117 2120 2121 2119 2120 2117 2122 2111 2121 2117 2121 2111 2123 2111 2124 2111 2122 2124 2113 2125 2111 2111 2123 2112 2126 2114 2115 2125 2107 2111 2127 2114 2126 2128 2106 2129 2106 2105 2129 2130 2106 2131 2132 2106 2128 2106 2133 2134 2106 2130 2133 2106 2134 2135 2136 2137 2135 2136 2135 2134 2138 2139 2135 2137 2140 2135 2139 2138 2141 2141 2142 2139 2135 2140 2138 2131 2106 2132 2111 2107 2106 2143 2144 2145 2146 2147 2148 2144 2143 2149 2147 2146 2150 2151 2152 2148 2148 2152 2146 2147 2150 2153 2153 2149 2154 2149 2153 2150 2143 2155 2154 2154 2149 2143 2143 2156 2157 2155 2143 2157 2143 2158 2159 2156 2143 2159 2143 2160 2161 2158 2143 2161 2160 2143 2162 2163 2164 2165 2166 2167 2168 2169 2170 2171 2172 2173 2174 2175 2176 2177 2178 2179 2180 2181 2182 2183 2184 2185 2186 2187 2188 2189 2190 2191 2192 2193 2194 2195 2196 2197 2198 2199 2200 2201 2202 2203 2204 2205 2206 2207 2208 2209 2210 2211 2212 2213 2214 2215 2216 2217 2218 2219 2220 2221 2222 2222 2216 2220 2223 2224 2221 2222 2221 2224 2225 2223 2226 2223 2225 2224 2226 2227 2228 2228 2225 2226 2229 2230 2227 2228 2227 2230 2231 2229 2232 2229 2231 2230 2232 2233 2234 2234 2231 2232 2235 2236 2233 2234 2233 2236 2237 2235 2165 2235 2237 2236 2164 2237 2165 2219 2215 2214 2216 2215 2220 2209 2218 2217 2217 2219 2214 2212 2208 2210 2208 2218 2209 2211 2213 2202 2212 2210 2213 2204 2203 2205 2211 2202 2204 2206 2198 2207 2203 2206 2205 2196 2201 2197 2198 2197 2207 2191 2200 2199 2199 2201 2196 2194 2190 2192 2190 2200 2191 2193 2195 2184 2194 2192 2195 2186 2185 2187 2193 2184 2186 2188 2180 2189 2185 2188 2187 2178 2183 2179 2180 2179 2189 2173 2182 2181 2181 2183 2178 2176 2172 2174 2172 2182 2173 2175 2177 2166 2176 2174 2177 2168 2167 2171 2175 2166 2168 2169 2163 2170 2167 2169 2171 2165 2170 2163 2238 2239 2240 2241 2242 2243 2244 2245 2246 2247 2248 2249 2250 2251 2252 2253 2254 2255 2256 2257 2258 2259 2260 2261 2262 2263 2264 2265 2266 2267 2268 2269 2270 2271 2272 2273 2274 2275 2276 2277 2278 2279 2280 2281 2282 2283 2284 2285 2286 2287 2288 2289 2290 2291 2292 2293 2294 2295 2296 2297 2297 2291 2295 2298 2299 2296 2297 2296 2299 2300 2298 2301 2298 2300 2299 2301 2302 2303 2303 2300 2301 2304 2305 2302 2303 2302 2305 2306 2304 2307 2304 2306 2305 2307 2308 2309 2309 2306 2307 2310 2311 2308 2309 2308 2311 2312 2310 2240 2310 2312 2311 2239 2312 2240 2294 2290 2289 2291 2290 2295 2284 2293 2292 2292 2294 2289 2287 2283 2285 2283 2293 2284 2286 2288 2277 2287 2285 2288 2279 2278 2280 2286 2277 2279 2281 2273 2282 2278 2281 2280 2271 2276 2272 2273 2272 2282 2266 2275 2274 2274 2276 2271 2269 2265 2267 2265 2275 2266 2268 2270 2259 2269 2267 2270 2261 2260 2262 2268 2259 2261 2263 2255 2264 2260 2263 2262 2253 2258 2254 2255 2254 2264 2248 2257 2256 2256 2258 2253 2251 2247 2249 2247 2257 2248 2250 2252 2241 2251 2249 2252 2243 2242 2246 2250 2241 2243 2244 2238 2245 2242 2244 2246 2240 2245 2238 2313 2314 2315 2316 2317 2318 2319 2320 2321 2322 2323 2324 2325 2326 2327 2328 2329 2330 2331 2332 2333 2334 2335 2336 2337 2338 2339 2340 2341 2342 2343 2344 2345 2346 2347 2348 2349 2350 2351 2352 2353 2354 2355 2356 2357 2358 2359 2360 2361 2362 2363 2364 2365 2366 2367 2368 2369 2370 2371 2372 2372 2366 2370 2373 2374 2371 2372 2371 2374 2375 2373 2376 2373 2375 2374 2376 2377 2378 2378 2375 2376 2379 2380 2377 2378 2377 2380 2381 2379 2382 2379 2381 2380 2382 2383 2384 2384 2381 2382 2385 2386 2383 2384 2383 2386 2387 2385 2315 2385 2387 2386 2314 2387 2315 2369 2365 2364 2366 2365 2370 2359 2368 2367 2367 2369 2364 2362 2358 2360 2358 2368 2359 2361 2363 2352 2362 2360 2363 2354 2353 2355 2361 2352 2354 2356 2348 2357 2353 2356 2355 2346 2351 2347 2348 2347 2357 2341 2350 2349 2349 2351 2346 2344 2340 2342 2340 2350 2341 2343 2345 2334 2344 2342 2345 2336 2335 2337 2343 2334 2336 2338 2330 2339 2335 2338 2337 2328 2333 2329 2330 2329 2339 2323 2332 2331 2331 2333 2328 2326 2322 2324 2322 2332 2323 2325 2327 2316 2326 2324 2327 2318 2317 2321 2325 2316 2318 2319 2313 2320 2317 2319 2321 2315 2320 2313 2388 2389 2390 2391 2392 2393 2394 2395 2396 2397 2398 2399 2400 2401 2402 2403 2404 2405 2406 2407 2408 2409 2410 2411 2412 2413 2414 2415 2416 2417 2418 2419 2420 2421 2422 2423 2424 2425 2426 2427 2428 2429 2430 2431 2432 2433 2434 2435 2436 2437 2438 2439 2440 2441 2442 2443 2444 2445 2446 2447 2447 2441 2445 2448 2449 2446 2447 2446 2449 2450 2448 2451 2448 2450 2449 2451 2452 2453 2453 2450 2451 2454 2455 2452 2453 2452 2455 2456 2454 2457 2454 2456 2455 2457 2458 2459 2459 2456 2457 2460 2461 2458 2459 2458 2461 2462 2460 2390 2460 2462 2461 2389 2462 2390 2444 2440 2439 2441 2440 2445 2434 2443 2442 2442 2444 2439 2437 2433 2435 2433 2443 2434 2436 2438 2427 2437 2435 2438 2429 2428 2430 2436 2427 2429 2431 2423 2432 2428 2431 2430 2421 2426 2422 2423 2422 2432 2416 2425 2424 2424 2426 2421 2419 2415 2417 2415 2425 2416 2418 2420 2409 2419 2417 2420 2411 2410 2412 2418 2409 2411 2413 2405 2414 2410 2413 2412 2403 2408 2404 2405 2404 2414 2398 2407 2406 2406 2408 2403 2401 2397 2399 2397 2407 2398 2400 2402 2391 2401 2399 2402 2393 2392 2396 2400 2391 2393 2394 2388 2395 2392 2394 2396 2390 2395 2388 2463 2464 2465 2466 2467 2468 2469 2470 2471 2472 2473 2474 2475 2476 2477 2478 2479 2480 2481 2482 2483 2484 2485 2486 2487 2488 2489 2490 2491 2492 2493 2494 2495 2496 2497 2498 2499 2500 2501 2502 2503 2504 2505 2506 2507 2508 2509 2510 2511 2512 2513 2514 2515 2516 2517 2518 2519 2520 2521 2522 2522 2516 2520 2523 2524 2521 2522 2521 2524 2525 2523 2526 2523 2525 2524 2526 2527 2528 2528 2525 2526 2529 2530 2527 2528 2527 2530 2531 2529 2532 2529 2531 2530 2532 2533 2534 2534 2531 2532 2535 2536 2533 2534 2533 2536 2537 2535 2465 2535 2537 2536 2464 2537 2465 2519 2515 2514 2516 2515 2520 2509 2518 2517 2517 2519 2514 2512 2508 2510 2508 2518 2509 2511 2513 2502 2512 2510 2513 2504 2503 2505 2511 2502 2504 2506 2498 2507 2503 2506 2505 2496 2501 2497 2498 2497 2507 2491 2500 2499 2499 2501 2496 2494 2490 2492 2490 2500 2491 2493 2495 2484 2494 2492 2495 2486 2485 2487 2493 2484 2486 2488 2480 2489 2485 2488 2487 2478 2483 2479 2480 2479 2489 2473 2482 2481 2481 2483 2478 2476 2472 2474 2472 2482 2473 2475 2477 2466 2476 2474 2477 2468 2467 2471 2475 2466 2468 2469 2463 2470 2467 2469 2471 2465 2470 2463</p>
        </triangles>
      </mesh>
    </geometry>
  </library_geometries>

  <library_visual_scenes>
    <visual_scene id="ID1">
      <node id="ID2">
        <instance_geometry url="#ID3">
          <bind_material>
            <technique_common>
              <instance_material symbol="ID9" target="#ID9"/>
            </technique_common>
          </bind_material>
        </instance_geometry>
      </node>
    </visual_scene>
  </library_visual_scenes>

  <scene>
    <instance_visual_scene url="#ID1"/>
  </scene>

  <library_nodes/>

</COLLADA>
